date,open,high,low,close,volume
2016-08-29,14.600000381469727,14.720000267028809,14.600000381469727,14.65999984741211,13776248.0
2016-08-30,14.640000343322754,14.75,14.640000343322754,14.670000076293945,13543417.0
2016-08-31,14.680000305175781,14.729999542236328,14.5600004196167,14.680000305175781,13783841.0
2016-09-01,14.680000305175781,14.930000305175781,14.619999885559082,14.779999732971191,27473180.0
2016-09-02,14.729999542236328,14.819999694824219,14.630000114440918,14.670000076293945,14381094.0
2016-09-05,14.710000038146973,14.859999656677246,14.680000305175781,14.710000038146973,15787574.0
2016-09-06,14.699999809265137,14.970000267028809,14.59000015258789,14.9399995803833,26428832.0
2016-09-07,14.979999542236328,15.140000343322754,14.890000343322754,15.010000228881836,37024513.0
2016-09-08,15.0,15.149999618530273,14.930000305175781,15.109999656677246,38657842.0
2016-09-09,15.130000114440918,15.170000076293945,14.850000381469727,14.859999656677246,30348075.0
2016-09-12,14.600000381469727,14.720000267028809,14.479999542236328,14.489999771118164,37197425.0
2016-09-13,14.579999923706055,14.649999618530273,14.510000228881836,14.600000381469727,14516173.0
2016-09-14,14.550000190734863,14.579999923706055,14.479999542236328,14.5,14545880.0
2016-09-19,14.600000381469727,14.699999809265137,14.569999694824219,14.699999809265137,14669833.0
2016-09-20,14.720000267028809,14.880000114440918,14.65999984741211,14.760000228881836,14727282.0
2016-09-21,14.75,14.880000114440918,14.6899995803833,14.800000190734863,13700861.0
2016-09-22,14.899999618530273,14.920000076293945,14.739999771118164,14.850000381469727,25251888.0
2016-09-23,14.850000381469727,14.880000114440918,14.649999618530273,14.75,17635857.0
2016-09-26,14.75,14.829999923706055,14.520000457763672,14.520000457763672,14345715.0
2016-09-27,14.529999732971191,14.699999809265137,14.329999923706055,14.6899995803833,20621355.0
2016-09-28,14.649999618530273,14.710000038146973,14.5600004196167,14.699999809265137,11423888.0
2016-09-29,14.720000267028809,14.819999694824219,14.6899995803833,14.710000038146973,12449800.0
2016-09-30,14.699999809265137,14.850000381469727,14.680000305175781,14.779999732971191,13969526.0
2016-10-10,14.930000305175781,15.149999618530273,14.920000076293945,15.09000015258789,37937749.0
2016-10-11,15.100000381469727,15.279999732971191,15.050000190734863,15.119999885559082,35308826.0
2016-10-12,15.029999732971191,15.0600004196167,14.949999809265137,15.0,17449173.0
2016-10-13,14.989999771118164,15.0600004196167,14.869999885559082,14.9399995803833,15608109.0
2016-10-14,14.899999618530273,15.029999732971191,14.779999732971191,14.989999771118164,17297071.0
2016-10-17,15.0,15.010000228881836,14.729999542236328,14.729999542236328,16109617.0
2016-10-18,14.760000228881836,14.979999542236328,14.710000038146973,14.979999542236328,17693731.0
2016-10-19,15.0,15.130000114440918,14.899999618530273,14.920000076293945,20850992.0
2016-10-20,14.90999984741211,14.9399995803833,14.800000190734863,14.859999656677246,13695099.0
2016-10-21,14.880000114440918,15.09000015258789,14.84000015258789,14.960000038146973,26355991.0
2016-10-24,14.970000267028809,15.460000038146973,14.970000267028809,15.369999885559082,75622877.0
2016-10-25,15.4399995803833,15.5,15.239999771118164,15.430000305175781,50279000.0
2016-10-26,15.430000305175781,15.680000305175781,15.260000228881836,15.34000015258789,37723126.0
2016-10-27,15.350000381469727,15.510000228881836,15.210000038146973,15.390000343322754,23748205.0
2016-10-28,15.390000343322754,15.720000267028809,15.350000381469727,15.479999542236328,50045942.0
2016-10-31,15.470000267028809,15.470000267028809,15.260000228881836,15.300000190734863,23695336.0
2016-11-01,15.34000015258789,15.430000305175781,15.1899995803833,15.319999694824219,21710354.0
2016-11-02,15.279999732971191,15.470000267028809,15.239999771118164,15.380000114440918,24131557.0
2016-11-03,15.289999961853027,15.529999732971191,15.239999771118164,15.430000305175781,27117062.0
2016-11-04,15.449999809265137,15.699999809265137,15.40999984741211,15.4399995803833,34611271.0
2016-11-07,15.40999984741211,15.649999618530273,15.40999984741211,15.630000114440918,26261443.0
2016-11-08,15.710000038146973,16.450000762939453,15.710000038146973,16.31999969482422,100639674.0
2016-11-09,16.25,16.510000228881836,15.859999656677246,16.200000762939453,71994404.0
2016-11-10,16.360000610351562,16.459999084472656,16.219999313354492,16.350000381469727,34895909.0
2016-11-11,16.34000015258789,17.049999237060547,16.299999237060547,16.84000015258789,58579360.0
2016-11-14,16.799999237060547,17.030000686645508,16.579999923706055,16.649999618530273,46779413.0
2016-11-15,16.600000381469727,16.790000915527344,16.459999084472656,16.770000457763672,31602969.0
2016-11-16,16.770000457763672,16.850000381469727,16.360000610351562,16.440000534057617,31096708.0
2016-11-17,16.399999618530273,16.700000762939453,16.360000610351562,16.600000381469727,25671384.0
2016-11-18,16.5,16.690000534057617,16.149999618530273,16.219999313354492,27852600.0
2016-11-21,16.639999389648438,16.829999923706055,16.34000015258789,16.40999984741211,43463132.0
2016-11-22,16.450000762939453,16.829999923706055,16.350000381469727,16.729999542236328,33559185.0
2016-11-23,16.799999237060547,17.030000686645508,16.610000610351562,16.649999618530273,36702134.0
2016-11-24,16.65999984741211,17.06999969482422,16.40999984741211,16.950000762939453,48388278.0
2016-11-25,16.90999984741211,17.3700008392334,16.75,17.31999969482422,61063766.0
2016-11-28,17.3700008392334,17.3700008392334,17.049999237060547,17.170000076293945,36260300.0
2016-11-29,17.049999237060547,17.5,16.760000228881836,16.899999618530273,53183180.0
2016-11-30,16.809999465942383,17.139999389648438,16.639999389648438,16.84000015258789,36174773.0
2016-12-01,16.920000076293945,17.68000030517578,16.850000381469727,17.540000915527344,85183782.0
2016-12-02,17.549999237060547,17.579999923706055,17.139999389648438,17.139999389648438,44970469.0
2016-12-05,16.959999084472656,16.989999771118164,16.020000457763672,16.329999923706055,63654136.0
2016-12-06,16.290000915527344,16.530000686645508,16.260000228881836,16.290000915527344,30888159.0
2016-12-07,16.219999313354492,16.399999618530273,16.020000457763672,16.3799991607666,18598911.0
2016-12-08,16.43000030517578,16.479999542236328,16.15999984741211,16.31999969482422,18590671.0
2016-12-09,16.290000915527344,16.40999984741211,16.229999542236328,16.290000915527344,24524204.0
2016-12-12,16.25,16.25,15.3100004196167,15.5600004196167,51462395.0
2016-12-13,15.449999809265137,15.75,15.369999885559082,15.600000381469727,23340757.0
2016-12-14,15.609999656677246,15.729999542236328,15.420000076293945,15.489999771118164,15579584.0
2016-12-15,15.420000076293945,15.539999961853027,15.170000076293945,15.260000228881836,29021332.0
2016-12-16,15.229999542236328,15.5,15.180000305175781,15.5,29727576.0
2016-12-19,15.369999885559082,15.720000267028809,15.329999923706055,15.579999923706055,25238548.0
2016-12-20,15.619999885559082,15.720000267028809,15.390000343322754,15.479999542236328,23868729.0
2016-12-21,15.569999694824219,15.859999656677246,15.569999694824219,15.859999656677246,31607232.0
2016-12-22,15.84000015258789,16.030000686645508,15.779999732971191,15.9399995803833,24280332.0
2016-12-23,15.90999984741211,15.970000267028809,15.5,15.5,18562574.0
2016-12-26,15.729999542236328,15.960000038146973,15.489999771118164,15.930000305175781,21215981.0
2016-12-27,15.850000381469727,16.049999237060547,15.729999542236328,15.989999771118164,22533918.0
2016-12-28,16.010000228881836,16.020000457763672,15.699999809265137,15.710000038146973,17691457.0
2016-12-29,15.739999771118164,16.100000381469727,15.710000038146973,15.8100004196167,23584452.0
2016-12-30,15.829999923706055,16.010000228881836,15.8100004196167,15.949999809265137,12645444.0
2017-01-03,15.989999771118164,16.270000457763672,15.899999618530273,16.200000762939453,20062983.0
2017-01-04,16.200000762939453,16.219999313354492,16.059999465942383,16.149999618530273,18185991.0
2017-01-05,16.18000030517578,16.200000762939453,15.850000381469727,15.880000114440918,30229481.0
2017-01-06,15.869999885559082,15.9399995803833,15.609999656677246,15.630000114440918,23102502.0
2017-01-09,15.550000190734863,15.550000190734863,14.90999984741211,15.050000190734863,77286913.0
2017-01-10,15.010000228881836,15.149999618530273,14.960000038146973,15.0,30724511.0
2017-01-11,14.979999542236328,15.010000228881836,14.800000190734863,14.930000305175781,24737224.0
2017-01-12,14.899999618530273,15.180000305175781,14.859999656677246,15.170000076293945,35905761.0
2017-01-13,15.119999885559082,15.149999618530273,14.850000381469727,14.899999618530273,15265363.0
2017-01-16,14.880000114440918,14.880000114440918,14.449999809265137,14.640000343322754,30856422.0
2017-01-17,14.630000114440918,14.789999961853027,14.569999694824219,14.789999961853027,12104716.0
2017-01-18,14.789999961853027,15.0,14.729999542236328,14.989999771118164,20178306.0
2017-01-19,14.949999809265137,15.050000190734863,14.84000015258789,14.859999656677246,11508438.0
2017-01-20,14.850000381469727,15.029999732971191,14.850000381469727,14.979999542236328,11296301.0
2017-01-23,14.979999542236328,15.079999923706055,14.960000038146973,14.989999771118164,11537061.0
2017-01-24,15.039999961853027,15.100000381469727,14.899999618530273,15.079999923706055,16262715.0
2017-01-25,15.050000190734863,15.289999961853027,14.949999809265137,15.289999961853027,22278994.0
2017-01-26,15.220000267028809,15.279999732971191,15.130000114440918,15.149999618530273,16977622.0
2017-02-03,15.130000114440918,15.130000114440918,14.979999542236328,15.0,10108094.0
2017-02-06,15.0,15.109999656677246,14.979999542236328,15.069999694824219,9363077.0
2017-02-07,15.069999694824219,15.069999694824219,14.880000114440918,14.930000305175781,13704698.0
2017-02-08,14.90999984741211,15.010000228881836,14.819999694824219,14.989999771118164,13495686.0
2017-02-09,15.0,15.149999618530273,14.9399995803833,15.149999618530273,21708115.0
2017-02-10,15.149999618530273,15.25,15.069999694824219,15.210000038146973,24527740.0
2017-02-13,15.199999809265137,15.3100004196167,15.15999984741211,15.270000457763672,21181908.0
2017-02-14,15.229999542236328,15.75,15.170000076293945,15.510000228881836,52264641.0
2017-02-15,15.59000015258789,15.720000267028809,15.329999923706055,15.369999885559082,33878612.0
2017-02-16,15.350000381469727,15.489999771118164,15.260000228881836,15.399999618530273,17220380.0
2017-02-17,15.399999618530273,15.460000038146973,15.109999656677246,15.180000305175781,19963225.0
2017-02-20,15.220000267028809,15.739999771118164,15.210000038146973,15.680000305175781,42482023.0
2017-02-21,15.670000076293945,15.779999732971191,15.489999771118164,15.710000038146973,25565206.0
2017-02-22,15.6899995803833,15.699999809265137,15.489999771118164,15.520000457763672,32502741.0
2017-02-23,15.550000190734863,15.75,15.5,15.65999984741211,33679954.0
2017-02-24,15.670000076293945,15.739999771118164,15.420000076293945,15.59000015258789,35201004.0
2017-02-27,15.65999984741211,15.869999885559082,15.579999923706055,15.649999618530273,45502185.0
2017-02-28,15.649999618530273,15.880000114440918,15.640000343322754,15.800000190734863,36443835.0
2017-03-01,15.859999656677246,15.869999885559082,15.710000038146973,15.75,27874794.0
2017-03-02,15.800000190734863,15.850000381469727,15.609999656677246,15.619999885559082,22117741.0
2017-03-03,15.5600004196167,15.600000381469727,15.4399995803833,15.569999694824219,22824464.0
2017-03-06,15.539999961853027,15.569999694824219,15.329999923706055,15.5600004196167,42549206.0
2017-03-07,15.5,15.529999732971191,15.199999809265137,15.279999732971191,45872108.0
2017-03-08,15.279999732971191,15.279999732971191,15.279999732971191,15.279999732971191,0.0
2017-03-09,15.279999732971191,15.279999732971191,15.279999732971191,15.279999732971191,0.0
2017-03-10,15.279999732971191,15.279999732971191,15.279999732971191,15.279999732971191,0.0
2017-03-13,15.279999732971191,15.279999732971191,15.279999732971191,15.279999732971191,0.0
2017-03-14,15.279999732971191,15.279999732971191,15.279999732971191,15.279999732971191,0.0
2017-03-15,15.279999732971191,15.279999732971191,15.279999732971191,15.279999732971191,0.0
2017-03-16,16.809999465942383,16.809999465942383,16.5,16.809999465942383,336313742.0
2017-03-17,17.0,17.780000686645508,16.850000381469727,17.15999984741211,251089297.0
2017-03-20,17.450000762939453,17.5,17.110000610351562,17.219999313354492,115382381.0
2017-03-21,17.15999984741211,17.329999923706055,16.950000762939453,17.049999237060547,93304824.0
2017-03-22,16.899999618530273,17.540000915527344,16.850000381469727,17.299999237060547,99889405.0
2017-03-23,17.299999237060547,17.469999313354492,17.219999313354492,17.399999618530273,71145094.0
2017-03-24,17.270000457763672,18.329999923706055,17.110000610351562,17.899999618530273,113528916.0
2017-03-27,17.799999237060547,18.049999237060547,17.5,17.530000686645508,58282628.0
2017-03-28,17.520000457763672,17.700000762939453,17.360000610351562,17.510000228881836,43738316.0
2017-03-29,17.459999084472656,17.56999969482422,17.010000228881836,17.049999237060547,58411878.0
2017-03-30,17.059999465942383,17.139999389648438,16.81999969482422,17.0,41117675.0
2017-03-31,17.0,17.1299991607666,16.90999984741211,16.959999084472656,26395903.0
2017-04-05,16.969999313354492,17.3799991607666,16.799999237060547,17.329999923706055,59246029.0
2017-04-06,17.229999542236328,17.5,17.100000381469727,17.290000915527344,38260152.0
2017-04-07,17.260000228881836,17.520000457763672,17.1299991607666,17.260000228881836,38108067.0
2017-04-10,17.270000457763672,17.6200008392334,17.25,17.350000381469727,48092199.0
2017-04-11,17.450000762939453,17.6299991607666,16.979999542236328,17.299999237060547,52837847.0
2017-04-12,17.219999313354492,17.299999237060547,17.040000915527344,17.049999237060547,25831611.0
2017-04-13,17.0,17.170000076293945,16.8799991607666,16.959999084472656,30520463.0
2017-04-14,16.889999389648438,16.920000076293945,16.639999389648438,16.790000915527344,32446396.0
2017-04-17,16.790000915527344,17.020000457763672,16.670000076293945,16.850000381469727,25338416.0
2017-04-18,17.0,17.15999984741211,16.770000457763672,16.850000381469727,26980277.0
2017-04-19,16.799999237060547,17.260000228881836,16.799999237060547,17.25,37739226.0
2017-04-20,17.25,17.25,17.25,17.25,0.0
2017-04-21,17.25,17.25,17.25,17.25,0.0
2017-04-24,17.25,17.25,17.25,17.25,0.0
2017-04-25,17.350000381469727,18.079999923706055,17.350000381469727,17.65999984741211,93136185.0
2017-04-26,17.6200008392334,18.149999618530273,17.610000610351562,17.920000076293945,43368644.0
2017-04-27,17.81999969482422,17.979999542236328,17.700000762939453,17.8700008392334,32620043.0
2017-04-28,17.899999618530273,17.940000534057617,17.59000015258789,17.760000228881836,28001721.0
2017-05-02,17.729999542236328,17.790000915527344,17.420000076293945,17.639999389648438,19238235.0
2017-05-03,17.579999923706055,18.049999237060547,17.549999237060547,17.81999969482422,34074547.0
2017-05-04,17.780000686645508,18.079999923706055,17.65999984741211,17.829999923706055,33992154.0
2017-05-05,17.799999237060547,17.889999389648438,17.420000076293945,17.600000381469727,32366194.0
2017-05-08,17.559999465942383,17.670000076293945,17.030000686645508,17.030000686645508,29396110.0
2017-05-09,17.0,17.290000915527344,16.920000076293945,17.15999984741211,18897550.0
2017-05-10,17.200000762939453,17.299999237060547,16.75,16.809999465942383,21510725.0
2017-05-11,16.850000381469727,17.329999923706055,16.670000076293945,17.299999237060547,27008366.0
2017-05-12,17.260000228881836,17.31999969482422,17.020000457763672,17.239999771118164,17560470.0
2017-05-15,17.420000076293945,17.690000534057617,17.3799991607666,17.440000534057617,25198383.0
2017-05-16,17.399999618530273,19.049999237060547,17.350000381469727,18.940000534057617,82768238.0
2017-05-17,18.889999389648438,19.200000762939453,18.700000762939453,18.969999313354492,43957728.0
2017-05-18,18.850000381469727,19.280000686645508,18.75,19.040000915527344,47342727.0
2017-05-19,19.059999465942383,19.440000534057617,18.860000610351562,19.1200008392334,36851241.0
2017-05-22,19.100000381469727,19.350000381469727,18.790000915527344,19.0,37183546.0
2017-05-23,18.90999984741211,19.489999771118164,18.770000457763672,19.0,52076966.0
2017-05-24,18.899999618530273,19.110000610351562,18.610000610351562,18.979999542236328,34497917.0
2017-05-25,18.979999542236328,20.049999237060547,18.899999618530273,19.920000076293945,78010763.0
2017-05-26,19.979999542236328,20.020000457763672,19.34000015258789,19.3799991607666,58506902.0
2017-05-31,19.56999969482422,19.649999618530273,19.209999084472656,19.530000686645508,37396905.0
2017-06-01,19.520000457763672,19.8799991607666,19.350000381469727,19.549999237060547,31005437.0
2017-06-02,19.600000381469727,19.850000381469727,19.459999084472656,19.75,34907014.0
2017-06-05,19.799999237060547,20.049999237060547,19.469999313354492,19.6200008392334,34713598.0
2017-06-06,19.59000015258789,19.81999969482422,19.450000762939453,19.809999465942383,21330193.0
2017-06-07,20.100000381469727,20.799999237060547,20.0,20.59000015258789,68665711.0
2017-06-08,20.5,21.049999237060547,20.479999542236328,20.6299991607666,52968033.0
2017-06-09,20.65999984741211,21.09000015258789,20.56999969482422,20.979999542236328,45549467.0
2017-06-12,21.200000762939453,21.34000015258789,20.760000228881836,20.989999771118164,42664909.0
2017-06-13,21.0,21.06999969482422,20.690000534057617,20.950000762939453,28341655.0
2017-06-14,20.950000762939453,21.170000076293945,20.690000534057617,20.790000915527344,31596851.0
2017-06-15,20.780000686645508,21.299999237060547,20.5,21.299999237060547,41767474.0
2017-06-16,21.299999237060547,21.649999618530273,21.200000762939453,21.440000534057617,47052698.0
2017-06-19,21.440000534057617,21.440000534057617,21.440000534057617,21.440000534057617,0.0
2017-06-20,21.610000610351562,22.030000686645508,21.549999237060547,21.860000610351562,39573899.0
2017-06-21,21.920000076293945,22.8799991607666,21.829999923706055,22.809999465942383,65379709.0
2017-06-22,22.8700008392334,23.030000686645508,22.200000762939453,22.399999618530273,61980733.0
2017-06-23,22.40999984741211,23.709999084472656,22.239999771118164,23.549999237060547,86533074.0
2017-06-26,23.729999542236328,24.520000457763672,23.700000762939453,23.850000381469727,85735201.0
2017-06-27,23.850000381469727,24.209999084472656,23.600000381469727,23.969999313354492,63140367.0
2017-06-28,23.8799991607666,23.969999313354492,23.559999465942383,23.829999923706055,39966411.0
2017-06-29,24.0,24.09000015258789,23.579999923706055,23.969999313354492,44048627.0
2017-06-30,23.850000381469727,23.850000381469727,23.420000076293945,23.739999771118164,51249374.0
2017-07-03,23.649999618530273,23.8799991607666,22.559999465942383,22.600000381469727,108802582.0
2017-07-04,22.610000610351562,22.809999465942383,22.3700008392334,22.639999389648438,62910985.0
2017-07-05,22.520000457763672,23.6200008392334,22.450000762939453,23.520000457763672,86108210.0
2017-07-06,23.3799991607666,23.610000610351562,22.959999084472656,23.25,55380530.0
2017-07-07,23.059999465942383,23.649999618530273,23.059999465942383,23.190000534057617,45953356.0
2017-07-10,23.010000228881836,23.350000381469727,22.440000534057617,22.450000762939453,47513241.0
2017-07-11,22.40999984741211,23.1299991607666,22.299999237060547,22.610000610351562,45243414.0
2017-07-12,22.68000030517578,23.43000030517578,22.510000228881836,23.40999984741211,51282064.0
2017-07-13,23.299999237060547,23.59000015258789,23.100000381469727,23.219999313354492,47628680.0
2017-07-14,23.079999923706055,24.020000457763672,22.90999984741211,23.969999313354492,66493515.0
2017-07-17,23.84000015258789,24.020000457763672,22.649999618530273,22.899999618530273,77158477.0
2017-07-18,22.799999237060547,23.170000076293945,21.40999984741211,22.06999969482422,96659797.0
2017-07-19,21.8700008392334,22.700000762939453,21.81999969482422,22.670000076293945,57064874.0
2017-07-20,23.600000381469727,24.0,23.229999542236328,23.579999923706055,96716578.0
2017-07-21,23.719999313354492,24.3700008392334,23.40999984741211,23.65999984741211,69648934.0
2017-07-24,23.719999313354492,24.06999969482422,23.3799991607666,23.969999313354492,50853687.0
2017-07-25,23.899999618530273,24.079999923706055,23.0,23.1200008392334,57363811.0
2017-07-26,23.15999984741211,23.3700008392334,22.81999969482422,22.920000076293945,37773378.0
2017-07-27,22.8700008392334,23.459999084472656,22.549999237060547,22.75,65093844.0
2017-07-28,22.780000686645508,23.440000534057617,22.649999618530273,23.25,43881362.0
2017-07-31,23.25,23.389999389648438,22.649999618530273,22.950000762939453,60460770.0
2017-08-01,22.799999237060547,23.06999969482422,22.6200008392334,22.81999969482422,33329111.0
2017-08-02,22.889999389648438,23.260000228881836,22.719999313354492,22.850000381469727,40050246.0
2017-08-03,22.690000534057617,22.690000534057617,21.989999771118164,22.139999389648438,65762993.0
2017-08-04,22.1299991607666,22.290000915527344,21.799999237060547,21.84000015258789,35201734.0
2017-08-07,21.81999969482422,22.239999771118164,21.780000686645508,22.1200008392334,25513821.0
2017-08-08,22.149999618530273,22.489999771118164,22.149999618530273,22.280000686645508,24752752.0
2017-08-09,22.290000915527344,22.790000915527344,22.0,22.68000030517578,38609819.0
2017-08-10,22.600000381469727,22.950000762939453,22.270000457763672,22.479999542236328,35171966.0
2017-08-11,22.18000030517578,22.5,21.84000015258789,21.8799991607666,25037910.0
2017-08-14,21.770000457763672,22.5,21.100000381469727,21.770000457763672,74821328.0
2017-08-15,21.6299991607666,21.989999771118164,21.579999923706055,21.84000015258789,32893653.0
2017-08-16,21.84000015258789,22.770000457763672,21.68000030517578,22.43000030517578,68023854.0
2017-08-17,22.530000686645508,23.06999969482422,22.43000030517578,22.950000762939453,61914144.0
2017-08-18,22.770000457763672,23.25,22.579999923706055,23.25,49243713.0
2017-08-21,23.5,23.790000915527344,22.889999389648438,23.030000686645508,47015453.0
2017-08-22,22.969999313354492,23.1299991607666,22.68000030517578,22.8700008392334,30417995.0
2017-08-23,22.809999465942383,23.149999618530273,22.729999542236328,22.860000610351562,22980649.0
2017-08-24,22.649999618530273,23.049999237060547,22.579999923706055,22.81999969482422,26350959.0
2017-08-25,22.93000030517578,23.520000457763672,22.799999237060547,22.90999984741211,63585521.0
2017-08-28,22.979999542236328,23.889999389648438,22.780000686645508,23.690000534057617,98868558.0
2017-08-29,23.5,23.889999389648438,23.459999084472656,23.719999313354492,51101031.0
2017-08-30,23.690000534057617,24.329999923706055,23.610000610351562,24.030000686645508,70829866.0
2017-08-31,23.989999771118164,24.31999969482422,23.43000030517578,23.860000610351562,59815650.0
2017-09-01,23.8700008392334,23.950000762939453,23.459999084472656,23.68000030517578,39839513.0
2017-09-04,23.68000030517578,24.5,23.399999618530273,24.389999389648438,82345310.0
2017-09-05,24.290000915527344,24.649999618530273,24.190000534057617,24.360000610351562,49024031.0
2017-09-06,24.280000686645508,24.989999771118164,24.190000534057617,24.950000762939453,70812533.0
2017-09-07,25.0,25.0,24.3799991607666,24.459999084472656,49566912.0
2017-09-08,24.690000534057617,25.3799991607666,24.639999389648438,25.350000381469727,78442124.0
2017-09-11,25.3700008392334,25.8799991607666,25.020000457763672,25.299999237060547,78179226.0
2017-09-12,25.190000534057617,25.3700008392334,24.670000076293945,24.940000534057617,58212996.0
2017-09-13,24.90999984741211,25.079999923706055,24.709999084472656,24.93000030517578,29693142.0
2017-09-14,24.93000030517578,25.059999465942383,24.440000534057617,24.549999237060547,42365945.0
2017-09-15,24.649999618530273,24.969999313354492,24.399999618530273,24.6200008392334,34832814.0
2017-09-18,24.450000762939453,25.239999771118164,24.450000762939453,24.940000534057617,45193379.0
2017-09-19,25.0,25.079999923706055,24.489999771118164,24.520000457763672,30608127.0
2017-09-20,24.5,24.860000610351562,24.360000610351562,24.780000686645508,32313463.0
2017-09-21,24.81999969482422,25.049999237060547,24.489999771118164,24.969999313354492,39029956.0
2017-09-22,25.110000610351562,26.950000762939453,25.110000610351562,26.700000762939453,126589696.0
2017-09-25,27.100000381469727,27.5,26.100000381469727,26.25,117839660.0
2017-09-26,26.110000610351562,26.579999923706055,25.899999618530273,26.579999923706055,55781288.0
2017-09-27,26.579999923706055,28.510000228881836,26.459999084472656,28.020000457763672,128773768.0
2017-09-28,28.0,28.450000762939453,27.510000228881836,28.149999618530273,81270620.0
2017-09-29,28.18000030517578,29.450000762939453,28.020000457763672,28.299999237060547,117805018.0
2017-10-09,30.200000762939453,31.1299991607666,29.719999313354492,29.979999542236328,206120278.0
2017-10-10,29.700000762939453,30.200000762939453,29.049999237060547,30.100000381469727,111333517.0
2017-10-11,29.8799991607666,29.8799991607666,28.799999237060547,28.889999389648438,101168351.0
2017-10-12,28.950000762939453,29.549999237060547,28.809999465942383,29.170000076293945,69056385.0
2017-10-13,28.899999618530273,29.81999969482422,28.6200008392334,29.5,73711648.0
2017-10-16,29.440000534057617,31.350000381469727,29.329999923706055,30.450000762939453,113867370.0
2017-10-17,30.459999084472656,31.06999969482422,29.950000762939453,30.459999084472656,63331539.0
2017-10-18,30.260000228881836,30.969999313354492,30.100000381469727,30.6299991607666,57665041.0
2017-10-19,29.68000030517578,29.950000762939453,28.020000457763672,28.3799991607666,153742041.0
2017-10-20,28.010000228881836,28.790000915527344,27.770000457763672,28.65999984741211,73551420.0
2017-10-23,28.440000534057617,28.770000457763672,28.229999542236328,28.489999771118164,53506423.0
2017-10-24,28.3799991607666,28.3799991607666,27.190000534057617,27.719999313354492,94452010.0
2017-10-25,27.690000534057617,28.299999237060547,27.59000015258789,28.270000457763672,52419667.0
2017-10-26,28.549999237060547,30.479999542236328,28.530000686645508,30.0,126595645.0
2017-10-27,29.700000762939453,30.209999084472656,29.559999465942383,30.079999923706055,68956729.0
2017-10-30,30.31999969482422,31.700000762939453,30.020000457763672,31.5,127493048.0
2017-10-31,31.440000534057617,32.7599983215332,31.110000610351562,32.290000915527344,104498637.0
2017-11-01,32.29999923706055,32.68000030517578,31.5,31.579999923706055,80329202.0
2017-11-02,31.489999771118164,32.150001525878906,30.709999084472656,32.119998931884766,73116697.0
2017-11-03,31.8799991607666,32.84000015258789,31.809999465942383,32.75,97203440.0
2017-11-06,32.709999084472656,34.06999969482422,32.310001373291016,34.0,88333543.0
2017-11-07,34.09000015258789,34.29999923706055,33.02000045776367,33.650001525878906,76933073.0
2017-11-08,33.90999984741211,34.099998474121094,32.599998474121094,32.810001373291016,96617918.0
2017-11-09,32.75,34.97999954223633,32.41999816894531,34.939998626708984,108013722.0
2017-11-10,34.70000076293945,36.54999923706055,34.599998474121094,35.2599983215332,118503153.0
2017-11-13,35.20000076293945,37.220001220703125,35.029998779296875,36.59000015258789,101216328.0
2017-11-14,36.58000183105469,36.849998474121094,36.0099983215332,36.56999969482422,79459108.0
2017-11-15,36.36000061035156,37.20000076293945,34.779998779296875,36.02000045776367,118900253.0
2017-11-16,35.81999969482422,38.040000915527344,35.099998474121094,37.900001525878906,118064131.0
2017-11-17,37.54999923706055,38.18000030517578,36.0,36.04999923706055,114990410.0
2017-11-20,37.060001373291016,39.25,36.810001373291016,39.25,131933654.0
2017-11-21,39.0,40.88999938964844,38.70000076293945,40.040000915527344,152363369.0
2017-11-22,39.93000030517578,41.38999938964844,39.20000076293945,40.150001525878906,129121695.0
2017-11-23,40.0,40.79999923706055,38.470001220703125,38.810001373291016,128064271.0
2017-11-24,38.61000061035156,39.849998474121094,37.779998779296875,38.18000030517578,111401932.0
2017-11-27,38.0099983215332,38.189998626708984,34.36000061035156,34.36000061035156,168387919.0
2017-11-28,34.0,35.56999969482422,33.90999984741211,35.52000045776367,130367865.0
2017-11-29,35.099998474121094,35.349998474121094,33.040000915527344,34.209999084472656,131054097.0
2017-11-30,33.4900016784668,34.209999084472656,32.52000045776367,33.08000183105469,107362412.0
2017-12-01,33.29999923706055,34.18000030517578,33.09000015258789,33.560001373291016,97851251.0
2017-12-04,33.599998474121094,35.22999954223633,33.47999954223633,34.91999816894531,116601214.0
2017-12-05,34.380001068115234,35.16999816894531,33.20000076293945,34.02000045776367,100278933.0
2017-12-06,34.060001373291016,34.61000061035156,32.849998474121094,34.56999969482422,100061620.0
2017-12-07,34.369998931884766,34.63999938964844,33.790000915527344,33.86000061035156,62206652.0
2017-12-08,33.65999984741211,35.77000045776367,33.58000183105469,35.310001373291016,109014847.0
2017-12-11,35.45000076293945,37.279998779296875,35.29999923706055,37.27000045776367,132211141.0
2017-12-12,37.02000045776367,37.68000030517578,36.81999969482422,37.09000015258789,94863947.0
2017-12-13,36.84000015258789,38.279998779296875,36.779998779296875,38.099998474121094,100966683.0
2017-12-14,38.08000183105469,38.36000061035156,37.599998474121094,38.290000915527344,77064989.0
2017-12-15,38.02000045776367,38.18000030517578,36.470001220703125,37.0,104199384.0
2017-12-18,36.5,37.150001525878906,34.630001068115234,34.970001220703125,125209561.0
2017-12-19,35.29999923706055,35.93000030517578,35.04999923706055,35.65999984741211,80228527.0
2017-12-20,35.38999938964844,36.09000015258789,34.720001220703125,35.38999938964844,80731481.0
2017-12-21,35.349998474121094,38.150001525878906,35.13999938964844,37.849998474121094,141365229.0
2017-12-22,37.86000061035156,38.16999816894531,37.5099983215332,38.06999969482422,100714058.0
2017-12-25,37.900001525878906,38.150001525878906,36.720001220703125,37.209999084472656,99357251.0
2017-12-26,37.439998626708984,37.45000076293945,36.060001373291016,37.20000076293945,93008020.0
2017-12-27,36.79999923706055,37.099998474121094,36.06999969482422,36.18000030517578,81586682.0
2017-12-28,36.25,36.810001373291016,35.599998474121094,36.220001220703125,79808486.0
2017-12-29,35.91999816894531,36.66999816894531,35.810001373291016,36.36000061035156,55651080.0
2018-01-02,36.47999954223633,36.599998474121094,34.779998779296875,35.72999954223633,89960742.0
2018-01-03,35.630001068115234,37.5,35.52000045776367,36.689998626708984,139132102.0
2018-01-04,36.369998931884766,36.95000076293945,35.880001068115234,36.900001525878906,94830024.0
2018-01-05,36.70000076293945,36.779998779296875,35.869998931884766,36.040000915527344,76047333.0
2018-01-08,36.0,36.02000045776367,34.91999816894531,35.56999969482422,109576938.0
2018-01-09,35.56999969482422,36.349998474121094,35.310001373291016,36.349998474121094,96915693.0
2018-01-10,36.279998779296875,36.279998779296875,35.25,35.91999816894531,77737123.0
2018-01-11,35.599998474121094,36.849998474121094,35.29999923706055,36.41999816894531,110219594.0
2018-01-12,36.189998626708984,36.279998779296875,35.61000061035156,35.81999969482422,64626968.0
2018-01-15,35.709999084472656,37.31999969482422,35.029998779296875,36.40999984741211,157933052.0
2018-01-16,36.06999969482422,38.63999938964844,35.88999938964844,38.599998474121094,207331314.0
2018-01-17,38.900001525878906,38.900001525878906,36.599998474121094,36.97999954223633,195953809.0
2018-01-18,37.02000045776367,37.4900016784668,36.31999969482422,36.56999969482422,103223006.0
2018-01-19,36.56999969482422,37.36000061035156,36.369998931884766,36.4900016784668,79705848.0
2018-01-22,36.5,36.61000061035156,35.099998474121094,36.43000030517578,106407908.0
2018-01-23,36.380001068115234,37.119998931884766,35.810001373291016,36.380001068115234,90160039.0
2018-01-24,36.15999984741211,37.099998474121094,35.849998474121094,37.04999923706055,112358263.0
2018-01-25,36.939998626708984,36.939998626708984,36.029998779296875,36.060001373291016,79535384.0
2018-01-26,35.70000076293945,36.040000915527344,35.0,35.0,131982018.0
2018-01-29,34.79999923706055,34.79999923706055,31.59000015258789,31.709999084472656,232259836.0
2018-01-30,31.219999313354492,31.940000534057617,30.68000030517578,31.100000381469727,103176060.0
2018-01-31,31.059999465942383,31.3799991607666,30.610000610351562,31.1200008392334,69640200.0
2018-02-01,30.0,30.0,28.010000228881836,28.010000228881836,205064859.0
2018-02-02,29.0,29.360000610351562,28.5,28.81999969482422,131393249.0
2018-02-05,28.219999313354492,29.940000534057617,28.209999084472656,29.280000686645508,87254197.0
2018-02-06,28.5,29.3799991607666,28.299999237060547,28.450000762939453,77643385.0
2018-02-07,29.200000762939453,29.489999771118164,28.229999542236328,28.709999084472656,69531397.0
2018-02-08,28.760000228881836,29.8799991607666,28.719999313354492,29.649999618530273,85840076.0
2018-02-09,28.790000915527344,29.399999618530273,28.010000228881836,28.450000762939453,81498213.0
2018-02-12,28.989999771118164,29.770000457763672,28.610000610351562,29.420000076293945,74288537.0
2018-02-13,29.760000228881836,30.25,29.639999389648438,29.739999771118164,76361333.0
2018-02-14,29.780000686645508,30.59000015258789,29.75,30.5,56873219.0
2018-02-22,30.709999084472656,31.450000762939453,30.25,31.219999313354492,64654228.0
2018-02-23,31.309999465942383,32.150001525878906,31.030000686645508,31.31999969482422,73400229.0
2018-02-26,31.6299991607666,32.849998474121094,31.360000610351562,32.54999923706055,118134552.0
2018-02-27,33.0,33.099998474121094,32.209999084472656,32.369998931884766,90932703.0
2018-02-28,31.969999313354492,32.66999816894531,31.6299991607666,32.2400016784668,69848926.0
2018-03-01,31.93000030517578,32.68000030517578,31.850000381469727,32.349998474121094,58377296.0
2018-03-02,32.02000045776367,32.5,31.5,31.520000457763672,59421820.0
2018-03-05,31.799999237060547,32.380001068115234,31.68000030517578,32.150001525878906,49201512.0
2018-03-06,32.29999923706055,33.68000030517578,32.29999923706055,33.29999923706055,114669505.0
2018-03-07,33.099998474121094,33.11000061035156,32.66999816894531,32.66999816894531,53288769.0
2018-03-08,32.66999816894531,32.97999954223633,32.29999923706055,32.68000030517578,41137756.0
2018-03-09,32.70000076293945,33.63999938964844,32.70000076293945,33.619998931884766,93070914.0
2018-03-12,33.880001068115234,34.22999954223633,33.40999984741211,33.9900016784668,84162614.0
2018-03-13,33.9900016784668,34.0,33.13999938964844,33.150001525878906,53948061.0
2018-03-14,33.0,33.08000183105469,32.5,32.720001220703125,42409033.0
2018-03-15,32.70000076293945,33.27000045776367,32.130001068115234,32.810001373291016,51349829.0
2018-03-16,32.83000183105469,32.95000076293945,32.0,32.0099983215332,54237703.0
2018-03-19,31.8799991607666,32.33000183105469,31.329999923706055,31.739999771118164,46549355.0
2018-03-20,31.5,32.150001525878906,31.31999969482422,32.04999923706055,36844043.0
2018-03-21,32.150001525878906,32.650001525878906,31.559999465942383,31.649999618530273,49471128.0
2018-03-22,31.6200008392334,31.969999313354492,31.299999237060547,31.360000610351562,36606867.0
2018-03-23,29.399999618530273,30.3799991607666,28.40999984741211,29.010000228881836,108326395.0
2018-03-26,28.399999618530273,29.68000030517578,28.299999237060547,29.489999771118164,69153118.0
2018-03-27,30.049999237060547,30.649999618530273,30.049999237060547,30.43000030517578,63335781.0
2018-03-28,29.8700008392334,30.280000686645508,29.610000610351562,29.6200008392334,39931436.0
2018-03-29,29.940000534057617,30.1200008392334,28.75,29.84000015258789,49090966.0
2018-03-30,29.899999618530273,30.450000762939453,29.729999542236328,30.149999618530273,46957739.0
2018-04-02,30.3799991607666,31.299999237060547,30.15999984741211,30.81999969482422,67078364.0
2018-04-03,30.200000762939453,30.3700008392334,29.760000228881836,30.09000015258789,48181413.0
2018-04-04,30.200000762939453,30.5,29.81999969482422,29.989999771118164,40280843.0
2018-04-09,29.600000381469727,30.299999237060547,29.100000381469727,29.959999084472656,39747026.0
2018-04-10,29.979999542236328,30.790000915527344,29.729999542236328,30.700000762939453,53689379.0
2018-04-11,30.850000381469727,31.860000610351562,30.84000015258789,31.639999389648438,71672708.0
2018-04-12,31.5,31.940000534057617,31.170000076293945,31.200000762939453,38355305.0
2018-04-13,31.59000015258789,31.799999237060547,31.059999465942383,31.200000762939453,23602794.0
2018-04-16,31.200000762939453,31.450000762939453,30.40999984741211,31.309999465942383,37666538.0
2018-04-17,31.309999465942383,31.309999465942383,31.309999465942383,31.309999465942383,0.0
2018-04-18,31.309999465942383,31.309999465942383,31.309999465942383,31.309999465942383,0.0
2018-04-19,31.309999465942383,31.309999465942383,31.309999465942383,31.309999465942383,0.0
2018-04-20,31.309999465942383,31.309999465942383,31.309999465942383,31.309999465942383,0.0
2018-04-23,31.309999465942383,31.309999465942383,31.309999465942383,31.309999465942383,0.0
2018-04-24,31.309999465942383,31.309999465942383,31.309999465942383,31.309999465942383,0.0
2018-04-25,31.309999465942383,31.309999465942383,31.309999465942383,31.309999465942383,0.0
2018-04-26,31.309999465942383,31.309999465942383,31.309999465942383,31.309999465942383,0.0
2018-04-27,31.309999465942383,31.309999465942383,31.309999465942383,31.309999465942383,0.0
2018-05-02,31.309999465942383,31.309999465942383,31.309999465942383,31.309999465942383,0.0
2018-05-03,31.309999465942383,31.309999465942383,31.309999465942383,31.309999465942383,0.0
2018-05-04,31.309999465942383,31.309999465942383,31.309999465942383,31.309999465942383,0.0
2018-05-07,31.309999465942383,31.309999465942383,31.309999465942383,31.309999465942383,0.0
2018-05-08,31.309999465942383,31.309999465942383,31.309999465942383,31.309999465942383,0.0
2018-05-09,31.309999465942383,31.309999465942383,31.309999465942383,31.309999465942383,0.0
2018-05-10,31.309999465942383,31.309999465942383,31.309999465942383,31.309999465942383,0.0
2018-05-11,31.309999465942383,31.309999465942383,31.309999465942383,31.309999465942383,0.0
2018-05-14,31.309999465942383,31.309999465942383,31.309999465942383,31.309999465942383,0.0
2018-05-15,31.309999465942383,31.309999465942383,31.309999465942383,31.309999465942383,0.0
2018-05-16,31.309999465942383,31.309999465942383,31.309999465942383,31.309999465942383,0.0
2018-05-17,31.309999465942383,31.309999465942383,31.309999465942383,31.309999465942383,0.0
2018-05-18,31.309999465942383,31.309999465942383,31.309999465942383,31.309999465942383,0.0
2018-05-21,31.309999465942383,31.309999465942383,31.309999465942383,31.309999465942383,0.0
2018-05-22,31.309999465942383,31.309999465942383,31.309999465942383,31.309999465942383,0.0
2018-05-23,31.309999465942383,31.309999465942383,31.309999465942383,31.309999465942383,0.0
2018-05-24,31.309999465942383,31.309999465942383,31.309999465942383,31.309999465942383,0.0
2018-05-25,31.309999465942383,31.309999465942383,31.309999465942383,31.309999465942383,0.0
2018-05-28,31.309999465942383,31.309999465942383,31.309999465942383,31.309999465942383,0.0
2018-05-29,31.309999465942383,31.309999465942383,31.309999465942383,31.309999465942383,0.0
2018-05-30,31.309999465942383,31.309999465942383,31.309999465942383,31.309999465942383,0.0
2018-05-31,31.309999465942383,31.309999465942383,31.309999465942383,31.309999465942383,0.0
2018-06-01,31.309999465942383,31.309999465942383,31.309999465942383,31.309999465942383,0.0
2018-06-04,31.309999465942383,31.309999465942383,31.309999465942383,31.309999465942383,0.0
2018-06-05,31.309999465942383,31.309999465942383,31.309999465942383,31.309999465942383,0.0
2018-06-06,31.309999465942383,31.309999465942383,31.309999465942383,31.309999465942383,0.0
2018-06-07,31.309999465942383,31.309999465942383,31.309999465942383,31.309999465942383,0.0
2018-06-08,31.309999465942383,31.309999465942383,31.309999465942383,31.309999465942383,0.0
2018-06-11,31.309999465942383,31.309999465942383,31.309999465942383,31.309999465942383,0.0
2018-06-12,31.309999465942383,31.309999465942383,31.309999465942383,31.309999465942383,0.0
2018-06-13,28.18000030517578,28.18000030517578,28.18000030517578,28.18000030517578,1445600.0
2018-06-14,25.360000610351562,25.360000610351562,25.360000610351562,25.360000610351562,420800.0
2018-06-15,22.81999969482422,22.81999969482422,22.81999969482422,22.81999969482422,854700.0
2018-06-19,20.540000915527344,20.540000915527344,20.540000915527344,20.540000915527344,907300.0
2018-06-20,18.489999771118164,18.489999771118164,18.489999771118164,18.489999771118164,1987700.0
2018-06-21,16.639999389648438,16.639999389648438,16.639999389648438,16.639999389648438,3425500.0
2018-06-22,14.979999542236328,14.979999542236328,14.979999542236328,14.979999542236328,8252700.0
2018-06-25,13.479999542236328,14.170000076293945,13.479999542236328,13.479999542236328,550768020.0
2018-06-26,12.899999618530273,13.369999885559082,12.600000381469727,13.279999732971191,304826201.0
2018-06-27,13.270000457763672,13.34000015258789,12.729999542236328,12.850000381469727,220907586.0
2018-06-28,12.800000190734863,13.260000228881836,12.75,12.920000076293945,194876650.0
2018-06-29,13.069999694824219,13.119999885559082,12.40999984741211,13.029999732971191,211444562.0
2018-07-02,12.869999885559082,12.869999885559082,12.0,12.229999542236328,249130461.0
2018-07-03,12.149999618530273,13.449999809265137,12.020000457763672,13.449999809265137,293665613.0
2018-07-04,13.449999809265137,14.59000015258789,13.020000457763672,13.800000190734863,475626809.0
2018-07-05,13.5,13.770000457763672,12.729999542236328,13.0,247652722.0
2018-07-06,13.15999984741211,13.479999542236328,12.760000228881836,13.039999961853027,203120638.0
2018-07-09,13.149999618530273,13.1899995803833,12.800000190734863,13.100000381469727,166644276.0
2018-07-10,13.020000457763672,13.029999732971191,12.460000038146973,12.6899995803833,206872768.0
2018-07-11,12.239999771118164,12.34000015258789,11.850000381469727,12.100000381469727,163631967.0
2018-07-12,13.3100004196167,13.3100004196167,13.3100004196167,13.3100004196167,35082109.0
2018-07-13,14.479999542236328,14.479999542236328,13.8100004196167,14.100000381469727,441943211.0
2018-07-16,14.680000305175781,15.510000228881836,14.479999542236328,15.510000228881836,213377851.0
2018-07-17,16.3799991607666,17.059999465942383,16.280000686645508,17.059999465942383,421769717.0
2018-07-18,17.559999465942383,17.559999465942383,16.059999465942383,16.530000686645508,316149945.0
2018-07-19,16.540000915527344,16.940000534057617,16.309999465942383,16.850000381469727,221346196.0
2018-07-20,16.81999969482422,16.829999923706055,16.329999923706055,16.520000457763672,170038605.0
2018-07-23,16.399999618530273,16.979999542236328,16.0,16.6200008392334,169441966.0
2018-07-24,16.6299991607666,16.780000686645508,16.399999618530273,16.68000030517578,171297163.0
2018-07-25,16.690000534057617,16.829999923706055,16.25,16.309999465942383,151939815.0
2018-07-26,16.209999084472656,16.219999313354492,15.270000457763672,15.34000015258789,205757771.0
2018-07-27,15.239999771118164,15.850000381469727,14.829999923706055,15.430000305175781,139224463.0
2018-07-30,15.350000381469727,15.550000190734863,14.920000076293945,15.079999923706055,106887860.0
2018-07-31,14.970000267028809,15.0600004196167,14.529999732971191,14.600000381469727,115859128.0
2018-08-01,14.649999618530273,15.069999694824219,14.649999618530273,14.670000076293945,113113580.0
2018-08-02,14.5,14.5,13.640000343322754,14.029999732971191,140778179.0
2018-08-03,13.90999984741211,13.9399995803833,13.34000015258789,13.350000381469727,112155935.0
2018-08-06,13.100000381469727,13.359999656677246,12.850000381469727,13.199999809265137,97079374.0
2018-08-07,13.300000190734863,13.819999694824219,12.970000267028809,13.699999809265137,134254535.0
2018-08-08,13.600000381469727,13.600000381469727,12.970000267028809,13.0,102912154.0
2018-08-09,13.119999885559082,14.300000190734863,13.050000190734863,14.300000190734863,216736951.0
2018-08-10,14.609999656677246,14.680000305175781,14.09000015258789,14.5,225114170.0
2018-08-13,14.289999961853027,15.65999984741211,14.119999885559082,15.390000343322754,263996235.0
2018-08-14,15.479999542236328,16.479999542236328,15.220000267028809,16.299999237060547,263675315.0
2018-08-15,16.299999237060547,16.31999969482422,15.529999732971191,15.619999885559082,209603361.0
2018-08-16,15.260000228881836,16.579999923706055,15.109999656677246,15.859999656677246,268091737.0
2018-08-17,16.149999618530273,16.3799991607666,15.869999885559082,15.899999618530273,178274986.0
2018-08-20,15.84000015258789,16.43000030517578,15.289999961853027,16.329999923706055,186535370.0
2018-08-21,16.149999618530273,16.799999237060547,16.010000228881836,16.34000015258789,199624151.0
2018-08-22,16.1299991607666,16.559999465942383,16.0,16.030000686645508,121149294.0
2018-08-23,16.100000381469727,17.6299991607666,15.970000267028809,17.3799991607666,328014576.0
2018-08-24,17.200000762939453,17.469999313354492,16.850000381469727,17.139999389648438,201054079.0
2018-08-27,17.25,18.639999389648438,17.100000381469727,18.399999618530273,245510778.0
2018-08-28,18.229999542236328,19.540000915527344,18.170000076293945,18.950000762939453,276344888.0
2018-08-29,19.100000381469727,19.450000762939453,18.709999084472656,19.450000762939453,208431582.0
2018-08-30,19.479999542236328,19.639999389648438,18.719999313354492,18.950000762939453,205411317.0
2018-08-31,18.969999313354492,19.56999969482422,18.84000015258789,19.09000015258789,210778566.0
2018-09-03,19.0,19.0,17.399999618530273,18.149999618530273,250072007.0
2018-09-04,17.959999084472656,18.790000915527344,17.93000030517578,18.549999237060547,193661443.0
2018-09-05,18.309999465942383,19.479999542236328,18.06999969482422,18.809999465942383,232653212.0
2018-09-06,18.700000762939453,19.170000076293945,18.399999618530273,18.690000534057617,165010799.0
2018-09-07,18.899999618530273,18.90999984741211,17.790000915527344,18.09000015258789,175397123.0
2018-09-10,18.0,18.049999237060547,16.899999618530273,17.059999465942383,184791739.0
2018-09-11,17.149999618530273,17.610000610351562,17.06999969482422,17.450000762939453,127423154.0
2018-09-12,17.3799991607666,17.649999618530273,17.100000381469727,17.260000228881836,92848211.0
2018-09-13,17.899999618530273,18.639999389648438,17.6299991607666,18.549999237060547,236847944.0
2018-09-14,18.540000915527344,18.65999984741211,18.18000030517578,18.360000610351562,148176093.0
2018-09-17,18.0,18.68000030517578,17.81999969482422,18.34000015258789,125525561.0
2018-09-18,18.209999084472656,18.5,17.40999984741211,18.440000534057617,175540255.0
2018-09-19,18.190000534057617,18.459999084472656,17.860000610351562,18.18000030517578,144549155.0
2018-09-20,18.18000030517578,18.8799991607666,17.989999771118164,18.290000915527344,154513379.0
2018-09-21,18.219999313354492,18.799999237060547,17.950000762939453,18.59000015258789,157192237.0
2018-09-25,18.5,18.729999542236328,18.149999618530273,18.729999542236328,102519683.0
2018-09-26,18.65999984741211,19.09000015258789,18.65999984741211,18.920000076293945,152674586.0
2018-09-27,18.790000915527344,19.06999969482422,18.350000381469727,18.3799991607666,133318326.0
2018-09-28,18.530000686645508,18.579999923706055,18.020000457763672,18.299999237060547,85944333.0
2018-10-08,16.700000762939453,17.3799991607666,16.690000534057617,16.809999465942383,155767304.0
2018-10-09,16.829999923706055,17.079999923706055,16.5,16.799999237060547,88730311.0
2018-10-10,16.81999969482422,17.1299991607666,16.68000030517578,16.850000381469727,62957314.0
2018-10-11,16.079999923706055,16.079999923706055,15.170000076293945,15.170000076293945,129797249.0
2018-10-12,15.0,15.850000381469727,14.5,15.600000381469727,137708622.0
2018-10-15,15.569999694824219,16.6200008392334,15.5,15.970000267028809,119021527.0
2018-10-16,16.020000457763672,16.100000381469727,15.579999923706055,15.699999809265137,70482401.0
2018-10-17,16.100000381469727,16.290000915527344,15.75,16.18000030517578,110261497.0
2018-10-18,16.0,16.049999237060547,15.59000015258789,15.699999809265137,70810613.0
2018-10-19,15.34000015258789,17.0,15.25,16.56999969482422,148614765.0
2018-10-22,16.899999618530273,18.15999984741211,16.799999237060547,17.790000915527344,186379970.0
2018-10-23,17.799999237060547,17.8700008392334,17.030000686645508,17.34000015258789,128545911.0
2018-10-24,17.15999984741211,17.670000076293945,17.15999984741211,17.290000915527344,86857509.0
2018-10-25,16.610000610351562,17.479999542236328,16.510000228881836,17.440000534057617,96122916.0
2018-10-26,17.6299991607666,17.950000762939453,16.940000534057617,17.25,106966902.0
2018-10-29,17.25,17.81999969482422,16.989999771118164,17.450000762939453,114878712.0
2018-10-30,17.299999237060547,17.469999313354492,15.770000457763672,16.889999389648438,130784523.0
2018-10-31,16.799999237060547,17.280000686645508,16.43000030517578,16.93000030517578,103665294.0
2018-11-01,17.200000762939453,17.709999084472656,16.979999542236328,17.200000762939453,137865172.0
2018-11-02,18.5,18.799999237060547,17.84000015258789,18.34000015258789,234767442.0
2018-11-05,18.059999465942383,18.56999969482422,17.899999618530273,18.229999542236328,128442674.0
2018-11-06,18.1299991607666,19.18000030517578,17.950000762939453,19.030000686645508,151776565.0
2018-11-07,18.950000762939453,20.68000030517578,18.799999237060547,19.59000015258789,250722765.0
2018-11-08,19.75,20.25,19.1200008392334,19.399999618530273,184805042.0
2018-11-09,19.18000030517578,20.34000015258789,19.049999237060547,19.8700008392334,159773538.0
2018-11-12,19.690000534057617,20.459999084472656,19.690000534057617,20.200000762939453,160788986.0
2018-11-13,19.920000076293945,20.75,19.920000076293945,20.299999237060547,157335834.0
2018-11-14,20.209999084472656,20.59000015258789,19.809999465942383,19.8700008392334,129392258.0
2018-11-15,19.950000762939453,20.450000762939453,19.690000534057617,20.200000762939453,141361609.0
2018-11-16,20.299999237060547,21.8799991607666,20.18000030517578,21.790000915527344,226076936.0
2018-11-19,21.510000228881836,21.850000381469727,21.25,21.729999542236328,136254571.0
2018-11-20,21.399999618530273,21.549999237060547,20.200000762939453,20.510000228881836,173914836.0
2018-11-21,20.0,20.889999389648438,19.850000381469727,20.799999237060547,114547214.0
2018-11-22,20.729999542236328,21.079999923706055,20.190000534057617,20.459999084472656,86609901.0
2018-11-23,20.360000610351562,20.579999923706055,19.65999984741211,19.770000457763672,109497463.0
2018-11-26,19.649999618530273,20.579999923706055,19.639999389648438,20.43000030517578,105962301.0
2018-11-27,20.65999984741211,21.09000015258789,20.440000534057617,20.989999771118164,123205726.0
2018-11-28,20.860000610351562,21.260000228881836,20.420000076293945,20.559999465942383,122549602.0
2018-11-29,20.600000381469727,20.829999923706055,19.309999465942383,19.489999771118164,220782919.0
2018-11-30,19.360000610351562,20.049999237060547,18.950000762939453,19.8700008392334,128266008.0
2018-12-03,21.280000686645508,21.649999618530273,20.799999237060547,21.440000534057617,234759423.0
2018-12-04,21.389999389648438,21.530000686645508,20.959999084472656,21.270000457763672,124492677.0
2018-12-05,20.770000457763672,21.219999313354492,20.709999084472656,21.09000015258789,96813190.0
2018-12-06,19.8799991607666,20.290000915527344,19.5,19.889999389648438,207556361.0
2018-12-07,20.059999465942383,20.350000381469727,19.90999984741211,19.989999771118164,99109412.0
2018-12-10,19.600000381469727,20.299999237060547,19.549999237060547,20.040000915527344,89385943.0
2018-12-11,20.100000381469727,20.469999313354492,20.09000015258789,20.34000015258789,93752017.0
2018-12-12,20.229999542236328,20.350000381469727,19.899999618530273,20.0,80358953.0
2018-12-13,20.010000228881836,20.3799991607666,19.780000686645508,20.200000762939453,88321127.0
2018-12-14,20.010000228881836,20.09000015258789,19.600000381469727,19.649999618530273,78788001.0
2018-12-17,19.649999618530273,19.709999084472656,18.829999923706055,19.25,97595431.0
2018-12-18,19.010000228881836,19.389999389648438,18.90999984741211,19.100000381469727,62414685.0
2018-12-19,19.200000762939453,19.350000381469727,18.90999984741211,19.020000457763672,55688527.0
2018-12-20,18.989999771118164,19.360000610351562,18.860000610351562,19.360000610351562,69523522.0
2018-12-21,19.229999542236328,19.530000686645508,19.040000915527344,19.239999771118164,64081904.0
2018-12-24,19.360000610351562,20.260000228881836,19.219999313354492,20.260000228881836,145701490.0
2018-12-25,19.969999313354492,20.649999618530273,19.700000762939453,20.360000610351562,135472770.0
2018-12-26,20.219999313354492,20.329999923706055,19.719999313354492,19.860000610351562,83237618.0
2018-12-27,20.219999313354492,20.459999084472656,19.899999618530273,19.899999618530273,81725268.0
2018-12-28,19.729999542236328,19.8700008392334,19.010000228881836,19.59000015258789,73837264.0
2019-01-02,19.600000381469727,20.059999465942383,19.399999618530273,19.559999465942383,64968272.0
2019-01-03,19.59000015258789,19.600000381469727,18.719999313354492,18.780000686645508,94860012.0
2019-01-04,18.510000228881836,19.270000457763672,18.239999771118164,19.200000762939453,77189145.0
2019-01-07,19.450000762939453,20.149999618530273,19.200000762939453,20.020000457763672,124849276.0
2019-01-08,19.920000076293945,20.260000228881836,19.729999542236328,19.899999618530273,83061720.0
2019-01-09,19.950000762939453,20.350000381469727,19.790000915527344,19.920000076293945,98407244.0
2019-01-10,19.899999618530273,20.350000381469727,19.780000686645508,20.06999969482422,84904964.0
2019-01-11,20.290000915527344,21.270000457763672,20.290000915527344,20.510000228881836,151834299.0
2019-01-14,20.200000762939453,20.469999313354492,19.899999618530273,20.09000015258789,76204961.0
2019-01-15,20.06999969482422,20.799999237060547,19.899999618530273,20.600000381469727,97565498.0
2019-01-16,20.549999237060547,20.610000610351562,20.219999313354492,20.309999465942383,61508709.0
2019-01-17,20.239999771118164,20.479999542236328,19.899999618530273,20.010000228881836,64369144.0
2019-01-18,19.850000381469727,20.079999923706055,19.670000076293945,19.979999542236328,70848056.0
2019-01-21,20.059999465942383,21.15999984741211,20.010000228881836,21.040000915527344,185582442.0
2019-01-22,21.0,21.09000015258789,20.239999771118164,20.440000534057617,108159491.0
2019-01-23,20.360000610351562,20.690000534057617,20.079999923706055,20.450000762939453,59412582.0
2019-01-24,20.5,20.719999313354492,20.1200008392334,20.3700008392334,66569135.0
2019-01-25,20.399999618530273,20.670000076293945,20.200000762939453,20.31999969482422,50864961.0
2019-01-28,20.350000381469727,20.549999237060547,20.1200008392334,20.239999771118164,48450074.0
2019-01-29,20.100000381469727,20.200000762939453,19.700000762939453,19.979999542236328,56953024.0
2019-01-30,19.979999542236328,20.139999389648438,19.68000030517578,19.709999084472656,42983102.0
2019-01-31,19.760000228881836,20.3799991607666,19.760000228881836,20.110000610351562,72309890.0
2019-02-01,20.219999313354492,20.530000686645508,19.899999618530273,20.40999984741211,70510637.0
2019-02-11,20.200000762939453,20.989999771118164,20.15999984741211,20.8700008392334,91280970.0
2019-02-12,20.93000030517578,21.1299991607666,20.600000381469727,21.059999465942383,83772798.0
2019-02-13,21.110000610351562,23.170000076293945,20.950000762939453,22.950000762939453,241223775.0
2019-02-14,22.700000762939453,23.1200008392334,22.549999237060547,22.850000381469727,131190840.0
2019-02-15,22.75,23.700000762939453,22.549999237060547,23.0,137275390.0
2019-02-18,23.450000762939453,24.149999618530273,23.25,24.139999389648438,149321572.0
2019-02-19,24.459999084472656,24.8799991607666,23.6200008392334,24.059999465942383,134140003.0
2019-02-20,24.06999969482422,24.25,23.420000076293945,24.0,99473005.0
2019-02-21,23.959999084472656,26.299999237060547,23.850000381469727,25.309999465942383,182132652.0
2019-02-22,25.5,27.84000015258789,25.31999969482422,27.84000015258789,209837985.0
2019-02-25,30.600000381469727,30.600000381469727,29.100000381469727,30.309999465942383,319050439.0
2019-02-26,30.18000030517578,32.779998779296875,28.600000381469727,29.899999618530273,323961947.0
2019-02-27,29.3799991607666,30.84000015258789,28.920000076293945,29.450000762939453,197281411.0
2019-02-28,29.469999313354492,30.219999313354492,29.1200008392334,29.799999237060547,142157068.0
2019-03-01,30.030000686645508,30.149999618530273,28.799999237060547,29.729999542236328,123594069.0
2019-03-04,30.110000610351562,31.549999237060547,29.899999618530273,30.309999465942383,215949122.0
2019-03-05,30.219999313354492,31.700000762939453,29.649999618530273,31.649999618530273,190656650.0
2019-03-06,32.43000030517578,32.869998931884766,30.549999237060547,31.299999237060547,214088201.0
2019-03-07,30.670000076293945,31.1200008392334,30.0,30.399999618530273,168828770.0
2019-03-08,29.100000381469727,31.010000228881836,28.8799991607666,29.209999084472656,173942666.0
2019-03-11,29.799999237060547,30.5,29.299999237060547,30.399999618530273,137070511.0
2019-03-12,30.65999984741211,31.100000381469727,30.309999465942383,31.09000015258789,172761725.0
2019-03-13,29.84000015258789,30.149999618530273,28.350000381469727,28.68000030517578,228662990.0
2019-03-14,28.5,28.559999465942383,27.489999771118164,28.25,124268897.0
2019-03-15,28.549999237060547,28.829999923706055,28.239999771118164,28.3799991607666,76649889.0
2019-03-18,28.3799991607666,29.209999084472656,27.770000457763672,29.190000534057617,93048159.0
2019-03-19,29.0,29.6200008392334,28.84000015258789,29.030000686645508,79810377.0
2019-03-20,28.920000076293945,29.450000762939453,28.719999313354492,28.979999542236328,64278411.0
2019-03-21,29.170000076293945,29.290000915527344,28.8799991607666,28.899999618530273,69907815.0
2019-03-22,28.799999237060547,28.84000015258789,27.700000762939453,28.219999313354492,103682659.0
2019-03-25,27.510000228881836,28.770000457763672,27.399999618530273,28.329999923706055,89468966.0
2019-03-26,28.450000762939453,28.579999923706055,27.049999237060547,27.1299991607666,83267926.0
2019-03-27,27.350000381469727,27.6299991607666,26.200000762939453,26.670000076293945,87658664.0
2019-03-28,28.299999237060547,29.34000015258789,27.90999984741211,29.34000015258789,253081906.0
2019-03-29,28.5,29.34000015258789,27.65999984741211,29.200000762939453,235503539.0
2019-04-01,29.700000762939453,30.549999237060547,29.700000762939453,30.0,182826153.0
2019-04-02,30.010000228881836,30.399999618530273,29.489999771118164,29.899999618530273,128024176.0
2019-04-03,29.809999465942383,29.959999084472656,29.329999923706055,29.850000381469727,87520010.0
2019-04-04,30.170000076293945,30.299999237060547,29.5,29.979999542236328,87128213.0
2019-04-08,30.049999237060547,30.25,29.100000381469727,29.239999771118164,85599096.0
2019-04-09,29.239999771118164,30.799999237060547,29.190000534057617,30.200000762939453,135421968.0
2019-04-10,30.149999618530273,32.25,29.799999237060547,31.5,180456820.0
2019-04-11,31.0,31.25,30.100000381469727,30.389999389648438,107272560.0
2019-04-12,30.200000762939453,31.0,30.100000381469727,30.260000228881836,57095516.0
2019-04-15,30.81999969482422,31.989999771118164,30.350000381469727,30.5,104854183.0
2019-04-16,30.309999465942383,33.54999923706055,30.100000381469727,33.54999923706055,230420437.0
2019-04-17,34.0,34.75,32.97999954223633,34.08000183105469,231098433.0
2019-04-18,33.5,35.619998931884766,33.29999923706055,34.09000015258789,179225682.0
2019-04-19,33.95000076293945,36.900001525878906,33.599998474121094,36.4900016784668,190480098.0
2019-04-22,36.5,38.5,35.65999984741211,36.7599983215332,223585984.0
2019-04-23,36.310001373291016,37.15999984741211,35.20000076293945,35.529998779296875,160132702.0
2019-04-24,35.45000076293945,35.79999923706055,33.97999954223633,35.02000045776367,165363670.0
2019-04-25,34.95000076293945,35.36000061035156,33.54999923706055,33.650001525878906,138754300.0
2019-04-26,33.0099983215332,35.0,33.0099983215332,34.16999816894531,125139398.0
2019-05-06,29.299999237060547,30.690000534057617,28.940000534057617,28.940000534057617,150720372.0
2019-05-07,29.200000762939453,29.700000762939453,27.40999984741211,29.010000228881836,151192833.0
2019-05-08,27.90999984741211,29.770000457763672,27.799999237060547,28.889999389648438,120176842.0
2019-05-09,28.540000915527344,29.360000610351562,28.18000030517578,28.299999237060547,87892518.0
2019-05-10,29.149999618530273,31.0,28.0,30.8799991607666,184694804.0
2019-05-13,30.020000457763672,30.790000915527344,29.850000381469727,30.209999084472656,107826928.0
2019-05-14,29.700000762939453,30.690000534057617,29.610000610351562,29.950000762939453,104537582.0
2019-05-15,30.579999923706055,30.719999313354492,30.079999923706055,30.510000228881836,110000029.0
2019-05-16,30.0,30.1299991607666,29.0,29.6200008392334,128561009.0
2019-05-17,29.5,30.209999084472656,28.0,28.5,129306965.0
2019-05-20,28.459999084472656,28.6299991607666,26.5,27.899999618530273,131207354.0
2019-05-21,28.0,29.829999923706055,27.649999618530273,29.200000762939453,153066366.0
2019-05-22,29.229999542236328,30.549999237060547,28.8799991607666,29.479999542236328,147085402.0
2019-05-23,29.18000030517578,29.18000030517578,28.1299991607666,28.239999771118164,101868940.0
2019-05-24,28.049999237060547,28.579999923706055,28.0,28.25,57492006.0
2019-05-27,28.270000457763672,29.59000015258789,28.020000457763672,29.290000915527344,111850048.0
2019-05-28,29.5,29.56999969482422,28.950000762939453,29.299999237060547,78602573.0
2019-05-29,28.899999618530273,29.579999923706055,28.809999465942383,29.15999984741211,61918074.0
2019-05-30,28.899999618530273,28.969999313354492,27.950000762939453,28.3799991607666,85955653.0
2019-05-31,28.40999984741211,29.149999618530273,28.290000915527344,28.760000228881836,74641299.0
2019-06-03,29.299999237060547,31.190000534057617,28.959999084472656,30.290000915527344,189490311.0
2019-06-04,30.700000762939453,31.510000228881836,30.049999237060547,30.5,170128588.0
2019-06-05,31.149999618530273,32.29999923706055,30.65999984741211,32.09000015258789,186200549.0
2019-06-06,31.559999465942383,31.559999465942383,29.290000915527344,29.780000686645508,186174111.0
2019-06-10,29.780000686645508,31.280000686645508,29.780000686645508,31.020000457763672,138303781.0
2019-06-11,31.010000228881836,31.959999084472656,30.350000381469727,31.6200008392334,172058441.0
2019-06-12,31.010000228881836,32.099998474121094,31.0,31.469999313354492,123172331.0
2019-06-13,31.350000381469727,31.8799991607666,31.0,31.219999313354492,78901694.0
2019-06-14,31.219999313354492,31.479999542236328,30.079999923706055,30.280000686645508,100829453.0
2019-06-17,30.280000686645508,30.360000610351562,29.610000610351562,29.920000076293945,60967891.0
2019-06-18,29.950000762939453,30.229999542236328,29.530000686645508,30.0,52040628.0
2019-06-19,31.5,31.799999237060547,30.899999618530273,30.969999313354492,156132312.0
2019-06-20,30.799999237060547,32.15999984741211,30.5,31.969999313354492,176805005.0
2019-06-21,32.0,32.31999969482422,31.6200008392334,31.93000030517578,136264228.0
2019-06-24,31.670000076293945,31.790000915527344,30.93000030517578,31.299999237060547,105341311.0
2019-06-25,31.229999542236328,31.829999923706055,30.5,31.579999923706055,116312859.0
2019-06-26,31.299999237060547,31.899999618530273,31.049999237060547,31.479999542236328,73898229.0
2019-06-27,31.899999618530273,33.4900016784668,31.8700008392334,32.810001373291016,188799660.0
2019-06-28,32.72999954223633,32.7599983215332,32.130001068115234,32.529998779296875,91352173.0
2019-07-01,34.52000045776367,34.52000045776367,33.52000045776367,33.900001525878906,149982319.0
2019-07-02,33.900001525878906,34.31999969482422,33.599998474121094,34.08000183105469,104221771.0
2019-07-03,33.93000030517578,33.959999084472656,33.029998779296875,33.20000076293945,88254326.0
2019-07-04,33.20000076293945,33.720001220703125,32.90999984741211,33.2400016784668,64136391.0
2019-07-05,33.290000915527344,33.54999923706055,33.13999938964844,33.279998779296875,50399860.0
2019-07-08,33.220001220703125,33.220001220703125,32.130001068115234,32.2599983215332,74405242.0
2019-07-09,32.400001525878906,32.689998626708984,31.3799991607666,32.18000030517578,69049162.0
2019-07-10,32.380001068115234,32.5,31.780000686645508,32.439998626708984,51306415.0
2019-07-11,32.599998474121094,32.70000076293945,32.040000915527344,32.060001373291016,50856399.0
2019-07-12,32.189998626708984,32.36000061035156,31.780000686645508,32.20000076293945,46976589.0
2019-07-15,32.02000045776367,33.279998779296875,31.729999542236328,32.869998931884766,77361143.0
2019-07-16,32.779998779296875,33.279998779296875,32.66999816894531,32.93000030517578,61354279.0
2019-07-17,32.90999984741211,32.9900016784668,32.439998626708984,32.5099983215332,52700121.0
2019-07-18,32.20000076293945,32.220001220703125,31.360000610351562,31.360000610351562,78588484.0
2019-07-19,31.270000457763672,31.75,31.010000228881836,31.219999313354492,64388529.0
2019-07-22,31.209999084472656,31.760000228881836,30.40999984741211,31.280000686645508,63732655.0
2019-07-23,31.18000030517578,31.670000076293945,31.110000610351562,31.56999969482422,44310247.0
2019-07-24,31.860000610351562,33.04999923706055,31.719999313354492,32.709999084472656,119307987.0
2019-07-25,32.849998474121094,33.459999084472656,32.65999984741211,33.150001525878906,97126435.0
2019-07-26,33.099998474121094,33.650001525878906,32.939998626708984,33.400001525878906,79024603.0
2019-07-29,33.4900016784668,34.0099983215332,33.18000030517578,33.34000015258789,73504028.0
2019-07-30,33.40999984741211,33.900001525878906,33.130001068115234,33.33000183105469,65674160.0
2019-07-31,33.29999923706055,33.439998626708984,32.88999938964844,32.91999816894531,60130700.0
2019-08-01,32.779998779296875,33.09000015258789,32.630001068115234,32.72999954223633,44568068.0
2019-08-02,31.610000610351562,31.90999984741211,30.81999969482422,31.399999618530273,102509620.0
2019-08-05,31.389999389648438,31.93000030517578,30.899999618530273,31.1299991607666,75486248.0
2019-08-06,30.389999389648438,30.790000915527344,29.56999969482422,30.5,99269336.0
2019-08-07,30.690000534057617,30.969999313354492,30.110000610351562,30.170000076293945,60518725.0
2019-08-08,30.280000686645508,30.489999771118164,30.020000457763672,30.239999771118164,51686564.0
2019-08-09,30.329999923706055,30.530000686645508,27.219999313354492,27.899999618530273,226458991.0
2019-08-12,27.8700008392334,28.75,27.399999618530273,28.75,107893251.0
2019-08-13,28.389999389648438,28.899999618530273,28.040000915527344,28.31999969482422,65657218.0
2019-08-14,29.469999313354492,29.5,28.56999969482422,28.670000076293945,88479707.0
2019-08-15,27.229999542236328,28.639999389648438,27.0,28.3700008392334,113697832.0
2019-08-16,28.100000381469727,28.65999984741211,28.010000228881836,28.18000030517578,82850780.0
2019-08-19,29.06999969482422,30.1299991607666,28.6200008392334,29.959999084472656,166797902.0
2019-08-20,30.040000915527344,30.3700008392334,29.700000762939453,29.850000381469727,97900042.0
2019-08-21,29.700000762939453,30.190000534057617,29.399999618530273,30.1299991607666,74194252.0
2019-08-22,30.1299991607666,30.1299991607666,29.469999313354492,29.690000534057617,67966870.0
2019-08-23,29.690000534057617,29.700000762939453,29.110000610351562,29.239999771118164,61911461.0
2019-08-26,27.950000762939453,28.90999984741211,27.799999237060547,28.850000381469727,62580064.0
2019-08-27,29.049999237060547,29.729999542236328,29.049999237060547,29.709999084472656,80330758.0
2019-08-28,30.510000228881836,30.770000457763672,29.75,29.790000915527344,94285365.0
2019-08-29,29.799999237060547,29.799999237060547,29.100000381469727,29.18000030517578,69537490.0
2019-08-30,29.459999084472656,29.579999923706055,28.690000534057617,28.809999465942383,65185228.0
2019-09-02,28.850000381469727,29.479999542236328,28.850000381469727,29.360000610351562,68978021.0
2019-09-03,29.389999389648438,29.969999313354492,29.06999969482422,29.829999923706055,92376425.0
2019-09-04,29.75,29.850000381469727,29.280000686645508,29.600000381469727,72144866.0
2019-09-05,29.709999084472656,31.219999313354492,29.709999084472656,30.649999618530273,170296180.0
2019-09-06,31.809999465942383,33.720001220703125,31.809999465942383,33.4900016784668,318911339.0
2019-09-09,33.5,36.84000015258789,33.27000045776367,36.84000015258789,275024046.0
2019-09-10,37.599998474121094,37.66999816894531,35.619998931884766,36.93000030517578,262426169.0
2019-09-11,36.709999084472656,37.18000030517578,35.209999084472656,35.459999084472656,168181583.0
2019-09-12,35.83000183105469,35.880001068115234,35.150001525878906,35.7400016784668,106032387.0
2019-09-16,35.88999938964844,35.88999938964844,34.79999923706055,35.290000915527344,108633927.0
2019-09-17,35.20000076293945,35.20000076293945,33.959999084472656,34.400001525878906,118955131.0
2019-09-18,34.560001373291016,34.63999938964844,34.0,34.02000045776367,98194479.0
2019-09-19,34.16999816894531,35.16999816894531,33.900001525878906,35.0,101788130.0
2019-09-20,34.900001525878906,34.959999084472656,34.119998931884766,34.400001525878906,90691461.0
2019-09-23,33.9900016784668,33.9900016784668,33.0099983215332,33.689998626708984,89305247.0
2019-09-24,33.709999084472656,35.099998474121094,33.630001068115234,34.529998779296875,119701810.0
2019-09-25,34.099998474121094,34.43000030517578,33.529998779296875,33.880001068115234,66382892.0
2019-09-26,34.060001373291016,34.13999938964844,32.25,32.61000061035156,94827043.0
2019-09-27,32.5099983215332,33.380001068115234,32.5099983215332,33.20000076293945,58160238.0
2019-09-30,32.9900016784668,32.9900016784668,32.02000045776367,32.04999923706055,58475635.0
2019-10-08,32.470001220703125,32.59000015258789,31.729999542236328,31.809999465942383,48361520.0
2019-10-09,31.5,32.20000076293945,31.0,32.150001525878906,51297191.0
2019-10-10,32.20000076293945,33.20000076293945,31.93000030517578,32.869998931884766,89648357.0
2019-10-11,33.119998931884766,33.2400016784668,32.349998474121094,32.900001525878906,65564851.0
2019-10-14,33.54999923706055,33.900001525878906,32.709999084472656,32.959999084472656,98858813.0
2019-10-15,32.9900016784668,33.02000045776367,32.02000045776367,32.04999923706055,57195402.0
2019-10-16,32.220001220703125,32.599998474121094,31.959999084472656,32.0099983215332,47872549.0
2019-10-17,32.0,32.290000915527344,31.760000228881836,32.15999984741211,40195076.0
2019-10-18,32.150001525878906,33.189998626708984,32.02000045776367,32.529998779296875,85296820.0
2019-10-21,32.459999084472656,32.459999084472656,31.579999923706055,31.979999542236328,51881816.0
2019-10-22,32.099998474121094,32.34000015258789,31.700000762939453,32.15999984741211,44223823.0
2019-10-23,32.09000015258789,32.83000183105469,31.899999618530273,32.31999969482422,62925802.0
2019-10-24,32.099998474121094,32.599998474121094,31.90999984741211,32.20000076293945,35848550.0
2019-10-25,32.20000076293945,33.349998474121094,32.040000915527344,33.349998474121094,88136251.0
2019-10-28,33.81999969482422,33.95000076293945,32.88999938964844,33.63999938964844,88753560.0
2019-10-29,33.0,34.7599983215332,32.849998474121094,33.7400016784668,126619346.0
2019-10-30,33.31999969482422,34.25,32.86000061035156,33.22999954223633,73187268.0
2019-10-31,33.33000183105469,33.9900016784668,32.9900016784668,33.400001525878906,65813585.0
2019-11-01,33.15999984741211,34.29999923706055,33.029998779296875,34.0,84442229.0
2019-11-04,34.18000030517578,35.18000030517578,34.04999923706055,34.47999954223633,98045096.0
2019-11-05,34.400001525878906,34.720001220703125,34.08000183105469,34.2400016784668,70219059.0
2019-11-06,34.13999938964844,34.369998931884766,33.08000183105469,33.220001220703125,80338219.0
2019-11-07,33.15999984741211,33.52000045776367,32.97999954223633,33.33000183105469,42600433.0
2019-11-08,33.66999816894531,33.72999954223633,32.7400016784668,32.849998474121094,63896827.0
2019-11-11,32.47999954223633,32.7599983215332,32.20000076293945,32.369998931884766,48646575.0
2019-11-12,32.209999084472656,32.52000045776367,31.899999618530273,32.4900016784668,45715344.0
2019-11-13,32.400001525878906,32.75,32.099998474121094,32.560001373291016,36825581.0
2019-11-14,32.560001373291016,32.86000061035156,32.41999816894531,32.77000045776367,44668933.0
2019-11-15,32.650001525878906,32.650001525878906,31.299999237060547,31.34000015258789,106881911.0
2019-11-18,31.25,31.610000610351562,30.899999618530273,31.360000610351562,45215377.0
2019-11-19,31.360000610351562,31.969999313354492,31.020000457763672,31.889999389648438,66197562.0
2019-11-20,31.899999618530273,31.899999618530273,31.25,31.360000610351562,44809193.0
2019-11-21,31.18000030517578,31.360000610351562,30.93000030517578,31.09000015258789,46962867.0
2019-11-22,31.100000381469727,31.6299991607666,30.450000762939453,30.700000762939453,64714262.0
2019-11-25,30.290000915527344,30.440000534057617,28.959999084472656,30.40999984741211,65297336.0
2019-11-26,30.40999984741211,30.75,30.1299991607666,30.399999618530273,39547406.0
2019-11-27,30.399999618530273,30.639999389648438,30.049999237060547,30.459999084472656,42622296.0
2019-11-28,30.350000381469727,30.700000762939453,30.309999465942383,30.649999618530273,36999431.0
2019-11-29,30.600000381469727,30.709999084472656,30.149999618530273,30.709999084472656,37841288.0
2019-12-02,30.68000030517578,30.790000915527344,30.420000076293945,30.56999969482422,32676778.0
2019-12-03,30.40999984741211,30.719999313354492,30.209999084472656,30.670000076293945,33969901.0
2019-12-04,30.309999465942383,31.299999237060547,30.309999465942383,31.18000030517578,59621444.0
2019-12-05,31.190000534057617,32.150001525878906,31.040000915527344,31.950000762939453,85215186.0
2019-12-06,31.950000762939453,32.099998474121094,31.450000762939453,31.90999984741211,48176282.0
2019-12-09,31.899999618530273,31.940000534057617,31.5,31.600000381469727,44010443.0
2019-12-10,31.56999969482422,32.29999923706055,31.34000015258789,32.08000183105469,63615020.0
2019-12-11,31.979999542236328,32.36000061035156,31.649999618530273,31.850000381469727,39200002.0
2019-12-12,31.850000381469727,33.11000061035156,31.65999984741211,32.849998474121094,120946876.0
2019-12-13,33.310001373291016,33.540000915527344,32.61000061035156,33.20000076293945,105139898.0
2019-12-16,33.400001525878906,33.70000076293945,32.88999938964844,33.54999923706055,88707147.0
2019-12-17,33.619998931884766,33.95000076293945,33.20000076293945,33.59000015258789,93164551.0
2019-12-18,33.560001373291016,35.189998626708984,33.40999984741211,34.25,131263846.0
2019-12-19,34.02000045776367,34.79999923706055,33.810001373291016,34.4900016784668,88462027.0
2019-12-20,34.20000076293945,34.5099983215332,33.34000015258789,33.369998931884766,90154046.0
2019-12-23,33.099998474121094,33.11000061035156,32.209999084472656,32.2599983215332,73193452.0
2019-12-24,32.40999984741211,33.2400016784668,32.20000076293945,33.119998931884766,67034339.0
2019-12-25,32.93000030517578,34.209999084472656,32.83000183105469,33.75,82451923.0
2019-12-26,33.779998779296875,34.04999923706055,33.45000076293945,33.900001525878906,45610528.0
2019-12-27,34.0099983215332,34.279998779296875,33.5,33.63999938964844,63917054.0
2019-12-30,33.380001068115234,34.630001068115234,33.209999084472656,34.349998474121094,86198543.0
2019-12-31,34.599998474121094,36.279998779296875,34.41999816894531,35.38999938964844,135154282.0
2020-01-02,35.65999984741211,35.79999923706055,35.130001068115234,35.45000076293945,101425488.0
2020-01-03,36.689998626708984,37.7599983215332,36.20000076293945,36.54999923706055,179084129.0
2020-01-06,36.04999923706055,37.16999816894531,35.900001525878906,36.70000076293945,113853756.0
2020-01-07,36.70000076293945,36.900001525878906,36.06999969482422,36.599998474121094,82303154.0
2020-01-08,36.33000183105469,36.880001068115234,35.65999984741211,35.709999084472656,82053043.0
2020-01-09,36.31999969482422,37.36000061035156,36.31999969482422,37.02000045776367,97329703.0
2020-01-10,37.25,38.380001068115234,37.02000045776367,37.36000061035156,101287510.0
2020-01-13,37.68000030517578,37.959999084472656,37.18000030517578,37.959999084472656,80588354.0
2020-01-14,37.88999938964844,37.900001525878906,36.63999938964844,36.709999084472656,111581615.0
2020-01-15,36.5,37.08000183105469,36.11000061035156,36.91999816894531,78088259.0
2020-01-16,37.33000183105469,38.40999984741211,37.290000915527344,37.40999984741211,103244359.0
2020-01-17,37.72999954223633,39.349998474121094,37.72999954223633,38.84000015258789,132188178.0
2020-01-20,38.70000076293945,40.099998474121094,38.40999984741211,40.060001373291016,107407515.0
2020-01-21,39.5,40.060001373291016,38.56999969482422,38.61000061035156,94271570.0
2020-01-22,38.380001068115234,41.11000061035156,38.290000915527344,40.650001525878906,109041573.0
2020-01-23,39.95000076293945,40.5,38.29999923706055,39.16999816894531,111597708.0
2020-02-03,35.25,37.209999084472656,35.25,35.90999984741211,180212366.0
2020-02-04,36.52000045776367,38.65999984741211,36.52000045776367,38.369998931884766,134812484.0
2020-02-05,38.70000076293945,39.25,37.65999984741211,38.20000076293945,125489548.0
2020-02-06,37.900001525878906,39.59000015258789,37.560001373291016,39.220001220703125,107615505.0
2020-02-07,38.880001068115234,39.310001373291016,37.90999984741211,38.93000030517578,96320182.0
2020-02-10,38.54999923706055,40.7400016784668,38.310001373291016,40.119998931884766,102856136.0
2020-02-11,40.290000915527344,40.900001525878906,39.599998474121094,40.0099983215332,72843758.0
2020-02-12,39.75,40.29999923706055,39.380001068115234,40.13999938964844,81383347.0
2020-02-13,39.709999084472656,40.54999923706055,39.09000015258789,39.709999084472656,92112139.0
2020-02-14,39.54999923706055,40.16999816894531,39.060001373291016,39.470001220703125,85995275.0
2020-02-17,40.20000076293945,43.40999984741211,39.68000030517578,43.119998931884766,181386839.0
2020-02-18,42.849998474121094,43.529998779296875,42.11000061035156,43.529998779296875,128644050.0
2020-02-19,43.4900016784668,46.04999923706055,43.33000183105469,43.68000030517578,132712686.0
2020-02-20,44.119998931884766,45.099998474121094,43.720001220703125,44.59000015258789,108815025.0
2020-02-21,45.0,46.54999923706055,44.349998474121094,45.54999923706055,119112564.0
2020-02-24,47.20000076293945,50.11000061035156,47.20000076293945,50.11000061035156,139844618.0
2020-02-25,50.70000076293945,55.11000061035156,49.06999969482422,55.11000061035156,276855333.0
2020-02-26,53.5,53.93000030517578,50.5,50.95000076293945,206819148.0
2020-02-27,51.150001525878906,52.63999938964844,49.18000030517578,51.47999954223633,158842568.0
2020-02-28,48.400001525878906,51.0,48.400001525878906,50.0,153674147.0
2020-03-02,52.0,55.0,50.5,54.599998474121094,227384795.0
2020-03-03,56.70000076293945,56.70000076293945,52.5,52.939998626708984,243903080.0
2020-03-04,51.97999954223633,52.97999954223633,49.099998474121094,51.36000061035156,180091000.0
2020-03-05,53.5,53.65999984741211,51.380001068115234,51.90999984741211,163087649.0
2020-03-06,50.52000045776367,51.29999923706055,50.02000045776367,50.86000061035156,96545533.0
2020-03-09,50.0,53.38999938964844,49.70000076293945,51.0099983215332,154811920.0
2020-03-10,50.5,54.290000915527344,48.97999954223633,54.11000061035156,214192966.0
2020-03-11,54.20000076293945,56.290000915527344,52.400001525878906,52.47999954223633,172021577.0
2020-03-12,51.130001068115234,52.060001373291016,50.0099983215332,51.41999816894531,122413158.0
2020-03-13,49.29999923706055,51.90999984741211,49.0,50.810001373291016,128440578.0
2020-03-16,47.36000061035156,48.70000076293945,45.709999084472656,45.709999084472656,308531443.0
2020-03-17,45.61000061035156,45.61000061035156,41.13999938964844,41.54999923706055,307223565.0
2020-03-18,41.900001525878906,42.349998474121094,38.79999923706055,39.11000061035156,250871091.0
2020-03-19,38.650001525878906,42.810001373291016,37.75,41.7599983215332,272372530.0
2020-03-20,42.02000045776367,42.29999923706055,40.20000076293945,41.63999938964844,164567486.0
2020-03-23,40.0099983215332,42.279998779296875,39.70000076293945,40.84000015258789,122654204.0
2020-03-24,41.91999816894531,42.58000183105469,40.13999938964844,42.54999923706055,153814462.0
2020-03-25,43.880001068115234,45.150001525878906,43.5099983215332,44.86000061035156,183616505.0
2020-03-26,44.0099983215332,44.2599983215332,42.900001525878906,43.099998474121094,113474423.0
2020-03-27,43.9900016784668,44.380001068115234,43.209999084472656,43.38999938964844,89693100.0
2020-03-30,42.459999084472656,43.36000061035156,40.86000061035156,42.7400016784668,110433870.0
2020-03-31,43.5,44.400001525878906,42.08000183105469,42.79999923706055,116992366.0
2020-04-01,42.0,43.439998626708984,41.380001068115234,41.47999954223633,120012726.0
2020-04-02,41.5099983215332,43.0,41.400001525878906,42.65999984741211,121133844.0
2020-04-03,41.79999923706055,41.939998626708984,40.849998474121094,40.970001220703125,147845212.0
2020-04-07,41.79999923706055,41.970001220703125,41.20000076293945,41.689998626708984,122815760.0
2020-04-08,41.29999923706055,42.09000015258789,40.900001525878906,41.130001068115234,112507976.0
2020-04-09,41.43000030517578,41.970001220703125,41.06999969482422,41.119998931884766,86136274.0
2020-04-10,40.650001525878906,40.79999923706055,39.029998779296875,39.290000915527344,131575950.0
2020-04-13,38.79999923706055,39.06999969482422,38.060001373291016,38.5099983215332,69639755.0
2020-04-14,38.709999084472656,39.529998779296875,38.709999084472656,39.5099983215332,80048065.0
2020-04-15,39.79999923706055,40.400001525878906,39.20000076293945,39.5099983215332,88132057.0
2020-04-16,39.099998474121094,39.43000030517578,38.70000076293945,39.20000076293945,58102510.0
2020-04-17,39.900001525878906,40.88999938964844,39.81999969482422,40.0,121663427.0
2020-04-20,40.15999984741211,41.40999984741211,40.150001525878906,40.689998626708984,87552148.0
2020-04-21,40.33000183105469,40.630001068115234,39.900001525878906,40.38999938964844,65346920.0
2020-04-22,40.029998779296875,40.59000015258789,39.900001525878906,40.58000183105469,46436000.0
2020-04-23,41.0,41.09000015258789,39.90999984741211,39.970001220703125,54811472.0
2020-04-24,39.970001220703125,40.29999923706055,38.45000076293945,38.849998474121094,87056652.0
2020-04-27,39.5,39.59000015258789,38.790000915527344,38.880001068115234,57272480.0
2020-04-28,38.630001068115234,39.209999084472656,37.5,39.18000030517578,81701872.0
2020-04-29,38.88999938964844,39.099998474121094,38.65999984741211,38.709999084472656,50015547.0
2020-04-30,39.150001525878906,41.58000183105469,39.130001068115234,41.09000015258789,152293125.0
2020-05-06,40.5,41.9900016784668,40.349998474121094,41.90999984741211,111979022.0
2020-05-07,43.40999984741211,44.68000030517578,42.189998626708984,42.209999084472656,148523363.0
2020-05-08,42.689998626708984,42.97999954223633,42.099998474121094,42.5,89289983.0
2020-05-11,42.75,43.29999923706055,42.459999084472656,43.029998779296875,80348049.0
2020-05-12,42.88999938964844,42.900001525878906,41.47999954223633,42.220001220703125,77251351.0
2020-05-13,41.70000076293945,42.04999923706055,41.4900016784668,41.7599983215332,52771925.0
2020-05-14,41.5,41.689998626708984,40.599998474121094,40.689998626708984,77959716.0
2020-05-15,40.869998931884766,41.529998779296875,40.400001525878906,41.16999816894531,78855517.0
2020-05-18,41.099998474121094,41.36000061035156,38.97999954223633,40.220001220703125,84353093.0
2020-05-19,40.599998474121094,40.91999816894531,40.04999923706055,40.369998931884766,61984422.0
2020-05-20,40.29999923706055,40.79999923706055,39.86000061035156,40.45000076293945,60449673.0
2020-05-21,40.70000076293945,40.75,39.029998779296875,39.310001373291016,83554100.0
2020-05-22,39.0,39.2599983215332,38.119998931884766,38.380001068115234,64568415.0
2020-05-25,38.0,38.04999923706055,36.779998779296875,37.08000183105469,85618159.0
2020-05-26,37.310001373291016,37.63999938964844,37.13999938964844,37.5099983215332,58292560.0
2020-05-27,37.540000915527344,37.63999938964844,36.91999816894531,37.029998779296875,48546286.0
2020-05-28,37.0,37.0,35.400001525878906,36.279998779296875,88222884.0
2020-05-29,36.0,36.459999084472656,35.689998626708984,35.95000076293945,57955792.0
2020-06-01,36.720001220703125,38.880001068115234,36.599998474121094,38.54999923706055,121066294.0
2020-06-02,38.70000076293945,38.970001220703125,38.08000183105469,38.63999938964844,78415324.0
2020-06-03,38.68000030517578,39.56999969482422,38.29999923706055,38.70000076293945,88375709.0
2020-06-04,38.900001525878906,39.08000183105469,38.20000076293945,38.2400016784668,51430100.0
2020-06-05,38.2599983215332,38.41999816894531,37.88999938964844,38.16999816894531,43120141.0
2020-06-08,38.540000915527344,39.61000061035156,38.540000915527344,38.91999816894531,80681367.0
2020-06-09,38.939998626708984,39.08000183105469,38.5099983215332,38.75,45924432.0
2020-06-10,38.75,38.75,38.08000183105469,38.54999923706055,47018454.0
2020-06-11,38.5,38.970001220703125,38.11000061035156,38.279998779296875,60558971.0
2020-06-12,37.119998931884766,38.529998779296875,37.029998779296875,38.29999923706055,65071767.0
2020-06-15,37.95000076293945,38.45000076293945,37.5099983215332,37.59000015258789,60178978.0
2020-06-16,38.79999923706055,40.150001525878906,38.560001373291016,40.150001525878906,169531920.0
2020-06-17,40.16999816894531,40.16999816894531,39.27000045776367,39.75,92728115.0
2020-06-18,39.79999923706055,43.52000045776367,39.349998474121094,42.380001068115234,211994398.0
2020-06-19,42.470001220703125,44.189998626708984,41.900001525878906,42.849998474121094,181132823.0
2020-06-22,41.70000076293945,42.599998474121094,41.5,42.18000030517578,152441120.0
2020-06-23,41.54999923706055,41.61000061035156,39.56999969482422,39.83000183105469,192694127.0
2020-06-24,39.68000030517578,40.400001525878906,39.599998474121094,39.72999954223633,78304558.0
2020-06-29,39.5099983215332,39.90999984741211,39.02000045776367,39.189998626708984,61385625.0
2020-06-30,39.599998474121094,40.68000030517578,39.599998474121094,40.130001068115234,96568423.0
2020-07-01,40.11000061035156,40.560001373291016,39.13999938964844,39.7400016784668,98502930.0
2020-07-02,39.04999923706055,40.560001373291016,38.529998779296875,40.439998626708984,141162988.0
2020-07-03,40.54999923706055,42.88999938964844,40.09000015258789,42.40999984741211,177765270.0
2020-07-06,42.849998474121094,45.20000076293945,42.560001373291016,44.66999816894531,198343072.0
2020-07-07,45.220001220703125,47.470001220703125,44.40999984741211,45.45000076293945,204152868.0
2020-07-08,45.29999923706055,46.15999984741211,44.310001373291016,46.04999923706055,145330957.0
2020-07-09,46.66999816894531,47.880001068115234,45.810001373291016,47.11000061035156,160544698.0
2020-07-10,46.45000076293945,46.65999984741211,44.900001525878906,44.959999084472656,151404667.0
2020-07-13,44.709999084472656,46.04999923706055,44.09000015258789,46.029998779296875,139174849.0
2020-07-14,46.0,46.0,44.130001068115234,44.79999923706055,120200149.0
2020-07-15,44.79999923706055,45.20000076293945,42.720001220703125,42.810001373291016,119452067.0
2020-07-16,42.720001220703125,43.279998779296875,39.68000030517578,40.06999969482422,132487042.0
2020-07-17,40.08000183105469,40.599998474121094,39.5099983215332,40.33000183105469,82119257.0
2020-07-20,40.58000183105469,41.36000061035156,39.900001525878906,41.22999954223633,82909449.0
2020-07-21,41.400001525878906,41.59000015258789,40.66999816894531,40.97999954223633,63228529.0
2020-07-22,41.02000045776367,42.13999938964844,40.63999938964844,41.380001068115234,82460728.0
2020-07-23,40.58000183105469,40.84000015258789,38.959999084472656,39.720001220703125,159589300.0
2020-07-24,39.29999923706055,39.529998779296875,37.650001525878906,37.91999816894531,112395286.0
2020-07-27,37.939998626708984,38.45000076293945,37.68000030517578,38.279998779296875,67770032.0
2020-07-28,38.59000015258789,38.79999923706055,38.060001373291016,38.380001068115234,48717271.0
2020-07-29,38.400001525878906,39.58000183105469,38.13999938964844,39.540000915527344,76750338.0
2020-07-30,39.709999084472656,39.7400016784668,38.880001068115234,38.91999816894531,55269586.0
2020-07-31,38.900001525878906,39.68000030517578,38.84000015258789,39.16999816894531,62535727.0
2020-08-03,39.20000076293945,39.56999969482422,38.91999816894531,39.5,102062241.0
2020-08-04,39.560001373291016,39.70000076293945,38.61000061035156,38.880001068115234,90145779.0
2020-08-05,39.5,39.599998474121094,38.709999084472656,39.13999938964844,79926419.0
2020-08-06,39.029998779296875,39.029998779296875,38.22999954223633,38.709999084472656,72023429.0
2020-08-07,38.79999923706055,39.4900016784668,38.279998779296875,38.90999984741211,79119251.0
2020-08-10,38.40999984741211,38.599998474121094,37.79999923706055,38.34000015258789,61024890.0
2020-08-11,38.349998474121094,38.58000183105469,37.95000076293945,38.040000915527344,50117807.0
2020-08-12,37.83000183105469,38.650001525878906,36.9900016784668,38.619998931884766,91461575.0
2020-08-13,38.61000061035156,38.61000061035156,38.0,38.20000076293945,45750999.0
2020-08-14,38.0,38.560001373291016,38.0,38.349998474121094,36941652.0
2020-08-17,39.0,40.369998931884766,38.75,40.22999954223633,137645704.0
2020-08-18,40.0,40.189998626708984,39.540000915527344,39.75,71018283.0
2020-08-19,39.70000076293945,39.70000076293945,38.54999923706055,38.650001525878906,68556737.0
2020-08-20,38.369998931884766,38.849998474121094,38.0,38.849998474121094,37237685.0
2020-08-21,39.08000183105469,39.369998931884766,38.619998931884766,38.880001068115234,39311191.0
2020-08-24,38.869998931884766,38.970001220703125,38.400001525878906,38.4900016784668,43156602.0
2020-08-25,38.529998779296875,38.70000076293945,38.06999969482422,38.220001220703125,40081071.0
2020-08-26,38.209999084472656,38.58000183105469,37.93000030517578,38.040000915527344,45199064.0
2020-08-27,38.189998626708984,39.040000915527344,37.97999954223633,38.880001068115234,59728437.0
2020-08-28,38.66999816894531,38.880001068115234,38.18000030517578,38.83000183105469,47875132.0
2020-08-31,39.34000015258789,39.849998474121094,39.0,39.02000045776367,78802650.0
2020-09-01,38.79999923706055,38.970001220703125,38.38999938964844,38.66999816894531,48858879.0
2020-09-02,38.790000915527344,39.349998474121094,38.59000015258789,38.84000015258789,49880565.0
2020-09-03,38.5,38.5,37.45000076293945,37.68000030517578,93796140.0
2020-09-04,37.0099983215332,37.5,36.91999816894531,37.47999954223633,41552586.0
2020-09-07,37.47999954223633,37.63999938964844,36.5,36.599998474121094,52442149.0
2020-09-08,36.61000061035156,36.81999969482422,35.779998779296875,36.22999954223633,45818666.0
2020-09-09,35.709999084472656,35.900001525878906,34.599998474121094,34.790000915527344,65026144.0
2020-09-10,35.15999984741211,35.2400016784668,32.20000076293945,32.9900016784668,97150631.0
2020-09-11,32.9900016784668,33.790000915527344,32.29999923706055,33.70000076293945,58150217.0
2020-09-14,33.779998779296875,33.88999938964844,33.29999923706055,33.47999954223633,38905034.0
2020-09-15,33.52000045776367,33.77000045776367,33.2400016784668,33.61000061035156,28317181.0
2020-09-16,33.599998474121094,33.95000076293945,33.349998474121094,33.630001068115234,29437175.0
2020-09-17,33.400001525878906,33.88999938964844,33.0,33.52000045776367,35412000.0
2020-09-18,33.5,33.79999923706055,33.310001373291016,33.720001220703125,40307225.0
2020-09-21,33.91999816894531,35.20000076293945,33.900001525878906,34.810001373291016,66006727.0
2020-09-22,34.400001525878906,34.59000015258789,34.09000015258789,34.27000045776367,30724043.0
2020-09-23,34.27000045776367,34.47999954223633,33.83000183105469,34.02000045776367,24393016.0
2020-09-24,33.61000061035156,33.77000045776367,33.029998779296875,33.18000030517578,29573661.0
2020-09-25,33.18000030517578,33.41999816894531,33.02000045776367,33.119998931884766,20561987.0
2020-09-28,33.099998474121094,33.220001220703125,32.58000183105469,32.599998474121094,21292431.0
2020-09-29,32.72999954223633,33.18000030517578,32.66999816894531,32.90999984741211,24901849.0
2020-09-30,32.900001525878906,33.20000076293945,32.70000076293945,33.09000015258789,22292890.0
2020-10-09,33.65999984741211,33.939998626708984,33.2599983215332,33.380001068115234,38689513.0
2020-10-12,34.0,34.880001068115234,33.88999938964844,34.86000061035156,71537358.0
2020-10-13,35.29999923706055,36.27000045776367,35.150001525878906,35.7400016784668,71701079.0
2020-10-14,35.58000183105469,35.7400016784668,34.900001525878906,35.25,44673372.0
2020-10-15,35.29999923706055,35.599998474121094,34.720001220703125,34.7599983215332,32793455.0
2020-10-16,34.880001068115234,34.97999954223633,34.11000061035156,34.470001220703125,27460078.0
2020-10-19,35.0,35.400001525878906,34.43000030517578,34.5,29243400.0
2020-10-20,34.4900016784668,34.849998474121094,34.029998779296875,34.84000015258789,20579533.0
2020-10-21,34.849998474121094,34.880001068115234,34.04999923706055,34.130001068115234,25545594.0
2020-10-22,33.91999816894531,33.95000076293945,33.459999084472656,33.68000030517578,21985916.0
2020-10-23,33.4900016784668,33.880001068115234,33.36000061035156,33.43000030517578,18450100.0
2020-10-26,33.25,33.77000045776367,33.0,33.4900016784668,18013797.0
2020-10-27,33.29999923706055,33.560001373291016,33.13999938964844,33.369998931884766,14283111.0
2020-10-28,33.38999938964844,34.630001068115234,33.209999084472656,34.4900016784668,48765978.0
2020-10-29,33.20000076293945,33.349998474121094,32.52000045776367,33.08000183105469,73448292.0
2020-10-30,33.06999969482422,33.310001373291016,32.0,32.279998779296875,53923950.0
2020-11-02,32.130001068115234,32.43000030517578,30.15999984741211,31.1299991607666,58591682.0
2020-11-03,30.520000457763672,32.18000030517578,30.520000457763672,31.959999084472656,38602965.0
2020-11-04,32.099998474121094,32.22999954223633,31.600000381469727,31.639999389648438,27559654.0
2020-11-05,32.58000183105469,34.79999923706055,32.22999954223633,34.79999923706055,139526810.0
2020-11-06,35.66999816894531,36.880001068115234,35.040000915527344,35.79999923706055,212101714.0
2020-11-09,36.95000076293945,38.93000030517578,36.400001525878906,38.06999969482422,217356615.0
2020-11-10,37.599998474121094,37.599998474121094,36.119998931884766,36.560001373291016,129793299.0
2020-11-11,36.36000061035156,36.9900016784668,35.650001525878906,35.91999816894531,87647868.0
2020-11-12,36.29999923706055,36.849998474121094,35.900001525878906,36.099998474121094,64939219.0
2020-11-13,35.47999954223633,35.95000076293945,35.0,35.81999969482422,74958504.0
2020-11-16,35.84000015258789,35.939998626708984,34.810001373291016,35.16999816894531,56881060.0
2020-11-17,35.16999816894531,35.54999923706055,34.33000183105469,35.5,61419848.0
2020-11-18,35.2599983215332,36.099998474121094,34.959999084472656,35.72999954223633,68749582.0
2020-11-19,35.400001525878906,36.9900016784668,35.20000076293945,36.29999923706055,84869025.0
2020-11-20,36.349998474121094,36.77000045776367,35.86000061035156,36.220001220703125,62991119.0
2020-11-23,36.29999923706055,36.439998626708984,35.400001525878906,35.75,58399821.0
2020-11-24,35.59000015258789,36.790000915527344,35.40999984741211,36.58000183105469,81833271.0
2020-11-25,36.20000076293945,36.310001373291016,35.40999984741211,35.540000915527344,72649034.0
2020-11-26,35.540000915527344,36.0,35.34000015258789,35.70000076293945,37489694.0
2020-11-27,35.47999954223633,35.650001525878906,34.65999984741211,34.9900016784668,55770352.0
2020-11-30,34.7599983215332,35.630001068115234,34.380001068115234,34.72999954223633,63235227.0
2020-12-01,34.709999084472656,35.20000076293945,34.619998931884766,35.060001373291016,42900011.0
2020-12-02,35.0,35.93000030517578,34.880001068115234,35.47999954223633,59015736.0
2020-12-03,35.47999954223633,35.4900016784668,34.849998474121094,35.060001373291016,42145910.0
2020-12-04,34.84000015258789,35.0,34.61000061035156,34.810001373291016,27151987.0
2020-12-07,34.650001525878906,34.86000061035156,33.72999954223633,33.810001373291016,56581610.0
2020-12-08,33.75,34.099998474121094,33.70000076293945,33.79999923706055,22875731.0
2020-12-09,33.810001373291016,33.900001525878906,32.79999923706055,32.84000015258789,47545237.0
2020-12-10,32.75,33.15999984741211,32.5,32.84000015258789,31550865.0
2020-12-11,32.84000015258789,32.93000030517578,32.0,32.16999816894531,45646271.0
2020-12-14,32.189998626708984,32.709999084472656,32.0,32.5099983215332,28861407.0
2020-12-15,32.54999923706055,33.349998474121094,32.31999969482422,32.880001068115234,32955592.0
2020-12-16,33.0,33.119998931884766,32.45000076293945,32.5,23610521.0
2020-12-17,32.5,32.83000183105469,32.02000045776367,32.810001373291016,29537371.0
2020-12-18,32.90999984741211,33.310001373291016,32.77000045776367,32.810001373291016,30619599.0
2020-12-21,32.5,32.779998779296875,32.15999984741211,32.380001068115234,35469136.0
2020-12-22,32.22999954223633,32.29999923706055,31.40999984741211,31.520000457763672,54599592.0
2020-12-23,31.399999618530273,31.959999084472656,30.8799991607666,31.790000915527344,51101525.0
2020-12-24,31.770000457763672,31.950000762939453,31.049999237060547,31.170000076293945,29798371.0
2020-12-25,31.149999618530273,31.149999618530273,30.719999313354492,31.040000915527344,31797353.0
2020-12-28,31.040000915527344,31.06999969482422,30.510000228881836,30.56999969482422,31469254.0
2020-12-29,30.649999618530273,33.630001068115234,30.649999618530273,33.630001068115234,160507339.0
2020-12-30,33.59000015258789,33.59000015258789,32.599998474121094,33.439998626708984,114045943.0
2020-12-31,33.43000030517578,34.060001373291016,32.81999969482422,33.650001525878906,105116223.0
2021-01-04,33.0,34.47999954223633,32.720001220703125,34.33000183105469,129647346.0
2021-01-05,33.97999954223633,35.130001068115234,33.650001525878906,34.5099983215332,125476595.0
2021-01-06,34.79999923706055,34.869998931884766,33.31999969482422,33.630001068115234,91774305.0
2021-01-07,33.29999923706055,33.310001373291016,32.209999084472656,32.66999816894531,92104324.0
2021-01-08,32.54999923706055,35.04999923706055,32.380001068115234,33.900001525878906,133819219.0
2021-01-11,34.189998626708984,35.04999923706055,33.68000030517578,34.93000030517578,148815767.0
2021-01-12,35.099998474121094,35.349998474121094,34.36000061035156,35.31999969482422,133362914.0
2021-01-13,35.63999938964844,37.2400016784668,35.209999084472656,36.720001220703125,202807344.0
2021-01-14,36.400001525878906,36.869998931884766,35.5,35.90999984741211,140349436.0
2021-01-15,35.91999816894531,35.970001220703125,34.72999954223633,35.099998474121094,88885676.0
2021-01-18,35.29999923706055,36.68000030517578,35.099998474121094,36.33000183105469,112508346.0
2021-01-19,36.43000030517578,37.09000015258789,35.619998931884766,35.86000061035156,101941151.0
2021-01-20,35.599998474121094,36.09000015258789,35.09000015258789,35.869998931884766,70012182.0
2021-01-21,35.86000061035156,35.86000061035156,34.70000076293945,35.31999969482422,93743220.0
2021-01-22,35.400001525878906,35.400001525878906,33.79999923706055,33.880001068115234,101234457.0
2021-01-25,34.959999084472656,36.099998474121094,34.45000076293945,35.70000076293945,146625985.0
2021-01-26,35.290000915527344,35.810001373291016,33.84000015258789,34.029998779296875,99995649.0
2021-01-27,34.060001373291016,34.54999923706055,33.880001068115234,33.91999816894531,54517394.0
2021-01-28,33.5,33.5,32.20000076293945,32.52000045776367,82246204.0
2021-01-29,32.79999923706055,32.849998474121094,31.799999237060547,32.189998626708984,50997069.0
2021-02-01,31.979999542236328,32.599998474121094,31.709999084472656,32.31999969482422,37325635.0
2021-02-02,32.25,32.27000045776367,31.520000457763672,31.719999313354492,53298777.0
2021-02-03,31.399999618530273,32.790000915527344,31.15999984741211,31.940000534057617,65950621.0
2021-02-04,31.399999618530273,31.700000762939453,30.56999969482422,31.489999771118164,86894997.0
2021-02-05,31.40999984741211,31.639999389648438,30.829999923706055,30.889999389648438,49682310.0
2021-02-08,31.18000030517578,31.440000534057617,30.469999313354492,30.920000076293945,52464923.0
2021-02-09,30.860000610351562,31.979999542236328,30.729999542236328,31.700000762939453,57652854.0
2021-02-10,31.709999084472656,32.439998626708984,31.360000610351562,32.209999084472656,59296444.0
2021-02-18,32.88999938964844,33.16999816894531,32.400001525878906,32.459999084472656,70531931.0
2021-02-19,32.369998931884766,33.0,31.950000762939453,32.95000076293945,56051236.0
2021-02-22,33.0099983215332,33.34000015258789,32.65999984741211,32.70000076293945,69551049.0
2021-02-23,32.599998474121094,32.9900016784668,32.099998474121094,32.349998474121094,54616318.0
2021-02-24,32.36000061035156,32.779998779296875,31.809999465942383,32.08000183105469,51842852.0
2021-02-25,32.4900016784668,32.54999923706055,31.959999084472656,31.979999542236328,40821020.0
2021-02-26,31.479999542236328,32.25,31.389999389648438,31.760000228881836,44885586.0
2021-03-01,31.760000228881836,32.099998474121094,31.43000030517578,32.06999969482422,45016766.0
2021-03-02,32.209999084472656,32.65999984741211,31.8700008392334,32.150001525878906,55511508.0
2021-03-03,32.369998931884766,32.540000915527344,31.920000076293945,32.33000183105469,45584066.0
2021-03-04,32.34000015258789,32.5,31.399999618530273,31.6299991607666,62162407.0
2021-03-05,31.030000686645508,31.90999984741211,31.0,31.709999084472656,37636755.0
2021-03-08,31.719999313354492,32.36000061035156,31.479999542236328,31.59000015258789,45703515.0
2021-03-09,31.440000534057617,31.5,30.479999542236328,30.8700008392334,52365229.0
2021-03-10,31.15999984741211,31.280000686645508,30.5,30.760000228881836,43488654.0
2021-03-11,30.81999969482422,31.65999984741211,30.559999465942383,31.399999618530273,52266869.0
2021-03-12,31.450000762939453,31.450000762939453,30.709999084472656,30.940000534057617,38224929.0
2021-03-15,30.389999389648438,30.389999389648438,27.850000381469727,28.219999313354492,137720729.0
2021-03-16,28.299999237060547,28.739999771118164,27.799999237060547,28.549999237060547,58866736.0
2021-03-17,29.860000610351562,30.700000762939453,29.450000762939453,30.530000686645508,112331669.0
2021-03-18,30.399999618530273,30.56999969482422,30.100000381469727,30.450000762939453,53867157.0
2021-03-19,30.0,30.200000762939453,29.479999542236328,29.530000686645508,46781808.0
2021-03-22,29.479999542236328,29.850000381469727,29.3700008392334,29.65999984741211,33248868.0
2021-03-23,29.799999237060547,30.280000686645508,29.649999618530273,29.709999084472656,37726011.0
2021-03-24,29.700000762939453,29.709999084472656,29.0,29.049999237060547,34157404.0
2021-03-25,29.06999969482422,29.280000686645508,28.780000686645508,28.8799991607666,25757638.0
2021-03-26,29.200000762939453,29.649999618530273,29.149999618530273,29.479999542236328,38267511.0
2021-03-29,29.479999542236328,29.6299991607666,29.200000762939453,29.25,28458054.0
2021-03-30,29.270000457763672,29.549999237060547,29.1299991607666,29.31999969482422,25426372.0
2021-03-31,29.31999969482422,29.31999969482422,29.31999969482422,29.31999969482422,0.0
2021-04-01,29.959999084472656,29.959999084472656,29.329999923706055,29.389999389648438,36551110.0
2021-04-02,29.399999618530273,29.850000381469727,29.399999618530273,29.600000381469727,29682633.0
2021-04-06,29.610000610351562,29.6200008392334,29.329999923706055,29.399999618530273,23166968.0
2021-04-07,29.329999923706055,29.329999923706055,28.850000381469727,29.110000610351562,31747742.0
2021-04-08,29.0,29.1299991607666,28.799999237060547,28.8700008392334,26839333.0
2021-04-09,28.8799991607666,28.950000762939453,28.18000030517578,28.309999465942383,38656981.0
2021-04-12,28.34000015258789,28.389999389648438,28.010000228881836,28.020000457763672,25590610.0
2021-04-13,28.030000686645508,28.239999771118164,27.860000610351562,28.020000457763672,23588848.0
2021-04-14,28.0,28.170000076293945,27.81999969482422,28.079999923706055,32701281.0
2021-04-15,28.010000228881836,28.010000228881836,27.68000030517578,27.739999771118164,25397906.0
2021-04-16,27.790000915527344,28.459999084472656,27.700000762939453,28.360000610351562,37768398.0
2021-04-19,28.200000762939453,29.079999923706055,28.15999984741211,28.920000076293945,46675442.0
2021-04-20,28.84000015258789,29.020000457763672,28.559999465942383,28.579999923706055,29867868.0
2021-04-21,28.530000686645508,28.530000686645508,28.209999084472656,28.299999237060547,20996111.0
2021-04-22,28.209999084472656,30.25,28.209999084472656,29.530000686645508,76505874.0
2021-04-23,29.329999923706055,29.65999984741211,29.139999389648438,29.190000534057617,42719800.0
2021-04-26,29.200000762939453,29.829999923706055,29.030000686645508,29.139999389648438,45461184.0
2021-04-27,29.110000610351562,29.299999237060547,28.780000686645508,29.1299991607666,28923576.0
2021-04-28,29.09000015258789,29.56999969482422,28.90999984741211,29.559999465942383,31594722.0
2021-04-29,29.649999618530273,29.969999313354492,29.15999984741211,29.190000534057617,45919382.0
2021-04-30,29.170000076293945,29.34000015258789,28.770000457763672,28.950000762939453,33498152.0
2021-05-06,28.850000381469727,28.979999542236328,28.479999542236328,28.520000457763672,26568483.0
2021-05-07,28.510000228881836,28.760000228881836,28.110000610351562,28.139999389648438,28147320.0
2021-05-10,28.1200008392334,28.3799991607666,27.75,28.329999923706055,25772176.0
2021-05-11,28.1200008392334,28.489999771118164,28.110000610351562,28.440000534057617,23095984.0
2021-05-12,28.329999923706055,28.65999984741211,28.25,28.579999923706055,24001537.0
2021-05-13,28.3700008392334,28.75,28.15999984741211,28.18000030517578,32051095.0
2021-05-14,28.350000381469727,29.239999771118164,28.100000381469727,29.079999923706055,46844603.0
2021-05-17,28.969999313354492,29.5,28.950000762939453,29.149999618530273,41076828.0
2021-05-18,29.280000686645508,29.850000381469727,28.959999084472656,29.459999084472656,49662576.0
2021-05-19,29.389999389648438,29.389999389648438,29.0,29.1200008392334,31307841.0
2021-05-20,29.110000610351562,29.40999984741211,28.969999313354492,29.09000015258789,29818447.0
2021-05-21,29.049999237060547,29.280000686645508,28.709999084472656,28.709999084472656,29676982.0
2021-05-24,28.690000534057617,29.68000030517578,28.3799991607666,29.43000030517578,55641601.0
2021-05-25,29.420000076293945,30.079999923706055,29.350000381469727,29.90999984741211,73794344.0
2021-05-26,29.799999237060547,30.389999389648438,29.700000762939453,29.760000228881836,55079413.0
2021-05-27,29.829999923706055,30.940000534057617,29.809999465942383,30.540000915527344,74432629.0
2021-05-28,30.399999618530273,31.850000381469727,30.360000610351562,31.3700008392334,105784698.0
2021-05-31,31.3799991607666,32.11000061035156,31.09000015258789,31.440000534057617,70104585.0
2021-06-01,31.559999465942383,31.979999542236328,31.399999618530273,31.559999465942383,57756194.0
2021-06-02,31.610000610351562,31.6299991607666,30.600000381469727,30.739999771118164,56710663.0
2021-06-03,30.809999465942383,33.5,30.809999465942383,32.779998779296875,162961179.0
2021-06-04,33.029998779296875,33.38999938964844,32.56999969482422,33.0,79614244.0
2021-06-07,33.099998474121094,34.279998779296875,33.099998474121094,33.63999938964844,80881787.0
2021-06-08,33.599998474121094,33.70000076293945,33.02000045776367,33.220001220703125,54667618.0
2021-06-09,33.20000076293945,33.36000061035156,32.529998779296875,32.939998626708984,45073162.0
2021-06-10,33.08000183105469,33.650001525878906,32.939998626708984,33.11000061035156,51868262.0
2021-06-11,33.04999923706055,33.11000061035156,32.29999923706055,32.45000076293945,51155042.0
2021-06-15,32.91999816894531,33.279998779296875,32.20000076293945,32.25,43555465.0
2021-06-16,32.47999954223633,32.56999969482422,31.690000534057617,31.969999313354492,41781362.0
2021-06-17,32.08000183105469,32.86000061035156,31.760000228881836,32.79999923706055,57863644.0
2021-06-18,32.529998779296875,34.5,32.5099983215332,34.150001525878906,126583430.0
2021-06-21,33.91999816894531,34.45000076293945,33.36000061035156,33.41999816894531,70245279.0
2021-06-22,33.40999984741211,33.70000076293945,32.59000015258789,32.709999084472656,55048744.0
2021-06-23,32.720001220703125,33.59000015258789,32.5099983215332,33.0,49963080.0
2021-06-24,33.04999923706055,33.2599983215332,32.119998931884766,32.2599983215332,52965838.0
2021-06-25,32.119998931884766,32.54999923706055,31.920000076293945,32.33000183105469,40260640.0
2021-06-28,32.45000076293945,33.529998779296875,32.45000076293945,33.38999938964844,69953847.0
2021-06-29,33.29999923706055,33.29999923706055,32.540000915527344,32.540000915527344,45705214.0
2021-06-30,32.40999984741211,33.41999816894531,32.029998779296875,33.22999954223633,64380714.0
2021-07-01,33.33000183105469,33.900001525878906,32.79999923706055,32.810001373291016,54784838.0
2021-07-02,32.68000030517578,32.68000030517578,31.610000610351562,31.75,54167758.0
2021-07-05,31.649999618530273,32.13999938964844,31.3700008392334,32.09000015258789,38878360.0
2021-07-06,32.0,32.0,30.889999389648438,31.43000030517578,54645243.0
2021-07-07,31.200000762939453,31.389999389648438,30.8700008392334,31.15999984741211,44239973.0
2021-07-08,31.110000610351562,31.3799991607666,30.920000076293945,31.030000686645508,39025732.0
2021-07-09,31.0,31.549999237060547,30.75,31.270000457763672,47829194.0
2021-07-12,33.0,34.400001525878906,32.900001525878906,34.400001525878906,98988864.0
2021-07-13,35.7599983215332,36.45000076293945,34.83000183105469,35.59000015258789,253710051.0
2021-07-14,35.689998626708984,36.95000076293945,35.47999954223633,36.029998779296875,157321988.0
2021-07-15,36.040000915527344,36.349998474121094,35.349998474121094,35.79999923706055,94484655.0
2021-07-16,35.900001525878906,36.47999954223633,35.66999816894531,35.869998931884766,98088307.0
2021-07-19,35.459999084472656,38.4900016784668,34.97999954223633,37.939998626708984,189379491.0
2021-07-20,37.400001525878906,37.79999923706055,36.7400016784668,37.27000045776367,102312184.0
2021-07-21,37.20000076293945,37.439998626708984,36.459999084472656,36.9900016784668,98710738.0
2021-07-22,36.90999984741211,37.75,36.560001373291016,37.13999938964844,94003287.0
2021-07-23,37.439998626708984,37.45000076293945,36.11000061035156,36.369998931884766,78872205.0
2021-07-26,36.0,36.779998779296875,34.9900016784668,36.150001525878906,88755397.0
2021-07-27,36.349998474121094,38.790000915527344,35.810001373291016,36.77000045776367,187140444.0
2021-07-28,36.63999938964844,38.150001525878906,35.029998779296875,37.290000915527344,149183810.0
2021-07-29,38.119998931884766,38.279998779296875,37.04999923706055,37.54999923706055,136868903.0
2021-07-30,37.25,39.130001068115234,37.099998474121094,38.79999923706055,168116867.0
2021-08-02,39.79999923706055,41.060001373291016,39.11000061035156,40.75,178367319.0
2021-08-03,40.38999938964844,41.68000030517578,39.5099983215332,39.79999923706055,136079220.0
2021-08-04,39.7400016784668,41.31999969482422,39.720001220703125,41.060001373291016,121018602.0
2021-08-05,40.70000076293945,40.88999938964844,39.900001525878906,40.29999923706055,86233134.0
2021-08-06,40.529998779296875,40.560001373291016,39.150001525878906,39.650001525878906,86340503.0
2021-08-09,39.65999984741211,40.29999923706055,38.79999923706055,39.720001220703125,88998672.0
2021-08-10,39.599998474121094,40.06999969482422,39.349998474121094,39.900001525878906,62077147.0
2021-08-11,39.59000015258789,39.59000015258789,36.52000045776367,36.720001220703125,211800382.0
2021-08-12,36.18000030517578,37.38999938964844,36.040000915527344,36.5,103502488.0
2021-08-13,36.400001525878906,36.400001525878906,35.0,35.5,118405933.0
2021-08-16,35.45000076293945,36.09000015258789,35.11000061035156,35.61000061035156,60822232.0
2021-08-17,35.75,35.83000183105469,34.86000061035156,35.0099983215332,65255913.0
2021-08-18,35.0099983215332,35.25,34.650001525878906,35.209999084472656,53920722.0
2021-08-19,35.18000030517578,36.33000183105469,35.0,36.290000915527344,91006823.0
2021-08-20,35.880001068115234,35.90999984741211,35.18000030517578,35.380001068115234,56777503.0
2021-08-23,35.349998474121094,35.68000030517578,34.869998931884766,35.4900016784668,49220489.0
2021-08-24,35.11000061035156,35.43000030517578,34.900001525878906,35.040000915527344,56917164.0
2021-08-25,35.0099983215332,35.279998779296875,33.810001373291016,34.15999984741211,102374101.0
2021-08-26,34.130001068115234,34.400001525878906,33.66999816894531,33.900001525878906,56204684.0
2021-08-27,34.0,34.599998474121094,33.70000076293945,34.41999816894531,59983149.0
2021-08-30,34.709999084472656,34.72999954223633,32.439998626708984,32.79999923706055,133339146.0
2021-08-31,32.83000183105469,33.220001220703125,32.470001220703125,33.20000076293945,65312931.0
2021-09-01,33.20000076293945,34.13999938964844,32.68000030517578,33.720001220703125,80363728.0
2021-09-02,33.72999954223633,33.79999923706055,32.88999938964844,33.150001525878906,56448582.0
2021-09-03,32.939998626708984,33.72999954223633,32.93000030517578,33.2400016784668,49625039.0
2021-09-06,33.20000076293945,34.060001373291016,33.029998779296875,33.93000030517578,58871479.0
2021-09-07,34.08000183105469,34.099998474121094,33.54999923706055,33.84000015258789,51814823.0
2021-09-08,34.0,34.939998626708984,33.650001525878906,34.63999938964844,82134239.0
2021-09-09,34.5,35.029998779296875,34.27000045776367,34.650001525878906,51701259.0
2021-09-10,34.70000076293945,35.43000030517578,34.27000045776367,35.189998626708984,74949561.0
2021-09-13,34.91999816894531,34.91999816894531,34.16999816894531,34.18000030517578,55874500.0
2021-09-14,34.099998474121094,34.619998931884766,33.33000183105469,33.5,47287463.0
2021-09-15,33.349998474121094,34.18000030517578,33.18000030517578,33.790000915527344,38051785.0
2021-09-16,33.779998779296875,34.5,33.5,33.93000030517578,45528600.0
2021-09-17,33.93000030517578,34.33000183105469,33.400001525878906,34.0,33564106.0
2021-09-22,33.33000183105469,34.11000061035156,33.20000076293945,33.79999923706055,29337358.0
2021-09-23,34.13999938964844,35.400001525878906,34.13999938964844,35.029998779296875,81018564.0
2021-09-24,34.810001373291016,35.150001525878906,34.38999938964844,34.470001220703125,42176454.0
2021-09-27,35.33000183105469,35.880001068115234,34.5,34.65999984741211,60472034.0
2021-09-28,34.400001525878906,34.5099983215332,33.56999969482422,34.20000076293945,38426788.0
2021-09-29,33.900001525878906,33.91999816894531,32.599998474121094,32.650001525878906,59450683.0
2021-09-30,32.560001373291016,33.27000045776367,32.560001373291016,33.130001068115234,27130994.0
2021-10-08,33.65999984741211,34.33000183105469,33.619998931884766,33.86000061035156,37492502.0
2021-10-11,34.189998626708984,35.20000076293945,33.779998779296875,34.599998474121094,57371037.0
2021-10-12,34.38999938964844,35.20000076293945,33.90999984741211,34.400001525878906,49367642.0
2021-10-13,34.380001068115234,35.15999984741211,34.20000076293945,34.88999938964844,51104564.0
2021-10-14,35.0099983215332,35.08000183105469,33.90999984741211,33.97999954223633,47624419.0
2021-10-15,35.380001068115234,35.47999954223633,34.06999969482422,34.16999816894531,56392154.0
2021-10-18,34.0,34.439998626708984,33.58000183105469,33.7599983215332,50881677.0
2021-10-19,33.560001373291016,34.20000076293945,33.560001373291016,34.08000183105469,28521161.0
2021-10-20,34.150001525878906,34.290000915527344,33.68000030517578,33.779998779296875,34407514.0
2021-10-21,33.810001373291016,33.9900016784668,33.13999938964844,33.40999984741211,39758882.0
2021-10-22,33.38999938964844,33.599998474121094,33.18000030517578,33.2599983215332,37327323.0
2021-10-25,33.29999923706055,34.060001373291016,32.849998474121094,33.939998626708984,39604930.0
2021-10-26,33.869998931884766,34.5,33.849998474121094,34.150001525878906,56129091.0
2021-10-27,33.90999984741211,33.97999954223633,33.5,33.529998779296875,31543490.0
2021-10-28,33.66999816894531,33.849998474121094,32.79999923706055,32.959999084472656,40872417.0
2021-10-29,33.099998474121094,33.25,32.58000183105469,32.619998931884766,53217186.0
2021-11-01,32.0,32.0,30.399999618530273,31.389999389648438,112489934.0
2021-11-02,31.290000915527344,31.920000076293945,30.809999465942383,31.15999984741211,49363446.0
2021-11-03,31.18000030517578,31.399999618530273,30.860000610351562,31.079999923706055,31871726.0
2021-11-04,31.200000762939453,31.68000030517578,31.09000015258789,31.670000076293945,39962572.0
2021-11-05,31.540000915527344,31.8799991607666,31.290000915527344,31.299999237060547,40361729.0
2021-11-08,31.1200008392334,31.420000076293945,31.010000228881836,31.149999618530273,27943005.0
2021-11-09,31.170000076293945,31.700000762939453,31.100000381469727,31.489999771118164,29324680.0
2021-11-10,31.360000610351562,31.809999465942383,31.25,31.760000228881836,36030924.0
2021-11-11,31.600000381469727,32.150001525878906,31.59000015258789,32.150001525878906,39774404.0
2021-11-12,32.0,32.220001220703125,31.719999313354492,31.81999969482422,33794646.0
2021-11-15,31.809999465942383,32.02000045776367,31.229999542236328,31.540000915527344,34238691.0
2021-11-16,31.799999237060547,32.119998931884766,31.600000381469727,31.700000762939453,36499678.0
2021-11-17,31.6299991607666,32.15999984741211,31.34000015258789,32.08000183105469,42603749.0
2021-11-18,31.8799991607666,32.099998474121094,31.760000228881836,31.81999969482422,28944622.0
2021-11-19,31.700000762939453,32.04999923706055,31.520000457763672,31.989999771118164,27669670.0
2021-11-22,31.989999771118164,32.83000183105469,31.90999984741211,32.400001525878906,39529103.0
2021-11-23,32.5,32.880001068115234,32.369998931884766,32.41999816894531,29400586.0
2021-11-24,32.68000030517578,32.79999923706055,32.20000076293945,32.650001525878906,38990482.0
2021-11-25,32.63999938964844,32.77000045776367,32.150001525878906,32.15999984741211,30823260.0
2021-11-26,32.060001373291016,32.18000030517578,31.1200008392334,31.219999313354492,48064665.0
2021-11-29,30.850000381469727,31.190000534057617,30.68000030517578,30.989999771118164,32801920.0
2021-11-30,31.110000610351562,31.229999542236328,30.600000381469727,30.68000030517578,42170955.0
2021-12-01,30.65999984741211,30.93000030517578,30.549999237060547,30.899999618530273,28339455.0
2021-12-02,30.790000915527344,30.8700008392334,30.5,30.579999923706055,32829798.0
2021-12-03,30.65999984741211,31.0,30.6200008392334,30.940000534057617,26673841.0
2021-12-06,30.8799991607666,31.15999984741211,30.790000915527344,30.799999237060547,28798655.0
2021-12-07,30.989999771118164,31.0,30.65999984741211,30.989999771118164,22847227.0
2021-12-08,31.049999237060547,31.219999313354492,30.899999618530273,31.18000030517578,30114055.0
2021-12-09,31.100000381469727,32.220001220703125,31.049999237060547,31.93000030517578,61205137.0
2021-12-10,31.780000686645508,32.38999938964844,31.700000762939453,32.11000061035156,40050551.0
2021-12-13,32.2599983215332,33.4900016784668,32.11000061035156,32.86000061035156,72078733.0
2021-12-14,32.61000061035156,33.150001525878906,32.599998474121094,32.75,37272031.0
2021-12-15,32.779998779296875,33.75,32.7599983215332,33.22999954223633,57367156.0
2021-12-16,33.04999923706055,33.16999816894531,32.779998779296875,32.9900016784668,36046613.0
2021-12-17,32.880001068115234,33.43000030517578,32.459999084472656,32.65999984741211,46207341.0
2021-12-20,32.599998474121094,32.849998474121094,31.84000015258789,31.8799991607666,34404521.0
2021-12-21,32.09000015258789,32.380001068115234,31.889999389648438,32.25,25933030.0
2021-12-22,32.349998474121094,32.95000076293945,32.20000076293945,32.43000030517578,30251397.0
2021-12-23,32.45000076293945,32.88999938964844,32.099998474121094,32.720001220703125,30801283.0
2021-12-24,32.68000030517578,32.849998474121094,31.920000076293945,32.04999923706055,32474037.0
2021-12-27,31.979999542236328,33.58000183105469,31.959999084472656,33.130001068115234,57429346.0
2021-12-28,33.2599983215332,33.43000030517578,32.7599983215332,32.9900016784668,31045609.0
2021-12-29,32.9900016784668,33.130001068115234,32.650001525878906,32.66999816894531,22669571.0
2021-12-30,32.849998474121094,33.25,32.70000076293945,32.97999954223633,27259496.0
2021-12-31,33.119998931884766,33.65999984741211,33.040000915527344,33.5,43869013.0
2022-01-04,33.58000183105469,33.63999938964844,33.130001068115234,33.41999816894531,29003438.0
2022-01-05,33.40999984741211,33.689998626708984,32.689998626708984,32.95000076293945,39324081.0
2022-01-06,32.70000076293945,33.22999954223633,32.5099983215332,33.09000015258789,28742208.0
2022-01-07,33.150001525878906,34.15999984741211,33.130001068115234,33.5,51349918.0
2022-01-10,33.70000076293945,34.599998474121094,33.599998474121094,34.58000183105469,74604763.0
2022-01-11,34.45000076293945,34.7599983215332,34.099998474121094,34.15999984741211,50070675.0
2022-01-12,34.29999923706055,34.43000030517578,33.810001373291016,34.08000183105469,30408745.0
2022-01-13,34.41999816894531,34.54999923706055,33.380001068115234,33.45000076293945,35669235.0
2022-01-14,33.11000061035156,33.470001220703125,32.93000030517578,33.0,29842652.0
2022-01-17,33.0,34.66999816894531,33.0,34.290000915527344,59818850.0
2022-01-18,34.279998779296875,34.56999969482422,34.0099983215332,34.310001373291016,37762023.0
2022-01-19,34.099998474121094,34.36000061035156,33.470001220703125,33.650001525878906,39166580.0
2022-01-20,33.650001525878906,34.33000183105469,33.529998779296875,34.02000045776367,51559132.0
2022-01-21,33.9900016784668,34.09000015258789,32.849998474121094,32.95000076293945,46915246.0
2022-01-24,32.70000076293945,32.86000061035156,31.350000381469727,31.8799991607666,52463899.0
2022-01-25,31.649999618530273,32.029998779296875,31.0,31.030000686645508,30448489.0
2022-01-26,31.229999542236328,31.31999969482422,30.799999237060547,31.1200008392334,32564471.0
2022-01-27,31.0,31.06999969482422,30.010000228881836,30.059999465942383,44228898.0
2022-01-28,30.200000762939453,30.59000015258789,29.700000762939453,30.139999389648438,34292750.0
2022-02-07,30.649999618530273,30.799999237060547,29.149999618530273,29.5,79160644.0
2022-02-08,29.5,29.829999923706055,29.260000228881836,29.809999465942383,36273153.0
2022-02-09,29.809999465942383,30.850000381469727,29.600000381469727,30.780000686645508,52597884.0
2022-02-10,30.600000381469727,30.690000534057617,30.1299991607666,30.31999969482422,34708896.0
2022-02-11,30.010000228881836,30.5,29.719999313354492,30.059999465942383,37426268.0
2022-02-14,29.8799991607666,29.8799991607666,29.06999969482422,29.299999237060547,42419790.0
2022-02-15,29.270000457763672,29.579999923706055,29.200000762939453,29.360000610351562,31487881.0
2022-02-16,29.700000762939453,29.760000228881836,29.229999542236328,29.360000610351562,30913219.0
2022-02-17,29.290000915527344,29.299999237060547,29.010000228881836,29.110000610351562,30494262.0
2022-02-18,29.200000762939453,29.440000534057617,29.06999969482422,29.389999389648438,29797034.0
2022-02-21,29.690000534057617,30.579999923706055,29.68000030517578,30.219999313354492,60105207.0
2022-02-22,29.799999237060547,29.979999542236328,29.440000534057617,29.579999923706055,37369815.0
2022-02-23,29.790000915527344,30.1200008392334,29.510000228881836,30.059999465942383,33458489.0
2022-02-24,29.81999969482422,29.950000762939453,28.8799991607666,29.149999618530273,50789899.0
2022-02-25,29.399999618530273,29.559999465942383,29.040000915527344,29.200000762939453,33019113.0
2022-02-28,29.209999084472656,29.219999313354492,28.68000030517578,29.059999465942383,26394046.0
2022-03-01,29.06999969482422,29.399999618530273,29.010000228881836,29.3700008392334,26294375.0
2022-03-02,29.18000030517578,29.290000915527344,28.899999618530273,29.200000762939453,21857269.0
2022-03-03,29.200000762939453,29.350000381469727,28.940000534057617,29.030000686645508,23191108.0
2022-03-04,28.850000381469727,29.1299991607666,28.6200008392334,28.75,29627478.0
2022-03-07,27.780000686645508,27.790000915527344,25.959999084472656,26.149999618530273,127821262.0
2022-03-08,25.950000762939453,26.149999618530273,25.0,25.65999984741211,61659199.0
2022-03-09,25.979999542236328,26.049999237060547,24.3700008392334,25.350000381469727,53527964.0
2022-03-10,25.899999618530273,25.989999771118164,25.350000381469727,25.399999618530273,44445780.0
2022-03-11,24.84000015258789,25.059999465942383,23.899999618530273,25.040000915527344,70270093.0
2022-03-14,24.600000381469727,25.100000381469727,24.059999465942383,24.059999465942383,47582191.0
2022-03-15,23.90999984741211,23.90999984741211,22.530000686645508,22.549999237060547,67223574.0
2022-03-16,23.229999542236328,23.56999969482422,22.200000762939453,23.510000228881836,65003141.0
2022-03-17,24.0,24.139999389648438,23.510000228881836,23.610000610351562,61918141.0
2022-03-18,23.540000915527344,24.06999969482422,23.299999237060547,24.0,42888554.0
2022-03-21,24.15999984741211,24.260000228881836,23.5,23.670000076293945,42100232.0
2022-03-22,23.639999389648438,23.860000610351562,23.450000762939453,23.6299991607666,29994299.0
2022-03-23,25.989999771118164,25.989999771118164,25.989999771118164,25.989999771118164,15396161.0
2022-03-24,28.5,28.5,26.40999984741211,26.6200008392334,222784989.0
2022-03-25,26.079999923706055,26.209999084472656,25.219999313354492,25.360000610351562,105937995.0
2022-03-28,24.700000762939453,25.479999542236328,24.110000610351562,24.850000381469727,70154545.0
2022-03-29,24.600000381469727,24.860000610351562,24.040000915527344,24.059999465942383,56581801.0
2022-03-30,24.139999389648438,24.34000015258789,24.059999465942383,24.329999923706055,46488428.0
2022-03-31,24.299999237060547,24.299999237060547,23.860000610351562,23.899999618530273,44415759.0
2022-04-01,23.65999984741211,24.040000915527344,23.350000381469727,23.93000030517578,38854040.0
2022-04-06,23.899999618530273,24.020000457763672,23.6200008392334,23.780000686645508,29082266.0
2022-04-07,23.780000686645508,23.889999389648438,23.139999389648438,23.18000030517578,34260759.0
2022-04-08,23.299999237060547,23.329999923706055,22.729999542236328,22.979999542236328,34581928.0
2022-04-11,22.799999237060547,22.84000015258789,21.739999771118164,21.8700008392334,50349378.0
2022-04-12,21.75,22.280000686645508,21.520000457763672,22.239999771118164,34610850.0
2022-04-13,22.040000915527344,22.40999984741211,21.950000762939453,22.0,28999412.0
2022-04-14,22.149999618530273,22.5,22.110000610351562,22.329999923706055,27356715.0
2022-04-15,22.100000381469727,22.860000610351562,21.969999313354492,22.690000534057617,38451481.0
2022-04-18,22.5,23.18000030517578,22.3700008392334,23.170000076293945,34719486.0
2022-04-19,23.049999237060547,23.219999313354492,22.520000457763672,22.639999389648438,29373079.0
2022-04-20,22.6200008392334,22.8799991607666,22.31999969482422,22.440000534057617,22752649.0
2022-04-21,22.280000686645508,22.520000457763672,21.68000030517578,21.790000915527344,29561768.0
2022-04-22,21.540000915527344,23.059999465942383,21.389999389648438,22.81999969482422,61362090.0
2022-04-25,22.5,22.8799991607666,21.709999084472656,21.790000915527344,48510575.0
2022-04-26,22.270000457763672,23.399999618530273,22.229999542236328,22.459999084472656,85242144.0
2022-04-27,22.350000381469727,23.8799991607666,22.329999923706055,23.709999084472656,88837392.0
2022-04-28,23.440000534057617,23.770000457763672,23.059999465942383,23.709999084472656,55214965.0
2022-04-29,23.850000381469727,24.280000686645508,23.520000457763672,24.1299991607666,60416288.0
2022-05-05,24.0,24.100000381469727,23.600000381469727,23.75,45528421.0
2022-05-06,23.149999618530273,23.559999465942383,23.049999237060547,23.229999542236328,29551540.0
2022-05-09,22.989999771118164,23.360000610351562,22.90999984741211,23.15999984741211,18903514.0
2022-05-10,22.799999237060547,23.5,22.3799991607666,23.399999618530273,36425778.0
2022-05-11,23.399999618530273,23.969999313354492,23.309999465942383,23.350000381469727,52334649.0
2022-05-12,23.06999969482422,23.530000686645508,23.030000686645508,23.360000610351562,29185210.0
2022-05-13,23.450000762939453,23.559999465942383,23.059999465942383,23.260000228881836,24481766.0
2022-05-16,23.530000686645508,23.68000030517578,23.010000228881836,23.1200008392334,26926770.0
2022-05-17,23.15999984741211,23.799999237060547,23.040000915527344,23.760000228881836,42762382.0
2022-05-18,23.860000610351562,23.90999984741211,23.530000686645508,23.809999465942383,28363850.0
2022-05-19,23.5,23.760000228881836,23.260000228881836,23.690000534057617,28630458.0
2022-05-20,23.65999984741211,24.149999618530273,23.649999618530273,23.780000686645508,37288633.0
2022-05-23,23.639999389648438,23.639999389648438,23.229999542236328,23.34000015258789,39278168.0
2022-05-24,23.34000015258789,23.399999618530273,22.31999969482422,22.360000610351562,41196201.0
2022-05-25,22.309999465942383,22.6200008392334,22.299999237060547,22.530000686645508,24379808.0
2022-05-26,22.59000015258789,24.549999237060547,22.389999389648438,24.200000762939453,104303895.0
2022-05-27,24.0,24.25,23.799999237060547,24.100000381469727,45140096.0
2022-05-30,24.219999313354492,24.280000686645508,23.81999969482422,24.0,27525753.0
2022-05-31,24.079999923706055,24.389999389648438,23.940000534057617,24.329999923706055,42652687.0
2022-06-01,24.110000610351562,24.260000228881836,23.90999984741211,24.049999237060547,29389045.0
2022-06-02,23.90999984741211,24.31999969482422,23.860000610351562,24.219999313354492,26766816.0
2022-06-06,24.209999084472656,24.760000228881836,24.15999984741211,24.719999313354492,50901897.0
2022-06-07,24.649999618530273,25.25,24.549999237060547,24.649999618530273,47811244.0
2022-06-08,24.56999969482422,24.93000030517578,24.329999923706055,24.6299991607666,40146798.0
2022-06-09,24.6200008392334,24.6200008392334,24.1200008392334,24.25,30297517.0
2022-06-10,24.110000610351562,24.479999542236328,23.899999618530273,24.469999313354492,29044282.0
2022-06-13,24.290000915527344,25.020000457763672,24.219999313354492,24.700000762939453,40244497.0
2022-06-14,24.510000228881836,24.860000610351562,24.010000228881836,24.770000457763672,42495923.0
2022-06-15,24.770000457763672,26.25,24.770000457763672,25.59000015258789,90048124.0
2022-06-16,25.59000015258789,26.25,25.399999618530273,25.579999923706055,44599883.0
2022-06-17,25.399999618530273,25.75,25.209999084472656,25.700000762939453,34833644.0
2022-06-20,25.81999969482422,25.950000762939453,25.459999084472656,25.520000457763672,29660733.0
2022-06-21,25.549999237060547,25.770000457763672,25.219999313354492,25.489999771118164,25680855.0
2022-06-22,25.59000015258789,25.6299991607666,24.899999618530273,24.950000762939453,31123708.0
2022-06-23,24.950000762939453,25.170000076293945,24.6299991607666,25.15999984741211,30429471.0
2022-06-24,25.18000030517578,25.290000915527344,24.700000762939453,24.899999618530273,48599542.0
2022-06-27,25.0,25.5,24.920000076293945,25.190000534057617,39022597.0
2022-06-28,25.149999618530273,25.520000457763672,24.510000228881836,25.5,52331691.0
2022-06-29,25.399999618530273,26.1200008392334,25.280000686645508,25.3700008392334,51177339.0
2022-06-30,25.329999923706055,25.950000762939453,25.31999969482422,25.530000686645508,36019610.0
2022-07-01,25.450000762939453,25.780000686645508,25.209999084472656,25.260000228881836,24582143.0
2022-07-04,25.260000228881836,25.290000915527344,24.8700008392334,25.1200008392334,29117795.0
2022-07-05,25.149999618530273,25.270000457763672,24.559999465942383,24.8799991607666,34723173.0
2022-07-06,24.860000610351562,25.360000610351562,24.549999237060547,24.670000076293945,31112758.0
2022-07-07,24.68000030517578,24.850000381469727,24.5,24.690000534057617,20231991.0
2022-07-08,24.729999542236328,24.959999084472656,24.600000381469727,24.670000076293945,20796939.0
2022-07-11,24.600000381469727,24.8799991607666,24.260000228881836,24.649999618530273,28454128.0
2022-07-12,24.540000915527344,24.540000915527344,23.959999084472656,24.0,27867881.0
2022-07-13,23.959999084472656,24.059999465942383,23.6299991607666,23.75,25671128.0
2022-07-14,23.719999313354492,23.8799991607666,23.5,23.6299991607666,30397197.0
2022-07-15,23.649999618530273,24.0,23.450000762939453,23.479999542236328,25380675.0
2022-07-18,23.549999237060547,24.5,23.5,24.389999389648438,37733326.0
2022-07-19,24.389999389648438,25.290000915527344,24.350000381469727,25.030000686645508,43527202.0
2022-07-20,25.100000381469727,25.270000457763672,24.950000762939453,25.049999237060547,30802953.0
2022-07-21,25.040000915527344,25.600000381469727,24.989999771118164,25.0,30940205.0
2022-07-22,25.0,25.399999618530273,24.799999237060547,25.0,21644331.0
2022-07-25,25.030000686645508,25.149999618530273,24.6299991607666,24.729999542236328,18399711.0
2022-07-26,24.860000610351562,24.920000076293945,24.479999542236328,24.6200008392334,19671304.0
2022-07-27,24.6299991607666,24.790000915527344,24.3799991607666,24.549999237060547,17493383.0
2022-07-28,24.65999984741211,25.030000686645508,24.6299991607666,24.84000015258789,26230475.0
2022-07-29,24.889999389648438,25.020000457763672,24.420000076293945,24.420000076293945,22781359.0
2022-08-01,24.18000030517578,24.299999237060547,23.739999771118164,24.0,33401475.0
2022-08-02,23.790000915527344,23.959999084472656,22.8700008392334,23.200000762939453,37451261.0
2022-08-03,23.100000381469727,23.770000457763672,23.100000381469727,23.229999542236328,28704778.0
2022-08-04,23.40999984741211,23.709999084472656,23.299999237060547,23.56999969482422,19121167.0
2022-08-05,23.6200008392334,25.440000534057617,23.579999923706055,25.3799991607666,73059310.0
2022-08-08,25.440000534057617,25.850000381469727,24.809999465942383,25.059999465942383,45410177.0
2022-08-09,25.020000457763672,25.299999237060547,24.940000534057617,25.149999618530273,25508961.0
2022-08-10,25.020000457763672,25.229999542236328,24.75,24.8700008392334,20161680.0
2022-08-11,25.0,25.34000015258789,24.920000076293945,25.280000686645508,28611713.0
2022-08-12,25.260000228881836,25.350000381469727,25.049999237060547,25.059999465942383,17078953.0
2022-08-15,24.950000762939453,24.979999542236328,24.6200008392334,24.690000534057617,23899812.0
2022-08-16,24.690000534057617,24.709999084472656,24.18000030517578,24.329999923706055,25269149.0
2022-08-17,24.31999969482422,25.0,24.110000610351562,24.920000076293945,33051868.0
2022-08-18,24.799999237060547,24.93000030517578,24.559999465942383,24.700000762939453,17343708.0
2022-08-19,24.65999984741211,25.170000076293945,24.639999389648438,24.68000030517578,28082102.0
2022-08-22,24.6200008392334,25.100000381469727,24.329999923706055,24.860000610351562,22075100.0
2022-08-23,24.799999237060547,24.860000610351562,24.520000457763672,24.540000915527344,16946021.0
2022-08-24,24.510000228881836,24.709999084472656,23.90999984741211,23.90999984741211,28746493.0
2022-08-25,24.100000381469727,24.219999313354492,23.799999237060547,24.15999984741211,16744457.0
2022-08-26,24.299999237060547,25.0,24.170000076293945,24.530000686645508,28788874.0
2022-08-29,24.670000076293945,24.700000762939453,24.010000228881836,24.079999923706055,30605885.0
2022-08-30,24.079999923706055,24.940000534057617,24.030000686645508,24.5,36634157.0
2022-08-31,24.350000381469727,24.6299991607666,24.030000686645508,24.5,29029445.0
2022-09-01,24.40999984741211,24.690000534057617,24.010000228881836,24.030000686645508,27163908.0
2022-09-02,24.049999237060547,24.56999969482422,23.90999984741211,24.270000457763672,27031803.0
2022-09-05,24.270000457763672,24.299999237060547,23.75,24.030000686645508,26435567.0
2022-09-06,24.079999923706055,24.75,24.049999237060547,24.610000610351562,36308465.0
2022-09-07,24.610000610351562,24.969999313354492,24.5,24.579999923706055,24178928.0
2022-09-08,24.610000610351562,24.700000762939453,24.3700008392334,24.389999389648438,16802599.0
2022-09-09,24.389999389648438,24.8799991607666,24.34000015258789,24.760000228881836,24549463.0
2022-09-13,24.760000228881836,25.260000228881836,24.709999084472656,25.020000457763672,37425075.0
2022-09-14,24.700000762939453,25.25,24.579999923706055,25.079999923706055,36609028.0
2022-09-15,25.15999984741211,25.350000381469727,24.579999923706055,24.670000076293945,34650719.0
2022-09-16,24.639999389648438,25.219999313354492,24.559999465942383,24.559999465942383,46666304.0
2022-09-19,24.459999084472656,24.469999313354492,23.260000228881836,23.270000457763672,46670722.0
2022-09-20,23.450000762939453,23.56999969482422,23.049999237060547,23.110000610351562,26241188.0
2022-09-21,23.010000228881836,23.239999771118164,22.530000686645508,23.059999465942383,27294135.0
2022-09-22,22.8799991607666,22.940000534057617,22.450000762939453,22.559999465942383,29368540.0
2022-09-23,22.559999465942383,22.68000030517578,22.059999465942383,22.329999923706055,26480108.0
2022-09-26,22.030000686645508,22.25,21.600000381469727,21.719999313354492,28208478.0
2022-09-27,21.790000915527344,22.059999465942383,21.610000610351562,22.040000915527344,19879680.0
2022-09-28,22.030000686645508,22.030000686645508,21.510000228881836,21.510000228881836,20617615.0
2022-09-29,21.700000762939453,21.81999969482422,21.049999237060547,21.239999771118164,23724515.0
2022-09-30,21.200000762939453,21.549999237060547,21.079999923706055,21.399999618530273,23410252.0
2022-10-10,21.399999618530273,21.5,20.56999969482422,20.600000381469727,36624139.0
2022-10-11,20.610000610351562,20.739999771118164,20.299999237060547,20.520000457763672,18885364.0
2022-10-12,20.559999465942383,21.280000686645508,20.329999923706055,21.270000457763672,29662934.0
2022-10-13,21.260000228881836,21.649999618530273,21.18000030517578,21.309999465942383,23430607.0
2022-10-14,21.510000228881836,21.84000015258789,21.399999618530273,21.770000457763672,22786439.0
2022-10-17,21.56999969482422,22.200000762939453,21.5,22.1200008392334,20044934.0
2022-10-18,22.15999984741211,22.31999969482422,21.950000762939453,22.1299991607666,19223467.0
2022-10-19,22.100000381469727,22.329999923706055,21.8799991607666,21.920000076293945,15196291.0
2022-10-20,21.770000457763672,22.440000534057617,21.700000762939453,22.040000915527344,21515279.0
2022-10-21,22.079999923706055,22.350000381469727,21.93000030517578,22.020000457763672,12461577.0
2022-10-24,22.059999465942383,22.440000534057617,21.520000457763672,21.600000381469727,24312397.0
2022-10-25,21.549999237060547,21.780000686645508,21.299999237060547,21.549999237060547,17651246.0
2022-10-26,21.6299991607666,22.399999618530273,21.6299991607666,22.15999984741211,23055581.0
2022-10-27,23.0,23.0,22.110000610351562,22.149999618530273,38345975.0
2022-10-28,22.020000457763672,22.110000610351562,21.309999465942383,21.360000610351562,29505773.0
2022-10-31,21.34000015258789,22.389999389648438,21.280000686645508,22.170000076293945,41230450.0
2022-11-01,22.18000030517578,22.5,22.059999465942383,22.450000762939453,28317089.0
2022-11-02,22.309999465942383,22.979999542236328,22.280000686645508,22.809999465942383,38353793.0
2022-11-03,22.489999771118164,22.559999465942383,22.15999984741211,22.299999237060547,33353535.0
2022-11-04,22.329999923706055,23.309999465942383,22.200000762939453,23.200000762939453,61734051.0
2022-11-07,23.0,23.989999771118164,22.899999618530273,23.690000534057617,54575054.0
2022-11-08,23.559999465942383,23.65999984741211,23.290000915527344,23.450000762939453,28245974.0
2022-11-09,23.389999389648438,23.5,22.93000030517578,22.950000762939453,27346298.0
2022-11-10,22.860000610351562,23.06999969482422,22.670000076293945,22.889999389648438,22139889.0
2022-11-11,23.399999618530273,24.229999542236328,23.270000457763672,23.829999923706055,71547033.0
2022-11-14,24.0,24.239999771118164,23.8799991607666,24.1200008392334,37511169.0
2022-11-15,23.920000076293945,24.43000030517578,23.8700008392334,24.329999923706055,31219866.0
2022-11-16,24.280000686645508,24.84000015258789,24.09000015258789,24.200000762939453,37472464.0
2022-11-17,24.299999237060547,24.549999237060547,24.0,24.540000915527344,28057781.0
2022-11-18,24.579999923706055,25.459999084472656,24.530000686645508,25.1200008392334,63271014.0
2022-11-21,24.90999984741211,25.43000030517578,24.850000381469727,25.059999465942383,28372813.0
2022-11-22,24.969999313354492,25.549999237060547,24.610000610351562,25.010000228881836,43312094.0
2022-11-23,24.90999984741211,25.030000686645508,24.450000762939453,24.520000457763672,29270076.0
2022-11-24,24.559999465942383,24.850000381469727,24.200000762939453,24.239999771118164,17222171.0
2022-11-25,24.229999542236328,24.709999084472656,24.229999542236328,24.399999618530273,19673115.0
2022-11-28,23.799999237060547,24.06999969482422,23.5,23.940000534057617,28374183.0
2022-11-29,24.09000015258789,24.979999542236328,24.020000457763672,24.59000015258789,27588140.0
2022-11-30,24.579999923706055,24.700000762939453,24.290000915527344,24.5,20341846.0
2022-12-01,24.739999771118164,25.639999389648438,24.690000534057617,25.200000762939453,53820382.0
2022-12-02,25.049999237060547,25.350000381469727,24.979999542236328,25.049999237060547,20002460.0
2022-12-05,25.200000762939453,26.989999771118164,25.200000762939453,26.760000228881836,85152240.0
2022-12-06,27.0,27.399999618530273,26.6299991607666,26.920000076293945,58986876.0
2022-12-07,26.899999618530273,26.920000076293945,26.299999237060547,26.600000381469727,35267468.0
2022-12-08,26.459999084472656,26.969999313354492,26.399999618530273,26.65999984741211,23166255.0
2022-12-09,26.670000076293945,26.989999771118164,26.329999923706055,26.510000228881836,27335310.0
2022-12-12,26.329999923706055,26.940000534057617,26.299999237060547,26.59000015258789,21778016.0
2022-12-13,26.5,26.8700008392334,26.31999969482422,26.350000381469727,21919764.0
2022-12-14,26.549999237060547,26.920000076293945,26.489999771118164,26.6200008392334,21651748.0
2022-12-15,26.510000228881836,26.81999969482422,26.3700008392334,26.549999237060547,15736281.0
2022-12-16,26.399999618530273,26.5,26.0,26.34000015258789,18607538.0
2022-12-19,26.3799991607666,26.489999771118164,25.719999313354492,25.829999923706055,20715192.0
2022-12-20,25.84000015258789,26.200000762939453,25.049999237060547,25.389999389648438,20865044.0
2022-12-21,25.549999237060547,25.549999237060547,25.010000228881836,25.139999389648438,13185698.0
2022-12-22,25.309999465942383,25.450000762939453,24.889999389648438,24.979999542236328,18236947.0
2022-12-23,24.959999084472656,25.469999313354492,24.940000534057617,25.149999618530273,13312024.0
2022-12-26,25.139999389648438,25.31999969482422,24.899999618530273,25.06999969482422,14223039.0
2022-12-27,25.06999969482422,25.799999237060547,25.059999465942383,25.719999313354492,20877597.0
2022-12-28,25.6200008392334,25.719999313354492,25.079999923706055,25.18000030517578,20017315.0
2022-12-29,25.0,25.639999389648438,25.0,25.549999237060547,20992313.0
2022-12-30,25.6200008392334,26.0,25.549999237060547,25.860000610351562,22264410.0
2023-01-03,25.8799991607666,26.18000030517578,25.479999542236328,25.93000030517578,22732583.0
2023-01-04,26.059999465942383,26.719999313354492,25.959999084472656,26.440000534057617,32813872.0
2023-01-05,26.420000076293945,26.709999084472656,26.219999313354492,26.440000534057617,23741883.0
2023-01-06,26.440000534057617,26.489999771118164,25.969999313354492,26.0,19563537.0
2023-01-09,25.940000534057617,26.18000030517578,25.5,25.639999389648438,26379100.0
2023-01-10,25.739999771118164,25.739999771118164,25.299999237060547,25.489999771118164,17996763.0
2023-01-11,25.5,26.940000534057617,25.5,26.290000915527344,51051716.0
2023-01-12,26.290000915527344,26.8700008392334,26.200000762939453,26.600000381469727,27798519.0
2023-01-13,26.65999984741211,26.790000915527344,26.1299991607666,26.43000030517578,19022654.0
2023-01-16,26.31999969482422,27.020000457763672,26.31999969482422,26.799999237060547,30997459.0
2023-01-17,26.760000228881836,26.829999923706055,26.450000762939453,26.530000686645508,19371068.0
2023-01-18,26.530000686645508,26.850000381469727,26.489999771118164,26.799999237060547,14278358.0
2023-01-19,26.700000762939453,26.81999969482422,26.420000076293945,26.809999465942383,19354701.0
2023-01-20,26.75,27.600000381469727,26.700000762939453,27.360000610351562,44141844.0
2023-01-30,27.59000015258789,27.719999313354492,26.959999084472656,27.010000228881836,36430395.0
2023-01-31,26.889999389648438,27.020000457763672,26.600000381469727,26.639999389648438,17696448.0
2023-02-01,26.639999389648438,27.1299991607666,26.639999389648438,26.979999542236328,20424112.0
2023-02-02,27.040000915527344,27.420000076293945,26.809999465942383,26.950000762939453,25075929.0
2023-02-03,26.84000015258789,27.1299991607666,26.510000228881836,27.110000610351562,25812293.0
2023-02-06,26.940000534057617,27.459999084472656,26.670000076293945,26.829999923706055,26340784.0
2023-02-07,26.860000610351562,27.389999389648438,26.68000030517578,27.170000076293945,26258959.0
2023-02-08,27.200000762939453,27.489999771118164,26.709999084472656,26.75,22645170.0
2023-02-09,26.65999984741211,27.969999313354492,26.420000076293945,27.829999923706055,53283427.0
2023-02-10,27.799999237060547,29.0,27.690000534057617,28.200000762939453,63579966.0
2023-02-13,28.299999237060547,28.309999465942383,27.81999969482422,28.15999984741211,33405581.0
2023-02-14,28.139999389648438,28.420000076293945,28.030000686645508,28.280000686645508,25578479.0
2023-02-15,28.280000686645508,29.3799991607666,28.15999984741211,29.100000381469727,55733240.0
2023-02-16,29.110000610351562,31.079999923706055,28.950000762939453,29.860000610351562,124259556.0
2023-02-17,29.799999237060547,29.799999237060547,27.969999313354492,27.969999313354492,84856603.0
2023-02-20,27.809999465942383,29.6200008392334,27.809999465942383,29.56999969482422,86161652.0
2023-02-21,29.34000015258789,31.100000381469727,29.290000915527344,30.15999984741211,106140066.0
2023-02-22,29.81999969482422,30.979999542236328,29.719999313354492,30.639999389648438,83767713.0
2023-02-23,30.5,30.899999618530273,29.389999389648438,29.780000686645508,80556394.0
2023-02-24,29.799999237060547,30.540000915527344,29.600000381469727,30.100000381469727,50763139.0
2023-02-27,29.8799991607666,31.670000076293945,29.84000015258789,31.290000915527344,113945545.0
2023-02-28,32.5,33.599998474121094,31.670000076293945,32.2400016784668,191990360.0
2023-03-01,32.09000015258789,33.75,31.8799991607666,32.90999984741211,197273435.0
2023-03-02,32.75,33.52000045776367,32.310001373291016,32.59000015258789,140880524.0
2023-03-03,32.0,32.5,31.110000610351562,31.979999542236328,106964446.0
2023-03-06,32.5,33.709999084472656,32.15999984741211,32.7599983215332,145369182.0
2023-03-07,32.099998474121094,32.720001220703125,30.899999618530273,31.149999618530273,110416125.0
2023-03-08,30.989999771118164,31.75,30.8799991607666,31.399999618530273,74171687.0
2023-03-09,31.399999618530273,33.130001068115234,30.579999923706055,32.59000015258789,117883806.0
2023-03-10,32.310001373291016,33.16999816894531,32.150001525878906,32.290000915527344,91585669.0
2023-03-13,31.68000030517578,34.18000030517578,31.510000228881836,34.0099983215332,152926697.0
2023-03-14,33.689998626708984,34.20000076293945,33.220001220703125,33.72999954223633,115527820.0
2023-03-15,33.77000045776367,34.06999969482422,32.5,33.0099983215332,69750333.0
2023-03-16,32.779998779296875,33.099998474121094,32.150001525878906,32.41999816894531,50272385.0
2023-03-17,32.849998474121094,35.099998474121094,32.70000076293945,34.68000030517578,167116835.0
2023-03-20,34.70000076293945,35.970001220703125,33.47999954223633,33.70000076293945,141611740.0
2023-03-21,34.0,34.20000076293945,33.220001220703125,33.900001525878906,65651914.0
2023-03-22,34.0099983215332,35.849998474121094,33.380001068115234,35.720001220703125,131913297.0
2023-03-23,35.4900016784668,37.0099983215332,35.2599983215332,36.599998474121094,158535253.0
2023-03-24,36.29999923706055,36.599998474121094,34.5099983215332,35.38999938964844,141632779.0
2023-03-27,35.290000915527344,35.34000015258789,33.720001220703125,34.290000915527344,128374462.0
2023-03-28,34.099998474121094,35.20000076293945,33.93000030517578,34.79999923706055,87035723.0
2023-03-29,34.880001068115234,35.0,33.70000076293945,34.689998626708984,78221836.0
2023-03-30,34.5,34.5,31.219999313354492,31.600000381469727,203080403.0
2023-03-31,32.119998931884766,32.83000183105469,31.549999237060547,32.560001373291016,101158844.0
2023-04-03,32.470001220703125,32.72999954223633,29.93000030517578,32.279998779296875,258719346.0
2023-04-04,31.530000686645508,33.150001525878906,31.399999618530273,32.52000045776367,148665433.0
2023-04-06,32.0,34.68000030517578,31.700000762939453,33.63999938964844,144408305.0
2023-04-07,35.43000030517578,37.0,35.40999984741211,37.0,277566040.0
2023-04-10,37.0,37.43000030517578,35.2599983215332,35.599998474121094,188685048.0
2023-04-11,35.47999954223633,35.54999923706055,34.29999923706055,35.04999923706055,109715237.0
2023-04-12,34.66999816894531,38.08000183105469,34.540000915527344,36.95000076293945,195339156.0
2023-04-13,36.459999084472656,36.47999954223633,34.36000061035156,34.56999969482422,150996405.0
2023-04-14,34.31999969482422,34.86000061035156,33.779998779296875,34.400001525878906,83141651.0
2023-04-17,34.0,34.22999954223633,33.33000183105469,33.68000030517578,95231199.0
2023-04-18,33.77000045776367,35.08000183105469,33.72999954223633,34.81999969482422,99244801.0
2023-04-19,34.5,36.5,34.369998931884766,35.349998474121094,124724920.0
2023-04-20,35.7400016784668,37.459999084472656,35.7400016784668,37.29999923706055,173202159.0
2023-04-21,38.0,38.529998779296875,35.70000076293945,36.56999969482422,165381884.0
2023-04-24,37.599998474121094,38.880001068115234,37.25,38.029998779296875,187618479.0
2023-04-25,37.4900016784668,38.04999923706055,36.45000076293945,36.88999938964844,139228498.0
2023-04-26,36.599998474121094,36.880001068115234,34.7400016784668,35.2599983215332,123910519.0
2023-04-27,34.849998474121094,35.22999954223633,33.619998931884766,34.66999816894531,87414389.0
2023-04-28,34.369998931884766,36.45000076293945,34.36000061035156,35.619998931884766,99578962.0
2023-05-04,35.5,35.5,33.29999923706055,33.630001068115234,126268113.0
2023-05-05,33.63999938964844,33.810001373291016,32.79999923706055,33.45000076293945,67809357.0
2023-05-08,33.5,34.599998474121094,33.119998931884766,34.5,82749693.0
2023-05-09,34.25,34.86000061035156,33.029998779296875,33.15999984741211,80616460.0
2023-05-10,33.099998474121094,33.56999969482422,31.68000030517578,32.119998931884766,88948879.0
2023-05-11,32.15999984741211,32.400001525878906,31.5,31.68000030517578,47934362.0
2023-05-12,31.5,31.93000030517578,30.799999237060547,31.049999237060547,62742466.0
2023-05-15,30.739999771118164,31.440000534057617,29.93000030517578,31.360000610351562,88880284.0
2023-05-16,31.260000228881836,31.739999771118164,30.950000762939453,31.110000610351562,63647741.0
2023-05-17,30.829999923706055,31.6200008392334,30.510000228881836,31.270000457763672,51987149.0
2023-05-18,31.350000381469727,32.849998474121094,31.31999969482422,32.459999084472656,82945652.0
2023-05-19,32.099998474121094,33.130001068115234,32.060001373291016,32.63999938964844,59629393.0
2023-05-22,32.58000183105469,32.869998931884766,31.760000228881836,32.15999984741211,41780047.0
2023-05-23,32.130001068115234,32.130001068115234,31.149999618530273,31.209999084472656,57071281.0
2023-05-24,31.190000534057617,31.979999542236328,30.65999984741211,31.350000381469727,47025383.0
2023-05-25,32.79999923706055,34.0,31.5,32.150001525878906,105016081.0
2023-05-26,32.27000045776367,33.810001373291016,32.27000045776367,33.650001525878906,108012919.0
2023-05-29,34.20000076293945,35.22999954223633,34.060001373291016,34.41999816894531,100764606.0
2023-05-30,34.20000076293945,35.18000030517578,33.86000061035156,34.97999954223633,84500835.0
2023-05-31,34.790000915527344,35.459999084472656,34.599998474121094,35.18000030517578,59980714.0
2023-06-01,35.0,36.5,34.900001525878906,35.90999984741211,82854186.0
2023-06-02,36.400001525878906,36.599998474121094,35.599998474121094,36.029998779296875,68446177.0
2023-06-05,36.029998779296875,36.41999816894531,35.79999923706055,36.04999923706055,45829639.0
2023-06-06,36.0099983215332,36.22999954223633,35.16999816894531,35.310001373291016,57911819.0
2023-06-07,35.65999984741211,35.959999084472656,35.029998779296875,35.65999984741211,44055641.0
2023-06-08,35.2599983215332,35.540000915527344,34.77000045776367,35.38999938964844,48024014.0
2023-06-09,35.59000015258789,36.560001373291016,35.150001525878906,36.400001525878906,73908346.0
2023-06-12,36.40999984741211,37.290000915527344,35.79999923706055,35.970001220703125,78715874.0
2023-06-13,35.79999923706055,36.939998626708984,35.27000045776367,36.779998779296875,73984680.0
2023-06-14,36.599998474121094,37.099998474121094,36.0099983215332,36.83000183105469,64753015.0
2023-06-15,37.040000915527344,38.79999923706055,36.9900016784668,37.70000076293945,129412477.0
2023-06-16,37.22999954223633,39.279998779296875,37.22999954223633,39.0,110627681.0
2023-06-19,39.0,40.0,37.72999954223633,39.68000030517578,129824949.0
2023-06-20,40.0,43.650001525878906,39.900001525878906,43.650001525878906,238114700.0
2023-06-21,43.5099983215332,43.599998474121094,42.060001373291016,42.81999969482422,155346847.0
2023-06-26,42.0,43.18000030517578,41.16999816894531,41.849998474121094,125646881.0
2023-06-27,41.11000061035156,45.439998626708984,41.099998474121094,44.38999938964844,164361200.0
2023-06-28,43.709999084472656,43.959999084472656,41.5,42.599998474121094,152296428.0
2023-06-29,42.54999923706055,45.97999954223633,42.380001068115234,45.18000030517578,149258741.0
2023-06-30,45.18000030517578,46.349998474121094,44.529998779296875,45.540000915527344,109645422.0
2023-07-03,46.099998474121094,46.75,44.29999923706055,45.25,115606458.0
2023-07-04,44.5,45.2400016784668,44.349998474121094,44.599998474121094,72684570.0
2023-07-05,44.56999969482422,45.349998474121094,43.599998474121094,43.63999938964844,80461572.0
2023-07-06,43.099998474121094,44.5,42.95000076293945,43.279998779296875,91217316.0
2023-07-07,43.279998779296875,43.5,41.97999954223633,42.9900016784668,68119634.0
2023-07-10,43.5,43.599998474121094,41.939998626708984,42.400001525878906,51922726.0
2023-07-11,42.41999816894531,44.29999923706055,42.0,43.310001373291016,75016431.0
2023-07-12,43.220001220703125,43.470001220703125,41.040000915527344,41.5,84962895.0
2023-07-13,42.040000915527344,42.880001068115234,41.0,42.47999954223633,73002100.0
2023-07-14,43.58000183105469,45.0,42.900001525878906,44.0099983215332,106946600.0
2023-07-17,43.900001525878906,45.290000915527344,43.400001525878906,44.16999816894531,66633924.0
2023-07-18,44.290000915527344,44.75,42.79999923706055,42.849998474121094,59894918.0
2023-07-19,42.7599983215332,43.029998779296875,42.099998474121094,42.189998626708984,48320128.0
2023-07-20,42.5,42.560001373291016,40.04999923706055,40.189998626708984,103442881.0
2023-07-21,40.97999954223633,40.97999954223633,39.61000061035156,40.18000030517578,52132992.0
2023-07-24,40.189998626708984,42.13999938964844,39.81999969482422,41.18000030517578,74948578.0
2023-07-25,41.79999923706055,42.099998474121094,40.58000183105469,40.86000061035156,81599368.0
2023-07-26,40.70000076293945,40.7400016784668,39.09000015258789,39.349998474121094,82207307.0
2023-07-27,39.369998931884766,39.77000045776367,38.790000915527344,39.02000045776367,47707600.0
2023-07-28,39.02000045776367,39.75,38.90999984741211,39.36000061035156,48452342.0
2023-07-31,39.15999984741211,39.650001525878906,38.900001525878906,39.150001525878906,60621441.0
2023-08-01,39.02000045776367,40.47999954223633,38.38999938964844,39.83000183105469,83598772.0
2023-08-02,39.619998931884766,40.650001525878906,39.5099983215332,39.900001525878906,53082940.0
2023-08-03,39.70000076293945,40.63999938964844,39.33000183105469,39.81999969482422,42310500.0
2023-08-04,39.7400016784668,41.060001373291016,39.61000061035156,40.81999969482422,69434824.0
2023-08-07,41.810001373291016,41.849998474121094,36.7400016784668,36.75,236894499.0
2023-08-08,37.7400016784668,38.29999923706055,37.310001373291016,37.40999984741211,123874722.0
2023-08-09,37.209999084472656,37.939998626708984,36.70000076293945,36.88999938964844,72509631.0
2023-08-10,36.779998779296875,37.06999969482422,36.18000030517578,36.470001220703125,55885135.0
2023-08-11,36.68000030517578,36.79999923706055,35.599998474121094,35.75,48726760.0
2023-08-14,35.4900016784668,36.810001373291016,35.310001373291016,36.619998931884766,58951314.0
2023-08-15,36.619998931884766,37.529998779296875,36.400001525878906,36.709999084472656,47253346.0
2023-08-16,36.29999923706055,36.400001525878906,35.349998474121094,35.54999923706055,55925230.0
2023-08-17,35.54999923706055,36.349998474121094,35.040000915527344,35.90999984741211,37816569.0
2023-08-18,35.779998779296875,35.779998779296875,34.459999084472656,34.61000061035156,77255061.0
2023-08-21,34.79999923706055,35.5,34.5,34.599998474121094,49709178.0
2023-08-22,35.099998474121094,36.5,34.70000076293945,36.33000183105469,84479175.0
2023-08-23,35.83000183105469,35.83000183105469,34.70000076293945,34.72999954223633,57789094.0
2023-08-24,35.36000061035156,35.709999084472656,34.36000061035156,34.95000076293945,64182805.0
2023-08-25,34.220001220703125,34.2400016784668,32.900001525878906,33.709999084472656,60873361.0
2023-08-28,35.400001525878906,35.540000915527344,34.119998931884766,34.27000045776367,58430569.0
2023-08-29,34.0,35.11000061035156,33.630001068115234,34.90999984741211,74558219.0
2023-08-30,34.939998626708984,36.20000076293945,34.91999816894531,35.20000076293945,72274699.0
2023-08-31,34.97999954223633,35.84000015258789,34.849998474121094,35.45000076293945,51061809.0
2023-09-01,35.5099983215332,35.599998474121094,34.400001525878906,34.86000061035156,55229331.0
2023-09-04,35.29999923706055,35.45000076293945,34.63999938964844,35.220001220703125,53211775.0
2023-09-05,35.16999816894531,35.16999816894531,34.02000045776367,34.20000076293945,61156125.0
2023-09-06,33.97999954223633,34.060001373291016,33.27000045776367,33.880001068115234,60689062.0
2023-09-07,33.900001525878906,33.97999954223633,33.099998474121094,33.16999816894531,38342052.0
2023-09-08,33.02000045776367,33.400001525878906,32.54999923706055,32.849998474121094,40269326.0
2023-09-11,32.939998626708984,34.95000076293945,32.880001068115234,34.18000030517578,86235722.0
2023-09-12,34.0,34.29999923706055,33.619998931884766,33.900001525878906,36979946.0
2023-09-13,33.72999954223633,33.72999954223633,32.72999954223633,33.0,43239870.0
2023-09-14,33.41999816894531,34.22999954223633,33.209999084472656,33.34000015258789,63948244.0
2023-09-15,33.279998779296875,33.41999816894531,32.560001373291016,32.599998474121094,49925427.0
2023-09-18,32.540000915527344,33.25,32.29999923706055,32.630001068115234,37794251.0
2023-09-19,32.599998474121094,32.7400016784668,32.08000183105469,32.31999969482422,33907540.0
2023-09-20,32.349998474121094,32.86000061035156,32.29999923706055,32.43000030517578,29854467.0
2023-09-21,32.529998779296875,34.09000015258789,32.45000076293945,33.209999084472656,87933796.0
2023-09-22,33.13999938964844,34.79999923706055,32.880001068115234,34.7599983215332,113645063.0
2023-09-25,34.540000915527344,34.650001525878906,33.68000030517578,33.77000045776367,65700415.0
2023-09-26,33.720001220703125,34.41999816894531,33.650001525878906,33.880001068115234,55952472.0
2023-09-27,33.650001525878906,33.849998474121094,32.72999954223633,32.97999954223633,84136381.0
2023-09-28,32.81999969482422,33.060001373291016,32.41999816894531,32.68000030517578,56609419.0
2023-10-09,32.439998626708984,33.880001068115234,32.08000183105469,33.54999923706055,80701366.0
2023-10-10,33.54999923706055,33.75,32.869998931884766,32.93000030517578,42096646.0
2023-10-11,33.0099983215332,34.380001068115234,33.0099983215332,33.91999816894531,80007662.0
2023-10-12,34.18000030517578,34.290000915527344,33.560001373291016,33.72999954223633,49302784.0
2023-10-13,33.5,33.5,31.809999465942383,32.2599983215332,97123050.0
2023-10-16,32.2599983215332,32.2599983215332,31.31999969482422,31.739999771118164,58155550.0
2023-10-17,31.799999237060547,31.979999542236328,31.34000015258789,31.469999313354492,41361090.0
2023-10-18,30.979999542236328,31.0,30.0,30.350000381469727,75337104.0
2023-10-19,30.399999618530273,30.969999313354492,30.100000381469727,30.209999084472656,53302269.0
2023-10-20,30.139999389648438,30.18000030517578,29.0,29.09000015258789,75209560.0
2023-10-23,28.950000762939453,29.0,27.729999542236328,27.979999542236328,85799685.0
2023-10-24,27.989999771118164,28.09000015258789,25.56999969482422,26.190000534057617,187717707.0
2023-10-25,26.75,26.75,25.690000534057617,25.899999618530273,121989637.0
2023-10-26,25.549999237060547,25.739999771118164,24.899999618530273,25.65999984741211,118304898.0
2023-10-27,25.399999618530273,26.299999237060547,25.149999618530273,26.059999465942383,135214287.0
2023-10-30,25.81999969482422,27.1200008392334,25.559999465942383,26.6200008392334,135514160.0
2023-10-31,26.6299991607666,26.6299991607666,26.0,26.149999618530273,80365465.0
2023-11-01,26.229999542236328,26.469999313354492,25.829999923706055,26.030000686645508,56425680.0
2023-11-02,26.149999618530273,26.280000686645508,25.649999618530273,25.709999084472656,60378519.0
2023-11-03,25.719999313354492,26.3799991607666,25.719999313354492,26.299999237060547,86843253.0
2023-11-06,26.549999237060547,27.200000762939453,26.280000686645508,27.059999465942383,118666580.0
2023-11-07,26.899999618530273,27.450000762939453,26.530000686645508,27.209999084472656,110485124.0
2023-11-08,27.200000762939453,27.56999969482422,26.760000228881836,27.270000457763672,103230889.0
2023-11-09,27.1200008392334,27.790000915527344,27.049999237060547,27.690000534057617,120505629.0
2023-11-10,27.399999618530273,27.56999969482422,27.059999465942383,27.209999084472656,84821322.0
2023-11-13,27.350000381469727,28.15999984741211,27.350000381469727,27.920000076293945,127319654.0
2023-11-14,27.889999389648438,28.040000915527344,27.549999237060547,27.780000686645508,86965188.0
2023-11-15,28.1200008392334,28.170000076293945,27.700000762939453,27.770000457763672,81826000.0
2023-11-16,27.639999389648438,27.90999984741211,27.43000030517578,27.43000030517578,69484325.0
2023-11-17,27.25,27.850000381469727,27.170000076293945,27.559999465942383,72854264.0
2023-11-20,27.479999542236328,27.8700008392334,27.059999465942383,27.520000457763672,92052484.0
2023-11-21,27.770000457763672,27.950000762939453,27.18000030517578,27.239999771118164,81336644.0
2023-11-22,27.209999084472656,27.239999771118164,26.56999969482422,26.56999969482422,82841573.0
2023-11-23,26.670000076293945,26.829999923706055,26.3799991607666,26.829999923706055,61211693.0
2023-11-24,26.81999969482422,26.850000381469727,26.15999984741211,26.25,60801232.0
2023-11-27,26.059999465942383,26.360000610351562,25.850000381469727,26.110000610351562,50147109.0
2023-11-28,26.09000015258789,26.190000534057617,25.790000915527344,25.979999542236328,45525207.0
2023-11-29,25.979999542236328,26.149999618530273,25.709999084472656,25.780000686645508,46295489.0
2023-11-30,25.639999389648438,25.84000015258789,25.43000030517578,25.6299991607666,43547858.0
2023-12-01,25.59000015258789,26.280000686645508,25.520000457763672,26.139999389648438,77140147.0
2023-12-04,26.149999618530273,26.299999237060547,25.610000610351562,25.780000686645508,69032604.0
2023-12-05,25.649999618530273,25.649999618530273,25.030000686645508,25.079999923706055,70361451.0
2023-12-06,25.0,25.420000076293945,24.920000076293945,25.209999084472656,47978811.0
2023-12-07,25.139999389648438,25.3700008392334,24.920000076293945,25.170000076293945,52048417.0
2023-12-08,25.100000381469727,26.479999542236328,25.040000915527344,26.100000381469727,129280737.0
2023-12-11,25.899999618530273,26.6200008392334,25.510000228881836,26.56999969482422,96061603.0
2023-12-12,26.450000762939453,26.780000686645508,26.200000762939453,26.450000762939453,65630255.0
2023-12-13,26.450000762939453,26.520000457763672,25.8799991607666,25.8799991607666,56354926.0
2023-12-14,26.040000915527344,27.270000457763672,26.040000915527344,26.350000381469727,128124810.0
2023-12-15,26.459999084472656,27.239999771118164,26.1200008392334,26.68000030517578,142809145.0
2023-12-18,26.450000762939453,26.540000915527344,25.75,25.969999313354492,78495734.0
2023-12-19,25.829999923706055,26.239999771118164,25.65999984741211,25.940000534057617,59791892.0
2023-12-20,25.940000534057617,26.010000228881836,25.149999618530273,25.15999984741211,72127672.0
2023-12-21,24.93000030517578,25.739999771118164,24.700000762939453,25.56999969482422,73845937.0
2023-12-22,25.56999969482422,25.950000762939453,25.010000228881836,25.170000076293945,69032453.0
2023-12-25,25.100000381469727,25.65999984741211,25.100000381469727,25.31999969482422,44630398.0
2023-12-26,25.270000457763672,25.31999969482422,24.3799991607666,24.639999389648438,70943156.0
2023-12-27,24.6299991607666,24.850000381469727,24.479999542236328,24.639999389648438,52359613.0
2023-12-28,24.540000915527344,26.40999984741211,24.459999084472656,26.299999237060547,167972268.0
2023-12-29,26.25,26.530000686645508,26.100000381469727,26.479999542236328,80246966.0
2024-01-02,26.5,26.510000228881836,25.579999923706055,25.600000381469727,112461318.0
2024-01-03,25.5,25.770000457763672,25.059999465942383,25.329999923706055,73969611.0
2024-01-04,25.420000076293945,25.420000076293945,24.760000228881836,24.940000534057617,77460377.0
2024-01-05,25.020000457763672,25.329999923706055,24.3799991607666,24.549999237060547,96123917.0
2024-01-08,24.479999542236328,24.5,23.389999389648438,23.399999618530273,116035899.0
2024-01-09,23.540000915527344,24.149999618530273,23.420000076293945,23.770000457763672,87315488.0
2024-01-10,23.610000610351562,24.239999771118164,23.25,23.799999237060547,78266839.0
2024-01-11,23.760000228881836,24.290000915527344,23.65999984741211,24.1299991607666,90795107.0
2024-01-12,23.969999313354492,24.010000228881836,23.540000915527344,23.559999465942383,71809378.0
2024-01-15,23.309999465942383,23.93000030517578,23.25,23.6299991607666,49882974.0
2024-01-16,23.479999542236328,24.100000381469727,23.309999465942383,24.06999969482422,72818107.0
2024-01-17,23.920000076293945,24.100000381469727,23.3700008392334,23.3700008392334,62768590.0
2024-01-18,23.200000762939453,24.049999237060547,23.100000381469727,24.049999237060547,109711518.0
2024-01-19,23.989999771118164,24.299999237060547,23.719999313354492,23.799999237060547,76625582.0
2024-01-22,23.850000381469727,23.93000030517578,22.670000076293945,22.8700008392334,87564072.0
2024-01-23,22.799999237060547,24.030000686645508,22.709999084472656,23.889999389648438,115860500.0
2024-01-24,24.040000915527344,24.09000015258789,23.110000610351562,24.020000457763672,103062042.0
2024-01-25,23.850000381469727,24.889999389648438,23.709999084472656,24.719999313354492,143659297.0
2024-01-26,24.520000457763672,24.65999984741211,24.110000610351562,24.219999313354492,95365627.0
2024-01-29,24.399999618530273,24.459999084472656,23.559999465942383,23.6299991607666,78984441.0
2024-01-30,23.420000076293945,23.75,22.799999237060547,22.850000381469727,77523236.0
2024-01-31,22.75,22.860000610351562,21.940000534057617,21.959999084472656,89528627.0
2024-02-01,21.68000030517578,22.780000686645508,21.549999237060547,22.270000457763672,77835415.0
2024-02-02,22.31999969482422,22.6200008392334,21.030000686645508,21.700000762939453,84385843.0
2024-02-05,21.43000030517578,22.329999923706055,20.889999389648438,21.860000610351562,100624811.0
2024-02-06,21.579999923706055,23.09000015258789,21.559999465942383,23.079999923706055,112266451.0
2024-02-07,23.06999969482422,23.34000015258789,22.809999465942383,23.149999618530273,98380590.0
2024-02-08,23.3799991607666,24.149999618530273,23.299999237060547,24.0,108345776.0
2024-02-19,24.600000381469727,24.770000457763672,24.059999465942383,24.700000762939453,120590576.0
2024-02-20,24.489999771118164,24.559999465942383,24.100000381469727,24.290000915527344,80037442.0
2024-02-21,24.040000915527344,24.969999313354492,24.010000228881836,24.440000534057617,111394250.0
2024-02-22,24.989999771118164,25.899999618530273,24.84000015258789,25.31999969482422,139407740.0
2024-02-23,25.600000381469727,25.739999771118164,25.25,25.520000457763672,103278624.0
2024-02-26,25.65999984741211,26.1299991607666,25.420000076293945,25.600000381469727,115998496.0
2024-02-27,25.5,28.15999984741211,25.3799991607666,28.15999984741211,289459669.0
2024-02-28,28.8799991607666,29.360000610351562,27.3799991607666,27.3799991607666,358209477.0
2024-02-29,27.18000030517578,29.979999542236328,27.15999984741211,29.860000610351562,345344884.0
2024-03-01,29.850000381469727,30.93000030517578,29.479999542236328,30.540000915527344,320903340.0
2024-03-04,30.989999771118164,31.200000762939453,29.639999389648438,30.270000457763672,250868808.0
2024-03-05,29.719999313354492,29.989999771118164,28.920000076293945,29.100000381469727,273285115.0
2024-03-06,28.979999542236328,30.489999771118164,28.920000076293945,29.56999969482422,222685876.0
2024-03-07,29.489999771118164,29.81999969482422,28.520000457763672,28.639999389648438,183709842.0
2024-03-08,28.899999618530273,30.25,28.649999618530273,30.18000030517578,237691181.0
2024-03-11,29.520000457763672,30.06999969482422,29.479999542236328,30.0,187760801.0
2024-03-12,29.799999237060547,29.93000030517578,29.110000610351562,29.219999313354492,163883428.0
2024-03-13,29.59000015258789,29.75,29.100000381469727,29.15999984741211,140223371.0
2024-03-14,28.75,29.239999771118164,28.299999237060547,28.799999237060547,139111577.0
2024-03-15,28.649999618530273,29.100000381469727,28.219999313354492,29.0,123182534.0
2024-03-18,29.0,29.729999542236328,28.850000381469727,29.540000915527344,152776767.0
2024-03-19,29.270000457763672,29.559999465942383,29.059999465942383,29.059999465942383,105883083.0
2024-03-20,28.940000534057617,29.350000381469727,28.75,29.18000030517578,102936111.0
2024-03-21,29.170000076293945,29.3700008392334,28.670000076293945,28.690000534057617,101663352.0
2024-03-22,28.520000457763672,28.719999313354492,27.610000610351562,27.8799991607666,163763599.0
2024-03-25,27.8799991607666,28.3799991607666,27.43000030517578,27.520000457763672,93137809.0
2024-03-26,27.450000762939453,27.719999313354492,26.780000686645508,27.049999237060547,106538061.0
2024-03-27,27.18000030517578,27.229999542236328,26.149999618530273,26.149999618530273,100692429.0
2024-03-28,26.15999984741211,27.8799991607666,26.15999984741211,27.450000762939453,148553139.0
2024-03-29,27.399999618530273,27.399999618530273,26.940000534057617,27.989999771118164,52682109.0
2024-04-01,28.1299991607666,28.270000457763672,27.8799991607666,28.15999984741211,102177746.0
2024-04-02,28.040000915527344,28.110000610351562,27.549999237060547,27.739999771118164,76024853.0
2024-04-03,27.559999465942383,27.65999984741211,27.170000076293945,27.219999313354492,68108574.0
2024-04-08,26.979999542236328,27.329999923706055,26.81999969482422,26.84000015258789,58091244.0
2024-04-09,26.84000015258789,27.059999465942383,26.59000015258789,27.020000457763672,53800775.0
2024-04-10,26.950000762939453,26.950000762939453,26.290000915527344,26.489999771118164,58484773.0
2024-04-11,26.34000015258789,27.190000534057617,26.309999465942383,26.760000228881836,71788742.0
2024-04-12,26.84000015258789,27.290000915527344,26.84000015258789,26.959999084472656,85380081.0
2024-04-15,26.979999542236328,28.399999618530273,26.969999313354492,28.190000534057617,152468173.0
2024-04-16,28.0,28.190000534057617,27.5,27.59000015258789,102271435.0
2024-04-17,27.799999237060547,28.989999771118164,27.639999389648438,28.989999771118164,150311301.0
2024-04-18,28.709999084472656,29.149999618530273,28.549999237060547,28.65999984741211,107831784.0
2024-04-19,28.56999969482422,28.899999618530273,27.75,28.030000686645508,105088034.0
2024-04-22,27.389999389648438,27.780000686645508,27.049999237060547,27.479999542236328,74451894.0
2024-04-23,27.690000534057617,27.889999389648438,27.200000762939453,27.5,60331096.0
2024-04-24,27.6299991607666,28.280000686645508,27.389999389648438,28.239999771118164,93875140.0
2024-04-25,27.969999313354492,28.170000076293945,27.68000030517578,27.799999237060547,67798272.0
2024-04-26,28.350000381469727,28.959999084472656,28.25,28.739999771118164,148981889.0
2024-04-29,28.809999465942383,29.280000686645508,28.549999237060547,28.8799991607666,135467026.0
2024-04-30,28.969999313354492,29.100000381469727,28.549999237060547,28.670000076293945,85395338.0
2024-05-06,29.0,29.280000686645508,28.670000076293945,28.739999771118164,117710751.0
2024-05-07,28.729999542236328,28.969999313354492,28.270000457763672,28.40999984741211,90780660.0
2024-05-08,28.200000762939453,28.239999771118164,27.579999923706055,27.6299991607666,89707499.0
2024-05-09,27.540000915527344,28.260000228881836,27.520000457763672,28.06999969482422,65836054.0
2024-05-10,28.100000381469727,28.299999237060547,27.600000381469727,27.989999771118164,70704328.0
2024-05-13,27.780000686645508,28.959999084472656,27.610000610351562,28.59000015258789,113432714.0
2024-05-14,28.600000381469727,28.780000686645508,28.200000762939453,28.690000534057617,80080910.0
2024-05-15,28.579999923706055,28.65999984741211,28.149999618530273,28.18000030517578,58102065.0
2024-05-16,28.420000076293945,28.8799991607666,28.3799991607666,28.530000686645508,104019922.0
2024-05-17,28.530000686645508,28.530000686645508,27.920000076293945,28.350000381469727,81893839.0
2024-05-20,27.799999237060547,28.139999389648438,27.399999618530273,27.829999923706055,111337609.0
2024-05-21,27.75,27.889999389648438,27.25,27.40999984741211,86312331.0
2024-05-22,27.309999465942383,27.68000030517578,27.200000762939453,27.479999542236328,54309821.0
2024-05-23,27.5,27.549999237060547,26.93000030517578,27.0,65736144.0
2024-05-24,26.90999984741211,27.270000457763672,26.780000686645508,26.799999237060547,46294546.0
2024-05-27,26.899999618530273,27.270000457763672,26.639999389648438,27.260000228881836,52767764.0
2024-05-28,27.190000534057617,27.479999542236328,26.950000762939453,26.979999542236328,44785850.0
2024-05-29,26.979999542236328,27.190000534057617,26.729999542236328,26.809999465942383,37502541.0
2024-05-30,26.760000228881836,27.049999237060547,26.510000228881836,26.850000381469727,41573878.0
2024-05-31,26.8799991607666,27.329999923706055,26.829999923706055,26.959999084472656,49763836.0
2024-06-03,26.8700008392334,27.479999542236328,26.809999465942383,27.229999542236328,60288705.0
2024-06-04,27.100000381469727,27.329999923706055,26.950000762939453,27.260000228881836,42192050.0
2024-06-05,27.260000228881836,27.5,27.139999389648438,27.15999984741211,49576304.0
2024-06-06,27.299999237060547,27.579999923706055,27.030000686645508,27.239999771118164,69035579.0
2024-06-07,27.25,27.309999465942383,26.600000381469727,26.790000915527344,68027226.0
2024-06-11,26.65999984741211,26.989999771118164,26.520000457763672,26.93000030517578,38279820.0
2024-06-12,26.860000610351562,27.649999618530273,26.829999923706055,27.520000457763672,87587160.0
2024-06-13,27.549999237060547,28.0,27.440000534057617,27.700000762939453,73802045.0
2024-06-14,27.559999465942383,28.059999465942383,27.510000228881836,27.81999969482422,79428600.0
2024-06-17,27.729999542236328,27.950000762939453,27.690000534057617,27.75,58959563.0
2024-06-18,27.719999313354492,28.469999313354492,27.700000762939453,28.31999969482422,95548466.0
2024-06-19,28.31999969482422,28.450000762939453,28.110000610351562,28.229999542236328,65655679.0
2024-06-20,28.15999984741211,28.309999465942383,27.450000762939453,27.469999313354492,79433802.0
2024-06-21,27.329999923706055,28.06999969482422,27.270000457763672,27.959999084472656,67651793.0
2024-06-24,27.799999237060547,28.06999969482422,26.979999542236328,27.0,76508079.0
2024-06-25,27.0,27.1200008392334,26.290000915527344,26.459999084472656,70950119.0
2024-06-26,26.5,27.540000915527344,26.399999618530273,27.420000076293945,73206153.0
2024-06-27,27.299999237060547,27.360000610351562,26.799999237060547,26.8799991607666,51393949.0
2024-06-28,26.8799991607666,28.25,26.8700008392334,27.969999313354492,129760469.0
2024-07-01,27.969999313354492,28.25,27.84000015258789,28.139999389648438,69433289.0
2024-07-02,28.100000381469727,28.209999084472656,27.600000381469727,27.729999542236328,60124353.0
2024-07-03,27.729999542236328,27.950000762939453,27.40999984741211,27.719999313354492,49921638.0
2024-07-04,27.850000381469727,28.079999923706055,27.469999313354492,27.489999771118164,62647533.0
2024-07-05,27.40999984741211,27.649999618530273,27.059999465942383,27.489999771118164,59566739.0
2024-07-08,27.399999618530273,27.610000610351562,27.100000381469727,27.200000762939453,50871496.0
2024-07-09,27.15999984741211,28.889999389648438,27.110000610351562,28.8700008392334,194074782.0
2024-07-10,28.799999237060547,29.149999618530273,28.65999984741211,28.850000381469727,116991513.0
2024-07-11,29.18000030517578,29.610000610351562,28.81999969482422,29.1200008392334,130686794.0
2024-07-12,28.799999237060547,28.90999984741211,28.420000076293945,28.6200008392334,80872601.0
2024-07-15,28.0,28.06999969482422,27.6299991607666,27.780000686645508,59446934.0
2024-07-16,27.729999542236328,28.549999237060547,27.700000762939453,28.43000030517578,94241773.0
2024-07-17,28.260000228881836,28.540000915527344,27.899999618530273,27.989999771118164,76451795.0
2024-07-18,27.690000534057617,27.809999465942383,27.079999923706055,27.790000915527344,94120986.0
2024-07-19,27.600000381469727,28.31999969482422,27.559999465942383,28.110000610351562,80784591.0
2024-07-22,28.1200008392334,28.209999084472656,27.709999084472656,27.8700008392334,60021579.0
2024-07-23,27.969999313354492,27.989999771118164,27.079999923706055,27.100000381469727,64989194.0
2024-07-24,27.06999969482422,27.31999969482422,26.790000915527344,26.93000030517578,60260621.0
2024-07-25,26.739999771118164,26.959999084472656,26.5,26.739999771118164,54939161.0
2024-07-26,26.799999237060547,27.049999237060547,26.709999084472656,26.93000030517578,47004814.0
2024-07-29,26.989999771118164,27.020000457763672,26.65999984741211,26.65999984741211,39658525.0
2024-07-30,26.540000915527344,26.780000686645508,26.110000610351562,26.760000228881836,49749298.0
2024-07-31,26.600000381469727,27.520000457763672,26.600000381469727,27.420000076293945,81429742.0
2024-08-01,27.420000076293945,27.520000457763672,27.149999618530273,27.15999984741211,56144256.0
2024-08-02,26.8700008392334,27.06999969482422,26.56999969482422,26.610000610351562,55821851.0
2024-08-05,26.5,26.639999389648438,25.829999923706055,25.829999923706055,72920366.0
2024-08-06,26.149999618530273,26.270000457763672,25.850000381469727,26.049999237060547,43029242.0
2024-08-07,26.059999465942383,26.31999969482422,25.93000030517578,26.040000915527344,36628521.0
2024-08-08,25.81999969482422,26.100000381469727,25.5,25.920000076293945,40127129.0
2024-08-09,26.100000381469727,26.239999771118164,25.809999465942383,25.809999465942383,30775534.0
2024-08-12,25.709999084472656,25.770000457763672,25.450000762939453,25.549999237060547,29287700.0
2024-08-13,25.610000610351562,25.84000015258789,25.459999084472656,25.84000015258789,25599538.0
2024-08-14,25.889999389648438,25.950000762939453,25.719999313354492,25.719999313354492,24401391.0
2024-08-15,25.649999618530273,26.079999923706055,25.559999465942383,25.979999542236328,34303744.0
2024-08-16,25.979999542236328,26.219999313354492,25.860000610351562,26.040000915527344,37949028.0
2024-08-19,26.040000915527344,26.3799991607666,25.84000015258789,26.15999984741211,42274861.0
2024-08-20,26.149999618530273,26.15999984741211,25.540000915527344,25.6200008392334,42506239.0
2024-08-21,25.530000686645508,25.719999313354492,25.260000228881836,25.260000228881836,32999122.0
2024-08-22,25.229999542236328,25.25,23.760000228881836,24.079999923706055,102061914.0
2024-08-23,24.0,24.440000534057617,23.950000762939453,24.3799991607666,42638485.0
2024-08-26,24.3799991607666,24.6200008392334,24.309999465942383,24.43000030517578,30161627.0
2024-08-27,24.299999237060547,24.309999465942383,23.850000381469727,23.899999618530273,31666559.0
2024-08-28,23.850000381469727,24.200000762939453,23.81999969482422,23.989999771118164,25020052.0
2024-08-29,23.799999237060547,24.489999771118164,23.729999542236328,24.31999969482422,37961315.0
2024-08-30,24.290000915527344,25.1299991607666,24.25,24.829999923706055,59640405.0
2024-09-02,24.8700008392334,24.969999313354492,24.190000534057617,24.200000762939453,40214437.0
2024-09-03,24.100000381469727,24.530000686645508,24.100000381469727,24.360000610351562,23462577.0
2024-09-04,24.1200008392334,24.420000076293945,24.020000457763672,24.229999542236328,24164620.0
2024-09-05,24.200000762939453,24.56999969482422,24.200000762939453,24.450000762939453,25353588.0
2024-09-06,24.469999313354492,24.489999771118164,24.040000915527344,24.09000015258789,24857865.0
2024-09-09,23.950000762939453,24.040000915527344,23.329999923706055,23.530000686645508,47425204.0
2024-09-10,23.549999237060547,23.940000534057617,23.299999237060547,23.860000610351562,39966612.0
2024-09-11,23.700000762939453,23.899999618530273,23.649999618530273,23.790000915527344,22323900.0
2024-09-12,23.860000610351562,24.1200008392334,23.700000762939453,23.719999313354492,24012030.0
2024-09-13,23.670000076293945,23.90999984741211,23.530000686645508,23.540000915527344,22206040.0
2024-09-18,23.59000015258789,23.709999084472656,23.350000381469727,23.649999618530273,23307994.0
2024-09-19,23.780000686645508,24.18000030517578,23.510000228881836,23.93000030517578,40803412.0
2024-09-20,23.950000762939453,24.329999923706055,23.950000762939453,24.15999984741211,45620093.0
2024-09-23,24.489999771118164,25.25,24.389999389648438,24.899999618530273,93792149.0
2024-09-24,24.979999542236328,25.43000030517578,24.6299991607666,25.420000076293945,92258309.0
2024-09-25,25.690000534057617,26.100000381469727,25.389999389648438,25.479999542236328,98413307.0
2024-09-26,25.440000534057617,26.299999237060547,25.360000610351562,26.299999237060547,91092698.0
2024-09-27,26.65999984741211,28.790000915527344,26.639999389648438,28.65999984741211,191391162.0
2024-09-30,29.579999923706055,31.3799991607666,29.020000457763672,31.149999618530273,286947790.0
2024-10-08,34.27000045776367,34.27000045776367,32.599998474121094,34.27000045776367,316587709.0
2024-10-09,33.869998931884766,34.2400016784668,31.739999771118164,32.04999923706055,269019865.0
2024-10-10,32.79999923706055,33.04999923706055,31.190000534057617,31.649999618530273,171084858.0
2024-10-11,31.309999465942383,31.579999923706055,29.420000076293945,29.84000015258789,166810005.0
2024-10-14,29.979999542236328,30.559999465942383,29.459999084472656,30.40999984741211,117696424.0
2024-10-15,30.34000015258789,31.100000381469727,29.959999084472656,29.979999542236328,115544641.0
2024-10-16,29.440000534057617,29.969999313354492,29.290000915527344,29.440000534057617,86121711.0
2024-10-17,29.700000762939453,30.170000076293945,29.440000534057617,29.450000762939453,86259528.0
2024-10-18,29.450000762939453,31.6299991607666,29.329999923706055,30.8799991607666,171164415.0
2024-10-21,31.139999389648438,32.290000915527344,30.90999984741211,31.709999084472656,164232532.0
2024-10-22,30.5,30.610000610351562,29.780000686645508,30.079999923706055,225061818.0
2024-10-23,30.010000228881836,31.770000457763672,29.809999465942383,30.68000030517578,202578848.0
2024-10-24,31.100000381469727,32.47999954223633,31.0,31.549999237060547,266349762.0
2024-10-25,31.389999389648438,31.610000610351562,31.010000228881836,31.399999618530273,144530701.0
2024-10-28,31.25,31.270000457763672,30.809999465942383,31.040000915527344,105450702.0
2024-10-29,31.18000030517578,31.860000610351562,30.770000457763672,30.780000686645508,148437166.0
2024-10-30,30.5,30.889999389648438,29.860000610351562,30.25,133921875.0
2024-10-31,30.040000915527344,30.670000076293945,29.809999465942383,30.280000686645508,114645794.0
2024-11-01,30.06999969482422,30.399999618530273,29.600000381469727,29.600000381469727,101329245.0
2024-11-04,29.729999542236328,30.43000030517578,29.719999313354492,30.299999237060547,77809651.0
2024-11-05,30.270000457763672,31.15999984741211,30.110000610351562,31.079999923706055,136879055.0
2024-11-06,31.06999969482422,32.400001525878906,30.760000228881836,31.309999465942383,206571283.0
2024-11-07,30.889999389648438,31.8799991607666,30.799999237060547,31.850000381469727,146159772.0
2024-11-08,32.349998474121094,33.90999984741211,32.209999084472656,32.779998779296875,248811831.0
2024-11-11,32.86000061035156,36.060001373291016,32.52000045776367,36.060001373291016,255971423.0
2024-11-12,36.060001373291016,36.40999984741211,34.349998474121094,34.79999923706055,343530058.0
2024-11-13,34.45000076293945,36.25,34.41999816894531,35.439998626708984,271825742.0
2024-11-14,35.150001525878906,35.380001068115234,33.130001068115234,33.209999084472656,231945494.0
2024-11-15,33.18000030517578,34.150001525878906,32.88999938964844,32.939998626708984,181613775.0
2024-11-18,33.34000015258789,33.5099983215332,32.06999969482422,32.290000915527344,140084364.0
2024-11-19,32.459999084472656,32.619998931884766,31.350000381469727,32.5,133949243.0
2024-11-20,32.209999084472656,32.65999984741211,32.119998931884766,32.400001525878906,107233935.0
2024-11-21,32.2599983215332,32.68000030517578,32.0,32.290000915527344,86829308.0
2024-11-22,32.209999084472656,32.75,30.93000030517578,30.950000762939453,132339216.0
2024-11-25,30.809999465942383,31.06999969482422,30.040000915527344,30.6299991607666,98406505.0
2024-11-26,31.0,31.139999389648438,30.360000610351562,30.40999984741211,64708378.0
2024-11-27,30.200000762939453,31.030000686645508,30.200000762939453,31.020000457763672,73732294.0
2024-11-28,31.030000686645508,31.299999237060547,30.700000762939453,30.739999771118164,66139865.0
2024-11-29,30.65999984741211,31.530000686645508,30.579999923706055,31.15999984741211,79966209.0
2024-12-02,31.15999984741211,31.600000381469727,31.030000686645508,31.600000381469727,84687086.0
2024-12-03,31.549999237060547,31.56999969482422,30.799999237060547,31.139999389648438,74461519.0
2024-12-04,31.100000381469727,31.350000381469727,30.59000015258789,30.790000915527344,67017966.0
2024-12-05,30.600000381469727,30.950000762939453,30.549999237060547,30.770000457763672,45135269.0
2024-12-06,30.860000610351562,31.420000076293945,30.780000686645508,31.299999237060547,74690194.0
2024-12-09,31.200000762939453,31.549999237060547,30.809999465942383,31.059999465942383,57861696.0
2024-12-10,32.13999938964844,32.13999938964844,31.059999465942383,31.1299991607666,97473265.0
2024-12-11,31.1299991607666,31.280000686645508,30.8799991607666,31.149999618530273,55263210.0
2024-12-12,31.15999984741211,31.299999237060547,30.889999389648438,31.280000686645508,60759229.0
2024-12-13,30.979999542236328,31.059999465942383,30.5,30.549999237060547,73100145.0
2024-12-16,30.579999923706055,31.3799991607666,30.559999465942383,31.350000381469727,110109638.0
2024-12-17,33.0,34.4900016784668,32.970001220703125,33.15999984741211,493647742.0
2024-12-18,32.4900016784668,35.619998931884766,32.11000061035156,34.560001373291016,432061996.0
2024-12-19,34.869998931884766,38.02000045776367,34.869998931884766,37.79999923706055,604031374.0
2024-12-20,36.79999923706055,37.959999084472656,36.380001068115234,37.380001068115234,399563043.0
2024-12-23,38.150001525878906,38.470001220703125,35.90999984741211,36.150001525878906,292997985.0
2024-12-24,36.65999984741211,37.38999938964844,35.79999923706055,36.810001373291016,243344491.0
2024-12-25,36.5,39.119998931884766,36.41999816894531,38.09000015258789,341551695.0
2024-12-26,37.95000076293945,41.619998931884766,37.65999984741211,40.9900016784668,346433237.0
2024-12-27,40.79999923706055,40.9900016784668,39.810001373291016,40.08000183105469,246093405.0
2024-12-30,40.880001068115234,42.099998474121094,40.060001373291016,40.79999923706055,277403747.0
2024-12-31,40.810001373291016,42.04999923706055,39.95000076293945,40.400001525878906,284838390.0
2025-01-02,40.38999938964844,40.93000030517578,37.560001373291016,37.93000030517578,329999755.0
2025-01-03,38.25,38.31999969482422,35.54999923706055,35.650001525878906,273493496.0
2025-01-06,35.7599983215332,36.400001525878906,34.439998626708984,34.79999923706055,215596743.0
2025-01-07,35.099998474121094,35.650001525878906,34.5099983215332,35.43000030517578,244307135.0
2025-01-08,34.869998931884766,35.400001525878906,33.5,34.880001068115234,236241597.0
2025-01-09,34.4900016784668,38.369998931884766,34.400001525878906,38.369998931884766,391504889.0
2025-01-10,38.29999923706055,39.83000183105469,37.689998626708984,37.709999084472656,337007238.0
2025-01-13,37.40999984741211,39.77000045776367,37.369998931884766,39.0,275892695.0
2025-01-14,39.02000045776367,42.58000183105469,38.06999969482422,41.5,334016550.0
2025-01-15,41.0,42.13999938964844,40.349998474121094,40.91999816894531,243089622.0
2025-01-16,40.77000045776367,40.90999984741211,38.939998626708984,39.959999084472656,290635201.0
2025-01-17,39.54999923706055,42.599998474121094,38.959999084472656,41.27000045776367,325467720.0
2025-01-20,41.810001373291016,42.16999816894531,40.150001525878906,40.4900016784668,242727347.0
2025-01-21,41.279998779296875,43.599998474121094,41.02000045776367,42.880001068115234,351807875.0
2025-01-22,42.31999969482422,43.529998779296875,41.880001068115234,43.04999923706055,247306347.0
2025-01-23,43.720001220703125,43.75,40.40999984741211,41.099998474121094,306570011.0
2025-01-24,41.02000045776367,43.16999816894531,40.95000076293945,42.91999816894531,268008714.0
2025-01-27,42.70000076293945,42.70000076293945,39.97999954223633,39.97999954223633,235879849.0
2025-02-05,41.5099983215332,42.97999954223633,41.400001525878906,42.560001373291016,267628353.0
2025-02-06,42.25,44.65999984741211,42.20000076293945,43.400001525878906,262699338.0
2025-02-07,43.0,44.29999923706055,41.9900016784668,42.90999984741211,328761952.0
2025-02-10,42.79999923706055,42.79999923706055,41.099998474121094,42.25,224708444.0
2025-02-11,42.0099983215332,42.310001373291016,41.40999984741211,41.630001068115234,159099342.0
2025-02-12,41.5099983215332,41.939998626708984,40.59000015258789,41.939998626708984,239505801.0
2025-02-13,41.5,41.5,39.58000183105469,39.77000045776367,278677602.0
2025-02-14,39.41999816894531,40.18000030517578,39.150001525878906,39.7400016784668,188927125.0
2025-02-17,40.20000076293945,41.400001525878906,39.95000076293945,40.900001525878906,223828258.0
2025-02-18,40.31999969482422,40.54999923706055,39.150001525878906,39.290000915527344,164822890.0
2025-02-19,39.119998931884766,40.790000915527344,38.959999084472656,40.38999938964844,178075711.0
2025-02-20,40.189998626708984,40.34000015258789,39.41999816894531,39.81999969482422,121766360.0
2025-02-21,40.380001068115234,43.79999923706055,39.83000183105469,43.40999984741211,387523865.0
2025-02-24,42.91999816894531,44.08000183105469,42.400001525878906,43.79999923706055,290190099.0
2025-02-25,42.400001525878906,43.70000076293945,41.869998931884766,42.5,201882277.0
2025-02-26,42.599998474121094,42.900001525878906,41.58000183105469,42.279998779296875,160115044.0
2025-02-27,42.099998474121094,42.54999923706055,40.0099983215332,40.47999954223633,201336579.0
2025-02-28,39.9900016784668,40.25,38.599998474121094,38.65999984741211,166992468.0
2025-03-03,37.36000061035156,37.5,35.40999984741211,36.13999938964844,257157751.0
2025-03-04,35.88999938964844,37.5,35.54999923706055,37.0099983215332,158618303.0
2025-03-05,37.0,37.36000061035156,36.52000045776367,37.0099983215332,107419443.0
2025-03-06,37.650001525878906,38.58000183105469,37.650001525878906,38.0,176866215.0
2025-03-07,37.88999938964844,38.209999084472656,37.060001373291016,37.290000915527344,122738333.0
2025-03-10,37.189998626708984,37.59000015258789,36.849998474121094,37.209999084472656,79230261.0
2025-03-11,36.54999923706055,37.22999954223633,36.459999084472656,37.060001373291016,69009211.0
2025-03-12,37.08000183105469,40.33000183105469,36.880001068115234,38.779998779296875,252782412.0
2025-03-13,38.0,38.349998474121094,36.959999084472656,37.16999816894531,166984865.0
2025-03-14,36.900001525878906,37.75,36.79999923706055,37.65999984741211,123194131.0
2025-03-17,37.59000015258789,37.599998474121094,37.099998474121094,37.290000915527344,82472216.0
2025-03-18,37.36000061035156,37.77000045776367,37.2599983215332,37.38999938964844,73479204.0
2025-03-19,37.130001068115234,37.15999984741211,36.63999938964844,36.7599983215332,85867769.0
2025-03-20,36.77000045776367,36.79999923706055,36.08000183105469,36.20000076293945,86279237.0
2025-03-21,36.0099983215332,36.189998626708984,35.0,35.11000061035156,127580906.0
2025-03-24,35.0,35.20000076293945,34.11000061035156,34.88999938964844,116798343.0
2025-03-25,34.84000015258789,34.84000015258789,34.119998931884766,34.209999084472656,73054217.0
2025-03-26,34.20000076293945,34.650001525878906,34.20000076293945,34.31999969482422,58243863.0
2025-03-27,34.2599983215332,34.97999954223633,33.970001220703125,34.56999969482422,83203768.0
2025-03-28,34.599998474121094,34.91999816894531,34.29999923706055,34.68000030517578,64806293.0
2025-03-31,34.5099983215332,34.58000183105469,33.810001373291016,34.220001220703125,78746905.0
2025-04-01,34.310001373291016,34.779998779296875,34.040000915527344,34.439998626708984,64163933.0
2025-04-02,34.439998626708984,35.18000030517578,34.439998626708984,35.040000915527344,89385312.0
2025-04-03,34.599998474121094,34.95000076293945,34.33000183105469,34.7599983215332,69427051.0
2025-04-07,32.400001525878906,32.619998931884766,31.280000686645508,31.280000686645508,124966582.0
2025-04-08,31.0,31.649999618530273,29.6299991607666,30.360000610351562,156880402.0
2025-04-09,29.510000228881836,31.200000762939453,28.670000076293945,30.959999084472656,147524382.0
2025-04-10,31.700000762939453,32.599998474121094,31.6299991607666,31.639999389648438,126515943.0
2025-04-11,31.229999542236328,32.459999084472656,31.229999542236328,32.08000183105469,87898451.0
2025-04-14,32.81999969482422,33.040000915527344,32.41999816894531,32.58000183105469,87940798.0
2025-04-15,32.599998474121094,32.599998474121094,31.950000762939453,32.150001525878906,55695109.0
2025-04-16,31.479999542236328,31.65999984741211,30.90999984741211,31.350000381469727,52350747.0
2025-04-17,31.100000381469727,31.5,31.030000686645508,31.200000762939453,38061164.0
2025-04-18,31.09000015258789,32.59000015258789,31.010000228881836,32.40999984741211,127272535.0
2025-04-21,32.0,32.33000183105469,31.799999237060547,32.27000045776367,76093497.0
2025-04-22,32.099998474121094,32.130001068115234,31.709999084472656,31.739999771118164,62147282.0
2025-04-23,31.979999542236328,32.369998931884766,31.93000030517578,32.08000183105469,77919720.0
2025-04-24,32.0099983215332,32.040000915527344,31.399999618530273,31.56999969482422,55260160.0
2025-04-25,31.670000076293945,31.950000762939453,31.59000015258789,31.6200008392334,43661463.0
2025-04-28,31.59000015258789,31.68000030517578,31.34000015258789,31.3799991607666,32757899.0
2025-04-29,31.34000015258789,31.690000534057617,31.170000076293945,31.459999084472656,33211082.0
2025-04-30,31.559999465942383,32.099998474121094,31.469999313354492,31.940000534057617,52609867.0
2025-05-06,32.22999954223633,32.77000045776367,32.15999984741211,32.7599983215332,73358605.0
2025-05-07,33.33000183105469,33.4900016784668,32.40999984741211,32.68000030517578,74481562.0
2025-05-08,32.599998474121094,33.31999969482422,32.5099983215332,33.060001373291016,72198471.0
2025-05-09,32.970001220703125,32.97999954223633,32.29999923706055,32.5099983215332,54641040.0
2025-05-12,32.880001068115234,33.41999816894531,32.81999969482422,33.16999816894531,80650311.0
2025-05-13,33.599998474121094,33.599998474121094,32.75,32.779998779296875,68438330.0
2025-05-14,32.79999923706055,33.25,32.619998931884766,33.0,66496434.0
2025-05-15,32.9900016784668,32.9900016784668,32.119998931884766,32.16999816894531,60747615.0
2025-05-16,32.02000045776367,32.380001068115234,31.93000030517578,32.130001068115234,35751904.0
2025-05-19,32.029998779296875,32.06999969482422,31.65999984741211,31.989999771118164,35271063.0
2025-05-20,31.920000076293945,32.13999938964844,31.780000686645508,32.0099983215332,31665839.0
2025-05-21,31.989999771118164,32.29999923706055,31.8700008392334,32.0,39171500.0
2025-05-22,31.829999923706055,32.220001220703125,31.709999084472656,31.709999084472656,36809644.0
2025-05-23,31.799999237060547,31.799999237060547,31.170000076293945,31.200000762939453,48113991.0
2025-05-26,31.1299991607666,31.75,31.1299991607666,31.469999313354492,37241344.0
2025-05-27,31.420000076293945,31.450000762939453,30.899999618530273,31.0,41669358.0
2025-05-28,31.020000457763672,31.239999771118164,30.920000076293945,30.979999542236328,26389073.0
2025-05-29,31.020000457763672,31.540000915527344,31.020000457763672,31.510000228881836,46244952.0
2025-05-30,31.299999237060547,31.329999923706055,31.0,31.09000015258789,35988129.0
2025-06-03,30.940000534057617,31.299999237060547,30.860000610351562,31.110000610351562,31414308.0
2025-06-04,31.200000762939453,31.760000228881836,31.200000762939453,31.610000610351562,47168756.0
2025-06-05,31.6299991607666,32.29999923706055,31.510000228881836,32.20000076293945,67255035.0
2025-06-06,32.09000015258789,32.599998474121094,32.060001373291016,32.310001373291016,64159121.0
2025-06-09,32.31999969482422,32.599998474121094,32.31999969482422,32.439998626708984,47878977.0
2025-06-10,32.43000030517578,32.439998626708984,31.770000457763672,32.029998779296875,52826385.0
2025-06-11,32.02000045776367,32.369998931884766,31.979999542236328,32.09000015258789,39323410.0
2025-06-12,32.0,32.43000030517578,31.920000076293945,31.940000534057617,45773929.0
2025-06-13,31.860000610351562,32.130001068115234,31.280000686645508,31.479999542236328,54047399.0
2025-06-16,31.360000610351562,31.940000534057617,31.299999237060547,31.709999084472656,34408749.0
2025-06-17,31.709999084472656,31.780000686645508,31.440000534057617,31.5,27509403.0
2025-06-18,31.5,31.670000076293945,31.18000030517578,31.510000228881836,37849765.0
2025-06-19,31.5,31.75,31.139999389648438,31.190000534057617,44918041.0
2025-06-20,31.1299991607666,31.450000762939453,30.90999984741211,30.959999084472656,39003864.0
2025-06-23,30.700000762939453,31.25,30.549999237060547,31.1299991607666,36624482.0
2025-06-24,31.200000762939453,31.899999618530273,31.200000762939453,31.729999542236328,57687662.0
2025-06-25,31.75,32.25,31.700000762939453,32.22999954223633,71073555.0
2025-06-26,32.22999954223633,32.5,32.0099983215332,32.0099983215332,57903311.0
2025-06-27,32.119998931884766,32.77000045776367,31.93000030517578,32.38999938964844,84993840.0
2025-06-30,32.400001525878906,32.599998474121094,32.36000061035156,32.4900016784668,49682177.0
2025-07-01,32.40999984741211,33.09000015258789,32.130001068115234,32.63999938964844,71479489.0
2025-07-02,32.5,32.5,31.940000534057617,32.040000915527344,55424666.0
2025-07-03,32.0099983215332,33.29999923706055,32.0,32.70000076293945,107850559.0
2025-07-04,32.66999816894531,32.70000076293945,32.2599983215332,32.31999969482422,61800037.0
2025-07-07,32.20000076293945,32.25,31.850000381469727,31.889999389648438,53502159.0
2025-07-08,31.899999618530273,32.779998779296875,31.8700008392334,32.720001220703125,103897305.0
2025-07-09,32.65999984741211,33.2599983215332,32.599998474121094,32.86000061035156,95151806.0
2025-07-10,32.86000061035156,33.5,32.86000061035156,33.119998931884766,89759259.0
2025-07-11,33.130001068115234,33.63999938964844,32.939998626708984,33.439998626708984,99807507.0
2025-07-14,33.45000076293945,33.4900016784668,33.18000030517578,33.189998626708984,54588700.0
2025-07-15,33.18000030517578,33.959999084472656,33.099998474121094,33.5,113278368.0
2025-07-16,33.68000030517578,33.849998474121094,33.119998931884766,33.2400016784668,70983783.0
2025-07-17,33.18000030517578,34.65999984741211,33.099998474121094,34.529998779296875,156577989.0
2025-07-18,34.63999938964844,34.75,34.119998931884766,34.220001220703125,82813281.0
2025-07-21,34.220001220703125,34.34000015258789,33.939998626708984,34.25,72688397.0
2025-07-22,34.11000061035156,34.20000076293945,33.72999954223633,33.95000076293945,70118948.0
2025-07-23,33.88999938964844,34.2400016784668,33.75,33.88999938964844,69232444.0
2025-07-24,33.88999938964844,34.849998474121094,33.810001373291016,34.66999816894531,103503424.0
2025-07-25,34.63999938964844,34.650001525878906,34.08000183105469,34.38999938964844,66062165.0
2025-07-28,34.529998779296875,34.66999816894531,34.27000045776367,34.470001220703125,55473677.0
2025-07-29,34.130001068115234,35.779998779296875,33.5099983215332,35.09000015258789,149059110.0
2025-07-30,34.959999084472656,35.099998474121094,34.36000061035156,34.599998474121094,76581180.0
2025-07-31,34.59000015258789,35.470001220703125,34.16999816894531,34.290000915527344,113587805.0
2025-08-01,34.22999954223633,34.58000183105469,33.560001373291016,33.900001525878906,78598461.0
2025-08-04,33.599998474121094,33.880001068115234,33.59000015258789,33.869998931884766,37928775.0
2025-08-05,33.93000030517578,34.54999923706055,33.93000030517578,34.41999816894531,61492521.0
2025-08-06,34.349998474121094,35.04999923706055,34.08000183105469,34.54999923706055,60412669.0
2025-08-07,34.540000915527344,34.689998626708984,34.02000045776367,34.189998626708984,59849986.0
2025-08-08,34.15999984741211,34.189998626708984,33.75,33.779998779296875,48431216.0
2025-08-11,33.790000915527344,34.15999984741211,33.779998779296875,34.0,50037762.0
2025-08-12,34.0,34.650001525878906,33.88999938964844,34.54999923706055,83261946.0
2025-08-13,34.54999923706055,35.5,34.5099983215332,35.5,161077819.0
2025-08-14,35.41999816894531,35.560001373291016,34.779998779296875,34.810001373291016,102818630.0
2025-08-15,34.70000076293945,35.290000915527344,34.70000076293945,35.209999084472656,79052758.0
2025-08-18,35.45000076293945,38.72999954223633,35.45000076293945,38.310001373291016,385922318.0
2025-08-19,37.7599983215332,38.16999816894531,37.369998931884766,37.79999923706055,210663950.0
2025-08-20,38.099998474121094,40.38999938964844,37.41999816894531,39.939998626708984,337923758.0
2025-08-21,43.529998779296875,43.93000030517578,42.29999923706055,42.560001373291016,510560082.0
2025-08-22,43.5,46.68000030517578,42.5,46.54999923706055,443629570.0
2025-08-25,47.58000183105469,47.900001525878906,44.47999954223633,45.84000015258789,447663969.0
2025-08-26,45.0099983215332,45.97999954223633,44.36000061035156,45.02000045776367,242269171.0
2025-08-27,45.29999923706055,46.58000183105469,44.0,44.099998474121094,288887778.0
2025-08-28,44.0,47.439998626708984,43.75,47.41999816894531,353370637.0
2025-08-29,46.11000061035156,46.349998474121094,45.0,45.439998626708984,265928498.0
2025-09-01,46.369998931884766,48.880001068115234,46.0,48.0,322863809.0
2025-09-02,47.65999984741211,48.20000076293945,44.04999923706055,44.83000183105469,302199658.0
2025-09-03,44.81999969482422,45.33000183105469,43.36000061035156,43.939998626708984,185077993.0
2025-09-04,43.90999984741211,44.2599983215332,40.099998474121094,40.84000015258789,286618254.0
2025-09-05,41.310001373291016,42.02000045776367,40.220001220703125,41.81999969482422,171662102.0
2025-09-08,41.849998474121094,42.459999084472656,41.099998474121094,41.79999923706055,155408356.0
2025-09-09,41.83000183105469,41.9900016784668,40.349998474121094,40.65999984741211,118595078.0
2025-09-10,40.75,41.599998474121094,40.58000183105469,41.09000015258789,121846417.0
2025-09-11,41.18000030517578,44.33000183105469,40.58000183105469,43.7400016784668,258558096.0
2025-09-12,43.029998779296875,45.2599983215332,43.029998779296875,44.08000183105469,221412621.0
2025-09-15,44.0099983215332,44.029998779296875,43.0,43.060001373291016,125341918.0
2025-09-16,43.16999816894531,44.88999938964844,43.15999984741211,44.29999923706055,182967796.0
2025-09-17,44.209999084472656,45.25,43.599998474121094,44.130001068115234,152762323.0
2025-09-18,44.29999923706055,45.7400016784668,43.47999954223633,44.25,250780818.0
2025-09-19,43.9900016784668,45.20000076293945,43.689998626708984,43.779998779296875,143703379.0
2025-09-22,44.09000015258789,45.75,43.86000061035156,45.02000045776367,199678040.0
2025-09-23,45.029998779296875,45.29999923706055,42.25,43.5,210379325.0
2025-09-24,42.880001068115234,44.20000076293945,42.5,43.970001220703125,170832588.0
2025-09-25,44.0,46.36000061035156,43.83000183105469,45.79999923706055,265946092.0
2025-09-26,45.36000061035156,47.04999923706055,43.81999969482422,44.470001220703125,274751909.0
2025-09-29,44.41999816894531,45.599998474121094,43.630001068115234,45.11000061035156,165732749.0
2025-09-30,45.220001220703125,46.18000030517578,44.65999984741211,45.63999938964844,149081871.0
2025-10-09,45.880001068115234,50.20000076293945,45.86000061035156,49.97999954223633,450868585.0
2025-10-10,51.0099983215332,54.09000015258789,50.0,52.0,490694689.0
2025-10-13,51.040000915527344,55.0,50.20000076293945,53.66999816894531,368249886.0
2025-10-14,54.11000061035156,55.849998474121094,50.0,50.20000076293945,366750968.0
2025-10-15,51.029998779296875,51.68000030517578,48.529998779296875,50.400001525878906,244937954.0
2025-10-16,50.40999984741211,55.2599983215332,50.40999984741211,54.029998779296875,336962904.0
2025-10-17,53.400001525878906,53.880001068115234,48.630001068115234,48.630001068115234,319595274.0
2025-10-20,49.0,49.869998931884766,47.84000015258789,48.599998474121094,188081515.0
2025-10-21,48.869998931884766,51.939998626708984,48.29999923706055,51.2400016784668,224207585.0
2025-10-22,50.189998626708984,50.58000183105469,48.720001220703125,49.939998626708984,163856972.0
2025-10-23,49.75,49.7599983215332,47.459999084472656,48.189998626708984,153119678.0
2025-10-24,48.79999923706055,50.130001068115234,48.470001220703125,49.849998474121094,180263335.0
2025-10-27,50.5,52.5,50.099998474121094,51.31999969482422,207191737.0
2025-10-28,50.400001525878906,50.59000015258789,48.91999816894531,49.38999938964844,196055252.0
2025-10-29,45.45000076293945,46.70000076293945,44.59000015258789,46.20000076293945,399195903.0
2025-10-30,45.61000061035156,45.880001068115234,44.7599983215332,44.83000183105469,228519633.0
2025-10-31,44.650001525878906,44.65999984741211,43.400001525878906,43.459999084472656,186297077.0
2025-11-03,43.130001068115234,43.20000076293945,42.099998474121094,42.790000915527344,143913239.0
2025-11-04,42.599998474121094,43.0,41.400001525878906,41.72999954223633,141174163.0
2025-11-05,40.93000030517578,41.540000915527344,40.72999954223633,41.099998474121094,110508624.0
2025-11-06,41.400001525878906,42.65999984741211,41.31999969482422,42.599998474121094,171531123.0
2025-11-07,42.04999923706055,42.13999938964844,41.599998474121094,41.720001220703125,93528781.0
2025-11-10,41.689998626708984,42.25,41.5,42.11000061035156,94867699.0
2025-11-11,42.400001525878906,42.400001525878906,40.689998626708984,40.900001525878906,119779158.0
2025-11-12,40.099998474121094,40.36000061035156,39.20000076293945,39.72999954223633,134244074.0
2025-11-13,39.58000183105469,40.599998474121094,39.45000076293945,40.349998474121094,85035481.0
2025-11-14,40.150001525878906,40.65999984741211,39.720001220703125,39.7599983215332,75455771.0
2025-11-17,39.58000183105469,39.9900016784668,38.900001525878906,39.20000076293945,98087659.0
2025-11-18,39.060001373291016,39.810001373291016,38.88999938964844,39.45000076293945,78984680.0
2025-11-19,39.209999084472656,39.900001525878906,39.06999969482422,39.290000915527344,65518369.0
2025-11-20,39.7599983215332,39.970001220703125,39.130001068115234,39.189998626708984,67198837.0
2025-11-21,38.599998474121094,39.099998474121094,37.9900016784668,38.06999969482422,99937543.0
2025-11-24,38.20000076293945,39.130001068115234,37.91999816894531,38.650001525878906,82158420.0
2025-11-25,39.02000045776367,40.45000076293945,38.959999084472656,39.86000061035156,151104684.0
2025-11-26,39.59000015258789,41.349998474121094,39.52000045776367,40.970001220703125,151758716.0
2025-11-27,42.380001068115234,43.349998474121094,41.5099983215332,42.29999923706055,261494670.0
2025-11-28,42.31999969482422,42.790000915527344,41.599998474121094,42.09000015258789,140096802.0
2025-12-01,42.45000076293945,46.29999923706055,42.029998779296875,46.29999923706055,327257555.0
2025-12-02,47.77000045776367,47.77000045776367,45.0,45.5,438002305.0
2025-12-03,45.0,45.720001220703125,43.25,43.29999923706055,302888390.0
2025-12-04,42.81999969482422,43.4900016784668,42.41999816894531,42.91999816894531,154390238.0
2025-12-05,42.959999084472656,42.9900016784668,41.66999816894531,41.95000076293945,165802791.0
2025-12-08,41.5099983215332,42.68000030517578,41.5,42.22999954223633,152076359.0
2025-12-09,42.02000045776367,43.599998474121094,42.0,42.369998931884766,176312787.0
2025-12-10,42.0099983215332,42.36000061035156,41.47999954223633,42.02000045776367,112848446.0
2025-12-11,41.0,41.0,37.81999969482422,37.81999969482422,436171362.0
2025-12-12,36.900001525878906,38.75,36.380001068115234,37.75,295769275.0
2025-12-15,37.34000015258789,37.56999969482422,36.81999969482422,36.84000015258789,136359186.0
2025-12-16,36.68000030517578,36.709999084472656,35.61000061035156,35.77000045776367,121609438.0
2025-12-17,35.810001373291016,37.18000030517578,35.810001373291016,36.959999084472656,130463977.0
2025-12-18,36.5,37.15999984741211,36.380001068115234,36.52000045776367,81610528.0
2025-12-19,36.7599983215332,37.36000061035156,36.63999938964844,37.029998779296875,96817050.0
2025-12-22,37.11000061035156,37.689998626708984,37.04999923706055,37.369998931884766,109079722.0
2025-12-23,37.31999969482422,37.43000030517578,36.849998474121094,37.189998626708984,100401302.0
2025-12-24,37.099998474121094,38.4900016784668,36.93000030517578,38.27000045776367,164073896.0
2025-12-25,38.369998931884766,38.439998626708984,37.7400016784668,38.11000061035156,99080499.0
2025-12-26,38.11000061035156,38.11000061035156,37.47999954223633,37.900001525878906,94240602.0
2025-12-29,37.790000915527344,38.22999954223633,37.18000030517578,37.47999954223633,108612762.0
2025-12-30,37.2599983215332,37.65999984741211,37.20000076293945,37.27000045776367,75279807.0
2025-12-31,37.45000076293945,38.130001068115234,37.33000183105469,37.84000015258789,129593138.0
2026-01-05,37.84000015258789,38.45000076293945,37.59000015258789,38.25,139218049.0
2026-01-06,38.29999923706055,39.400001525878906,38.099998474121094,39.27000045776367,176451241.0
2026-01-07,39.369998931884766,39.41999816894531,38.52000045776367,38.91999816894531,133066209.0
2026-01-08,38.70000076293945,40.400001525878906,38.619998931884766,39.9900016784668,190323482.0
2026-01-09,39.93000030517578,40.38999938964844,39.529998779296875,40.22999954223633,149988277.0
2026-01-12,40.31999969482422,42.81999969482422,40.150001525878906,42.439998626708984,259293063.0
2026-01-13,42.439998626708984,42.439998626708984,40.02000045776367,40.279998779296875,218361983.0
2026-01-14,40.22999954223633,41.41999816894531,39.97999954223633,40.38999938964844,181556900.0
2026-01-15,39.95000076293945,40.15999984741211,39.2599983215332,39.84000015258789,122178124.0
2026-01-16,40.0,40.29999923706055,39.560001373291016,40.02000045776367,113486703.0
2026-01-19,39.83000183105469,39.88999938964844,39.36000061035156,39.54999923706055,81690247.0
2026-01-20,39.47999954223633,39.54999923706055,38.310001373291016,38.59000015258789,110193672.0
2026-01-21,38.209999084472656,39.97999954223633,38.20000076293945,39.52000045776367,126087363.0
2026-01-22,39.93000030517578,40.150001525878906,39.349998474121094,39.790000915527344,100181155.0
2026-01-23,39.59000015258789,40.20000076293945,39.22999954223633,40.11000061035156,125222529.0
2026-01-26,40.0099983215332,40.650001525878906,39.36000061035156,39.5,107269648.0
2026-01-27,39.47999954223633,40.29999923706055,38.72999954223633,40.20000076293945,126645533.0
2026-01-28,40.20000076293945,40.349998474121094,39.5,39.650001525878906,96973075.0
2026-01-29,39.45000076293945,40.7400016784668,38.779998779296875,39.5099983215332,128684845.0
2026-01-30,39.0,39.18000030517578,38.27000045776367,38.4900016784668,103648928.0
2026-02-02,38.209999084472656,38.75,36.86000061035156,37.08000183105469,120066040.0
2026-02-03,37.47999954223633,37.529998779296875,36.529998779296875,37.2599983215332,100838031.0
2026-02-04,37.0,37.119998931884766,36.5099983215332,37.119998931884766,80106346.0
2026-02-05,36.72999954223633,36.97999954223633,36.31999969482422,36.56999969482422,64320470.0
2026-02-06,36.279998779296875,36.689998626708984,36.08000183105469,36.310001373291016,59527448.0
2026-02-09,36.79999923706055,37.380001068115234,36.68000030517578,37.27000045776367,87706082.0
2026-02-10,37.15999984741211,37.849998474121094,37.119998931884766,37.58000183105469,70048273.0
2026-02-11,37.58000183105469,37.880001068115234,37.310001373291016,37.349998474121094,52536731.0
2026-02-12,37.2599983215332,37.650001525878906,37.15999984741211,37.529998779296875,54168417.0
2026-02-13,37.20000076293945,37.779998779296875,37.11000061035156,37.15999984741211,52123338.0
2026-02-24,37.47999954223633,38.0,37.2400016784668,37.77000045776367,82620729.0
2026-02-25,37.900001525878906,38.20000076293945,37.61000061035156,37.959999084472656,77337475.0
2026-02-26,37.970001220703125,38.7400016784668,37.83000183105469,38.56999969482422,98020425.0
2026-02-27,38.099998474121094,38.849998474121094,37.7599983215332,38.650001525878906,86148352.0
2026-03-02,37.959999084472656,38.43000030517578,37.4900016784668,37.84000015258789,93338625.0
2026-03-03,38.18000030517578,39.150001525878906,36.68000030517578,36.75,144149266.0
2026-03-04,36.43000030517578,37.7599983215332,36.400001525878906,36.970001220703125,89577043.0
2026-03-05,37.47999954223633,38.29999923706055,37.2599983215332,37.880001068115234,106307649.0
2026-03-06,37.4900016784668,37.65999984741211,37.029998779296875,37.400001525878906,78066967.0
2026-03-09,36.0,36.0,34.79999923706055,35.70000076293945,149206982.0
2026-03-10,36.15999984741211,36.93000030517578,36.060001373291016,36.869998931884766,99600867.0
2026-03-11,37.0,37.900001525878906,36.9900016784668,37.119998931884766,113584992.0
2026-03-12,36.810001373291016,38.099998474121094,36.68000030517578,37.119998931884766,101379123.0
2026-03-13,36.849998474121094,37.060001373291016,36.349998474121094,36.459999084472656,73166993.0
2026-03-16,36.310001373291016,36.63999938964844,35.58000183105469,36.5,71952396.0
2026-03-17,36.68000030517578,36.7400016784668,35.7599983215332,35.83000183105469,64914771.0
2026-03-18,35.83000183105469,36.47999954223633,35.369998931884766,36.25,66984593.0
2026-03-19,35.599998474121094,35.810001373291016,35.18000030517578,35.349998474121094,62797096.0
2026-03-20,35.45000076293945,35.63999938964844,34.27000045776367,34.27000045776367,80158372.0
2026-03-23,33.56999969482422,33.63999938964844,31.899999618530273,32.04999923706055,110640288.0
2026-03-24,32.5,32.93000030517578,32.0,32.91999816894531,67932857.0
2026-03-25,33.0,33.84000015258789,33.0,33.45000076293945,62863706.0
2026-03-26,33.27000045776367,33.529998779296875,32.59000015258789,32.68000030517578,48435809.0
2026-03-27,32.22999954223633,32.95000076293945,32.02000045776367,32.68000030517578,41130528.0
2026-03-30,32.11000061035156,32.599998474121094,31.799999237060547,32.59000015258789,51249862.0
2026-03-31,32.5,33.290000915527344,32.43000030517578,32.439998626708984,59161649.0
2026-04-01,33.060001373291016,33.15999984741211,32.709999084472656,32.9900016784668,48471315.0
2026-04-02,32.790000915527344,32.90999984741211,31.920000076293945,32.04999923706055,53087898.0
2026-04-03,32.33000183105469,32.619998931884766,32.08000183105469,32.08000183105469,46858410.0
2026-04-07,32.150001525878906,32.54999923706055,32.06999969482422,32.34000015258789,40459381.0
2026-04-08,33.0,34.04999923706055,33.0,34.040000915527344,97677765.0
2026-04-09,33.70000076293945,35.900001525878906,33.540000915527344,35.560001373291016,183752288.0
2026-04-10,35.5,36.16999816894531,35.20000076293945,35.790000915527344,124541087.0
2026-04-13,35.52000045776367,36.20000076293945,35.29999923706055,35.720001220703125,92006380.0
2026-04-14,36.099998474121094,36.400001525878906,35.470001220703125,35.83000183105469,94191345.0
2026-04-15,35.970001220703125,36.029998779296875,35.060001373291016,35.209999084472656,82120548.0
2026-04-16,35.41999816894531,35.59000015258789,34.95000076293945,35.400001525878906,71566355.0
2026-04-17,35.20000076293945,35.86000061035156,35.15999984741211,35.33000183105469,61008831.0
2026-04-20,35.31999969482422,36.09000015258789,35.22999954223633,35.83000183105469,82386576.0
2026-04-21,35.61000061035156,35.650001525878906,34.7599983215332,35.20000076293945,79104000.0
2026-04-22,35.08000183105469,37.439998626708984,35.0,37.34000015258789,230832460.0
2026-04-23,37.20000076293945,37.58000183105469,36.5,36.849998474121094,133095929.0
2026-04-24,36.56999969482422,37.099998474121094,35.95000076293945,36.380001068115234,103407016.0
2026-04-27,35.79999923706055,37.779998779296875,35.34000015258789,37.2599983215332,168435634.0
2026-04-28,37.0,37.0,35.81999969482422,36.0099983215332,113250297.0
2026-04-29,35.81999969482422,36.9900016784668,35.56999969482422,36.41999816894531,96826940.0
2026-04-30,36.209999084472656,36.83000183105469,35.70000076293945,36.70000076293945,98381385.0
2026-05-06,37.5099983215332,39.099998474121094,37.45000076293945,38.25,216711363.0
2026-05-07,38.599998474121094,38.939998626708984,38.040000915527344,38.900001525878906,146336014.0
2026-05-08,38.52000045776367,38.900001525878906,37.93000030517578,38.68000030517578,137817377.0
2026-05-11,39.20000076293945,39.4900016784668,38.560001373291016,39.11000061035156,164649887.0
2026-05-12,38.900001525878906,39.0,37.959999084472656,38.09000015258789,126951673.0
2026-05-13,37.849998474121094,38.900001525878906,37.70000076293945,38.83000183105469,121557110.0
2026-05-14,39.61000061035156,40.20000076293945,37.560001373291016,37.560001373291016,163800662.0
2026-05-15,37.63999938964844,38.290000915527344,36.58000183105469,36.709999084472656,146967367.0
2026-05-18,36.400001525878906,38.08000183105469,36.02000045776367,37.5099983215332,134080666.0
2026-05-19,37.45000076293945,37.79999923706055,36.75,37.650001525878906,105085365.0
2026-05-20,37.29999923706055,38.150001525878906,37.130001068115234,37.18000030517578,91169664.0
2026-05-21,37.77000045776367,37.869998931884766,34.68000030517578,34.83000183105469,168355165.0
2026-05-22,35.11000061035156,35.70000076293945,34.65999984741211,35.63999938964844,119684280.0
2026-05-25,35.849998474121094,36.33000183105469,35.70000076293945,36.27000045776367,93430940.0
2026-05-26,36.0,36.0,34.77000045776367,35.540000915527344,125958803.0
2026-05-27,35.540000915527344,36.11000061035156,34.43000030517578,34.81999969482422,144730259.0
2026-05-28,35.22999954223633,38.29999923706055,34.45000076293945,38.29999923706055,222717372.0
2026-05-29,38.5,38.779998779296875,36.439998626708984,36.720001220703125,269924703.0
2026-06-01,36.650001525878906,36.83000183105469,35.060001373291016,35.099998474121094,161557217.0
2026-06-02,35.119998931884766,36.459999084472656,34.79999923706055,36.29999923706055,177378383.0
2026-06-03,36.79999923706055,38.29999923706055,36.0,36.439998626708984,243270052.0
2026-06-04,36.36000061035156,38.5,36.029998779296875,37.7400016784668,240591339.0
2026-06-05,37.58000183105469,41.29999923706055,37.04999923706055,39.130001068115234,463705394.0
2026-06-08,38.02000045776367,39.0,36.5,36.810001373291016,302349169.0
2026-06-09,37.38999938964844,39.33000183105469,37.189998626708984,39.13999938964844,310750077.0
2026-06-10,38.68000030517578,40.52000045776367,37.88999938964844,38.41999816894531,281770842.0
2026-06-11,37.90999984741211,39.5,37.279998779296875,37.810001373291016,248050245.0
2026-06-12,38.599998474121094,38.70000076293945,36.150001525878906,36.349998474121094,261471118.0
2026-06-15,36.5099983215332,37.5,35.70000076293945,37.220001220703125,173493166.0
2026-06-16,36.900001525878906,38.47999954223633,36.54999923706055,38.0,212886750.0
2026-06-17,37.5,38.119998931884766,37.119998931884766,37.63999938964844,151487212.0
2026-06-18,37.40999984741211,38.63999938964844,37.0099983215332,37.88999938964844,218073777.0
2026-06-22,38.06999969482422,39.65999984741211,37.88999938964844,39.43000030517578,293603432.0
2026-06-23,39.099998474121094,39.25,37.599998474121094,38.0099983215332,216201992.0
2026-06-24,37.5,38.380001068115234,36.79999923706055,37.41999816894531,162730773.0
2026-06-25,37.90999984741211,38.79999923706055,37.310001373291016,38.439998626708984,234078840.0
2026-06-26,37.790000915527344,37.790000915527344,35.66999816894531,35.66999816894531,234579806.0
2026-06-29,35.349998474121094,36.18000030517578,34.72999954223633,35.20000076293945,117995953.0
2026-06-30,35.189998626708984,36.59000015258789,35.099998474121094,36.189998626708984,121548434.0
2026-07-01,36.400001525878906,38.41999816894531,36.279998779296875,37.18000030517578,220129401.0
2026-07-02,36.279998779296875,36.29999923706055,35.209999084472656,35.31999969482422,182467540.0
2026-07-03,35.29999923706055,37.5,35.29999923706055,36.380001068115234,153866953.0
2026-07-06,36.0,37.150001525878906,35.20000076293945,36.279998779296875,151437494.0
2026-07-07,35.709999084472656,36.4900016784668,35.61000061035156,35.790000915527344,87954844.0
2026-07-08,36.790000915527344,37.5,36.130001068115234,36.869998931884766,197502568.0
2026-07-09,37.099998474121094,40.5,36.97999954223633,40.33000183105469,535935311.0
2026-07-10,39.79999923706055,43.0,39.630001068115234,40.529998779296875,450271803.0
2026-07-13,41.0,42.5,39.58000183105469,40.040000915527344,332314428.0
2026-07-14,41.0,41.58000183105469,37.61000061035156,39.90999984741211,307129593.0
2026-07-15,40.400001525878906,41.279998779296875,38.790000915527344,39.45000076293945,267769158.0
2026-07-16,40.0,41.40999984741211,39.29999923706055,40.0,361370011.0
2026-07-17,38.970001220703125,39.2599983215332,36.0,36.0,349713063.0
2026-07-20,36.0,36.18000030517578,33.13999938964844,33.72999954223633,307859097.0
2026-07-21,33.849998474121094,34.939998626708984,32.38999938964844,34.880001068115234,235192031.0
2026-07-22,34.25,38.369998931884766,34.11000061035156,37.5,482599770.0
2026-07-23,37.0099983215332,37.54999923706055,35.810001373291016,35.91999816894531,283559665.0
2026-07-24,35.0099983215332,35.81999969482422,34.79999923706055,35.0,179141974.0
2026-07-27,34.720001220703125,35.25,34.150001525878906,35.25,141024793.0
2026-07-28,34.4900016784668,34.880001068115234,33.95000076293945,34.029998779296875,147239953.0
2026-07-29,33.790000915527344,34.220001220703125,33.380001068115234,34.08000183105469,111623468.0
2026-07-30,33.7400016784668,34.119998931884766,33.060001373291016,33.29999923706055,128022171.0
2026-07-31,34.47999954223633,34.61000061035156,33.79999923706055,33.810001373291016,139157075.0
2026-08-03,33.5,34.27000045776367,33.380001068115234,34.02000045776367,79148136.0
2026-08-04,34.2400016784668,34.540000915527344,34.099998474121094,34.369998931884766,120741671.0
2026-08-05,34.0,34.970001220703125,33.959999084472656,34.7400016784668,166013226.0
2026-08-06,34.20000076293945,34.97999954223633,33.95000076293945,34.70000076293945,150150774.0
2026-08-07,34.779998779296875,35.380001068115234,34.4900016784668,34.70000076293945,158640505.0
2026-08-10,34.470001220703125,34.5,34.02000045776367,34.29999923706055,104523307.0
2026-08-11,34.130001068115234,34.56999969482422,34.029998779296875,34.189998626708984,85271485.0
2026-08-12,34.029998779296875,35.779998779296875,33.880001068115234,35.59000015258789,248618570.0
2026-08-13,35.29999923706055,36.09000015258789,35.029998779296875,35.08000183105469,204452952.0
2026-08-14,35.099998474121094,35.33000183105469,34.66999816894531,35.04999923706055,111887061.0
2026-08-17,35.29999923706055,36.20000076293945,34.83000183105469,36.02000045776367,183205045.0
2026-08-18,35.77000045776367,35.779998779296875,34.95000076293945,35.11000061035156,131276372.0
2026-08-19,34.65999984741211,34.66999816894531,33.5,33.66999816894531,146311745.0
2026-08-20,33.79999923706055,34.09000015258789,33.61000061035156,33.84000015258789,58825108.0
2026-08-21,33.5099983215332,33.91999816894531,33.43000030517578,33.779998779296875,48771693.0
2026-08-24,33.29999923706055,33.52000045776367,32.88999938964844,33.130001068115234,76442810.0
2026-08-25,32.91999816894531,33.5,32.83000183105469,33.41999816894531,43339777.0
2026-08-26,33.41999816894531,33.689998626708984,33.34000015258789,33.540000915527344,40270393.0
2026-08-27,33.56999969482422,33.9900016784668,33.540000915527344,33.959999084472656,65938153.0
2026-08-28,33.79999923706055,34.0099983215332,33.61000061035156,33.630001068115234,53136332.0
