date,open,high,low,close,volume
2016-08-29,31.040000915527344,31.200000762939453,30.799999237060547,30.920000076293945,4909021.0
2016-08-30,30.90999984741211,31.350000381469727,30.899999618530273,31.229999542236328,6581134.0
2016-08-31,31.399999618530273,32.119998931884766,31.350000381469727,31.8700008392334,13339440.0
2016-09-01,32.029998779296875,32.119998931884766,31.549999237060547,31.600000381469727,6943892.0
2016-09-02,31.5,31.770000457763672,31.18000030517578,31.3700008392334,6949509.0
2016-09-05,31.399999618530273,31.959999084472656,31.200000762939453,31.649999618530273,6875927.0
2016-09-06,31.649999618530273,32.189998626708984,31.5,32.189998626708984,10559154.0
2016-09-07,32.150001525878906,32.189998626708984,31.579999923706055,31.68000030517578,11063714.0
2016-09-08,31.739999771118164,31.850000381469727,31.5,31.639999389648438,6480260.0
2016-09-09,31.65999984741211,31.719999313354492,31.0,31.010000228881836,10002379.0
2016-09-12,30.299999237060547,30.670000076293945,29.6299991607666,29.850000381469727,14493092.0
2016-09-13,29.90999984741211,30.06999969482422,29.479999542236328,29.799999237060547,7694467.0
2016-09-14,29.6299991607666,29.790000915527344,29.31999969482422,29.5,5591053.0
2016-09-19,29.600000381469727,30.299999237060547,29.579999923706055,30.170000076293945,7429566.0
2016-09-20,30.06999969482422,30.25,29.950000762939453,30.0,4806729.0
2016-09-21,30.079999923706055,30.149999618530273,29.68000030517578,29.899999618530273,4705688.0
2016-09-22,30.059999465942383,30.68000030517578,29.959999084472656,30.520000457763672,9185707.0
2016-09-23,30.579999923706055,30.950000762939453,30.389999389648438,30.729999542236328,5651466.0
2016-09-26,30.5,30.600000381469727,29.989999771118164,30.040000915527344,5140147.0
2016-09-27,30.149999618530273,30.600000381469727,30.09000015258789,30.40999984741211,5460509.0
2016-09-28,30.43000030517578,30.5,30.149999618530273,30.260000228881836,2363801.0
2016-09-29,30.270000457763672,30.530000686645508,30.209999084472656,30.31999969482422,3625082.0
2016-09-30,30.31999969482422,31.510000228881836,30.25,31.079999923706055,14922196.0
2016-10-10,31.25,31.979999542236328,31.049999237060547,31.829999923706055,11743410.0
2016-10-11,31.700000762939453,32.0099983215332,31.40999984741211,31.780000686645508,7285998.0
2016-10-12,31.639999389648438,32.150001525878906,31.450000762939453,31.790000915527344,6881958.0
2016-10-13,31.799999237060547,32.09000015258789,31.280000686645508,31.350000381469727,7279720.0
2016-10-14,31.260000228881836,31.65999984741211,31.18000030517578,31.360000610351562,4881090.0
2016-10-17,31.5,31.700000762939453,31.15999984741211,31.200000762939453,4443752.0
2016-10-18,31.299999237060547,31.8799991607666,31.239999771118164,31.719999313354492,10052488.0
2016-10-19,31.739999771118164,31.969999313354492,31.59000015258789,31.969999313354492,8317367.0
2016-10-20,32.0099983215332,32.43000030517578,31.6200008392334,31.65999984741211,10375227.0
2016-10-21,31.75,31.850000381469727,31.329999923706055,31.68000030517578,6283422.0
2016-10-24,31.649999618530273,32.04999923706055,31.540000915527344,31.68000030517578,8741857.0
2016-10-25,31.610000610351562,33.29999923706055,31.610000610351562,33.290000915527344,21264631.0
2016-10-26,33.150001525878906,35.880001068115234,33.0099983215332,34.59000015258789,25090659.0
2016-10-27,34.20000076293945,35.18000030517578,33.900001525878906,34.86000061035156,13012059.0
2016-10-28,34.689998626708984,35.15999984741211,33.959999084472656,34.61000061035156,10378065.0
2016-10-31,34.459999084472656,34.779998779296875,33.650001525878906,34.400001525878906,7914065.0
2016-11-01,34.40999984741211,35.400001525878906,34.11000061035156,35.400001525878906,9987738.0
2016-11-02,35.41999816894531,35.43000030517578,34.470001220703125,34.599998474121094,8349258.0
2016-11-03,34.31999969482422,35.06999969482422,34.31999969482422,34.900001525878906,6263241.0
2016-11-04,34.70000076293945,35.0,33.720001220703125,34.130001068115234,7862535.0
2016-11-07,33.9900016784668,34.2400016784668,33.61000061035156,33.900001525878906,8236472.0
2016-11-08,34.150001525878906,34.95000076293945,33.939998626708984,34.470001220703125,9756114.0
2016-11-09,34.540000915527344,34.970001220703125,33.79999923706055,34.77000045776367,9850806.0
2016-11-10,35.0099983215332,35.189998626708984,34.75,35.0,7640245.0
2016-11-11,34.88999938964844,34.88999938964844,34.09000015258789,34.5,9784595.0
2016-11-14,34.25,34.470001220703125,33.5,33.720001220703125,14051799.0
2016-11-15,33.70000076293945,34.29999923706055,33.4900016784668,34.20000076293945,9263136.0
2016-11-16,34.15999984741211,34.36000061035156,33.459999084472656,33.70000076293945,8641014.0
2016-11-17,33.66999816894531,33.88999938964844,33.20000076293945,33.369998931884766,7507039.0
2016-11-18,33.38999938964844,33.619998931884766,33.20000076293945,33.290000915527344,5435773.0
2016-11-21,33.439998626708984,33.75,33.20000076293945,33.29999923706055,7914778.0
2016-11-22,33.349998474121094,33.65999984741211,33.15999984741211,33.400001525878906,8342989.0
2016-11-23,33.5,34.04999923706055,33.34000015258789,34.04999923706055,17750163.0
2016-11-24,34.130001068115234,34.16999816894531,33.400001525878906,33.72999954223633,16733371.0
2016-11-25,33.75,34.09000015258789,33.400001525878906,33.650001525878906,9005245.0
2016-11-28,33.970001220703125,34.349998474121094,33.630001068115234,33.779998779296875,11154033.0
2016-11-29,33.77000045776367,35.459999084472656,33.630001068115234,34.849998474121094,25927189.0
2016-11-30,34.810001373291016,35.060001373291016,34.15999984741211,34.290000915527344,12873167.0
2016-12-01,34.349998474121094,34.790000915527344,33.70000076293945,33.86000061035156,16817676.0
2016-12-02,33.88999938964844,34.04999923706055,33.459999084472656,33.599998474121094,8628504.0
2016-12-05,33.349998474121094,34.22999954223633,33.0099983215332,33.38999938964844,8096297.0
2016-12-06,33.31999969482422,33.95000076293945,33.31999969482422,33.79999923706055,7383960.0
2016-12-07,33.900001525878906,34.13999938964844,33.34000015258789,33.61000061035156,8709592.0
2016-12-08,33.599998474121094,34.84000015258789,33.540000915527344,34.13999938964844,18938311.0
2016-12-09,34.20000076293945,34.790000915527344,34.119998931884766,34.31999969482422,9577792.0
2016-12-12,34.7599983215332,35.2400016784668,32.779998779296875,33.0,17557348.0
2016-12-13,33.060001373291016,33.9900016784668,33.060001373291016,33.880001068115234,10883108.0
2016-12-14,33.77000045776367,34.0099983215332,33.40999984741211,33.560001373291016,8093828.0
2016-12-15,33.58000183105469,33.869998931884766,32.88999938964844,33.02000045776367,9009745.0
2016-12-16,33.0,33.279998779296875,32.81999969482422,32.97999954223633,6147696.0
2016-12-19,33.0,34.099998474121094,33.0,33.599998474121094,10981426.0
2016-12-20,33.400001525878906,33.68000030517578,33.279998779296875,33.38999938964844,6158264.0
2016-12-21,33.41999816894531,33.900001525878906,33.36000061035156,33.529998779296875,6921105.0
2016-12-22,33.54999923706055,33.75,33.18000030517578,33.290000915527344,6022577.0
2016-12-23,33.27000045776367,33.38999938964844,32.279998779296875,32.38999938964844,11730363.0
2016-12-26,32.06999969482422,32.5099983215332,31.770000457763672,32.36000061035156,6576268.0
2016-12-27,32.400001525878906,32.650001525878906,32.20000076293945,32.38999938964844,5265870.0
2016-12-28,32.439998626708984,32.58000183105469,32.02000045776367,32.279998779296875,5503890.0
2016-12-29,32.20000076293945,32.47999954223633,31.959999084472656,32.29999923706055,4306318.0
2016-12-30,32.59000015258789,33.20000076293945,32.33000183105469,33.0,9287822.0
2017-01-03,33.150001525878906,33.38999938964844,33.06999969482422,33.20000076293945,4971389.0
2017-01-04,33.18000030517578,34.5,33.119998931884766,34.349998474121094,11681838.0
2017-01-05,34.400001525878906,34.90999984741211,33.91999816894531,34.380001068115234,13376702.0
2017-01-06,34.150001525878906,34.90999984741211,34.150001525878906,34.43000030517578,10894820.0
2017-01-09,34.38999938964844,34.88999938964844,34.349998474121094,34.54999923706055,7241846.0
2017-01-10,34.43000030517578,34.77000045776367,34.29999923706055,34.36000061035156,4453789.0
2017-01-11,34.40999984741211,34.47999954223633,33.849998474121094,33.900001525878906,4292146.0
2017-01-12,33.900001525878906,34.18000030517578,33.0,33.08000183105469,7244740.0
2017-01-13,33.08000183105469,33.41999816894531,32.54999923706055,33.099998474121094,5823383.0
2017-01-16,32.81999969482422,33.2400016784668,31.989999771118164,32.75,6187869.0
2017-01-17,32.790000915527344,33.65999984741211,32.59000015258789,33.5,6993511.0
2017-01-18,33.47999954223633,34.45000076293945,33.45000076293945,34.25,11046359.0
2017-01-19,34.380001068115234,34.380001068115234,33.689998626708984,34.0,6949810.0
2017-01-20,33.959999084472656,34.16999816894531,33.599998474121094,34.08000183105469,5412888.0
2017-01-23,34.099998474121094,35.220001220703125,34.04999923706055,34.290000915527344,12631075.0
2017-01-24,34.15999984741211,34.38999938964844,33.939998626708984,34.29999923706055,5790200.0
2017-01-25,34.279998779296875,34.400001525878906,33.869998931884766,33.93000030517578,5961607.0
2017-01-26,33.91999816894531,34.04999923706055,33.31999969482422,33.689998626708984,4570555.0
2017-02-03,33.72999954223633,33.779998779296875,32.7400016784668,32.900001525878906,7297009.0
2017-02-06,33.0,33.470001220703125,32.79999923706055,33.29999923706055,7216917.0
2017-02-07,33.290000915527344,33.880001068115234,33.130001068115234,33.54999923706055,5681908.0
2017-02-08,33.5,33.93000030517578,33.31999969482422,33.75,5575336.0
2017-02-09,33.72999954223633,35.18000030517578,33.72999954223633,35.11000061035156,21024127.0
2017-02-10,35.099998474121094,35.220001220703125,34.68000030517578,34.709999084472656,9639472.0
2017-02-13,34.93000030517578,37.310001373291016,34.779998779296875,36.060001373291016,17547902.0
2017-02-14,35.93000030517578,36.84000015258789,35.599998474121094,36.5,11094070.0
2017-02-15,36.5,36.77000045776367,36.02000045776367,36.220001220703125,7321959.0
2017-02-16,36.20000076293945,36.459999084472656,35.66999816894531,36.349998474121094,6414559.0
2017-02-17,37.0,38.16999816894531,36.709999084472656,37.0,12110907.0
2017-02-20,37.130001068115234,38.95000076293945,37.060001373291016,38.65999984741211,17482991.0
2017-02-21,38.650001525878906,39.15999984741211,37.900001525878906,38.5,7058113.0
2017-02-22,38.5099983215332,39.5,38.099998474121094,38.810001373291016,8093784.0
2017-02-23,38.790000915527344,39.58000183105469,37.849998474121094,38.08000183105469,11555503.0
2017-02-24,38.18000030517578,38.619998931884766,37.56999969482422,38.36000061035156,6403476.0
2017-02-27,38.0,38.18000030517578,37.0,37.04999923706055,11494685.0
2017-02-28,37.0,37.72999954223633,36.95000076293945,37.38999938964844,7279508.0
2017-03-01,37.38999938964844,38.279998779296875,37.38999938964844,37.90999984741211,9089134.0
2017-03-02,38.0,38.75,37.70000076293945,37.95000076293945,7299060.0
2017-03-03,37.77000045776367,38.66999816894531,37.65999984741211,38.5,5001637.0
2017-03-06,38.5,39.15999984741211,38.0,38.5,10094643.0
2017-03-07,38.470001220703125,40.0,38.279998779296875,39.91999816894531,11806963.0
2017-03-08,39.939998626708984,40.130001068115234,39.54999923706055,39.91999816894531,8599409.0
2017-03-09,39.900001525878906,39.900001525878906,38.88999938964844,39.56999969482422,6254131.0
2017-03-10,39.349998474121094,40.349998474121094,39.20000076293945,39.5,8241409.0
2017-03-13,39.4900016784668,40.68000030517578,39.29999923706055,40.630001068115234,12339408.0
2017-03-14,40.709999084472656,41.20000076293945,39.439998626708984,39.970001220703125,10763471.0
2017-03-15,39.709999084472656,40.41999816894531,39.68000030517578,40.22999954223633,6586260.0
2017-03-16,40.29999923706055,41.15999984741211,39.58000183105469,39.95000076293945,8343588.0
2017-03-17,39.720001220703125,40.689998626708984,39.5099983215332,39.77000045776367,7063453.0
2017-03-20,39.7599983215332,40.25,39.52000045776367,39.599998474121094,9565000.0
2017-03-21,39.68000030517578,41.650001525878906,39.599998474121094,41.599998474121094,19196568.0
2017-03-22,41.099998474121094,42.9900016784668,40.880001068115234,42.9900016784668,14323007.0
2017-03-23,42.5099983215332,42.54999923706055,41.40999984741211,42.18000030517578,11896175.0
2017-03-24,42.150001525878906,43.279998779296875,41.349998474121094,42.060001373291016,15017840.0
2017-03-27,41.810001373291016,41.95000076293945,40.5,40.88999938964844,13433174.0
2017-03-28,40.90999984741211,41.16999816894531,40.18000030517578,41.0,9340388.0
2017-03-29,40.970001220703125,41.869998931884766,40.900001525878906,41.52000045776367,9044626.0
2017-03-30,41.54999923706055,42.209999084472656,41.0099983215332,41.779998779296875,8627319.0
2017-03-31,41.790000915527344,42.689998626708984,41.70000076293945,42.189998626708984,7689645.0
2017-04-05,42.099998474121094,43.20000076293945,42.02000045776367,42.15999984741211,8911408.0
2017-04-06,42.08000183105469,42.2599983215332,41.04999923706055,41.79999923706055,6962374.0
2017-04-07,41.65999984741211,41.900001525878906,41.380001068115234,41.54999923706055,4367196.0
2017-04-10,41.56999969482422,41.56999969482422,39.880001068115234,40.400001525878906,10293789.0
2017-04-11,40.20000076293945,40.689998626708984,39.0,39.95000076293945,12155805.0
2017-04-12,39.880001068115234,41.11000061035156,39.54999923706055,40.459999084472656,10502341.0
2017-04-13,40.310001373291016,41.54999923706055,40.310001373291016,41.27000045776367,6621474.0
2017-04-14,41.27000045776367,41.38999938964844,40.70000076293945,41.15999984741211,4657947.0
2017-04-17,40.97999954223633,42.5,40.77000045776367,41.95000076293945,9845539.0
2017-04-18,41.959999084472656,43.34000015258789,41.810001373291016,43.04999923706055,14127008.0
2017-04-19,43.79999923706055,44.599998474121094,43.29999923706055,43.5099983215332,23329203.0
2017-04-20,43.689998626708984,46.95000076293945,43.5,45.869998931884766,22971614.0
2017-04-21,46.0,47.18000030517578,45.0,45.68000030517578,14976381.0
2017-04-24,45.0,45.58000183105469,42.88999938964844,44.79999923706055,16582817.0
2017-04-25,45.0,47.5099983215332,44.83000183105469,47.5099983215332,15329725.0
2017-04-26,47.4900016784668,48.970001220703125,45.79999923706055,46.060001373291016,15489750.0
2017-04-27,46.130001068115234,46.880001068115234,45.130001068115234,46.75,7554480.0
2017-04-28,47.0,47.279998779296875,44.099998474121094,46.5,19331541.0
2017-05-02,45.20000076293945,46.02000045776367,44.22999954223633,45.290000915527344,9452868.0
2017-05-03,45.40999984741211,46.849998474121094,45.400001525878906,45.93000030517578,7025883.0
2017-05-04,45.93000030517578,46.25,45.0,45.630001068115234,6178801.0
2017-05-05,45.5,46.15999984741211,45.0099983215332,45.40999984741211,4002028.0
2017-05-08,45.47999954223633,45.4900016784668,43.560001373291016,43.70000076293945,8985527.0
2017-05-09,43.47999954223633,44.58000183105469,42.279998779296875,44.58000183105469,9936154.0
2017-05-10,44.59000015258789,45.90999984741211,44.33000183105469,44.689998626708984,6680118.0
2017-05-11,44.56999969482422,46.09000015258789,44.40999984741211,46.0,7928592.0
2017-05-12,46.25,46.650001525878906,45.52000045776367,46.33000183105469,4935471.0
2017-05-15,46.0,47.599998474121094,45.91999816894531,46.9900016784668,7182535.0
2017-05-16,46.86000061035156,49.06999969482422,46.52000045776367,48.75,11692271.0
2017-05-17,48.77000045776367,48.77000045776367,47.09000015258789,47.150001525878906,10439869.0
2017-05-18,47.209999084472656,47.849998474121094,46.459999084472656,46.81999969482422,6883275.0
2017-05-19,46.61000061035156,47.470001220703125,46.61000061035156,47.220001220703125,5717541.0
2017-05-22,46.779998779296875,47.599998474121094,46.5,47.380001068115234,6497362.0
2017-05-23,47.04999923706055,49.119998931884766,47.04999923706055,48.70000076293945,13826534.0
2017-05-24,48.43000030517578,48.79999923706055,47.08000183105469,48.18000030517578,8268080.0
2017-05-25,48.0,48.66999816894531,47.68000030517578,48.349998474121094,4407059.0
2017-05-26,48.599998474121094,48.7400016784668,47.5,48.529998779296875,4802450.0
2017-05-31,48.099998474121094,48.40999984741211,46.939998626708984,48.220001220703125,10254238.0
2017-06-01,47.7400016784668,48.47999954223633,47.459999084472656,48.0099983215332,5477249.0
2017-06-02,48.02000045776367,48.2400016784668,47.099998474121094,47.459999084472656,5737295.0
2017-06-05,47.369998931884766,47.630001068115234,46.470001220703125,46.689998626708984,5255431.0
2017-06-06,46.5099983215332,47.86000061035156,46.5099983215332,47.810001373291016,6451408.0
2017-06-07,47.900001525878906,49.599998474121094,47.65999984741211,49.560001373291016,15023381.0
2017-06-08,49.5,50.97999954223633,49.0099983215332,50.0,9766772.0
2017-06-09,49.7599983215332,51.099998474121094,49.4900016784668,49.849998474121094,7201030.0
2017-06-12,49.9900016784668,52.599998474121094,49.900001525878906,51.02000045776367,10872397.0
2017-06-13,51.04999923706055,51.29999923706055,49.75,50.880001068115234,6065040.0
2017-06-14,50.29999923706055,51.25,49.650001525878906,50.22999954223633,6733453.0
2017-06-15,50.099998474121094,50.25,48.529998779296875,49.099998474121094,10725723.0
2017-06-16,49.11000061035156,49.97999954223633,48.29999923706055,49.310001373291016,7089516.0
2017-06-19,49.310001373291016,49.310001373291016,49.310001373291016,49.310001373291016,0.0
2017-06-20,49.0099983215332,49.54999923706055,48.70000076293945,49.29999923706055,8450377.0
2017-06-21,49.349998474121094,50.150001525878906,48.5,50.150001525878906,10521934.0
2017-06-22,50.04999923706055,50.900001525878906,49.70000076293945,49.939998626708984,13074695.0
2017-06-23,49.79999923706055,50.11000061035156,49.0,50.040000915527344,7713309.0
2017-06-26,50.279998779296875,52.20000076293945,50.099998474121094,52.20000076293945,15833840.0
2017-06-27,52.150001525878906,52.20000076293945,51.0,51.79999923706055,8530868.0
2017-06-28,51.79999923706055,51.79999923706055,50.4900016784668,50.599998474121094,5936915.0
2017-06-29,50.79999923706055,50.79999923706055,49.97999954223633,50.56999969482422,6872322.0
2017-06-30,50.29999923706055,51.0,49.95000076293945,50.58000183105469,6442310.0
2017-07-03,50.7400016784668,50.83000183105469,48.66999816894531,48.91999816894531,12040558.0
2017-07-04,48.75,48.75,46.68000030517578,47.849998474121094,14533994.0
2017-07-05,47.70000076293945,49.33000183105469,47.369998931884766,48.79999923706055,9761519.0
2017-07-06,48.79999923706055,49.150001525878906,47.93000030517578,48.81999969482422,6968097.0
2017-07-07,48.79999923706055,48.79999923706055,47.4900016784668,48.25,10088802.0
2017-07-10,47.900001525878906,48.83000183105469,46.880001068115234,48.31999969482422,16207416.0
2017-07-11,48.0,49.9900016784668,48.0,49.58000183105469,12889034.0
2017-07-12,49.560001373291016,49.58000183105469,48.5,48.63999938964844,6213023.0
2017-07-13,48.9900016784668,49.45000076293945,48.5,48.81999969482422,5072099.0
2017-07-14,48.5099983215332,49.2599983215332,48.13999938964844,49.15999984741211,4008660.0
2017-07-17,49.150001525878906,49.52000045776367,46.5,47.970001220703125,6366067.0
2017-07-18,47.849998474121094,48.68000030517578,47.5,48.5099983215332,7155740.0
2017-07-19,48.54999923706055,50.22999954223633,48.54999923706055,49.91999816894531,9382072.0
2017-07-20,50.5099983215332,51.560001373291016,50.04999923706055,51.349998474121094,9667930.0
2017-07-21,51.349998474121094,52.16999816894531,50.72999954223633,51.380001068115234,6864323.0
2017-07-24,51.380001068115234,53.95000076293945,51.380001068115234,52.59000015258789,10318694.0
2017-07-25,52.709999084472656,53.86000061035156,52.400001525878906,53.150001525878906,7834560.0
2017-07-26,53.0,53.849998474121094,51.25,52.0,7825993.0
2017-07-27,52.29999923706055,53.29999923706055,51.599998474121094,52.79999923706055,6327170.0
2017-07-28,52.5099983215332,55.189998626708984,52.20000076293945,55.130001068115234,10470057.0
2017-07-31,55.25,57.599998474121094,55.0,55.369998931884766,15404575.0
2017-08-01,55.58000183105469,56.58000183105469,54.72999954223633,56.560001373291016,6281544.0
2017-08-02,56.0,56.47999954223633,54.77000045776367,55.5,8195763.0
2017-08-03,55.54999923706055,55.54999923706055,53.650001525878906,53.900001525878906,8559164.0
2017-08-04,53.43000030517578,54.13999938964844,52.849998474121094,53.349998474121094,7067237.0
2017-08-07,53.47999954223633,56.29999923706055,52.95000076293945,55.9900016784668,11198558.0
2017-08-08,56.0,57.29999923706055,55.40999984741211,56.20000076293945,6965794.0
2017-08-09,55.880001068115234,59.189998626708984,55.349998474121094,58.81999969482422,13432524.0
2017-08-10,58.58000183105469,60.540000915527344,57.56999969482422,58.130001068115234,15227653.0
2017-08-11,58.04999923706055,58.130001068115234,56.279998779296875,56.59000015258789,9543864.0
2017-08-14,56.38999938964844,58.2599983215332,56.29999923706055,57.0,13716582.0
2017-08-15,57.0099983215332,57.380001068115234,56.18000030517578,57.2400016784668,7550817.0
2017-08-16,57.02000045776367,57.45000076293945,56.5,56.86000061035156,6702302.0
2017-08-17,56.349998474121094,56.83000183105469,55.29999923706055,55.90999984741211,8205574.0
2017-08-18,55.400001525878906,56.560001373291016,55.36000061035156,56.099998474121094,5213707.0
2017-08-21,56.25,56.7400016784668,55.09000015258789,55.810001373291016,6086723.0
2017-08-22,55.68000030517578,55.68000030517578,52.209999084472656,54.90999984741211,20410580.0
2017-08-23,54.380001068115234,55.43000030517578,53.900001525878906,55.2400016784668,9222082.0
2017-08-24,55.099998474121094,55.25,54.0,54.040000915527344,5532170.0
2017-08-25,54.0,54.29999923706055,52.900001525878906,53.95000076293945,8841574.0
2017-08-28,54.5,55.849998474121094,54.47999954223633,54.7400016784668,12171196.0
2017-08-29,53.900001525878906,54.88999938964844,53.29999923706055,53.7599983215332,15205107.0
2017-08-30,54.0,55.060001373291016,53.54999923706055,55.0,9636691.0
2017-08-31,55.08000183105469,55.86000061035156,54.279998779296875,55.279998779296875,8650461.0
2017-09-01,54.900001525878906,55.279998779296875,54.29999923706055,55.25,10077558.0
2017-09-04,55.0,55.0,53.70000076293945,54.08000183105469,7998248.0
2017-09-05,53.900001525878906,54.20000076293945,53.599998474121094,53.72999954223633,6916185.0
2017-09-06,53.77000045776367,54.150001525878906,53.130001068115234,53.2400016784668,6666294.0
2017-09-07,53.310001373291016,53.86000061035156,52.400001525878906,53.400001525878906,7336326.0
2017-09-08,53.04999923706055,53.2400016784668,51.400001525878906,51.540000915527344,12693775.0
2017-09-11,51.02000045776367,52.470001220703125,50.04999923706055,52.0,16722541.0
2017-09-12,51.61000061035156,52.54999923706055,51.5,52.400001525878906,12524467.0
2017-09-13,52.70000076293945,55.45000076293945,52.70000076293945,54.66999816894531,25312280.0
2017-09-14,54.5,55.279998779296875,53.77000045776367,54.599998474121094,13200686.0
2017-09-15,54.59000015258789,55.31999969482422,54.060001373291016,54.9900016784668,12222073.0
2017-09-18,55.20000076293945,56.72999954223633,55.0099983215332,56.279998779296875,11970001.0
2017-09-19,56.310001373291016,57.36000061035156,55.08000183105469,55.20000076293945,10238365.0
2017-09-20,55.529998779296875,56.880001068115234,55.22999954223633,55.619998931884766,8367107.0
2017-09-21,55.599998474121094,56.0,54.79999923706055,55.130001068115234,5341521.0
2017-09-22,55.08000183105469,56.0,54.90999984741211,55.63999938964844,5025102.0
2017-09-25,55.630001068115234,57.5,55.5099983215332,57.45000076293945,12234198.0
2017-09-26,57.36000061035156,57.45000076293945,56.22999954223633,56.7400016784668,6845359.0
2017-09-27,56.59000015258789,56.72999954223633,55.709999084472656,56.20000076293945,5812658.0
2017-09-28,56.18000030517578,57.5,56.18000030517578,56.79999923706055,9710113.0
2017-09-29,56.70000076293945,57.650001525878906,56.060001373291016,56.099998474121094,8296774.0
2017-10-09,56.70000076293945,57.36000061035156,55.54999923706055,56.380001068115234,9351748.0
2017-10-10,56.4900016784668,57.790000915527344,56.06999969482422,57.70000076293945,10014351.0
2017-10-11,57.5,59.97999954223633,57.209999084472656,59.20000076293945,14103698.0
2017-10-12,59.20000076293945,59.95000076293945,58.279998779296875,59.5,8480272.0
2017-10-13,59.20000076293945,60.119998931884766,58.849998474121094,59.0,7853355.0
2017-10-16,58.869998931884766,59.45000076293945,57.04999923706055,57.63999938964844,9140550.0
2017-10-17,57.709999084472656,58.040000915527344,56.5,57.04999923706055,9065265.0
2017-10-18,56.93000030517578,58.689998626708984,56.65999984741211,58.459999084472656,8849885.0
2017-10-19,58.0,60.099998474121094,57.900001525878906,59.41999816894531,12219178.0
2017-10-20,58.849998474121094,58.9900016784668,57.2599983215332,58.0099983215332,9190374.0
2017-10-23,57.88999938964844,58.2400016784668,57.0099983215332,57.880001068115234,8419640.0
2017-10-24,57.70000076293945,58.88999938964844,57.31999969482422,58.810001373291016,10246128.0
2017-10-25,58.54999923706055,58.79999923706055,57.5,57.779998779296875,8267843.0
2017-10-26,59.7400016784668,60.619998931884766,58.54999923706055,58.849998474121094,18630290.0
2017-10-27,58.90999984741211,60.45000076293945,57.20000076293945,59.79999923706055,23039021.0
2017-10-30,59.11000061035156,60.400001525878906,57.880001068115234,59.849998474121094,15569419.0
2017-10-31,59.25,62.0,58.7599983215332,60.880001068115234,15362526.0
2017-11-01,61.0,62.9900016784668,60.939998626708984,62.2599983215332,17753122.0
2017-11-02,63.099998474121094,65.69999694824219,63.099998474121094,65.30000305175781,21444898.0
2017-11-03,65.2300033569336,66.66000366210938,64.30999755859375,64.91000366210938,14099938.0
2017-11-06,65.0,66.87000274658203,64.30000305175781,66.44000244140625,14196073.0
2017-11-07,66.0,69.08000183105469,65.80000305175781,66.5999984741211,12203771.0
2017-11-08,67.66999816894531,68.4800033569336,64.79000091552734,65.01000213623047,18439521.0
2017-11-09,65.30000305175781,67.1500015258789,63.54999923706055,67.11000061035156,17722230.0
2017-11-10,66.68000030517578,69.0999984741211,66.5,68.48999786376953,15749625.0
2017-11-13,68.5,68.87999725341797,67.41999816894531,67.58000183105469,10529129.0
2017-11-14,67.26000213623047,67.55000305175781,64.80000305175781,65.58000183105469,14915725.0
2017-11-15,65.9000015258789,67.30999755859375,65.19999694824219,67.30999755859375,15823793.0
2017-11-16,66.80000305175781,70.80000305175781,66.77999877929688,70.62999725341797,22056713.0
2017-11-17,69.30000305175781,69.93000030517578,67.30000305175781,69.01000213623047,22154690.0
2017-11-20,68.44999694824219,68.91000366210938,66.5999984741211,68.48999786376953,13356066.0
2017-11-21,67.30000305175781,70.44999694824219,65.98999786376953,70.16999816894531,16579556.0
2017-11-22,69.77999877929688,70.69000244140625,66.45999908447266,67.66999816894531,14436973.0
2017-11-23,66.55000305175781,66.5999984741211,63.45000076293945,63.5099983215332,18199047.0
2017-11-24,63.31999969482422,64.16000366210938,61.0,64.16000366210938,16950859.0
2017-11-27,62.900001525878906,64.26000213623047,61.130001068115234,62.91999816894531,13688222.0
2017-11-28,61.849998474121094,64.27999877929688,61.849998474121094,62.9900016784668,10921733.0
2017-11-29,63.25,63.29999923706055,60.04999923706055,60.90999984741211,14392163.0
2017-11-30,60.65999984741211,61.68000030517578,58.5,59.279998779296875,12456577.0
2017-12-01,59.56999969482422,60.43000030517578,58.97999954223633,60.0099983215332,9491685.0
2017-12-04,60.189998626708984,63.099998474121094,59.5099983215332,62.349998474121094,11848020.0
2017-12-05,62.310001373291016,64.44999694824219,61.810001373291016,62.61000061035156,13791914.0
2017-12-06,62.5,63.5,60.20000076293945,61.04999923706055,12786289.0
2017-12-07,61.08000183105469,61.16999816894531,58.70000076293945,59.220001220703125,11738450.0
2017-12-08,58.83000183105469,60.9900016784668,58.79999923706055,60.70000076293945,10972187.0
2017-12-11,61.279998779296875,63.79999923706055,61.0,63.619998931884766,16716703.0
2017-12-12,64.0,64.5,62.75,62.90999984741211,7363462.0
2017-12-13,62.77000045776367,65.83000183105469,62.58000183105469,65.73999786376953,11467562.0
2017-12-14,65.7300033569336,66.76000213623047,64.48999786376953,65.7699966430664,8588429.0
2017-12-15,65.68000030517578,67.0,64.7300033569336,65.0,7964947.0
2017-12-18,65.69000244140625,68.0,65.69000244140625,66.76000213623047,11489236.0
2017-12-19,66.9000015258789,68.25,66.19000244140625,66.98999786376953,9658311.0
2017-12-20,66.83999633789062,69.0,65.83999633789062,68.19999694824219,13002046.0
2017-12-21,68.0,68.9800033569336,67.43000030517578,68.26000213623047,9680847.0
2017-12-22,68.30000305175781,68.48999786376953,65.93000030517578,66.12000274658203,13722485.0
2017-12-25,66.63999938964844,67.69999694824219,65.4000015258789,66.37999725341797,10984621.0
2017-12-26,66.58000183105469,66.80000305175781,64.75,65.33999633789062,8148809.0
2017-12-27,65.27999877929688,66.0,63.45000076293945,63.70000076293945,8730990.0
2017-12-28,65.52999877929688,67.0,64.69999694824219,66.3499984741211,18276198.0
2017-12-29,67.0,68.48999786376953,65.0,66.0,12281448.0
2018-01-02,66.5,66.79000091552734,65.0999984741211,65.77999877929688,12305989.0
2018-01-03,66.0199966430664,66.76000213623047,65.37999725341797,66.4000015258789,10830007.0
2018-01-04,66.0199966430664,68.81999969482422,66.0199966430664,68.75,17043669.0
2018-01-05,68.76000213623047,68.94000244140625,67.54000091552734,68.05000305175781,10279909.0
2018-01-08,67.9000015258789,70.0199966430664,67.05000305175781,68.44999694824219,10807965.0
2018-01-09,68.4000015258789,71.05999755859375,68.19999694824219,70.30000305175781,13116152.0
2018-01-10,70.29000091552734,71.0199966430664,69.0,70.93000030517578,12549450.0
2018-01-11,70.9000015258789,71.20999908447266,69.69999694824219,70.13999938964844,7381376.0
2018-01-12,70.19999694824219,71.5999984741211,69.9000015258789,71.0199966430664,8269037.0
2018-01-15,71.5999984741211,74.4000015258789,71.5999984741211,72.77999877929688,17205121.0
2018-01-16,72.41000366210938,75.26000213623047,71.70999908447266,73.37000274658203,11918088.0
2018-01-17,73.2300033569336,73.83000183105469,69.9000015258789,70.06999969482422,12999052.0
2018-01-18,69.63999938964844,71.31999969482422,68.37999725341797,70.1500015258789,16757741.0
2018-01-19,70.19999694824219,70.26000213623047,67.5999984741211,67.88999938964844,17173326.0
2018-01-22,68.45999908447266,70.98999786376953,68.41000366210938,70.9000015258789,13908056.0
2018-01-23,70.87000274658203,71.23999786376953,69.5199966430664,70.5199966430664,8761671.0
2018-01-24,70.69999694824219,70.76000213623047,68.30000305175781,68.75,11908873.0
2018-01-25,68.72000122070312,69.18000030517578,66.69000244140625,68.61000061035156,11220336.0
2018-01-26,68.0,69.18000030517578,67.70999908447266,68.98999786376953,8776957.0
2018-01-29,68.98999786376953,68.98999786376953,65.11000061035156,65.80000305175781,18409194.0
2018-01-30,64.9000015258789,66.25,63.70000076293945,65.08999633789062,14669159.0
2018-01-31,64.37000274658203,66.4800033569336,64.37000274658203,65.30999755859375,11662786.0
2018-02-01,64.76000213623047,64.76000213623047,61.52000045776367,63.0099983215332,19022232.0
2018-02-02,62.5,63.619998931884766,61.5,63.400001525878906,12231473.0
2018-02-05,60.31999969482422,61.47999954223633,57.060001373291016,59.47999954223633,22367059.0
2018-02-06,57.220001220703125,60.349998474121094,57.16999816894531,59.2400016784668,13875555.0
2018-02-07,60.349998474121094,61.45000076293945,55.400001525878906,55.68000030517578,14626833.0
2018-02-08,55.68000030517578,57.5099983215332,55.119998931884766,56.45000076293945,10867723.0
2018-02-09,54.83000183105469,55.459999084472656,53.060001373291016,55.45000076293945,15085080.0
2018-02-12,55.70000076293945,59.63999938964844,55.70000076293945,58.59000015258789,12718614.0
2018-02-13,58.779998779296875,60.15999984741211,58.040000915527344,58.18000030517578,7885548.0
2018-02-14,59.099998474121094,59.65999984741211,57.9900016784668,59.29999923706055,5982264.0
2018-02-22,60.0,62.400001525878906,60.0,62.400001525878906,7999639.0
2018-02-23,62.40999984741211,62.880001068115234,61.400001525878906,61.86000061035156,5319398.0
2018-02-26,62.279998779296875,62.45000076293945,60.08000183105469,61.54999923706055,6910114.0
2018-02-27,61.880001068115234,62.29999923706055,60.04999923706055,60.09000015258789,6238354.0
2018-02-28,58.86000061035156,60.779998779296875,57.5,58.40999984741211,9235862.0
2018-03-01,58.58000183105469,60.099998474121094,57.91999816894531,59.459999084472656,6505154.0
2018-03-02,59.400001525878906,59.97999954223633,58.79999923706055,59.689998626708984,5036496.0
2018-03-05,59.25,60.04999923706055,57.4900016784668,57.70000076293945,6720221.0
2018-03-06,58.150001525878906,58.650001525878906,56.0099983215332,57.880001068115234,8717672.0
2018-03-07,57.84000015258789,58.869998931884766,57.25,58.0,5899840.0
2018-03-08,58.02000045776367,59.45000076293945,57.56999969482422,59.34000015258789,5906458.0
2018-03-09,59.939998626708984,60.790000915527344,59.38999938964844,59.81999969482422,8080023.0
2018-03-12,60.45000076293945,60.5,58.0,59.060001373291016,7342424.0
2018-03-13,58.79999923706055,59.0,58.0,58.040000915527344,6396993.0
2018-03-14,58.0,60.63999938964844,57.619998931884766,60.25,9987051.0
2018-03-15,60.13999938964844,62.790000915527344,60.0,61.79999923706055,9904239.0
2018-03-16,61.720001220703125,62.529998779296875,60.70000076293945,60.779998779296875,5174285.0
2018-03-19,60.79999923706055,61.70000076293945,60.36000061035156,60.959999084472656,3658258.0
2018-03-20,60.5,60.560001373291016,59.59000015258789,59.91999816894531,3934845.0
2018-03-21,60.130001068115234,60.56999969482422,59.5,59.70000076293945,3643661.0
2018-03-22,59.56999969482422,59.97999954223633,57.08000183105469,57.2599983215332,8235235.0
2018-03-23,55.310001373291016,56.95000076293945,54.5,56.95000076293945,11586649.0
2018-03-26,56.20000076293945,57.560001373291016,55.790000915527344,56.630001068115234,7847208.0
2018-03-27,57.29999923706055,57.75,55.16999816894531,55.75,10163181.0
2018-03-28,55.4900016784668,55.599998474121094,52.310001373291016,52.810001373291016,14288693.0
2018-03-29,53.849998474121094,57.56999969482422,52.91999816894531,56.689998626708984,16557202.0
2018-03-30,56.810001373291016,57.599998474121094,56.209999084472656,56.75,9829949.0
2018-04-02,56.54999923706055,58.650001525878906,56.040000915527344,57.970001220703125,10704448.0
2018-04-03,57.349998474121094,60.470001220703125,57.0099983215332,59.630001068115234,14064531.0
2018-04-04,60.20000076293945,62.5,60.150001525878906,60.709999084472656,14363592.0
2018-04-09,60.70000076293945,62.0,59.86000061035156,61.34000015258789,7881672.0
2018-04-10,61.209999084472656,61.70000076293945,60.220001220703125,61.560001373291016,6257648.0
2018-04-11,61.959999084472656,63.400001525878906,60.349998474121094,61.15999984741211,8349719.0
2018-04-12,61.099998474121094,62.75,60.5,61.88999938964844,6412988.0
2018-04-13,61.88999938964844,62.25,59.810001373291016,60.40999984741211,7738320.0
2018-04-16,60.0,61.5,58.68000030517578,61.369998931884766,9083989.0
2018-04-17,60.33000183105469,61.45000076293945,59.66999816894531,59.77000045776367,4495788.0
2018-04-18,60.0099983215332,60.599998474121094,57.11000061035156,58.439998626708984,8391842.0
2018-04-19,58.599998474121094,60.68000030517578,57.65999984741211,60.68000030517578,8363137.0
2018-04-20,60.869998931884766,62.0,59.75,60.4900016784668,8840983.0
2018-04-23,60.20000076293945,60.849998474121094,59.0099983215332,59.349998474121094,4869891.0
2018-04-24,59.63999938964844,63.18000030517578,59.439998626708984,62.66999816894531,11656903.0
2018-04-25,62.06999969482422,63.20000076293945,61.810001373291016,62.790000915527344,6445735.0
2018-04-26,62.400001525878906,62.400001525878906,59.38999938964844,60.130001068115234,15774262.0
2018-04-27,60.27000045776367,60.849998474121094,57.56999969482422,60.22999954223633,10196309.0
2018-05-02,59.65999984741211,59.900001525878906,58.099998474121094,59.5099983215332,8776184.0
2018-05-03,59.470001220703125,60.9900016784668,58.58000183105469,60.45000076293945,8548470.0
2018-05-04,60.459999084472656,61.65999984741211,60.04999923706055,60.619998931884766,7388342.0
2018-05-07,60.619998931884766,64.66000366210938,60.619998931884766,64.30000305175781,14295903.0
2018-05-08,64.25,65.2699966430664,63.79999923706055,64.51000213623047,10297085.0
2018-05-09,64.83999633789062,65.44999694824219,63.900001525878906,65.44999694824219,5325885.0
2018-05-10,65.44999694824219,66.56999969482422,64.7300033569336,66.05000305175781,9500732.0
2018-05-11,65.9000015258789,66.98999786376953,64.68000030517578,64.9000015258789,7388339.0
2018-05-14,64.80000305175781,66.9800033569336,64.79000091552734,66.9800033569336,8321539.0
2018-05-15,66.66000366210938,66.88999938964844,65.26000213623047,66.5,8917631.0
2018-05-16,66.22000122070312,67.66000366210938,65.80000305175781,66.9000015258789,8268264.0
2018-05-17,66.9000015258789,66.94999694824219,64.4000015258789,64.94000244140625,6143588.0
2018-05-18,64.69999694824219,65.98999786376953,64.4000015258789,65.94999694824219,5735432.0
2018-05-21,66.5999984741211,67.04000091552734,65.5,65.87000274658203,4152824.0
2018-05-22,65.87000274658203,67.25,65.41000366210938,66.86000061035156,6282024.0
2018-05-23,66.86000061035156,67.27999877929688,64.56999969482422,64.93000030517578,6229702.0
2018-05-24,64.94000244140625,65.93000030517578,64.22000122070312,64.6500015258789,5139593.0
2018-05-25,64.6500015258789,66.44999694824219,64.25,66.05000305175781,6867273.0
2018-05-28,66.0999984741211,69.30000305175781,65.69999694824219,68.44999694824219,10982118.0
2018-05-29,68.5,69.26000213623047,67.30000305175781,67.45999908447266,8722415.0
2018-05-30,67.0,68.45999908447266,65.83999633789062,67.22000122070312,7892090.0
2018-05-31,67.80999755859375,69.55000305175781,66.91999816894531,69.0999984741211,11431575.0
2018-06-01,69.08000183105469,69.6500015258789,67.30000305175781,67.68000030517578,8053952.0
2018-06-04,67.91000366210938,69.66000366210938,67.25,69.54000091552734,12740729.0
2018-06-05,69.5199966430664,70.12999725341797,68.30000305175781,69.80999755859375,11012964.0
2018-06-06,69.9000015258789,70.44000244140625,69.05000305175781,69.27999877929688,8775747.0
2018-06-07,69.69000244140625,69.77999877929688,67.87999725341797,68.0999984741211,7420058.0
2018-06-08,68.0999984741211,69.11000061035156,67.25,68.29000091552734,5686128.0
2018-06-11,68.29000091552734,69.30000305175781,67.30000305175781,68.12000274658203,7597587.0
2018-06-12,68.41999816894531,70.48999786376953,67.70999908447266,70.0,10766906.0
2018-06-13,69.69999694824219,70.45999908447266,69.30000305175781,69.6500015258789,6158266.0
2018-06-14,69.51000213623047,70.19999694824219,66.08000183105469,67.19000244140625,10693493.0
2018-06-15,67.0999984741211,67.75,66.44000244140625,67.2300033569336,7375870.0
2018-06-19,66.80000305175781,67.05000305175781,64.9000015258789,65.29000091552734,8877687.0
2018-06-20,64.91000366210938,68.0,64.9000015258789,66.97000122070312,7855041.0
2018-06-21,66.94000244140625,68.19999694824219,65.4000015258789,65.61000061035156,4418955.0
2018-06-22,65.5999984741211,66.19000244140625,64.30000305175781,66.05000305175781,3254728.0
2018-06-25,66.26000213623047,68.08999633789062,66.26000213623047,66.5,5764994.0
2018-06-26,67.6500015258789,67.6500015258789,63.869998931884766,64.69000244140625,12628519.0
2018-06-27,64.58000183105469,64.58000183105469,61.400001525878906,62.650001525878906,12206877.0
2018-06-28,61.380001068115234,61.380001068115234,59.0,59.279998779296875,13540464.0
2018-06-29,59.22999954223633,61.70000076293945,59.0,60.86000061035156,6375046.0
2018-07-02,61.290000915527344,62.099998474121094,59.099998474121094,59.61000061035156,8137919.0
2018-07-03,59.20000076293945,59.77000045776367,55.290000915527344,57.470001220703125,20413994.0
2018-07-04,57.150001525878906,57.88999938964844,55.5,55.77000045776367,12252209.0
2018-07-05,56.20000076293945,57.290000915527344,53.95000076293945,55.15999984741211,14378873.0
2018-07-06,55.08000183105469,56.380001068115234,54.08000183105469,55.34000015258789,12259412.0
2018-07-09,56.0,58.279998779296875,55.709999084472656,58.150001525878906,11018697.0
2018-07-10,58.16999816894531,59.220001220703125,58.0,58.83000183105469,7401162.0
2018-07-11,57.54999923706055,58.66999816894531,57.029998779296875,57.400001525878906,5766526.0
2018-07-12,57.0099983215332,59.599998474121094,57.0099983215332,59.459999084472656,9092584.0
2018-07-13,59.470001220703125,60.689998626708984,58.5,60.4900016784668,9421030.0
2018-07-16,59.400001525878906,59.810001373291016,58.22999954223633,58.720001220703125,7667284.0
2018-07-17,58.79999923706055,58.90999984741211,56.400001525878906,57.470001220703125,7522761.0
2018-07-18,57.45000076293945,57.95000076293945,56.029998779296875,56.18000030517578,8389875.0
2018-07-19,56.45000076293945,56.959999084472656,55.880001068115234,56.189998626708984,6986136.0
2018-07-20,56.40999984741211,56.58000183105469,54.619998931884766,56.369998931884766,7319618.0
2018-07-23,56.369998931884766,56.369998931884766,54.56999969482422,55.22999954223633,10553568.0
2018-07-24,55.45000076293945,57.59000015258789,55.0099983215332,57.459999084472656,12901588.0
2018-07-25,57.689998626708984,57.779998779296875,56.52000045776367,57.029998779296875,7013872.0
2018-07-26,56.7400016784668,57.20000076293945,56.02000045776367,56.15999984741211,5597007.0
2018-07-27,55.9900016784668,56.79999923706055,55.36000061035156,56.20000076293945,5479297.0
2018-07-30,56.20000076293945,56.20000076293945,54.869998931884766,55.150001525878906,6296549.0
2018-07-31,55.150001525878906,55.70000076293945,54.779998779296875,54.93000030517578,4384901.0
2018-08-01,55.09000015258789,55.38999938964844,52.959999084472656,53.40999984741211,7526505.0
2018-08-02,53.20000076293945,53.20000076293945,49.619998931884766,50.900001525878906,16487934.0
2018-08-03,50.70000076293945,50.900001525878906,48.68000030517578,48.68000030517578,12377542.0
2018-08-06,48.79999923706055,49.380001068115234,46.79999923706055,48.34000015258789,10844742.0
2018-08-07,48.31999969482422,49.619998931884766,47.880001068115234,49.2400016784668,9087853.0
2018-08-08,49.0099983215332,49.099998474121094,46.849998474121094,46.95000076293945,11433236.0
2018-08-09,46.91999816894531,49.25,46.689998626708984,48.790000915527344,11687648.0
2018-08-10,48.650001525878906,50.29999923706055,48.060001373291016,49.06999969482422,12738184.0
2018-08-13,48.400001525878906,48.400001525878906,46.93000030517578,47.900001525878906,10136363.0
2018-08-14,48.38999938964844,48.93000030517578,47.97999954223633,48.619998931884766,8621319.0
2018-08-15,48.619998931884766,48.66999816894531,46.20000076293945,46.619998931884766,12400275.0
2018-08-16,45.9900016784668,46.70000076293945,44.380001068115234,44.45000076293945,13298358.0
2018-08-17,45.18000030517578,45.470001220703125,43.81999969482422,44.11000061035156,9855170.0
2018-08-20,44.52000045776367,45.11000061035156,43.5,45.099998474121094,10275861.0
2018-08-21,45.150001525878906,47.119998931884766,44.95000076293945,46.880001068115234,12888876.0
2018-08-22,46.45000076293945,46.650001525878906,45.709999084472656,45.959999084472656,7679355.0
2018-08-23,46.189998626708984,46.650001525878906,45.36000061035156,45.86000061035156,7528727.0
2018-08-24,46.38999938964844,46.38999938964844,44.439998626708984,45.25,9322660.0
2018-08-27,45.560001373291016,47.29999923706055,45.54999923706055,47.16999816894531,12264885.0
2018-08-28,47.16999816894531,47.16999816894531,45.220001220703125,45.59000015258789,18484256.0
2018-08-29,45.20000076293945,45.84000015258789,44.599998474121094,45.459999084472656,10574502.0
2018-08-30,45.2400016784668,45.79999923706055,44.459999084472656,44.650001525878906,8992653.0
2018-08-31,44.38999938964844,44.38999938964844,42.91999816894531,43.09000015258789,15514971.0
2018-09-03,42.630001068115234,43.25,42.400001525878906,43.13999938964844,7677726.0
2018-09-04,43.41999816894531,43.599998474121094,42.36000061035156,43.29999923706055,9531197.0
2018-09-05,43.29999923706055,43.29999923706055,42.0,42.08000183105469,8225662.0
2018-09-06,41.599998474121094,42.310001373291016,40.060001373291016,40.79999923706055,16775915.0
2018-09-07,40.959999084472656,41.61000061035156,40.529998779296875,41.060001373291016,10753153.0
2018-09-10,41.060001373291016,41.59000015258789,40.25,41.130001068115234,8459902.0
2018-09-11,41.02000045776367,41.81999969482422,40.70000076293945,40.91999816894531,8405194.0
2018-09-12,41.0,41.290000915527344,40.060001373291016,40.83000183105469,8717204.0
2018-09-13,41.349998474121094,41.58000183105469,39.61000061035156,40.310001373291016,10554078.0
2018-09-14,40.279998779296875,41.619998931884766,39.58000183105469,41.380001068115234,14482226.0
2018-09-17,41.0,41.58000183105469,40.16999816894531,40.43000030517578,11050307.0
2018-09-18,40.16999816894531,42.56999969482422,40.119998931884766,42.40999984741211,14005715.0
2018-09-19,42.349998474121094,45.45000076293945,42.34000015258789,44.349998474121094,24921828.0
2018-09-20,44.380001068115234,45.349998474121094,44.209999084472656,44.86000061035156,12924922.0
2018-09-21,45.099998474121094,47.31999969482422,45.099998474121094,47.310001373291016,17271942.0
2018-09-25,46.93000030517578,47.20000076293945,45.66999816894531,46.16999816894531,13589213.0
2018-09-26,46.279998779296875,48.09000015258789,46.18000030517578,47.029998779296875,24160578.0
2018-09-27,46.83000183105469,47.86000061035156,46.20000076293945,47.560001373291016,14383751.0
2018-09-28,47.52000045776367,47.95000076293945,47.189998626708984,47.5099983215332,8689351.0
2018-10-08,46.20000076293945,46.650001525878906,44.47999954223633,44.5099983215332,12974847.0
2018-10-09,44.779998779296875,45.380001068115234,44.40999984741211,44.5099983215332,11490182.0
2018-10-10,44.79999923706055,44.9900016784668,41.599998474121094,41.70000076293945,18822536.0
2018-10-11,40.22999954223633,42.470001220703125,39.68000030517578,40.97999954223633,20750362.0
2018-10-12,41.150001525878906,43.779998779296875,41.150001525878906,43.650001525878906,17780159.0
2018-10-15,43.650001525878906,44.08000183105469,41.880001068115234,42.04999923706055,13552034.0
2018-10-16,42.11000061035156,43.099998474121094,41.810001373291016,42.290000915527344,9068047.0
2018-10-17,42.9900016784668,43.130001068115234,40.81999969482422,41.97999954223633,9608330.0
2018-10-18,41.279998779296875,42.0,40.08000183105469,41.459999084472656,11726257.0
2018-10-19,40.5,43.369998931884766,40.47999954223633,43.25,11972739.0
2018-10-22,44.0,46.83000183105469,43.75,46.2599983215332,16159233.0
2018-10-23,46.29999923706055,46.34000015258789,41.79999923706055,42.599998474121094,18652672.0
2018-10-24,41.650001525878906,42.27000045776367,39.880001068115234,40.95000076293945,19205935.0
2018-10-25,39.790000915527344,39.790000915527344,38.66999816894531,39.45000076293945,18257281.0
2018-10-26,39.849998474121094,39.95000076293945,37.59000015258789,38.36000061035156,18526670.0
2018-10-29,37.33000183105469,37.33000183105469,35.04999923706055,35.599998474121094,22962484.0
2018-10-30,36.0,37.25,35.599998474121094,36.650001525878906,13390233.0
2018-10-31,36.97999954223633,38.25,36.65999984741211,38.060001373291016,12764218.0
2018-11-01,38.349998474121094,39.7599983215332,38.209999084472656,38.279998779296875,16493090.0
2018-11-02,39.5,41.060001373291016,39.0,41.0,19506629.0
2018-11-05,40.0,40.34000015258789,39.22999954223633,39.59000015258789,11160713.0
2018-11-06,39.47999954223633,39.5,38.02000045776367,38.849998474121094,10050293.0
2018-11-07,39.02000045776367,39.779998779296875,38.58000183105469,38.91999816894531,6919743.0
2018-11-08,39.43000030517578,39.77000045776367,38.779998779296875,39.060001373291016,6942943.0
2018-11-09,38.900001525878906,39.529998779296875,38.09000015258789,38.970001220703125,8745291.0
2018-11-12,38.70000076293945,39.290000915527344,38.04999923706055,38.779998779296875,11522589.0
2018-11-13,38.29999923706055,40.97999954223633,38.099998474121094,40.54999923706055,16541568.0
2018-11-14,40.279998779296875,40.400001525878906,39.5099983215332,39.95000076293945,8292427.0
2018-11-15,40.130001068115234,40.63999938964844,39.9900016784668,40.400001525878906,7525944.0
2018-11-16,40.599998474121094,40.84000015258789,40.02000045776367,40.290000915527344,5749330.0
2018-11-19,40.209999084472656,41.779998779296875,40.209999084472656,41.439998626708984,8758465.0
2018-11-20,40.900001525878906,41.220001220703125,40.29999923706055,40.31999969482422,5876188.0
2018-11-21,40.0,41.650001525878906,39.7599983215332,41.189998626708984,8141789.0
2018-11-22,41.18000030517578,41.5099983215332,40.779998779296875,41.29999923706055,5649533.0
2018-11-23,41.349998474121094,41.349998474121094,40.11000061035156,40.22999954223633,5738824.0
2018-11-26,40.5,40.54999923706055,39.900001525878906,40.02000045776367,4001430.0
2018-11-27,40.150001525878906,40.29999923706055,39.5099983215332,39.779998779296875,5005083.0
2018-11-28,39.91999816894531,40.72999954223633,39.65999984741211,40.220001220703125,6532659.0
2018-11-29,40.400001525878906,41.20000076293945,39.900001525878906,39.95000076293945,6807500.0
2018-11-30,40.150001525878906,41.099998474121094,39.70000076293945,41.0,9302027.0
2018-12-03,42.29999923706055,43.47999954223633,41.70000076293945,42.900001525878906,14575829.0
2018-12-04,42.91999816894531,43.2599983215332,42.47999954223633,42.95000076293945,7755320.0
2018-12-05,42.5,44.599998474121094,42.349998474121094,43.81999969482422,12501373.0
2018-12-06,43.0,43.5,42.2599983215332,42.279998779296875,9389294.0
2018-12-07,42.66999816894531,42.9900016784668,42.34000015258789,42.61000061035156,6946643.0
2018-12-10,41.900001525878906,42.93000030517578,41.79999923706055,42.25,4897703.0
2018-12-11,42.33000183105469,42.84000015258789,41.95000076293945,42.459999084472656,5040437.0
2018-12-12,42.54999923706055,43.45000076293945,42.459999084472656,43.2400016784668,7336500.0
2018-12-13,43.38999938964844,44.29999923706055,43.15999984741211,44.029998779296875,9996286.0
2018-12-14,43.70000076293945,44.119998931884766,43.150001525878906,43.20000076293945,6389152.0
2018-12-17,43.0,43.29999923706055,42.40999984741211,42.63999938964844,6587628.0
2018-12-18,42.310001373291016,43.0,42.2599983215332,42.880001068115234,6081730.0
2018-12-19,42.79999923706055,43.4900016784668,41.2599983215332,41.29999923706055,10448504.0
2018-12-20,41.130001068115234,41.61000061035156,40.18000030517578,41.04999923706055,7784414.0
2018-12-21,40.70000076293945,40.810001373291016,38.95000076293945,39.68000030517578,12171425.0
2018-12-24,39.54999923706055,40.400001525878906,39.150001525878906,40.15999984741211,5518943.0
2018-12-25,39.79999923706055,40.59000015258789,39.400001525878906,40.529998779296875,6195374.0
2018-12-26,40.31999969482422,40.959999084472656,39.599998474121094,39.689998626708984,6338381.0
2018-12-27,40.380001068115234,40.7599983215332,39.79999923706055,40.099998474121094,7791455.0
2018-12-28,40.20000076293945,40.9900016784668,39.5099983215332,40.65999984741211,6874734.0
2019-01-02,40.97999954223633,41.5,39.54999923706055,39.599998474121094,9150271.0
2019-01-03,39.599998474121094,39.810001373291016,37.70000076293945,38.130001068115234,11186214.0
2019-01-04,37.810001373291016,38.9900016784668,37.599998474121094,38.970001220703125,9950175.0
2019-01-07,39.130001068115234,39.400001525878906,38.47999954223633,38.720001220703125,10889766.0
2019-01-08,38.75,38.9900016784668,38.060001373291016,38.77000045776367,7180847.0
2019-01-09,38.84000015258789,40.099998474121094,38.84000015258789,39.4900016784668,11696546.0
2019-01-10,39.38999938964844,39.38999938964844,38.560001373291016,38.810001373291016,8317330.0
2019-01-11,38.93000030517578,39.349998474121094,38.560001373291016,39.29999923706055,8345117.0
2019-01-14,39.18000030517578,39.18000030517578,38.400001525878906,38.470001220703125,5896410.0
2019-01-15,38.56999969482422,42.31999969482422,38.380001068115234,41.83000183105469,21871802.0
2019-01-16,41.619998931884766,41.97999954223633,40.90999984741211,41.11000061035156,13422247.0
2019-01-17,41.20000076293945,41.68000030517578,40.599998474121094,41.08000183105469,9070388.0
2019-01-18,41.2400016784668,42.689998626708984,41.22999954223633,42.20000076293945,16815970.0
2019-01-21,42.41999816894531,43.7599983215332,42.349998474121094,42.630001068115234,15310417.0
2019-01-22,42.61000061035156,42.68000030517578,41.83000183105469,42.04999923706055,5703452.0
2019-01-23,41.97999954223633,42.56999969482422,41.79999923706055,42.2599983215332,5407365.0
2019-01-24,42.31999969482422,42.619998931884766,41.849998474121094,42.40999984741211,7108146.0
2019-01-25,42.5,43.38999938964844,42.0099983215332,42.720001220703125,10815196.0
2019-01-28,42.9900016784668,44.22999954223633,42.95000076293945,43.119998931884766,12893694.0
2019-01-29,43.13999938964844,43.56999969482422,42.130001068115234,43.380001068115234,10515457.0
2019-01-30,43.349998474121094,43.86000061035156,42.130001068115234,42.18000030517578,10390036.0
2019-01-31,42.15999984741211,43.15999984741211,41.79999923706055,42.66999816894531,14634242.0
2019-02-01,43.0,44.0,42.22999954223633,43.75,14292824.0
2019-02-11,43.75,48.130001068115234,43.150001525878906,46.810001373291016,22428846.0
2019-02-12,46.79999923706055,48.97999954223633,46.529998779296875,47.47999954223633,16686666.0
2019-02-13,47.47999954223633,48.13999938964844,47.0099983215332,47.709999084472656,13703358.0
2019-02-14,47.439998626708984,49.689998626708984,47.209999084472656,48.86000061035156,16492973.0
2019-02-15,48.5,48.689998626708984,47.58000183105469,47.70000076293945,12338820.0
2019-02-18,48.189998626708984,50.0,48.08000183105469,49.880001068115234,14120089.0
2019-02-19,49.900001525878906,51.45000076293945,49.43000030517578,50.02000045776367,13521712.0
2019-02-20,50.13999938964844,51.189998626708984,49.5,50.2599983215332,10414220.0
2019-02-21,50.25,50.4900016784668,49.5,49.79999923706055,9070642.0
2019-02-22,49.599998474121094,50.099998474121094,48.90999984741211,50.099998474121094,11320974.0
2019-02-25,50.66999816894531,52.54999923706055,50.66999816894531,52.38999938964844,18511291.0
2019-02-26,52.380001068115234,52.5,50.650001525878906,50.849998474121094,15397470.0
2019-02-27,51.29999923706055,53.29999923706055,50.70000076293945,51.279998779296875,19280915.0
2019-02-28,51.189998626708984,52.279998779296875,49.68000030517578,51.2400016784668,15866651.0
2019-03-01,51.86000061035156,53.68000030517578,51.400001525878906,53.4900016784668,17452088.0
2019-03-04,53.900001525878906,55.95000076293945,53.0,54.400001525878906,21643816.0
2019-03-05,54.400001525878906,55.060001373291016,53.5,54.18000030517578,12306738.0
2019-03-06,54.0,54.0,52.900001525878906,53.59000015258789,13650707.0
2019-03-07,53.0099983215332,53.029998779296875,50.45000076293945,51.58000183105469,23888304.0
2019-03-08,50.5,51.18000030517578,49.5,49.880001068115234,21158857.0
2019-03-11,50.02000045776367,51.779998779296875,49.95000076293945,51.45000076293945,17709376.0
2019-03-12,51.77000045776367,51.77000045776367,50.279998779296875,50.7599983215332,13821193.0
2019-03-13,50.65999984741211,51.5,50.209999084472656,50.45000076293945,11834145.0
2019-03-14,50.5,52.41999816894531,50.040000915527344,51.43000030517578,16706673.0
2019-03-15,51.599998474121094,54.279998779296875,50.70000076293945,53.27000045776367,18805232.0
2019-03-18,54.400001525878906,58.599998474121094,54.400001525878906,58.599998474121094,30944578.0
2019-03-19,59.900001525878906,59.900001525878906,57.22999954223633,59.15999984741211,26666474.0
2019-03-20,58.619998931884766,63.279998779296875,58.29999923706055,60.90999984741211,26250078.0
2019-03-21,61.5,61.79999923706055,59.630001068115234,60.02000045776367,14527692.0
2019-03-22,60.18000030517578,62.59000015258789,60.0,61.029998779296875,13839608.0
2019-03-25,59.810001373291016,61.0,59.400001525878906,59.709999084472656,10998403.0
2019-03-26,60.209999084472656,61.0,58.79999923706055,59.15999984741211,13740800.0
2019-03-27,59.959999084472656,62.83000183105469,59.25,61.540000915527344,14789218.0
2019-03-28,62.2400016784668,65.22000122070312,61.650001525878906,64.38999938964844,22279721.0
2019-03-29,64.76000213623047,68.38999938964844,64.76000213623047,66.58000183105469,23219919.0
2019-04-01,66.0,67.55000305175781,65.30000305175781,67.30000305175781,21103358.0
2019-04-02,66.55000305175781,67.16000366210938,65.20999908447266,66.51000213623047,11336516.0
2019-04-03,65.69999694824219,66.79000091552734,64.69999694824219,65.69999694824219,12395443.0
2019-04-04,65.30000305175781,68.51000213623047,64.5999984741211,67.9000015258789,18857550.0
2019-04-08,70.04000091552734,72.0,68.5,68.98999786376953,15024190.0
2019-04-09,68.5,69.08999633789062,67.55999755859375,69.08999633789062,15319807.0
2019-04-10,68.98999786376953,72.80000305175781,68.20999908447266,72.69999694824219,26919055.0
2019-04-11,72.02999877929688,72.08999633789062,68.88999938964844,70.5,21562226.0
2019-04-12,69.51000213623047,70.36000061035156,67.25,69.5999984741211,14494837.0
2019-04-15,70.23999786376953,71.68000030517578,67.11000061035156,67.55000305175781,16589133.0
2019-04-16,66.5999984741211,69.19999694824219,66.01000213623047,69.0199966430664,10365759.0
2019-04-17,68.3499984741211,70.05000305175781,67.37000274658203,69.52999877929688,13273555.0
2019-04-18,69.22000122070312,70.0999984741211,68.68000030517578,69.1500015258789,7918406.0
2019-04-19,69.1500015258789,69.9000015258789,68.31999969482422,69.13999938964844,7642994.0
2019-04-22,69.13999938964844,72.0,69.01000213623047,69.9800033569336,15221957.0
2019-04-23,69.25,73.16999816894531,69.25,72.44999694824219,16871137.0
2019-04-24,72.5999984741211,73.5,70.80000305175781,71.73999786376953,13005187.0
2019-04-25,71.61000061035156,72.55999755859375,69.79000091552734,70.4800033569336,12330213.0
2019-04-26,72.5999984741211,77.30000305175781,71.88999938964844,75.43000030517578,27186827.0
2019-05-06,75.9000015258789,75.9000015258789,70.08999633789062,70.5,24671868.0
2019-05-07,70.5,73.5999984741211,70.19999694824219,72.31999969482422,20121745.0
2019-05-08,70.0,73.05999755859375,69.06999969482422,71.22000122070312,12550771.0
2019-05-09,70.06999969482422,70.94999694824219,65.80000305175781,67.69999694824219,20990047.0
2019-05-10,68.80000305175781,72.37999725341797,67.87999725341797,71.80999755859375,20522409.0
2019-05-13,70.5,73.26000213623047,68.18000030517578,71.69999694824219,15957037.0
2019-05-14,69.5,72.86000061035156,69.5,70.6500015258789,14394978.0
2019-05-15,71.80000305175781,77.72000122070312,71.80000305175781,77.72000122070312,20349809.0
2019-05-16,79.30000305175781,82.31999969482422,77.0999984741211,81.0,21567607.0
2019-05-17,80.01000213623047,81.19000244140625,76.5,77.3499984741211,22875722.0
2019-05-20,77.0,77.0999984741211,71.30000305175781,74.0999984741211,24527486.0
2019-05-21,73.77999877929688,76.25,72.5999984741211,75.73999786376953,18118990.0
2019-05-22,75.33999633789062,75.33999633789062,72.5,73.6500015258789,14028260.0
2019-05-23,72.68000030517578,73.19999694824219,69.9800033569336,70.55000305175781,17125972.0
2019-05-24,70.55999755859375,72.5,70.0999984741211,72.19999694824219,17665092.0
2019-05-27,72.06999969482422,73.30000305175781,69.87999725341797,72.30999755859375,13501230.0
2019-05-28,72.0,73.98999786376953,71.44999694824219,73.98999786376953,14069252.0
2019-05-29,72.9000015258789,75.13999938964844,72.5,73.79000091552734,11293266.0
2019-05-30,73.33000183105469,74.0,71.05999755859375,72.0,12656432.0
2019-05-31,72.0,72.4000015258789,69.8499984741211,70.62999725341797,12955432.0
2019-06-03,70.80000305175781,71.9800033569336,69.12999725341797,69.5999984741211,13361775.0
2019-06-04,70.0,70.29000091552734,67.44000244140625,67.9000015258789,16442565.0
2019-06-05,68.98999786376953,69.5999984741211,67.58000183105469,68.16000366210938,11223206.0
2019-06-06,68.3499984741211,68.4800033569336,66.56999969482422,66.80000305175781,11876507.0
2019-06-10,66.81999969482422,68.77999877929688,65.66999816894531,67.91000366210938,13112067.0
2019-06-11,68.55999755859375,72.56999969482422,68.55999755859375,72.05000305175781,25231335.0
2019-06-12,71.5999984741211,72.44000244140625,70.3499984741211,71.29000091552734,10718205.0
2019-06-13,71.4000015258789,71.66999816894531,69.88999938964844,70.7300033569336,8817660.0
2019-06-14,70.7300033569336,72.0999984741211,69.80000305175781,70.23999786376953,9821547.0
2019-06-17,70.0999984741211,70.88999938964844,69.06999969482422,69.81999969482422,7674802.0
2019-06-18,69.87999725341797,70.43000030517578,68.5,69.69999694824219,7692758.0
2019-06-19,71.80000305175781,72.1500015258789,70.8499984741211,71.0,11546970.0
2019-06-20,70.79000091552734,74.94999694824219,70.66999816894531,74.16000366210938,20759795.0
2019-06-21,74.56999969482422,76.25,73.76000213623047,75.80000305175781,18485131.0
2019-06-24,75.91999816894531,78.87999725341797,75.0,76.9000015258789,16282940.0
2019-06-25,76.87999725341797,78.5,75.30000305175781,77.19999694824219,13421221.0
2019-06-26,76.94999694824219,77.16999816894531,75.9000015258789,76.23999786376953,7881403.0
2019-06-27,76.62999725341797,81.66000366210938,76.62999725341797,80.93000030517578,18465996.0
2019-06-28,80.93000030517578,82.19999694824219,79.54000091552734,80.83000183105469,10790322.0
2019-07-01,83.0,84.80000305175781,82.9000015258789,83.6500015258789,17597588.0
2019-07-02,83.61000061035156,85.44000244140625,82.83000183105469,84.18000030517578,12483316.0
2019-07-03,83.66999816894531,86.33000183105469,81.1500015258789,82.7699966430664,18861839.0
2019-07-04,82.69999694824219,83.87999725341797,80.30000305175781,81.43000030517578,13251513.0
2019-07-05,81.23999786376953,85.16000366210938,81.23999786376953,84.9000015258789,17369192.0
2019-07-08,84.4000015258789,85.0,82.5999984741211,83.69999694824219,12557675.0
2019-07-09,83.01000213623047,86.4000015258789,83.0,83.51000213623047,13699071.0
2019-07-10,84.19999694824219,85.87999725341797,82.94000244140625,85.0999984741211,11980415.0
2019-07-11,85.19000244140625,87.5999984741211,84.5,86.0,16735033.0
2019-07-12,85.69000244140625,88.44999694824219,85.48999786376953,88.44999694824219,11125241.0
2019-07-15,87.58000183105469,88.19999694824219,86.0,87.4800033569336,12560744.0
2019-07-16,86.69999694824219,87.93000030517578,84.19000244140625,84.9000015258789,14593355.0
2019-07-17,84.37000274658203,85.55999755859375,83.5,84.41000366210938,11863137.0
2019-07-18,83.81999969482422,85.0999984741211,83.4800033569336,83.66000366210938,7624163.0
2019-07-19,84.25,84.9800033569336,83.5,84.44999694824219,7780020.0
2019-07-22,84.55999755859375,85.33000183105469,83.0,85.19999694824219,7371690.0
2019-07-23,85.19000244140625,85.19000244140625,78.80000305175781,81.0999984741211,23628075.0
2019-07-24,81.4000015258789,81.77999877929688,80.55999755859375,81.22000122070312,14561672.0
2019-07-25,81.19999694824219,81.87999725341797,78.5,81.80999755859375,13188690.0
2019-07-26,81.13999938964844,83.43000030517578,80.9000015258789,82.20999908447266,9246780.0
2019-07-29,82.66000366210938,83.44999694824219,82.0,82.93000030517578,8242555.0
2019-07-30,82.93000030517578,83.4000015258789,81.69999694824219,82.19000244140625,7701635.0
2019-07-31,81.94000244140625,82.4800033569336,80.01000213623047,80.63999938964844,8111328.0
2019-08-01,80.2300033569336,81.45999908447266,79.0999984741211,79.87000274658203,9777111.0
2019-08-02,78.54000091552734,79.80999755859375,78.05999755859375,79.80999755859375,9288327.0
2019-08-05,79.36000061035156,79.69999694824219,77.04000091552734,77.30999755859375,10343641.0
2019-08-06,76.30000305175781,79.36000061035156,75.5999984741211,78.9000015258789,11767603.0
2019-08-07,78.88999938964844,79.52999877929688,77.87999725341797,77.98999786376953,6717191.0
2019-08-08,78.73999786376953,80.02999877929688,78.45999908447266,79.30000305175781,6823044.0
2019-08-09,80.0,80.5,77.0199966430664,77.37999725341797,9820286.0
2019-08-12,78.95999908447266,79.97000122070312,77.62000274658203,79.62999725341797,12808963.0
2019-08-13,79.23999786376953,79.8499984741211,78.62000274658203,79.19999694824219,5596761.0
2019-08-14,80.0,84.93000030517578,80.0,83.5199966430664,17594746.0
2019-08-15,82.30000305175781,84.37999725341797,81.9000015258789,84.27999877929688,12903141.0
2019-08-16,84.30999755859375,87.5,83.5999984741211,86.0,12817066.0
2019-08-19,86.0,86.87999725341797,84.68000030517578,86.19999694824219,11309835.0
2019-08-20,86.2300033569336,86.5999984741211,85.43000030517578,86.30000305175781,9206399.0
2019-08-21,86.3499984741211,87.45999908447266,86.0,86.5999984741211,9916609.0
2019-08-22,85.58999633789062,88.1500015258789,84.55999755859375,87.66000366210938,13532672.0
2019-08-23,87.66000366210938,90.18000030517578,87.19999694824219,88.69000244140625,10311696.0
2019-08-26,87.0199966430664,88.0999984741211,86.27999877929688,86.87000274658203,9102398.0
2019-08-27,87.80000305175781,90.20999908447266,87.44999694824219,89.25,11121853.0
2019-08-28,89.66000366210938,90.97000122070312,88.29000091552734,88.8499984741211,9502200.0
2019-08-29,91.30999755859375,92.5999984741211,89.5999984741211,92.27999877929688,16999268.0
2019-08-30,92.3499984741211,98.4800033569336,92.30000305175781,96.87999725341797,17028947.0
2019-09-02,97.04000091552734,98.30000305175781,94.94000244140625,98.06999969482422,15696478.0
2019-09-03,97.80000305175781,97.97000122070312,94.87000274658203,96.16000366210938,13399415.0
2019-09-04,95.0,95.87999725341797,93.29000091552734,94.25,13850908.0
2019-09-05,94.88999938964844,95.9000015258789,94.0,94.5,11873497.0
2019-09-06,94.7699966430664,94.79000091552734,93.01000213623047,94.02999877929688,10455879.0
2019-09-09,94.63999938964844,95.30000305175781,92.58000183105469,93.25,12147884.0
2019-09-10,92.87000274658203,93.48999786376953,91.55000305175781,92.69999694824219,9093169.0
2019-09-11,92.69000244140625,92.69000244140625,86.69999694824219,87.51000213623047,25129696.0
2019-09-12,86.98999786376953,89.68000030517578,86.7699966430664,88.88999938964844,15209468.0
2019-09-16,88.58000183105469,88.58000183105469,86.4000015258789,86.79000091552734,17189732.0
2019-09-17,86.80000305175781,88.7699966430664,86.5,87.81999969482422,13067413.0
2019-09-18,87.94999694824219,90.55000305175781,87.94999694824219,90.19999694824219,18794430.0
2019-09-19,90.1500015258789,90.1500015258789,87.61000061035156,88.69999694824219,14451379.0
2019-09-20,88.98999786376953,90.08999633789062,87.75,89.0,14508574.0
2019-09-23,88.91999816894531,88.94999694824219,87.01000213623047,87.6500015258789,8468078.0
2019-09-24,87.19999694824219,89.44000244140625,87.19999694824219,88.5,13325888.0
2019-09-25,88.25,89.30000305175781,87.4000015258789,88.01000213623047,7793042.0
2019-09-26,89.0199966430664,89.69000244140625,87.0199966430664,87.73999786376953,8511863.0
2019-09-27,87.20999908447266,88.0,84.01000213623047,87.22000122070312,11095537.0
2019-09-30,87.02999877929688,87.61000061035156,85.05999755859375,85.22000122070312,9361839.0
2019-10-08,85.98999786376953,89.12000274658203,85.97000122070312,88.25,12314176.0
2019-10-09,88.0,88.30000305175781,86.69999694824219,87.4800033569336,7634969.0
2019-10-10,86.5,86.9000015258789,84.05000305175781,86.68000030517578,11378043.0
2019-10-11,86.9800033569336,88.5,86.0,87.66999816894531,9382328.0
2019-10-14,88.51000213623047,88.87999725341797,87.30000305175781,87.66000366210938,8170552.0
2019-10-15,87.62999725341797,89.19999694824219,86.27999877929688,88.33000183105469,11141494.0
2019-10-16,87.0,87.4000015258789,85.51000213623047,85.81999969482422,14439614.0
2019-10-17,86.18000030517578,86.4000015258789,85.37999725341797,86.12000274658203,5520278.0
2019-10-18,85.48999786376953,85.79000091552734,84.2300033569336,84.5,8140854.0
2019-10-21,84.43000030517578,85.18000030517578,83.01000213623047,83.56999969482422,8905505.0
2019-10-22,83.98999786376953,85.16000366210938,83.27999877929688,85.0999984741211,7725368.0
2019-10-23,85.11000061035156,86.12000274658203,83.68000030517578,84.0,5825132.0
2019-10-24,84.11000061035156,84.4000015258789,81.3499984741211,81.75,10588443.0
2019-10-25,81.75,83.1500015258789,81.2300033569336,83.0,7557821.0
2019-10-28,82.98999786376953,85.44000244140625,82.91000366210938,84.87999725341797,9322278.0
2019-10-29,85.5999984741211,86.45999908447266,84.62000274658203,85.83000183105469,11387681.0
2019-10-30,86.01000213623047,86.18000030517578,84.9000015258789,85.80000305175781,6422760.0
2019-10-31,88.98999786376953,89.30999755859375,86.7699966430664,87.19999694824219,14139530.0
2019-11-01,87.80000305175781,88.5199966430664,86.51000213623047,88.19999694824219,11879288.0
2019-11-04,88.5199966430664,89.0999984741211,87.0999984741211,87.4000015258789,13345418.0
2019-11-05,87.5199966430664,87.77999877929688,86.16999816894531,86.75,9744926.0
2019-11-06,87.08999633789062,87.18000030517578,84.72000122070312,84.86000061035156,10563395.0
2019-11-07,84.86000061035156,85.47000122070312,84.29000091552734,84.91000366210938,6801144.0
2019-11-08,85.5,86.72000122070312,85.02999877929688,85.62000274658203,9395269.0
2019-11-11,85.0,85.5999984741211,84.12999725341797,85.0,6466338.0
2019-11-12,85.0,85.38999938964844,84.1500015258789,85.2300033569336,5721977.0
2019-11-13,85.5999984741211,86.5,84.80000305175781,86.44999694824219,8466065.0
2019-11-14,86.41999816894531,87.5,85.81999969482422,86.45999908447266,10032110.0
2019-11-15,86.45999908447266,86.66000366210938,85.0,85.20999908447266,7307927.0
2019-11-18,84.7300033569336,85.29000091552734,83.70999908447266,85.05999755859375,7139743.0
2019-11-19,84.69999694824219,86.11000061035156,84.69999694824219,85.5199966430664,6352256.0
2019-11-20,85.2699966430664,88.55999755859375,85.16000366210938,87.0,13627385.0
2019-11-21,87.16999816894531,88.4800033569336,86.30000305175781,87.4800033569336,7719167.0
2019-11-22,87.9000015258789,87.94999694824219,83.5,84.19999694824219,14110738.0
2019-11-25,83.0,84.69000244140625,81.61000061035156,84.3499984741211,9749199.0
2019-11-26,84.44999694824219,85.55999755859375,84.11000061035156,85.30000305175781,9281611.0
2019-11-27,85.19999694824219,86.58000183105469,84.83999633789062,85.83000183105469,7502334.0
2019-11-28,86.19000244140625,86.36000061035156,84.08999633789062,84.5,7444715.0
2019-11-29,84.11000061035156,84.19999694824219,81.18000030517578,81.75,14570688.0
2019-12-02,81.6500015258789,82.58999633789062,81.08000183105469,81.73999786376953,7592210.0
2019-12-03,81.58000183105469,81.58000183105469,80.0,80.36000061035156,10070890.0
2019-12-04,81.61000061035156,82.11000061035156,80.56999969482422,81.72000122070312,8085665.0
2019-12-05,81.69999694824219,81.98999786376953,80.95999908447266,81.48999786376953,6688569.0
2019-12-06,81.4000015258789,82.87000274658203,81.0999984741211,82.58999633789062,9684467.0
2019-12-09,83.0,83.27999877929688,82.18000030517578,82.36000061035156,6048461.0
2019-12-10,82.0199966430664,82.4000015258789,81.26000213623047,81.93000030517578,7210623.0
2019-12-11,81.93000030517578,81.94999694824219,80.72000122070312,80.88999938964844,5948895.0
2019-12-12,81.20999908447266,81.4000015258789,80.19000244140625,80.48999786376953,5857017.0
2019-12-13,80.88999938964844,82.48999786376953,80.88999938964844,82.0,9803622.0
2019-12-16,82.4000015258789,82.5999984741211,81.04000091552734,81.5999984741211,7490391.0
2019-12-17,81.72000122070312,83.5,81.5,83.04000091552734,10581777.0
2019-12-18,83.01000213623047,83.5,82.27999877929688,82.5,7474573.0
2019-12-19,82.58999633789062,82.5999984741211,81.30000305175781,82.0,5778722.0
2019-12-20,81.72000122070312,82.5,81.72000122070312,82.1500015258789,5054107.0
2019-12-23,80.5,82.37999725341797,80.5,81.61000061035156,6309531.0
2019-12-24,81.66000366210938,82.38999938964844,81.66000366210938,82.05000305175781,3966581.0
2019-12-25,82.27999877929688,82.29000091552734,80.4000015258789,80.86000061035156,8552575.0
2019-12-26,80.9000015258789,81.2300033569336,80.16999816894531,80.7300033569336,6818454.0
2019-12-27,81.04000091552734,82.47000122070312,81.04000091552734,81.70999908447266,11134773.0
2019-12-30,81.87999725341797,86.5,81.76000213623047,85.7300033569336,24178132.0
2019-12-31,86.26000213623047,87.36000061035156,85.9000015258789,86.68000030517578,14603913.0
2020-01-02,86.0,86.5999984741211,83.68000030517578,85.44999694824219,16734111.0
2020-01-03,86.0,87.27999877929688,85.19000244140625,85.79000091552734,12465768.0
2020-01-06,85.01000213623047,86.5,84.58999633789062,85.62000274658203,8720029.0
2020-01-07,84.93000030517578,86.44999694824219,84.69999694824219,86.0,9184292.0
2020-01-08,85.30999755859375,85.87999725341797,84.55999755859375,84.8499984741211,7214211.0
2020-01-09,85.4000015258789,88.58000183105469,84.5999984741211,87.5,17676365.0
2020-01-10,87.45999908447266,91.44000244140625,87.30000305175781,90.5,21465711.0
2020-01-13,90.5,94.58000183105469,90.4000015258789,93.02999877929688,18976029.0
2020-01-14,92.4000015258789,93.43000030517578,91.5,92.06999969482422,8973223.0
2020-01-15,92.0999984741211,94.25,92.0,92.33999633789062,8907122.0
2020-01-16,92.19999694824219,93.11000061035156,91.80000305175781,92.6500015258789,4994819.0
2020-01-17,93.0,93.5999984741211,91.33000183105469,91.80000305175781,5357166.0
2020-01-20,91.80000305175781,92.30000305175781,90.0,90.58999633789062,10856796.0
2020-01-21,90.0,90.0,86.56999969482422,87.26000213623047,15672876.0
2020-01-22,85.88999938964844,88.06999969482422,85.61000061035156,87.51000213623047,8619480.0
2020-01-23,87.37000274658203,87.37000274658203,81.58000183105469,82.9800033569336,18646673.0
2020-02-03,74.38999938964844,74.38999938964844,74.38999938964844,74.38999938964844,4440800.0
2020-02-04,71.0,76.27999877929688,69.87999725341797,72.12000274658203,43100487.0
2020-02-05,72.0199966430664,74.0,71.06999969482422,72.4000015258789,30688674.0
2020-02-06,72.37000274658203,74.31999969482422,71.80999755859375,73.88999938964844,18376932.0
2020-02-07,73.51000213623047,74.88999938964844,72.25,74.76000213623047,17671559.0
2020-02-10,74.0,74.5,72.5199966430664,73.72000122070312,17208674.0
2020-02-11,73.98999786376953,78.0,73.75,77.4000015258789,21626058.0
2020-02-12,77.4000015258789,78.26000213623047,76.12999725341797,77.48999786376953,13689545.0
2020-02-13,77.08000183105469,79.80000305175781,76.9000015258789,77.5,12912409.0
2020-02-14,77.80000305175781,78.05999755859375,76.62000274658203,77.72000122070312,8064951.0
2020-02-17,77.19999694824219,78.22000122070312,76.87999725341797,78.22000122070312,11316808.0
2020-02-18,78.30999755859375,78.47000122070312,77.05999755859375,77.69999694824219,8625404.0
2020-02-19,77.38999938964844,79.9000015258789,77.0199966430664,79.02999877929688,15259006.0
2020-02-20,78.9000015258789,82.80000305175781,78.9000015258789,82.7699966430664,17795715.0
2020-02-21,81.98999786376953,83.69999694824219,81.55000305175781,82.69000244140625,9530994.0
2020-02-24,82.48999786376953,82.48999786376953,80.0,81.11000061035156,11973734.0
2020-02-25,79.27999877929688,80.36000061035156,77.80000305175781,79.55000305175781,14748412.0
2020-02-26,78.1500015258789,80.3499984741211,77.5999984741211,78.5,9747071.0
2020-02-27,78.58999633789062,79.94999694824219,78.58999633789062,79.0199966430664,8134393.0
2020-02-28,77.43000030517578,77.44000244140625,74.13999938964844,74.80000305175781,18180146.0
2020-03-02,74.69999694824219,78.18000030517578,74.5999984741211,77.81999969482422,12266848.0
2020-03-03,78.30000305175781,79.69999694824219,78.30000305175781,79.0,11582835.0
2020-03-04,78.52999877929688,79.75,78.19000244140625,78.87999725341797,8122225.0
2020-03-05,79.4800033569336,84.66000366210938,79.19000244140625,83.4000015258789,23267771.0
2020-03-06,82.0999984741211,84.66000366210938,81.26000213623047,81.37999725341797,13730391.0
2020-03-09,79.98999786376953,80.0,77.69999694824219,77.7699966430664,11447065.0
2020-03-10,77.79000091552734,81.41999816894531,77.4000015258789,81.16999816894531,11301386.0
2020-03-11,82.0,83.5999984741211,81.18000030517578,81.5,15057380.0
2020-03-12,80.5,80.5,78.62000274658203,80.27999877929688,9051040.0
2020-03-13,76.9000015258789,80.77999877929688,76.25,78.91999816894531,10649999.0
2020-03-16,79.38999938964844,79.38999938964844,73.37999725341797,74.5,16123405.0
2020-03-17,73.5199966430664,75.87999725341797,69.5999984741211,71.66000366210938,17030608.0
2020-03-18,71.9000015258789,73.68000030517578,69.61000061035156,69.77999877929688,11474386.0
2020-03-19,69.0,69.4800033569336,64.87999725341797,66.5199966430664,21171069.0
2020-03-20,67.4000015258789,69.69000244140625,67.0,68.9800033569336,14391044.0
2020-03-23,66.25,67.93000030517578,65.97000122070312,66.62999725341797,9490790.0
2020-03-24,68.12999725341797,70.18000030517578,67.91999816894531,70.18000030517578,13671991.0
2020-03-25,72.5999984741211,73.3499984741211,71.80000305175781,72.91999816894531,12622751.0
2020-03-26,72.30999755859375,74.73999786376953,71.68000030517578,72.9800033569336,8562469.0
2020-03-27,73.91000366210938,76.26000213623047,73.80999755859375,74.5,11637038.0
2020-03-30,73.0,73.63999938964844,71.80000305175781,71.91999816894531,10152779.0
2020-03-31,72.97000122070312,74.44000244140625,72.51000213623047,73.55000305175781,7824258.0
2020-04-01,73.66999816894531,74.7300033569336,72.51000213623047,73.83999633789062,6914537.0
2020-04-02,73.01000213623047,74.22000122070312,72.5,74.16000366210938,7711463.0
2020-04-03,74.25,75.4800033569336,73.8499984741211,74.29000091552734,6450274.0
2020-04-07,75.7699966430664,77.33000183105469,75.7699966430664,76.23999786376953,9627161.0
2020-04-08,75.5,76.51000213623047,75.19999694824219,76.05000305175781,5982046.0
2020-04-09,77.0,77.4000015258789,75.75,76.16000366210938,5540060.0
2020-04-10,75.98999786376953,78.37000274658203,75.55999755859375,76.83999633789062,8768659.0
2020-04-13,76.45999908447266,78.47000122070312,76.0,78.12999725341797,8247321.0
2020-04-14,78.80999755859375,79.08999633789062,77.8499984741211,78.33000183105469,8429026.0
2020-04-15,78.75,79.97000122070312,78.36000061035156,78.55999755859375,7645333.0
2020-04-16,78.08000183105469,78.5,76.43000030517578,77.16000366210938,8216767.0
2020-04-17,77.9000015258789,79.16000366210938,77.48999786376953,78.30999755859375,9121619.0
2020-04-20,78.70999908447266,78.93000030517578,77.5,78.0199966430664,8938577.0
2020-04-21,77.47000122070312,77.47000122070312,74.0199966430664,74.73999786376953,18627736.0
2020-04-22,74.29000091552734,77.72000122070312,73.80999755859375,77.23999786376953,14381215.0
2020-04-23,77.41999816894531,79.5,77.41999816894531,77.80000305175781,10939773.0
2020-04-24,78.16000366210938,79.29000091552734,77.19999694824219,77.87999725341797,10444252.0
2020-04-27,78.0,78.7699966430664,77.27999877929688,78.1500015258789,6120728.0
2020-04-28,79.0999984741211,83.58000183105469,78.41000366210938,82.31999969482422,22393677.0
2020-04-29,81.0,82.37999725341797,78.69999694824219,79.08999633789062,19125475.0
2020-04-30,79.1500015258789,80.33000183105469,78.5,79.19000244140625,12027319.0
2020-05-06,78.9000015258789,79.55000305175781,78.18000030517578,79.0199966430664,13424087.0
2020-05-07,79.4000015258789,81.05999755859375,78.58000183105469,80.26000213623047,13566883.0
2020-05-08,80.61000061035156,83.27999877929688,79.80999755859375,81.58999633789062,17358101.0
2020-05-11,82.20999908447266,84.5199966430664,81.75,82.80000305175781,16177994.0
2020-05-12,82.47000122070312,84.27999877929688,82.30000305175781,84.0999984741211,11238209.0
2020-05-13,84.0999984741211,89.44999694824219,84.0,88.6500015258789,20994670.0
2020-05-14,88.38999938964844,89.0,86.97000122070312,87.80000305175781,12470112.0
2020-05-15,87.37000274658203,88.8499984741211,85.9800033569336,87.48999786376953,12440031.0
2020-05-18,87.55999755859375,90.66000366210938,87.0199966430664,89.5,14443255.0
2020-05-19,90.5999984741211,90.6500015258789,88.4000015258789,89.06999969482422,12171729.0
2020-05-20,89.12000274658203,89.38999938964844,87.5,87.83000183105469,8697451.0
2020-05-21,88.25,89.0999984741211,87.0999984741211,87.62000274658203,9919624.0
2020-05-22,87.58000183105469,87.58000183105469,83.87999725341797,84.0999984741211,14918020.0
2020-05-25,84.06999969482422,85.25,82.98999786376953,84.77999877929688,11850972.0
2020-05-26,85.0,85.5999984741211,83.5999984741211,85.37000274658203,10047030.0
2020-05-27,85.37000274658203,85.80000305175781,83.80000305175781,84.25,9263161.0
2020-05-28,84.0,85.80999755859375,83.44999694824219,84.19000244140625,10117449.0
2020-05-29,83.94000244140625,85.75,83.37999725341797,85.30000305175781,10066971.0
2020-06-01,85.91000366210938,90.55999755859375,85.69999694824219,89.18000030517578,19300747.0
2020-06-02,89.9000015258789,90.4800033569336,87.69999694824219,88.30000305175781,14076882.0
2020-06-03,88.11000061035156,88.80999755859375,86.79000091552734,87.43000030517578,11615775.0
2020-06-04,87.94999694824219,90.30000305175781,87.94000244140625,88.87999725341797,11798585.0
2020-06-05,90.02999877929688,94.2699966430664,88.86000061035156,93.55999755859375,21924003.0
2020-06-08,94.5,97.0999984741211,94.01000213623047,94.9000015258789,16732216.0
2020-06-09,95.02999877929688,97.30000305175781,94.12999725341797,95.69000244140625,12103905.0
2020-06-10,95.80999755859375,96.05000305175781,94.61000061035156,95.94999694824219,8685723.0
2020-06-11,95.94999694824219,96.62000274658203,93.66999816894531,94.98999786376953,13073867.0
2020-06-12,93.0,94.98999786376953,92.5,94.72000122070312,10897261.0
2020-06-15,93.51000213623047,93.88999938964844,89.79000091552734,90.36000061035156,21514691.0
2020-06-16,90.87999725341797,92.91000366210938,90.1500015258789,90.48999786376953,21037233.0
2020-06-17,90.5,91.19000244140625,88.5,89.5999984741211,13963035.0
2020-06-18,89.5,90.37000274658203,88.9000015258789,89.88999938964844,10093383.0
2020-06-19,90.04000091552734,92.80000305175781,90.04000091552734,91.91999816894531,17048581.0
2020-06-22,92.13999938964844,92.30000305175781,89.5999984741211,90.41000366210938,17595175.0
2020-06-23,90.33000183105469,93.5,89.5999984741211,93.27999877929688,20221274.0
2020-06-24,93.26000213623047,94.19999694824219,91.5,92.4800033569336,16176264.0
2020-06-29,91.25,91.55000305175781,89.80000305175781,90.87999725341797,17337854.0
2020-06-30,91.19999694824219,91.87000274658203,90.87999725341797,91.12000274658203,14064763.0
2020-07-01,91.58000183105469,100.2300033569336,91.5,100.2300033569336,44023748.0
2020-07-02,101.4800033569336,110.1500015258789,101.0,107.4800033569336,42096756.0
2020-07-03,109.01000213623047,111.27999877929688,105.55000305175781,110.0999984741211,32445907.0
2020-07-06,110.08999633789062,113.80000305175781,108.80000305175781,111.47000122070312,28831310.0
2020-07-07,110.80000305175781,118.0199966430664,108.87000274658203,115.18000030517578,25195075.0
2020-07-08,112.47000122070312,117.0,112.41000366210938,114.8499984741211,17546993.0
2020-07-09,114.88999938964844,119.5,114.44000244140625,119.4000015258789,15530000.0
2020-07-10,119.30000305175781,125.16999816894531,117.41000366210938,121.47000122070312,18419463.0
2020-07-13,120.0,127.0,119.37999725341797,124.9000015258789,26179705.0
2020-07-14,125.0,126.91000366210938,120.0,123.80000305175781,17878302.0
2020-07-15,123.5,131.1999969482422,123.29000091552734,127.88999938964844,20704535.0
2020-07-16,125.80000305175781,125.8499984741211,115.08999633789062,115.08999633789062,31038000.0
2020-07-17,111.20999908447266,118.25,111.20999908447266,114.01000213623047,24490562.0
2020-07-20,115.0,116.0,106.9000015258789,112.80000305175781,23528745.0
2020-07-21,112.69000244140625,117.08000183105469,111.80000305175781,115.05999755859375,17474126.0
2020-07-22,114.6500015258789,118.80999755859375,113.06999969482422,117.0999984741211,16084528.0
2020-07-23,116.0,120.4000015258789,115.58000183105469,119.98999786376953,17009466.0
2020-07-24,119.13999938964844,119.87999725341797,112.16999816894531,113.94000244140625,17298332.0
2020-07-27,113.97000122070312,116.4000015258789,113.0,114.95999908447266,10539724.0
2020-07-28,114.01000213623047,119.19000244140625,114.0,116.9000015258789,15659548.0
2020-07-29,118.0199966430664,118.5999984741211,114.37999725341797,118.19000244140625,14275590.0
2020-07-30,117.01000213623047,120.0,117.0,118.19000244140625,12843554.0
2020-07-31,117.98999786376953,119.5199966430664,115.7699966430664,118.0199966430664,12093623.0
2020-08-03,118.0999984741211,119.4000015258789,116.30000305175781,117.44999694824219,11387691.0
2020-08-04,117.5199966430664,119.48999786376953,116.58000183105469,117.0999984741211,11280689.0
2020-08-05,116.0,118.98999786376953,114.51000213623047,118.66000366210938,12855358.0
2020-08-06,118.0,118.5,114.04000091552734,114.73999786376953,14747083.0
2020-08-07,114.5,115.5199966430664,109.0999984741211,111.16000366210938,18609358.0
2020-08-10,111.69999694824219,112.55000305175781,109.05000305175781,111.80999755859375,10047063.0
2020-08-11,113.0,115.31999969482422,112.0,112.9000015258789,10013638.0
2020-08-12,112.75,113.23999786376953,109.05000305175781,110.9000015258789,8898029.0
2020-08-13,112.0,112.9800033569336,110.0999984741211,111.16999816894531,7044976.0
2020-08-14,112.0,118.0,110.9000015258789,117.5999984741211,18606242.0
2020-08-17,120.0,124.44000244140625,119.87999725341797,123.91000366210938,22678129.0
2020-08-18,123.38999938964844,128.0,122.38999938964844,125.58999633789062,14437358.0
2020-08-19,125.6500015258789,131.5,124.51000213623047,127.8499984741211,18836077.0
2020-08-20,127.5999984741211,127.5999984741211,122.91999816894531,125.33000183105469,11730029.0
2020-08-21,127.0,130.36000061035156,126.05000305175781,127.94999694824219,9888096.0
2020-08-24,127.6500015258789,129.5,124.83000183105469,128.33999633789062,10423994.0
2020-08-25,129.0,139.36000061035156,128.9499969482422,138.33999633789062,18752563.0
2020-08-26,138.3800048828125,140.0,135.39999389648438,138.1999969482422,19158194.0
2020-08-27,137.7100067138672,142.5,136.5800018310547,142.47999572753906,13231680.0
2020-08-28,144.13999938964844,154.97999572753906,141.3000030517578,151.49000549316406,24572784.0
2020-08-31,152.60000610351562,155.8800048828125,149.02000427246094,149.5500030517578,17606129.0
2020-09-01,146.6999969482422,148.3699951171875,141.5,147.77000427246094,19116857.0
2020-09-02,148.0399932861328,149.5500030517578,145.10000610351562,147.00999450683594,11330685.0
2020-09-03,147.0,153.3699951171875,146.10000610351562,150.4600067138672,16894118.0
2020-09-04,146.6999969482422,152.5,143.07000732421875,152.3800048828125,14442850.0
2020-09-07,151.9199981689453,156.97999572753906,148.5,152.39999389648438,17807322.0
2020-09-08,151.99000549316406,152.89999389648438,139.00999450683594,141.63999938964844,22044545.0
2020-09-09,136.1999969482422,142.77999877929688,134.55999755859375,139.10000610351562,12626878.0
2020-09-10,141.5,144.9499969482422,141.0,141.5800018310547,11768467.0
2020-09-11,141.0,146.3800048828125,140.02999877929688,145.97000122070312,12096325.0
2020-09-14,147.0,148.5,143.5,146.39999389648438,11149512.0
2020-09-15,146.10000610351562,146.99000549316406,144.3000030517578,146.24000549316406,6486619.0
2020-09-16,146.0800018310547,148.47999572753906,143.0,143.47999572753906,7879119.0
2020-09-17,141.60000610351562,142.8000030517578,136.11000061035156,140.02999877929688,14916685.0
2020-09-18,139.22999572753906,142.3000030517578,138.0399932861328,142.25,9084641.0
2020-09-21,141.5,141.9499969482422,139.36000061035156,140.5,6120837.0
2020-09-22,138.89999389648438,142.13999938964844,138.50999450683594,139.97000122070312,5751272.0
2020-09-23,136.0,140.49000549316406,133.3300018310547,139.63999938964844,11551371.0
2020-09-24,139.89999389648438,141.22999572753906,137.60000610351562,137.72999572753906,5539904.0
2020-09-25,138.5,141.3300018310547,138.11000061035156,138.8800048828125,5367121.0
2020-09-28,141.0,146.5,140.0,144.19000244140625,12179879.0
2020-09-29,145.9499969482422,146.1999969482422,142.10000610351562,144.0500030517578,7501572.0
2020-09-30,146.99000549316406,146.99000549316406,142.5,142.67999267578125,7318218.0
2020-10-09,144.8000030517578,147.5,142.94000244140625,145.5399932861328,8715956.0
2020-10-12,145.6199951171875,153.02999877929688,145.61000061035156,151.7899932861328,13980582.0
2020-10-13,151.8000030517578,154.77999877929688,150.08999633789062,152.4499969482422,11517764.0
2020-10-14,152.0,154.4600067138672,149.69000244140625,151.0,9321844.0
2020-10-15,150.83999633789062,154.0,150.72000122070312,151.6999969482422,6135501.0
2020-10-16,151.57000732421875,152.5800018310547,148.5,149.85000610351562,5856350.0
2020-10-19,150.2100067138672,152.8000030517578,149.02000427246094,149.9600067138672,5587205.0
2020-10-20,149.39999389648438,157.5800018310547,149.1300048828125,157.10000610351562,13962992.0
2020-10-21,156.77999877929688,159.0,156.0500030517578,157.8800048828125,9608107.0
2020-10-22,158.3000030517578,163.89999389648438,154.8699951171875,162.0500030517578,14197679.0
2020-10-23,161.05999755859375,162.97999572753906,153.02000427246094,155.63999938964844,13170619.0
2020-10-26,150.05999755859375,155.5500030517578,147.00999450683594,155.5,9429444.0
2020-10-27,155.22000122070312,158.3000030517578,154.25999450683594,155.97000122070312,7207583.0
2020-10-28,155.69000244140625,164.0,155.1199951171875,162.8000030517578,12384746.0
2020-10-29,170.10000610351562,178.97000122070312,169.05999755859375,178.9600067138672,22701209.0
2020-10-30,175.11000061035156,176.6199951171875,170.02000427246094,172.5500030517578,21095177.0
2020-11-02,173.88999938964844,179.4499969482422,172.60000610351562,177.89999389648438,16150046.0
2020-11-03,177.89999389648438,182.7899932861328,177.0500030517578,182.42999267578125,14248055.0
2020-11-04,181.8000030517578,184.60000610351562,180.2899932861328,183.5399932861328,7884856.0
2020-11-05,185.5,186.36000061035156,181.69000244140625,183.36000061035156,10777758.0
2020-11-06,182.39999389648438,183.1999969482422,179.10000610351562,182.8000030517578,10662872.0
2020-11-09,183.2899932861328,186.64999389648438,181.52000427246094,185.9499969482422,11041092.0
2020-11-10,185.97999572753906,192.47999572753906,184.00999450683594,189.4499969482422,10886005.0
2020-11-11,188.8000030517578,195.36000061035156,188.0500030517578,190.6999969482422,12771725.0
2020-11-12,190.0,194.5,188.08999633789062,192.11000061035156,9208832.0
2020-11-13,189.0500030517578,190.50999450683594,180.25,186.69000244140625,13479786.0
2020-11-16,187.1999969482422,197.97000122070312,187.0,197.97000122070312,15008609.0
2020-11-17,197.5,200.7899932861328,192.00999450683594,197.0,15512782.0
2020-11-18,197.00999450683594,197.89999389648438,187.10000610351562,191.5,14741995.0
2020-11-19,188.0500030517578,193.0,186.0500030517578,191.66000366210938,9001349.0
2020-11-20,192.67999267578125,198.49000549316406,191.0,194.14999389648438,8339923.0
2020-11-23,196.1300048828125,200.5,195.10000610351562,197.86000061035156,9866144.0
2020-11-24,198.0,199.47999572753906,194.2100067138672,198.77000427246094,6868404.0
2020-11-25,199.17999267578125,199.30999755859375,192.0,192.25,9655653.0
2020-11-26,191.0,194.4199981689453,186.00999450683594,192.75,9932602.0
2020-11-27,192.75,193.99000549316406,190.0,192.89999389648438,7261442.0
2020-11-30,192.6999969482422,192.8000030517578,181.67999267578125,183.3300018310547,19313032.0
2020-12-01,184.0,185.6999969482422,182.0,184.27000427246094,12951579.0
2020-12-02,185.0,185.30999755859375,182.0,183.91000366210938,9017117.0
2020-12-03,185.2899932861328,187.27999877929688,183.5500030517578,186.3800048828125,8754054.0
2020-12-04,186.0,192.97000122070312,185.5800018310547,190.8000030517578,12155824.0
2020-12-07,190.8300018310547,196.30999755859375,190.10000610351562,190.77999877929688,12695853.0
2020-12-08,192.0,193.6300048828125,189.60000610351562,191.85000610351562,9795369.0
2020-12-09,192.47000122070312,194.25,189.47999572753906,190.00999450683594,8648915.0
2020-12-10,189.0,192.88999938964844,188.2100067138672,190.6999969482422,8881802.0
2020-12-11,190.6999969482422,194.57000732421875,189.0,191.5,9339248.0
2020-12-14,192.02000427246094,198.0,190.85000610351562,197.9499969482422,12374432.0
2020-12-15,195.52000427246094,195.57000732421875,186.32000732421875,193.7100067138672,23250398.0
2020-12-16,194.00999450683594,199.60000610351562,194.0,198.22000122070312,18455859.0
2020-12-17,200.99000549316406,208.14999389648438,199.10000610351562,204.8000030517578,17917421.0
2020-12-18,204.8000030517578,212.0,202.52000427246094,204.6300048828125,19229990.0
2020-12-21,205.27000427246094,213.9199981689453,203.0800018310547,213.60000610351562,15023178.0
2020-12-22,212.66000366210938,219.47999572753906,212.36000061035156,215.10000610351562,12397839.0
2020-12-23,216.99000549316406,222.75,207.0,216.0500030517578,18645852.0
2020-12-24,212.50999450683594,218.5,206.77999877929688,214.0,12661076.0
2020-12-25,213.0,215.0,209.5,212.89999389648438,8380171.0
2020-12-28,213.6999969482422,228.0500030517578,213.6999969482422,224.8300018310547,16079524.0
2020-12-29,225.5800018310547,226.6999969482422,217.60000610351562,221.10000610351562,14199008.0
2020-12-30,221.08999633789062,227.77999877929688,221.08999633789062,224.89999389648438,10445525.0
2020-12-31,224.0800018310547,228.5,222.52000427246094,226.16000366210938,12259622.0
2021-01-04,228.0,243.8800048828125,228.0,240.85000610351562,15433467.0
2021-01-05,240.85000610351562,258.4700012207031,239.3000030517578,258.29998779296875,15640878.0
2021-01-06,259.0,268.2900085449219,250.10000610351562,262.29998779296875,17394704.0
2021-01-07,261.80999755859375,265.0799865722656,253.0800018310547,265.0,14960633.0
2021-01-08,264.5400085449219,267.0,251.50999450683594,255.47000122070312,17889445.0
2021-01-11,254.75,255.25,238.0,246.89999389648438,19056773.0
2021-01-12,242.66000366210938,263.0,241.75,262.29998779296875,17049828.0
2021-01-13,263.20001220703125,269.42999267578125,258.989990234375,266.20001220703125,16606668.0
2021-01-14,263.010009765625,266.3900146484375,253.10000610351562,257.9800109863281,13578459.0
2021-01-15,252.0,252.0,233.44000244140625,243.5,30672796.0
2021-01-18,240.1300048828125,241.6699981689453,227.8000030517578,232.00999450683594,24130848.0
2021-01-19,236.0,241.9499969482422,226.60000610351562,229.8699951171875,18849555.0
2021-01-20,227.4199981689453,232.0,219.0,229.0,19820072.0
2021-01-21,227.8000030517578,240.83999633789062,227.5,238.7899932861328,18901986.0
2021-01-22,238.49000549316406,241.35000610351562,233.52999877929688,239.08999633789062,12712220.0
2021-01-25,239.08999633789062,263.0,239.0,263.0,23918262.0
2021-01-26,263.8900146484375,266.5,258.19000244140625,263.2900085449219,16187892.0
2021-01-27,258.2099914550781,260.94000244140625,242.3300018310547,254.0,18629495.0
2021-01-28,247.97999572753906,255.99000549316406,245.5800018310547,250.0,13278373.0
2021-01-29,254.0,266.92999267578125,254.0,257.70001220703125,16025788.0
2021-02-01,257.9100036621094,263.95001220703125,253.35000610351562,255.25,11786784.0
2021-02-02,255.74000549316406,280.0,255.72999572753906,279.17999267578125,22842030.0
2021-02-03,276.989990234375,281.67999267578125,275.0799865722656,279.0,13975944.0
2021-02-04,277.0,291.8800048828125,275.5799865722656,279.05999755859375,17701582.0
2021-02-05,279.20001220703125,296.8500061035156,277.0,287.7900085449219,17166124.0
2021-02-08,291.0,298.5799865722656,280.0,290.5,13474409.0
2021-02-09,291.95001220703125,298.80999755859375,288.6600036621094,298.1000061035156,10425006.0
2021-02-10,297.6600036621094,318.5,297.1099853515625,313.989990234375,17446413.0
2021-02-18,324.989990234375,327.6600036621094,291.5,292.3999938964844,23651442.0
2021-02-19,291.0,302.0,278.0,298.010009765625,18174712.0
2021-02-22,291.0,293.0,270.0,271.3699951171875,24874236.0
2021-02-23,265.0,276.92999267578125,262.5,274.4599914550781,15568563.0
2021-02-24,274.3999938964844,274.3999938964844,247.00999450683594,247.00999450683594,27269550.0
2021-02-25,248.10000610351562,253.9199981689453,238.00999450683594,243.1699981689453,19751749.0
2021-02-26,235.1999969482422,243.0,221.97000122070312,235.2100067138672,24991604.0
2021-03-01,241.00999450683594,244.47999572753906,232.5,238.35000610351562,17618691.0
2021-03-02,241.17999267578125,242.1999969482422,224.0,226.99000549316406,22073558.0
2021-03-03,225.1699981689453,233.1199951171875,221.3300018310547,232.00999450683594,15146478.0
2021-03-04,226.0,226.10000610351562,212.1199951171875,214.5,22648399.0
2021-03-05,208.00999450683594,223.0,208.0,217.36000061035156,22537141.0
2021-03-08,217.9600067138672,220.24000549316406,195.6199951171875,195.6199951171875,28309372.0
2021-03-09,192.0,197.1999969482422,182.1199951171875,187.2100067138672,28998554.0
2021-03-10,194.0,199.35000610351562,191.0,195.88999938964844,23736844.0
2021-03-11,195.85000610351562,213.0,193.4600067138672,207.02000427246094,23710809.0
2021-03-12,209.0,211.1699981689453,202.14999389648438,210.69000244140625,17584101.0
2021-03-15,208.0,212.0399932861328,190.00999450683594,196.0,19842859.0
2021-03-16,196.92999267578125,202.75999450683594,193.89999389648438,200.99000549316406,13448116.0
2021-03-17,198.82000732421875,211.8800048828125,194.3000030517578,210.0500030517578,15180611.0
2021-03-18,209.5,224.0,209.3699951171875,219.0,15580525.0
2021-03-19,212.11000061035156,218.8800048828125,210.80999755859375,214.50999450683594,14799504.0
2021-03-22,213.5800018310547,218.42999267578125,208.0,216.19000244140625,10786818.0
2021-03-23,215.2899932861328,219.9499969482422,211.3000030517578,219.89999389648438,9572786.0
2021-03-24,217.1999969482422,227.97999572753906,212.91000366210938,214.88999938964844,15535259.0
2021-03-25,210.0,215.0,204.14999389648438,210.6999969482422,13224417.0
2021-03-26,213.02999877929688,226.0,213.02999877929688,224.91000366210938,14820108.0
2021-03-29,228.92999267578125,233.0,222.27000427246094,224.47999572753906,18706714.0
2021-03-30,228.0800018310547,235.4600067138672,225.8800048828125,228.89999389648438,14557225.0
2021-03-31,227.0,227.7100067138672,221.16000366210938,225.02000427246094,10627678.0
2021-04-01,227.0,232.8000030517578,225.5,232.63999938964844,8418673.0
2021-04-02,237.0,248.0,237.0,247.89999389648438,13788301.0
2021-04-06,250.0,252.0,241.8800048828125,243.89999389648438,12925807.0
2021-04-07,241.0,242.0500030517578,227.5,229.0,18978534.0
2021-04-08,223.99000549316406,234.60000610351562,222.3000030517578,233.1999969482422,13081503.0
2021-04-09,229.0,232.0,222.00999450683594,223.8699951171875,11757416.0
2021-04-12,226.00999450683594,229.5800018310547,223.52000427246094,225.5,14415420.0
2021-04-13,224.2100067138672,237.27000427246094,224.2100067138672,233.89999389648438,13396772.0
2021-04-14,234.0,235.52000427246094,226.92999267578125,233.75999450683594,9096974.0
2021-04-15,232.0,233.89999389648438,224.08999633789062,231.5,10207645.0
2021-04-16,235.67999267578125,243.0,234.11000061035156,236.7100067138672,12716129.0
2021-04-19,233.8000030517578,240.5,229.00999450683594,239.13999938964844,12843645.0
2021-04-20,235.5,247.67999267578125,235.36000061035156,239.5399932861328,14389659.0
2021-04-21,235.3000030517578,247.5399932861328,235.3000030517578,244.60000610351562,13328051.0
2021-04-22,247.00999450683594,247.49000549316406,237.11000061035156,240.3800048828125,11481844.0
2021-04-23,240.11000061035156,249.8000030517578,240.11000061035156,249.61000061035156,14945017.0
2021-04-26,250.0,257.57000732421875,246.36000061035156,247.4499969482422,13470436.0
2021-04-27,249.00999450683594,251.0,243.10000610351562,251.0,8435415.0
2021-04-28,247.39999389648438,261.1600036621094,243.5800018310547,261.0,14031376.0
2021-04-29,260.0,263.989990234375,255.0,262.9800109863281,11522005.0
2021-04-30,259.0,261.79998779296875,253.5,255.5800018310547,13574238.0
2021-05-06,250.50999450683594,253.0,237.8800048828125,239.8800048828125,16247668.0
2021-05-07,240.00999450683594,245.0,236.52000427246094,237.39999389648438,10420747.0
2021-05-10,234.82000732421875,237.9600067138672,224.0,226.02999877929688,16688080.0
2021-05-11,224.9199981689453,237.77000427246094,224.16000366210938,236.8699951171875,14003624.0
2021-05-12,236.17999267578125,244.99000549316406,234.60000610351562,243.3000030517578,9682283.0
2021-05-13,240.0,244.5800018310547,236.0,243.11000061035156,7442029.0
2021-05-14,246.11000061035156,252.5500030517578,241.5,247.8000030517578,10165224.0
2021-05-17,248.05999755859375,261.44000244140625,248.05999755859375,257.80999755859375,14757035.0
2021-05-18,257.82000732421875,261.44000244140625,253.1300048828125,257.8999938964844,7557045.0
2021-05-19,255.97999572753906,263.010009765625,254.0500030517578,258.0299987792969,7898046.0
2021-05-20,256.70001220703125,263.8800048828125,256.70001220703125,259.5,10051757.0
2021-05-21,259.70001220703125,265.0,255.0,257.5,10547624.0
2021-05-24,261.1300048828125,265.2799987792969,253.5,264.7699890136719,12616998.0
2021-05-25,266.010009765625,284.2699890136719,266.010009765625,284.04998779296875,20285346.0
2021-05-26,284.05999755859375,285.79998779296875,273.5,275.8900146484375,17310154.0
2021-05-27,276.0,284.0,268.5,275.79998779296875,12410602.0
2021-05-28,274.8999938964844,276.989990234375,271.67999267578125,274.489990234375,8206796.0
2021-05-31,271.0,274.989990234375,267.04998779296875,274.95001220703125,11167013.0
2021-06-01,274.95001220703125,278.4599914550781,270.9800109863281,277.7099914550781,11861677.0
2021-06-02,277.0,279.8999938964844,273.010009765625,274.79998779296875,9059630.0
2021-06-03,275.07000732421875,284.1099853515625,272.010009765625,276.989990234375,13233210.0
2021-06-04,273.0,283.29998779296875,272.2300109863281,279.6000061035156,10380608.0
2021-06-07,278.2200012207031,285.0,276.1499938964844,283.2200012207031,12672016.0
2021-06-08,282.0,282.1700134277344,256.0,262.0199890136719,23291852.0
2021-06-09,260.0,264.9800109863281,256.75,262.20001220703125,12035105.0
2021-06-10,261.2799987792969,268.989990234375,260.2099914550781,266.7099914550781,8615467.0
2021-06-11,267.0199890136719,268.0,255.60000610351562,258.25,16697134.0
2021-06-15,257.989990234375,257.989990234375,243.5,249.86000061035156,21565069.0
2021-06-16,250.0,251.97999572753906,240.0,242.5800018310547,15016349.0
2021-06-17,242.0,246.1999969482422,241.0,242.4499969482422,14129267.0
2021-06-18,242.4499969482422,242.8000030517578,228.52000427246094,232.8000030517578,23360700.0
2021-06-21,233.11000061035156,240.0,231.8000030517578,236.5,18270417.0
2021-06-22,238.88999938964844,239.5,227.6199951171875,232.02000427246094,24971471.0
2021-06-23,231.00999450683594,232.8000030517578,225.0,225.97999572753906,17964254.0
2021-06-24,228.1999969482422,233.9499969482422,225.00999450683594,231.0,16629430.0
2021-06-25,229.0,237.14999389648438,223.8000030517578,234.92999267578125,23727273.0
2021-06-28,234.5,238.3000030517578,233.1999969482422,235.5,13190220.0
2021-06-29,235.97999572753906,237.0,227.5,228.14999389648438,16425529.0
2021-06-30,230.0,240.3000030517578,229.0,235.94000244140625,17633056.0
2021-07-01,235.94000244140625,236.0,230.5,236.0,11952296.0
2021-07-02,233.0,233.0,226.2899932861328,226.60000610351562,13584164.0
2021-07-05,224.6999969482422,229.0,221.5800018310547,223.0,12879413.0
2021-07-06,222.0,225.99000549316406,216.8000030517578,225.50999450683594,15545235.0
2021-07-07,226.6999969482422,230.67999267578125,224.11000061035156,227.64999389648438,10532156.0
2021-07-08,228.5,228.6999969482422,219.41000366210938,220.6999969482422,13091117.0
2021-07-09,220.64999389648438,220.6999969482422,211.97000122070312,216.50999450683594,11469328.0
2021-07-12,217.00999450683594,223.99000549316406,210.1300048828125,223.8000030517578,16135948.0
2021-07-13,225.0,230.5,223.17999267578125,224.36000061035156,11521877.0
2021-07-14,223.5,227.60000610351562,219.50999450683594,225.6199951171875,10569402.0
2021-07-15,224.8699951171875,230.0,221.61000061035156,228.11000061035156,12105227.0
2021-07-16,228.0,229.99000549316406,221.99000549316406,222.1999969482422,9728497.0
2021-07-19,219.2899932861328,229.5800018310547,217.3000030517578,228.47999572753906,12705570.0
2021-07-20,231.0,233.08999633789062,225.10000610351562,226.0399932861328,11806031.0
2021-07-21,224.97999572753906,228.5,222.0,222.72000122070312,12514553.0
2021-07-22,221.5500030517578,224.72000122070312,215.25,216.5500030517578,15672673.0
2021-07-23,215.0,218.42999267578125,212.05999755859375,216.5,13207324.0
2021-07-26,213.3300018310547,213.38999938964844,196.0,199.67999267578125,21413531.0
2021-07-27,199.60000610351562,201.58999633789062,188.0,190.0,21229594.0
2021-07-28,186.0,194.8000030517578,180.0,191.2899932861328,20309348.0
2021-07-29,195.5,198.0,183.5,185.35000610351562,19947422.0
2021-07-30,181.0,181.0,170.0,171.10000610351562,28613862.0
2021-08-02,170.00999450683594,183.0,166.66000366210938,180.88999938964844,33813636.0
2021-08-03,179.00999450683594,189.0,176.22999572753906,187.85000610351562,23372527.0
2021-08-04,186.10000610351562,189.60000610351562,180.10000610351562,180.72999572753906,18509642.0
2021-08-05,176.9600067138672,182.8000030517578,173.13999938964844,176.6199951171875,19423084.0
2021-08-06,178.0,179.49000549316406,173.1999969482422,178.5399932861328,14589395.0
2021-08-09,177.5800018310547,182.97999572753906,177.5800018310547,179.6999969482422,17650899.0
2021-08-10,181.0,196.00999450683594,179.60000610351562,194.69000244140625,31529091.0
2021-08-11,190.0,197.49000549316406,189.17999267578125,190.1999969482422,20197122.0
2021-08-12,191.1999969482422,192.5500030517578,185.30999755859375,186.52999877929688,14661109.0
2021-08-13,187.0,192.39999389648438,185.17999267578125,188.89999389648438,13436058.0
2021-08-16,190.10000610351562,193.0,187.1999969482422,188.47999572753906,13150792.0
2021-08-17,188.0,189.60000610351562,178.19000244140625,179.3800048828125,16185836.0
2021-08-18,181.22999572753906,182.41000366210938,174.6999969482422,179.5500030517578,14487803.0
2021-08-19,182.36000061035156,182.8800048828125,176.0,176.82000732421875,14501646.0
2021-08-20,167.0,171.30999755859375,160.7899932861328,161.3800048828125,25572964.0
2021-08-23,162.17999267578125,170.0,160.52999877929688,167.6699981689453,20568791.0
2021-08-24,169.35000610351562,177.66000366210938,167.9499969482422,174.10000610351562,16897793.0
2021-08-25,176.0,180.0,175.0,176.14999389648438,14456888.0
2021-08-26,175.89999389648438,175.89999389648438,169.38999938964844,170.02999877929688,10206352.0
2021-08-27,170.74000549316406,175.14999389648438,167.3300018310547,169.3800048828125,15087095.0
2021-08-30,175.0,180.8000030517578,169.1999969482422,177.14999389648438,23014073.0
2021-08-31,176.0,179.4499969482422,167.10000610351562,170.0,17435412.0
2021-09-01,169.05999755859375,185.14999389648438,165.10000610351562,182.17999267578125,29330914.0
2021-09-02,182.17999267578125,184.0,177.05999755859375,179.11000061035156,21329967.0
2021-09-03,176.5,185.52999877929688,172.49000549316406,184.3000030517578,23660590.0
2021-09-06,181.11000061035156,195.0,180.0800018310547,187.0,29222544.0
2021-09-07,186.9499969482422,189.3000030517578,185.0,186.9600067138672,15942444.0
2021-09-08,186.89999389648438,186.89999389648438,180.1999969482422,181.91000366210938,15003058.0
2021-09-09,181.00999450683594,183.47000122070312,178.5,181.41000366210938,10247966.0
2021-09-10,180.30999755859375,188.02999877929688,179.0,187.38999938964844,18238704.0
2021-09-13,186.0,189.3800048828125,183.0,184.92999267578125,10595785.0
2021-09-14,184.9499969482422,186.80999755859375,181.2100067138672,181.52000427246094,11085572.0
2021-09-15,180.0,180.7899932861328,171.0,172.8699951171875,18220562.0
2021-09-16,170.97000122070312,176.67999267578125,168.05999755859375,174.1999969482422,15293633.0
2021-09-17,172.0500030517578,184.5,170.89999389648438,181.99000549316406,16423524.0
2021-09-22,177.1999969482422,180.74000549316406,173.16000366210938,174.4199981689453,11005505.0
2021-09-23,174.8300018310547,180.52999877929688,173.00999450683594,177.1199951171875,9975986.0
2021-09-24,176.11000061035156,189.44000244140625,176.0800018310547,186.39999389648438,23048021.0
2021-09-27,200.0,205.0399932861328,200.0,205.0399932861328,14133314.0
2021-09-28,205.0,218.89999389648438,201.0,213.02999877929688,45991379.0
2021-09-29,214.8699951171875,218.5500030517578,207.0,211.5,28186736.0
2021-09-30,209.0,226.0,208.50999450683594,221.5800018310547,28411679.0
2021-10-08,222.0,232.66000366210938,219.5800018310547,225.3300018310547,22617622.0
2021-10-11,226.0,231.0,222.0,224.5,15531629.0
2021-10-12,224.30999755859375,228.00999450683594,218.9199981689453,225.14999389648438,11490605.0
2021-10-13,225.0,246.0,223.5,238.27999877929688,21931916.0
2021-10-14,238.67999267578125,244.60000610351562,230.69000244140625,238.88999938964844,14915230.0
2021-10-15,234.0,239.3300018310547,228.02000427246094,234.69000244140625,13510583.0
2021-10-18,230.00999450683594,230.6999969482422,215.3000030517578,224.9199981689453,24444266.0
2021-10-19,222.0,233.3000030517578,222.0,231.3699951171875,14676861.0
2021-10-20,235.0,237.89999389648438,229.60000610351562,232.1300048828125,10430217.0
2021-10-21,232.0,233.9499969482422,226.5,231.89999389648438,9048912.0
2021-10-22,234.0,236.44000244140625,228.50999450683594,231.91000366210938,10014047.0
2021-10-25,230.66000366210938,233.27999877929688,227.3699951171875,230.60000610351562,8516350.0
2021-10-26,232.0,238.5399932861328,231.0,232.89999389648438,9966985.0
2021-10-27,228.38999938964844,231.66000366210938,222.0500030517578,225.1300048828125,11160944.0
2021-10-28,225.1199951171875,232.86000061035156,224.5500030517578,227.2899932861328,8356695.0
2021-10-29,231.8000030517578,239.8800048828125,227.8000030517578,228.9499969482422,17029287.0
2021-11-01,224.00999450683594,234.6699981689453,216.3000030517578,231.1999969482422,14142845.0
2021-11-02,227.8300018310547,230.75999450683594,220.0,224.0,13742496.0
2021-11-03,223.99000549316406,226.02999877929688,220.0500030517578,223.00999450683594,7529719.0
2021-11-04,225.00999450683594,237.0,223.6999969482422,234.77000427246094,14249145.0
2021-11-05,234.75999450683594,236.77000427246094,229.50999450683594,229.6999969482422,10397633.0
2021-11-08,229.49000549316406,234.8000030517578,227.5,231.5,8366436.0
2021-11-09,231.0,235.3300018310547,226.57000732421875,226.97000122070312,8655226.0
2021-11-10,229.0500030517578,229.0500030517578,216.10000610351562,219.0500030517578,11748430.0
2021-11-11,218.92999267578125,220.1999969482422,213.0,218.8000030517578,8993040.0
2021-11-12,219.77000427246094,222.77000427246094,206.6999969482422,210.0,18999671.0
2021-11-15,212.0,214.8800048828125,208.8000030517578,211.4600067138672,9037375.0
2021-11-16,214.0,224.0,212.97000122070312,221.8000030517578,14156038.0
2021-11-17,220.50999450683594,225.5,219.22999572753906,222.6300048828125,7759073.0
2021-11-18,221.6999969482422,225.5500030517578,219.4499969482422,223.14999389648438,5239234.0
2021-11-19,221.0500030517578,234.8800048828125,221.0500030517578,230.52999877929688,12851030.0
2021-11-22,230.52000427246094,238.61000061035156,226.5800018310547,227.47999572753906,15424897.0
2021-11-23,226.0,231.36000061035156,224.22999572753906,226.0500030517578,8742354.0
2021-11-24,228.0,240.0,227.41000366210938,234.9499969482422,21943330.0
2021-11-25,236.0,243.6999969482422,234.1999969482422,234.94000244140625,15389988.0
2021-11-26,234.9499969482422,236.0,231.00999450683594,233.67999267578125,7622769.0
2021-11-29,231.3000030517578,236.0,229.5,235.5,9762013.0
2021-11-30,234.8000030517578,236.60000610351562,229.4600067138672,230.0500030517578,10256231.0
2021-12-01,233.2899932861328,234.88999938964844,229.0,232.11000061035156,6761525.0
2021-12-02,232.11000061035156,238.11000061035156,231.0,237.17999267578125,9530593.0
2021-12-03,238.1999969482422,254.0,238.1999969482422,252.3000030517578,23446929.0
2021-12-06,254.5,254.89999389648438,244.10000610351562,244.3800048828125,17014192.0
2021-12-07,247.1300048828125,252.52000427246094,245.0,246.47000122070312,14770630.0
2021-12-08,245.02999877929688,258.5899963378906,243.50999450683594,252.8699951171875,18248567.0
2021-12-09,254.97000122070312,260.0,252.0,253.3000030517578,19497098.0
2021-12-10,250.7899932861328,255.42999267578125,247.3300018310547,252.1699981689453,12707982.0
2021-12-13,257.0,261.6300048828125,254.3000030517578,254.42999267578125,15543017.0
2021-12-14,253.16000366210938,262.5,252.1999969482422,260.3999938964844,12625438.0
2021-12-15,260.3800048828125,262.0199890136719,255.8000030517578,261.2200012207031,8040745.0
2021-12-16,261.0799865722656,261.0799865722656,249.0,257.8800048828125,13181047.0
2021-12-17,256.80999755859375,257.8800048828125,247.60000610351562,248.50999450683594,12104503.0
2021-12-20,246.97000122070312,254.5,246.2100067138672,247.64999389648438,8253173.0
2021-12-21,246.75999450683594,250.99000549316406,242.89999389648438,248.0,7722227.0
2021-12-22,248.6999969482422,254.5500030517578,247.00999450683594,252.27999877929688,7621115.0
2021-12-23,252.7100067138672,264.1499938964844,251.50999450683594,263.0,13577381.0
2021-12-24,262.989990234375,272.3299865722656,259.1099853515625,261.20001220703125,13701815.0
2021-12-27,259.3900146484375,264.0,257.1099853515625,261.19000244140625,7498507.0
2021-12-28,260.739990234375,266.8800048828125,259.2900085449219,260.79998779296875,7759484.0
2021-12-29,262.07000732421875,263.3900146484375,241.92999267578125,243.0,17935972.0
2021-12-30,245.3300018310547,256.55999755859375,245.11000061035156,254.0,11570897.0
2021-12-31,254.0,257.0,248.3000030517578,253.8699951171875,9975719.0
2022-01-04,253.0,253.8000030517578,243.05999755859375,250.63999938964844,8944097.0
2022-01-05,248.0,253.8800048828125,244.22000122070312,247.8699951171875,7056065.0
2022-01-06,247.4600067138672,249.25999450683594,235.60000610351562,241.75,10785593.0
2022-01-07,239.97999572753906,242.66000366210938,232.3300018310547,236.67999267578125,8978967.0
2022-01-10,233.0,238.64999389648438,227.75,237.1999969482422,7801688.0
2022-01-11,236.3300018310547,237.8000030517578,230.02000427246094,231.0,5928627.0
2022-01-12,233.0,233.80999755859375,228.2899932861328,230.16000366210938,8963264.0
2022-01-13,230.60000610351562,232.6699981689453,223.5800018310547,224.0,12080667.0
2022-01-14,224.0,230.72000122070312,224.0,227.14999389648438,7966141.0
2022-01-17,226.89999389648438,230.27999877929688,222.25999450683594,229.67999267578125,6549307.0
2022-01-18,229.97000122070312,238.0,227.60000610351562,235.72000122070312,8727508.0
2022-01-19,236.10000610351562,237.1999969482422,226.66000366210938,229.88999938964844,8177996.0
2022-01-20,229.5500030517578,238.19000244140625,228.0,236.1999969482422,9610122.0
2022-01-21,234.86000061035156,241.38999938964844,233.5,236.85000610351562,6364017.0
2022-01-24,234.0,239.0,230.86000061035156,232.89999389648438,6604416.0
2022-01-25,232.41000366210938,234.27999877929688,226.99000549316406,226.99000549316406,6135018.0
2022-01-26,226.99000549316406,230.60000610351562,222.22000122070312,228.02999877929688,6639053.0
2022-01-27,229.60000610351562,234.33999633789062,224.0800018310547,224.5,8189463.0
2022-01-28,225.24000549316406,226.9499969482422,214.2100067138672,216.30999755859375,10476593.0
2022-02-07,221.5,225.2899932861328,212.0,214.4499969482422,9061610.0
2022-02-08,214.00999450683594,215.1999969482422,200.0,208.36000061035156,11504823.0
2022-02-09,208.10000610351562,214.97999572753906,205.17999267578125,214.17999267578125,10076333.0
2022-02-10,213.0,215.1999969482422,207.41000366210938,213.39999389648438,7536154.0
2022-02-11,212.52000427246094,224.0,209.27999877929688,216.17999267578125,11794451.0
2022-02-14,214.0,221.3800048828125,213.0,219.39999389648438,6986391.0
2022-02-15,221.75999450683594,224.5,219.1199951171875,224.00999450683594,7260463.0
2022-02-16,225.49000549316406,230.97000122070312,223.1699981689453,228.9600067138672,6552377.0
2022-02-17,229.9499969482422,230.35000610351562,226.08999633789062,227.5399932861328,4430757.0
2022-02-18,227.67999267578125,229.8000030517578,224.0,228.10000610351562,3637130.0
2022-02-21,228.1999969482422,231.6999969482422,226.35000610351562,227.69000244140625,4172002.0
2022-02-22,227.0,227.58999633789062,220.0,221.32000732421875,5446140.0
2022-02-23,221.33999633789062,222.9600067138672,219.1199951171875,222.4499969482422,3826630.0
2022-02-24,220.0,220.0,207.16000366210938,211.75,12178663.0
2022-02-25,214.0,217.0,213.0,215.3000030517578,5950910.0
2022-02-28,215.32000732421875,216.77000427246094,213.07000732421875,216.60000610351562,4376998.0
2022-03-01,217.0,221.8000030517578,217.0,220.7899932861328,6100024.0
2022-03-02,218.6999969482422,220.39999389648438,214.1999969482422,216.00999450683594,4716747.0
2022-03-03,216.2100067138672,217.69000244140625,205.75999450683594,206.0800018310547,9536769.0
2022-03-04,201.8699951171875,207.77999877929688,201.1999969482422,203.25999450683594,6079039.0
2022-03-07,199.92999267578125,199.99000549316406,189.1999969482422,190.85000610351562,12806647.0
2022-03-08,198.0,203.0,194.0800018310547,195.8000030517578,11699644.0
2022-03-09,196.8000030517578,202.82000732421875,192.0500030517578,200.3300018310547,12212479.0
2022-03-10,208.9499969482422,213.52999877929688,207.0,212.32000732421875,10896493.0
2022-03-11,208.32000732421875,210.0,201.0,205.60000610351562,9146913.0
2022-03-14,203.0,203.0,194.39999389648438,194.97999572753906,11194588.0
2022-03-15,190.0,196.3000030517578,186.10000610351562,186.97999572753906,11141287.0
2022-03-16,190.8800048828125,195.24000549316406,181.17999267578125,193.99000549316406,11940351.0
2022-03-17,197.08999633789062,207.5500030517578,197.0,203.89999389648438,14131344.0
2022-03-18,201.64999389648438,206.5,200.0,203.8800048828125,6885561.0
2022-03-21,209.60000610351562,210.0,200.41000366210938,205.39999389648438,5392388.0
2022-03-22,207.0800018310547,207.39999389648438,201.72999572753906,202.36000061035156,4296034.0
2022-03-23,203.9499969482422,208.83999633789062,200.77999877929688,204.8000030517578,6836931.0
2022-03-24,202.0,202.5,197.6999969482422,199.89999389648438,5958453.0
2022-03-25,200.8800048828125,200.8800048828125,189.17999267578125,190.22000122070312,9116773.0
2022-03-28,183.0,184.99000549316406,176.0,181.89999389648438,14412835.0
2022-03-29,181.00999450683594,183.5,178.5,178.77000427246094,6582466.0
2022-03-30,182.3300018310547,188.02000427246094,180.39999389648438,188.02000427246094,8776075.0
2022-03-31,185.99000549316406,187.63999938964844,183.0,185.8800048828125,5512286.0
2022-04-01,183.6999969482422,193.5,182.82000732421875,190.6999969482422,6904755.0
2022-04-06,188.8000030517578,191.22999572753906,185.99000549316406,187.5,5438454.0
2022-04-07,186.5,191.97999572753906,186.1999969482422,187.77000427246094,3764167.0
2022-04-08,190.0,193.1999969482422,188.0,188.6699981689453,5524879.0
2022-04-11,187.0,187.99000549316406,177.0,180.10000610351562,8995011.0
2022-04-12,181.88999938964844,194.0,179.1199951171875,193.0,9922519.0
2022-04-13,190.9499969482422,198.6999969482422,189.42999267578125,192.6999969482422,10771393.0
2022-04-14,195.0399932861328,211.97000122070312,195.0,209.52999877929688,15326222.0
2022-04-15,207.5,210.24000549316406,204.47000122070312,208.5,7523181.0
2022-04-18,205.05999755859375,207.5,199.89999389648438,206.10000610351562,6633250.0
2022-04-19,205.02000427246094,210.5500030517578,202.33999633789062,202.9499969482422,4956798.0
2022-04-20,201.0,207.19000244140625,198.1199951171875,202.91000366210938,7123813.0
2022-04-21,199.99000549316406,205.9199981689453,198.5,199.38999938964844,6138024.0
2022-04-22,199.41000366210938,204.99000549316406,195.50999450683594,201.1999969482422,6484857.0
2022-04-25,195.00999450683594,203.55999755859375,192.5,192.6999969482422,7797024.0
2022-04-26,194.0,205.60000610351562,194.0,200.86000061035156,10931682.0
2022-04-27,201.3300018310547,206.3000030517578,200.39999389648438,201.72999572753906,9566794.0
2022-04-28,201.3000030517578,214.0,200.0,214.0,12163514.0
2022-04-29,219.0,221.5399932861328,205.0,210.72999572753906,15975239.0
2022-05-05,208.60000610351562,215.5,208.00999450683594,209.99000549316406,9593662.0
2022-05-06,204.3000030517578,205.17999267578125,198.7899932861328,199.92999267578125,8899837.0
2022-05-09,194.0,197.6999969482422,189.0,194.0800018310547,8177869.0
2022-05-10,190.0,199.85000610351562,189.3699951171875,197.66000366210938,7064814.0
2022-05-11,197.0,204.0,196.50999450683594,201.5,7036959.0
2022-05-12,202.0,207.5,199.8000030517578,205.4199981689453,6312428.0
2022-05-13,207.0,208.60000610351562,202.8800048828125,204.5500030517578,3742588.0
2022-05-16,207.1999969482422,209.3000030517578,201.0,201.9499969482422,5544917.0
2022-05-17,203.5,204.5500030517578,200.60000610351562,202.8800048828125,4704082.0
2022-05-18,201.38999938964844,202.8800048828125,195.0,198.77999877929688,6465533.0
2022-05-19,194.6199951171875,197.49000549316406,194.5,196.1699981689453,4902314.0
2022-05-20,198.0,210.0,197.0,209.02000427246094,12406364.0
2022-05-23,208.0,209.83999633789062,203.6999969482422,205.97999572753906,6405412.0
2022-05-24,204.75999450683594,205.97999572753906,201.0,201.75,5998490.0
2022-05-25,201.0,202.5,193.7899932861328,197.5,11886832.0
2022-05-26,197.5,200.0,193.0,196.80999755859375,8126620.0
2022-05-27,199.0,203.0,196.77999877929688,197.39999389648438,6770484.0
2022-05-30,199.5,208.1999969482422,199.41000366210938,206.0,12523459.0
2022-05-31,207.07000732421875,216.57000732421875,205.1999969482422,214.8000030517578,12652779.0
2022-06-01,214.58999633789062,215.8300018310547,210.0,214.44000244140625,6607138.0
2022-06-02,213.5,214.8000030517578,209.10000610351562,210.3300018310547,5536273.0
2022-06-06,209.83999633789062,215.35000610351562,205.00999450683594,214.8000030517578,8934675.0
2022-06-07,214.00999450683594,219.52000427246094,213.0800018310547,217.11000061035156,6865503.0
2022-06-08,218.6999969482422,224.8000030517578,216.05999755859375,221.22000122070312,9121593.0
2022-06-09,221.22000122070312,223.10000610351562,215.0,215.39999389648438,6892594.0
2022-06-10,214.02000427246094,220.8699951171875,213.52000427246094,219.10000610351562,5736569.0
2022-06-13,217.0,217.5,210.60000610351562,213.35000610351562,7266988.0
2022-06-14,210.89999389648438,215.58999633789062,210.25,213.6999969482422,6224169.0
2022-06-15,213.7100067138672,221.8800048828125,212.0,218.3000030517578,8780603.0
2022-06-16,219.0,221.7899932861328,216.49000549316406,218.14999389648438,4750097.0
2022-06-17,216.0,224.27000427246094,215.5,223.0,6778473.0
2022-06-20,225.0,230.3000030517578,221.1300048828125,227.1199951171875,8202866.0
2022-06-21,226.0,232.85000610351562,225.8000030517578,228.0,8111426.0
2022-06-22,229.0,230.8800048828125,224.0,225.05999755859375,5702278.0
2022-06-23,227.0,227.97999572753906,222.0,226.38999938964844,6595605.0
2022-06-24,227.38999938964844,231.85000610351562,226.0,230.0,7854485.0
2022-06-27,230.8800048828125,242.0,230.66000366210938,238.7100067138672,9789441.0
2022-06-28,238.6999969482422,239.9199981689453,235.82000732421875,237.0,6205014.0
2022-06-29,236.97000122070312,239.9600067138672,234.00999450683594,235.89999389648438,5779214.0
2022-06-30,238.0,251.50999450683594,237.0,246.5399932861328,11434521.0
2022-07-01,247.99000549316406,249.86000061035156,240.8800048828125,245.5500030517578,6533619.0
2022-07-04,245.55999755859375,245.99000549316406,239.3000030517578,242.5500030517578,6815355.0
2022-07-05,244.0,246.44000244140625,239.16000366210938,244.0,6864742.0
2022-07-06,241.22000122070312,243.5,233.49000549316406,235.33999633789062,9192650.0
2022-07-07,234.0,237.8800048828125,230.0,235.0500030517578,6418922.0
2022-07-08,237.1999969482422,243.8300018310547,236.35000610351562,240.97000122070312,7698660.0
2022-07-11,237.0,238.0,230.66000366210938,234.1999969482422,5313461.0
2022-07-12,233.0,237.8000030517578,230.60000610351562,234.52999877929688,4847996.0
2022-07-13,234.8800048828125,239.47999572753906,232.13999938964844,237.0,5013059.0
2022-07-14,235.00999450683594,238.5,233.22000122070312,234.27999877929688,5289828.0
2022-07-15,234.27999877929688,246.38999938964844,233.0800018310547,237.60000610351562,8166375.0
2022-07-18,238.02000427246094,238.02000427246094,226.2100067138672,234.52999877929688,8584718.0
2022-07-19,232.25,235.8000030517578,231.0,234.8000030517578,4848441.0
2022-07-20,237.00999450683594,238.77999877929688,235.11000061035156,235.6999969482422,4120470.0
2022-07-21,234.00999450683594,239.11000061035156,233.1999969482422,233.88999938964844,3407506.0
2022-07-22,235.0,236.36000061035156,231.4199981689453,232.5,3469081.0
2022-07-25,232.52999877929688,234.97999572753906,228.50999450683594,233.8000030517578,3006880.0
2022-07-26,235.9499969482422,242.0,235.0,237.3800048828125,5201977.0
2022-07-27,236.00999450683594,236.2899932861328,230.60000610351562,231.5,5132388.0
2022-07-28,232.02000427246094,233.55999755859375,228.8000030517578,229.0399932861328,3673200.0
2022-07-29,227.27999877929688,228.0,218.39999389648438,222.1999969482422,8609777.0
2022-08-01,220.3800048828125,227.39999389648438,220.3800048828125,224.0,7227824.0
2022-08-02,221.19000244140625,224.77999877929688,218.89999389648438,219.22000122070312,7774085.0
2022-08-03,221.0,224.8300018310547,219.77000427246094,220.60000610351562,5110680.0
2022-08-04,222.00999450683594,225.99000549316406,219.77999877929688,225.8000030517578,5505400.0
2022-08-05,225.57000732421875,228.57000732421875,222.1999969482422,225.47999572753906,4185962.0
2022-08-08,222.5,225.3000030517578,220.14999389648438,221.9499969482422,5403294.0
2022-08-09,220.10000610351562,221.58999633789062,218.60000610351562,220.19000244140625,4484871.0
2022-08-10,220.0,221.1999969482422,212.66000366210938,215.32000732421875,8389679.0
2022-08-11,216.61000061035156,220.89999389648438,216.1999969482422,220.83999633789062,6245917.0
2022-08-12,221.00999450683594,224.99000549316406,219.00999450683594,224.67999267578125,4848619.0
2022-08-15,222.0,223.6999969482422,218.10000610351562,220.0,6650481.0
2022-08-16,219.52000427246094,221.35000610351562,217.1300048828125,218.38999938964844,4299348.0
2022-08-17,218.1999969482422,223.9600067138672,216.5800018310547,221.97999572753906,5174887.0
2022-08-18,219.5,220.8000030517578,214.49000549316406,215.8000030517578,9014653.0
2022-08-19,214.0,219.89999389648438,213.3800048828125,216.3000030517578,5658320.0
2022-08-22,214.85000610351562,219.7899932861328,214.0500030517578,218.99000549316406,4255592.0
2022-08-23,218.0,219.8800048828125,212.8000030517578,215.0,5969429.0
2022-08-24,214.5,216.75,213.1999969482422,214.1999969482422,4623355.0
2022-08-25,215.0,220.4499969482422,214.1199951171875,219.89999389648438,8239918.0
2022-08-26,220.0,228.0,220.0,223.27000427246094,10823725.0
2022-08-29,231.08999633789062,236.97999572753906,223.30999755859375,224.6999969482422,16422041.0
2022-08-30,227.3000030517578,228.9499969482422,222.35000610351562,226.14999389648438,8148188.0
2022-08-31,225.10000610351562,235.39999389648438,225.00999450683594,234.1999969482422,12256701.0
2022-09-01,232.33999633789062,235.3800048828125,229.0,230.67999267578125,7376501.0
2022-09-02,230.5,231.5,223.02999877929688,225.5,7476734.0
2022-09-05,222.5,222.99000549316406,217.0,221.8000030517578,7996733.0
2022-09-06,222.00999450683594,224.49000549316406,218.16000366210938,221.10000610351562,7649824.0
2022-09-07,220.0,221.0,216.13999938964844,219.30999755859375,6330297.0
2022-09-08,220.9499969482422,225.0,220.69000244140625,220.77999877929688,4385848.0
2022-09-09,221.0,226.22000122070312,219.0800018310547,224.6999969482422,6319102.0
2022-09-13,225.66000366210938,227.3699951171875,222.8000030517578,224.47999572753906,6860738.0
2022-09-14,220.0,224.27999877929688,219.10000610351562,221.3000030517578,3796369.0
2022-09-15,222.5,227.44000244140625,221.1999969482422,224.58999633789062,7017713.0
2022-09-16,223.10000610351562,225.0399932861328,217.0,218.0,6040226.0
2022-09-19,218.0500030517578,225.0,217.0800018310547,220.77999877929688,5986268.0
2022-09-20,222.0,227.0,218.67999267578125,225.6999969482422,6178677.0
2022-09-21,224.5,226.5800018310547,220.5500030517578,222.3000030517578,5196594.0
2022-09-22,220.5,222.10000610351562,218.14999389648438,219.1199951171875,4686661.0
2022-09-23,218.57000732421875,223.14999389648438,218.0500030517578,220.8699951171875,4584707.0
2022-09-26,218.5500030517578,230.5,218.5,227.1199951171875,8530322.0
2022-09-27,228.13999938964844,233.5,224.22999572753906,232.25,8605361.0
2022-09-28,231.3000030517578,236.77999877929688,230.9600067138672,231.25999450683594,7910136.0
2022-09-29,234.0,234.64999389648438,229.30999755859375,231.0,4568522.0
2022-09-30,233.30999755859375,235.3000030517578,229.8300018310547,230.66000366210938,5293590.0
2022-10-10,229.0500030517578,230.0,209.97999572753906,210.30999755859375,14153833.0
2022-10-11,210.1699981689453,217.66000366210938,207.1999969482422,216.35000610351562,7967818.0
2022-10-12,215.52999877929688,215.52999877929688,207.3800048828125,213.10000610351562,6915158.0
2022-10-13,212.2899932861328,214.5,208.55999755859375,209.91000366210938,6005697.0
2022-10-14,211.57000732421875,214.0,208.63999938964844,212.22000122070312,7881137.0
2022-10-17,212.10000610351562,212.89999389648438,205.3000030517578,207.8699951171875,8928716.0
2022-10-18,208.10000610351562,212.02000427246094,206.5,207.89999389648438,5627007.0
2022-10-19,205.99000549316406,206.8000030517578,194.5,196.6199951171875,15914429.0
2022-10-20,193.10000610351562,199.27999877929688,190.02000427246094,197.02000427246094,9282699.0
2022-10-21,195.10000610351562,196.88999938964844,190.2100067138672,191.97000122070312,8503696.0
2022-10-24,187.5500030517578,187.8800048828125,176.66000366210938,178.0,19402927.0
2022-10-25,174.00999450683594,179.8300018310547,173.57000732421875,175.97999572753906,16058430.0
2022-10-26,177.02000427246094,178.25,173.0,173.9499969482422,13275624.0
2022-10-27,174.6300048828125,175.9600067138672,158.0,159.3000030517578,29744138.0
2022-10-28,159.32000732421875,164.47999572753906,158.0,160.33999633789062,20415335.0
2022-10-31,158.50999450683594,160.85000610351562,155.17999267578125,156.35000610351562,12732302.0
2022-11-01,156.77000427246094,170.89999389648438,156.60000610351562,170.0,24578413.0
2022-11-02,169.6699981689453,179.5,168.0,174.92999267578125,21822499.0
2022-11-03,171.0500030517578,173.8300018310547,170.0500030517578,172.6999969482422,8844119.0
2022-11-04,172.3000030517578,187.49000549316406,172.0,183.75999450683594,17743900.0
2022-11-07,182.0,184.5,179.57000732421875,182.8800048828125,11519734.0
2022-11-08,182.3000030517578,184.6300048828125,176.60000610351562,178.99000549316406,12711606.0
2022-11-09,178.97000122070312,182.3000030517578,174.64999389648438,175.5,8399367.0
2022-11-10,174.08999633789062,177.8800048828125,173.52999877929688,177.32000732421875,8039611.0
2022-11-11,185.33999633789062,187.10000610351562,179.8000030517578,186.2899932861328,18773459.0
2022-11-14,187.0,191.0,182.22999572753906,183.16000366210938,13472827.0
2022-11-15,182.25,190.5,180.5,186.0,12081205.0
2022-11-16,184.0,190.58999633789062,183.27999877929688,186.1699981689453,7906554.0
2022-11-17,185.0,187.47999572753906,180.42999267578125,182.92999267578125,10396297.0
2022-11-18,183.5,187.8800048828125,182.0500030517578,185.22999572753906,8880433.0
2022-11-21,182.7100067138672,182.85000610351562,175.72000122070312,177.6999969482422,10855660.0
2022-11-22,176.8000030517578,181.4499969482422,176.52999877929688,177.89999389648438,7165483.0
2022-11-23,176.5500030517578,178.82000732421875,174.10000610351562,177.0,5278560.0
2022-11-24,178.0,179.19000244140625,172.0,173.64999389648438,9027775.0
2022-11-25,173.64999389648438,174.5,170.8000030517578,173.3699951171875,5703511.0
2022-11-28,168.25999450683594,173.5,165.57000732421875,173.36000061035156,10889320.0
2022-11-29,178.0,186.1199951171875,175.4499969482422,185.94000244140625,21142673.0
2022-11-30,183.8300018310547,188.58999633789062,183.0500030517578,186.00999450683594,9208731.0
2022-12-01,195.30999755859375,204.57000732421875,194.00999450683594,195.38999938964844,20541553.0
2022-12-02,194.07000732421875,197.92999267578125,192.1999969482422,192.75999450683594,8575406.0
2022-12-05,197.1999969482422,200.72000122070312,194.17999267578125,196.6300048828125,11163997.0
2022-12-06,195.00999450683594,211.30999755859375,194.8000030517578,203.50999450683594,17026007.0
2022-12-07,202.8800048828125,209.39999389648438,199.67999267578125,204.72000122070312,11295772.0
2022-12-08,203.8000030517578,206.17999267578125,200.64999389648438,204.39999389648438,6466400.0
2022-12-09,204.39999389648438,213.5,202.39999389648438,212.8800048828125,13666013.0
2022-12-12,212.58999633789062,216.6699981689453,208.38999938964844,208.52000427246094,9971887.0
2022-12-13,208.63999938964844,214.63999938964844,206.16000366210938,211.8699951171875,8829530.0
2022-12-14,211.5500030517578,223.4199981689453,209.24000549316406,220.6999969482422,13744792.0
2022-12-15,223.8800048828125,226.39999389648438,218.1199951171875,219.35000610351562,11510335.0
2022-12-16,218.5,223.94000244140625,218.00999450683594,222.99000549316406,8130338.0
2022-12-19,222.1199951171875,226.5,220.0,220.0800018310547,7629741.0
2022-12-20,219.66000366210938,219.88999938964844,207.0,209.0,16799972.0
2022-12-21,212.10000610351562,214.88999938964844,210.80999755859375,212.3800048828125,8033937.0
2022-12-22,215.0,221.97999572753906,213.5,217.30999755859375,9390996.0
2022-12-23,216.0,225.5,215.02000427246094,221.17999267578125,10267271.0
2022-12-26,221.27999877929688,223.0,217.0,217.5,7602209.0
2022-12-27,219.89999389648438,225.0,217.61000061035156,222.49000549316406,7251370.0
2022-12-28,221.50999450683594,225.25,219.60000610351562,224.3000030517578,8901144.0
2022-12-29,222.05999755859375,222.3000030517578,217.17999267578125,219.1699981689453,8077456.0
2022-12-30,220.0,226.0,220.0,224.27999877929688,9934351.0
2023-01-03,224.0,225.27999877929688,217.7899932861328,219.86000061035156,9238152.0
2023-01-04,220.0,224.19000244140625,218.1999969482422,221.0,6892060.0
2023-01-05,223.77000427246094,236.88999938964844,223.25,234.58999633789062,13553908.0
2023-01-06,234.58999633789062,236.2100067138672,230.6300048828125,234.57000732421875,10003539.0
2023-01-09,234.57000732421875,241.89999389648438,232.39999389648438,238.4600067138672,10608196.0
2023-01-10,238.4499969482422,241.97000122070312,236.41000366210938,239.0,6772071.0
2023-01-11,238.0,239.57000732421875,235.5800018310547,237.0,7299567.0
2023-01-12,238.33999633789062,241.77999877929688,235.60000610351562,236.66000366210938,5897121.0
2023-01-13,236.6699981689453,245.0,236.3000030517578,244.3000030517578,12072178.0
2023-01-16,246.72999572753906,257.989990234375,246.0,252.0,12592279.0
2023-01-17,252.00999450683594,255.1199951171875,246.49000549316406,249.00999450683594,9806406.0
2023-01-18,250.0,253.60000610351562,245.25,246.5,7766295.0
2023-01-19,246.60000610351562,250.3000030517578,242.5,247.3800048828125,7325245.0
2023-01-20,248.64999389648438,253.39999389648438,246.64999389648438,247.8000030517578,8019829.0
2023-01-30,253.50999450683594,254.5800018310547,240.0,249.22999572753906,9945203.0
2023-01-31,249.0,249.0,235.0800018310547,237.0,11300743.0
2023-02-01,236.5,239.9199981689453,233.82000732421875,238.47999572753906,10290565.0
2023-02-02,240.02999877929688,241.99000549316406,235.1699981689453,239.02000427246094,7121257.0
2023-02-03,236.0,236.60000610351562,228.5,235.3000030517578,10920147.0
2023-02-06,230.0,234.8699951171875,224.24000549316406,234.02999877929688,11208688.0
2023-02-07,236.00999450683594,238.3000030517578,231.80999755859375,232.89999389648438,6683255.0
2023-02-08,233.8699951171875,234.67999267578125,230.1199951171875,232.1699981689453,4824898.0
2023-02-09,231.49000549316406,242.5,230.3000030517578,241.57000732421875,11714427.0
2023-02-10,241.7100067138672,248.02999877929688,240.2100067138672,247.0,8919606.0
2023-02-13,252.0,265.9800109863281,249.1199951171875,260.6000061035156,15441549.0
2023-02-14,259.6000061035156,261.0,251.39999389648438,252.02999877929688,11272200.0
2023-02-15,253.0,257.8500061035156,249.39999389648438,250.60000610351562,8850987.0
2023-02-16,251.0,254.8000030517578,247.2100067138672,250.0,10505653.0
2023-02-17,249.0,257.5799865722656,248.99000549316406,251.39999389648438,14522887.0
2023-02-20,251.77000427246094,258.25,248.8800048828125,257.739990234375,10052139.0
2023-02-21,257.5,259.0,251.3000030517578,254.42999267578125,6822068.0
2023-02-22,252.9199981689453,256.5,252.0,252.3800048828125,5193205.0
2023-02-23,251.33999633789062,255.17999267578125,249.49000549316406,251.47999572753906,6020176.0
2023-02-24,249.10000610351562,250.88999938964844,243.33999633789062,248.60000610351562,8506948.0
2023-02-27,246.6199951171875,255.0,246.0,251.1999969482422,7131391.0
2023-02-28,252.1999969482422,253.8000030517578,247.6999969482422,250.0,4568297.0
2023-03-01,250.6999969482422,255.88999938964844,247.3300018310547,255.27999877929688,7141967.0
2023-03-02,255.27000427246094,256.489990234375,253.39999389648438,254.9600067138672,3895274.0
2023-03-03,256.6600036621094,259.5199890136719,253.0500030517578,254.5,4813749.0
2023-03-06,253.02000427246094,258.0,250.02999877929688,252.3699951171875,6508410.0
2023-03-07,252.0,252.17999267578125,246.6999969482422,247.39999389648438,5866549.0
2023-03-08,246.0,248.52000427246094,242.00999450683594,243.8000030517578,4749946.0
2023-03-09,243.74000549316406,245.1999969482422,239.0,242.97999572753906,4756441.0
2023-03-10,241.16000366210938,244.5,237.10000610351562,237.97999572753906,4577525.0
2023-03-13,238.25,248.4499969482422,238.0,244.72999572753906,5592884.0
2023-03-14,244.64999389648438,244.6699981689453,236.3300018310547,240.5,4661381.0
2023-03-15,245.60000610351562,245.66000366210938,236.67999267578125,236.8800048828125,4445057.0
2023-03-16,236.0,243.0,232.94000244140625,236.97999572753906,5452615.0
2023-03-17,243.5,244.0399932861328,233.49000549316406,235.72000122070312,6587781.0
2023-03-20,235.0,235.0,227.39999389648438,231.0,6603761.0
2023-03-21,232.0,242.1999969482422,230.89999389648438,240.5500030517578,9535382.0
2023-03-22,240.0500030517578,246.89999389648438,240.0500030517578,241.88999938964844,6578756.0
2023-03-23,241.8800048828125,249.5,240.5500030517578,244.0399932861328,6741219.0
2023-03-24,243.0,249.49000549316406,242.0,245.64999389648438,5420078.0
2023-03-27,246.4499969482422,246.4499969482422,236.61000061035156,242.19000244140625,5661713.0
2023-03-28,242.0,250.5500030517578,242.0,248.72999572753906,6380894.0
2023-03-29,252.0,255.14999389648438,249.8000030517578,253.5800018310547,6944860.0
2023-03-30,253.5800018310547,259.9700012207031,251.3000030517578,256.5400085449219,6569127.0
2023-03-31,256.5400085449219,260.79998779296875,253.5,254.7899932861328,5445078.0
2023-04-03,255.1999969482422,258.8299865722656,253.58999633789062,254.2899932861328,5583392.0
2023-04-04,253.5500030517578,259.6600036621094,251.61000061035156,259.2300109863281,6833299.0
2023-04-06,258.0,259.0,248.10000610351562,250.0399932861328,6392120.0
2023-04-07,248.0,253.72000122070312,245.8000030517578,249.0,5103385.0
2023-04-10,246.02000427246094,248.32000732421875,229.30999755859375,247.5,12535893.0
2023-04-11,245.0,245.49000549316406,237.8000030517578,238.99000549316406,9188248.0
2023-04-12,239.0,239.36000061035156,232.25999450683594,233.19000244140625,8177404.0
2023-04-13,232.8000030517578,235.77000427246094,230.0800018310547,234.3000030517578,6488606.0
2023-04-14,234.27999877929688,235.77000427246094,228.8800048828125,229.5500030517578,6264920.0
2023-04-17,231.02000427246094,239.49000549316406,231.0,233.4199981689453,8689856.0
2023-04-18,233.2899932861328,237.5800018310547,232.3000030517578,234.0800018310547,7195574.0
2023-04-19,233.89999389648438,234.5,229.66000366210938,232.08999633789062,4393229.0
2023-04-20,232.16000366210938,233.49000549316406,226.1999969482422,229.5,4693860.0
2023-04-21,229.5,232.64999389648438,228.1199951171875,229.1199951171875,3953400.0
2023-04-24,228.0,228.5,220.00999450683594,221.75,8091053.0
2023-04-25,221.75,225.8800048828125,218.94000244140625,225.52000427246094,7862192.0
2023-04-26,224.30999755859375,227.72000122070312,221.5,225.61000061035156,5696182.0
2023-04-27,225.0,228.8800048828125,221.10000610351562,225.5399932861328,6706405.0
2023-04-28,226.7899932861328,228.99000549316406,224.0500030517578,226.24000549316406,7625590.0
2023-05-04,232.57000732421875,234.0,219.25999450683594,221.17999267578125,9033291.0
2023-05-05,220.6199951171875,224.5,218.52999877929688,223.7899932861328,6651739.0
2023-05-08,223.5500030517578,226.8800048828125,221.17999267578125,222.3000030517578,4683978.0
2023-05-09,220.5800018310547,225.1999969482422,215.3000030517578,221.25,6180177.0
2023-05-10,220.88999938964844,220.88999938964844,215.8300018310547,217.75999450683594,4744833.0
2023-05-11,218.5,219.75999450683594,215.5,215.99000549316406,3716403.0
2023-05-12,215.89999389648438,218.10000610351562,213.47999572753906,213.82000732421875,4874049.0
2023-05-15,213.10000610351562,216.47999572753906,212.1999969482422,215.8800048828125,4468608.0
2023-05-16,217.0,217.0,211.8800048828125,213.0,4887294.0
2023-05-17,213.0,213.9499969482422,209.0,210.0,4974390.0
2023-05-18,209.19000244140625,210.89999389648438,206.5,207.3699951171875,5516631.0
2023-05-19,206.82000732421875,214.24000549316406,204.2899932861328,213.14999389648438,7190120.0
2023-05-22,212.60000610351562,228.0,212.1699981689453,224.0,12186341.0
2023-05-23,222.0,226.3000030517578,219.5,220.6999969482422,5546543.0
2023-05-24,220.1300048828125,222.99000549316406,217.6999969482422,217.72000122070312,4707597.0
2023-05-25,215.8000030517578,218.8800048828125,213.35000610351562,216.60000610351562,4919075.0
2023-05-26,217.5,221.0,212.3000030517578,214.1300048828125,5402206.0
2023-05-29,214.11000061035156,216.19000244140625,212.36000061035156,213.9600067138672,5530168.0
2023-05-30,214.0,215.8800048828125,208.0,209.75999450683594,6234920.0
2023-05-31,207.36000061035156,208.99000549316406,201.9199981689453,204.02999877929688,9628029.0
2023-06-01,204.97999572753906,214.19000244140625,204.4499969482422,207.52999877929688,8547942.0
2023-06-02,208.55999755859375,213.3800048828125,205.5500030517578,212.22000122070312,6080678.0
2023-06-05,211.0,211.9600067138672,205.0,206.75999450683594,6901918.0
2023-06-06,207.35000610351562,213.8699951171875,204.85000610351562,208.99000549316406,7787865.0
2023-06-07,210.0,211.97999572753906,205.00999450683594,205.27999877929688,5446652.0
2023-06-08,204.99000549316406,207.8800048828125,202.58999633789062,206.3000030517578,5363111.0
2023-06-09,207.27000427246094,209.5800018310547,204.97999572753906,205.94000244140625,6444914.0
2023-06-12,205.25,220.0,205.1199951171875,217.1999969482422,10927202.0
2023-06-13,216.5,223.4600067138672,216.0,220.89999389648438,6972364.0
2023-06-14,222.0,231.19000244140625,222.0,228.1999969482422,10802384.0
2023-06-15,228.5,232.97000122070312,227.0,230.5,8681782.0
2023-06-16,232.0,236.0,229.97000122070312,232.60000610351562,6320829.0
2023-06-19,232.0,234.5,222.77999877929688,226.05999755859375,9877368.0
2023-06-20,225.97000122070312,226.75,219.57000732421875,221.38999938964844,6988746.0
2023-06-21,220.82000732421875,224.36000061035156,219.66000366210938,219.89999389648438,5598168.0
2023-06-26,217.32000732421875,217.32000732421875,210.02999877929688,212.4600067138672,7254056.0
2023-06-27,212.4600067138672,218.8000030517578,209.10000610351562,218.22000122070312,7528472.0
2023-06-28,216.52999877929688,221.1999969482422,214.52999877929688,217.86000061035156,5829190.0
2023-06-29,218.0,219.85000610351562,211.5500030517578,212.27000427246094,5481918.0
2023-06-30,211.30999755859375,212.97999572753906,208.11000061035156,209.57000732421875,7141578.0
2023-07-03,209.0,219.24000549316406,206.1300048828125,218.0,8836252.0
2023-07-04,218.0,221.5,215.67999267578125,220.85000610351562,5978460.0
2023-07-05,220.0,220.85000610351562,213.16000366210938,214.72000122070312,5401112.0
2023-07-06,213.99000549316406,217.69000244140625,212.1699981689453,212.67999267578125,3535368.0
2023-07-07,212.02000427246094,213.67999267578125,210.14999389648438,211.35000610351562,3618420.0
2023-07-10,214.35000610351562,216.5800018310547,212.10000610351562,213.0,3977822.0
2023-07-11,214.24000549316406,214.49000549316406,210.3000030517578,212.42999267578125,3355463.0
2023-07-12,212.42999267578125,215.61000061035156,211.80999755859375,213.85000610351562,3829705.0
2023-07-13,215.99000549316406,227.8699951171875,215.8000030517578,227.25,10443162.0
2023-07-14,228.36000061035156,229.99000549316406,225.32000732421875,228.99000549316406,5025760.0
2023-07-17,227.1300048828125,227.2100067138672,220.22000122070312,222.99000549316406,4873006.0
2023-07-18,223.99000549316406,224.0,220.8800048828125,222.3000030517578,2988277.0
2023-07-19,221.0,222.97000122070312,218.6999969482422,221.14999389648438,4043415.0
2023-07-20,222.77999877929688,227.36000061035156,221.69000244140625,222.24000549316406,5904047.0
2023-07-21,222.30999755859375,230.3000030517578,220.49000549316406,226.9499969482422,7107610.0
2023-07-24,226.02000427246094,227.49000549316406,221.02999877929688,223.07000732421875,5227138.0
2023-07-25,234.22000122070312,240.72000122070312,234.22000122070312,238.75999450683594,13488695.0
2023-07-26,238.11000061035156,241.77000427246094,235.0,237.6999969482422,7372092.0
2023-07-27,237.72999572753906,244.3000030517578,235.89999389648438,239.77000427246094,7609299.0
2023-07-28,238.50999450683594,246.2100067138672,238.0,244.97000122070312,9510828.0
2023-07-31,247.0,254.8000030517578,240.99000549316406,241.11000061035156,10613901.0
2023-08-01,240.41000366210938,243.47000122070312,236.8000030517578,237.58999633789062,7081244.0
2023-08-02,236.39999389648438,240.5,235.6699981689453,237.4199981689453,4147739.0
2023-08-03,237.35000610351562,239.52000427246094,234.5,237.8800048828125,4575146.0
2023-08-04,242.0,243.44000244140625,238.8000030517578,239.89999389648438,5382400.0
2023-08-07,237.5,238.47999572753906,233.88999938964844,235.2100067138672,5693102.0
2023-08-08,234.99000549316406,237.91000366210938,233.0399932861328,235.89999389648438,3884026.0
2023-08-09,235.00999450683594,237.77000427246094,234.5,237.3000030517578,4036682.0
2023-08-10,236.5,238.4199981689453,234.52999877929688,237.0,4115066.0
2023-08-11,238.89999389648438,239.30999755859375,232.67999267578125,232.67999267578125,4147354.0
2023-08-14,230.0,230.30999755859375,225.60000610351562,229.89999389648438,4943138.0
2023-08-15,232.08999633789062,232.08999633789062,227.16000366210938,229.3300018310547,3135484.0
2023-08-16,228.00999450683594,231.58999633789062,227.32000732421875,229.67999267578125,2932687.0
2023-08-17,228.27999877929688,235.1199951171875,227.1199951171875,235.07000732421875,4336506.0
2023-08-18,235.0,235.2899932861328,229.5800018310547,229.6999969482422,4139405.0
2023-08-21,228.02000427246094,232.67999267578125,226.0800018310547,228.89999389648438,3765777.0
2023-08-22,230.24000549316406,230.8699951171875,225.8000030517578,228.8300018310547,4746465.0
2023-08-23,228.8300018310547,229.41000366210938,224.47999572753906,224.47999572753906,4059179.0
2023-08-24,225.8699951171875,235.10000610351562,224.11000061035156,233.3000030517578,7067245.0
2023-08-25,233.3000030517578,233.8300018310547,229.60000610351562,231.60000610351562,4925393.0
2023-08-28,240.5,241.47000122070312,226.19000244140625,228.2899932861328,9000703.0
2023-08-29,229.0,235.47999572753906,228.49000549316406,233.85000610351562,6640487.0
2023-08-30,235.52000427246094,235.8000030517578,233.02000427246094,233.25999450683594,5196311.0
2023-08-31,234.22999572753906,235.0,232.02000427246094,232.3000030517578,3831586.0
2023-09-01,236.47000122070312,241.1999969482422,236.0,237.8000030517578,6076764.0
2023-09-04,240.5399932861328,245.0,239.22999572753906,241.17999267578125,7420132.0
2023-09-05,239.88999938964844,242.47000122070312,237.60000610351562,238.0800018310547,4766435.0
2023-09-06,237.50999450683594,238.97999572753906,236.5,238.08999633789062,2682478.0
2023-09-07,237.91000366210938,238.08999633789062,232.5,233.57000732421875,4760734.0
2023-09-08,232.99000549316406,234.8800048828125,231.5,233.3000030517578,2747014.0
2023-09-11,232.6699981689453,237.5,232.0,235.38999938964844,4269187.0
2023-09-12,235.02000427246094,235.66000366210938,232.00999450683594,233.08999633789062,3279212.0
2023-09-13,234.97999572753906,236.1999969482422,231.00999450683594,232.22999572753906,3640881.0
2023-09-14,232.2899932861328,233.69000244140625,231.10000610351562,232.24000549316406,2786985.0
2023-09-15,232.99000549316406,234.1199951171875,225.7100067138672,226.60000610351562,6947380.0
2023-09-18,225.0,228.8000030517578,224.17999267578125,227.3300018310547,5673193.0
2023-09-19,226.5,227.64999389648438,223.8000030517578,227.38999938964844,3820160.0
2023-09-20,227.0,227.9600067138672,226.0500030517578,227.14999389648438,2582861.0
2023-09-21,226.5500030517578,227.24000549316406,220.6199951171875,220.67999267578125,5715886.0
2023-09-22,221.89999389648438,227.99000549316406,220.2100067138672,227.0,5836218.0
2023-09-25,227.9499969482422,228.0,224.0800018310547,225.3000030517578,3590723.0
2023-09-26,224.25999450683594,226.17999267578125,221.80999755859375,222.44000244140625,3409454.0
2023-09-27,222.99000549316406,225.10000610351562,220.39999389648438,222.11000061035156,4023652.0
2023-09-28,222.97999572753906,223.8800048828125,216.0,216.64999389648438,7090457.0
2023-10-09,216.1999969482422,216.60000610351562,210.33999633789062,214.9499969482422,6499790.0
2023-10-10,218.58999633789062,218.8000030517578,210.41000366210938,211.2899932861328,7675118.0
2023-10-11,212.89999389648438,213.86000061035156,209.25,210.1300048828125,4977156.0
2023-10-12,213.0,213.47999572753906,209.1999969482422,209.97999572753906,4574850.0
2023-10-13,208.6699981689453,208.6699981689453,203.41000366210938,205.14999389648438,8832665.0
2023-10-16,203.10000610351562,206.3300018310547,202.0500030517578,203.44000244140625,5175580.0
2023-10-17,203.89999389648438,205.3800048828125,201.0,203.83999633789062,5192192.0
2023-10-18,203.0,208.38999938964844,202.5,204.2100067138672,5099166.0
2023-10-19,202.00999450683594,203.0,197.0,197.80999755859375,8627754.0
2023-10-20,196.9199981689453,200.5,196.22000122070312,197.0,4915478.0
2023-10-23,197.0,201.3000030517578,195.41000366210938,197.58999633789062,5097095.0
2023-10-24,197.6999969482422,200.77000427246094,195.22000122070312,198.8000030517578,5649912.0
2023-10-25,208.0,208.44000244140625,204.0500030517578,206.0500030517578,9021455.0
2023-10-26,205.57000732421875,207.25,203.5,206.05999755859375,5373854.0
2023-10-27,206.0,209.8800048828125,205.1999969482422,208.9600067138672,5851674.0
2023-10-30,209.60000610351562,212.0,208.91000366210938,211.16000366210938,6211247.0
2023-10-31,214.5,218.10000610351562,211.6999969482422,214.61000061035156,7293514.0
2023-11-01,228.60000610351562,229.3000030517578,220.02000427246094,221.92999267578125,13943438.0
2023-11-02,222.0,224.8000030517578,218.44000244140625,218.44000244140625,5770867.0
2023-11-03,218.02000427246094,222.0,217.02999877929688,221.27999877929688,4608450.0
2023-11-06,222.0,224.8000030517578,218.55999755859375,220.60000610351562,5606272.0
2023-11-07,220.0,220.58999633789062,217.0,219.75,3904918.0
2023-11-08,219.0,219.83999633789062,215.1999969482422,216.89999389648438,6574031.0
2023-11-09,216.0,217.6300048828125,214.5,215.72999572753906,3710249.0
2023-11-10,213.52999877929688,214.67999267578125,210.72999572753906,212.07000732421875,4952663.0
2023-11-13,212.8699951171875,212.99000549316406,207.3699951171875,209.2100067138672,5559436.0
2023-11-14,208.82000732421875,210.5,208.32000732421875,209.5800018310547,3756805.0
2023-11-15,213.0,214.0,210.8800048828125,211.89999389648438,5432677.0
2023-11-16,211.9199981689453,213.17999267578125,209.8000030517578,210.63999938964844,3151283.0
2023-11-17,209.52999877929688,210.5800018310547,206.75,208.3000030517578,4627906.0
2023-11-20,208.19000244140625,210.44000244140625,205.7100067138672,208.8699951171875,4185619.0
2023-11-21,210.8000030517578,215.0800018310547,207.10000610351562,213.07000732421875,7252392.0
2023-11-22,211.49000549316406,213.42999267578125,210.10000610351562,210.75,3030051.0
2023-11-23,210.00999450683594,210.99000549316406,207.99000549316406,209.6999969482422,3528803.0
2023-11-24,209.60000610351562,210.92999267578125,208.3300018310547,210.36000061035156,3427614.0
2023-11-27,209.8000030517578,210.36000061035156,205.0,206.5,5174405.0
2023-11-28,206.14999389648438,207.9499969482422,204.8699951171875,206.3000030517578,4487087.0
2023-11-29,206.25,206.49000549316406,201.89999389648438,205.35000610351562,4763099.0
2023-11-30,206.0,208.0,204.77999877929688,207.5,3965417.0
2023-12-01,207.00999450683594,207.1999969482422,201.27999877929688,202.0,7351532.0
2023-12-04,202.05999755859375,202.1999969482422,197.1199951171875,198.42999267578125,6222750.0
2023-12-05,197.99000549316406,197.99000549316406,192.0,192.61000061035156,7684263.0
2023-12-06,191.83999633789062,194.39999389648438,191.11000061035156,191.47000122070312,6104318.0
2023-12-07,191.11000061035156,192.8000030517578,187.07000732421875,189.0,8064110.0
2023-12-08,188.36000061035156,192.22999572753906,188.10000610351562,190.0,7039503.0
2023-12-11,183.0,184.0,174.02999877929688,181.5500030517578,19106023.0
2023-12-12,180.97000122070312,185.35000610351562,180.41000366210938,184.4600067138672,10652080.0
2023-12-13,184.27000427246094,184.8699951171875,174.05999755859375,174.3000030517578,17463383.0
2023-12-14,176.0,177.0,169.05999755859375,169.52000427246094,15917700.0
2023-12-15,170.5,176.60000610351562,170.10000610351562,172.0500030517578,12677677.0
2023-12-18,171.0,174.8000030517578,169.60000610351562,172.75999450683594,7740113.0
2023-12-19,172.5,173.3000030517578,169.02000427246094,172.05999755859375,6964525.0
2023-12-20,172.05999755859375,173.82000732421875,169.1999969482422,169.32000732421875,6675279.0
2023-12-21,168.00999450683594,172.1999969482422,168.0,170.75999450683594,8313829.0
2023-12-22,170.5,172.8000030517578,169.14999389648438,170.47999572753906,7263875.0
2023-12-25,169.86000061035156,173.1199951171875,169.86000061035156,173.08999633789062,6259911.0
2023-12-26,173.0,173.66000366210938,169.64999389648438,171.13999938964844,5284133.0
2023-12-27,171.22999572753906,172.0,169.61000061035156,170.27000427246094,5289989.0
2023-12-28,171.0,181.3699951171875,169.74000549316406,179.49000549316406,14550131.0
2023-12-29,179.4600067138672,181.8800048828125,178.5,179.4199981689453,7837028.0
2024-01-02,179.35000610351562,179.35000610351562,172.22000122070312,172.8699951171875,11708435.0
2024-01-03,172.41000366210938,173.9600067138672,169.08999633789062,170.60000610351562,8530447.0
2024-01-04,170.11000061035156,170.55999755859375,163.8000030517578,165.0,12494978.0
2024-01-05,164.0,166.8000030517578,162.97999572753906,163.10000610351562,8059837.0
2024-01-08,162.72000122070312,165.27000427246094,160.02000427246094,160.16000366210938,8093736.0
2024-01-09,160.60000610351562,161.6999969482422,157.80999755859375,159.8000030517578,7767000.0
2024-01-10,159.0,163.8800048828125,157.8000030517578,160.50999450683594,7106873.0
2024-01-11,160.3000030517578,163.0,158.3300018310547,161.75999450683594,7432187.0
2024-01-12,161.0,161.85000610351562,158.75,159.47999572753906,7058674.0
2024-01-15,158.72999572753906,160.27999877929688,157.30999755859375,158.25,8316494.0
2024-01-16,158.0,160.5,157.14999389648438,158.6999969482422,7218562.0
2024-01-17,158.27000427246094,158.41000366210938,153.8000030517578,153.8000030517578,10084599.0
2024-01-18,153.0,156.8800048828125,152.00999450683594,156.6300048828125,8876219.0
2024-01-19,156.6300048828125,158.5,155.0800018310547,157.8000030517578,7425837.0
2024-01-22,157.88999938964844,157.9600067138672,153.5,154.2100067138672,7862988.0
2024-01-23,153.22999572753906,155.99000549316406,152.25999450683594,153.5800018310547,7641537.0
2024-01-24,153.99000549316406,154.3300018310547,148.0500030517578,151.74000549316406,12776821.0
2024-01-25,151.0,156.3000030517578,150.1999969482422,155.8000030517578,12170797.0
2024-01-26,155.0800018310547,157.5,153.75,155.17999267578125,8520034.0
2024-01-29,155.3000030517578,160.94000244140625,155.22999572753906,156.85000610351562,10911918.0
2024-01-30,156.00999450683594,156.13999938964844,149.14999389648438,150.0,10044721.0
2024-01-31,149.5,150.69000244140625,146.69000244140625,146.8000030517578,8983556.0
2024-02-01,146.80999755859375,148.8000030517578,146.3699951171875,146.92999267578125,8038203.0
2024-02-02,147.4600067138672,148.9499969482422,140.00999450683594,144.2100067138672,10827629.0
2024-02-05,142.52000427246094,147.00999450683594,141.13999938964844,144.72999572753906,12918892.0
2024-02-06,143.97999572753906,153.66000366210938,143.19000244140625,153.4499969482422,14421104.0
2024-02-07,155.69000244140625,156.85000610351562,152.8300018310547,155.8000030517578,13747038.0
2024-02-08,156.5399932861328,157.47000122070312,152.1999969482422,153.66000366210938,11505068.0
2024-02-19,160.0,160.5,153.5800018310547,155.14999389648438,11972115.0
2024-02-20,154.9499969482422,156.32000732421875,151.00999450683594,153.3699951171875,9012011.0
2024-02-21,152.4499969482422,165.8699951171875,151.52999877929688,163.05999755859375,16941646.0
2024-02-22,161.00999450683594,165.8000030517578,160.60000610351562,165.39999389648438,10783604.0
2024-02-23,164.97000122070312,171.8000030517578,162.9499969482422,169.0,12765675.0
2024-02-26,168.5800018310547,173.88999938964844,167.50999450683594,169.33999633789062,10554916.0
2024-02-27,168.50999450683594,170.2899932861328,167.13999938964844,169.9199981689453,6900187.0
2024-02-28,171.0,173.60000610351562,169.00999450683594,169.3000030517578,8642338.0
2024-02-29,168.5800018310547,175.88999938964844,168.00999450683594,175.75,9594209.0
2024-03-01,175.75999450683594,177.5,173.4499969482422,175.82000732421875,6044708.0
2024-03-04,174.58999633789062,175.75,169.77000427246094,170.60000610351562,9553057.0
2024-03-05,170.25999450683594,172.91000366210938,169.3300018310547,172.5,7689984.0
2024-03-06,172.47999572753906,172.9600067138672,168.49000549316406,168.72999572753906,7504580.0
2024-03-07,169.14999389648438,169.97000122070312,166.72000122070312,167.25999450683594,5243799.0
2024-03-08,167.44000244140625,168.47999572753906,163.52000427246094,165.8300018310547,6994242.0
2024-03-11,166.7100067138672,173.0,166.10000610351562,172.89999389648438,10423939.0
2024-03-12,174.4199981689453,187.35000610351562,173.5,185.97000122070312,18061801.0
2024-03-13,185.0,188.47999572753906,183.6300048828125,185.55999755859375,10430650.0
2024-03-14,184.97999572753906,190.39999389648438,183.02000427246094,187.02000427246094,12137680.0
2024-03-15,186.8699951171875,191.7899932861328,185.7100067138672,187.60000610351562,7671098.0
2024-03-18,189.77999877929688,189.85000610351562,184.3000030517578,186.1999969482422,8414044.0
2024-03-19,185.30999755859375,191.72999572753906,184.02999877929688,190.74000549316406,11043440.0
2024-03-20,189.00999450683594,191.3699951171875,188.5500030517578,189.1999969482422,6526747.0
2024-03-21,190.2100067138672,194.3000030517578,188.58999633789062,190.3000030517578,6164273.0
2024-03-22,189.3300018310547,189.99000549316406,181.80999755859375,183.13999938964844,9547988.0
2024-03-25,182.5,185.02000427246094,179.72999572753906,183.1999969482422,7152988.0
2024-03-26,183.0,188.47999572753906,182.5,187.30999755859375,6833244.0
2024-03-27,188.17999267578125,188.1999969482422,184.00999450683594,184.4499969482422,4560896.0
2024-03-28,184.00999450683594,187.66000366210938,183.22999572753906,185.05999755859375,4942679.0
2024-03-29,185.0500030517578,186.8800048828125,183.25999450683594,184.58999633789062,2010996.0
2024-04-01,185.99000549316406,195.0,185.97999572753906,191.35000610351562,9172029.0
2024-04-02,192.89999389648438,193.5,190.17999267578125,190.97000122070312,5921008.0
2024-04-03,193.0,195.99000549316406,190.5,192.57000732421875,5712241.0
2024-04-08,190.5,190.5,180.17999267578125,180.3000030517578,13822713.0
2024-04-09,180.0,182.75999450683594,177.77000427246094,178.19000244140625,6885682.0
2024-04-10,178.00999450683594,178.8800048828125,173.72999572753906,175.6999969482422,7959042.0
2024-04-11,175.00999450683594,179.5,173.33999633789062,178.24000549316406,7182692.0
2024-04-12,177.97000122070312,179.8800048828125,170.5,170.86000061035156,8887567.0
2024-04-15,171.0,181.5800018310547,171.0,180.94000244140625,10051216.0
2024-04-16,180.60000610351562,180.67999267578125,176.0,176.3000030517578,5798073.0
2024-04-17,176.00999450683594,177.8000030517578,174.61000061035156,176.89999389648438,4694972.0
2024-04-18,176.60000610351562,181.77999877929688,174.05999755859375,178.19000244140625,5822460.0
2024-04-19,176.0500030517578,177.47000122070312,174.02000427246094,175.67999267578125,5599170.0
2024-04-22,177.0,181.49000549316406,176.0,178.2100067138672,7078999.0
2024-04-23,178.10000610351562,181.47000122070312,176.35000610351562,181.0,7443226.0
2024-04-24,181.92999267578125,182.97999572753906,180.0500030517578,182.08999633789062,6762313.0
2024-04-25,181.05999755859375,182.3000030517578,178.24000549316406,179.97000122070312,5464423.0
2024-04-26,180.0,187.8000030517578,179.97999572753906,186.4199981689453,8698726.0
2024-04-29,189.9499969482422,194.67999267578125,184.22000122070312,189.0,15696298.0
2024-04-30,189.0,192.02999877929688,186.08999633789062,186.10000610351562,8067781.0
2024-05-06,188.66000366210938,197.7100067138672,188.66000366210938,193.5500030517578,15205669.0
2024-05-07,193.55999755859375,194.27000427246094,190.8800048828125,193.6199951171875,7435621.0
2024-05-08,193.6300048828125,194.1999969482422,189.60000610351562,190.97000122070312,5503315.0
2024-05-09,190.32000732421875,192.1999969482422,189.27999877929688,190.55999755859375,5463323.0
2024-05-10,191.0,191.8000030517578,185.63999938964844,186.94000244140625,8328942.0
2024-05-13,185.0,185.10000610351562,179.1699981689453,180.77999877929688,14152557.0
2024-05-14,180.32000732421875,183.1999969482422,178.89999389648438,181.92999267578125,7703616.0
2024-05-15,181.77999877929688,182.77000427246094,180.0,180.82000732421875,4642722.0
2024-05-16,180.82000732421875,186.8000030517578,179.39999389648438,185.3800048828125,9257543.0
2024-05-17,184.5800018310547,190.1199951171875,184.3800048828125,189.85000610351562,8131801.0
2024-05-20,190.47999572753906,197.4499969482422,190.3000030517578,192.74000549316406,11069872.0
2024-05-21,191.66000366210938,192.8699951171875,189.89999389648438,191.6699981689453,4400953.0
2024-05-22,191.14999389648438,191.8800048828125,185.80999755859375,187.00999450683594,6859331.0
2024-05-23,186.50999450683594,188.63999938964844,183.3300018310547,183.64999389648438,4797446.0
2024-05-24,183.50999450683594,183.6300048828125,180.10000610351562,181.3000030517578,5902297.0
2024-05-27,181.3000030517578,182.0,179.0800018310547,180.72000122070312,7197809.0
2024-05-28,180.8000030517578,183.42999267578125,179.3000030517578,180.35000610351562,5500677.0
2024-05-29,180.0,181.39999389648438,178.25999450683594,179.00999450683594,5091552.0
2024-05-30,178.50999450683594,178.9600067138672,173.5,174.10000610351562,10324391.0
2024-05-31,174.75,176.77000427246094,174.35000610351562,174.85000610351562,4974678.0
2024-06-03,175.5,176.60000610351562,173.00999450683594,174.22999572753906,6278177.0
2024-06-04,174.22999572753906,175.8800048828125,172.86000061035156,175.52000427246094,5376882.0
2024-06-05,174.97000122070312,176.52999877929688,171.88999938964844,171.97999572753906,7852435.0
2024-06-06,171.97999572753906,172.47000122070312,167.3800048828125,168.97999572753906,10991394.0
2024-06-07,169.6699981689453,170.50999450683594,165.52999877929688,166.17999267578125,8792197.0
2024-06-11,165.0,165.6199951171875,157.8800048828125,159.41000366210938,16667945.0
2024-06-12,158.3699951171875,161.22999572753906,157.5800018310547,158.3000030517578,9619315.0
2024-06-13,158.52999877929688,159.42999267578125,155.38999938964844,155.88999938964844,10873633.0
2024-06-14,155.41000366210938,156.8000030517578,151.49000549316406,156.0,15498858.0
2024-06-17,154.11000061035156,157.8000030517578,152.3300018310547,157.24000549316406,10623903.0
2024-06-18,156.89999389648438,158.94000244140625,153.8000030517578,154.17999267578125,8669240.0
2024-06-19,154.07000732421875,155.91000366210938,152.8000030517578,153.3300018310547,7712267.0
2024-06-20,153.0,154.27999877929688,150.6999969482422,151.55999755859375,7486098.0
2024-06-21,151.33999633789062,152.2100067138672,147.8300018310547,150.08999633789062,10141964.0
2024-06-24,146.00999450683594,151.8699951171875,145.6999969482422,149.5,11597570.0
2024-06-25,149.35000610351562,151.41000366210938,148.35000610351562,150.38999938964844,8095547.0
2024-06-26,149.30999755859375,151.89999389648438,148.02000427246094,149.32000732421875,7907701.0
2024-06-27,148.8000030517578,148.9499969482422,146.89999389648438,148.17999267578125,5600374.0
2024-06-28,146.0500030517578,148.5,142.64999389648438,143.49000549316406,13164234.0
2024-07-01,142.61000061035156,143.9600067138672,139.22999572753906,143.0,12037281.0
2024-07-02,142.27999877929688,146.5500030517578,141.50999450683594,143.99000549316406,11080352.0
2024-07-03,144.10000610351562,145.66000366210938,141.5800018310547,142.61000061035156,7411027.0
2024-07-04,142.5,143.38999938964844,139.50999450683594,139.50999450683594,8081792.0
2024-07-05,139.11000061035156,140.38999938964844,135.9199981689453,137.3699951171875,8391987.0
2024-07-08,137.0,137.3699951171875,133.69000244140625,134.30999755859375,8128816.0
2024-07-09,134.3000030517578,136.89999389648438,132.50999450683594,135.9499969482422,10382736.0
2024-07-10,135.02000427246094,137.27000427246094,133.0,133.5,9332737.0
2024-07-11,135.0,139.1999969482422,134.27999877929688,136.85000610351562,12913766.0
2024-07-12,136.89999389648438,137.92999267578125,134.8000030517578,136.8800048828125,10943936.0
2024-07-15,135.8000030517578,138.97999572753906,135.4499969482422,138.3000030517578,8059207.0
2024-07-16,138.0,138.77000427246094,136.5,137.57000732421875,8052871.0
2024-07-17,137.39999389648438,142.0,136.75,141.52000427246094,11459169.0
2024-07-18,141.5,144.30999755859375,140.50999450683594,142.89999389648438,10992666.0
2024-07-19,142.22000122070312,147.11000061035156,141.39999389648438,146.97999572753906,10743292.0
2024-07-22,147.0,147.74000549316406,142.27999877929688,142.3000030517578,10666854.0
2024-07-23,141.89999389648438,143.0,135.44000244140625,135.44000244140625,12454860.0
2024-07-24,134.9499969482422,136.8800048828125,133.22999572753906,133.97999572753906,9110998.0
2024-07-25,133.1199951171875,134.88999938964844,130.3000030517578,131.55999755859375,11499191.0
2024-07-26,131.52999877929688,133.4600067138672,129.0,129.8300018310547,11522174.0
2024-07-29,129.88999938964844,130.44000244140625,126.0,126.2300033569336,10746206.0
2024-07-30,125.0,125.66999816894531,123.20999908447266,125.33000183105469,10665891.0
2024-07-31,125.29000091552734,131.3000030517578,123.44999694824219,130.66000366210938,14191851.0
2024-08-01,130.94000244140625,130.94000244140625,124.79000091552734,124.79000091552734,13410805.0
2024-08-02,123.2300033569336,125.77999877929688,123.2300033569336,123.3499984741211,8130939.0
2024-08-05,123.25,130.19000244140625,123.0,126.80000305175781,16565741.0
2024-08-06,127.91000366210938,129.4199981689453,125.87000274658203,126.88999938964844,8952838.0
2024-08-07,126.0,128.2899932861328,125.30000305175781,127.26000213623047,7862813.0
2024-08-08,126.5,132.0,126.19999694824219,129.57000732421875,12577204.0
2024-08-09,131.16000366210938,132.97999572753906,129.14999389648438,129.14999389648438,8282825.0
2024-08-12,128.41000366210938,130.55999755859375,128.0500030517578,129.05999755859375,6332656.0
2024-08-13,128.8800048828125,129.0,126.30999755859375,127.0999984741211,6644347.0
2024-08-14,127.0999984741211,127.37999725341797,124.7699966430664,125.19999694824219,5213142.0
2024-08-15,124.93000030517578,127.69000244140625,124.5999984741211,126.54000091552734,7180085.0
2024-08-16,126.3499984741211,126.36000061035156,124.94000244140625,125.25,6150454.0
2024-08-19,125.80000305175781,129.25,124.77999877929688,124.77999877929688,8893606.0
2024-08-20,124.91000366210938,125.5,123.5999984741211,123.8499984741211,5778169.0
2024-08-21,123.9800033569336,124.37000274658203,122.83999633789062,123.13999938964844,5812649.0
2024-08-22,123.0999984741211,123.4800033569336,120.33999633789062,122.5,12333557.0
2024-08-23,117.0999984741211,119.48999786376953,117.0999984741211,118.20999908447266,8012162.0
2024-08-26,118.4000015258789,119.98999786376953,117.51000213623047,118.52999877929688,5882754.0
2024-08-27,118.0,119.4000015258789,116.47000122070312,118.75,5223446.0
2024-08-28,117.44000244140625,117.83000183105469,111.25,112.94000244140625,16501518.0
2024-08-29,112.70999908447266,116.5,112.0,115.27999877929688,11544537.0
2024-08-30,114.3499984741211,121.36000061035156,113.08000183105469,119.27999877929688,16309388.0
2024-09-02,116.0,116.0,112.5,112.5,16404147.0
2024-09-03,113.9000015258789,115.2300033569336,112.56999969482422,114.2300033569336,9071580.0
2024-09-04,114.38999938964844,115.94000244140625,112.62999725341797,112.69000244140625,6733833.0
2024-09-05,112.5,113.62999725341797,112.22000122070312,113.4000015258789,5006785.0
2024-09-06,113.45999908447266,113.56999969482422,110.55000305175781,110.5999984741211,6750540.0
2024-09-09,109.26000213623047,109.5199966430664,107.19999694824219,107.9000015258789,9309617.0
2024-09-10,107.9000015258789,109.12000274658203,106.5999984741211,107.19000244140625,7824236.0
2024-09-11,106.5,107.62999725341797,105.80000305175781,105.93000030517578,8205586.0
2024-09-12,105.93000030517578,106.30000305175781,102.52999877929688,102.5999984741211,13941480.0
2024-09-13,102.5,103.0999984741211,100.80000305175781,100.81999969482422,13941584.0
2024-09-18,100.30000305175781,101.12999725341797,98.94999694824219,100.0199966430664,11815724.0
2024-09-19,100.4800033569336,104.47000122070312,98.91999816894531,101.5,17948051.0
2024-09-20,101.0,101.80000305175781,99.9800033569336,101.37000274658203,9624766.0
2024-09-23,101.37000274658203,104.80000305175781,101.37000274658203,102.3499984741211,11036004.0
2024-09-24,104.38999938964844,111.0,102.27999877929688,110.62000274658203,25513672.0
2024-09-25,113.30000305175781,117.43000030517578,112.45999908447266,112.47000122070312,25286986.0
2024-09-26,113.7699966430664,123.72000122070312,113.0,123.72000122070312,33127300.0
2024-09-27,131.97000122070312,136.08999633789062,130.0,136.08999633789062,38203545.0
2024-09-30,149.6999969482422,149.6999969482422,145.0,149.6999969482422,31658417.0
2024-10-08,164.6699981689453,164.6699981689453,149.8000030517578,159.0,63281173.0
2024-10-09,152.0,153.0,143.10000610351562,143.10000610351562,45385953.0
2024-10-10,142.1999969482422,153.8000030517578,142.1999969482422,147.2899932861328,34967724.0
2024-10-11,144.00999450683594,147.64999389648438,139.25999450683594,141.3800048828125,18996266.0
2024-10-14,141.3800048828125,142.75,136.6999969482422,141.1999969482422,22751059.0
2024-10-15,141.1999969482422,141.2100067138672,134.1999969482422,134.38999938964844,23013472.0
2024-10-16,132.0,138.2100067138672,131.80999755859375,134.99000549316406,17861507.0
2024-10-17,136.3300018310547,136.75,131.0800018310547,131.19000244140625,13119687.0
2024-10-18,130.05999755859375,138.2899932861328,128.22999572753906,135.24000549316406,27618586.0
2024-10-21,134.77000427246094,135.9499969482422,131.8800048828125,134.2100067138672,20400856.0
2024-10-22,134.2899932861328,138.0,133.82000732421875,137.22999572753906,18535953.0
2024-10-23,137.97999572753906,142.3800048828125,135.77000427246094,140.1199951171875,21210019.0
2024-10-24,139.0,139.0,135.5,135.63999938964844,11259632.0
2024-10-25,135.0,139.33999633789062,135.0,136.6199951171875,11189527.0
2024-10-28,139.0,144.0,136.36000061035156,142.63999938964844,26045310.0
2024-10-29,141.27999877929688,148.1999969482422,139.8000030517578,140.0,23408902.0
2024-10-30,137.2899932861328,140.8000030517578,136.0,136.80999755859375,12523301.0
2024-10-31,136.00999450683594,138.1999969482422,133.47000122070312,135.50999450683594,17676653.0
2024-11-01,134.99000549316406,139.5,134.1999969482422,136.52999877929688,16284065.0
2024-11-04,137.47999572753906,137.75999450683594,134.94000244140625,137.3000030517578,13245896.0
2024-11-05,137.0,141.1199951171875,136.0,141.1199951171875,18439714.0
2024-11-06,141.0,142.0,138.41000366210938,139.89999389648438,15475954.0
2024-11-07,139.00999450683594,153.88999938964844,138.8699951171875,153.88999938964844,37394855.0
2024-11-08,155.0,156.0,149.72999572753906,151.0,30631107.0
2024-11-11,148.0,149.0,143.60000610351562,148.10000610351562,23607510.0
2024-11-12,148.14999389648438,151.3800048828125,145.67999267578125,146.6999969482422,20081318.0
2024-11-13,145.41000366210938,147.67999267578125,144.6999969482422,145.88999938964844,13546499.0
2024-11-14,145.0,147.0,143.99000549316406,144.61000061035156,15178644.0
2024-11-15,144.61000061035156,147.9499969482422,142.6999969482422,144.10000610351562,16915818.0
2024-11-18,144.08999633789062,145.5800018310547,140.74000549316406,142.6699981689453,15618163.0
2024-11-19,143.49000549316406,143.82000732421875,138.0,141.67999267578125,13723759.0
2024-11-20,141.08999633789062,143.02999877929688,140.19000244140625,142.47000122070312,9416792.0
2024-11-21,141.9199981689453,143.17999267578125,140.72999572753906,141.67999267578125,7631638.0
2024-11-22,141.63999938964844,142.0,136.17999267578125,136.2899932861328,11876596.0
2024-11-25,136.25999450683594,138.25,135.19000244140625,136.8800048828125,9881632.0
2024-11-26,136.00999450683594,138.8800048828125,135.0,136.8699951171875,8314489.0
2024-11-27,136.1300048828125,139.82000732421875,135.0,138.8699951171875,9932129.0
2024-11-28,138.8000030517578,138.8000030517578,135.99000549316406,136.13999938964844,7948857.0
2024-11-29,136.49000549316406,141.50999450683594,136.39999389648438,138.72999572753906,13763029.0
2024-12-02,138.5500030517578,140.5,136.86000061035156,139.02000427246094,11169728.0
2024-12-03,138.89999389648438,138.89999389648438,136.8000030517578,138.17999267578125,8408421.0
2024-12-04,138.0,138.67999267578125,136.27999877929688,137.10000610351562,8357038.0
2024-12-05,136.5,137.0800018310547,135.9600067138672,136.3000030517578,7008900.0
2024-12-06,136.10000610351562,139.10000610351562,136.0,138.2100067138672,10118492.0
2024-12-09,138.1999969482422,140.25,136.80999755859375,137.8800048828125,9184620.0
2024-12-10,147.8800048828125,150.0,141.0,141.69000244140625,33915376.0
2024-12-11,140.5,144.10000610351562,140.4600067138672,141.3000030517578,15351492.0
2024-12-12,141.0,145.6999969482422,140.25999450683594,144.91000366210938,18159864.0
2024-12-13,143.0,143.11000061035156,137.72999572753906,137.7899932861328,21362888.0
2024-12-16,137.82000732421875,137.83999633789062,131.91000366210938,132.60000610351562,21151916.0
2024-12-17,132.85000610351562,133.92999267578125,131.67999267578125,132.0,11912011.0
2024-12-18,132.3000030517578,132.9600067138672,131.0,131.5,9289535.0
2024-12-19,130.1999969482422,130.6300048828125,128.94000244140625,129.97000122070312,11995399.0
2024-12-20,130.0,130.66000366210938,128.6199951171875,130.32000732421875,9595491.0
2024-12-23,130.0,131.08999633789062,129.11000061035156,129.75999450683594,9470600.0
2024-12-24,129.86000061035156,130.19000244140625,128.6999969482422,130.1199951171875,9024317.0
2024-12-25,130.5500030517578,130.55999755859375,129.39999389648438,129.5500030517578,7222381.0
2024-12-26,129.75,129.99000549316406,129.00999450683594,129.2899932861328,6460173.0
2024-12-27,129.4499969482422,130.5,128.5800018310547,129.5500030517578,8157152.0
2024-12-30,129.24000549316406,130.0800018310547,126.31999969482422,126.86000061035156,14711655.0
2024-12-31,127.0,128.85000610351562,125.1500015258789,125.19999694824219,11721767.0
2025-01-02,125.19999694824219,125.58999633789062,120.5,121.05000305175781,14946398.0
2025-01-03,120.9800033569336,122.3499984741211,118.86000061035156,119.73999786376953,11343916.0
2025-01-06,118.05000305175781,118.5,114.9800033569336,115.30000305175781,17729562.0
2025-01-07,115.61000061035156,116.12000274658203,114.38999938964844,116.05000305175781,9819438.0
2025-01-08,115.7300033569336,117.44000244140625,114.25,115.61000061035156,11938513.0
2025-01-09,115.83000183105469,118.13999938964844,114.61000061035156,115.93000030517578,9558611.0
2025-01-10,115.62000274658203,115.77999877929688,113.33999633789062,113.33999633789062,7729478.0
2025-01-13,112.0,116.4000015258789,111.97000122070312,116.29000091552734,12574333.0
2025-01-14,116.30000305175781,121.0,116.30000305175781,120.4800033569336,14716279.0
2025-01-15,119.98999786376953,120.4000015258789,118.86000061035156,119.20999908447266,7092818.0
2025-01-16,118.9000015258789,119.29000091552734,116.87999725341797,117.98999786376953,7837196.0
2025-01-17,117.5,120.2699966430664,117.22000122070312,118.69999694824219,7545791.0
2025-01-20,119.29000091552734,121.0999984741211,118.80999755859375,119.18000030517578,8825968.0
2025-01-21,120.05999755859375,120.05999755859375,117.69999694824219,118.30000305175781,6653920.0
2025-01-22,117.7699966430664,117.7699966430664,115.69999694824219,116.48999786376953,8029318.0
2025-01-23,117.5,118.30999755859375,116.12999725341797,116.54000091552734,8459461.0
2025-01-24,115.18000030517578,116.26000213623047,114.51000213623047,114.87000274658203,8500157.0
2025-01-27,114.87999725341797,116.1500015258789,114.55000305175781,115.55000305175781,7507490.0
2025-02-05,115.5999984741211,115.91999816894531,112.66000366210938,113.80999755859375,7704719.0
2025-02-06,113.48999786376953,115.0,113.19999694824219,114.25,7702120.0
2025-02-07,114.0,116.6500015258789,113.33000183105469,115.5,11616319.0
2025-02-10,115.91000366210938,116.2699966430664,114.93000030517578,115.70999908447266,7677833.0
2025-02-11,115.94999694824219,116.44999694824219,113.68000030517578,114.27999877929688,8184639.0
2025-02-12,114.19999694824219,115.98999786376953,113.83000183105469,115.9800033569336,7775887.0
2025-02-13,116.0,121.87000274658203,115.5999984741211,120.44999694824219,23373329.0
2025-02-14,119.9000015258789,120.5,119.01000213623047,119.86000061035156,9459653.0
2025-02-17,119.88999938964844,122.12999725341797,119.80000305175781,120.48999786376953,9604671.0
2025-02-18,120.22000122070312,121.5,118.51000213623047,118.77999877929688,8846745.0
2025-02-19,118.77999877929688,119.5,117.66000366210938,119.0,7401627.0
2025-02-20,118.4000015258789,119.56999969482422,117.9000015258789,118.0,6342073.0
2025-02-21,118.44999694824219,120.44999694824219,118.0199966430664,119.08000183105469,11507032.0
2025-02-24,119.08000183105469,123.72000122070312,118.80000305175781,121.8499984741211,17295187.0
2025-02-25,121.0999984741211,121.36000061035156,119.5,119.9000015258789,8056661.0
2025-02-26,119.61000061035156,121.80999755859375,118.12000274658203,121.58000183105469,10932675.0
2025-02-27,121.19999694824219,127.98999786376953,120.80000305175781,127.77999877929688,28453938.0
2025-02-28,127.0,130.10000610351562,126.19000244140625,126.45999908447266,17523547.0
2025-03-03,126.45999908447266,130.1999969482422,124.3499984741211,125.0,11404355.0
2025-03-04,124.0999984741211,124.98999786376953,122.19999694824219,123.4800033569336,8346613.0
2025-03-05,123.55000305175781,124.26000213623047,122.29000091552734,123.7300033569336,7712116.0
2025-03-06,124.0,126.5,122.55999755859375,126.18000030517578,9968818.0
2025-03-07,125.5199966430664,132.5,125.01000213623047,131.41000366210938,21551039.0
2025-03-10,131.41000366210938,132.77999877929688,129.8300018310547,132.1199951171875,11591899.0
2025-03-11,131.0,137.0,130.14999389648438,136.8300018310547,20269463.0
2025-03-12,136.82000732421875,138.1300048828125,134.6199951171875,135.77999877929688,12472777.0
2025-03-13,135.5399932861328,138.1199951171875,135.0,135.25999450683594,9057499.0
2025-03-14,137.0,145.5,136.86000061035156,143.61000061035156,28768424.0
2025-03-17,144.8000030517578,146.72000122070312,141.39999389648438,142.94000244140625,19066501.0
2025-03-18,143.24000549316406,143.60000610351562,140.55999755859375,143.3699951171875,11045871.0
2025-03-19,142.5,143.27000427246094,137.8000030517578,139.02000427246094,17924444.0
2025-03-20,138.0,138.7899932861328,134.89999389648438,135.16000366210938,13324453.0
2025-03-21,134.42999267578125,137.44000244140625,130.67999267578125,130.67999267578125,14683607.0
2025-03-24,131.4499969482422,133.49000549316406,129.9199981689453,132.75,12375106.0
2025-03-25,132.75999450683594,133.0,130.50999450683594,131.5800018310547,8309676.0
2025-03-26,131.5,133.1999969482422,131.2100067138672,132.11000061035156,6419199.0
2025-03-27,131.8300018310547,134.52999877929688,130.8800048828125,134.1199951171875,7732756.0
2025-03-28,134.16000366210938,134.60000610351562,131.6300048828125,132.3000030517578,6700212.0
2025-03-31,132.3000030517578,132.3000030517578,129.1300048828125,129.72000122070312,9044328.0
2025-04-01,129.72000122070312,131.6999969482422,129.27000427246094,130.88999938964844,5435270.0
2025-04-02,130.52000427246094,131.9499969482422,129.41000366210938,129.7100067138672,5768268.0
2025-04-03,128.1699981689453,132.97999572753906,128.0800018310547,132.5800018310547,8646909.0
2025-04-07,127.30000305175781,129.6699981689453,120.80000305175781,125.55999755859375,19007423.0
2025-04-08,125.5,129.1999969482422,125.30000305175781,129.0,14687467.0
2025-04-09,127.55000305175781,132.5,127.16999816894531,131.6699981689453,12679511.0
2025-04-10,132.67999267578125,133.5,129.72999572753906,132.8000030517578,9945993.0
2025-04-11,131.91000366210938,132.67999267578125,128.39999389648438,130.1699981689453,11423449.0
2025-04-14,130.00999450683594,131.8699951171875,128.97999572753906,129.47000122070312,8376681.0
2025-04-15,129.0,130.75999450683594,128.61000061035156,130.2100067138672,6460269.0
2025-04-16,129.9499969482422,131.3800048828125,129.10000610351562,131.0,6607019.0
2025-04-17,130.42999267578125,133.3000030517578,129.89999389648438,132.3300018310547,8068659.0
2025-04-18,132.1999969482422,133.1199951171875,131.0,131.8000030517578,5344236.0
2025-04-21,131.5800018310547,131.64999389648438,129.1300048828125,129.60000610351562,8084330.0
2025-04-22,129.30999755859375,130.3300018310547,127.91000366210938,129.13999938964844,8077469.0
2025-04-23,129.2899932861328,129.75,128.0,128.64999389648438,6976609.0
2025-04-24,128.60000610351562,128.8000030517578,126.51000213623047,126.55000305175781,8419231.0
2025-04-25,126.0,127.54000091552734,125.01000213623047,125.36000061035156,7813031.0
2025-04-28,125.36000061035156,127.91000366210938,125.30999755859375,125.5999984741211,7899515.0
2025-04-29,124.87999725341797,125.29000091552734,123.19999694824219,123.5999984741211,8002169.0
2025-04-30,123.63999938964844,125.18000030517578,123.45999908447266,123.73999786376953,5804209.0
2025-05-06,123.87000274658203,125.66000366210938,123.5,125.47000122070312,6655137.0
2025-05-07,126.52999877929688,127.88999938964844,125.51000213623047,125.87000274658203,6533192.0
2025-05-08,125.18000030517578,128.3300018310547,124.31999969482422,127.18000030517578,6790272.0
2025-05-09,126.69000244140625,126.87999725341797,126.0,126.36000061035156,4089982.0
2025-05-12,126.68000030517578,127.19999694824219,125.80000305175781,126.58999633789062,5825960.0
2025-05-13,127.16000366210938,127.16000366210938,125.9000015258789,126.0,4992654.0
2025-05-14,126.0,131.6999969482422,125.36000061035156,130.13999938964844,14811002.0
2025-05-15,129.39999389648438,131.44000244140625,128.22999572753906,128.2899932861328,6572902.0
2025-05-16,128.00999450683594,128.49000549316406,125.79000091552734,126.29000091552734,6655706.0
2025-05-19,123.27999877929688,124.38999938964844,122.51000213623047,122.9800033569336,13275845.0
2025-05-20,122.77999877929688,123.18000030517578,121.58999633789062,122.66999816894531,7618359.0
2025-05-21,122.69000244140625,123.38999938964844,122.54000091552734,122.69000244140625,5774194.0
2025-05-22,122.69999694824219,122.87999725341797,121.9000015258789,122.0999984741211,6158770.0
2025-05-23,122.94999694824219,123.13999938964844,121.80000305175781,121.83999633789062,5725861.0
2025-05-26,121.5,121.88999938964844,119.30000305175781,119.51000213623047,9716283.0
2025-05-27,119.41000366210938,120.37999725341797,118.80000305175781,119.18000030517578,6096410.0
2025-05-28,119.19999694824219,119.48999786376953,118.41000366210938,119.0,5902907.0
2025-05-29,119.01000213623047,119.51000213623047,118.19999694824219,119.08999633789062,6133079.0
2025-05-30,118.66000366210938,118.88999938964844,116.5999984741211,116.91999816894531,11247530.0
2025-06-03,116.01000213623047,116.06999969482422,114.9000015258789,115.4000015258789,11254024.0
2025-06-04,115.36000061035156,116.0,114.58000183105469,114.98999786376953,8955388.0
2025-06-05,115.0,116.4000015258789,115.0,116.25,8063374.0
2025-06-06,116.25,116.94999694824219,115.80000305175781,116.13999938964844,6849326.0
2025-06-09,115.80999755859375,116.88999938964844,115.4000015258789,116.25,7539407.0
2025-06-10,116.23999786376953,116.23999786376953,114.52999877929688,115.27999877929688,11626036.0
2025-06-11,115.0999984741211,116.37999725341797,115.0999984741211,115.18000030517578,8678323.0
2025-06-12,115.0,115.0,113.12999725341797,113.16999816894531,16566381.0
2025-06-13,112.05000305175781,112.44000244140625,108.4800033569336,109.08000183105469,21226937.0
2025-06-16,107.61000061035156,109.19999694824219,106.75,108.80000305175781,15101436.0
2025-06-17,108.66000366210938,110.4800033569336,108.0999984741211,109.9800033569336,10087128.0
2025-06-18,111.69999694824219,112.0,109.93000030517578,110.31999969482422,11154869.0
2025-06-19,109.98999786376953,111.9800033569336,109.9800033569336,111.01000213623047,11736260.0
2025-06-20,111.01000213623047,114.68000030517578,111.01000213623047,114.0999984741211,17573822.0
2025-06-23,112.80000305175781,114.4000015258789,111.68000030517578,113.76000213623047,8797145.0
2025-06-24,113.80999755859375,114.76000213623047,113.45999908447266,114.2300033569336,7392221.0
2025-06-25,114.2300033569336,115.27999877929688,112.72000122070312,113.69999694824219,9476505.0
2025-06-26,113.7300033569336,114.4000015258789,113.1500015258789,113.88999938964844,6536483.0
2025-06-27,113.22000122070312,113.7300033569336,112.80000305175781,112.81999969482422,7530734.0
2025-06-30,112.94999694824219,113.69999694824219,111.87999725341797,113.4000015258789,9250534.0
2025-07-01,113.01000213623047,113.19000244140625,112.19999694824219,112.5,6346328.0
2025-07-02,112.5,114.25,112.5,112.80000305175781,9388593.0
2025-07-03,112.80999755859375,113.91999816894531,112.41999816894531,112.9000015258789,6967431.0
2025-07-04,112.5999984741211,114.37000274658203,112.5,113.93000030517578,8534074.0
2025-07-07,113.93000030517578,114.2699966430664,113.05000305175781,113.2300033569336,6312691.0
2025-07-08,113.05000305175781,114.05999755859375,112.80000305175781,114.0,7544394.0
2025-07-09,113.9000015258789,115.66999816894531,113.66000366210938,114.36000061035156,10173927.0
2025-07-10,114.0999984741211,116.88999938964844,113.80000305175781,116.66000366210938,12748565.0
2025-07-11,115.88999938964844,119.58000183105469,115.87999725341797,119.0999984741211,18551460.0
2025-07-14,118.5,120.55000305175781,117.95999908447266,119.97000122070312,10903174.0
2025-07-15,118.81999969482422,119.77999877929688,118.36000061035156,118.94999694824219,9361363.0
2025-07-16,118.69999694824219,121.54000091552734,118.58999633789062,120.69000244140625,8893021.0
2025-07-17,120.11000061035156,121.5,119.4800033569336,120.6500015258789,8205666.0
2025-07-18,120.66000366210938,125.87999725341797,120.13999938964844,124.80000305175781,17373392.0
2025-07-21,124.5,125.01000213623047,123.3499984741211,123.75,8426000.0
2025-07-22,123.7300033569336,129.66000366210938,123.7300033569336,129.3800048828125,16783030.0
2025-07-23,129.3800048828125,130.75,128.0,128.3800048828125,11075931.0
2025-07-24,128.38999938964844,128.5800018310547,127.0,128.19000244140625,8364228.0
2025-07-25,128.1999969482422,128.38999938964844,124.0,124.83000183105469,12016007.0
2025-07-28,124.5999984741211,124.98999786376953,122.38999938964844,124.04000091552734,11167554.0
2025-07-29,123.87999725341797,124.61000061035156,122.69000244140625,124.30000305175781,7359086.0
2025-07-30,124.30000305175781,128.1300048828125,124.30000305175781,127.08999633789062,13282781.0
2025-07-31,126.62999725341797,126.62999725341797,122.69999694824219,122.9000015258789,11087839.0
2025-08-01,122.69999694824219,123.27999877929688,121.7699966430664,123.05999755859375,6948094.0
2025-08-04,123.30000305175781,124.30000305175781,122.62000274658203,124.05000305175781,5902249.0
2025-08-05,124.08999633789062,127.48999786376953,124.08000183105469,127.01000213623047,9419227.0
2025-08-06,126.86000061035156,127.98999786376953,126.27999877929688,127.58000183105469,5604391.0
2025-08-07,127.18000030517578,129.49000549316406,127.18000030517578,128.39999389648438,9411529.0
2025-08-08,123.86000061035156,123.86000061035156,120.87999725341797,122.1500015258789,8089915.0
2025-08-11,122.22000122070312,126.19999694824219,122.22000122070312,126.08000183105469,11393331.0
2025-08-12,126.08000183105469,130.69000244140625,125.0199966430664,125.43000030517578,17352522.0
2025-08-13,125.4000015258789,126.61000061035156,124.01000213623047,125.76000213623047,9070610.0
2025-08-14,125.76000213623047,127.62999725341797,124.52999877929688,124.68000030517578,8695593.0
2025-08-15,123.9000015258789,125.19000244140625,123.16000366210938,124.69999694824219,8648937.0
2025-08-18,124.66000366210938,126.11000061035156,124.19999694824219,124.83000183105469,10087155.0
2025-08-19,124.80000305175781,128.57000732421875,124.25,126.4000015258789,15026308.0
2025-08-20,125.69999694824219,132.5,125.68000030517578,130.30999755859375,22875087.0
2025-08-21,130.4499969482422,131.9199981689453,129.27999877929688,129.64999389648438,10027039.0
2025-08-22,129.63999938964844,130.8000030517578,128.77000427246094,130.69000244140625,8999500.0
2025-08-25,132.5,139.0,131.60000610351562,138.99000549316406,21462428.0
2025-08-26,138.0,143.0,136.82000732421875,140.8300018310547,17817766.0
2025-08-27,139.8000030517578,139.82000732421875,133.22000122070312,133.82000732421875,20028507.0
2025-08-28,132.8000030517578,134.66000366210938,130.5,133.72000122070312,12374958.0
2025-08-29,133.94000244140625,138.5800018310547,133.89999389648438,137.19000244140625,14416288.0
2025-09-01,136.0,137.13999938964844,134.1999969482422,135.85000610351562,11846641.0
2025-09-02,135.75,141.0800018310547,135.27999877929688,137.0500030517578,16285276.0
2025-09-03,137.47000122070312,140.8000030517578,134.00999450683594,135.58999633789062,10301298.0
2025-09-04,135.0,135.6300048828125,132.1999969482422,134.08999633789062,9682423.0
2025-09-05,134.0800018310547,136.22999572753906,132.50999450683594,135.89999389648438,8191939.0
2025-09-08,136.0,140.0,135.42999267578125,139.8800048828125,14216539.0
2025-09-09,139.41000366210938,140.55999755859375,137.60000610351562,140.30999755859375,9628793.0
2025-09-10,140.3000030517578,142.3699951171875,137.72000122070312,139.5800018310547,12466650.0
2025-09-11,139.0,140.88999938964844,138.3000030517578,140.4600067138672,9278869.0
2025-09-12,140.4600067138672,144.27999877929688,138.89999389648438,139.0,10655893.0
2025-09-15,138.38999938964844,139.8000030517578,137.6999969482422,139.10000610351562,7059268.0
2025-09-16,139.17999267578125,139.4600067138672,136.89999389648438,138.4499969482422,6103958.0
2025-09-17,138.0,139.10000610351562,136.3699951171875,137.0,6988721.0
2025-09-18,137.0500030517578,137.5800018310547,132.52000427246094,133.6999969482422,11694985.0
2025-09-19,133.0,135.27999877929688,131.9499969482422,134.85000610351562,8542139.0
2025-09-22,134.5,135.0800018310547,131.8800048828125,133.5800018310547,8094116.0
2025-09-23,133.57000732421875,134.47000122070312,132.0,132.61000061035156,6126806.0
2025-09-24,132.2100067138672,133.0,131.32000732421875,131.91000366210938,6262095.0
2025-09-25,131.85000610351562,132.17999267578125,129.44000244140625,129.4600067138672,9712219.0
2025-09-26,128.8300018310547,129.3000030517578,126.80999755859375,127.58000183105469,12710627.0
2025-09-29,128.82000732421875,133.77000427246094,128.0,133.05999755859375,16023345.0
2025-09-30,132.14999389648438,133.6999969482422,130.0500030517578,131.9199981689453,10255238.0
2025-10-09,130.02000427246094,130.72999572753906,127.05999755859375,129.86000061035156,12487311.0
2025-10-10,129.35000610351562,130.64999389648438,128.60000610351562,128.8699951171875,7950076.0
2025-10-13,127.0,128.0,126.69999694824219,127.30000305175781,7787267.0
2025-10-14,128.0,133.66000366210938,126.94999694824219,132.64999389648438,18560169.0
2025-10-15,131.6999969482422,135.74000549316406,131.4600067138672,134.6199951171875,11413077.0
2025-10-16,133.8000030517578,137.3000030517578,133.8000030517578,137.0500030517578,10630292.0
2025-10-17,136.5500030517578,137.63999938964844,134.85000610351562,135.0,7875320.0
2025-10-20,135.0,135.0800018310547,132.5,133.14999389648438,8147329.0
2025-10-21,133.0,136.2899932861328,132.5800018310547,134.2100067138672,7826160.0
2025-10-22,133.9499969482422,136.2899932861328,133.50999450683594,134.6699981689453,5622342.0
2025-10-23,133.97999572753906,136.8000030517578,133.27999877929688,136.5800018310547,7774581.0
2025-10-24,136.0,136.30999755859375,129.89999389648438,130.24000549316406,15693033.0
2025-10-27,129.0,131.3000030517578,128.60000610351562,129.39999389648438,9415683.0
2025-10-28,129.38999938964844,132.72999572753906,129.35000610351562,130.49000549316406,7159421.0
2025-10-29,130.39999389648438,130.88999938964844,128.88999938964844,129.8699951171875,5785212.0
2025-10-30,129.5,132.17999267578125,129.0,129.8800048828125,7914413.0
2025-10-31,130.3300018310547,136.89999389648438,130.3300018310547,134.5399932861328,19063560.0
2025-11-03,133.97999572753906,136.5500030517578,132.32000732421875,135.0399932861328,9952938.0
2025-11-04,135.02999877929688,135.10000610351562,132.19000244140625,133.10000610351562,6796659.0
2025-11-05,132.0,134.67999267578125,131.4600067138672,132.1699981689453,6164267.0
2025-11-06,133.39999389648438,134.5,131.66000366210938,131.89999389648438,6784954.0
2025-11-07,131.4499969482422,133.22000122070312,131.39999389648438,131.64999389648438,5388745.0
2025-11-10,131.64999389648438,143.57000732421875,131.10000610351562,142.49000549316406,28469814.0
2025-11-11,141.0,142.4199981689453,138.4499969482422,141.63999938964844,16129169.0
2025-11-12,141.49000549316406,143.8000030517578,141.0,141.8699951171875,10080933.0
2025-11-13,141.66000366210938,144.97999572753906,140.24000549316406,143.32000732421875,11411556.0
2025-11-14,142.89999389648438,145.8800048828125,139.61000061035156,139.6199951171875,9474533.0
2025-11-17,139.10000610351562,141.1699981689453,138.47000122070312,140.0,7802610.0
2025-11-18,139.94000244140625,142.52999877929688,138.89999389648438,139.75,7871781.0
2025-11-19,139.02000427246094,139.9600067138672,136.72999572753906,137.13999938964844,7977921.0
2025-11-20,137.42999267578125,139.2100067138672,136.55999755859375,136.85000610351562,5630106.0
2025-11-21,136.0,138.88999938964844,133.88999938964844,134.1999969482422,10177131.0
2025-11-24,134.6999969482422,136.0,132.41000366210938,132.9199981689453,8916136.0
2025-11-25,132.9199981689453,133.94000244140625,132.00999450683594,133.58999633789062,7183720.0
2025-11-26,133.58999633789062,135.3000030517578,133.5,134.92999267578125,6171939.0
2025-11-27,135.13999938964844,136.10000610351562,133.86000061035156,135.00999450683594,6153900.0
2025-11-28,135.02000427246094,136.47999572753906,134.2100067138672,135.8800048828125,5609216.0
2025-12-01,136.0,138.36000061035156,134.5500030517578,135.75999450683594,6305216.0
2025-12-02,135.0,136.1699981689453,133.69000244140625,133.69000244140625,4661914.0
2025-12-03,134.0,134.0800018310547,132.0,132.6999969482422,4813797.0
2025-12-04,132.4199981689453,132.7899932861328,126.95999908447266,127.70999908447266,14035050.0
2025-12-05,127.68000030517578,128.66000366210938,127.0,128.35000610351562,5555184.0
2025-12-08,127.5999984741211,128.2899932861328,125.0,125.37999725341797,11742648.0
2025-12-09,125.0,125.05999755859375,121.0999984741211,122.12000274658203,12711894.0
2025-12-10,121.61000061035156,123.29000091552734,120.01000213623047,122.62000274658203,8299471.0
2025-12-11,122.5999984741211,123.5,121.36000061035156,121.4000015258789,5169935.0
2025-12-12,122.1500015258789,124.45999908447266,121.20999908447266,122.9800033569336,12879574.0
2025-12-15,124.47000122070312,125.68000030517578,122.75,122.80999755859375,9519384.0
2025-12-16,122.0199966430664,123.22000122070312,121.66000366210938,122.86000061035156,5232686.0
2025-12-17,122.58000183105469,123.20999908447266,120.75,122.11000061035156,7840578.0
2025-12-18,121.9000015258789,122.8499984741211,121.5,121.97000122070312,5105821.0
2025-12-19,121.97000122070312,122.5199966430664,121.3499984741211,122.08999633789062,6712305.0
2025-12-22,121.69000244140625,123.0999984741211,121.13999938964844,121.33000183105469,8054542.0
2025-12-23,121.19000244140625,121.31999969482422,119.51000213623047,120.4000015258789,7193371.0
2025-12-24,120.12000274658203,120.37999725341797,119.30999755859375,119.94000244140625,5259257.0
2025-12-25,119.48999786376953,122.12000274658203,119.48999786376953,120.72000122070312,8192097.0
2025-12-26,120.01000213623047,120.75,119.1500015258789,119.38999938964844,7343791.0
2025-12-29,119.25,119.25,117.0,117.20999908447266,9890591.0
2025-12-30,117.16999816894531,118.0999984741211,116.69999694824219,117.8499984741211,5283200.0
2025-12-31,117.52999877929688,117.83999633789062,116.0999984741211,116.22000122070312,5839418.0
2026-01-05,116.22000122070312,118.37999725341797,116.22000122070312,118.0,8781463.0
2026-01-06,118.0,118.66000366210938,116.69000244140625,118.62000274658203,10974756.0
2026-01-07,118.6500015258789,118.80000305175781,116.83999633789062,117.12000274658203,9367641.0
2026-01-08,117.08000183105469,117.37999725341797,115.5199966430664,116.58999633789062,7233119.0
2026-01-09,117.58000183105469,118.56999969482422,116.30000305175781,116.86000061035156,8651180.0
2026-01-12,116.87000274658203,120.11000061035156,116.80000305175781,119.29000091552734,12964117.0
2026-01-13,119.29000091552734,120.4800033569336,117.63999938964844,118.0,12514426.0
2026-01-14,117.22000122070312,119.44000244140625,115.8499984741211,116.86000061035156,13697485.0
2026-01-15,115.0999984741211,117.16000366210938,115.01000213623047,115.36000061035156,8774097.0
2026-01-16,115.55000305175781,115.98999786376953,113.7300033569336,114.27999877929688,9085101.0
2026-01-19,114.06999969482422,114.5999984741211,113.30000305175781,113.58999633789062,7283334.0
2026-01-20,113.4000015258789,116.8499984741211,112.94999694824219,116.26000213623047,15007920.0
2026-01-21,115.61000061035156,115.9800033569336,113.11000061035156,113.18000030517578,10695898.0
2026-01-22,113.33000183105469,114.13999938964844,112.22000122070312,112.3499984741211,8235413.0
2026-01-23,112.3499984741211,113.58000183105469,111.91000366210938,112.04000091552734,8429404.0
2026-01-26,112.05999755859375,113.08999633789062,109.4000015258789,112.43000030517578,16092518.0
2026-01-27,112.5999984741211,113.47000122070312,110.36000061035156,112.36000061035156,12121972.0
2026-01-28,112.0,114.5,111.55000305175781,112.94000244140625,13800938.0
2026-01-29,113.58000183105469,124.2300033569336,113.0999984741211,124.2300033569336,38936289.0
2026-01-30,123.16999816894531,124.79000091552734,120.62000274658203,120.9000015258789,31515526.0
2026-02-02,119.18000030517578,126.36000061035156,118.95999908447266,122.0,26849892.0
2026-02-03,120.94000244140625,124.2699966430664,120.3499984741211,122.30000305175781,14273630.0
2026-02-04,121.5199966430664,127.37000274658203,121.0,126.30000305175781,22480045.0
2026-02-05,125.4000015258789,127.91000366210938,125.05000305175781,125.45999908447266,15871076.0
2026-02-06,125.48999786376953,126.77999877929688,122.41000366210938,122.83000183105469,12251527.0
2026-02-09,122.87999725341797,123.41999816894531,120.20999908447266,121.29000091552734,14698272.0
2026-02-10,121.0,121.0,117.5999984741211,118.19000244140625,12866212.0
2026-02-11,118.18000030517578,118.73999786376953,117.0,117.94000244140625,8572875.0
2026-02-12,117.55000305175781,117.94000244140625,115.56999969482422,115.62000274658203,9332215.0
2026-02-13,116.01000213623047,117.5199966430664,115.11000061035156,116.25,9280111.0
2026-02-24,116.8499984741211,117.5199966430664,112.4800033569336,112.5,12607302.0
2026-02-25,112.77999877929688,113.7699966430664,112.5999984741211,112.91999816894531,8764349.0
2026-02-26,112.55000305175781,112.91999816894531,110.44000244140625,111.0,10440141.0
2026-02-27,111.04000091552734,111.48999786376953,110.3499984741211,110.5,6481263.0
2026-03-02,108.9800033569336,110.18000030517578,107.5999984741211,108.16999816894531,10817375.0
2026-03-03,107.88999938964844,110.4000015258789,106.80999755859375,107.5,12431724.0
2026-03-04,106.80999755859375,106.80999755859375,103.0,103.63999938964844,15604436.0
2026-03-05,104.30000305175781,104.88999938964844,103.43000030517578,103.93000030517578,6285320.0
2026-03-06,103.44000244140625,106.19999694824219,103.20999908447266,105.9800033569336,8045189.0
2026-03-09,104.4000015258789,105.80999755859375,104.02999877929688,105.01000213623047,6622794.0
2026-03-10,105.5199966430664,105.94999694824219,104.8499984741211,105.06999969482422,6033692.0
2026-03-11,105.08000183105469,105.18000030517578,104.05999755859375,104.80000305175781,7111309.0
2026-03-12,104.75,105.76000213623047,103.88999938964844,105.18000030517578,7422666.0
2026-03-13,106.1500015258789,108.79000091552734,105.41000366210938,107.86000061035156,13109496.0
2026-03-16,107.5,110.33000183105469,107.19999694824219,108.62000274658203,11696323.0
2026-03-17,108.08000183105469,110.18000030517578,107.69999694824219,108.12999725341797,8206227.0
2026-03-18,108.0,108.41000366210938,106.16000366210938,106.8499984741211,5697700.0
2026-03-19,106.0,106.80000305175781,105.12999725341797,105.4000015258789,4917486.0
2026-03-20,105.55000305175781,106.77999877929688,104.8499984741211,105.19999694824219,5104025.0
2026-03-23,104.0,104.1500015258789,102.04000091552734,102.44000244140625,8641529.0
2026-03-24,103.63999938964844,103.80000305175781,101.87999725341797,103.38999938964844,5401255.0
2026-03-25,103.6500015258789,103.87999725341797,103.0,103.83999633789062,5071209.0
2026-03-26,103.5,104.37999725341797,101.77999877929688,101.9000015258789,7355226.0
2026-03-27,101.4000015258789,104.44000244140625,101.19999694824219,103.77999877929688,7647566.0
2026-03-30,103.0,106.2300033569336,102.55999755859375,105.30000305175781,8062033.0
2026-03-31,107.3499984741211,108.5,104.5999984741211,104.68000030517578,8996592.0
2026-04-01,105.80999755859375,107.30000305175781,104.0,106.26000213623047,6659368.0
2026-04-02,105.48999786376953,106.88999938964844,105.22000122070312,105.95999908447266,4483582.0
2026-04-03,105.9000015258789,106.5,104.0999984741211,104.2699966430664,4346404.0
2026-04-07,104.2699966430664,104.9000015258789,102.77999877929688,103.48999786376953,4472673.0
2026-04-08,104.58000183105469,105.02999877929688,104.01000213623047,105.02999877929688,5664161.0
2026-04-09,104.30000305175781,104.77999877929688,102.55999755859375,102.80000305175781,7059079.0
2026-04-10,103.48999786376953,103.48999786376953,102.19999694824219,102.51000213623047,8540755.0
2026-04-13,102.0,102.54000091552734,101.37999725341797,102.43000030517578,5596485.0
2026-04-14,102.47000122070312,103.30999755859375,101.5999984741211,103.20999908447266,7605750.0
2026-04-15,103.20999908447266,103.80999755859375,102.19999694824219,103.08999633789062,7303144.0
2026-04-16,102.7699966430664,103.55999755859375,102.44999694824219,103.05000305175781,5950877.0
2026-04-17,101.0,101.5,100.55999755859375,101.19999694824219,9256034.0
2026-04-20,101.0,101.33000183105469,100.19999694824219,100.6500015258789,7721370.0
2026-04-21,100.5,101.12000274658203,100.4000015258789,100.61000061035156,4455793.0
2026-04-22,100.62999725341797,100.62999725341797,99.72000122070312,100.23999786376953,8120880.0
2026-04-23,100.5,103.16000366210938,100.4800033569336,101.8499984741211,11547755.0
2026-04-24,100.9000015258789,103.55000305175781,100.25,102.62999725341797,10851242.0
2026-04-27,101.5,101.87000274658203,100.19999694824219,100.3499984741211,7379413.0
2026-04-28,100.37000274658203,101.37000274658203,99.80000305175781,100.19999694824219,6718251.0
2026-04-29,100.5,103.0,100.37999725341797,101.7300033569336,12244425.0
2026-04-30,101.33999633789062,102.0999984741211,100.02999877929688,100.0999984741211,8984439.0
2026-05-06,97.0,98.4000015258789,95.5,98.33000183105469,19221474.0
2026-05-07,98.27999877929688,100.3499984741211,98.0,99.05000305175781,11076146.0
2026-05-08,98.98999786376953,99.0199966430664,97.5,97.52999877929688,6855470.0
2026-05-11,97.44999694824219,98.33000183105469,96.30000305175781,96.91000366210938,9919793.0
2026-05-12,96.80999755859375,96.9000015258789,94.30000305175781,94.77999877929688,13876336.0
2026-05-13,94.79000091552734,95.18000030517578,92.22000122070312,92.69999694824219,11837384.0
2026-05-14,92.62999725341797,96.19000244140625,92.31999969482422,94.3499984741211,15180601.0
2026-05-15,92.80000305175781,93.19999694824219,90.75,91.0,13697805.0
2026-05-18,91.0,91.48999786376953,89.88999938964844,89.97000122070312,8217133.0
2026-05-19,90.12000274658203,92.4000015258789,90.12000274658203,90.33000183105469,9012175.0
2026-05-20,90.1500015258789,93.30000305175781,90.02999877929688,92.19999694824219,12216917.0
2026-05-21,92.0,93.87999725341797,91.20999908447266,91.41999816894531,9684505.0
2026-05-22,91.41000366210938,91.97000122070312,89.69000244140625,90.0199966430664,7819870.0
2026-05-25,89.41000366210938,93.5,88.87999725341797,91.8499984741211,13688897.0
2026-05-26,91.2699966430664,93.25,90.25,90.77999877929688,10925094.0
2026-05-27,90.4800033569336,93.69999694824219,88.30000305175781,91.9800033569336,20886922.0
2026-05-28,90.08999633789062,90.86000061035156,88.98999786376953,89.0199966430664,11249442.0
2026-05-29,88.61000061035156,92.37999725341797,88.55999755859375,91.04000091552734,20103081.0
2026-06-01,90.91000366210938,91.37999725341797,89.4000015258789,90.4000015258789,14082175.0
2026-06-02,89.5999984741211,90.83000183105469,88.30999755859375,88.5,14551383.0
2026-06-03,88.12999725341797,88.52999877929688,86.36000061035156,87.55000305175781,11904758.0
2026-06-04,87.4000015258789,88.33000183105469,86.5999984741211,86.5999984741211,7355230.0
2026-06-05,87.04000091552734,88.18000030517578,86.44000244140625,86.87999725341797,7387256.0
2026-06-08,86.5999984741211,87.4000015258789,84.51000213623047,84.55999755859375,10597993.0
2026-06-09,84.4800033569336,84.9000015258789,83.5,84.44999694824219,7777673.0
2026-06-10,84.37999725341797,86.68000030517578,84.02999877929688,85.41000366210938,12827655.0
2026-06-11,84.51000213623047,85.9800033569336,84.36000061035156,85.4800033569336,9364052.0
2026-06-12,85.04000091552734,86.55999755859375,84.55999755859375,85.0,14193939.0
2026-06-15,85.12000274658203,85.77999877929688,84.29000091552734,84.68000030517578,11095913.0
2026-06-16,84.33999633789062,84.62999725341797,82.72000122070312,83.27999877929688,13330254.0
2026-06-17,83.01000213623047,83.4800033569336,81.88999938964844,82.94000244140625,9411958.0
2026-06-18,82.55999755859375,82.75,80.5,80.93000030517578,11627889.0
2026-06-22,80.08000183105469,82.4800033569336,79.23999786376953,81.2699966430664,18012986.0
2026-06-23,80.70999908447266,82.30000305175781,78.6500015258789,78.87000274658203,16472770.0
2026-06-24,78.69999694824219,79.55000305175781,76.8499984741211,76.87000274658203,13564854.0
2026-06-25,76.45999908447266,79.66000366210938,76.25,78.37999725341797,17496339.0
2026-06-26,78.30999755859375,79.23999786376953,75.19999694824219,75.19999694824219,14726302.0
2026-06-29,75.0,77.26000213623047,73.37000274658203,76.20999908447266,19381760.0
2026-06-30,75.5199966430664,78.27999877929688,75.0999984741211,77.5199966430664,17023996.0
2026-07-01,77.20999908447266,78.5999984741211,76.41000366210938,77.9800033569336,12543119.0
2026-07-02,77.91999816894531,79.11000061035156,76.87999725341797,77.16999816894531,11576166.0
2026-07-03,77.44999694824219,78.55999755859375,76.5999984741211,77.19999694824219,10450460.0
2026-07-06,77.0199966430664,79.05000305175781,76.62000274658203,78.2300033569336,13435869.0
2026-07-07,78.0,78.66000366210938,76.08999633789062,76.19999694824219,8981956.0
2026-07-08,76.1500015258789,77.12000274658203,75.51000213623047,76.41000366210938,9154055.0
2026-07-09,76.08000183105469,76.4000015258789,74.61000061035156,74.91000366210938,10642537.0
2026-07-10,75.0,78.20999908447266,74.02999877929688,78.18000030517578,19818522.0
2026-07-13,77.18000030517578,77.4800033569336,76.05999755859375,76.75,11485515.0
2026-07-14,76.80000305175781,77.9800033569336,76.3499984741211,77.6500015258789,10860609.0
2026-07-15,76.80999755859375,83.61000061035156,76.11000061035156,83.12000274658203,26563633.0
2026-07-16,83.11000061035156,85.06999969482422,82.66000366210938,84.18000030517578,19022649.0
2026-07-17,84.16000366210938,85.62000274658203,81.94999694824219,82.45999908447266,19096481.0
2026-07-20,83.5,88.43000030517578,83.5,87.68000030517578,29396119.0
2026-07-21,86.5999984741211,88.45999908447266,84.44999694824219,85.22000122070312,29316388.0
2026-07-22,84.5999984741211,86.8499984741211,83.0999984741211,86.80000305175781,17887439.0
2026-07-23,85.86000061035156,86.37999725341797,84.36000061035156,85.12999725341797,11186059.0
2026-07-24,84.58000183105469,85.66000366210938,83.0,83.01000213623047,9752307.0
2026-07-27,83.55999755859375,84.6500015258789,82.91000366210938,83.7300033569336,8174161.0
2026-07-28,84.0199966430664,87.05000305175781,83.62999725341797,87.0,16608799.0
2026-07-29,87.0,89.5,86.55000305175781,88.2300033569336,17843501.0
2026-07-30,88.2300033569336,92.20999908447266,87.94999694824219,90.54000091552734,19763082.0
2026-07-31,87.87999725341797,91.1500015258789,87.51000213623047,90.93000030517578,15134638.0
2026-08-03,90.4000015258789,91.33999633789062,89.80999755859375,90.38999938964844,9261837.0
2026-08-04,90.1500015258789,90.58000183105469,88.22000122070312,89.30000305175781,11314681.0
2026-08-05,88.7699966430664,88.80000305175781,86.66999816894531,87.5199966430664,13055647.0
2026-08-06,87.41000366210938,87.94000244140625,86.58000183105469,87.01000213623047,10500005.0
2026-08-07,87.0199966430664,88.88999938964844,86.1500015258789,88.63999938964844,12872283.0
2026-08-10,88.72000122070312,91.66000366210938,88.56999969482422,90.75,13473257.0
2026-08-11,90.55999755859375,91.1500015258789,89.37999725341797,90.18000030517578,8164091.0
2026-08-12,89.69000244140625,92.12000274658203,89.12999725341797,91.08999633789062,12476378.0
2026-08-13,90.5999984741211,92.73999786376953,90.26000213623047,91.77999877929688,11221850.0
2026-08-14,91.58999633789062,91.91000366210938,89.20999908447266,89.41999816894531,8830395.0
2026-08-17,87.19999694824219,87.19999694824219,85.11000061035156,86.3499984741211,16866408.0
2026-08-18,86.27999877929688,86.87999725341797,85.75,86.62000274658203,7060564.0
2026-08-19,86.4000015258789,87.30999755859375,84.0199966430664,84.5,10307095.0
2026-08-20,85.0,86.33000183105469,84.66000366210938,86.11000061035156,7959313.0
2026-08-21,86.01000213623047,86.30000305175781,84.80000305175781,85.19999694824219,5678984.0
2026-08-24,85.19999694824219,87.47000122070312,84.52999877929688,85.51000213623047,9565269.0
2026-08-25,85.52999877929688,86.29000091552734,84.0,84.7300033569336,8828898.0
2026-08-26,81.0,84.06999969482422,80.95999908447266,82.72000122070312,15920734.0
2026-08-27,82.5,82.5999984741211,80.87999725341797,81.93000030517578,11044499.0
2026-08-28,77.9800033569336,78.83000183105469,77.05000305175781,78.44000244140625,10116697.0
