date,open,high,low,close,volume
2016-08-29,9.140000343322754,9.140000343322754,8.890000343322754,8.9399995803833,50187250.0
2016-08-30,9.020000457763672,9.069999694824219,8.880000114440918,8.9399995803833,32473265.0
2016-08-31,8.930000305175781,8.960000038146973,8.779999732971191,8.789999961853027,37784430.0
2016-09-01,8.8100004196167,9.050000190734863,8.640000343322754,8.930000305175781,45385574.0
2016-09-02,8.979999542236328,9.119999885559082,8.920000076293945,9.0600004196167,32384720.0
2016-09-05,9.149999618530273,9.270000457763672,9.140000343322754,9.229999542236328,56779378.0
2016-09-06,9.210000038146973,9.25,9.130000114440918,9.25,29351657.0
2016-09-07,9.180000305175781,9.229999542236328,9.069999694824219,9.15999984741211,39364620.0
2016-09-08,9.140000343322754,9.430000305175781,9.109999656677246,9.279999732971191,54543565.0
2016-09-09,9.279999732971191,9.390000343322754,9.210000038146973,9.390000343322754,70077260.0
2016-09-12,9.100000381469727,9.130000114440918,8.90999984741211,8.960000038146973,72500646.0
2016-09-13,9.039999961853027,9.180000305175781,8.960000038146973,8.979999542236328,50851190.0
2016-09-14,9.020000457763672,9.09000015258789,8.960000038146973,9.069999694824219,25013861.0
2016-09-15,9.069999694824219,9.119999885559082,8.880000114440918,9.050000190734863,39048248.0
2016-09-19,9.300000190734863,9.40999984741211,9.180000305175781,9.210000038146973,50063226.0
2016-09-20,9.210000038146973,9.210000038146973,9.0,9.15999984741211,41401226.0
2016-09-21,9.170000076293945,9.170000076293945,9.050000190734863,9.100000381469727,17905880.0
2016-09-22,9.199999809265137,9.239999771118164,9.0600004196167,9.09000015258789,28721398.0
2016-09-23,9.6899995803833,9.6899995803833,9.430000305175781,9.479999542236328,119685873.0
2016-09-26,9.479999542236328,9.479999542236328,9.300000190734863,9.380000114440918,36943575.0
2016-09-27,9.420000076293945,9.520000457763672,9.289999961853027,9.4399995803833,41941524.0
2016-09-28,9.479999542236328,9.569999694824219,9.420000076293945,9.539999961853027,55369551.0
2016-09-29,9.600000381469727,9.729999542236328,9.449999809265137,9.550000190734863,38562616.0
2016-09-30,9.399999618530273,9.520000457763672,9.3100004196167,9.3100004196167,39353523.0
2016-10-03,9.520000457763672,9.520000457763672,9.390000343322754,9.470000267028809,29596880.0
2016-10-04,9.449999809265137,9.579999923706055,9.420000076293945,9.449999809265137,30014997.0
2016-10-05,9.40999984741211,9.550000190734863,9.40999984741211,9.470000267028809,31105045.0
2016-10-06,9.5,9.529999732971191,9.369999885559082,9.449999809265137,28687596.0
2016-10-07,9.510000228881836,9.510000228881836,9.3100004196167,9.40999984741211,32037204.0
2016-10-11,9.680000305175781,10.0,9.670000076293945,9.9399995803833,213744470.0
2016-10-12,9.9399995803833,9.9399995803833,9.65999984741211,9.75,62847183.0
2016-10-13,9.75,9.770000457763672,9.510000228881836,9.609999656677246,46946908.0
2016-10-14,9.649999618530273,9.920000076293945,9.609999656677246,9.880000114440918,55781433.0
2016-10-17,9.670000076293945,9.75,9.460000038146973,9.600000381469727,75791217.0
2016-10-18,9.550000190734863,9.680000305175781,9.5,9.59000015258789,42533965.0
2016-10-19,9.399999618530273,9.720000267028809,9.359999656677246,9.460000038146973,84944354.0
2016-10-20,9.529999732971191,9.550000190734863,9.390000343322754,9.430000305175781,97503199.0
2016-10-21,9.430000305175781,9.430000305175781,9.430000305175781,9.430000305175781,0.0
2016-10-24,9.369999885559082,9.4399995803833,9.170000076293945,9.40999984741211,65722403.0
2016-10-25,9.350000381469727,9.359999656677246,9.229999542236328,9.319999694824219,46997116.0
2016-10-26,9.279999732971191,9.289999961853027,9.15999984741211,9.199999809265137,42909477.0
2016-10-27,9.149999618530273,9.210000038146973,9.029999732971191,9.1899995803833,36922000.0
2016-10-28,9.149999618530273,9.1899995803833,9.079999923706055,9.109999656677246,32027926.0
2016-10-31,9.0600004196167,9.119999885559082,9.020000457763672,9.09000015258789,31162899.0
2016-11-01,9.029999732971191,9.199999809265137,9.029999732971191,9.140000343322754,26573042.0
2016-11-02,9.029999732971191,9.069999694824219,8.90999984741211,8.949999809265137,34124127.0
2016-11-03,9.010000228881836,9.130000114440918,8.949999809265137,9.0600004196167,45858855.0
2016-11-04,9.020000457763672,9.329999923706055,9.010000228881836,9.050000190734863,57564148.0
2016-11-07,9.119999885559082,9.15999984741211,9.029999732971191,9.09000015258789,30816567.0
2016-11-08,9.09000015258789,9.130000114440918,9.0,9.0600004196167,31626395.0
2016-11-09,9.09000015258789,9.100000381469727,8.680000305175781,8.84000015258789,67811349.0
2016-11-10,9.0,9.050000190734863,8.899999618530273,8.949999809265137,33568619.0
2016-11-11,8.899999618530273,8.920000076293945,8.550000190734863,8.600000381469727,68621392.0
2016-11-14,8.680000305175781,8.710000038146973,8.399999618530273,8.520000457763672,56274800.0
2016-11-15,8.520000457763672,8.5600004196167,8.40999984741211,8.5,43048309.0
2016-11-16,8.550000190734863,8.630000114440918,8.449999809265137,8.520000457763672,56018744.0
2016-11-17,8.5,8.770000457763672,8.449999809265137,8.729999542236328,70084694.0
2016-11-18,8.739999771118164,9.100000381469727,8.649999618530273,9.069999694824219,116319676.0
2016-11-21,9.180000305175781,9.180000305175781,8.930000305175781,9.010000228881836,44919336.0
2016-11-22,8.979999542236328,9.079999923706055,8.890000343322754,9.0600004196167,58408078.0
2016-11-23,8.979999542236328,9.020000457763672,8.84000015258789,8.920000076293945,58052682.0
2016-11-24,8.859999656677246,9.010000228881836,8.850000381469727,8.920000076293945,28812000.0
2016-11-25,8.960000038146973,8.979999542236328,8.869999885559082,8.949999809265137,15341853.0
2016-11-28,8.979999542236328,9.020000457763672,8.75,8.800000190734863,53147313.0
2016-11-29,8.699999809265137,8.90999984741211,8.699999809265137,8.770000457763672,36623097.0
2016-11-30,8.869999885559082,9.640000343322754,8.800000190734863,9.420000076293945,220258424.0
2016-12-01,9.399999618530273,9.979999542236328,9.34000015258789,9.829999923706055,180121247.0
2016-12-02,9.800000190734863,9.819999694824219,9.420000076293945,9.5,74054180.0
2016-12-05,9.5,9.569999694824219,9.350000381469727,9.40999984741211,51081324.0
2016-12-06,9.569999694824219,9.569999694824219,9.369999885559082,9.479999542236328,26245298.0
2016-12-07,9.510000228881836,9.520000457763672,9.260000228881836,9.359999656677246,42363807.0
2016-12-08,9.4399995803833,9.680000305175781,9.4399995803833,9.5,50855768.0
2016-12-09,9.569999694824219,9.699999809265137,9.430000305175781,9.699999809265137,41830867.0
2016-12-12,9.649999618530273,9.720000267028809,9.289999961853027,9.329999923706055,49737396.0
2016-12-13,9.319999694824219,9.609999656677246,9.220000267028809,9.520000457763672,41526510.0
2016-12-14,9.5,9.59000015258789,9.449999809265137,9.5,25916790.0
2016-12-15,9.390000343322754,9.420000076293945,9.149999618530273,9.210000038146973,48942754.0
2016-12-16,9.149999618530273,9.260000228881836,8.9399995803833,9.079999923706055,50427741.0
2016-12-19,9.069999694824219,9.130000114440918,8.970000267028809,9.010000228881836,23919494.0
2016-12-20,8.930000305175781,9.0600004196167,8.90999984741211,8.970000267028809,28469976.0
2016-12-21,8.899999618530273,9.260000228881836,8.899999618530273,9.029999732971191,69127934.0
2016-12-22,9.010000228881836,9.09000015258789,8.859999656677246,8.90999984741211,28394192.0
2016-12-23,8.880000114440918,9.09000015258789,8.789999961853027,8.979999542236328,34306844.0
2016-12-28,8.90999984741211,9.130000114440918,8.90999984741211,9.079999923706055,27949170.0
2016-12-29,8.949999809265137,9.069999694824219,8.949999809265137,9.010000228881836,13780247.0
2016-12-30,9.0600004196167,9.180000305175781,8.989999771118164,9.029999732971191,25647600.0
2017-01-03,9.0,9.15999984741211,9.0,9.130000114440918,22299748.0
2017-01-04,9.119999885559082,9.220000267028809,9.0600004196167,9.100000381469727,29354797.0
2017-01-05,9.100000381469727,9.300000190734863,9.09000015258789,9.210000038146973,49504354.0
2017-01-06,9.260000228881836,9.289999961853027,9.170000076293945,9.220000267028809,26087332.0
2017-01-09,9.270000457763672,9.350000381469727,9.239999771118164,9.270000457763672,22261532.0
2017-01-10,9.239999771118164,9.350000381469727,9.069999694824219,9.100000381469727,66356812.0
2017-01-11,9.100000381469727,9.130000114440918,8.850000381469727,8.930000305175781,93971643.0
2017-01-12,8.930000305175781,8.970000267028809,8.779999732971191,8.829999923706055,55397014.0
2017-01-13,8.859999656677246,8.979999542236328,8.819999694824219,8.920000076293945,41722150.0
2017-01-16,8.90999984741211,8.960000038146973,8.670000076293945,8.760000228881836,52601000.0
2017-01-17,8.760000228881836,8.850000381469727,8.6899995803833,8.850000381469727,21512461.0
2017-01-18,8.850000381469727,8.989999771118164,8.789999961853027,8.930000305175781,40222000.0
2017-01-19,8.920000076293945,8.949999809265137,8.8100004196167,8.869999885559082,30673914.0
2017-01-20,8.859999656677246,8.880000114440918,8.739999771118164,8.8100004196167,31836635.0
2017-01-23,8.859999656677246,8.899999618530273,8.789999961853027,8.829999923706055,22400180.0
2017-01-24,8.890000343322754,8.960000038146973,8.850000381469727,8.949999809265137,29329631.0
2017-01-25,8.970000267028809,8.989999771118164,8.84000015258789,8.869999885559082,60113427.0
2017-01-26,8.850000381469727,9.229999542236328,8.84000015258789,9.1899995803833,117727825.0
2017-01-27,9.1899995803833,9.300000190734863,9.149999618530273,9.220000267028809,33053888.0
2017-02-01,9.210000038146973,9.25,9.140000343322754,9.199999809265137,45705614.0
2017-02-02,9.210000038146973,9.270000457763672,9.180000305175781,9.210000038146973,30766154.0
2017-02-03,9.270000457763672,9.279999732971191,9.100000381469727,9.210000038146973,26974303.0
2017-02-06,9.279999732971191,9.279999732971191,9.180000305175781,9.210000038146973,28393687.0
2017-02-07,9.300000190734863,9.550000190734863,9.270000457763672,9.449999809265137,91884471.0
2017-02-08,9.479999542236328,9.600000381469727,9.4399995803833,9.520000457763672,62916982.0
2017-02-09,9.5600004196167,9.5600004196167,9.420000076293945,9.470000267028809,26143218.0
2017-02-10,9.520000457763672,9.630000114440918,9.470000267028809,9.489999771118164,50412980.0
2017-02-13,9.569999694824219,9.569999694824219,9.470000267028809,9.520000457763672,22435896.0
2017-02-14,9.5600004196167,9.5600004196167,9.319999694824219,9.390000343322754,35554606.0
2017-02-15,9.4399995803833,9.479999542236328,9.359999656677246,9.420000076293945,42702438.0
2017-02-16,9.390000343322754,9.460000038146973,9.289999961853027,9.350000381469727,50627287.0
2017-02-17,9.329999923706055,9.420000076293945,9.300000190734863,9.390000343322754,34768577.0
2017-02-20,9.40999984741211,9.470000267028809,9.350000381469727,9.350000381469727,20775616.0
2017-02-21,9.390000343322754,9.470000267028809,9.279999732971191,9.300000190734863,38645445.0
2017-02-22,9.380000114440918,9.380000114440918,9.279999732971191,9.319999694824219,37351591.0
2017-02-23,9.329999923706055,9.380000114440918,9.229999542236328,9.329999923706055,34264086.0
2017-02-24,9.300000190734863,9.710000038146973,9.279999732971191,9.600000381469727,106889501.0
2017-02-27,9.630000114440918,9.850000381469727,9.489999771118164,9.529999732971191,56111722.0
2017-02-28,9.510000228881836,9.539999961853027,9.359999656677246,9.4399995803833,43114262.0
2017-03-01,9.4399995803833,9.59000015258789,9.34000015258789,9.430000305175781,39031968.0
2017-03-02,9.479999542236328,9.489999771118164,9.34000015258789,9.380000114440918,32860827.0
2017-03-03,9.319999694824219,9.390000343322754,9.25,9.319999694824219,50202315.0
2017-03-06,9.270000457763672,9.359999656677246,9.220000267028809,9.319999694824219,48388656.0
2017-03-07,9.3100004196167,9.539999961853027,9.260000228881836,9.380000114440918,40127846.0
2017-03-08,9.300000190734863,9.729999542236328,9.279999732971191,9.579999923706055,88305676.0
2017-03-09,9.489999771118164,9.630000114440918,9.489999771118164,9.539999961853027,38260193.0
2017-03-10,9.5,9.569999694824219,9.420000076293945,9.550000190734863,33321328.0
2017-03-13,9.569999694824219,9.609999656677246,9.460000038146973,9.59000015258789,38793765.0
2017-03-14,9.5600004196167,9.670000076293945,9.460000038146973,9.550000190734863,31321188.0
2017-03-15,9.550000190734863,9.59000015258789,9.5,9.5600004196167,24220809.0
2017-03-16,9.979999542236328,10.119999885559082,9.789999961853027,10.0600004196167,247031099.0
2017-03-17,10.140000343322754,10.420000076293945,10.100000381469727,10.300000190734863,144718160.0
2017-03-20,10.300000190734863,10.479999542236328,10.15999984741211,10.199999809265137,52838312.0
2017-03-21,10.199999809265137,10.359999656677246,10.119999885559082,10.180000305175781,60013108.0
2017-03-22,10.0600004196167,10.180000305175781,10.0,10.079999923706055,58713844.0
2017-03-23,10.100000381469727,10.180000305175781,9.949999809265137,10.119999885559082,57334971.0
2017-03-24,10.140000343322754,10.5600004196167,10.0600004196167,10.460000038146973,85562266.0
2017-03-27,10.460000038146973,10.760000228881836,10.399999618530273,10.520000457763672,83158882.0
2017-03-28,10.579999923706055,10.579999923706055,10.380000114440918,10.479999542236328,27723836.0
2017-03-29,10.539999961853027,10.65999984741211,10.4399995803833,10.5,41110394.0
2017-03-30,10.600000381469727,10.600000381469727,10.34000015258789,10.5,29575338.0
2017-03-31,10.539999961853027,10.5600004196167,10.380000114440918,10.399999618530273,30227618.0
2017-04-03,10.5,10.960000038146973,10.399999618530273,10.859999656677246,59989212.0
2017-04-05,10.859999656677246,10.859999656677246,10.859999656677246,10.859999656677246,0.0
2017-04-06,11.199999809265137,11.199999809265137,10.420000076293945,10.4399995803833,110515330.0
2017-04-07,10.5600004196167,10.979999542236328,10.4399995803833,10.960000038146973,79127701.0
2017-04-10,10.960000038146973,10.960000038146973,10.5,10.5600004196167,43103172.0
2017-04-11,10.699999809265137,10.720000267028809,10.399999618530273,10.579999923706055,40503417.0
2017-04-12,10.640000343322754,10.640000343322754,10.399999618530273,10.5,40807715.0
2017-04-13,10.5,10.739999771118164,10.4399995803833,10.640000343322754,29685070.0
2017-04-18,10.520000457763672,10.539999961853027,10.180000305175781,10.199999809265137,57587279.0
2017-04-19,10.100000381469727,10.260000228881836,10.020000457763672,10.119999885559082,32087931.0
2017-04-20,10.119999885559082,10.380000114440918,10.119999885559082,10.380000114440918,43340629.0
2017-04-21,10.420000076293945,10.5,10.140000343322754,10.199999809265137,54969853.0
2017-04-24,10.399999618530273,10.479999542236328,10.0,10.260000228881836,41404821.0
2017-04-25,10.279999732971191,10.420000076293945,10.180000305175781,10.239999771118164,22679118.0
2017-04-26,10.34000015258789,10.399999618530273,10.100000381469727,10.119999885559082,31223966.0
2017-04-27,10.260000228881836,10.260000228881836,10.079999923706055,10.15999984741211,37179291.0
2017-04-28,10.119999885559082,10.239999771118164,9.989999771118164,10.039999961853027,40627055.0
2017-05-02,10.100000381469727,10.140000343322754,10.0,10.0600004196167,23999612.0
2017-05-04,10.039999961853027,10.100000381469727,9.979999542236328,10.100000381469727,35021330.0
2017-05-05,10.100000381469727,10.140000343322754,9.90999984741211,10.039999961853027,45734400.0
2017-05-08,10.100000381469727,10.119999885559082,9.899999618530273,9.979999542236328,27875059.0
2017-05-09,10.020000457763672,10.039999961853027,9.819999694824219,10.039999961853027,37111131.0
2017-05-10,10.039999961853027,10.479999542236328,10.039999961853027,10.380000114440918,75472847.0
2017-05-11,10.460000038146973,10.460000038146973,10.199999809265137,10.279999732971191,29758961.0
2017-05-12,10.220000267028809,10.460000038146973,10.220000267028809,10.399999618530273,21757300.0
2017-05-15,10.5,10.640000343322754,10.4399995803833,10.640000343322754,34211441.0
2017-05-16,10.640000343322754,10.699999809265137,10.5,10.600000381469727,25484688.0
2017-05-17,10.600000381469727,10.600000381469727,10.380000114440918,10.579999923706055,17889306.0
2017-05-18,10.5,10.539999961853027,10.199999809265137,10.239999771118164,58350525.0
2017-05-19,10.300000190734863,10.420000076293945,10.260000228881836,10.34000015258789,29294891.0
2017-05-22,10.300000190734863,10.4399995803833,10.119999885559082,10.359999656677246,30616206.0
2017-05-23,10.380000114440918,10.819999694824219,10.34000015258789,10.760000228881836,66384427.0
2017-05-24,10.760000228881836,11.34000015258789,10.760000228881836,11.220000267028809,115135944.0
2017-05-25,11.260000228881836,11.34000015258789,11.0600004196167,11.140000343322754,59882984.0
2017-05-26,11.239999771118164,11.279999732971191,11.020000457763672,11.180000305175781,39565970.0
2017-05-29,11.220000267028809,11.359999656677246,11.100000381469727,11.34000015258789,29370574.0
2017-05-31,11.300000190734863,11.319999694824219,11.100000381469727,11.180000305175781,63841383.0
2017-06-01,11.260000228881836,11.579999923706055,11.199999809265137,11.300000190734863,39439516.0
2017-06-02,11.199999809265137,11.5,11.199999809265137,11.220000267028809,29093998.0
2017-06-05,11.140000343322754,11.399999618530273,11.119999885559082,11.380000114440918,35458863.0
2017-06-06,11.399999618530273,11.520000457763672,11.319999694824219,11.420000076293945,29513600.0
2017-06-07,11.300000190734863,11.5,11.300000190734863,11.460000038146973,16483017.0
2017-06-08,11.4399995803833,11.479999542236328,11.34000015258789,11.420000076293945,23424677.0
2017-06-09,11.5,11.5,11.239999771118164,11.319999694824219,35864367.0
2017-06-12,11.279999732971191,11.300000190734863,10.920000076293945,11.140000343322754,60765535.0
2017-06-13,11.199999809265137,11.300000190734863,11.100000381469727,11.199999809265137,46027167.0
2017-06-14,11.4399995803833,11.4399995803833,11.0600004196167,11.260000228881836,27591228.0
2017-06-15,11.239999771118164,11.319999694824219,11.140000343322754,11.199999809265137,28203016.0
2017-06-16,11.119999885559082,11.300000190734863,11.119999885559082,11.300000190734863,35792578.0
2017-06-19,11.380000114440918,11.4399995803833,11.279999732971191,11.319999694824219,25874658.0
2017-06-20,11.34000015258789,11.460000038146973,11.279999732971191,11.4399995803833,37360638.0
2017-06-21,11.300000190734863,11.4399995803833,11.279999732971191,11.399999618530273,21574696.0
2017-06-22,11.300000190734863,11.739999771118164,11.300000190734863,11.5,49738839.0
2017-06-23,11.899999618530273,12.100000381469727,11.680000305175781,11.699999809265137,63399205.0
2017-06-26,11.65999984741211,11.800000190734863,11.640000343322754,11.699999809265137,44788822.0
2017-06-27,11.699999809265137,11.779999732971191,11.600000381469727,11.680000305175781,22962075.0
2017-06-28,11.600000381469727,11.779999732971191,11.5600004196167,11.619999885559082,26313750.0
2017-06-29,11.680000305175781,11.760000228881836,11.600000381469727,11.699999809265137,17671361.0
2017-06-30,11.520000457763672,11.680000305175781,11.399999618530273,11.600000381469727,22016828.0
2017-07-03,11.520000457763672,11.600000381469727,11.420000076293945,11.520000457763672,18723940.0
2017-07-04,11.420000076293945,11.579999923706055,11.199999809265137,11.260000228881836,23617094.0
2017-07-05,10.9399995803833,10.9399995803833,10.539999961853027,10.800000190734863,131546356.0
2017-07-06,10.699999809265137,10.859999656677246,10.520000457763672,10.600000381469727,60775208.0
2017-07-07,10.520000457763672,10.5600004196167,10.380000114440918,10.4399995803833,46484400.0
2017-07-10,10.420000076293945,10.920000076293945,10.420000076293945,10.84000015258789,58886892.0
2017-07-11,10.920000076293945,10.979999542236328,10.760000228881836,10.920000076293945,35252917.0
2017-07-12,10.920000076293945,11.0600004196167,10.720000267028809,10.899999618530273,31809135.0
2017-07-13,11.020000457763672,11.260000228881836,10.960000038146973,11.039999961853027,42150326.0
2017-07-14,11.039999961853027,11.239999771118164,11.039999961853027,11.15999984741211,31769384.0
2017-07-17,11.300000190734863,11.399999618530273,11.140000343322754,11.34000015258789,41629962.0
2017-07-18,11.359999656677246,11.4399995803833,11.300000190734863,11.399999618530273,22281133.0
2017-07-19,11.479999542236328,11.5600004196167,11.399999618530273,11.4399995803833,34017672.0
2017-07-20,11.479999542236328,11.479999542236328,11.300000190734863,11.4399995803833,26203070.0
2017-07-21,11.4399995803833,11.520000457763672,11.300000190734863,11.420000076293945,21943944.0
2017-07-24,11.600000381469727,11.760000228881836,11.380000114440918,11.680000305175781,60917820.0
2017-07-25,11.800000190734863,11.819999694824219,11.460000038146973,11.520000457763672,28870695.0
2017-07-26,11.5,11.619999885559082,11.399999618530273,11.399999618530273,29628087.0
2017-07-27,11.380000114440918,11.5600004196167,11.380000114440918,11.399999618530273,20887897.0
2017-07-28,11.300000190734863,11.5,11.260000228881836,11.399999618530273,26526208.0
2017-07-31,11.399999618530273,11.479999542236328,11.220000267028809,11.34000015258789,30525139.0
2017-08-01,11.359999656677246,11.359999656677246,11.079999923706055,11.140000343322754,44699823.0
2017-08-02,11.260000228881836,11.539999961853027,11.180000305175781,11.380000114440918,76916876.0
2017-08-03,11.399999618530273,11.9399995803833,11.399999618530273,11.640000343322754,83564327.0
2017-08-04,11.460000038146973,11.880000114440918,11.359999656677246,11.720000267028809,48985985.0
2017-08-07,11.880000114440918,11.899999618530273,11.600000381469727,11.680000305175781,26011752.0
2017-08-08,11.680000305175781,11.84000015258789,11.619999885559082,11.779999732971191,22648204.0
2017-08-09,11.779999732971191,11.899999618530273,11.640000343322754,11.859999656677246,37467785.0
2017-08-10,11.779999732971191,11.880000114440918,11.420000076293945,11.680000305175781,34896562.0
2017-08-11,11.65999984741211,11.65999984741211,11.260000228881836,11.380000114440918,47905573.0
2017-08-14,11.619999885559082,12.260000228881836,11.5,12.020000457763672,94387764.0
2017-08-15,11.920000076293945,12.239999771118164,11.779999732971191,11.9399995803833,66382050.0
2017-08-16,11.9399995803833,11.9399995803833,11.9399995803833,11.9399995803833,0.0
2017-08-17,11.9399995803833,11.9399995803833,11.9399995803833,11.9399995803833,0.0
2017-08-18,11.9399995803833,11.9399995803833,11.9399995803833,11.9399995803833,0.0
2017-08-21,12.359999656677246,13.239999771118164,12.239999771118164,12.359999656677246,328043649.0
2017-08-22,12.5,12.680000305175781,11.960000038146973,12.039999961853027,130985597.0
2017-08-23,12.039999961853027,12.039999961853027,12.039999961853027,12.039999961853027,0.0
2017-08-24,12.399999618530273,12.4399995803833,11.600000381469727,11.680000305175781,129264240.0
2017-08-25,11.600000381469727,11.9399995803833,11.479999542236328,11.619999885559082,86698915.0
2017-08-28,11.680000305175781,11.760000228881836,11.34000015258789,11.460000038146973,74606791.0
2017-08-29,11.460000038146973,11.520000457763672,11.039999961853027,11.5,70513051.0
2017-08-30,11.5,11.520000457763672,11.319999694824219,11.5,52438507.0
2017-08-31,11.539999961853027,11.539999961853027,11.300000190734863,11.399999618530273,50304047.0
2017-09-01,11.359999656677246,11.4399995803833,11.220000267028809,11.399999618530273,48457174.0
2017-09-04,11.380000114440918,11.460000038146973,11.220000267028809,11.420000076293945,50081947.0
2017-09-05,11.479999542236328,11.539999961853027,11.319999694824219,11.359999656677246,30142848.0
2017-09-06,11.359999656677246,11.380000114440918,11.119999885559082,11.279999732971191,48722703.0
2017-09-07,11.279999732971191,11.520000457763672,11.239999771118164,11.359999656677246,39946658.0
2017-09-08,11.319999694824219,11.380000114440918,11.260000228881836,11.34000015258789,29957544.0
2017-09-11,11.399999618530273,11.4399995803833,11.319999694824219,11.359999656677246,18575276.0
2017-09-12,11.380000114440918,11.4399995803833,11.180000305175781,11.279999732971191,37061231.0
2017-09-13,11.300000190734863,11.300000190734863,11.020000457763672,11.100000381469727,53591866.0
2017-09-14,11.020000457763672,11.15999984741211,10.9399995803833,11.0600004196167,43487136.0
2017-09-15,11.0600004196167,11.119999885559082,10.920000076293945,11.100000381469727,40689282.0
2017-09-18,11.199999809265137,11.260000228881836,11.079999923706055,11.180000305175781,27711533.0
2017-09-19,11.079999923706055,11.15999984741211,10.960000038146973,11.020000457763672,44094509.0
2017-09-20,11.199999809265137,11.600000381469727,11.15999984741211,11.4399995803833,100053253.0
2017-09-21,11.4399995803833,11.760000228881836,11.4399995803833,11.539999961853027,77824105.0
2017-09-22,11.5,11.539999961853027,11.319999694824219,11.399999618530273,49180654.0
2017-09-25,11.420000076293945,11.420000076293945,11.119999885559082,11.220000267028809,41284054.0
2017-09-26,11.220000267028809,11.220000267028809,11.100000381469727,11.180000305175781,31384024.0
2017-09-27,11.180000305175781,11.260000228881836,11.119999885559082,11.199999809265137,27831782.0
2017-09-28,11.199999809265137,11.220000267028809,10.819999694824219,10.920000076293945,86182560.0
2017-09-29,10.920000076293945,11.020000457763672,10.760000228881836,10.859999656677246,42491192.0
2017-10-03,11.0,11.039999961853027,10.899999618530273,11.020000457763672,24941006.0
2017-10-04,11.119999885559082,11.15999984741211,10.960000038146973,11.0,25979092.0
2017-10-06,11.180000305175781,11.180000305175781,11.0,11.020000457763672,19112809.0
2017-10-09,10.979999542236328,11.0600004196167,10.899999618530273,10.9399995803833,26144880.0
2017-10-10,10.960000038146973,11.239999771118164,10.899999618530273,11.119999885559082,36215444.0
2017-10-11,11.199999809265137,11.279999732971191,11.100000381469727,11.199999809265137,48021925.0
2017-10-12,11.300000190734863,11.359999656677246,11.180000305175781,11.239999771118164,29715491.0
2017-10-13,11.300000190734863,11.300000190734863,11.020000457763672,11.199999809265137,56314202.0
2017-10-16,11.300000190734863,11.359999656677246,11.239999771118164,11.319999694824219,34262995.0
2017-10-17,11.359999656677246,11.4399995803833,11.279999732971191,11.380000114440918,34419138.0
2017-10-18,11.300000190734863,11.380000114440918,11.199999809265137,11.34000015258789,38401898.0
2017-10-19,11.380000114440918,11.420000076293945,11.0600004196167,11.15999984741211,48349550.0
2017-10-20,11.5,11.520000457763672,11.199999809265137,11.220000267028809,56903358.0
2017-10-23,11.319999694824219,11.319999694824219,11.199999809265137,11.260000228881836,21197847.0
2017-10-24,11.34000015258789,11.399999618530273,11.279999732971191,11.319999694824219,40377675.0
2017-10-25,11.380000114440918,11.380000114440918,11.279999732971191,11.300000190734863,22898536.0
2017-10-26,11.220000267028809,11.34000015258789,11.15999984741211,11.180000305175781,28361869.0
2017-10-27,11.140000343322754,11.640000343322754,11.140000343322754,11.399999618530273,51021471.0
2017-10-30,11.359999656677246,11.380000114440918,11.180000305175781,11.220000267028809,37188986.0
2017-10-31,11.15999984741211,11.260000228881836,11.039999961853027,11.079999923706055,32560292.0
2017-11-01,11.119999885559082,11.520000457763672,11.039999961853027,11.460000038146973,78681043.0
2017-11-02,11.479999542236328,11.739999771118164,11.420000076293945,11.619999885559082,69528641.0
2017-11-03,11.65999984741211,11.84000015258789,11.5600004196167,11.779999732971191,60663734.0
2017-11-06,11.739999771118164,11.819999694824219,11.539999961853027,11.720000267028809,56749785.0
2017-11-07,11.779999732971191,12.180000305175781,11.720000267028809,12.0,73619507.0
2017-11-08,11.84000015258789,12.039999961853027,11.819999694824219,11.880000114440918,38247432.0
2017-11-09,11.84000015258789,12.0600004196167,11.819999694824219,11.899999618530273,50640730.0
2017-11-10,11.819999694824219,12.15999984741211,11.819999694824219,11.9399995803833,44190788.0
2017-11-13,11.920000076293945,12.279999732971191,11.84000015258789,12.180000305175781,59032862.0
2017-11-14,12.100000381469727,12.260000228881836,11.899999618530273,11.899999618530273,37974599.0
2017-11-15,11.899999618530273,11.979999542236328,11.720000267028809,11.739999771118164,42021958.0
2017-11-16,11.800000190734863,11.800000190734863,11.600000381469727,11.640000343322754,29219528.0
2017-11-17,11.65999984741211,11.979999542236328,11.65999984741211,11.65999984741211,28899905.0
2017-11-20,11.65999984741211,11.720000267028809,11.5,11.640000343322754,20764000.0
2017-11-21,11.5600004196167,11.800000190734863,11.5600004196167,11.720000267028809,37493400.0
2017-11-22,11.859999656677246,11.960000038146973,11.800000190734863,11.899999618530273,41669729.0
2017-11-23,11.9399995803833,11.9399995803833,11.699999809265137,11.779999732971191,39271647.0
2017-11-24,11.880000114440918,11.880000114440918,11.619999885559082,11.720000267028809,44836805.0
2017-11-27,11.720000267028809,11.760000228881836,11.460000038146973,11.5,44764556.0
2017-11-28,11.479999542236328,11.640000343322754,11.319999694824219,11.600000381469727,51155970.0
2017-11-29,11.640000343322754,11.680000305175781,11.399999618530273,11.520000457763672,22624667.0
2017-11-30,11.420000076293945,11.520000457763672,11.220000267028809,11.319999694824219,57069021.0
2017-12-01,11.319999694824219,11.420000076293945,11.239999771118164,11.399999618530273,80515906.0
2017-12-04,11.380000114440918,11.460000038146973,11.260000228881836,11.359999656677246,25953998.0
2017-12-05,11.300000190734863,11.359999656677246,11.15999984741211,11.199999809265137,28425081.0
2017-12-06,11.199999809265137,11.220000267028809,10.920000076293945,10.960000038146973,52233643.0
2017-12-07,10.920000076293945,10.960000038146973,10.619999885559082,10.720000267028809,44067421.0
2017-12-08,10.619999885559082,10.720000267028809,10.420000076293945,10.619999885559082,52799415.0
2017-12-11,10.600000381469727,10.699999809265137,10.460000038146973,10.640000343322754,26382934.0
2017-12-12,10.579999923706055,10.640000343322754,10.5,10.520000457763672,21404789.0
2017-12-13,10.5600004196167,10.84000015258789,10.539999961853027,10.779999732971191,33468350.0
2017-12-14,10.760000228881836,10.960000038146973,10.699999809265137,10.720000267028809,33282793.0
2017-12-15,10.65999984741211,10.760000228881836,10.520000457763672,10.600000381469727,27720733.0
2017-12-18,10.520000457763672,10.579999923706055,10.34000015258789,10.5,22834601.0
2017-12-19,10.399999618530273,10.5,10.359999656677246,10.479999542236328,29143014.0
2017-12-20,10.399999618530273,10.600000381469727,10.319999694824219,10.399999618530273,34239416.0
2017-12-21,10.420000076293945,10.5,10.319999694824219,10.460000038146973,20713478.0
2017-12-22,10.520000457763672,10.579999923706055,10.420000076293945,10.5,23639079.0
2017-12-27,10.5600004196167,10.600000381469727,10.4399995803833,10.5600004196167,17586909.0
2017-12-28,10.600000381469727,10.619999885559082,10.420000076293945,10.539999961853027,22637730.0
2017-12-29,10.539999961853027,10.619999885559082,10.460000038146973,10.5600004196167,29363432.0
2018-01-02,10.579999923706055,11.0,10.579999923706055,10.880000114440918,39257134.0
2018-01-03,10.859999656677246,10.960000038146973,10.800000190734863,10.880000114440918,32410432.0
2018-01-04,10.880000114440918,10.880000114440918,10.779999732971191,10.880000114440918,16198319.0
2018-01-05,10.800000190734863,10.899999618530273,10.779999732971191,10.84000015258789,17429211.0
2018-01-08,10.859999656677246,10.979999542236328,10.859999656677246,10.920000076293945,23715057.0
2018-01-09,10.960000038146973,11.100000381469727,10.859999656677246,11.039999961853027,45571186.0
2018-01-10,11.079999923706055,11.100000381469727,10.960000038146973,11.039999961853027,23939244.0
2018-01-11,11.039999961853027,11.0600004196167,10.800000190734863,10.880000114440918,30702234.0
2018-01-12,11.079999923706055,11.079999923706055,10.619999885559082,10.739999771118164,73053000.0
2018-01-15,10.779999732971191,10.960000038146973,10.699999809265137,10.819999694824219,45104367.0
2018-01-16,10.84000015258789,11.0,10.779999732971191,10.9399995803833,53673170.0
2018-01-17,10.9399995803833,11.079999923706055,10.800000190734863,11.0600004196167,44140878.0
2018-01-18,11.100000381469727,11.420000076293945,11.079999923706055,11.380000114440918,97229546.0
2018-01-19,11.300000190734863,11.579999923706055,11.279999732971191,11.399999618530273,59468023.0
2018-01-22,11.420000076293945,11.420000076293945,11.199999809265137,11.260000228881836,37560365.0
2018-01-23,11.260000228881836,11.319999694824219,11.220000267028809,11.239999771118164,43895629.0
2018-01-24,11.239999771118164,11.359999656677246,11.199999809265137,11.34000015258789,72391945.0
2018-01-25,11.399999618530273,11.9399995803833,11.380000114440918,11.720000267028809,110640405.0
2018-01-26,11.800000190734863,11.819999694824219,11.600000381469727,11.65999984741211,35992708.0
2018-01-29,11.699999809265137,11.800000190734863,11.520000457763672,11.640000343322754,40272698.0
2018-01-30,11.539999961853027,11.680000305175781,11.5,11.619999885559082,36149155.0
2018-01-31,11.619999885559082,11.760000228881836,11.5,11.720000267028809,47005769.0
2018-02-01,11.720000267028809,11.800000190734863,11.65999984741211,11.699999809265137,44917808.0
2018-02-02,11.720000267028809,11.779999732971191,11.600000381469727,11.640000343322754,49825897.0
2018-02-05,11.399999618530273,11.920000076293945,11.399999618530273,11.800000190734863,62177428.0
2018-02-06,11.319999694824219,11.5600004196167,11.100000381469727,11.15999984741211,65299621.0
2018-02-07,11.300000190734863,11.300000190734863,10.819999694824219,10.899999618530273,67501931.0
2018-02-08,10.600000381469727,10.920000076293945,10.600000381469727,10.739999771118164,39902022.0
2018-02-09,10.579999923706055,10.579999923706055,10.199999809265137,10.260000228881836,76113754.0
2018-02-12,10.260000228881836,10.319999694824219,9.9399995803833,9.979999542236328,58391289.0
2018-02-13,9.979999542236328,10.15999984741211,9.869999885559082,9.9399995803833,44661789.0
2018-02-14,9.869999885559082,10.119999885559082,9.8100004196167,10.079999923706055,52882661.0
2018-02-15,10.199999809265137,10.260000228881836,10.119999885559082,10.199999809265137,20258936.0
2018-02-20,10.079999923706055,10.239999771118164,10.020000457763672,10.140000343322754,24235645.0
2018-02-21,10.100000381469727,10.34000015258789,10.0600004196167,10.260000228881836,43703652.0
2018-02-22,10.100000381469727,10.260000228881836,10.100000381469727,10.140000343322754,23141242.0
2018-02-23,10.220000267028809,10.34000015258789,10.180000305175781,10.300000190734863,26623104.0
2018-02-26,10.300000190734863,10.359999656677246,10.100000381469727,10.140000343322754,51042508.0
2018-02-27,10.180000305175781,10.239999771118164,10.039999961853027,10.119999885559082,49826486.0
2018-02-28,10.100000381469727,10.15999984741211,10.039999961853027,10.140000343322754,36144000.0
2018-03-01,10.020000457763672,10.119999885559082,10.0,10.079999923706055,23467020.0
2018-03-02,9.90999984741211,9.960000038146973,9.770000457763672,9.949999809265137,67982098.0
2018-03-05,9.859999656677246,9.9399995803833,9.289999961853027,9.359999656677246,75512751.0
2018-03-06,9.510000228881836,9.59000015258789,9.350000381469727,9.529999732971191,66332339.0
2018-03-07,9.529999732971191,9.529999732971191,9.390000343322754,9.449999809265137,31987563.0
2018-03-08,9.529999732971191,9.649999618530273,9.4399995803833,9.600000381469727,40404027.0
2018-03-09,9.75,9.800000190734863,9.65999984741211,9.739999771118164,29477100.0
2018-03-12,9.819999694824219,9.899999618530273,9.75,9.8100004196167,31919668.0
2018-03-13,9.720000267028809,9.829999923706055,9.600000381469727,9.640000343322754,65285995.0
2018-03-14,9.539999961853027,9.65999984741211,9.520000457763672,9.630000114440918,35283020.0
2018-03-15,9.5,9.640000343322754,9.5,9.539999961853027,27666782.0
2018-03-16,9.760000228881836,9.8100004196167,9.649999618530273,9.680000305175781,54773575.0
2018-03-19,9.65999984741211,9.84000015258789,9.65999984741211,9.75,27127923.0
2018-03-20,9.680000305175781,9.800000190734863,9.649999618530273,9.770000457763672,16622100.0
2018-03-21,9.84000015258789,9.880000114440918,9.680000305175781,9.699999809265137,18502520.0
2018-03-22,9.8100004196167,9.850000381469727,9.649999618530273,9.670000076293945,35357300.0
2018-03-23,9.300000190734863,9.399999618530273,9.220000267028809,9.369999885559082,46997398.0
2018-03-26,9.289999961853027,9.390000343322754,9.199999809265137,9.319999694824219,40800303.0
2018-03-27,9.75,9.920000076293945,9.630000114440918,9.84000015258789,106709473.0
2018-03-28,9.789999961853027,9.819999694824219,9.649999618530273,9.710000038146973,34103528.0
2018-03-29,9.8100004196167,9.979999542236328,9.680000305175781,9.899999618530273,66311826.0
2018-04-03,9.899999618530273,10.079999923706055,9.880000114440918,9.949999809265137,44484396.0
2018-04-04,10.079999923706055,10.079999923706055,9.65999984741211,9.720000267028809,33004553.0
2018-04-06,9.720000267028809,10.039999961853027,9.720000267028809,10.020000457763672,51310005.0
2018-04-09,10.0600004196167,10.239999771118164,9.989999771118164,10.199999809265137,46323556.0
2018-04-10,10.199999809265137,10.279999732971191,10.119999885559082,10.199999809265137,35782946.0
2018-04-11,10.220000267028809,10.220000267028809,9.9399995803833,10.100000381469727,33722292.0
2018-04-12,10.180000305175781,10.359999656677246,10.100000381469727,10.300000190734863,48879199.0
2018-04-13,10.34000015258789,10.359999656677246,10.199999809265137,10.34000015258789,36507762.0
2018-04-16,10.34000015258789,10.359999656677246,10.180000305175781,10.279999732971191,15607200.0
2018-04-17,10.319999694824219,10.319999694824219,10.020000457763672,10.100000381469727,34225674.0
2018-04-18,10.220000267028809,10.279999732971191,10.119999885559082,10.260000228881836,21900596.0
2018-04-19,10.319999694824219,10.5,10.239999771118164,10.5,42306156.0
2018-04-20,10.399999618530273,10.479999542236328,10.319999694824219,10.399999618530273,34076248.0
2018-04-23,10.600000381469727,10.960000038146973,10.539999961853027,10.739999771118164,105099128.0
2018-04-24,10.760000228881836,10.819999694824219,10.600000381469727,10.760000228881836,34357625.0
2018-04-25,10.680000305175781,10.720000267028809,10.5600004196167,10.619999885559082,33462354.0
2018-04-26,10.760000228881836,10.760000228881836,10.579999923706055,10.640000343322754,38898702.0
2018-04-27,10.800000190734863,10.920000076293945,10.640000343322754,10.920000076293945,30868788.0
2018-04-30,10.960000038146973,11.260000228881836,10.960000038146973,11.180000305175781,47035010.0
2018-05-02,11.0,11.140000343322754,10.960000038146973,11.0,24317929.0
2018-05-03,10.979999542236328,10.979999542236328,10.720000267028809,10.899999618530273,19616155.0
2018-05-04,10.800000190734863,10.920000076293945,10.619999885559082,10.65999984741211,22592511.0
2018-05-07,10.680000305175781,11.020000457763672,10.65999984741211,10.899999618530273,29727727.0
2018-05-08,10.920000076293945,10.920000076293945,10.739999771118164,10.819999694824219,18154068.0
2018-05-09,10.84000015258789,10.84000015258789,10.640000343322754,10.739999771118164,14479781.0
2018-05-10,10.739999771118164,10.760000228881836,10.600000381469727,10.680000305175781,10784257.0
2018-05-11,10.760000228881836,10.979999542236328,10.760000228881836,10.899999618530273,21709927.0
2018-05-14,10.920000076293945,11.0,10.819999694824219,10.899999618530273,19488524.0
2018-05-15,11.079999923706055,11.279999732971191,11.0,11.079999923706055,31259036.0
2018-05-16,10.800000190734863,11.15999984741211,10.800000190734863,11.15999984741211,33083909.0
2018-05-17,11.100000381469727,11.380000114440918,11.100000381469727,11.319999694824219,49653713.0
2018-05-18,11.260000228881836,11.4399995803833,11.100000381469727,11.399999618530273,52676747.0
2018-05-21,11.380000114440918,11.4399995803833,11.180000305175781,11.239999771118164,29209654.0
2018-05-23,11.220000267028809,11.220000267028809,10.899999618530273,10.9399995803833,32869204.0
2018-05-24,11.020000457763672,11.279999732971191,10.920000076293945,11.199999809265137,27671101.0
2018-05-25,11.279999732971191,11.279999732971191,11.100000381469727,11.119999885559082,18321169.0
2018-05-28,11.239999771118164,11.260000228881836,10.960000038146973,11.180000305175781,17425600.0
2018-05-29,11.100000381469727,11.100000381469727,10.84000015258789,10.880000114440918,19404111.0
2018-05-30,10.699999809265137,10.720000267028809,10.520000457763672,10.619999885559082,37953128.0
2018-05-31,10.600000381469727,10.760000228881836,10.520000457763672,10.65999984741211,35438662.0
2018-06-01,10.600000381469727,10.760000228881836,10.5600004196167,10.640000343322754,22430563.0
2018-06-04,10.859999656677246,10.899999618530273,10.65999984741211,10.84000015258789,15546739.0
2018-06-05,10.720000267028809,10.920000076293945,10.720000267028809,10.859999656677246,16981627.0
2018-06-06,10.899999618530273,10.899999618530273,10.739999771118164,10.84000015258789,18504005.0
2018-06-07,10.84000015258789,10.960000038146973,10.800000190734863,10.859999656677246,25452940.0
2018-06-08,10.65999984741211,10.800000190734863,10.239999771118164,10.319999694824219,56131494.0
2018-06-11,10.4399995803833,10.4399995803833,10.039999961853027,10.239999771118164,26029151.0
2018-06-12,10.300000190734863,10.380000114440918,10.180000305175781,10.300000190734863,18312285.0
2018-06-13,10.300000190734863,10.34000015258789,10.140000343322754,10.180000305175781,11835142.0
2018-06-14,10.039999961853027,10.199999809265137,10.0,10.100000381469727,18178075.0
2018-06-15,9.979999542236328,10.199999809265137,9.949999809265137,10.079999923706055,29896194.0
2018-06-19,9.800000190734863,10.0600004196167,9.699999809265137,9.880000114440918,39419909.0
2018-06-20,9.880000114440918,9.9399995803833,9.729999542236328,9.84000015258789,18794914.0
2018-06-21,9.859999656677246,9.880000114440918,9.609999656677246,9.680000305175781,18693610.0
2018-06-22,9.579999923706055,9.84000015258789,9.579999923706055,9.789999961853027,20135787.0
2018-06-25,9.880000114440918,9.880000114440918,9.649999618530273,9.6899995803833,13195661.0
2018-06-26,9.640000343322754,9.880000114440918,9.579999923706055,9.630000114440918,44824965.0
2018-06-27,9.739999771118164,9.9399995803833,9.670000076293945,9.729999542236328,37810902.0
2018-06-28,9.65999984741211,9.949999809265137,9.65999984741211,9.8100004196167,29155461.0
2018-06-29,9.850000381469727,9.859999656677246,9.65999984741211,9.800000190734863,45659806.0
2018-07-03,9.949999809265137,9.949999809265137,9.380000114440918,9.59000015258789,28398330.0
2018-07-04,9.600000381469727,9.670000076293945,9.420000076293945,9.489999771118164,26519734.0
2018-07-05,9.489999771118164,9.600000381469727,9.260000228881836,9.390000343322754,24824100.0
2018-07-06,9.460000038146973,9.5600004196167,9.350000381469727,9.40999984741211,22806148.0
2018-07-09,9.529999732971191,9.729999542236328,9.479999542236328,9.59000015258789,27388361.0
2018-07-10,9.680000305175781,9.729999542236328,9.569999694824219,9.600000381469727,23048973.0
2018-07-11,9.40999984741211,9.510000228881836,9.3100004196167,9.470000267028809,28790649.0
2018-07-12,9.430000305175781,9.489999771118164,9.350000381469727,9.420000076293945,22121451.0
2018-07-13,9.430000305175781,9.520000457763672,9.380000114440918,9.4399995803833,29324415.0
2018-07-16,9.460000038146973,9.479999542236328,9.300000190734863,9.399999618530273,13543768.0
2018-07-17,9.350000381469727,9.449999809265137,9.329999923706055,9.350000381469727,9748049.0
2018-07-18,9.399999618530273,9.4399995803833,9.220000267028809,9.289999961853027,23385995.0
2018-07-19,9.359999656677246,9.359999656677246,9.220000267028809,9.270000457763672,15226939.0
2018-07-20,9.34000015258789,9.420000076293945,9.270000457763672,9.359999656677246,33406123.0
2018-07-23,9.5,9.5,9.350000381469727,9.470000267028809,38535336.0
2018-07-24,9.319999694824219,9.619999885559082,9.319999694824219,9.619999885559082,27758392.0
2018-07-25,9.600000381469727,9.729999542236328,9.569999694824219,9.729999542236328,20194691.0
2018-07-26,9.800000190734863,9.800000190734863,9.609999656677246,9.670000076293945,20763424.0
2018-07-27,9.649999618530273,9.6899995803833,9.569999694824219,9.630000114440918,10087099.0
2018-07-30,9.600000381469727,9.779999732971191,9.600000381469727,9.75,15080377.0
2018-07-31,9.75,9.869999885559082,9.630000114440918,9.670000076293945,32094509.0
2018-08-01,9.649999618530273,9.880000114440918,9.649999618530273,9.800000190734863,32461614.0
2018-08-02,9.670000076293945,9.789999961853027,9.449999809265137,9.550000190734863,33257971.0
2018-08-03,9.600000381469727,9.619999885559082,9.470000267028809,9.529999732971191,14957256.0
2018-08-06,9.479999542236328,9.579999923706055,9.40999984741211,9.470000267028809,22985641.0
2018-08-07,9.529999732971191,9.550000190734863,9.430000305175781,9.489999771118164,20969591.0
2018-08-08,9.5600004196167,9.5600004196167,9.470000267028809,9.529999732971191,14812751.0
2018-08-09,9.529999732971191,9.619999885559082,9.399999618530273,9.609999656677246,22503606.0
2018-08-10,9.649999618530273,9.649999618530273,9.539999961853027,9.579999923706055,10903657.0
2018-08-13,9.420000076293945,9.529999732971191,9.25,9.300000190734863,32623680.0
2018-08-14,9.390000343322754,9.390000343322754,9.220000267028809,9.289999961853027,21672463.0
2018-08-15,9.359999656677246,9.369999885559082,9.210000038146973,9.260000228881836,22374814.0
2018-08-16,9.180000305175781,9.489999771118164,9.079999923706055,9.140000343322754,78079120.0
2018-08-17,9.300000190734863,9.300000190734863,8.829999923706055,8.979999542236328,55921655.0
2018-08-20,9.279999732971191,9.279999732971191,8.979999542236328,9.0600004196167,31069427.0
2018-08-21,9.100000381469727,9.380000114440918,9.079999923706055,9.380000114440918,38165835.0
2018-08-22,9.289999961853027,9.489999771118164,9.260000228881836,9.489999771118164,38655992.0
2018-08-23,9.449999809265137,9.470000267028809,9.25,9.350000381469727,20506893.0
2018-08-24,9.319999694824219,9.319999694824219,9.1899995803833,9.270000457763672,22539452.0
2018-08-27,9.380000114440918,9.380000114440918,9.25,9.319999694824219,27135722.0
2018-08-28,9.319999694824219,9.350000381469727,9.220000267028809,9.300000190734863,23247110.0
2018-08-29,9.229999542236328,9.390000343322754,9.229999542236328,9.3100004196167,17190067.0
2018-08-30,9.3100004196167,9.34000015258789,9.210000038146973,9.220000267028809,12371343.0
2018-08-31,9.199999809265137,9.260000228881836,9.079999923706055,9.130000114440918,24156449.0
2018-09-03,9.15999984741211,9.15999984741211,9.020000457763672,9.050000190734863,22105664.0
2018-09-04,9.050000190734863,9.770000457763672,9.010000228881836,9.579999923706055,82641206.0
2018-09-05,9.460000038146973,9.539999961853027,9.270000457763672,9.350000381469727,52129467.0
2018-09-06,9.25,9.449999809265137,9.199999809265137,9.329999923706055,45996990.0
2018-09-07,9.270000457763672,9.359999656677246,9.100000381469727,9.239999771118164,63796099.0
2018-09-10,9.260000228881836,9.289999961853027,9.140000343322754,9.229999542236328,58025954.0
2018-09-11,9.279999732971191,9.279999732971191,9.050000190734863,9.15999984741211,40063407.0
2018-09-12,9.140000343322754,9.180000305175781,9.0,9.0600004196167,39258226.0
2018-09-13,9.119999885559082,9.25,8.979999542236328,9.220000267028809,35437274.0
2018-09-14,9.289999961853027,9.5,9.239999771118164,9.5,49109422.0
2018-09-17,9.279999732971191,9.380000114440918,9.260000228881836,9.319999694824219,13940562.0
2018-09-18,9.15999984741211,9.40999984741211,9.15999984741211,9.350000381469727,35919466.0
2018-09-19,9.380000114440918,9.470000267028809,9.229999542236328,9.40999984741211,25556346.0
2018-09-20,9.479999542236328,9.600000381469727,9.460000038146973,9.550000190734863,33916606.0
2018-09-21,9.579999923706055,9.579999923706055,9.430000305175781,9.539999961853027,37261282.0
2018-09-24,9.460000038146973,9.479999542236328,9.069999694824219,9.149999618530273,41160208.0
2018-09-26,9.210000038146973,9.279999732971191,9.100000381469727,9.180000305175781,66767932.0
2018-09-27,9.270000457763672,9.270000457763672,9.119999885559082,9.199999809265137,52165077.0
2018-09-28,9.220000267028809,9.300000190734863,9.149999618530273,9.220000267028809,24894764.0
2018-10-02,9.15999984741211,9.229999542236328,9.020000457763672,9.0600004196167,33670532.0
2018-10-03,9.050000190734863,9.170000076293945,9.020000457763672,9.079999923706055,28304604.0
2018-10-04,9.029999732971191,9.109999656677246,8.960000038146973,9.069999694824219,41702437.0
2018-10-05,9.039999961853027,9.15999984741211,9.010000228881836,9.0600004196167,28878300.0
2018-10-08,9.079999923706055,9.109999656677246,8.930000305175781,8.970000267028809,19332236.0
2018-10-09,9.020000457763672,9.0600004196167,8.84000015258789,8.880000114440918,32520014.0
2018-10-10,8.890000343322754,9.1899995803833,8.890000343322754,9.109999656677246,39621894.0
2018-10-11,8.850000381469727,8.979999542236328,8.720000267028809,8.8100004196167,48434496.0
2018-10-12,8.930000305175781,9.0,8.729999542236328,8.829999923706055,32668936.0
2018-10-15,8.75,8.8100004196167,8.729999542236328,8.75,28565919.0
2018-10-16,8.850000381469727,8.899999618530273,8.770000457763672,8.869999885559082,30060989.0
2018-10-18,8.899999618530273,8.970000267028809,8.779999732971191,8.829999923706055,25698032.0
2018-10-19,8.770000457763672,8.779999732971191,8.550000190734863,8.6899995803833,32876097.0
2018-10-22,8.829999923706055,9.0,8.819999694824219,8.920000076293945,21056800.0
2018-10-23,8.930000305175781,9.079999923706055,8.819999694824219,8.84000015258789,33352793.0
2018-10-24,8.960000038146973,9.0,8.779999732971191,8.869999885559082,25677905.0
2018-10-25,8.670000076293945,8.789999961853027,8.59000015258789,8.779999732971191,31270470.0
2018-10-26,8.800000190734863,8.859999656677246,8.670000076293945,8.729999542236328,16160557.0
2018-10-29,8.75,8.859999656677246,8.5600004196167,8.59000015258789,22103577.0
2018-10-30,8.539999961853027,8.579999923706055,8.140000343322754,8.170000076293945,35278864.0
2018-10-31,8.100000381469727,8.229999542236328,8.100000381469727,8.140000343322754,48626449.0
2018-11-01,8.199999809265137,8.350000381469727,8.170000076293945,8.210000038146973,146696553.0
2018-11-02,8.380000114440918,8.539999961853027,8.279999732971191,8.539999961853027,52468228.0
2018-11-05,8.369999885559082,8.520000457763672,8.369999885559082,8.399999618530273,28907076.0
2018-11-06,8.600000381469727,8.600000381469727,8.460000038146973,8.569999694824219,31885686.0
2018-11-07,8.5,8.600000381469727,8.40999984741211,8.5,32132103.0
2018-11-08,8.619999885559082,8.710000038146973,8.59000015258789,8.649999618530273,31856538.0
2018-11-09,8.630000114440918,8.640000343322754,8.359999656677246,8.40999984741211,29478295.0
2018-11-12,8.399999618530273,8.449999809265137,8.319999694824219,8.399999618530273,19050113.0
2018-11-13,8.1899995803833,8.520000457763672,8.1899995803833,8.520000457763672,28689606.0
2018-11-14,8.800000190734863,8.800000190734863,8.449999809265137,8.510000228881836,19417556.0
2018-11-15,8.550000190734863,8.739999771118164,8.529999732971191,8.720000267028809,26473615.0
2018-11-16,8.699999809265137,8.800000190734863,8.670000076293945,8.800000190734863,21768392.0
2018-11-19,8.800000190734863,8.960000038146973,8.779999732971191,8.850000381469727,24408259.0
2018-11-20,8.779999732971191,8.890000343322754,8.670000076293945,8.75,17987546.0
2018-11-21,8.520000457763672,8.699999809265137,8.520000457763672,8.6899995803833,14762595.0
2018-11-22,8.630000114440918,8.710000038146973,8.489999771118164,8.65999984741211,18315186.0
2018-11-23,8.710000038146973,8.729999542236328,8.640000343322754,8.680000305175781,10150214.0
2018-11-26,8.699999809265137,8.829999923706055,8.680000305175781,8.829999923706055,23140823.0
2018-11-27,8.899999618530273,8.899999618530273,8.789999961853027,8.850000381469727,18060416.0
2018-11-28,8.899999618530273,9.0,8.829999923706055,8.960000038146973,22915276.0
2018-11-29,9.039999961853027,9.079999923706055,8.949999809265137,9.0,25137423.0
2018-11-30,9.079999923706055,9.09000015258789,8.890000343322754,9.069999694824219,39280058.0
2018-12-03,9.119999885559082,9.15999984741211,9.0600004196167,9.100000381469727,23243595.0
2018-12-04,8.970000267028809,9.199999809265137,8.90999984741211,9.199999809265137,34446944.0
2018-12-05,8.989999771118164,9.079999923706055,8.949999809265137,8.970000267028809,21278677.0
2018-12-06,8.829999923706055,8.979999542236328,8.699999809265137,8.829999923706055,26743811.0
2018-12-07,8.880000114440918,8.930000305175781,8.720000267028809,8.75,24353655.0
2018-12-10,8.670000076293945,8.760000228881836,8.529999732971191,8.579999923706055,25925077.0
2018-12-11,8.800000190734863,8.800000190734863,8.619999885559082,8.699999809265137,33993521.0
2018-12-12,8.930000305175781,8.930000305175781,8.779999732971191,8.8100004196167,24850358.0
2018-12-13,8.989999771118164,8.989999771118164,8.779999732971191,8.850000381469727,25357272.0
2018-12-14,8.680000305175781,8.710000038146973,8.5600004196167,8.6899995803833,17684327.0
2018-12-17,8.720000267028809,8.779999732971191,8.619999885559082,8.680000305175781,7804831.0
2018-12-18,8.6899995803833,8.729999542236328,8.520000457763672,8.550000190734863,29901293.0
2018-12-19,8.630000114440918,8.630000114440918,8.529999732971191,8.579999923706055,21785803.0
2018-12-20,8.539999961853027,8.600000381469727,8.430000305175781,8.449999809265137,28995106.0
2018-12-21,8.489999771118164,8.550000190734863,8.359999656677246,8.380000114440918,38421700.0
2018-12-24,8.359999656677246,8.369999885559082,8.109999656677246,8.199999809265137,22713521.0
2018-12-27,8.239999771118164,8.300000190734863,8.109999656677246,8.149999618530273,45881499.0
2018-12-28,8.220000267028809,8.220000267028809,8.100000381469727,8.130000114440918,34509502.0
2018-12-31,8.239999771118164,8.399999618530273,8.220000267028809,8.359999656677246,13151178.0
2019-01-02,8.430000305175781,8.430000305175781,8.0600004196167,8.069999694824219,22070046.0
2019-01-03,8.100000381469727,8.149999618530273,8.020000457763672,8.079999923706055,30270484.0
2019-01-04,8.029999732971191,8.34000015258789,8.029999732971191,8.319999694824219,31215537.0
2019-01-07,8.399999618530273,8.399999618530273,8.239999771118164,8.329999923706055,23144750.0
2019-01-08,8.390000343322754,8.399999618530273,8.199999809265137,8.289999961853027,25800016.0
2019-01-09,8.399999618530273,8.569999694824219,8.380000114440918,8.5600004196167,42742203.0
2019-01-10,8.579999923706055,8.579999923706055,8.4399995803833,8.5,36909672.0
2019-01-11,8.5,8.5,8.350000381469727,8.5,22295769.0
2019-01-14,8.4399995803833,8.479999542236328,8.260000228881836,8.329999923706055,20953548.0
2019-01-15,8.40999984741211,8.75,8.399999618530273,8.6899995803833,39789394.0
2019-01-16,8.6899995803833,8.770000457763672,8.569999694824219,8.770000457763672,25185983.0
2019-01-17,8.779999732971191,8.789999961853027,8.600000381469727,8.640000343322754,23324135.0
2019-01-18,8.680000305175781,8.779999732971191,8.640000343322754,8.670000076293945,22826094.0
2019-01-21,8.699999809265137,8.699999809265137,8.569999694824219,8.6899995803833,12417911.0
2019-01-22,8.649999618530273,8.75,8.579999923706055,8.670000076293945,21894696.0
2019-01-23,8.670000076293945,9.130000114440918,8.640000343322754,9.039999961853027,61104353.0
2019-01-24,9.119999885559082,9.119999885559082,8.890000343322754,9.029999732971191,37122296.0
2019-01-25,9.050000190734863,9.130000114440918,8.9399995803833,9.069999694824219,32439024.0
2019-01-28,9.069999694824219,9.100000381469727,8.970000267028809,8.979999542236328,32242120.0
2019-01-29,8.920000076293945,8.979999542236328,8.859999656677246,8.970000267028809,47596344.0
2019-01-30,9.039999961853027,9.039999961853027,8.869999885559082,8.90999984741211,24359679.0
2019-01-31,8.899999618530273,9.069999694824219,8.84000015258789,8.949999809265137,41320305.0
2019-02-01,9.050000190734863,9.050000190734863,8.920000076293945,9.029999732971191,18681918.0
2019-02-04,8.949999809265137,9.119999885559082,8.949999809265137,9.039999961853027,10497157.0
2019-02-08,8.8100004196167,8.970000267028809,8.75,8.949999809265137,30102991.0
2019-02-11,8.880000114440918,9.09000015258789,8.869999885559082,9.050000190734863,26173287.0
2019-02-12,8.979999542236328,9.079999923706055,8.90999984741211,9.020000457763672,25882251.0
2019-02-13,9.100000381469727,9.449999809265137,9.0600004196167,9.380000114440918,57422105.0
2019-02-14,9.380000114440918,9.420000076293945,9.1899995803833,9.369999885559082,42682335.0
2019-02-15,9.34000015258789,9.350000381469727,9.140000343322754,9.170000076293945,16943294.0
2019-02-18,9.25,9.380000114440918,9.220000267028809,9.329999923706055,26494381.0
2019-02-19,9.25,9.25,9.119999885559082,9.170000076293945,23396103.0
2019-02-20,9.279999732971191,9.59000015258789,9.199999809265137,9.390000343322754,51569723.0
2019-02-21,9.350000381469727,9.520000457763672,9.289999961853027,9.489999771118164,36552331.0
2019-02-22,9.449999809265137,9.5,9.359999656677246,9.489999771118164,19287700.0
2019-02-25,9.5,9.59000015258789,9.319999694824219,9.329999923706055,29200064.0
2019-02-26,9.40999984741211,9.420000076293945,9.15999984741211,9.270000457763672,36247338.0
2019-02-27,9.239999771118164,9.779999732971191,9.140000343322754,9.319999694824219,157984206.0
2019-02-28,9.3100004196167,9.449999809265137,9.270000457763672,9.3100004196167,58307039.0
2019-03-01,9.329999923706055,9.760000228881836,9.329999923706055,9.710000038146973,82701084.0
2019-03-04,9.699999809265137,9.979999542236328,9.65999984741211,9.800000190734863,62573009.0
2019-03-05,9.619999885559082,9.850000381469727,9.550000190734863,9.800000190734863,36244461.0
2019-03-06,9.729999542236328,9.789999961853027,9.529999732971191,9.569999694824219,45595568.0
2019-03-07,9.550000190734863,9.6899995803833,9.380000114440918,9.479999542236328,39837114.0
2019-03-08,9.359999656677246,9.380000114440918,9.119999885559082,9.149999618530273,59546612.0
2019-03-11,9.180000305175781,9.40999984741211,9.15999984741211,9.359999656677246,42778564.0
2019-03-12,9.399999618530273,9.779999732971191,9.399999618530273,9.710000038146973,70850342.0
2019-03-13,9.649999618530273,9.819999694824219,9.550000190734863,9.630000114440918,31834043.0
2019-03-14,9.84000015258789,10.199999809265137,9.800000190734863,9.949999809265137,111551140.0
2019-03-15,9.90999984741211,10.020000457763672,9.829999923706055,9.9399995803833,53094356.0
2019-03-18,10.079999923706055,10.319999694824219,9.989999771118164,10.300000190734863,62888890.0
2019-03-19,10.220000267028809,10.579999923706055,10.220000267028809,10.5600004196167,61758435.0
2019-03-20,10.539999961853027,10.65999984741211,10.460000038146973,10.5600004196167,42722758.0
2019-03-21,10.699999809265137,10.699999809265137,10.34000015258789,10.4399995803833,39800634.0
2019-03-22,10.5600004196167,10.5600004196167,10.140000343322754,10.220000267028809,39623368.0
2019-03-25,9.979999542236328,10.300000190734863,9.9399995803833,10.140000343322754,25449073.0
2019-03-26,10.199999809265137,10.319999694824219,10.079999923706055,10.220000267028809,27314806.0
2019-03-27,10.100000381469727,10.399999618530273,10.079999923706055,10.119999885559082,24435263.0
2019-03-28,10.199999809265137,10.380000114440918,10.100000381469727,10.300000190734863,27221459.0
2019-03-29,10.199999809265137,10.300000190734863,9.930000305175781,9.949999809265137,54799723.0
2019-04-01,10.100000381469727,10.180000305175781,9.949999809265137,10.0600004196167,33586637.0
2019-04-02,10.15999984741211,10.15999984741211,10.0,10.100000381469727,17943693.0
2019-04-03,10.0,10.140000343322754,9.949999809265137,9.979999542236328,26873166.0
2019-04-04,10.0,10.300000190734863,10.0,10.300000190734863,48724561.0
2019-04-08,10.5,10.5,9.90999984741211,10.0,44175175.0
2019-04-09,10.100000381469727,10.220000267028809,10.0,10.119999885559082,29393955.0
2019-04-10,10.15999984741211,10.15999984741211,10.020000457763672,10.119999885559082,30410299.0
2019-04-11,10.199999809265137,10.199999809265137,9.890000343322754,10.0,29473854.0
2019-04-12,10.0600004196167,10.0600004196167,9.600000381469727,9.850000381469727,46976953.0
2019-04-15,9.850000381469727,9.899999618530273,9.520000457763672,9.6899995803833,41158567.0
2019-04-16,9.739999771118164,9.899999618530273,9.649999618530273,9.880000114440918,29444323.0
2019-04-17,9.800000190734863,9.880000114440918,9.729999542236328,9.760000228881836,30237542.0
2019-04-18,9.699999809265137,9.760000228881836,9.609999656677246,9.6899995803833,26953955.0
2019-04-23,9.550000190734863,9.680000305175781,9.5,9.569999694824219,37966363.0
2019-04-24,9.789999961853027,9.789999961853027,9.449999809265137,9.489999771118164,34769000.0
2019-04-25,9.489999771118164,9.520000457763672,9.329999923706055,9.489999771118164,28134240.0
2019-04-26,9.449999809265137,9.510000228881836,9.399999618530273,9.449999809265137,21711976.0
2019-04-29,9.399999618530273,9.4399995803833,9.149999618530273,9.4399995803833,20670245.0
2019-04-30,9.470000267028809,9.470000267028809,9.239999771118164,9.3100004196167,25124423.0
2019-05-02,9.25,9.279999732971191,9.109999656677246,9.220000267028809,38184420.0
2019-05-03,9.079999923706055,9.329999923706055,9.020000457763672,9.270000457763672,19587864.0
2019-05-06,9.140000343322754,9.180000305175781,8.899999618530273,9.09000015258789,25191471.0
2019-05-07,9.180000305175781,9.1899995803833,9.09000015258789,9.130000114440918,23701313.0
2019-05-08,8.949999809265137,9.119999885559082,8.920000076293945,8.970000267028809,21482534.0
2019-05-09,8.869999885559082,8.960000038146973,8.729999542236328,8.829999923706055,34389109.0
2019-05-10,8.949999809265137,8.960000038146973,8.770000457763672,8.84000015258789,18662473.0
2019-05-14,8.569999694824219,8.680000305175781,8.399999618530273,8.640000343322754,45444162.0
2019-05-15,8.600000381469727,8.800000190734863,8.569999694824219,8.680000305175781,27137806.0
2019-05-16,8.479999542236328,8.600000381469727,8.380000114440918,8.420000076293945,20821152.0
2019-05-17,8.479999542236328,8.539999961853027,8.369999885559082,8.420000076293945,22342875.0
2019-05-20,8.4399995803833,8.609999656677246,8.420000076293945,8.460000038146973,24424020.0
2019-05-21,8.5,8.5600004196167,8.399999618530273,8.470000267028809,24254000.0
2019-05-22,8.520000457763672,8.600000381469727,8.420000076293945,8.449999809265137,7846197.0
2019-05-23,8.399999618530273,8.420000076293945,8.130000114440918,8.270000457763672,29869270.0
2019-05-24,8.279999732971191,8.390000343322754,8.220000267028809,8.289999961853027,11846873.0
2019-05-27,8.329999923706055,8.329999923706055,8.170000076293945,8.25,7700030.0
2019-05-28,8.180000305175781,8.270000457763672,8.149999618530273,8.180000305175781,43014123.0
2019-05-29,8.170000076293945,8.329999923706055,8.149999618530273,8.270000457763672,25791340.0
2019-05-30,8.399999618530273,8.430000305175781,8.319999694824219,8.359999656677246,24116030.0
2019-05-31,8.300000190734863,8.399999618530273,8.210000038146973,8.270000457763672,15168254.0
2019-06-03,8.369999885559082,8.550000190734863,8.270000457763672,8.40999984741211,32110000.0
2019-06-04,8.5,8.510000228881836,8.3100004196167,8.390000343322754,13259668.0
2019-06-05,8.479999542236328,8.510000228881836,8.300000190734863,8.369999885559082,14309011.0
2019-06-06,8.489999771118164,8.489999771118164,8.329999923706055,8.399999618530273,10614000.0
2019-06-10,8.329999923706055,8.489999771118164,8.329999923706055,8.449999809265137,13701754.0
2019-06-11,8.5,8.5,8.359999656677246,8.470000267028809,22029056.0
2019-06-12,8.390000343322754,8.470000267028809,8.260000228881836,8.359999656677246,18772031.0
2019-06-13,8.600000381469727,8.619999885559082,8.40999984741211,8.5600004196167,39778414.0
2019-06-14,8.5600004196167,8.579999923706055,8.40999984741211,8.449999809265137,21667236.0
2019-06-17,8.489999771118164,8.510000228881836,8.329999923706055,8.359999656677246,13054976.0
2019-06-18,8.4399995803833,8.470000267028809,8.3100004196167,8.40999984741211,9829227.0
2019-06-19,8.550000190734863,8.59000015258789,8.420000076293945,8.5,26274901.0
2019-06-20,8.6899995803833,8.6899995803833,8.5600004196167,8.579999923706055,37033666.0
2019-06-21,8.649999618530273,8.760000228881836,8.550000190734863,8.550000190734863,43776395.0
2019-06-24,8.600000381469727,8.600000381469727,8.430000305175781,8.510000228881836,19388782.0
2019-06-25,8.550000190734863,8.550000190734863,8.40999984741211,8.449999809265137,15885685.0
2019-06-26,8.449999809265137,8.489999771118164,8.399999618530273,8.470000267028809,22145673.0
2019-06-27,8.5,8.65999984741211,8.5,8.609999656677246,34887049.0
2019-06-28,8.649999618530273,8.649999618530273,8.460000038146973,8.569999694824219,12301202.0
2019-07-02,8.75,8.75,8.609999656677246,8.649999618530273,21495250.0
2019-07-03,8.59000015258789,8.600000381469727,8.329999923706055,8.550000190734863,19364871.0
2019-07-04,8.539999961853027,8.600000381469727,8.5,8.550000190734863,12077880.0
2019-07-05,8.569999694824219,8.579999923706055,8.489999771118164,8.539999961853027,11951031.0
2019-07-08,8.449999809265137,8.5,8.25,8.34000015258789,26230884.0
2019-07-09,8.359999656677246,8.380000114440918,8.199999809265137,8.329999923706055,18368000.0
2019-07-10,8.390000343322754,8.390000343322754,8.289999961853027,8.350000381469727,16048272.0
2019-07-11,8.399999618530273,8.40999984741211,8.3100004196167,8.319999694824219,16881686.0
2019-07-12,8.289999961853027,8.380000114440918,8.170000076293945,8.229999542236328,33277112.0
2019-07-15,8.130000114440918,8.270000457763672,8.079999923706055,8.25,9221551.0
2019-07-16,8.319999694824219,8.380000114440918,8.260000228881836,8.3100004196167,29191072.0
2019-07-17,8.220000267028809,8.279999732971191,8.15999984741211,8.229999542236328,19196384.0
2019-07-18,8.149999618530273,8.229999542236328,8.140000343322754,8.210000038146973,11545346.0
2019-07-19,8.289999961853027,8.3100004196167,8.199999809265137,8.239999771118164,23882699.0
2019-07-22,8.210000038146973,8.229999542236328,8.020000457763672,8.039999961853027,42548897.0
2019-07-23,8.050000190734863,8.09000015258789,8.0,8.020000457763672,25776855.0
2019-07-24,8.0,8.010000228881836,7.880000114440918,7.909999847412109,55387615.0
2019-07-25,7.929999828338623,7.96999979019165,7.900000095367432,7.940000057220459,55455285.0
2019-07-26,7.900000095367432,7.900000095367432,7.820000171661377,7.860000133514404,21949262.0
2019-07-29,7.820000171661377,7.900000095367432,7.699999809265137,7.78000020980835,24552733.0
2019-07-30,7.809999942779541,7.829999923706055,7.71999979019165,7.75,25694038.0
2019-07-31,7.690000057220459,7.730000019073486,7.590000152587891,7.659999847412109,23644455.0
2019-08-01,7.760000228881836,7.760000228881836,7.570000171661377,7.670000076293945,28888818.0
2019-08-02,7.590000152587891,7.590000152587891,7.420000076293945,7.460000038146973,35042471.0
2019-08-05,7.309999942779541,7.409999847412109,7.239999771118164,7.239999771118164,32747716.0
2019-08-06,7.039999961853027,7.309999942779541,6.960000038146973,7.210000038146973,49907134.0
2019-08-07,7.159999847412109,7.21999979019165,7.019999980926514,7.130000114440918,33069680.0
2019-08-08,7.159999847412109,7.300000190734863,7.110000133514404,7.159999847412109,30652959.0
2019-08-09,7.179999828338623,7.28000020980835,7.179999828338623,7.239999771118164,42833163.0
2019-08-12,7.239999771118164,7.369999885559082,7.210000038146973,7.21999979019165,19119753.0
2019-08-13,7.110000133514404,7.25,7.110000133514404,7.119999885559082,25210476.0
2019-08-14,7.199999809265137,7.199999809265137,7.019999980926514,7.050000190734863,20124317.0
2019-08-15,7.090000152587891,7.900000095367432,7.050000190734863,7.820000171661377,159452641.0
2019-08-16,8.0,8.140000343322754,7.820000171661377,7.860000133514404,95788877.0
2019-08-19,7.78000020980835,7.920000076293945,7.639999866485596,7.809999942779541,52485216.0
2019-08-20,7.679999828338623,8.069999694824219,7.679999828338623,7.849999904632568,52924536.0
2019-08-21,7.840000152587891,8.119999885559082,7.820000171661377,8.039999961853027,77440881.0
2019-08-22,8.100000381469727,8.100000381469727,7.820000171661377,7.880000114440918,66682151.0
2019-08-23,7.900000095367432,8.0600004196167,7.78000020980835,8.020000457763672,45136058.0
2019-08-26,7.699999809265137,7.860000133514404,7.659999847412109,7.840000152587891,42996028.0
2019-08-27,7.900000095367432,7.900000095367432,7.739999771118164,7.789999961853027,38248710.0
2019-08-28,7.829999923706055,7.929999828338623,7.78000020980835,7.789999961853027,35240376.0
2019-08-29,7.75,7.860000133514404,7.679999828338623,7.829999923706055,34743869.0
2019-08-30,7.909999847412109,7.909999847412109,7.710000038146973,7.809999942779541,31121728.0
2019-09-02,7.800000190734863,7.860000133514404,7.75,7.849999904632568,21424912.0
2019-09-03,7.760000228881836,7.820000171661377,7.670000076293945,7.75,15942832.0
2019-09-04,7.739999771118164,8.09000015258789,7.739999771118164,7.96999979019165,30130803.0
2019-09-05,7.96999979019165,8.039999961853027,7.869999885559082,7.940000057220459,25295044.0
2019-09-06,7.940000057220459,8.140000343322754,7.869999885559082,7.989999771118164,46251495.0
2019-09-09,7.949999809265137,8.15999984741211,7.929999828338623,8.039999961853027,61061735.0
2019-09-10,8.380000114440918,8.5600004196167,8.329999923706055,8.4399995803833,108406572.0
2019-09-11,8.4399995803833,8.479999542236328,8.270000457763672,8.460000038146973,46138135.0
2019-09-12,8.479999542236328,8.5,8.289999961853027,8.470000267028809,33174374.0
2019-09-13,8.5,8.539999961853027,8.399999618530273,8.489999771118164,22986188.0
2019-09-16,8.40999984741211,8.539999961853027,8.359999656677246,8.449999809265137,37979938.0
2019-09-17,8.369999885559082,8.420000076293945,8.270000457763672,8.3100004196167,28739693.0
2019-09-18,8.380000114440918,8.5,8.34000015258789,8.369999885559082,24159352.0
2019-09-19,8.390000343322754,8.390000343322754,8.270000457763672,8.279999732971191,27559879.0
2019-09-20,8.380000114440918,8.399999618530273,8.210000038146973,8.260000228881836,41437623.0
2019-09-23,8.329999923706055,8.34000015258789,8.210000038146973,8.270000457763672,24856683.0
2019-09-24,8.260000228881836,8.329999923706055,8.239999771118164,8.270000457763672,32375726.0
2019-09-25,8.279999732971191,8.3100004196167,8.210000038146973,8.260000228881836,20566417.0
2019-09-26,8.220000267028809,8.260000228881836,8.09000015258789,8.199999809265137,34583143.0
2019-09-27,8.199999809265137,8.279999732971191,8.149999618530273,8.1899995803833,17449058.0
2019-09-30,8.220000267028809,8.420000076293945,8.180000305175781,8.319999694824219,25864381.0
2019-10-02,8.180000305175781,8.510000228881836,8.170000076293945,8.4399995803833,33669542.0
2019-10-03,8.329999923706055,8.569999694824219,8.329999923706055,8.460000038146973,30388274.0
2019-10-04,8.479999542236328,8.569999694824219,8.3100004196167,8.359999656677246,26439727.0
2019-10-08,8.300000190734863,8.489999771118164,8.300000190734863,8.40999984741211,28875142.0
2019-10-09,8.390000343322754,8.420000076293945,8.3100004196167,8.380000114440918,20642348.0
2019-10-10,8.350000381469727,8.489999771118164,8.25,8.4399995803833,31568867.0
2019-10-11,8.550000190734863,8.720000267028809,8.40999984741211,8.680000305175781,44518307.0
2019-10-14,8.630000114440918,8.760000228881836,8.539999961853027,8.640000343322754,27389490.0
2019-10-15,8.59000015258789,8.619999885559082,8.369999885559082,8.380000114440918,46150450.0
2019-10-16,8.34000015258789,8.4399995803833,8.260000228881836,8.289999961853027,32273084.0
2019-10-17,8.270000457763672,8.369999885559082,8.199999809265137,8.319999694824219,34917418.0
2019-10-18,8.34000015258789,8.359999656677246,8.229999542236328,8.319999694824219,44675799.0
2019-10-21,8.239999771118164,8.380000114440918,8.239999771118164,8.34000015258789,23040754.0
2019-10-22,8.34000015258789,8.34000015258789,7.989999771118164,8.020000457763672,78266746.0
2019-10-23,8.079999923706055,8.079999923706055,7.989999771118164,8.010000228881836,23873039.0
2019-10-24,8.109999656677246,8.149999618530273,8.010000228881836,8.100000381469727,20681518.0
2019-10-25,8.09000015258789,8.109999656677246,7.940000057220459,7.980000019073486,22358550.0
2019-10-28,7.980000019073486,8.079999923706055,7.96999979019165,7.980000019073486,17038284.0
2019-10-29,7.960000038146973,8.029999732971191,7.829999923706055,7.880000114440918,37206856.0
2019-10-30,7.860000133514404,7.880000114440918,7.760000228881836,7.809999942779541,24549762.0
2019-10-31,7.869999885559082,7.900000095367432,7.769999980926514,7.769999980926514,25437759.0
2019-11-01,7.769999980926514,7.840000152587891,7.730000019073486,7.78000020980835,20046602.0
2019-11-04,7.920000076293945,8.020000457763672,7.829999923706055,7.860000133514404,41155034.0
2019-11-05,7.889999866485596,7.889999866485596,7.789999961853027,7.860000133514404,26673341.0
2019-11-06,7.869999885559082,7.900000095367432,7.800000190734863,7.820000171661377,23960672.0
2019-11-07,7.800000190734863,7.880000114440918,7.769999980926514,7.840000152587891,12329484.0
2019-11-08,7.789999961853027,7.860000133514404,7.619999885559082,7.679999828338623,37651742.0
2019-11-11,7.650000095367432,7.679999828338623,7.289999961853027,7.360000133514404,49569664.0
2019-11-12,7.46999979019165,7.46999979019165,7.260000228881836,7.360000133514404,23655032.0
2019-11-13,7.25,7.340000152587891,7.130000114440918,7.190000057220459,33087404.0
2019-11-14,7.25,7.269999980926514,7.119999885559082,7.159999847412109,27668551.0
2019-11-15,7.230000019073486,7.239999771118164,7.099999904632568,7.130000114440918,18771384.0
2019-11-18,7.199999809265137,7.230000019073486,7.139999866485596,7.21999979019165,20043661.0
2019-11-19,7.179999828338623,7.389999866485596,7.170000076293945,7.380000114440918,44367504.0
2019-11-20,7.320000171661377,7.320000171661377,7.190000057220459,7.320000171661377,15944674.0
2019-11-21,7.309999942779541,7.309999942779541,7.110000133514404,7.199999809265137,29576167.0
2019-11-22,7.21999979019165,7.260000228881836,7.150000095367432,7.179999828338623,38687557.0
2019-11-25,7.230000019073486,7.230000019073486,7.139999866485596,7.21999979019165,23197437.0
2019-11-26,7.449999809265137,7.449999809265137,7.170000076293945,7.170000076293945,41167532.0
2019-11-27,7.210000038146973,7.210000038146973,7.070000171661377,7.090000152587891,25064157.0
2019-11-28,7.050000190734863,7.050000190734863,6.860000133514404,6.900000095367432,49077782.0
2019-11-29,6.800000190734863,6.829999923706055,6.650000095367432,6.699999809265137,51209729.0
2019-12-02,6.690000057220459,6.710000038146973,6.519999980926514,6.699999809265137,46418365.0
2019-12-03,6.599999904632568,6.760000228881836,6.599999904632568,6.760000228881836,27957671.0
2019-12-04,6.75,6.809999942779541,6.690000057220459,6.760000228881836,25989841.0
2019-12-05,6.809999942779541,6.809999942779541,6.71999979019165,6.78000020980835,19261908.0
2019-12-06,6.809999942779541,6.889999866485596,6.78000020980835,6.889999866485596,28507983.0
2019-12-09,6.900000095367432,6.900000095367432,6.789999961853027,6.869999885559082,17665946.0
2019-12-10,6.849999904632568,6.900000095367432,6.809999942779541,6.860000133514404,8397031.0
2019-12-11,6.800000190734863,6.840000152587891,6.769999980926514,6.809999942779541,41868112.0
2019-12-12,6.849999904632568,6.960000038146973,6.820000171661377,6.909999847412109,34177417.0
2019-12-13,6.960000038146973,7.019999980926514,6.929999828338623,7.019999980926514,27107135.0
2019-12-16,6.96999979019165,7.0,6.940000057220459,6.960000038146973,14680323.0
2019-12-17,6.96999979019165,7.050000190734863,6.920000076293945,7.010000228881836,23118737.0
2019-12-18,7.0,7.070000171661377,6.960000038146973,7.019999980926514,21012983.0
2019-12-19,7.019999980926514,7.019999980926514,6.849999904632568,7.0,29359756.0
2019-12-20,7.0,7.260000228881836,6.989999771118164,7.25,79331095.0
2019-12-23,7.230000019073486,7.25,7.059999942779541,7.170000076293945,32148818.0
2019-12-24,7.179999828338623,7.25,7.119999885559082,7.190000057220459,6472474.0
2019-12-27,7.199999809265137,7.28000020980835,7.179999828338623,7.269999980926514,15526044.0
2019-12-30,7.269999980926514,7.369999885559082,7.25,7.320000171661377,32860269.0
2019-12-31,7.300000190734863,7.369999885559082,7.28000020980835,7.340000152587891,16937630.0
2020-01-02,7.349999904632568,7.349999904632568,7.260000228881836,7.320000171661377,20052632.0
2020-01-03,7.340000152587891,7.360000133514404,7.260000228881836,7.289999961853027,14966677.0
2020-01-06,7.289999961853027,7.289999961853027,7.150000095367432,7.21999979019165,15057755.0
2020-01-07,7.239999771118164,7.28000020980835,7.130000114440918,7.150000095367432,26701467.0
2020-01-08,7.119999885559082,7.119999885559082,6.989999771118164,7.070000171661377,21046051.0
2020-01-09,7.150000095367432,7.159999847412109,7.039999961853027,7.110000133514404,40330308.0
2020-01-10,7.099999904632568,7.130000114440918,6.989999771118164,7.059999942779541,37170286.0
2020-01-13,7.130000114440918,7.150000095367432,7.059999942779541,7.119999885559082,31649184.0
2020-01-14,7.21999979019165,7.269999980926514,7.170000076293945,7.210000038146973,31507662.0
2020-01-15,7.179999828338623,7.28000020980835,7.070000171661377,7.110000133514404,37012979.0
2020-01-16,7.130000114440918,7.190000057220459,7.090000152587891,7.179999828338623,23373911.0
2020-01-17,7.190000057220459,7.239999771118164,7.130000114440918,7.159999847412109,21471019.0
2020-01-20,7.300000190734863,7.369999885559082,7.239999771118164,7.360000133514404,56203361.0
2020-01-21,7.360000133514404,7.360000133514404,7.079999923706055,7.099999904632568,33130218.0
2020-01-22,7.170000076293945,7.170000076293945,7.019999980926514,7.139999866485596,29500158.0
2020-01-23,7.050000190734863,7.079999923706055,6.730000019073486,6.739999771118164,83770824.0
2020-01-24,6.760000228881836,6.840000152587891,6.760000228881836,6.800000190734863,18475300.0
2020-01-29,6.710000038146973,6.710000038146973,6.599999904632568,6.659999847412109,29826004.0
2020-01-30,6.630000114440918,6.690000057220459,6.5,6.5,39803268.0
2020-01-31,6.559999942779541,6.599999904632568,6.53000020980835,6.539999961853027,25022968.0
2020-02-03,6.53000020980835,6.679999828338623,6.519999980926514,6.539999961853027,25932515.0
2020-02-04,6.510000228881836,6.579999923706055,6.480000019073486,6.550000190734863,40072397.0
2020-02-05,6.510000228881836,6.550000190734863,6.429999828338623,6.539999961853027,36226295.0
2020-02-06,6.630000114440918,6.820000171661377,6.559999942779541,6.809999942779541,44414681.0
2020-02-07,6.809999942779541,6.920000076293945,6.75,6.909999847412109,34616196.0
2020-02-10,6.800000190734863,6.820000171661377,6.730000019073486,6.760000228881836,17184914.0
2020-02-11,6.78000020980835,6.849999904632568,6.710000038146973,6.760000228881836,18677743.0
2020-02-12,6.699999809265137,6.800000190734863,6.699999809265137,6.75,18713745.0
2020-02-13,6.829999923706055,6.829999923706055,6.710000038146973,6.71999979019165,14290913.0
2020-02-14,6.690000057220459,6.739999771118164,6.659999847412109,6.710000038146973,13395850.0
2020-02-17,6.699999809265137,6.809999942779541,6.690000057220459,6.789999961853027,14025428.0
2020-02-18,6.820000171661377,6.820000171661377,6.659999847412109,6.679999828338623,29149076.0
2020-02-19,6.71999979019165,6.789999961853027,6.690000057220459,6.789999961853027,22700937.0
2020-02-20,6.820000171661377,6.840000152587891,6.710000038146973,6.760000228881836,20969906.0
2020-02-21,6.690000057220459,6.78000020980835,6.659999847412109,6.690000057220459,22743265.0
2020-02-24,6.650000095367432,6.650000095367432,6.539999961853027,6.579999923706055,24649055.0
2020-02-25,6.53000020980835,6.539999961853027,6.449999809265137,6.46999979019165,49650775.0
2020-02-26,6.28000020980835,6.420000076293945,6.28000020980835,6.309999942779541,55195202.0
2020-02-27,6.349999904632568,6.360000133514404,6.239999771118164,6.320000171661377,34749348.0
2020-02-28,6.179999828338623,6.25,6.139999866485596,6.150000095367432,51217685.0
2020-03-02,6.28000020980835,6.300000190734863,6.159999847412109,6.25,26690395.0
2020-03-03,6.269999980926514,6.289999961853027,6.190000057220459,6.190000057220459,26527067.0
2020-03-04,6.190000057220459,6.230000019073486,6.170000076293945,6.179999828338623,19838115.0
2020-03-05,6.190000057220459,6.349999904632568,6.190000057220459,6.28000020980835,35836829.0
2020-03-06,6.210000038146973,6.230000019073486,6.099999904632568,6.130000114440918,76666328.0
2020-03-09,6.039999961853027,6.039999961853027,5.860000133514404,5.869999885559082,62054000.0
2020-03-10,5.880000114440918,5.920000076293945,5.789999961853027,5.789999961853027,43973243.0
2020-03-11,5.800000190734863,5.809999942779541,5.590000152587891,5.590000152587891,64514006.0
2020-03-12,5.46999979019165,5.480000019073486,5.190000057220459,5.239999771118164,64146421.0
2020-03-13,4.800000190734863,5.050000190734863,4.739999771118164,5.0,79110946.0
2020-03-16,4.880000114440918,4.949999809265137,4.769999980926514,4.800000190734863,52081288.0
2020-03-17,4.710000038146973,4.849999904632568,4.619999885559082,4.619999885559082,59419512.0
2020-03-18,4.5,4.579999923706055,4.170000076293945,4.179999828338623,80888428.0
2020-03-19,4.199999809265137,4.300000190734863,3.8399999141693115,3.9000000953674316,96222135.0
2020-03-20,4.03000020980835,4.369999885559082,4.03000020980835,4.360000133514404,86440720.0
2020-03-23,4.130000114440918,4.269999980926514,4.079999923706055,4.079999923706055,57941725.0
2020-03-24,4.25,4.659999847412109,4.25,4.5,120785391.0
2020-03-25,4.639999866485596,4.699999809265137,4.440000057220459,4.570000171661377,78427177.0
2020-03-26,4.53000020980835,4.610000133514404,4.440000057220459,4.449999809265137,54987107.0
2020-03-27,4.579999923706055,4.650000095367432,4.360000133514404,4.369999885559082,69514787.0
2020-03-30,4.309999942779541,4.480000019073486,4.269999980926514,4.360000133514404,48501147.0
2020-03-31,4.460000038146973,4.550000190734863,4.400000095367432,4.46999979019165,63787413.0
2020-04-01,4.5,4.539999961853027,4.409999847412109,4.440000057220459,40211241.0
2020-04-02,4.480000019073486,4.599999904632568,4.440000057220459,4.570000171661377,65421149.0
2020-04-03,4.78000020980835,4.869999885559082,4.650000095367432,4.840000152587891,83462914.0
2020-04-06,4.840000152587891,5.170000076293945,4.840000152587891,5.139999866485596,98104605.0
2020-04-07,5.260000228881836,5.360000133514404,5.119999885559082,5.340000152587891,107933894.0
2020-04-08,5.300000190734863,5.329999923706055,5.139999866485596,5.159999847412109,68695669.0
2020-04-09,5.179999828338623,5.309999942779541,5.179999828338623,5.260000228881836,51894850.0
2020-04-14,5.230000019073486,5.260000228881836,5.099999904632568,5.21999979019165,50512844.0
2020-04-15,5.25,5.260000228881836,5.019999980926514,5.03000020980835,60540750.0
2020-04-16,4.989999771118164,5.010000228881836,4.909999847412109,4.920000076293945,52986295.0
2020-04-17,4.980000019073486,5.099999904632568,4.960000038146973,5.0,58763131.0
2020-04-20,5.0,5.099999904632568,4.960000038146973,5.059999942779541,28554421.0
2020-04-21,5.019999980926514,5.03000020980835,4.869999885559082,4.880000114440918,46313074.0
2020-04-22,4.849999904632568,4.940000057220459,4.75,4.900000095367432,42011848.0
2020-04-23,4.929999828338623,5.070000171661377,4.920000076293945,5.010000228881836,30767983.0
2020-04-24,4.980000019073486,5.099999904632568,4.949999809265137,4.96999979019165,48871544.0
2020-04-27,5.03000020980835,5.170000076293945,5.019999980926514,5.170000076293945,42735674.0
2020-04-28,5.150000095367432,5.159999847412109,5.050000190734863,5.079999923706055,29930117.0
2020-04-29,5.099999904632568,5.099999904632568,4.980000019073486,5.010000228881836,40600807.0
2020-05-04,4.889999866485596,5.0,4.75,4.789999961853027,62280817.0
2020-05-05,4.849999904632568,4.909999847412109,4.820000171661377,4.900000095367432,27358643.0
2020-05-06,4.900000095367432,5.0,4.880000114440918,4.960000038146973,30642800.0
2020-05-07,4.949999809265137,4.960000038146973,4.869999885559082,4.889999866485596,29449242.0
2020-05-08,4.929999828338623,5.0,4.909999847412109,4.980000019073486,30921910.0
2020-05-11,5.010000228881836,5.090000152587891,5.0,5.010000228881836,35713966.0
2020-05-12,5.03000020980835,5.050000190734863,4.900000095367432,4.900000095367432,43644110.0
2020-05-13,4.940000057220459,4.940000057220459,4.769999980926514,4.789999961853027,62020226.0
2020-05-14,4.769999980926514,4.78000020980835,4.599999904632568,4.670000076293945,65441003.0
2020-05-15,4.739999771118164,4.789999961853027,4.670000076293945,4.75,37009202.0
2020-05-18,4.800000190734863,4.920000076293945,4.730000019073486,4.880000114440918,48814440.0
2020-05-19,4.989999771118164,5.070000171661377,4.920000076293945,4.929999828338623,48202476.0
2020-05-20,4.920000076293945,4.949999809265137,4.739999771118164,4.75,54141956.0
2020-05-21,4.820000171661377,4.849999904632568,4.670000076293945,4.710000038146973,55072969.0
2020-05-22,4.650000095367432,4.659999847412109,4.329999923706055,4.400000095367432,89440191.0
2020-05-25,4.380000114440918,4.420000076293945,4.320000171661377,4.389999866485596,43304683.0
2020-05-26,4.429999828338623,4.519999980926514,4.409999847412109,4.46999979019165,26282073.0
2020-05-27,4.519999980926514,4.559999942779541,4.46999979019165,4.539999961853027,42644347.0
2020-05-28,4.539999961853027,4.639999866485596,4.449999809265137,4.539999961853027,75227850.0
2020-05-29,4.570000171661377,4.599999904632568,4.449999809265137,4.489999771118164,74412594.0
2020-06-01,4.460000038146973,4.550000190734863,4.400000095367432,4.420000076293945,71327060.0
2020-06-02,4.429999828338623,4.510000228881836,4.28000020980835,4.320000171661377,75414152.0
2020-06-03,4.449999809265137,4.46999979019165,4.409999847412109,4.449999809265137,67518278.0
2020-06-04,4.480000019073486,4.550000190734863,4.389999866485596,4.449999809265137,58802152.0
2020-06-05,4.46999979019165,4.630000114440918,4.449999809265137,4.619999885559082,148913379.0
2020-06-08,4.670000076293945,4.699999809265137,4.559999942779541,4.599999904632568,62483933.0
2020-06-09,4.650000095367432,4.690000057220459,4.5,4.650000095367432,55728379.0
2020-06-10,4.670000076293945,4.730000019073486,4.610000133514404,4.639999866485596,39198347.0
2020-06-11,4.590000152587891,4.639999866485596,4.440000057220459,4.440000057220459,39108541.0
2020-06-12,4.369999885559082,4.389999866485596,4.289999961853027,4.329999923706055,58121735.0
2020-06-15,4.309999942779541,4.329999923706055,4.21999979019165,4.25,52341479.0
2020-06-16,4.329999923706055,4.440000057220459,4.320000171661377,4.380000114440918,39700089.0
2020-06-17,4.360000133514404,4.460000038146973,4.329999923706055,4.429999828338623,23475736.0
2020-06-18,4.440000057220459,4.440000057220459,4.360000133514404,4.380000114440918,19560166.0
2020-06-19,4.409999847412109,4.480000019073486,4.369999885559082,4.449999809265137,44352735.0
2020-06-22,4.440000057220459,4.440000057220459,4.320000171661377,4.349999904632568,41446925.0
2020-06-23,4.320000171661377,4.420000076293945,4.230000019073486,4.420000076293945,38879360.0
2020-06-24,4.5,4.5,4.420000076293945,4.440000057220459,24020394.0
2020-06-26,4.28000020980835,4.420000076293945,4.28000020980835,4.320000171661377,29773594.0
2020-06-29,4.340000152587891,4.340000152587891,4.139999866485596,4.199999809265137,38637285.0
2020-06-30,4.239999771118164,4.269999980926514,4.159999847412109,4.190000057220459,26868983.0
2020-07-02,4.28000020980835,4.369999885559082,4.210000038146973,4.369999885559082,41973385.0
2020-07-03,4.400000095367432,4.440000057220459,4.329999923706055,4.429999828338623,42311272.0
2020-07-06,4.440000057220459,4.889999866485596,4.440000057220459,4.869999885559082,108788549.0
2020-07-07,5.019999980926514,5.070000171661377,4.730000019073486,4.78000020980835,85306857.0
2020-07-08,4.710000038146973,4.840000152587891,4.659999847412109,4.78000020980835,62912229.0
2020-07-09,4.829999923706055,4.860000133514404,4.739999771118164,4.78000020980835,62052505.0
2020-07-10,4.699999809265137,4.75,4.570000171661377,4.610000133514404,56262995.0
2020-07-13,4.670000076293945,4.710000038146973,4.590000152587891,4.619999885559082,40561376.0
2020-07-14,4.670000076293945,4.760000228881836,4.590000152587891,4.699999809265137,80903473.0
2020-07-15,4.800000190734863,4.800000190734863,4.559999942779541,4.610000133514404,57983911.0
2020-07-16,4.639999866485596,4.639999866485596,4.53000020980835,4.550000190734863,36722229.0
2020-07-17,4.619999885559082,4.71999979019165,4.519999980926514,4.53000020980835,44553108.0
2020-07-20,4.539999961853027,4.559999942779541,4.440000057220459,4.489999771118164,35719945.0
2020-07-21,4.510000228881836,4.559999942779541,4.46999979019165,4.489999771118164,29896545.0
2020-07-22,4.519999980926514,4.630000114440918,4.460000038146973,4.480000019073486,37603077.0
2020-07-23,4.449999809265137,4.460000038146973,4.320000171661377,4.420000076293945,50992908.0
2020-07-24,4.400000095367432,4.409999847412109,4.289999961853027,4.329999923706055,35284090.0
2020-07-27,4.369999885559082,4.389999866485596,4.260000228881836,4.269999980926514,26823190.0
2020-07-28,4.329999923706055,4.349999904632568,4.210000038146973,4.239999771118164,37118326.0
2020-07-29,4.260000228881836,4.360000133514404,4.239999771118164,4.320000171661377,29150250.0
2020-07-30,4.320000171661377,4.360000133514404,4.25,4.269999980926514,35363150.0
2020-07-31,4.289999961853027,4.369999885559082,4.269999980926514,4.320000171661377,30252296.0
2020-08-03,4.269999980926514,4.329999923706055,4.269999980926514,4.300000190734863,23236293.0
2020-08-04,4.340000152587891,4.400000095367432,4.28000020980835,4.340000152587891,28550102.0
2020-08-05,4.360000133514404,4.510000228881836,4.349999904632568,4.480000019073486,45048075.0
2020-08-06,4.5,4.5,4.369999885559082,4.400000095367432,38444508.0
2020-08-07,4.400000095367432,4.440000057220459,4.300000190734863,4.349999904632568,22042836.0
2020-08-10,4.400000095367432,4.46999979019165,4.320000171661377,4.429999828338623,27815891.0
2020-08-11,4.46999979019165,4.590000152587891,4.460000038146973,4.559999942779541,46207351.0
2020-08-12,4.539999961853027,4.599999904632568,4.46999979019165,4.570000171661377,32709751.0
2020-08-13,4.900000095367432,5.739999771118164,4.880000114440918,5.739999771118164,485819515.0
2020-08-14,5.699999809265137,6.039999961853027,5.449999809265137,5.920000076293945,202296315.0
2020-08-17,5.920000076293945,6.0,5.71999979019165,5.880000114440918,89720263.0
2020-08-18,5.800000190734863,6.699999809265137,5.739999771118164,6.53000020980835,194053167.0
2020-08-19,6.5,6.5,6.019999980926514,6.03000020980835,123188045.0
2020-08-20,5.920000076293945,6.300000190734863,5.829999923706055,6.210000038146973,114484095.0
2020-08-21,6.190000057220459,6.579999923706055,6.070000171661377,6.400000095367432,101506365.0
2020-08-24,6.449999809265137,6.46999979019165,6.190000057220459,6.320000171661377,48033095.0
2020-08-25,6.300000190734863,6.349999904632568,6.110000133514404,6.199999809265137,59393174.0
2020-08-26,6.150000095367432,6.420000076293945,6.130000114440918,6.179999828338623,49738751.0
2020-08-27,6.21999979019165,6.25,5.769999980926514,5.800000190734863,85234721.0
2020-08-28,5.809999942779541,6.010000228881836,5.690000057220459,5.71999979019165,86011653.0
2020-08-31,5.699999809265137,5.880000114440918,5.489999771118164,5.489999771118164,90016011.0
2020-09-01,5.360000133514404,5.679999828338623,5.320000171661377,5.610000133514404,59914354.0
2020-09-02,5.610000133514404,5.690000057220459,5.380000114440918,5.429999828338623,54592762.0
2020-09-03,5.389999866485596,5.539999961853027,5.329999923706055,5.409999847412109,28221238.0
2020-09-04,5.349999904632568,5.389999866485596,5.230000019073486,5.289999961853027,52703780.0
2020-09-07,5.289999961853027,5.420000076293945,5.21999979019165,5.230000019073486,35149872.0
2020-09-08,5.25,5.539999961853027,5.230000019073486,5.349999904632568,64553788.0
2020-09-09,5.25,5.429999828338623,5.25,5.420000076293945,39552064.0
2020-09-10,5.550000190734863,5.550000190734863,5.380000114440918,5.389999866485596,34448524.0
2020-09-11,5.329999923706055,5.46999979019165,5.289999961853027,5.400000095367432,26944273.0
2020-09-14,5.400000095367432,5.809999942779541,5.400000095367432,5.690000057220459,61925863.0
2020-09-15,5.619999885559082,5.690000057220459,5.519999980926514,5.519999980926514,33070443.0
2020-09-16,5.53000020980835,5.579999923706055,5.480000019073486,5.519999980926514,17973424.0
2020-09-17,5.579999923706055,5.610000133514404,5.400000095367432,5.46999979019165,22728917.0
2020-09-18,5.460000038146973,5.78000020980835,5.460000038146973,5.730000019073486,47502672.0
2020-09-21,5.730000019073486,5.75,5.519999980926514,5.519999980926514,19714231.0
2020-09-22,5.449999809265137,5.519999980926514,5.329999923706055,5.380000114440918,30290795.0
2020-09-23,5.320000171661377,5.380000114440918,5.260000228881836,5.309999942779541,19544481.0
2020-09-24,5.199999809265137,5.309999942779541,5.199999809265137,5.260000228881836,22952809.0
2020-09-25,5.260000228881836,5.429999828338623,5.230000019073486,5.289999961853027,25550040.0
2020-09-28,5.25,5.269999980926514,5.059999942779541,5.130000114440918,30256317.0
2020-09-29,5.159999847412109,5.159999847412109,4.96999979019165,5.050000190734863,23541453.0
2020-09-30,5.239999771118164,5.400000095367432,4.96999979019165,5.050000190734863,34686092.0
2020-10-05,5.090000152587891,5.190000057220459,4.929999828338623,5.090000152587891,50461069.0
2020-10-06,5.090000152587891,5.119999885559082,5.0,5.039999961853027,28827408.0
2020-10-07,5.070000171661377,5.199999809265137,5.010000228881836,5.159999847412109,40378919.0
2020-10-08,5.150000095367432,5.199999809265137,5.019999980926514,5.130000114440918,23356793.0
2020-10-09,5.170000076293945,5.170000076293945,4.960000038146973,5.019999980926514,28023260.0
2020-10-12,5.019999980926514,5.409999847412109,5.010000228881836,5.400000095367432,58979076.0
2020-10-14,5.5,5.610000133514404,5.380000114440918,5.510000228881836,72470214.0
2020-10-15,5.449999809265137,5.519999980926514,5.369999885559082,5.420000076293945,45007899.0
2020-10-16,5.460000038146973,5.5,5.260000228881836,5.329999923706055,42207409.0
2020-10-19,5.329999923706055,5.480000019073486,5.239999771118164,5.300000190734863,32646630.0
2020-10-20,5.300000190734863,5.400000095367432,5.28000020980835,5.400000095367432,68831765.0
2020-10-21,5.849999904632568,6.119999885559082,5.730000019073486,6.0,129791333.0
2020-10-22,5.840000152587891,5.880000114440918,5.309999942779541,5.309999942779541,143330031.0
2020-10-23,5.369999885559082,5.579999923706055,5.28000020980835,5.53000020980835,64887604.0
2020-10-27,5.449999809265137,5.690000057220459,5.420000076293945,5.429999828338623,57790914.0
2020-10-28,5.449999809265137,5.449999809265137,5.119999885559082,5.159999847412109,69565412.0
2020-10-29,5.090000152587891,5.110000133514404,4.929999828338623,4.980000019073486,77264082.0
2020-10-30,5.03000020980835,5.03000020980835,4.690000057220459,4.760000228881836,99193076.0
2020-11-02,4.800000190734863,4.849999904632568,4.739999771118164,4.78000020980835,40721032.0
2020-11-03,4.800000190734863,4.980000019073486,4.78000020980835,4.940000057220459,71121683.0
2020-11-04,4.889999866485596,5.090000152587891,4.889999866485596,4.940000057220459,91395419.0
2020-11-05,5.079999923706055,5.199999809265137,5.03000020980835,5.079999923706055,83485644.0
2020-11-06,5.130000114440918,5.21999979019165,5.070000171661377,5.119999885559082,59350564.0
2020-11-09,5.21999979019165,5.28000020980835,5.130000114440918,5.179999828338623,39114055.0
2020-11-10,5.269999980926514,5.340000152587891,5.099999904632568,5.21999979019165,41613721.0
2020-11-11,5.260000228881836,5.550000190734863,5.21999979019165,5.550000190734863,113102074.0
2020-11-12,5.53000020980835,5.599999904632568,5.28000020980835,5.329999923706055,70249918.0
2020-11-13,5.150000095367432,5.199999809265137,4.880000114440918,4.980000019073486,142515392.0
2020-11-16,4.960000038146973,5.039999961853027,4.840000152587891,4.889999866485596,71451125.0
2020-11-17,4.900000095367432,4.920000076293945,4.820000171661377,4.860000133514404,44023581.0
2020-11-18,4.889999866485596,4.889999866485596,4.800000190734863,4.840000152587891,42995272.0
2020-11-19,4.840000152587891,4.900000095367432,4.800000190734863,4.829999923706055,51602000.0
2020-11-20,4.820000171661377,4.840000152587891,4.760000228881836,4.789999961853027,38633330.0
2020-11-23,4.789999961853027,4.809999942779541,4.679999828338623,4.769999980926514,47022542.0
2020-11-24,4.710000038146973,4.860000133514404,4.679999828338623,4.820000171661377,55800232.0
2020-11-25,4.849999904632568,4.909999847412109,4.78000020980835,4.820000171661377,43229467.0
2020-11-26,4.820000171661377,4.829999923706055,4.75,4.78000020980835,40909861.0
2020-11-27,4.760000228881836,4.829999923706055,4.75,4.800000190734863,36003592.0
2020-11-30,4.78000020980835,4.809999942779541,4.659999847412109,4.659999847412109,71452847.0
2020-12-01,4.690000057220459,4.71999979019165,4.610000133514404,4.650000095367432,38476983.0
2020-12-02,4.630000114440918,4.71999979019165,4.590000152587891,4.650000095367432,52538600.0
2020-12-03,4.650000095367432,4.699999809265137,4.619999885559082,4.650000095367432,33738405.0
2020-12-04,4.650000095367432,4.650000095367432,4.570000171661377,4.570000171661377,57774269.0
2020-12-07,4.570000171661377,4.599999904632568,4.5,4.539999961853027,35981044.0
2020-12-08,4.559999942779541,4.570000171661377,4.460000038146973,4.46999979019165,53615079.0
2020-12-09,4.480000019073486,4.5,4.380000114440918,4.420000076293945,66128338.0
2020-12-10,4.420000076293945,4.429999828338623,4.349999904632568,4.380000114440918,30277040.0
2020-12-11,4.400000095367432,4.46999979019165,4.329999923706055,4.329999923706055,38729336.0
2020-12-14,4.360000133514404,4.429999828338623,4.300000190734863,4.340000152587891,31490484.0
2020-12-15,4.320000171661377,4.369999885559082,4.25,4.309999942779541,44481992.0
2020-12-16,4.320000171661377,4.46999979019165,4.320000171661377,4.389999866485596,47322270.0
2020-12-17,4.409999847412109,4.46999979019165,4.340000152587891,4.409999847412109,59210121.0
2020-12-18,4.360000133514404,4.610000133514404,4.349999904632568,4.559999942779541,133167746.0
2020-12-21,4.559999942779541,4.559999942779541,4.389999866485596,4.440000057220459,50277893.0
2020-12-22,4.409999847412109,4.489999771118164,4.380000114440918,4.420000076293945,44603732.0
2020-12-23,4.400000095367432,4.440000057220459,4.329999923706055,4.360000133514404,37675018.0
2020-12-24,4.480000019073486,4.480000019073486,4.480000019073486,4.480000019073486,0.0
2020-12-28,4.460000038146973,4.730000019073486,4.460000038146973,4.610000133514404,94521650.0
2020-12-29,4.599999904632568,4.670000076293945,4.559999942779541,4.619999885559082,57385861.0
2020-12-30,4.610000133514404,4.630000114440918,4.460000038146973,4.510000228881836,78237836.0
2020-12-31,4.480000019073486,4.480000019073486,4.480000019073486,4.480000019073486,0.0
2021-01-04,4.360000133514404,4.5,4.28000020980835,4.46999979019165,239480966.0
2021-01-05,4.320000171661377,4.960000038146973,4.320000171661377,4.849999904632568,292474422.0
2021-01-06,4.760000228881836,5.039999961853027,4.699999809265137,5.019999980926514,157723667.0
2021-01-07,4.769999980926514,4.769999980926514,4.449999809265137,4.449999809265137,516843518.0
2021-01-08,3.950000047683716,4.409999847412109,3.950000047683716,4.409999847412109,1347260187.0
2021-01-11,4.510000228881836,4.800000190734863,4.429999828338623,4.659999847412109,611417383.0
2021-01-12,4.659999847412109,5.0,4.639999866485596,4.940000057220459,321032672.0
2021-01-13,5.0,5.110000133514404,4.880000114440918,4.920000076293945,220466153.0
2021-01-14,4.929999828338623,5.130000114440918,4.929999828338623,5.050000190734863,158403682.0
2021-01-15,5.050000190734863,5.130000114440918,4.920000076293945,5.010000228881836,165855963.0
2021-01-18,5.0,5.28000020980835,4.980000019073486,5.119999885559082,153778256.0
2021-01-19,5.210000038146973,5.289999961853027,5.039999961853027,5.099999904632568,146087237.0
2021-01-20,5.130000114440918,5.239999771118164,4.820000171661377,4.96999979019165,244464491.0
2021-01-21,5.010000228881836,5.03000020980835,4.840000152587891,4.880000114440918,128300493.0
2021-01-22,4.900000095367432,4.900000095367432,4.699999809265137,4.769999980926514,120937145.0
2021-01-25,4.769999980926514,4.860000133514404,4.579999923706055,4.610000133514404,172924714.0
2021-01-26,4.579999923706055,4.610000133514404,4.400000095367432,4.460000038146973,167916373.0
2021-01-27,4.53000020980835,4.670000076293945,4.420000076293945,4.599999904632568,140196000.0
2021-01-28,4.519999980926514,4.670000076293945,4.400000095367432,4.440000057220459,159496370.0
2021-01-29,4.46999979019165,4.5,4.309999942779541,4.360000133514404,175052252.0
2021-02-01,4.360000133514404,4.460000038146973,4.349999904632568,4.420000076293945,107328018.0
2021-02-02,4.429999828338623,4.570000171661377,4.409999847412109,4.429999828338623,96634086.0
2021-02-03,4.429999828338623,4.480000019073486,4.369999885559082,4.460000038146973,67293762.0
2021-02-04,4.420000076293945,4.460000038146973,4.28000020980835,4.300000190734863,118861777.0
2021-02-05,4.340000152587891,4.440000057220459,4.300000190734863,4.400000095367432,96037612.0
2021-02-08,4.460000038146973,4.480000019073486,4.369999885559082,4.400000095367432,50658443.0
2021-02-09,4.400000095367432,4.429999828338623,4.340000152587891,4.409999847412109,44642232.0
2021-02-10,4.380000114440918,4.480000019073486,4.369999885559082,4.429999828338623,62001718.0
2021-02-11,4.480000019073486,4.480000019073486,4.480000019073486,4.480000019073486,0.0
2021-02-16,4.489999771118164,4.590000152587891,4.489999771118164,4.519999980926514,77033535.0
2021-02-17,4.559999942779541,4.730000019073486,4.53000020980835,4.679999828338623,99792215.0
2021-02-18,4.739999771118164,4.949999809265137,4.670000076293945,4.75,221541487.0
2021-02-19,4.809999942779541,5.139999866485596,4.730000019073486,5.079999923706055,323928725.0
2021-02-22,5.170000076293945,5.5,5.130000114440918,5.400000095367432,375561030.0
2021-02-23,5.329999923706055,5.5,5.300000190734863,5.300000190734863,202106308.0
2021-02-24,5.349999904632568,5.46999979019165,5.019999980926514,5.099999904632568,147546146.0
2021-02-25,5.159999847412109,5.230000019073486,5.050000190734863,5.050000190734863,90649993.0
2021-02-26,4.989999771118164,5.0,4.860000133514404,4.920000076293945,96195992.0
2021-03-01,4.940000057220459,5.25,4.909999847412109,5.150000095367432,89922003.0
2021-03-02,5.190000057220459,5.190000057220459,4.96999979019165,5.050000190734863,69285744.0
2021-03-03,5.03000020980835,5.340000152587891,5.010000228881836,5.21999979019165,166327913.0
2021-03-04,5.150000095367432,5.28000020980835,5.079999923706055,5.139999866485596,96735100.0
2021-03-05,5.050000190734863,5.170000076293945,5.03000020980835,5.110000133514404,92289839.0
2021-03-08,5.170000076293945,5.389999866485596,5.059999942779541,5.059999942779541,183907980.0
2021-03-09,5.139999866485596,5.179999828338623,4.820000171661377,5.0,150849935.0
2021-03-10,5.150000095367432,5.190000057220459,4.880000114440918,4.909999847412109,119229049.0
2021-03-11,4.909999847412109,4.989999771118164,4.78000020980835,4.840000152587891,149904558.0
2021-03-12,4.880000114440918,4.889999866485596,4.610000133514404,4.630000114440918,213131724.0
2021-03-15,4.690000057220459,4.690000057220459,4.570000171661377,4.639999866485596,76678277.0
2021-03-16,4.670000076293945,4.699999809265137,4.599999904632568,4.639999866485596,84943265.0
2021-03-17,4.650000095367432,4.659999847412109,4.599999904632568,4.610000133514404,61980600.0
2021-03-18,4.630000114440918,4.71999979019165,4.610000133514404,4.610000133514404,94444630.0
2021-03-19,4.570000171661377,4.590000152587891,4.429999828338623,4.510000228881836,174621452.0
2021-03-22,4.519999980926514,4.519999980926514,4.409999847412109,4.46999979019165,98398240.0
2021-03-23,4.5,4.510000228881836,4.409999847412109,4.449999809265137,90421183.0
2021-03-24,4.409999847412109,4.449999809265137,4.340000152587891,4.389999866485596,104797927.0
2021-03-25,4.340000152587891,4.420000076293945,4.320000171661377,4.389999866485596,73275637.0
2021-03-26,4.400000095367432,4.429999828338623,4.380000114440918,4.409999847412109,33142556.0
2021-03-29,4.420000076293945,4.429999828338623,4.360000133514404,4.409999847412109,59628218.0
2021-03-30,4.420000076293945,4.429999828338623,4.349999904632568,4.409999847412109,67171195.0
2021-03-31,4.420000076293945,4.429999828338623,4.349999904632568,4.389999866485596,54424534.0
2021-04-01,4.400000095367432,4.429999828338623,4.360000133514404,4.409999847412109,57199198.0
2021-04-07,4.449999809265137,4.46999979019165,4.409999847412109,4.420000076293945,60539280.0
2021-04-08,4.409999847412109,4.440000057220459,4.389999866485596,4.400000095367432,65867442.0
2021-04-09,4.400000095367432,4.420000076293945,4.369999885559082,4.369999885559082,52206124.0
2021-04-12,4.380000114440918,4.420000076293945,4.360000133514404,4.369999885559082,35794970.0
2021-04-13,4.369999885559082,4.389999866485596,4.349999904632568,4.349999904632568,36877110.0
2021-04-14,4.360000133514404,4.400000095367432,4.360000133514404,4.380000114440918,32278710.0
2021-04-15,4.389999866485596,4.400000095367432,4.360000133514404,4.360000133514404,35924379.0
2021-04-16,4.369999885559082,4.550000190734863,4.369999885559082,4.460000038146973,93646408.0
2021-04-19,4.460000038146973,4.610000133514404,4.460000038146973,4.519999980926514,74241266.0
2021-04-20,4.519999980926514,4.559999942779541,4.489999771118164,4.53000020980835,31285555.0
2021-04-21,4.53000020980835,4.539999961853027,4.460000038146973,4.539999961853027,46182743.0
2021-04-22,4.639999866485596,4.690000057220459,4.550000190734863,4.570000171661377,124411714.0
2021-04-23,4.550000190734863,4.630000114440918,4.53000020980835,4.559999942779541,49758573.0
2021-04-26,4.5,4.550000190734863,4.5,4.53000020980835,42794042.0
2021-04-27,4.510000228881836,4.519999980926514,4.46999979019165,4.5,28977900.0
2021-04-28,4.510000228881836,4.519999980926514,4.449999809265137,4.489999771118164,44681905.0
2021-04-29,4.5,4.539999961853027,4.46999979019165,4.510000228881836,29001910.0
2021-04-30,4.5,4.519999980926514,4.480000019073486,4.489999771118164,23070000.0
2021-05-03,4.46999979019165,4.5,4.460000038146973,4.489999771118164,15988550.0
2021-05-04,4.489999771118164,4.510000228881836,4.480000019073486,4.5,10152714.0
2021-05-05,4.5,4.550000190734863,4.480000019073486,4.519999980926514,20998271.0
2021-05-06,4.550000190734863,4.570000171661377,4.519999980926514,4.539999961853027,45376462.0
2021-05-07,4.559999942779541,4.579999923706055,4.510000228881836,4.53000020980835,36169102.0
2021-05-10,4.5,4.559999942779541,4.46999979019165,4.510000228881836,44480733.0
2021-05-11,4.5,4.510000228881836,4.429999828338623,4.480000019073486,43617409.0
2021-05-12,4.429999828338623,4.489999771118164,4.429999828338623,4.46999979019165,29645262.0
2021-05-13,4.449999809265137,4.460000038146973,4.400000095367432,4.440000057220459,30783278.0
2021-05-14,4.449999809265137,4.460000038146973,4.409999847412109,4.440000057220459,33533626.0
2021-05-17,4.440000057220459,4.480000019073486,4.429999828338623,4.440000057220459,24221213.0
2021-05-18,4.46999979019165,4.510000228881836,4.449999809265137,4.460000038146973,61242969.0
2021-05-20,4.300000190734863,4.300000190734863,4.230000019073486,4.25,67554743.0
2021-05-21,4.28000020980835,4.289999961853027,4.230000019073486,4.25,43276062.0
2021-05-24,4.260000228881836,4.269999980926514,4.21999979019165,4.230000019073486,44210612.0
2021-05-25,4.260000228881836,4.260000228881836,4.210000038146973,4.230000019073486,62438167.0
2021-05-26,4.239999771118164,4.260000228881836,4.21999979019165,4.230000019073486,28000300.0
2021-05-27,4.230000019073486,4.25,4.210000038146973,4.21999979019165,40894832.0
2021-05-28,4.230000019073486,4.239999771118164,4.179999828338623,4.199999809265137,70751340.0
2021-05-31,4.199999809265137,4.21999979019165,4.159999847412109,4.170000076293945,66266997.0
2021-06-01,4.170000076293945,4.199999809265137,4.159999847412109,4.170000076293945,51737462.0
2021-06-02,4.170000076293945,4.190000057220459,4.150000095367432,4.170000076293945,28656360.0
2021-06-03,4.179999828338623,4.260000228881836,4.170000076293945,4.190000057220459,45892352.0
2021-06-04,4.199999809265137,4.28000020980835,4.179999828338623,4.210000038146973,101956160.0
2021-06-07,4.21999979019165,4.25,4.190000057220459,4.230000019073486,31200325.0
2021-06-08,4.21999979019165,4.25,4.21999979019165,4.230000019073486,30004829.0
2021-06-09,4.230000019073486,4.25,4.210000038146973,4.239999771118164,38589455.0
2021-06-10,4.260000228881836,4.320000171661377,4.230000019073486,4.269999980926514,64872789.0
2021-06-11,4.289999961853027,4.309999942779541,4.239999771118164,4.25,49035631.0
2021-06-15,4.260000228881836,4.28000020980835,4.190000057220459,4.199999809265137,42597795.0
2021-06-16,4.199999809265137,4.21999979019165,4.170000076293945,4.179999828338623,33018446.0
2021-06-17,4.159999847412109,4.190000057220459,4.119999885559082,4.139999866485596,57889070.0
2021-06-18,4.159999847412109,4.170000076293945,4.110000133514404,4.130000114440918,44434508.0
2021-06-21,4.159999847412109,4.21999979019165,4.150000095367432,4.199999809265137,49986571.0
2021-06-22,4.21999979019165,4.239999771118164,4.170000076293945,4.190000057220459,50560198.0
2021-06-23,4.199999809265137,4.210000038146973,4.170000076293945,4.170000076293945,37780726.0
2021-06-24,4.170000076293945,4.199999809265137,4.159999847412109,4.199999809265137,30961224.0
2021-06-25,4.199999809265137,4.309999942779541,4.199999809265137,4.289999961853027,95684490.0
2021-06-28,4.300000190734863,4.360000133514404,4.28000020980835,4.309999942779541,61819643.0
2021-06-29,4.309999942779541,4.329999923706055,4.239999771118164,4.25,46250055.0
2021-06-30,4.25,4.260000228881836,4.210000038146973,4.239999771118164,33368330.0
2021-07-02,4.25,4.25,4.179999828338623,4.199999809265137,26585000.0
2021-07-05,4.210000038146973,4.21999979019165,4.170000076293945,4.190000057220459,22912903.0
2021-07-06,4.190000057220459,4.210000038146973,4.159999847412109,4.170000076293945,27024026.0
2021-07-07,4.159999847412109,4.190000057220459,4.150000095367432,4.159999847412109,29815200.0
2021-07-08,4.159999847412109,4.170000076293945,4.099999904632568,4.119999885559082,63810516.0
2021-07-09,4.119999885559082,4.159999847412109,4.119999885559082,4.130000114440918,41738696.0
2021-07-12,4.150000095367432,4.170000076293945,4.110000133514404,4.110000133514404,41973703.0
2021-07-13,4.110000133514404,4.230000019073486,4.090000152587891,4.199999809265137,86445555.0
2021-07-14,4.21999979019165,4.21999979019165,4.150000095367432,4.179999828338623,37509226.0
2021-07-15,4.179999828338623,4.190000057220459,4.119999885559082,4.139999866485596,73060829.0
2021-07-16,4.159999847412109,4.170000076293945,4.119999885559082,4.130000114440918,54181569.0
2021-07-19,4.130000114440918,4.28000020980835,4.110000133514404,4.179999828338623,103097293.0
2021-07-20,4.190000057220459,4.21999979019165,4.150000095367432,4.170000076293945,36800460.0
2021-07-21,4.170000076293945,4.230000019073486,4.170000076293945,4.179999828338623,32778000.0
2021-07-22,4.21999979019165,4.309999942779541,4.199999809265137,4.289999961853027,76588157.0
2021-07-23,4.300000190734863,4.349999904632568,4.269999980926514,4.289999961853027,46392127.0
2021-07-26,4.260000228881836,4.320000171661377,4.170000076293945,4.210000038146973,72857816.0
2021-07-27,4.21999979019165,4.269999980926514,4.110000133514404,4.179999828338623,92248330.0
2021-07-28,4.170000076293945,4.190000057220459,4.099999904632568,4.119999885559082,86610023.0
2021-07-29,4.139999866485596,4.230000019073486,4.130000114440918,4.199999809265137,71676982.0
2021-07-30,4.159999847412109,4.230000019073486,4.139999866485596,4.199999809265137,57454980.0
2021-08-02,4.199999809265137,4.329999923706055,4.170000076293945,4.320000171661377,77715394.0
2021-08-03,4.320000171661377,4.389999866485596,4.28000020980835,4.349999904632568,61674667.0
2021-08-04,4.349999904632568,4.409999847412109,4.309999942779541,4.340000152587891,56202960.0
2021-08-05,4.340000152587891,4.340000152587891,4.239999771118164,4.300000190734863,28066334.0
2021-08-06,4.28000020980835,4.289999961853027,4.21999979019165,4.269999980926514,18365447.0
2021-08-09,4.269999980926514,4.309999942779541,4.21999979019165,4.28000020980835,27847608.0
2021-08-10,4.269999980926514,4.289999961853027,4.239999771118164,4.25,27812663.0
2021-08-11,4.28000020980835,4.309999942779541,4.239999771118164,4.289999961853027,79213968.0
2021-08-12,4.260000228881836,4.340000152587891,4.260000228881836,4.289999961853027,45176920.0
2021-08-13,4.300000190734863,4.389999866485596,4.289999961853027,4.360000133514404,58262113.0
2021-08-16,4.349999904632568,4.429999828338623,4.340000152587891,4.369999885559082,50257062.0
2021-08-17,4.389999866485596,4.46999979019165,4.380000114440918,4.380000114440918,129473245.0
2021-08-18,4.389999866485596,4.46999979019165,4.360000133514404,4.449999809265137,51403767.0
2021-08-19,4.449999809265137,4.519999980926514,4.440000057220459,4.449999809265137,68752345.0
2021-08-20,4.699999809265137,4.730000019073486,4.349999904632568,4.429999828338623,155323523.0
2021-08-23,4.46999979019165,4.489999771118164,4.349999904632568,4.420000076293945,54280560.0
2021-08-24,4.389999866485596,4.429999828338623,4.349999904632568,4.380000114440918,38609900.0
2021-08-25,4.389999866485596,4.400000095367432,4.309999942779541,4.329999923706055,45318559.0
2021-08-26,4.320000171661377,4.340000152587891,4.25,4.289999961853027,50231600.0
2021-08-27,4.260000228881836,4.300000190734863,4.25,4.269999980926514,22567680.0
2021-08-30,4.25,4.269999980926514,4.199999809265137,4.230000019073486,50514392.0
2021-08-31,4.230000019073486,4.230000019073486,4.150000095367432,4.199999809265137,73758000.0
2021-09-01,4.210000038146973,4.28000020980835,4.199999809265137,4.25,38385769.0
2021-09-02,4.139999866485596,4.170000076293945,4.119999885559082,4.139999866485596,35804667.0
2021-09-03,4.139999866485596,4.179999828338623,4.119999885559082,4.119999885559082,60187937.0
2021-09-06,4.139999866485596,4.170000076293945,4.130000114440918,4.159999847412109,57723778.0
2021-09-07,4.159999847412109,4.210000038146973,4.150000095367432,4.179999828338623,68365298.0
2021-09-08,4.199999809265137,4.199999809265137,4.150000095367432,4.150000095367432,30169757.0
2021-09-09,4.159999847412109,4.159999847412109,4.130000114440918,4.139999866485596,28489805.0
2021-09-10,4.150000095367432,4.190000057220459,4.150000095367432,4.170000076293945,37617314.0
2021-09-13,4.159999847412109,4.179999828338623,4.119999885559082,4.130000114440918,42125087.0
2021-09-14,4.130000114440918,4.159999847412109,4.099999904632568,4.119999885559082,37074230.0
2021-09-15,4.119999885559082,4.119999885559082,4.079999923706055,4.090000152587891,31023139.0
2021-09-16,4.099999904632568,4.099999904632568,4.019999980926514,4.050000190734863,26906750.0
2021-09-17,4.050000190734863,4.050000190734863,4.010000228881836,4.050000190734863,19261070.0
2021-09-20,4.050000190734863,4.050000190734863,3.9200000762939453,3.940000057220459,65422000.0
2021-09-21,3.930000066757202,3.9700000286102295,3.930000066757202,3.9700000286102295,31992650.0
2021-09-23,4.0,4.090000152587891,3.9700000286102295,3.990000009536743,64701588.0
2021-09-24,4.010000228881836,4.019999980926514,3.9600000381469727,3.9700000286102295,26821634.0
2021-09-27,3.9800000190734863,4.010000228881836,3.940000057220459,3.950000047683716,30014817.0
2021-09-28,3.9700000286102295,3.9800000190734863,3.930000066757202,3.9700000286102295,51996588.0
2021-09-29,3.9700000286102295,3.9700000286102295,3.940000057220459,3.9600000381469727,20543300.0
2021-09-30,3.950000047683716,3.9600000381469727,3.940000057220459,3.950000047683716,11638844.0
2021-10-04,3.950000047683716,3.9600000381469727,3.9100000858306885,3.930000066757202,21145346.0
2021-10-05,3.9200000762939453,3.940000057220459,3.9000000953674316,3.940000057220459,10661970.0
2021-10-06,3.930000066757202,3.9600000381469727,3.9100000858306885,3.950000047683716,12015418.0
2021-10-07,3.950000047683716,4.0,3.950000047683716,3.9800000190734863,22033635.0
2021-10-08,3.990000009536743,4.039999961853027,3.990000009536743,4.019999980926514,40271002.0
2021-10-11,4.03000020980835,4.079999923706055,4.0,4.059999942779541,43966871.0
2021-10-12,4.039999961853027,4.090000152587891,4.019999980926514,4.050000190734863,26396084.0
2021-10-15,4.050000190734863,4.090000152587891,4.019999980926514,4.039999961853027,30679160.0
2021-10-18,4.050000190734863,4.059999942779541,4.019999980926514,4.050000190734863,16521505.0
2021-10-19,4.050000190734863,4.090000152587891,4.050000190734863,4.070000171661377,14236000.0
2021-10-20,4.070000171661377,4.090000152587891,4.059999942779541,4.090000152587891,16315000.0
2021-10-21,4.090000152587891,4.119999885559082,4.070000171661377,4.079999923706055,19085300.0
2021-10-22,4.090000152587891,4.110000133514404,4.039999961853027,4.079999923706055,67858540.0
2021-10-25,4.090000152587891,4.110000133514404,4.050000190734863,4.059999942779541,30506713.0
2021-10-26,4.070000171661377,4.079999923706055,4.03000020980835,4.050000190734863,16275046.0
2021-10-27,4.050000190734863,4.070000171661377,4.0,4.070000171661377,31380190.0
2021-10-28,4.070000171661377,4.070000171661377,4.019999980926514,4.039999961853027,17389268.0
2021-10-29,4.050000190734863,4.050000190734863,4.010000228881836,4.019999980926514,22318540.0
2021-11-01,4.019999980926514,4.039999961853027,4.0,4.019999980926514,19534691.0
2021-11-02,4.019999980926514,4.059999942779541,3.9700000286102295,3.990000009536743,35752217.0
2021-11-03,3.990000009536743,4.019999980926514,3.9800000190734863,3.990000009536743,11976032.0
2021-11-04,4.019999980926514,4.019999980926514,3.9800000190734863,3.990000009536743,11113857.0
2021-11-05,3.990000009536743,4.0,3.930000066757202,3.9700000286102295,28605438.0
2021-11-08,3.9700000286102295,3.990000009536743,3.950000047683716,3.9700000286102295,12274000.0
2021-11-09,3.9600000381469727,4.03000020980835,3.9600000381469727,3.9800000190734863,16414837.0
2021-11-10,4.0,4.0,3.950000047683716,3.9800000190734863,10369156.0
2021-11-11,3.9800000190734863,4.070000171661377,3.9800000190734863,4.050000190734863,24336412.0
2021-11-12,4.050000190734863,4.079999923706055,3.9800000190734863,4.019999980926514,19435500.0
2021-11-15,4.050000190734863,4.099999904632568,4.0,4.039999961853027,16957536.0
2021-11-16,4.019999980926514,4.050000190734863,4.010000228881836,4.03000020980835,13994032.0
2021-11-17,4.03000020980835,4.03000020980835,3.990000009536743,4.010000228881836,10489644.0
2021-11-18,4.010000228881836,4.019999980926514,3.990000009536743,4.0,8131758.0
2021-11-19,4.0,4.070000171661377,3.9800000190734863,4.0,16597630.0
2021-11-22,4.0,4.019999980926514,4.0,4.010000228881836,14368469.0
2021-11-23,4.010000228881836,4.059999942779541,4.010000228881836,4.039999961853027,25921890.0
2021-11-24,4.050000190734863,4.050000190734863,4.010000228881836,4.010000228881836,19754171.0
2021-11-25,4.010000228881836,4.03000020980835,4.0,4.019999980926514,16873680.0
2021-11-26,4.010000228881836,4.010000228881836,3.9600000381469727,3.9700000286102295,25961000.0
2021-11-29,3.9700000286102295,3.9800000190734863,3.930000066757202,3.9600000381469727,25978839.0
2021-11-30,3.9600000381469727,3.9600000381469727,3.890000104904175,3.930000066757202,36590000.0
2021-12-01,3.9200000762939453,3.940000057220459,3.9000000953674316,3.9100000858306885,35981250.0
2021-12-02,3.9100000858306885,3.9100000858306885,3.869999885559082,3.880000114440918,25003330.0
2021-12-03,3.9000000953674316,3.9000000953674316,3.859999895095825,3.869999885559082,33184799.0
2021-12-06,3.859999895095825,3.880000114440918,3.819999933242798,3.819999933242798,40491746.0
2021-12-07,3.8399999141693115,3.859999895095825,3.819999933242798,3.8299999237060547,41169667.0
2021-12-08,3.8499999046325684,3.8499999046325684,3.8299999237060547,3.8399999141693115,20838947.0
2021-12-09,3.8499999046325684,3.880000114440918,3.8399999141693115,3.859999895095825,20320000.0
2021-12-10,3.8499999046325684,3.880000114440918,3.8299999237060547,3.8399999141693115,13313146.0
2021-12-13,3.8399999141693115,3.890000104904175,3.8399999141693115,3.869999885559082,20688287.0
2021-12-14,3.869999885559082,3.890000104904175,3.8399999141693115,3.8499999046325684,14278483.0
2021-12-15,3.8499999046325684,3.859999895095825,3.8299999237060547,3.8399999141693115,10420114.0
2021-12-16,3.8299999237060547,3.869999885559082,3.819999933242798,3.8499999046325684,9335298.0
2021-12-17,3.859999895095825,3.869999885559082,3.8399999141693115,3.859999895095825,5619070.0
2021-12-20,3.8499999046325684,3.859999895095825,3.819999933242798,3.8499999046325684,13053100.0
2021-12-21,3.8299999237060547,3.8499999046325684,3.819999933242798,3.8499999046325684,32383618.0
2021-12-22,3.8499999046325684,3.859999895095825,3.8299999237060547,3.8499999046325684,17534000.0
2021-12-23,3.8499999046325684,3.869999885559082,3.8399999141693115,3.859999895095825,19825509.0
2021-12-24,3.859999895095825,3.890000104904175,3.8399999141693115,3.880000114440918,10583000.0
2021-12-28,3.9000000953674316,3.9000000953674316,3.859999895095825,3.880000114440918,15081572.0
2021-12-29,3.880000114440918,3.890000104904175,3.859999895095825,3.880000114440918,6780863.0
2021-12-30,3.869999885559082,3.880000114440918,3.869999885559082,3.880000114440918,4942730.0
2021-12-31,3.880000114440918,3.9000000953674316,3.859999895095825,3.9000000953674316,9188508.0
2022-01-03,3.9000000953674316,3.9100000858306885,3.880000114440918,3.9100000858306885,5114384.0
2022-01-04,3.9100000858306885,3.9800000190734863,3.859999895095825,3.950000047683716,45643077.0
2022-01-05,4.010000228881836,4.090000152587891,3.9800000190734863,4.0,64387827.0
2022-01-06,3.990000009536743,4.010000228881836,3.930000066757202,3.990000009536743,25937198.0
2022-01-07,4.0,4.070000171661377,3.9700000286102295,4.03000020980835,37623852.0
2022-01-10,4.03000020980835,4.070000171661377,4.019999980926514,4.050000190734863,34056455.0
2022-01-11,4.039999961853027,4.050000190734863,4.010000228881836,4.03000020980835,17135079.0
2022-01-12,4.050000190734863,4.099999904632568,4.03000020980835,4.070000171661377,42754912.0
2022-01-13,4.079999923706055,4.110000133514404,4.050000190734863,4.110000133514404,64906899.0
2022-01-14,4.090000152587891,4.099999904632568,4.050000190734863,4.070000171661377,33570010.0
2022-01-17,4.070000171661377,4.079999923706055,4.03000020980835,4.059999942779541,16991333.0
2022-01-18,4.059999942779541,4.059999942779541,4.03000020980835,4.050000190734863,21576419.0
2022-01-19,4.039999961853027,4.079999923706055,4.03000020980835,4.039999961853027,21529058.0
2022-01-20,4.059999942779541,4.059999942779541,4.010000228881836,4.050000190734863,36287760.0
2022-01-21,4.03000020980835,4.070000171661377,4.010000228881836,4.039999961853027,50238602.0
2022-01-24,4.03000020980835,4.130000114440918,4.03000020980835,4.099999904632568,69948948.0
2022-01-25,4.090000152587891,4.090000152587891,4.03000020980835,4.050000190734863,30164831.0
2022-01-26,4.059999942779541,4.190000057220459,4.050000190734863,4.179999828338623,105961115.0
2022-01-27,4.170000076293945,4.179999828338623,4.090000152587891,4.119999885559082,64912450.0
2022-01-28,4.119999885559082,4.150000095367432,4.079999923706055,4.079999923706055,30380506.0
2022-01-31,4.110000133514404,4.110000133514404,4.110000133514404,4.110000133514404,0.0
2022-02-04,4.110000133514404,4.199999809265137,4.090000152587891,4.190000057220459,46376800.0
2022-02-07,4.179999828338623,4.309999942779541,4.170000076293945,4.28000020980835,125861391.0
2022-02-08,4.300000190734863,4.340000152587891,4.190000057220459,4.25,83316894.0
2022-02-09,4.289999961853027,4.429999828338623,4.260000228881836,4.349999904632568,151402095.0
2022-02-10,4.380000114440918,4.380000114440918,4.300000190734863,4.329999923706055,43922073.0
2022-02-11,4.329999923706055,4.360000133514404,4.289999961853027,4.320000171661377,62486317.0
2022-02-14,4.289999961853027,4.360000133514404,4.28000020980835,4.349999904632568,33413860.0
2022-02-15,4.340000152587891,4.360000133514404,4.210000038146973,4.239999771118164,53350827.0
2022-02-16,4.269999980926514,4.320000171661377,4.25,4.300000190734863,22515000.0
2022-02-17,4.28000020980835,4.320000171661377,4.260000228881836,4.300000190734863,16821228.0
2022-02-18,4.289999961853027,4.369999885559082,4.25,4.320000171661377,36267006.0
2022-02-21,4.300000190734863,4.400000095367432,4.28000020980835,4.380000114440918,60387768.0
2022-02-22,4.360000133514404,4.380000114440918,4.309999942779541,4.349999904632568,68486000.0
2022-02-23,4.349999904632568,4.380000114440918,4.329999923706055,4.340000152587891,38294434.0
2022-02-24,4.309999942779541,4.329999923706055,4.179999828338623,4.210000038146973,55414626.0
2022-02-25,4.21999979019165,4.25,4.159999847412109,4.190000057220459,38885655.0
2022-02-28,4.170000076293945,4.190000057220459,4.079999923706055,4.130000114440918,47486560.0
2022-03-01,4.130000114440918,4.170000076293945,4.099999904632568,4.150000095367432,14663000.0
2022-03-02,4.119999885559082,4.199999809265137,4.099999904632568,4.130000114440918,47337538.0
2022-03-03,4.179999828338623,4.230000019073486,4.130000114440918,4.199999809265137,27659648.0
2022-03-04,4.159999847412109,4.199999809265137,4.130000114440918,4.150000095367432,38816150.0
2022-03-07,4.119999885559082,4.119999885559082,4.019999980926514,4.070000171661377,56089973.0
2022-03-08,4.079999923706055,4.079999923706055,3.9600000381469727,4.0,44972740.0
2022-03-09,4.0,4.03000020980835,3.890000104904175,3.9800000190734863,36551496.0
2022-03-10,4.019999980926514,4.070000171661377,4.010000228881836,4.050000190734863,28900934.0
2022-03-11,4.0,4.090000152587891,3.9100000858306885,4.070000171661377,62655096.0
2022-03-14,3.9600000381469727,3.9600000381469727,3.8399999141693115,3.880000114440918,79675135.0
2022-03-15,3.819999933242798,3.880000114440918,3.5999999046325684,3.6600000858306885,110898741.0
2022-03-16,3.7300000190734863,3.8399999141693115,3.640000104904175,3.7799999713897705,131171000.0
2022-03-17,3.890000104904175,3.890000104904175,3.7899999618530273,3.8299999237060547,82589937.0
2022-03-18,3.8399999141693115,3.930000066757202,3.809999942779541,3.9000000953674316,61950454.0
2022-03-21,3.930000066757202,3.940000057220459,3.8399999141693115,3.869999885559082,35239184.0
2022-03-22,3.880000114440918,3.940000057220459,3.859999895095825,3.9200000762939453,34045440.0
2022-03-23,3.930000066757202,3.950000047683716,3.880000114440918,3.890000104904175,43878651.0
2022-03-24,3.9100000858306885,4.03000020980835,3.890000104904175,3.930000066757202,69728804.0
2022-03-25,3.9200000762939453,3.9700000286102295,3.859999895095825,3.890000104904175,50801802.0
2022-03-28,3.890000104904175,3.940000057220459,3.859999895095825,3.9100000858306885,29979186.0
2022-03-29,3.9100000858306885,3.950000047683716,3.890000104904175,3.9100000858306885,21740000.0
2022-03-30,3.9100000858306885,3.940000057220459,3.880000114440918,3.9000000953674316,45023240.0
2022-03-31,3.9200000762939453,3.9200000762939453,3.869999885559082,3.890000104904175,16260100.0
2022-04-01,3.869999885559082,3.9000000953674316,3.859999895095825,3.890000104904175,18132341.0
2022-04-04,3.9000000953674316,3.940000057220459,3.880000114440918,3.9200000762939453,19875570.0
2022-04-06,3.9200000762939453,3.930000066757202,3.869999885559082,3.9200000762939453,32489844.0
2022-04-07,3.890000104904175,3.930000066757202,3.869999885559082,3.890000104904175,24813500.0
2022-04-08,3.9000000953674316,3.9100000858306885,3.869999885559082,3.890000104904175,22167950.0
2022-04-11,3.890000104904175,3.9000000953674316,3.8399999141693115,3.859999895095825,17052045.0
2022-04-12,3.8499999046325684,3.869999885559082,3.8299999237060547,3.8399999141693115,28875248.0
2022-04-13,3.8499999046325684,3.869999885559082,3.8299999237060547,3.859999895095825,17815534.0
2022-04-14,3.869999885559082,3.9100000858306885,3.859999895095825,3.880000114440918,19904445.0
2022-04-19,3.890000104904175,3.890000104904175,3.8399999141693115,3.869999885559082,24326790.0
2022-04-20,3.869999885559082,3.869999885559082,3.8399999141693115,3.859999895095825,21064070.0
2022-04-21,3.859999895095825,3.859999895095825,3.7899999618530273,3.799999952316284,28384665.0
2022-04-22,3.8399999141693115,3.869999885559082,3.75,3.859999895095825,39523114.0
2022-04-25,3.8399999141693115,3.8399999141693115,3.7699999809265137,3.7899999618530273,30771194.0
2022-04-26,3.799999952316284,3.809999942779541,3.7200000286102295,3.75,53606933.0
2022-04-27,3.7100000381469727,3.740000009536743,3.7100000381469727,3.7300000190734863,34288230.0
2022-04-28,3.740000009536743,3.7699999809265137,3.7100000381469727,3.75,16660052.0
2022-04-29,3.75,3.799999952316284,3.740000009536743,3.7899999618530273,19222677.0
2022-05-03,3.7899999618530273,3.7899999618530273,3.75,3.7899999618530273,6234000.0
2022-05-04,3.7899999618530273,3.7899999618530273,3.759999990463257,3.7799999713897705,7775031.0
2022-05-05,3.7899999618530273,3.809999942779541,3.759999990463257,3.7699999809265137,13583000.0
2022-05-06,3.740000009536743,3.75,3.7100000381469727,3.7300000190734863,23232240.0
2022-05-10,3.700000047683716,3.7300000190734863,3.6600000858306885,3.7200000286102295,45885319.0
2022-05-11,3.700000047683716,3.740000009536743,3.690000057220459,3.7200000286102295,8743818.0
2022-05-12,3.7100000381469727,3.7200000286102295,3.6700000762939453,3.690000057220459,13309942.0
2022-05-13,3.680000066757202,3.7300000190734863,3.680000066757202,3.7100000381469727,24443723.0
2022-05-16,3.7200000286102295,3.7300000190734863,3.690000057220459,3.700000047683716,20732512.0
2022-05-17,3.7100000381469727,3.740000009536743,3.700000047683716,3.7200000286102295,33878502.0
2022-05-18,3.7200000286102295,3.7799999713897705,3.7100000381469727,3.759999990463257,55005001.0
2022-05-19,3.630000114440918,3.700000047683716,3.630000114440918,3.6700000762939453,34292208.0
2022-05-20,3.6600000858306885,3.7200000286102295,3.640000104904175,3.690000057220459,22937932.0
2022-05-23,3.690000057220459,3.7200000286102295,3.680000066757202,3.690000057220459,8980000.0
2022-05-24,3.690000057220459,3.7100000381469727,3.6700000762939453,3.700000047683716,13912485.0
2022-05-25,3.690000057220459,3.759999990463257,3.690000057220459,3.75,35551168.0
2022-05-26,3.75,3.75,3.700000047683716,3.7200000286102295,10131184.0
2022-05-27,3.7300000190734863,3.75,3.700000047683716,3.7200000286102295,17913760.0
2022-05-30,3.7100000381469727,3.7300000190734863,3.700000047683716,3.700000047683716,16483462.0
2022-05-31,3.7100000381469727,3.7200000286102295,3.690000057220459,3.7200000286102295,16079540.0
2022-06-01,3.7200000286102295,3.7200000286102295,3.700000047683716,3.7100000381469727,8574000.0
2022-06-02,3.7100000381469727,3.7100000381469727,3.680000066757202,3.680000066757202,12247540.0
2022-06-06,3.680000066757202,3.7100000381469727,3.680000066757202,3.7100000381469727,14365766.0
2022-06-07,3.7100000381469727,3.7200000286102295,3.680000066757202,3.700000047683716,15985447.0
2022-06-08,3.7100000381469727,3.740000009536743,3.690000057220459,3.7200000286102295,44800029.0
2022-06-09,3.7200000286102295,3.740000009536743,3.700000047683716,3.7300000190734863,23402262.0
2022-06-10,3.7200000286102295,3.75,3.700000047683716,3.7100000381469727,21102227.0
2022-06-13,3.700000047683716,3.7100000381469727,3.6600000858306885,3.6600000858306885,21284274.0
2022-06-14,3.6500000953674316,3.6700000762939453,3.640000104904175,3.6600000858306885,11412043.0
2022-06-15,3.6700000762939453,3.7200000286102295,3.6600000858306885,3.700000047683716,28627481.0
2022-06-16,3.7100000381469727,3.7200000286102295,3.6700000762939453,3.6700000762939453,16268000.0
2022-06-17,3.6700000762939453,3.7100000381469727,3.6600000858306885,3.680000066757202,20108000.0
2022-06-20,3.690000057220459,3.690000057220459,3.6500000953674316,3.6500000953674316,14122000.0
2022-06-21,3.6600000858306885,3.7200000286102295,3.6500000953674316,3.680000066757202,26703000.0
2022-06-22,3.690000057220459,3.700000047683716,3.640000104904175,3.6500000953674316,22437361.0
2022-06-23,3.6700000762939453,3.680000066757202,3.640000104904175,3.6600000858306885,11688190.0
2022-06-24,3.6600000858306885,3.6700000762939453,3.630000114440918,3.640000104904175,25509300.0
2022-06-27,3.6600000858306885,3.700000047683716,3.640000104904175,3.6600000858306885,43721178.0
2022-06-28,3.6600000858306885,3.700000047683716,3.630000114440918,3.680000066757202,33785400.0
2022-06-29,3.690000057220459,3.700000047683716,3.6600000858306885,3.6600000858306885,19600600.0
2022-06-30,3.6600000858306885,3.75,3.6500000953674316,3.7100000381469727,49531000.0
2022-07-04,3.7100000381469727,3.75,3.690000057220459,3.7200000286102295,24994012.0
2022-07-05,3.7300000190734863,3.759999990463257,3.7300000190734863,3.740000009536743,20298565.0
2022-07-06,3.7300000190734863,3.75,3.700000047683716,3.7300000190734863,19786130.0
2022-07-07,3.7300000190734863,3.75,3.7200000286102295,3.7300000190734863,6719150.0
2022-07-08,3.7300000190734863,3.759999990463257,3.7200000286102295,3.7300000190734863,11077676.0
2022-07-11,3.7300000190734863,3.75,3.7200000286102295,3.740000009536743,9717734.0
2022-07-12,3.740000009536743,3.75,3.7200000286102295,3.7300000190734863,12779676.0
2022-07-13,3.740000009536743,3.75,3.7200000286102295,3.7300000190734863,10912121.0
2022-07-14,3.740000009536743,3.740000009536743,3.7100000381469727,3.7200000286102295,9902473.0
2022-07-15,3.700000047683716,3.7200000286102295,3.680000066757202,3.690000057220459,15414125.0
2022-07-18,3.690000057220459,3.75,3.680000066757202,3.740000009536743,26493032.0
2022-07-19,3.740000009536743,3.75,3.7200000286102295,3.75,8221230.0
2022-07-20,3.75,3.7899999618530273,3.75,3.7699999809265137,17171032.0
2022-07-21,3.7699999809265137,3.7799999713897705,3.740000009536743,3.740000009536743,7981579.0
2022-07-22,3.740000009536743,3.759999990463257,3.7100000381469727,3.7300000190734863,5560397.0
2022-07-25,3.7300000190734863,3.7300000190734863,3.690000057220459,3.7100000381469727,8576477.0
2022-07-26,3.7300000190734863,3.75,3.700000047683716,3.75,7564000.0
2022-07-27,3.7100000381469727,3.740000009536743,3.7100000381469727,3.7300000190734863,5524314.0
2022-07-28,3.7300000190734863,3.75,3.700000047683716,3.700000047683716,20725200.0
2022-07-29,3.7200000286102295,3.7899999618530273,3.680000066757202,3.75,16501081.0
2022-08-01,3.7200000286102295,3.740000009536743,3.700000047683716,3.7200000286102295,16820124.0
2022-08-02,3.7100000381469727,3.7100000381469727,3.640000104904175,3.6600000858306885,26498739.0
2022-08-03,3.6600000858306885,3.690000057220459,3.6500000953674316,3.6600000858306885,11933575.0
2022-08-04,3.6600000858306885,3.75,3.6600000858306885,3.7300000190734863,14915821.0
2022-08-05,3.7300000190734863,3.75,3.7100000381469727,3.7300000190734863,6735501.0
2022-08-08,3.7300000190734863,3.759999990463257,3.7100000381469727,3.75,10782980.0
2022-08-09,3.8499999046325684,3.9100000858306885,3.8299999237060547,3.9000000953674316,86124913.0
2022-08-10,3.9000000953674316,3.9100000858306885,3.8499999046325684,3.880000114440918,27130761.0
2022-08-11,3.9000000953674316,3.9000000953674316,3.859999895095825,3.890000104904175,21688703.0
2022-08-12,3.9100000858306885,3.9100000858306885,3.880000114440918,3.890000104904175,22800164.0
2022-08-15,3.890000104904175,3.9000000953674316,3.859999895095825,3.880000114440918,15505990.0
2022-08-16,3.880000114440918,3.890000104904175,3.859999895095825,3.869999885559082,13036439.0
2022-08-17,3.880000114440918,3.890000104904175,3.859999895095825,3.880000114440918,28816016.0
2022-08-18,3.880000114440918,3.9000000953674316,3.869999885559082,3.890000104904175,20458267.0
2022-08-19,3.880000114440918,3.950000047683716,3.880000114440918,3.930000066757202,35100484.0
2022-08-22,3.930000066757202,3.950000047683716,3.9100000858306885,3.930000066757202,14401240.0
2022-08-23,3.930000066757202,3.930000066757202,3.890000104904175,3.9000000953674316,10918000.0
2022-08-24,3.9000000953674316,3.9100000858306885,3.859999895095825,3.880000114440918,16150893.0
2022-08-25,3.809999942779541,3.930000066757202,3.809999942779541,3.890000104904175,9277042.0
2022-08-26,3.9000000953674316,3.9100000858306885,3.880000114440918,3.890000104904175,11084428.0
2022-08-29,3.859999895095825,3.890000104904175,3.859999895095825,3.880000114440918,12329842.0
2022-08-30,3.869999885559082,3.890000104904175,3.859999895095825,3.859999895095825,20166780.0
2022-08-31,3.8499999046325684,3.859999895095825,3.8299999237060547,3.8499999046325684,31314433.0
2022-09-01,3.6700000762939453,3.680000066757202,3.630000114440918,3.6500000953674316,18873000.0
2022-09-02,3.6500000953674316,3.6600000858306885,3.630000114440918,3.6500000953674316,19513206.0
2022-09-05,3.6500000953674316,3.6500000953674316,3.619999885559082,3.640000104904175,18434734.0
2022-09-06,3.6500000953674316,3.6500000953674316,3.630000114440918,3.6500000953674316,6428000.0
2022-09-07,3.640000104904175,3.640000104904175,3.609999895095825,3.640000104904175,12995988.0
2022-09-08,3.6500000953674316,3.6600000858306885,3.619999885559082,3.640000104904175,15007928.0
2022-09-09,3.630000114440918,3.7300000190734863,3.630000114440918,3.700000047683716,27235228.0
2022-09-13,3.700000047683716,3.759999990463257,3.690000057220459,3.75,24755613.0
2022-09-14,3.7300000190734863,3.7300000190734863,3.690000057220459,3.7200000286102295,14552659.0
2022-09-15,3.7200000286102295,3.7300000190734863,3.700000047683716,3.7200000286102295,6417797.0
2022-09-16,3.7100000381469727,3.740000009536743,3.690000057220459,3.7200000286102295,12105407.0
2022-09-19,3.740000009536743,3.740000009536743,3.690000057220459,3.700000047683716,8916000.0
2022-09-20,3.700000047683716,3.7100000381469727,3.680000066757202,3.700000047683716,10098767.0
2022-09-21,3.680000066757202,3.680000066757202,3.640000104904175,3.680000066757202,13454256.0
2022-09-22,3.640000104904175,3.7300000190734863,3.619999885559082,3.700000047683716,27859437.0
2022-09-23,3.7100000381469727,3.7899999618530273,3.690000057220459,3.75,53329764.0
2022-09-26,3.700000047683716,3.7899999618530273,3.6500000953674316,3.6700000762939453,52525800.0
2022-09-27,3.6500000953674316,3.6600000858306885,3.609999895095825,3.619999885559082,47621265.0
2022-09-28,3.619999885559082,3.640000104904175,3.549999952316284,3.5899999141693115,60617000.0
2022-09-29,3.619999885559082,3.619999885559082,3.430000066757202,3.509999990463257,43675180.0
2022-09-30,3.509999990463257,3.5399999618530273,3.490000009536743,3.5299999713897705,11216000.0
2022-10-03,3.5199999809265137,3.5199999809265137,3.4700000286102295,3.490000009536743,5978245.0
2022-10-05,3.5399999618530273,3.5899999141693115,3.5199999809265137,3.5799999237060547,14588344.0
2022-10-06,3.5799999237060547,3.5899999141693115,3.559999942779541,3.5799999237060547,4195000.0
2022-10-07,3.5399999618530273,3.569999933242798,3.5399999618530273,3.569999933242798,3032000.0
2022-10-10,3.5299999713897705,3.5999999046325684,3.509999990463257,3.559999942779541,38612695.0
2022-10-11,3.559999942779541,3.5899999141693115,3.5399999618530273,3.549999952316284,8706906.0
2022-10-12,3.569999933242798,3.569999933242798,3.5199999809265137,3.5299999713897705,17515614.0
2022-10-13,3.5399999618530273,3.549999952316284,3.490000009536743,3.5,26334305.0
2022-10-14,3.5199999809265137,3.549999952316284,3.5,3.5,17503782.0
2022-10-17,3.5,3.5399999618530273,3.490000009536743,3.5199999809265137,9461301.0
2022-10-18,3.549999952316284,3.549999952316284,3.509999990463257,3.5299999713897705,7982200.0
2022-10-19,3.5399999618530273,3.5399999618530273,3.509999990463257,3.5299999713897705,8460828.0
2022-10-20,3.5199999809265137,3.5199999809265137,3.4800000190734863,3.5,15218000.0
2022-10-21,3.5,3.509999990463257,3.4600000381469727,3.4800000190734863,23159702.0
2022-10-24,3.5,3.5,3.319999933242798,3.390000104904175,50172408.0
2022-10-25,3.380000114440918,3.4000000953674316,3.3299999237060547,3.369999885559082,26777961.0
2022-10-26,3.359999895095825,3.4000000953674316,3.3399999141693115,3.3499999046325684,18960080.0
2022-10-27,3.380000114440918,3.4000000953674316,3.359999895095825,3.390000104904175,18372382.0
2022-10-28,3.380000114440918,3.380000114440918,3.2699999809265137,3.319999933242798,31416174.0
2022-10-31,3.369999885559082,3.380000114440918,3.3399999141693115,3.3399999141693115,34971717.0
2022-11-01,3.3399999141693115,3.390000104904175,3.3299999237060547,3.3399999141693115,24853000.0
2022-11-02,3.3399999141693115,3.4000000953674316,3.3299999237060547,3.380000114440918,12016545.0
2022-11-03,3.5999999046325684,3.5999999046325684,3.450000047683716,3.450000047683716,158096785.0
2022-11-04,3.450000047683716,3.5399999618530273,3.430000066757202,3.490000009536743,68093740.0
2022-11-07,3.490000009536743,3.5399999618530273,3.4700000286102295,3.5,41797269.0
2022-11-08,3.5199999809265137,3.5199999809265137,3.490000009536743,3.5,8822576.0
2022-11-09,3.5199999809265137,3.5199999809265137,3.4800000190734863,3.509999990463257,20271470.0
2022-11-10,3.490000009536743,3.5,3.4600000381469727,3.4800000190734863,13749475.0
2022-11-11,3.549999952316284,3.5799999237060547,3.549999952316284,3.549999952316284,46414118.0
2022-11-14,3.569999933242798,3.640000104904175,3.549999952316284,3.549999952316284,44894055.0
2022-11-15,3.5799999237060547,3.700000047683716,3.569999933242798,3.6500000953674316,50566594.0
2022-11-16,3.690000057220459,3.7899999618530273,3.6600000858306885,3.7300000190734863,62370980.0
2022-11-17,3.7200000286102295,3.809999942779541,3.680000066757202,3.759999990463257,41120413.0
2022-11-18,3.799999952316284,3.880000114440918,3.799999952316284,3.8399999141693115,73977686.0
2022-11-21,3.8499999046325684,3.8499999046325684,3.799999952316284,3.799999952316284,22712050.0
2022-11-22,3.799999952316284,4.239999771118164,3.799999952316284,4.059999942779541,290863103.0
2022-11-23,4.059999942779541,4.099999904632568,3.940000057220459,3.9800000190734863,80403312.0
2022-11-24,3.9800000190734863,4.019999980926514,3.950000047683716,4.0,38791088.0
2022-11-25,4.019999980926514,4.230000019073486,4.019999980926514,4.130000114440918,136597948.0
2022-11-28,4.03000020980835,4.130000114440918,4.019999980926514,4.099999904632568,59343028.0
2022-11-29,4.079999923706055,4.199999809265137,4.079999923706055,4.159999847412109,74236588.0
2022-11-30,4.179999828338623,4.519999980926514,4.159999847412109,4.349999904632568,270526245.0
2022-12-01,4.420000076293945,4.71999979019165,4.409999847412109,4.409999847412109,226011716.0
2022-12-02,4.409999847412109,4.590000152587891,4.380000114440918,4.510000228881836,89973996.0
2022-12-05,4.579999923706055,4.880000114440918,4.579999923706055,4.78000020980835,204549846.0
2022-12-06,4.699999809265137,4.889999866485596,4.659999847412109,4.71999979019165,87103171.0
2022-12-07,4.71999979019165,4.78000020980835,4.449999809265137,4.480000019073486,149690330.0
2022-12-08,4.519999980926514,4.650000095367432,4.519999980926514,4.550000190734863,72061417.0
2022-12-09,4.559999942779541,4.619999885559082,4.46999979019165,4.579999923706055,80969045.0
2022-12-12,4.590000152587891,4.769999980926514,4.579999923706055,4.699999809265137,60442461.0
2022-12-13,4.75,4.789999961853027,4.650000095367432,4.699999809265137,43660964.0
2022-12-14,4.699999809265137,4.739999771118164,4.639999866485596,4.679999828338623,42175248.0
2022-12-15,4.659999847412109,4.690000057220459,4.610000133514404,4.639999866485596,23142990.0
2022-12-16,4.639999866485596,4.650000095367432,4.539999961853027,4.590000152587891,40162040.0
2022-12-19,4.590000152587891,4.599999904632568,4.449999809265137,4.489999771118164,34824147.0
2022-12-20,4.510000228881836,4.539999961853027,4.46999979019165,4.5,35558000.0
2022-12-21,4.5,4.650000095367432,4.5,4.630000114440918,34916486.0
2022-12-22,4.739999771118164,4.829999923706055,4.670000076293945,4.679999828338623,43704442.0
2022-12-23,4.679999828338623,5.079999923706055,4.670000076293945,5.0,169333202.0
2022-12-28,4.989999771118164,5.110000133514404,4.800000190734863,4.869999885559082,85667585.0
2022-12-29,4.869999885559082,4.949999809265137,4.769999980926514,4.820000171661377,29217346.0
2022-12-30,4.829999923706055,4.909999847412109,4.800000190734863,4.829999923706055,28725300.0
2023-01-03,4.800000190734863,5.25,4.800000190734863,5.179999828338623,129176503.0
2023-01-04,5.179999828338623,5.300000190734863,5.170000076293945,5.230000019073486,59513952.0
2023-01-05,5.28000020980835,5.340000152587891,5.059999942779541,5.090000152587891,98937477.0
2023-01-06,5.099999904632568,5.199999809265137,5.079999923706055,5.110000133514404,56151258.0
2023-01-09,5.150000095367432,5.21999979019165,5.090000152587891,5.139999866485596,53760651.0
2023-01-10,5.090000152587891,5.269999980926514,5.090000152587891,5.210000038146973,44406277.0
2023-01-11,5.179999828338623,5.320000171661377,5.179999828338623,5.269999980926514,43973190.0
2023-01-12,5.25,5.289999961853027,5.190000057220459,5.269999980926514,33415911.0
2023-01-13,5.269999980926514,5.400000095367432,5.239999771118164,5.349999904632568,42668629.0
2023-01-16,5.409999847412109,5.510000228881836,5.369999885559082,5.449999809265137,55669969.0
2023-01-17,5.449999809265137,5.449999809265137,5.260000228881836,5.320000171661377,29134284.0
2023-01-18,5.320000171661377,5.340000152587891,5.199999809265137,5.309999942779541,39728628.0
2023-01-19,5.28000020980835,5.369999885559082,5.25,5.329999923706055,16735892.0
2023-01-20,5.340000152587891,5.610000133514404,5.340000152587891,5.539999961853027,61390200.0
2023-01-26,5.599999904632568,5.639999866485596,5.570000171661377,5.590000152587891,20251977.0
2023-01-27,5.610000133514404,5.619999885559082,5.559999942779541,5.590000152587891,16694952.0
2023-01-30,5.630000114440918,5.769999980926514,5.53000020980835,5.550000190734863,75598884.0
2023-01-31,5.559999942779541,5.599999904632568,5.28000020980835,5.510000228881836,73497107.0
2023-02-01,5.489999771118164,5.590000152587891,5.429999828338623,5.539999961853027,31233368.0
2023-02-02,5.550000190734863,5.769999980926514,5.539999961853027,5.579999923706055,69455045.0
2023-02-03,5.579999923706055,5.610000133514404,5.440000057220459,5.559999942779541,36625972.0
2023-02-06,5.449999809265137,5.570000171661377,5.409999847412109,5.480000019073486,37446185.0
2023-02-07,5.5,5.590000152587891,5.449999809265137,5.510000228881836,34212433.0
2023-02-08,5.460000038146973,5.539999961853027,5.429999828338623,5.46999979019165,21049152.0
2023-02-09,5.449999809265137,5.579999923706055,5.440000057220459,5.559999942779541,25863910.0
2023-02-10,5.550000190734863,5.679999828338623,5.53000020980835,5.630000114440918,47689723.0
2023-02-13,5.630000114440918,5.639999866485596,5.510000228881836,5.590000152587891,21253476.0
2023-02-14,5.579999923706055,5.829999923706055,5.579999923706055,5.800000190734863,46566919.0
2023-02-15,5.829999923706055,5.940000057220459,5.739999771118164,5.789999961853027,57225292.0
2023-02-16,5.789999961853027,6.059999942779541,5.789999961853027,5.920000076293945,128343756.0
2023-02-17,5.920000076293945,5.960000038146973,5.739999771118164,5.809999942779541,49835530.0
2023-02-20,5.800000190734863,6.130000114440918,5.78000020980835,6.010000228881836,79564137.0
2023-02-21,5.989999771118164,6.21999979019165,5.989999771118164,6.159999847412109,84277804.0
2023-02-22,6.150000095367432,6.170000076293945,6.059999942779541,6.090000152587891,34547161.0
2023-02-23,6.099999904632568,6.199999809265137,5.710000038146973,5.760000228881836,86261879.0
2023-02-24,5.760000228881836,5.800000190734863,5.630000114440918,5.639999866485596,60113666.0
2023-02-27,5.599999904632568,5.670000076293945,5.380000114440918,5.429999828338623,72010528.0
2023-02-28,5.519999980926514,5.739999771118164,5.519999980926514,5.71999979019165,67125448.0
2023-03-01,5.75,6.179999828338623,5.739999771118164,6.070000171661377,109016137.0
2023-03-02,6.059999942779541,6.210000038146973,6.010000228881836,6.079999923706055,53212385.0
2023-03-03,6.110000133514404,6.309999942779541,6.019999980926514,6.269999980926514,72404829.0
2023-03-06,6.269999980926514,6.539999961853027,6.150000095367432,6.380000114440918,106538569.0
2023-03-07,6.380000114440918,6.53000020980835,6.03000020980835,6.03000020980835,106675044.0
2023-03-08,5.960000038146973,6.25,5.949999809265137,6.239999771118164,63358517.0
2023-03-09,6.110000133514404,6.369999885559082,6.03000020980835,6.28000020980835,89779552.0
2023-03-10,6.210000038146973,6.239999771118164,5.639999866485596,5.710000038146973,215325981.0
2023-03-13,5.710000038146973,6.039999961853027,5.710000038146973,6.0,150877898.0
2023-03-14,6.0,6.130000114440918,5.880000114440918,5.980000019073486,106856420.0
2023-03-15,6.019999980926514,6.059999942779541,5.71999979019165,5.800000190734863,86330988.0
2023-03-16,5.710000038146973,5.800000190734863,5.53000020980835,5.570000171661377,90117760.0
2023-03-17,5.679999828338623,5.860000133514404,5.619999885559082,5.760000228881836,75167018.0
2023-03-20,5.800000190734863,5.820000171661377,5.380000114440918,5.579999923706055,90511854.0
2023-03-21,5.590000152587891,5.630000114440918,5.400000095367432,5.539999961853027,60539237.0
2023-03-22,5.559999942779541,5.800000190734863,5.559999942779541,5.71999979019165,51189607.0
2023-03-23,5.670000076293945,5.789999961853027,5.630000114440918,5.730000019073486,51490995.0
2023-03-24,5.730000019073486,5.789999961853027,5.599999904632568,5.650000095367432,40036062.0
2023-03-27,5.710000038146973,5.710000038146973,5.550000190734863,5.610000133514404,40786283.0
2023-03-28,5.650000095367432,5.75,5.559999942779541,5.710000038146973,33607927.0
2023-03-29,5.75,5.760000228881836,5.579999923706055,5.670000076293945,36985564.0
2023-03-30,5.670000076293945,5.75,5.429999828338623,5.550000190734863,54442725.0
2023-03-31,5.550000190734863,5.699999809265137,5.5,5.639999866485596,47632127.0
2023-04-03,5.659999847412109,5.829999923706055,5.639999866485596,5.769999980926514,55107701.0
2023-04-04,5.820000171661377,6.03000020980835,5.769999980926514,5.920000076293945,70121768.0
2023-04-06,5.860000133514404,6.019999980926514,5.860000133514404,6.0,43383427.0
2023-04-11,5.949999809265137,6.059999942779541,5.869999885559082,6.039999961853027,52671546.0
2023-04-12,6.019999980926514,6.269999980926514,5.96999979019165,6.230000019073486,75610170.0
2023-04-13,6.150000095367432,6.289999961853027,6.139999866485596,6.260000228881836,40902898.0
2023-04-14,6.21999979019165,6.369999885559082,6.199999809265137,6.260000228881836,27766262.0
2023-04-17,6.260000228881836,6.46999979019165,6.239999771118164,6.420000076293945,48534762.0
2023-04-18,6.369999885559082,6.519999980926514,6.369999885559082,6.369999885559082,62087784.0
2023-04-19,6.369999885559082,6.369999885559082,6.139999866485596,6.210000038146973,84553436.0
2023-04-20,6.190000057220459,6.289999961853027,6.170000076293945,6.25,45473093.0
2023-04-21,6.25,6.389999866485596,6.190000057220459,6.269999980926514,42261884.0
2023-04-24,6.25,6.289999961853027,6.019999980926514,6.119999885559082,48028020.0
2023-04-25,6.050000190734863,6.110000133514404,5.909999847412109,5.940000057220459,75124665.0
2023-04-26,5.940000057220459,5.989999771118164,5.889999866485596,5.920000076293945,50543562.0
2023-04-27,5.869999885559082,5.949999809265137,5.869999885559082,5.929999828338623,31264329.0
2023-04-28,5.929999828338623,6.070000171661377,5.920000076293945,6.0,42591180.0
2023-05-02,5.980000019073486,6.039999961853027,5.940000057220459,5.96999979019165,8540542.0
2023-05-03,5.920000076293945,5.920000076293945,5.829999923706055,5.880000114440918,9985515.0
2023-05-04,5.889999866485596,6.099999904632568,5.880000114440918,6.059999942779541,45099528.0
2023-05-05,6.170000076293945,6.380000114440918,6.170000076293945,6.239999771118164,45979542.0
2023-05-08,6.199999809265137,6.460000038146973,6.199999809265137,6.409999847412109,58519393.0
2023-05-09,6.409999847412109,6.579999923706055,6.389999866485596,6.420000076293945,76969671.0
2023-05-10,6.440000057220459,6.460000038146973,6.340000152587891,6.389999866485596,29216506.0
2023-05-11,6.389999866485596,6.429999828338623,6.340000152587891,6.389999866485596,23091706.0
2023-05-12,6.389999866485596,6.429999828338623,6.199999809265137,6.25,45860228.0
2023-05-15,6.21999979019165,6.289999961853027,6.039999961853027,6.239999771118164,52866402.0
2023-05-16,6.239999771118164,6.289999961853027,6.190000057220459,6.230000019073486,14347114.0
2023-05-17,6.210000038146973,6.21999979019165,6.039999961853027,6.070000171661377,42058278.0
2023-05-18,6.079999923706055,6.260000228881836,6.079999923706055,6.199999809265137,17195018.0
2023-05-19,6.21999979019165,6.239999771118164,6.110000133514404,6.190000057220459,15210189.0
2023-05-22,6.190000057220459,6.289999961853027,6.170000076293945,6.190000057220459,23654237.0
2023-05-23,6.099999904632568,6.130000114440918,6.0,6.039999961853027,30916731.0
2023-05-24,6.0,6.099999904632568,5.900000095367432,5.940000057220459,31876156.0
2023-05-25,5.880000114440918,5.929999828338623,5.75,5.840000152587891,67010784.0
2023-05-29,5.829999923706055,6.039999961853027,5.800000190734863,5.829999923706055,33025790.0
2023-05-30,5.840000152587891,5.880000114440918,5.78000020980835,5.820000171661377,17498722.0
2023-05-31,5.800000190734863,5.800000190734863,5.619999885559082,5.739999771118164,56785868.0
2023-06-01,5.739999771118164,5.889999866485596,5.670000076293945,5.809999942779541,19809620.0
2023-06-02,5.820000171661377,5.949999809265137,5.820000171661377,5.849999904632568,32976729.0
2023-06-05,5.829999923706055,5.929999828338623,5.820000171661377,5.909999847412109,14410653.0
2023-06-06,5.920000076293945,6.010000228881836,5.869999885559082,5.880000114440918,11603428.0
2023-06-07,5.900000095367432,5.960000038146973,5.78000020980835,5.800000190734863,22094372.0
2023-06-08,5.820000171661377,5.880000114440918,5.760000228881836,5.820000171661377,11553053.0
2023-06-09,5.829999923706055,5.980000019073486,5.78000020980835,5.96999979019165,16825086.0
2023-06-12,5.96999979019165,6.0,5.860000133514404,5.909999847412109,17439549.0
2023-06-13,5.880000114440918,5.920000076293945,5.800000190734863,5.829999923706055,20680950.0
2023-06-14,5.829999923706055,5.829999923706055,5.550000190734863,5.650000095367432,60195973.0
2023-06-15,5.670000076293945,5.710000038146973,5.510000228881836,5.639999866485596,47919086.0
2023-06-16,5.650000095367432,5.710000038146973,5.630000114440918,5.639999866485596,41053602.0
2023-06-19,5.650000095367432,5.690000057220459,5.610000133514404,5.619999885559082,28940536.0
2023-06-20,5.650000095367432,5.650000095367432,5.360000133514404,5.420000076293945,66577652.0
2023-06-21,5.380000114440918,5.380000114440918,5.179999828338623,5.25,66971611.0
2023-06-23,5.25,5.25,5.079999923706055,5.159999847412109,31017593.0
2023-06-26,5.139999866485596,5.190000057220459,5.039999961853027,5.059999942779541,75939716.0
2023-06-27,5.070000171661377,5.130000114440918,4.96999979019165,5.010000228881836,142955140.0
2023-06-28,5.010000228881836,5.019999980926514,4.889999866485596,4.900000095367432,83308010.0
2023-06-29,4.900000095367432,4.940000057220459,4.860000133514404,4.889999866485596,42751567.0
2023-06-30,4.889999866485596,5.21999979019165,4.889999866485596,5.179999828338623,83342132.0
2023-07-03,5.159999847412109,5.21999979019165,5.099999904632568,5.179999828338623,45826215.0
2023-07-04,5.210000038146973,5.349999904632568,5.199999809265137,5.25,43801500.0
2023-07-05,5.25,5.420000076293945,5.170000076293945,5.25,78723600.0
2023-07-06,5.260000228881836,5.289999961853027,5.130000114440918,5.190000057220459,30865242.0
2023-07-07,5.190000057220459,5.25,5.110000133514404,5.199999809265137,47761349.0
2023-07-10,5.21999979019165,5.28000020980835,5.179999828338623,5.179999828338623,12379883.0
2023-07-11,5.179999828338623,5.260000228881836,5.179999828338623,5.210000038146973,17999788.0
2023-07-12,5.210000038146973,5.260000228881836,5.159999847412109,5.199999809265137,20005275.0
2023-07-13,5.260000228881836,5.340000152587891,5.25,5.289999961853027,20681684.0
2023-07-14,5.289999961853027,5.670000076293945,5.289999961853027,5.570000171661377,111899763.0
2023-07-18,5.570000171661377,5.619999885559082,5.5,5.519999980926514,36636018.0
2023-07-19,5.510000228881836,5.599999904632568,5.420000076293945,5.550000190734863,34065040.0
2023-07-20,5.599999904632568,5.659999847412109,5.53000020980835,5.53000020980835,33484175.0
2023-07-21,5.510000228881836,5.650000095367432,5.510000228881836,5.619999885559082,28861177.0
2023-07-24,5.619999885559082,5.690000057220459,5.550000190734863,5.590000152587891,22030076.0
2023-07-25,5.679999828338623,5.710000038146973,5.630000114440918,5.639999866485596,43387372.0
2023-07-26,5.679999828338623,5.739999771118164,5.619999885559082,5.650000095367432,53842621.0
2023-07-27,5.650000095367432,5.75,5.650000095367432,5.679999828338623,23873745.0
2023-07-28,5.650000095367432,5.710000038146973,5.519999980926514,5.590000152587891,47040163.0
2023-07-31,5.579999923706055,5.760000228881836,5.460000038146973,5.599999904632568,59560353.0
2023-08-01,5.570000171661377,5.579999923706055,5.5,5.559999942779541,21504926.0
2023-08-02,5.539999961853027,5.579999923706055,5.440000057220459,5.5,15772000.0
2023-08-03,5.46999979019165,5.510000228881836,5.420000076293945,5.429999828338623,20873439.0
2023-08-04,5.480000019073486,5.699999809265137,5.460000038146973,5.539999961853027,57366798.0
2023-08-07,5.539999961853027,5.570000171661377,5.510000228881836,5.539999961853027,6930022.0
2023-08-08,5.510000228881836,5.519999980926514,5.460000038146973,5.489999771118164,7718020.0
2023-08-09,5.5,5.539999961853027,5.460000038146973,5.489999771118164,14453035.0
2023-08-10,5.570000171661377,5.710000038146973,5.550000190734863,5.670000076293945,52646046.0
2023-08-11,5.699999809265137,5.829999923706055,5.679999828338623,5.699999809265137,70639245.0
2023-08-14,5.699999809265137,5.760000228881836,5.579999923706055,5.75,36494020.0
2023-08-15,5.769999980926514,5.789999961853027,5.690000057220459,5.769999980926514,30441386.0
2023-08-16,5.75,5.760000228881836,5.639999866485596,5.699999809265137,27241063.0
2023-08-17,5.650000095367432,5.679999828338623,5.550000190734863,5.670000076293945,14405121.0
2023-08-18,5.639999866485596,5.679999828338623,5.53000020980835,5.53000020980835,17503152.0
2023-08-21,5.5,5.550000190734863,5.400000095367432,5.460000038146973,19947665.0
2023-08-22,5.449999809265137,5.690000057220459,5.449999809265137,5.599999904632568,58700692.0
2023-08-23,5.599999904632568,5.650000095367432,5.510000228881836,5.550000190734863,26778316.0
2023-08-24,5.539999961853027,5.599999904632568,5.5,5.550000190734863,20659181.0
2023-08-25,5.550000190734863,5.570000171661377,5.449999809265137,5.489999771118164,17399020.0
2023-08-28,5.610000133514404,5.679999828338623,5.480000019073486,5.489999771118164,44625913.0
2023-08-29,5.550000190734863,5.590000152587891,5.480000019073486,5.510000228881836,38409268.0
2023-08-30,5.519999980926514,5.539999961853027,5.449999809265137,5.510000228881836,15333979.0
2023-08-31,5.510000228881836,5.579999923706055,5.489999771118164,5.539999961853027,19837560.0
2023-09-04,5.349999904632568,5.460000038146973,5.340000152587891,5.409999847412109,40728600.0
2023-09-05,5.400000095367432,5.420000076293945,5.349999904632568,5.380000114440918,14946467.0
2023-09-06,5.360000133514404,5.400000095367432,5.320000171661377,5.340000152587891,10377103.0
2023-09-07,5.349999904632568,5.420000076293945,5.340000152587891,5.369999885559082,23058752.0
2023-09-11,5.360000133514404,5.590000152587891,5.340000152587891,5.480000019073486,44924594.0
2023-09-12,5.5,5.579999923706055,5.409999847412109,5.550000190734863,24336123.0
2023-09-13,5.599999904632568,5.71999979019165,5.53000020980835,5.570000171661377,20617434.0
2023-09-14,5.570000171661377,5.78000020980835,5.570000171661377,5.769999980926514,40776268.0
2023-09-15,5.800000190734863,5.869999885559082,5.769999980926514,5.820000171661377,19125943.0
2023-09-18,5.809999942779541,5.920000076293945,5.71999979019165,5.849999904632568,25409138.0
2023-09-19,5.849999904632568,5.869999885559082,5.730000019073486,5.809999942779541,34622382.0
2023-09-20,5.809999942779541,5.809999942779541,5.710000038146973,5.71999979019165,16165937.0
2023-09-21,5.699999809265137,5.760000228881836,5.659999847412109,5.699999809265137,26021140.0
2023-09-22,5.630000114440918,5.739999771118164,5.630000114440918,5.730000019073486,13810000.0
2023-09-25,5.690000057220459,5.809999942779541,5.679999828338623,5.78000020980835,34929227.0
2023-09-26,5.730000019073486,5.840000152587891,5.639999866485596,5.670000076293945,22330300.0
2023-09-27,5.679999828338623,5.730000019073486,5.630000114440918,5.639999866485596,20751865.0
2023-09-28,5.639999866485596,5.730000019073486,5.599999904632568,5.730000019073486,43818146.0
2023-09-29,5.71999979019165,5.78000020980835,5.679999828338623,5.679999828338623,9227980.0
2023-10-03,5.639999866485596,5.639999866485596,5.53000020980835,5.579999923706055,6686706.0
2023-10-04,5.5,5.559999942779541,5.489999771118164,5.550000190734863,9894975.0
2023-10-05,5.510000228881836,5.599999904632568,5.510000228881836,5.539999961853027,4246515.0
2023-10-06,5.539999961853027,5.630000114440918,5.539999961853027,5.570000171661377,5122020.0
2023-10-09,5.570000171661377,5.659999847412109,5.559999942779541,5.619999885559082,11905537.0
2023-10-10,5.639999866485596,5.75,5.610000133514404,5.639999866485596,10458016.0
2023-10-11,5.679999828338623,5.690000057220459,5.570000171661377,5.579999923706055,8524644.0
2023-10-12,5.619999885559082,5.670000076293945,5.539999961853027,5.550000190734863,35170304.0
2023-10-13,5.550000190734863,5.599999904632568,5.5,5.599999904632568,18698377.0
2023-10-16,5.590000152587891,5.630000114440918,5.519999980926514,5.559999942779541,13531223.0
2023-10-17,5.599999904632568,5.630000114440918,5.53000020980835,5.559999942779541,19230503.0
2023-10-18,5.550000190734863,5.570000171661377,5.510000228881836,5.559999942779541,16494073.0
2023-10-19,5.5,5.510000228881836,5.420000076293945,5.429999828338623,19432652.0
2023-10-20,5.400000095367432,5.429999828338623,5.260000228881836,5.380000114440918,41481443.0
2023-10-24,5.369999885559082,5.380000114440918,5.130000114440918,5.269999980926514,47501473.0
2023-10-25,5.28000020980835,5.309999942779541,4.820000171661377,4.820000171661377,136673479.0
2023-10-26,4.829999923706055,4.860000133514404,4.679999828338623,4.820000171661377,92443463.0
2023-10-27,4.820000171661377,4.980000019073486,4.820000171661377,4.889999866485596,28102416.0
2023-10-30,4.900000095367432,5.010000228881836,4.829999923706055,4.909999847412109,51574464.0
2023-10-31,4.909999847412109,4.929999828338623,4.829999923706055,4.860000133514404,26897137.0
2023-11-01,4.860000133514404,4.940000057220459,4.840000152587891,4.889999866485596,19685880.0
2023-11-02,4.889999866485596,4.960000038146973,4.889999866485596,4.920000076293945,11934513.0
2023-11-03,4.940000057220459,4.989999771118164,4.900000095367432,4.929999828338623,22345450.0
2023-11-06,4.949999809265137,4.980000019073486,4.849999904632568,4.869999885559082,34434316.0
2023-11-07,4.840000152587891,4.929999828338623,4.820000171661377,4.920000076293945,32327455.0
2023-11-08,4.920000076293945,4.949999809265137,4.889999866485596,4.909999847412109,24833961.0
2023-11-09,4.909999847412109,4.980000019073486,4.889999866485596,4.96999979019165,12926300.0
2023-11-10,4.960000038146973,4.96999979019165,4.889999866485596,4.940000057220459,10756368.0
2023-11-13,4.96999979019165,4.980000019073486,4.909999847412109,4.960000038146973,7843435.0
2023-11-14,4.960000038146973,4.980000019073486,4.920000076293945,4.940000057220459,5747675.0
2023-11-15,4.980000019073486,5.059999942779541,4.960000038146973,5.050000190734863,17485345.0
2023-11-16,5.050000190734863,5.059999942779541,4.980000019073486,5.0,4951102.0
2023-11-17,5.0,5.0,4.889999866485596,4.920000076293945,16659296.0
2023-11-20,4.920000076293945,4.980000019073486,4.920000076293945,4.96999979019165,11296940.0
2023-11-21,4.980000019073486,5.070000171661377,4.980000019073486,5.019999980926514,24289175.0
2023-11-22,5.050000190734863,5.110000133514404,5.0,5.099999904632568,14220540.0
2023-11-23,5.099999904632568,5.119999885559082,5.059999942779541,5.119999885559082,7937378.0
2023-11-24,5.130000114440918,5.130000114440918,5.059999942779541,5.070000171661377,10722020.0
2023-11-27,5.130000114440918,5.130000114440918,5.010000228881836,5.039999961853027,10583722.0
2023-11-28,5.039999961853027,5.050000190734863,4.989999771118164,5.010000228881836,10732020.0
2023-11-29,5.059999942779541,5.079999923706055,4.949999809265137,4.949999809265137,15005351.0
2023-11-30,5.0,5.059999942779541,4.960000038146973,5.050000190734863,11758319.0
2023-12-01,5.03000020980835,5.059999942779541,5.0,5.0,14433529.0
2023-12-04,5.059999942779541,5.059999942779541,4.960000038146973,4.980000019073486,10605001.0
2023-12-05,5.0,5.0,4.840000152587891,4.869999885559082,17098166.0
2023-12-06,4.940000057220459,4.949999809265137,4.849999904632568,4.920000076293945,6669592.0
2023-12-07,4.909999847412109,4.909999847412109,4.840000152587891,4.880000114440918,14079432.0
2023-12-08,4.909999847412109,4.96999979019165,4.860000133514404,4.96999979019165,10437686.0
2023-12-11,4.960000038146973,4.989999771118164,4.860000133514404,4.889999866485596,15907732.0
2023-12-12,4.940000057220459,4.940000057220459,4.869999885559082,4.920000076293945,10053234.0
2023-12-13,4.909999847412109,4.920000076293945,4.849999904632568,4.869999885559082,8666980.0
2023-12-14,4.869999885559082,4.929999828338623,4.820000171661377,4.860000133514404,9992294.0
2023-12-15,4.880000114440918,4.920000076293945,4.789999961853027,4.800000190734863,21794021.0
2023-12-18,4.789999961853027,4.809999942779541,4.690000057220459,4.699999809265137,40072023.0
2023-12-19,4.699999809265137,4.710000038146973,4.619999885559082,4.630000114440918,24233460.0
2023-12-20,4.670000076293945,4.670000076293945,4.570000171661377,4.579999923706055,21148317.0
2023-12-21,4.53000020980835,4.619999885559082,4.53000020980835,4.610000133514404,15155035.0
2023-12-22,4.610000133514404,4.610000133514404,4.5,4.519999980926514,39272722.0
2023-12-27,4.519999980926514,4.679999828338623,4.449999809265137,4.659999847412109,63690651.0
2023-12-28,4.679999828338623,4.849999904632568,4.670000076293945,4.829999923706055,63261874.0
2023-12-29,4.840000152587891,4.929999828338623,4.800000190734863,4.900000095367432,31856525.0
2024-01-02,4.880000114440918,4.900000095367432,4.730000019073486,4.739999771118164,32144382.0
2024-01-03,4.739999771118164,4.809999942779541,4.679999828338623,4.800000190734863,31956260.0
2024-01-04,4.800000190734863,4.809999942779541,4.730000019073486,4.789999961853027,34384121.0
2024-01-05,4.789999961853027,4.869999885559082,4.71999979019165,4.840000152587891,48080446.0
2024-01-08,4.840000152587891,4.889999866485596,4.699999809265137,4.769999980926514,58724814.0
2024-01-09,4.769999980926514,4.860000133514404,4.710000038146973,4.800000190734863,43199993.0
2024-01-10,4.800000190734863,4.829999923706055,4.739999771118164,4.769999980926514,36619063.0
2024-01-11,4.739999771118164,4.840000152587891,4.739999771118164,4.809999942779541,30026333.0
2024-01-12,4.800000190734863,4.860000133514404,4.769999980926514,4.840000152587891,27116022.0
2024-01-15,4.829999923706055,4.829999923706055,4.829999923706055,4.829999923706055,0.0
2024-01-16,5.019999980926514,5.079999923706055,4.980000019073486,5.039999961853027,47381174.0
2024-01-17,5.059999942779541,5.059999942779541,4.75,4.800000190734863,78990700.0
2024-01-18,4.78000020980835,4.880000114440918,4.769999980926514,4.860000133514404,36788591.0
2024-01-19,4.860000133514404,4.920000076293945,4.820000171661377,4.869999885559082,20191678.0
2024-01-22,4.880000114440918,4.889999866485596,4.71999979019165,4.789999961853027,21891358.0
2024-01-23,4.789999961853027,4.949999809265137,4.739999771118164,4.809999942779541,33669755.0
2024-01-24,4.829999923706055,5.28000020980835,4.829999923706055,5.210000038146973,69706531.0
2024-01-25,5.199999809265137,5.519999980926514,5.170000076293945,5.449999809265137,109059971.0
2024-01-26,5.440000057220459,5.510000228881836,5.320000171661377,5.320000171661377,55354550.0
2024-01-29,5.340000152587891,5.659999847412109,5.340000152587891,5.449999809265137,57518804.0
2024-01-30,5.460000038146973,5.539999961853027,5.429999828338623,5.480000019073486,31084760.0
2024-01-31,5.489999771118164,5.5,5.320000171661377,5.360000133514404,25606004.0
2024-02-01,5.369999885559082,5.420000076293945,5.230000019073486,5.25,25179288.0
2024-02-02,5.300000190734863,5.400000095367432,5.25,5.360000133514404,26577858.0
2024-02-05,5.300000190734863,5.349999904632568,5.25,5.260000228881836,15262149.0
2024-02-06,5.260000228881836,5.46999979019165,5.260000228881836,5.389999866485596,33413078.0
2024-02-07,5.400000095367432,5.5,5.369999885559082,5.369999885559082,16606531.0
2024-02-08,5.349999904632568,5.460000038146973,5.349999904632568,5.389999866485596,14287587.0
2024-02-09,5.360000133514404,5.360000133514404,5.360000133514404,5.360000133514404,0.0
2024-02-14,5.349999904632568,5.400000095367432,5.289999961853027,5.349999904632568,4029819.0
2024-02-15,5.300000190734863,5.380000114440918,5.300000190734863,5.309999942779541,6406001.0
2024-02-16,5.309999942779541,5.420000076293945,5.309999942779541,5.369999885559082,10918522.0
2024-02-19,5.429999828338623,5.570000171661377,5.429999828338623,5.519999980926514,35475934.0
2024-02-20,5.570000171661377,5.679999828338623,5.510000228881836,5.550000190734863,40640270.0
2024-02-21,5.559999942779541,5.670000076293945,5.510000228881836,5.510000228881836,48549112.0
2024-02-22,5.5,5.739999771118164,5.489999771118164,5.730000019073486,51610601.0
2024-02-23,5.699999809265137,5.75,5.630000114440918,5.650000095367432,26370284.0
2024-02-26,5.670000076293945,5.670000076293945,5.519999980926514,5.539999961853027,23014293.0
2024-02-27,5.519999980926514,5.590000152587891,5.460000038146973,5.579999923706055,34652783.0
2024-02-28,5.590000152587891,5.590000152587891,5.489999771118164,5.510000228881836,31823485.0
2024-02-29,5.510000228881836,5.579999923706055,5.440000057220459,5.440000057220459,26839786.0
2024-03-01,5.400000095367432,5.820000171661377,5.360000133514404,5.820000171661377,138156378.0
2024-03-04,5.610000133514404,5.639999866485596,5.559999942779541,5.630000114440918,56258346.0
2024-03-05,5.659999847412109,5.789999961853027,5.590000152587891,5.639999866485596,34937080.0
2024-03-06,5.639999866485596,5.710000038146973,5.619999885559082,5.679999828338623,19927025.0
2024-03-07,5.679999828338623,5.710000038146973,5.599999904632568,5.619999885559082,20084963.0
2024-03-08,5.639999866485596,5.699999809265137,5.599999904632568,5.650000095367432,24348246.0
2024-03-11,5.659999847412109,5.75,5.579999923706055,5.599999904632568,27568453.0
2024-03-12,5.630000114440918,5.639999866485596,5.489999771118164,5.519999980926514,42670157.0
2024-03-13,5.510000228881836,5.539999961853027,5.420000076293945,5.510000228881836,26133083.0
2024-03-14,5.480000019073486,5.510000228881836,5.449999809265137,5.480000019073486,15450196.0
2024-03-15,5.46999979019165,5.480000019073486,5.380000114440918,5.440000057220459,14716575.0
2024-03-18,5.449999809265137,5.570000171661377,5.400000095367432,5.559999942779541,18327568.0
2024-03-19,5.559999942779541,5.610000133514404,5.460000038146973,5.570000171661377,25363961.0
2024-03-20,5.699999809265137,5.739999771118164,5.579999923706055,5.690000057220459,55518018.0
2024-03-21,5.71999979019165,5.75,5.659999847412109,5.659999847412109,22525128.0
2024-03-22,5.659999847412109,5.699999809265137,5.550000190734863,5.599999904632568,24162634.0
2024-03-25,5.590000152587891,5.670000076293945,5.570000171661377,5.570000171661377,23095239.0
2024-03-26,5.599999904632568,5.670000076293945,5.590000152587891,5.650000095367432,23680472.0
2024-03-27,5.639999866485596,5.650000095367432,5.550000190734863,5.559999942779541,20422293.0
2024-03-28,5.570000171661377,5.650000095367432,5.559999942779541,5.650000095367432,22863234.0
2024-04-02,5.699999809265137,5.760000228881836,5.659999847412109,5.739999771118164,32872026.0
2024-04-03,5.739999771118164,5.760000228881836,5.699999809265137,5.699999809265137,13748672.0
2024-04-05,5.690000057220459,5.690000057220459,5.579999923706055,5.590000152587891,12233977.0
2024-04-08,5.619999885559082,5.739999771118164,5.570000171661377,5.71999979019165,18665679.0
2024-04-09,5.730000019073486,5.789999961853027,5.71999979019165,5.75,22225028.0
2024-04-10,5.789999961853027,5.829999923706055,5.760000228881836,5.809999942779541,22797480.0
2024-04-11,5.769999980926514,5.889999866485596,5.699999809265137,5.860000133514404,24466289.0
2024-04-12,5.849999904632568,5.869999885559082,5.789999961853027,5.820000171661377,15088023.0
2024-04-15,5.800000190734863,5.96999979019165,5.789999961853027,5.920000076293945,32826110.0
2024-04-16,5.900000095367432,5.940000057220459,5.849999904632568,5.860000133514404,29451756.0
2024-04-17,5.860000133514404,6.03000020980835,5.820000171661377,5.980000019073486,50226245.0
2024-04-18,5.980000019073486,6.110000133514404,5.949999809265137,5.949999809265137,28463015.0
2024-04-19,5.920000076293945,6.03000020980835,5.869999885559082,6.0,36507791.0
2024-04-22,5.989999771118164,6.130000114440918,5.980000019073486,5.989999771118164,37404646.0
2024-04-23,6.03000020980835,6.039999961853027,5.920000076293945,5.980000019073486,20541198.0
2024-04-24,5.980000019073486,6.090000152587891,5.96999979019165,5.96999979019165,39563158.0
2024-04-25,5.96999979019165,6.079999923706055,5.96999979019165,6.039999961853027,21381704.0
2024-04-26,6.050000190734863,6.150000095367432,6.050000190734863,6.119999885559082,28857670.0
2024-04-29,6.139999866485596,6.159999847412109,5.920000076293945,5.920000076293945,49142999.0
2024-04-30,5.909999847412109,6.03000020980835,5.869999885559082,5.949999809265137,24776018.0
2024-05-02,5.989999771118164,5.989999771118164,5.889999866485596,5.929999828338623,11935630.0
2024-05-03,5.949999809265137,6.0,5.860000133514404,5.869999885559082,16949845.0
2024-05-06,5.909999847412109,5.949999809265137,5.809999942779541,5.900000095367432,75081738.0
2024-05-07,5.920000076293945,5.989999771118164,5.889999866485596,5.949999809265137,31120582.0
2024-05-08,5.980000019073486,6.0,5.940000057220459,5.960000038146973,49746997.0
2024-05-09,5.960000038146973,6.03000020980835,5.960000038146973,6.0,35199017.0
2024-05-10,6.03000020980835,6.289999961853027,6.03000020980835,6.230000019073486,72925685.0
2024-05-13,6.199999809265137,6.329999923706055,6.199999809265137,6.21999979019165,43185044.0
2024-05-14,6.28000020980835,6.28000020980835,6.199999809265137,6.239999771118164,25070270.0
2024-05-16,6.28000020980835,6.309999942779541,6.210000038146973,6.239999771118164,40829984.0
2024-05-17,6.25,6.340000152587891,6.239999771118164,6.309999942779541,32970109.0
2024-05-20,6.329999923706055,6.349999904632568,6.239999771118164,6.239999771118164,35325607.0
2024-05-21,6.25,6.340000152587891,6.150000095367432,6.170000076293945,43895270.0
2024-05-22,6.170000076293945,6.300000190734863,6.170000076293945,6.230000019073486,26406028.0
2024-05-23,6.300000190734863,6.300000190734863,6.179999828338623,6.210000038146973,23041071.0
2024-05-24,6.230000019073486,6.269999980926514,6.159999847412109,6.199999809265137,22508380.0
2024-05-27,6.239999771118164,6.389999866485596,6.21999979019165,6.300000190734863,40506727.0
2024-05-28,6.360000133514404,6.409999847412109,6.309999942779541,6.329999923706055,31960586.0
2024-05-29,6.309999942779541,6.409999847412109,6.289999961853027,6.340000152587891,35801846.0
2024-05-30,6.360000133514404,6.400000095367432,6.309999942779541,6.360000133514404,36302799.0
2024-05-31,6.400000095367432,6.5,6.340000152587891,6.420000076293945,74587405.0
2024-06-03,6.46999979019165,6.570000171661377,6.429999828338623,6.510000228881836,74306155.0
2024-06-04,6.5,6.590000152587891,6.489999771118164,6.53000020980835,49821311.0
2024-06-05,6.389999866485596,6.449999809265137,6.170000076293945,6.199999809265137,66142863.0
2024-06-06,6.21999979019165,6.340000152587891,6.139999866485596,6.179999828338623,56920270.0
2024-06-07,6.230000019073486,6.400000095367432,6.230000019073486,6.25,53932204.0
2024-06-11,6.25,6.349999904632568,6.179999828338623,6.239999771118164,44611349.0
2024-06-12,6.21999979019165,6.320000171661377,6.179999828338623,6.28000020980835,32165134.0
2024-06-13,6.320000171661377,6.400000095367432,6.269999980926514,6.340000152587891,40281849.0
2024-06-14,6.320000171661377,6.519999980926514,6.28000020980835,6.409999847412109,45659995.0
2024-06-17,6.400000095367432,6.519999980926514,6.329999923706055,6.329999923706055,44139073.0
2024-06-18,6.349999904632568,6.5,6.28000020980835,6.480000019073486,29120016.0
2024-06-19,6.5,6.710000038146973,6.480000019073486,6.679999828338623,52927068.0
2024-06-20,6.679999828338623,6.829999923706055,6.679999828338623,6.78000020980835,51513566.0
2024-06-21,6.730000019073486,6.800000190734863,6.619999885559082,6.650000095367432,40599215.0
2024-06-24,6.619999885559082,6.71999979019165,6.579999923706055,6.650000095367432,32440385.0
2024-06-25,6.659999847412109,6.809999942779541,6.630000114440918,6.78000020980835,40545818.0
2024-06-26,6.78000020980835,6.860000133514404,6.71999979019165,6.829999923706055,41134992.0
2024-06-27,6.820000171661377,6.949999809265137,6.760000228881836,6.920000076293945,52310959.0
2024-06-28,6.860000133514404,7.28000020980835,6.849999904632568,7.170000076293945,93141717.0
2024-07-02,7.159999847412109,7.429999828338623,7.119999885559082,7.360000133514404,60543957.0
2024-07-03,7.309999942779541,7.760000228881836,7.309999942779541,7.550000190734863,101670196.0
2024-07-04,7.559999942779541,7.570000171661377,7.199999809265137,7.420000076293945,72748097.0
2024-07-05,7.380000114440918,7.590000152587891,7.360000133514404,7.369999885559082,41119741.0
2024-07-08,7.320000171661377,7.53000020980835,7.199999809265137,7.449999809265137,36910205.0
2024-07-09,7.449999809265137,7.460000038146973,7.300000190734863,7.340000152587891,36432284.0
2024-07-10,7.269999980926514,7.360000133514404,7.059999942779541,7.25,66991086.0
2024-07-11,7.25,7.420000076293945,7.21999979019165,7.389999866485596,28527219.0
2024-07-12,7.409999847412109,7.489999771118164,7.300000190734863,7.360000133514404,49962025.0
2024-07-15,7.289999961853027,7.380000114440918,7.239999771118164,7.349999904632568,28443824.0
2024-07-16,7.28000020980835,7.46999979019165,7.239999771118164,7.349999904632568,35384075.0
2024-07-17,7.349999904632568,7.400000095367432,6.909999847412109,7.079999923706055,58875446.0
2024-07-18,7.059999942779541,7.289999961853027,7.0,7.159999847412109,46081316.0
2024-07-19,7.159999847412109,7.289999961853027,6.900000095367432,7.190000057220459,53810863.0
2024-07-22,7.239999771118164,7.400000095367432,6.949999809265137,7.320000171661377,57470577.0
2024-07-23,7.360000133514404,7.519999980926514,7.28000020980835,7.46999979019165,43192738.0
2024-07-24,7.46999979019165,7.550000190734863,7.369999885559082,7.460000038146973,27820019.0
2024-07-25,7.449999809265137,7.53000020980835,7.059999942779541,7.130000114440918,34785575.0
2024-07-26,7.079999923706055,7.130000114440918,6.599999904632568,6.829999923706055,117016957.0
2024-07-29,6.769999980926514,6.880000114440918,6.670000076293945,6.820000171661377,42374596.0
2024-07-30,6.800000190734863,6.800000190734863,6.5,6.599999904632568,50157681.0
2024-07-31,6.539999961853027,6.670000076293945,6.420000076293945,6.610000133514404,42519899.0
2024-08-01,6.630000114440918,6.800000190734863,6.590000152587891,6.71999979019165,41198250.0
2024-08-02,6.630000114440918,6.840000152587891,6.579999923706055,6.820000171661377,34568265.0
2024-08-05,6.730000019073486,6.829999923706055,6.53000020980835,6.590000152587891,33834273.0
2024-08-06,6.679999828338623,6.739999771118164,6.400000095367432,6.510000228881836,46397202.0
2024-08-07,6.570000171661377,6.650000095367432,6.5,6.579999923706055,25839151.0
2024-08-08,6.570000171661377,6.659999847412109,6.489999771118164,6.590000152587891,16060587.0
2024-08-09,6.679999828338623,6.679999828338623,6.260000228881836,6.340000152587891,77518516.0
2024-08-12,6.349999904632568,6.369999885559082,5.880000114440918,5.96999979019165,143168382.0
2024-08-13,5.989999771118164,6.179999828338623,5.960000038146973,6.159999847412109,57989712.0
2024-08-14,6.199999809265137,6.25,6.119999885559082,6.179999828338623,31093978.0
2024-08-15,6.159999847412109,6.389999866485596,6.139999866485596,6.260000228881836,32868927.0
2024-08-16,6.519999980926514,6.610000133514404,6.409999847412109,6.460000038146973,91938874.0
2024-08-19,6.449999809265137,6.610000133514404,6.440000057220459,6.550000190734863,26342373.0
2024-08-20,6.570000171661377,6.610000133514404,6.440000057220459,6.559999942779541,32019478.0
2024-08-21,6.510000228881836,6.619999885559082,6.489999771118164,6.590000152587891,25321454.0
2024-08-22,6.590000152587891,6.679999828338623,6.5,6.650000095367432,38323814.0
2024-08-23,6.630000114440918,6.710000038146973,6.570000171661377,6.639999866485596,26664901.0
2024-08-26,6.650000095367432,6.760000228881836,6.630000114440918,6.679999828338623,19780620.0
2024-08-27,6.670000076293945,6.820000171661377,6.659999847412109,6.760000228881836,41808215.0
2024-08-28,6.820000171661377,6.829999923706055,6.590000152587891,6.610000133514404,27519216.0
2024-08-29,6.599999904632568,6.650000095367432,6.510000228881836,6.559999942779541,29733336.0
2024-08-30,6.559999942779541,6.690000057220459,6.519999980926514,6.659999847412109,36922263.0
2024-09-02,6.599999904632568,6.710000038146973,6.519999980926514,6.670000076293945,42021624.0
2024-09-03,6.670000076293945,6.690000057220459,6.579999923706055,6.659999847412109,27050264.0
2024-09-04,6.360000133514404,6.409999847412109,6.230000019073486,6.300000190734863,40778768.0
2024-09-05,6.320000171661377,6.380000114440918,6.239999771118164,6.320000171661377,22862091.0
2024-09-09,6.25,6.300000190734863,6.050000190734863,6.139999866485596,42759588.0
2024-09-10,6.070000171661377,6.300000190734863,6.0,6.21999979019165,28747883.0
2024-09-11,6.21999979019165,6.239999771118164,6.059999942779541,6.150000095367432,26190021.0
2024-09-12,6.199999809265137,6.199999809265137,6.0,6.03000020980835,49445118.0
2024-09-13,6.050000190734863,6.230000019073486,6.050000190734863,6.159999847412109,25146583.0
2024-09-16,6.159999847412109,6.179999828338623,6.130000114440918,6.150000095367432,2116017.0
2024-09-17,6.190000057220459,6.309999942779541,6.079999923706055,6.28000020980835,8243076.0
2024-09-19,6.28000020980835,6.380000114440918,6.230000019073486,6.320000171661377,22397852.0
2024-09-20,6.349999904632568,6.440000057220459,6.289999961853027,6.349999904632568,19286472.0
2024-09-23,6.400000095367432,6.550000190734863,6.349999904632568,6.409999847412109,34042250.0
2024-09-24,6.429999828338623,6.75,6.429999828338623,6.699999809265137,50634466.0
2024-09-25,6.900000095367432,7.079999923706055,6.78000020980835,6.800000190734863,45235883.0
2024-09-26,6.78000020980835,6.860000133514404,6.420000076293945,6.489999771118164,152664117.0
2024-09-27,6.559999942779541,6.599999904632568,6.360000133514404,6.599999904632568,130485819.0
2024-09-30,6.630000114440918,6.789999961853027,6.510000228881836,6.670000076293945,123379547.0
2024-10-02,6.730000019073486,6.980000019073486,6.670000076293945,6.940000057220459,59414308.0
2024-10-03,7.0,7.0,6.760000228881836,6.820000171661377,30562680.0
2024-10-04,6.809999942779541,7.050000190734863,6.670000076293945,7.050000190734863,28643167.0
2024-10-07,7.150000095367432,7.699999809265137,7.150000095367432,7.670000076293945,70003916.0
2024-10-08,7.769999980926514,7.800000190734863,6.760000228881836,6.809999942779541,151002760.0
2024-10-09,6.889999866485596,6.949999809265137,6.539999961853027,6.71999979019165,99563567.0
2024-10-10,6.800000190734863,7.28000020980835,6.760000228881836,6.949999809265137,109816874.0
2024-10-14,6.900000095367432,7.130000114440918,6.900000095367432,6.960000038146973,69050071.0
2024-10-15,6.960000038146973,7.090000152587891,6.739999771118164,6.789999961853027,63534322.0
2024-10-16,6.789999961853027,6.940000057220459,6.739999771118164,6.869999885559082,31037145.0
2024-10-17,6.96999979019165,7.019999980926514,6.730000019073486,6.730000019073486,31666780.0
2024-10-18,6.769999980926514,6.960000038146973,6.75,6.929999828338623,38995715.0
2024-10-21,6.929999828338623,6.96999979019165,6.789999961853027,6.849999904632568,41346147.0
2024-10-22,6.840000152587891,6.949999809265137,6.820000171661377,6.860000133514404,22994100.0
2024-10-23,6.940000057220459,7.210000038146973,6.860000133514404,7.139999866485596,70924670.0
2024-10-24,7.070000171661377,7.090000152587891,6.909999847412109,6.980000019073486,56931251.0
2024-10-25,7.070000171661377,7.070000171661377,6.75,6.829999923706055,60624813.0
2024-10-28,6.840000152587891,6.840000152587891,6.699999809265137,6.739999771118164,39266388.0
2024-10-29,6.75,6.789999961853027,6.630000114440918,6.679999828338623,26416364.0
2024-10-30,6.699999809265137,6.71999979019165,6.599999904632568,6.690000057220459,22774024.0
2024-10-31,6.71999979019165,6.78000020980835,6.630000114440918,6.760000228881836,18921213.0
2024-11-01,6.78000020980835,6.869999885559082,6.739999771118164,6.829999923706055,22068000.0
2024-11-04,6.809999942779541,6.860000133514404,6.75,6.769999980926514,17499028.0
2024-11-05,6.769999980926514,6.829999923706055,6.71999979019165,6.789999961853027,33008584.0
2024-11-06,6.800000190734863,6.869999885559082,6.659999847412109,6.659999847412109,33780325.0
2024-11-07,6.650000095367432,6.710000038146973,6.599999904632568,6.630000114440918,58205074.0
2024-11-08,6.619999885559082,6.670000076293945,6.420000076293945,6.489999771118164,64353963.0
2024-11-11,6.400000095367432,6.489999771118164,6.380000114440918,6.400000095367432,30467614.0
2024-11-12,6.409999847412109,6.449999809265137,6.230000019073486,6.28000020980835,48636879.0
2024-11-13,6.230000019073486,6.690000057220459,6.21999979019165,6.5,117505830.0
2024-11-14,6.480000019073486,6.579999923706055,6.400000095367432,6.489999771118164,41993065.0
2024-11-15,6.489999771118164,6.880000114440918,6.489999771118164,6.710000038146973,110563290.0
2024-11-18,6.820000171661377,6.849999904632568,6.679999828338623,6.739999771118164,60079681.0
2024-11-19,6.78000020980835,6.78000020980835,6.619999885559082,6.650000095367432,28869364.0
2024-11-20,6.650000095367432,6.659999847412109,6.539999961853027,6.559999942779541,38656515.0
2024-11-21,6.559999942779541,6.590000152587891,6.510000228881836,6.550000190734863,26250090.0
2024-11-22,6.559999942779541,6.599999904632568,6.409999847412109,6.46999979019165,31407495.0
2024-11-25,6.46999979019165,6.480000019073486,6.329999923706055,6.429999828338623,34946151.0
2024-11-26,6.420000076293945,6.5,6.369999885559082,6.420000076293945,26028018.0
2024-11-27,6.460000038146973,6.599999904632568,6.409999847412109,6.559999942779541,40975540.0
2024-11-28,6.610000133514404,6.610000133514404,6.400000095367432,6.420000076293945,40931956.0
2024-11-29,6.429999828338623,6.510000228881836,6.429999828338623,6.480000019073486,30162848.0
2024-12-02,6.480000019073486,6.53000020980835,6.420000076293945,6.449999809265137,32630016.0
2024-12-03,6.420000076293945,6.539999961853027,6.369999885559082,6.5,31560840.0
2024-12-04,6.5,6.699999809265137,6.460000038146973,6.599999904632568,46379290.0
2024-12-05,6.599999904632568,6.659999847412109,6.550000190734863,6.610000133514404,29362000.0
2024-12-06,6.619999885559082,6.75,6.610000133514404,6.659999847412109,50976111.0
2024-12-09,6.699999809265137,6.840000152587891,6.670000076293945,6.820000171661377,63900526.0
2024-12-10,6.909999847412109,6.909999847412109,6.659999847412109,6.710000038146973,70347841.0
2024-12-11,6.75,6.900000095367432,6.71999979019165,6.769999980926514,49427247.0
2024-12-12,6.820000171661377,6.949999809265137,6.789999961853027,6.889999866485596,42217371.0
2024-12-13,6.869999885559082,6.949999809265137,6.739999771118164,6.75,45906256.0
2024-12-16,6.809999942779541,6.980000019073486,6.769999980926514,6.929999828338623,40975612.0
2024-12-17,6.929999828338623,7.110000133514404,6.929999828338623,7.019999980926514,59540790.0
2024-12-18,7.090000152587891,7.269999980926514,7.079999923706055,7.130000114440918,56280073.0
2024-12-19,7.099999904632568,7.360000133514404,7.03000020980835,7.210000038146973,72680006.0
2024-12-20,7.25,7.289999961853027,7.099999904632568,7.150000095367432,50285784.0
2024-12-23,7.159999847412109,7.340000152587891,7.119999885559082,7.28000020980835,42827324.0
2024-12-24,7.349999904632568,7.349999904632568,7.349999904632568,7.349999904632568,0.0
2024-12-27,7.300000190734863,7.460000038146973,7.289999961853027,7.369999885559082,29579496.0
2024-12-30,7.400000095367432,7.460000038146973,7.309999942779541,7.309999942779541,17618015.0
2024-12-31,7.380000114440918,7.380000114440918,7.380000114440918,7.380000114440918,0.0
2025-01-02,7.389999866485596,7.389999866485596,7.139999866485596,7.21999979019165,43898861.0
2025-01-03,7.21999979019165,7.300000190734863,7.170000076293945,7.179999828338623,25324864.0
2025-01-06,7.199999809265137,7.28000020980835,7.130000114440918,7.21999979019165,20960701.0
2025-01-07,7.210000038146973,7.230000019073486,7.059999942779541,7.21999979019165,25574345.0
2025-01-08,7.239999771118164,7.360000133514404,7.139999866485596,7.28000020980835,30770768.0
2025-01-09,7.360000133514404,7.369999885559082,7.239999771118164,7.239999771118164,19691401.0
2025-01-10,7.239999771118164,7.300000190734863,7.130000114440918,7.150000095367432,15556770.0
2025-01-13,7.099999904632568,7.21999979019165,7.059999942779541,7.119999885559082,24865558.0
2025-01-14,7.130000114440918,7.349999904632568,7.079999923706055,7.150000095367432,34011313.0
2025-01-15,7.150000095367432,7.25,7.099999904632568,7.230000019073486,16672448.0
2025-01-16,7.190000057220459,7.289999961853027,7.150000095367432,7.25,22744029.0
2025-01-17,7.260000228881836,7.309999942779541,7.210000038146973,7.239999771118164,16537651.0
2025-01-20,7.260000228881836,7.329999923706055,7.230000019073486,7.239999771118164,22618265.0
2025-01-21,7.25,7.269999980926514,6.889999866485596,7.010000228881836,74762318.0
2025-01-22,7.010000228881836,7.139999866485596,6.949999809265137,7.110000133514404,29254909.0
2025-01-23,7.119999885559082,7.170000076293945,6.989999771118164,7.03000020980835,25429693.0
2025-01-24,7.070000171661377,7.159999847412109,7.019999980926514,7.099999904632568,23852115.0
2025-01-27,7.090000152587891,7.150000095367432,7.059999942779541,7.099999904632568,23076015.0
2025-01-28,7.099999904632568,7.099999904632568,7.099999904632568,7.099999904632568,0.0
2025-02-03,7.099999904632568,7.150000095367432,6.980000019073486,7.150000095367432,6152613.0
2025-02-04,7.150000095367432,7.300000190734863,7.150000095367432,7.289999961853027,16733936.0
2025-02-05,7.230000019073486,7.260000228881836,7.059999942779541,7.150000095367432,25847015.0
2025-02-06,7.230000019073486,7.389999866485596,7.119999885559082,7.190000057220459,64923463.0
2025-02-07,7.21999979019165,7.420000076293945,7.170000076293945,7.400000095367432,73216798.0
2025-02-10,7.650000095367432,7.880000114440918,7.519999980926514,7.559999942779541,130105223.0
2025-02-11,7.639999866485596,7.789999961853027,7.579999923706055,7.650000095367432,67677714.0
2025-02-12,7.670000076293945,7.929999828338623,7.539999961853027,7.840000152587891,90615038.0
2025-02-13,7.849999904632568,8.199999809265137,7.800000190734863,7.800000190734863,141354494.0
2025-02-14,7.900000095367432,8.390000343322754,7.849999904632568,8.239999771118164,169954285.0
2025-02-17,8.5,9.319999694824219,8.479999542236328,8.869999885559082,321622980.0
2025-02-18,9.289999961853027,9.289999961853027,8.899999618530273,9.0,184806022.0
2025-02-19,8.899999618530273,9.600000381469727,8.84000015258789,9.260000228881836,161892787.0
2025-02-20,9.180000305175781,9.579999923706055,9.039999961853027,9.350000381469727,171125408.0
2025-02-21,9.600000381469727,10.859999656677246,9.600000381469727,10.819999694824219,350569261.0
2025-02-24,10.819999694824219,11.5600004196167,10.220000267028809,10.460000038146973,350945738.0
2025-02-25,10.020000457763672,10.460000038146973,9.930000305175781,10.100000381469727,198296030.0
2025-02-26,10.460000038146973,10.579999923706055,9.59000015258789,10.020000457763672,211872786.0
2025-02-27,10.0600004196167,10.15999984741211,9.170000076293945,9.510000228881836,235572794.0
2025-02-28,9.329999923706055,9.75,9.149999618530273,9.470000267028809,109686503.0
2025-03-03,9.479999542236328,9.770000457763672,9.40999984741211,9.460000038146973,78892125.0
2025-03-04,9.220000267028809,9.260000228881836,8.8100004196167,9.1899995803833,101329970.0
2025-03-05,9.279999732971191,9.680000305175781,9.279999732971191,9.600000381469727,73864099.0
2025-03-06,9.90999984741211,10.199999809265137,9.520000457763672,9.800000190734863,154854499.0
2025-03-07,9.699999809265137,10.0600004196167,9.640000343322754,9.920000076293945,76945285.0
2025-03-10,9.829999923706055,9.829999923706055,9.329999923706055,9.430000305175781,76750932.0
2025-03-11,9.170000076293945,9.5,9.020000457763672,9.399999618530273,65776624.0
2025-03-12,9.399999618530273,9.5,8.970000267028809,9.0600004196167,91877912.0
2025-03-13,9.100000381469727,9.170000076293945,8.949999809265137,9.109999656677246,39999507.0
2025-03-14,9.119999885559082,9.34000015258789,9.100000381469727,9.229999542236328,36359015.0
2025-03-17,9.229999542236328,9.25,8.970000267028809,9.130000114440918,53628806.0
2025-03-18,9.279999732971191,9.630000114440918,9.229999542236328,9.59000015258789,73843472.0
2025-03-19,9.539999961853027,9.539999961853027,9.130000114440918,9.15999984741211,114542024.0
2025-03-20,9.15999984741211,9.180000305175781,8.880000114440918,8.899999618530273,71308179.0
2025-03-21,8.869999885559082,9.149999618530273,8.829999923706055,8.9399995803833,42265963.0
2025-03-24,8.949999809265137,9.020000457763672,8.569999694824219,8.720000267028809,87023676.0
2025-03-25,8.600000381469727,8.649999618530273,8.300000190734863,8.430000305175781,73576485.0
2025-03-26,8.470000267028809,8.59000015258789,8.420000076293945,8.489999771118164,36090374.0
2025-03-27,8.460000038146973,8.819999694824219,8.350000381469727,8.699999809265137,45562200.0
2025-03-28,8.800000190734863,8.819999694824219,8.579999923706055,8.630000114440918,26350972.0
2025-03-31,8.630000114440918,8.789999961853027,8.5,8.6899995803833,39228568.0
2025-04-01,8.710000038146973,8.9399995803833,8.65999984741211,8.760000228881836,36090310.0
2025-04-02,8.779999732971191,9.119999885559082,8.760000228881836,8.960000038146973,43383100.0
2025-04-03,8.800000190734863,9.1899995803833,8.699999809265137,9.09000015258789,49869933.0
2025-04-07,8.399999618530273,8.670000076293945,7.849999904632568,7.960000038146973,102641508.0
2025-04-08,7.949999809265137,8.430000305175781,7.949999809265137,8.289999961853027,90627535.0
2025-04-09,8.09000015258789,8.65999984741211,7.96999979019165,8.5,68594111.0
2025-04-10,8.529999732971191,8.829999923706055,8.529999732971191,8.670000076293945,50960052.0
2025-04-11,8.699999809265137,8.779999732971191,8.619999885559082,8.670000076293945,28684798.0
2025-04-14,8.770000457763672,8.880000114440918,8.619999885559082,8.6899995803833,42262160.0
2025-04-15,8.699999809265137,8.800000190734863,8.619999885559082,8.739999771118164,24754021.0
2025-04-16,8.739999771118164,8.75,8.59000015258789,8.6899995803833,61408648.0
2025-04-17,8.680000305175781,8.8100004196167,8.569999694824219,8.680000305175781,41827170.0
2025-04-22,8.640000343322754,8.800000190734863,8.430000305175781,8.609999656677246,80544605.0
2025-04-23,8.699999809265137,8.760000228881836,8.470000267028809,8.539999961853027,78909634.0
2025-04-24,8.479999542236328,8.739999771118164,8.479999542236328,8.699999809265137,36334947.0
2025-04-25,8.6899995803833,8.760000228881836,8.630000114440918,8.6899995803833,29269842.0
2025-04-28,8.6899995803833,8.819999694824219,8.619999885559082,8.789999961853027,31242383.0
2025-04-29,8.819999694824219,8.9399995803833,8.789999961853027,8.859999656677246,37281536.0
2025-04-30,8.880000114440918,8.960000038146973,8.84000015258789,8.880000114440918,42893191.0
2025-05-02,8.859999656677246,8.9399995803833,8.829999923706055,8.869999885559082,8201810.0
2025-05-06,8.869999885559082,8.899999618530273,8.729999542236328,8.880000114440918,41346125.0
2025-05-07,8.90999984741211,9.050000190734863,8.899999618530273,8.949999809265137,29022156.0
2025-05-08,8.979999542236328,9.020000457763672,8.770000457763672,8.84000015258789,33740602.0
2025-05-09,8.819999694824219,8.859999656677246,8.699999809265137,8.770000457763672,30287465.0
2025-05-12,8.770000457763672,9.0600004196167,8.770000457763672,8.930000305175781,52308802.0
2025-05-13,8.899999618530273,8.930000305175781,8.479999542236328,8.550000190734863,67972209.0
2025-05-14,8.5600004196167,8.579999923706055,8.359999656677246,8.539999961853027,73487312.0
2025-05-15,8.539999961853027,8.75,8.489999771118164,8.739999771118164,46554815.0
2025-05-16,8.739999771118164,8.960000038146973,8.649999618530273,8.890000343322754,46008383.0
2025-05-19,8.880000114440918,9.329999923706055,8.859999656677246,9.260000228881836,94633722.0
2025-05-20,9.329999923706055,9.520000457763672,9.279999732971191,9.40999984741211,66220463.0
2025-05-21,9.399999618530273,9.65999984741211,9.260000228881836,9.420000076293945,65280276.0
2025-05-22,9.420000076293945,9.479999542236328,9.319999694824219,9.430000305175781,64535000.0
2025-05-23,9.59000015258789,9.699999809265137,9.510000228881836,9.600000381469727,79834015.0
2025-05-26,9.5600004196167,9.699999809265137,9.399999618530273,9.550000190734863,81355163.0
2025-05-27,9.59000015258789,9.829999923706055,9.539999961853027,9.770000457763672,83499935.0
2025-05-28,9.75,9.880000114440918,9.609999656677246,9.670000076293945,44527510.0
2025-05-29,9.619999885559082,9.720000267028809,9.319999694824219,9.529999732971191,88064724.0
2025-05-30,9.449999809265137,9.569999694824219,9.300000190734863,9.449999809265137,59218065.0
2025-06-02,9.40999984741211,9.40999984741211,9.140000343322754,9.369999885559082,11438100.0
2025-06-03,9.369999885559082,9.510000228881836,9.3100004196167,9.4399995803833,51907123.0
2025-06-04,9.270000457763672,9.350000381469727,9.020000457763672,9.069999694824219,53745310.0
2025-06-05,9.109999656677246,9.300000190734863,9.069999694824219,9.220000267028809,33077536.0
2025-06-06,9.270000457763672,9.510000228881836,9.270000457763672,9.289999961853027,42268384.0
2025-06-09,9.369999885559082,9.630000114440918,9.279999732971191,9.5600004196167,39477810.0
2025-06-10,9.5600004196167,9.649999618530273,9.460000038146973,9.510000228881836,22611886.0
2025-06-11,9.5600004196167,9.609999656677246,9.470000267028809,9.5,22055129.0
2025-06-12,9.470000267028809,9.550000190734863,9.329999923706055,9.359999656677246,27907388.0
2025-06-13,9.399999618530273,9.619999885559082,9.350000381469727,9.470000267028809,56319929.0
2025-06-16,9.470000267028809,9.779999732971191,9.470000267028809,9.710000038146973,38251131.0
2025-06-17,9.729999542236328,9.920000076293945,9.600000381469727,9.65999984741211,60009250.0
2025-06-18,9.630000114440918,9.65999984741211,9.369999885559082,9.449999809265137,39646500.0
2025-06-19,9.420000076293945,9.4399995803833,9.130000114440918,9.199999809265137,41618142.0
2025-06-20,9.25,9.34000015258789,9.149999618530273,9.199999809265137,31518000.0
2025-06-23,9.199999809265137,9.289999961853027,9.119999885559082,9.199999809265137,23615289.0
2025-06-24,9.239999771118164,9.420000076293945,9.239999771118164,9.350000381469727,30835292.0
2025-06-25,9.399999618530273,9.449999809265137,9.25,9.3100004196167,30557639.0
2025-06-26,9.3100004196167,9.319999694824219,9.1899995803833,9.229999542236328,31378494.0
2025-06-27,9.260000228881836,9.390000343322754,9.170000076293945,9.25,26897624.0
2025-06-30,9.300000190734863,9.390000343322754,9.180000305175781,9.300000190734863,21385390.0
2025-07-02,9.34000015258789,9.420000076293945,9.300000190734863,9.369999885559082,17123512.0
2025-07-03,9.399999618530273,9.4399995803833,9.25,9.350000381469727,13311947.0
2025-07-04,9.350000381469727,9.520000457763672,9.279999732971191,9.380000114440918,24392161.0
2025-07-07,9.380000114440918,9.380000114440918,9.1899995803833,9.239999771118164,27579138.0
2025-07-08,9.239999771118164,9.270000457763672,9.100000381469727,9.170000076293945,38325570.0
2025-07-09,9.109999656677246,9.239999771118164,9.100000381469727,9.119999885559082,37734885.0
2025-07-10,9.119999885559082,9.1899995803833,9.029999732971191,9.100000381469727,48096404.0
2025-07-11,9.100000381469727,9.289999961853027,9.050000190734863,9.119999885559082,41091700.0
2025-07-14,9.100000381469727,9.239999771118164,9.09000015258789,9.15999984741211,35137029.0
2025-07-15,9.170000076293945,9.34000015258789,9.109999656677246,9.329999923706055,51806199.0
2025-07-16,9.329999923706055,9.470000267028809,9.300000190734863,9.390000343322754,32962385.0
2025-07-17,9.350000381469727,9.380000114440918,9.199999809265137,9.239999771118164,60979467.0
2025-07-18,9.260000228881836,9.40999984741211,9.220000267028809,9.380000114440918,52720870.0
2025-07-21,9.430000305175781,9.520000457763672,9.279999732971191,9.300000190734863,32309336.0
2025-07-22,9.289999961853027,9.420000076293945,9.289999961853027,9.390000343322754,33984606.0
2025-07-23,9.399999618530273,9.5,9.399999618530273,9.4399995803833,36942079.0
2025-07-24,9.4399995803833,9.539999961853027,9.40999984741211,9.479999542236328,27565803.0
2025-07-25,9.479999542236328,9.539999961853027,9.420000076293945,9.449999809265137,32131652.0
2025-07-28,9.489999771118164,9.65999984741211,9.380000114440918,9.579999923706055,52912063.0
2025-07-29,9.579999923706055,9.640000343322754,9.489999771118164,9.609999656677246,22813161.0
2025-07-30,9.609999656677246,9.819999694824219,9.520000457763672,9.699999809265137,49011145.0
2025-07-31,9.6899995803833,9.800000190734863,9.619999885559082,9.760000228881836,53194908.0
2025-08-01,9.739999771118164,10.079999923706055,9.600000381469727,9.630000114440918,58233820.0
2025-08-04,9.5600004196167,9.640000343322754,9.390000343322754,9.640000343322754,33183004.0
2025-08-05,9.640000343322754,9.699999809265137,9.510000228881836,9.640000343322754,30710666.0
2025-08-06,9.640000343322754,9.84000015258789,9.569999694824219,9.6899995803833,33736467.0
2025-08-07,9.739999771118164,9.800000190734863,9.5600004196167,9.680000305175781,27418203.0
2025-08-08,9.619999885559082,10.029999732971191,9.619999885559082,9.90999984741211,49033387.0
2025-08-11,9.819999694824219,10.170000076293945,9.800000190734863,10.109999656677246,58871273.0
2025-08-12,10.130000114440918,10.220000267028809,10.029999732971191,10.1899995803833,35339194.0
2025-08-13,10.289999961853027,10.520000457763672,9.899999618530273,10.260000228881836,103180981.0
2025-08-14,10.359999656677246,10.399999618530273,10.130000114440918,10.270000457763672,38287388.0
2025-08-15,10.180000305175781,10.350000381469727,10.130000114440918,10.1899995803833,37139610.0
2025-08-18,10.1899995803833,10.479999542236328,10.1899995803833,10.220000267028809,52831151.0
2025-08-19,10.25,10.329999923706055,10.079999923706055,10.119999885559082,34660704.0
2025-08-20,10.100000381469727,10.100000381469727,9.90999984741211,10.020000457763672,37842159.0
2025-08-21,10.100000381469727,10.479999542236328,10.010000228881836,10.359999656677246,48984925.0
2025-08-22,10.359999656677246,10.550000190734863,10.239999771118164,10.399999618530273,35046990.0
2025-08-25,10.59000015258789,10.680000305175781,10.300000190734863,10.40999984741211,59099115.0
2025-08-26,10.430000305175781,10.430000305175781,10.010000228881836,10.050000190734863,40781872.0
2025-08-27,10.09000015258789,10.140000343322754,9.720000267028809,9.800000190734863,43740590.0
2025-08-28,9.800000190734863,9.979999542236328,9.779999732971191,9.880000114440918,31581317.0
2025-08-29,9.979999542236328,10.09000015258789,9.84000015258789,9.899999618530273,25487908.0
2025-09-01,9.989999771118164,10.0,9.800000190734863,9.800000190734863,38723960.0
2025-09-02,9.5600004196167,9.5600004196167,9.300000190734863,9.369999885559082,67657900.0
2025-09-03,9.350000381469727,9.420000076293945,9.25,9.300000190734863,26655217.0
2025-09-04,9.300000190734863,9.529999732971191,9.25,9.359999656677246,52081013.0
2025-09-05,9.380000114440918,9.489999771118164,9.329999923706055,9.4399995803833,59743345.0
2025-09-08,9.470000267028809,9.850000381469727,9.300000190734863,9.569999694824219,107463369.0
2025-09-09,9.649999618530273,9.6899995803833,9.489999771118164,9.619999885559082,50590424.0
2025-09-10,9.760000228881836,10.170000076293945,9.710000038146973,9.84000015258789,132163074.0
2025-09-11,9.84000015258789,9.9399995803833,9.739999771118164,9.869999885559082,33946237.0
2025-09-12,9.9399995803833,9.970000267028809,9.8100004196167,9.84000015258789,24295010.0
2025-09-15,9.8100004196167,9.899999618530273,9.630000114440918,9.710000038146973,33881637.0
2025-09-16,9.630000114440918,9.779999732971191,9.579999923706055,9.739999771118164,21048076.0
2025-09-17,9.779999732971191,9.890000343322754,9.65999984741211,9.850000381469727,31835453.0
2025-09-18,9.869999885559082,9.970000267028809,9.649999618530273,9.720000267028809,30518967.0
2025-09-19,9.760000228881836,9.760000228881836,9.510000228881836,9.600000381469727,27371226.0
2025-09-22,9.600000381469727,9.600000381469727,9.329999923706055,9.390000343322754,19976435.0
2025-09-23,9.430000305175781,9.430000305175781,9.050000190734863,9.15999984741211,40041354.0
2025-09-24,9.15999984741211,9.199999809265137,9.0600004196167,9.109999656677246,28086062.0
2025-09-25,9.109999656677246,9.119999885559082,8.800000190734863,8.949999809265137,84207850.0
2025-09-26,8.949999809265137,8.960000038146973,8.739999771118164,8.819999694824219,42541204.0
2025-09-29,8.850000381469727,8.899999618530273,8.779999732971191,8.829999923706055,36015266.0
2025-09-30,8.829999923706055,8.899999618530273,8.640000343322754,8.859999656677246,45590313.0
2025-10-02,8.949999809265137,9.069999694824219,8.949999809265137,8.949999809265137,15594680.0
2025-10-03,8.989999771118164,8.989999771118164,8.800000190734863,8.890000343322754,7871397.0
2025-10-06,8.9399995803833,8.9399995803833,8.770000457763672,8.829999923706055,5178031.0
2025-10-08,8.829999923706055,8.850000381469727,8.630000114440918,8.760000228881836,10548867.0
2025-10-09,8.800000190734863,8.9399995803833,8.649999618530273,8.829999923706055,32557386.0
2025-10-10,8.869999885559082,8.989999771118164,8.760000228881836,8.949999809265137,27743860.0
2025-10-13,8.699999809265137,8.880000114440918,8.670000076293945,8.829999923706055,29054234.0
2025-10-14,8.859999656677246,8.960000038146973,8.800000190734863,8.890000343322754,40230957.0
2025-10-15,9.0,9.050000190734863,8.859999656677246,8.970000267028809,33206541.0
2025-10-16,8.960000038146973,9.170000076293945,8.9399995803833,9.149999618530273,27269618.0
2025-10-17,9.119999885559082,9.180000305175781,9.010000228881836,9.039999961853027,26477681.0
2025-10-20,9.130000114440918,9.149999618530273,9.039999961853027,9.119999885559082,19735906.0
2025-10-21,9.119999885559082,9.279999732971191,9.079999923706055,9.260000228881836,44978204.0
2025-10-22,9.220000267028809,9.279999732971191,9.119999885559082,9.229999542236328,24446707.0
2025-10-23,9.239999771118164,9.399999618530273,9.130000114440918,9.390000343322754,39733575.0
2025-10-24,9.359999656677246,9.460000038146973,9.319999694824219,9.390000343322754,20431629.0
2025-10-27,9.390000343322754,9.449999809265137,9.1899995803833,9.279999732971191,34234307.0
2025-10-28,9.319999694824219,9.319999694824219,9.140000343322754,9.15999984741211,25693977.0
2025-10-30,9.1899995803833,9.380000114440918,9.069999694824219,9.279999732971191,34896121.0
2025-10-31,9.289999961853027,9.399999618530273,9.15999984741211,9.350000381469727,32208568.0
2025-11-03,9.380000114440918,9.470000267028809,9.289999961853027,9.399999618530273,29622218.0
2025-11-04,9.319999694824219,9.630000114440918,9.319999694824219,9.510000228881836,42750781.0
2025-11-05,9.5600004196167,9.649999618530273,9.399999618530273,9.619999885559082,29842117.0
2025-11-06,9.680000305175781,9.869999885559082,9.619999885559082,9.720000267028809,39201068.0
2025-11-07,9.720000267028809,9.890000343322754,9.699999809265137,9.829999923706055,45324112.0
2025-11-10,9.850000381469727,9.920000076293945,9.739999771118164,9.84000015258789,26907106.0
2025-11-11,9.779999732971191,9.880000114440918,9.760000228881836,9.850000381469727,20450838.0
2025-11-12,9.899999618530273,9.899999618530273,9.649999618530273,9.8100004196167,32552284.0
2025-11-13,9.75,9.84000015258789,9.579999923706055,9.680000305175781,24719163.0
2025-11-14,9.619999885559082,9.640000343322754,9.510000228881836,9.569999694824219,15818010.0
2025-11-17,9.539999961853027,9.550000190734863,9.40999984741211,9.510000228881836,18813900.0
2025-11-18,9.5,9.5,9.359999656677246,9.399999618530273,16342010.0
2025-11-19,9.399999618530273,9.420000076293945,9.329999923706055,9.390000343322754,24691401.0
2025-11-20,9.399999618530273,9.40999984741211,9.3100004196167,9.380000114440918,25637621.0
2025-11-21,9.380000114440918,9.390000343322754,9.170000076293945,9.210000038146973,25023892.0
2025-11-24,9.220000267028809,9.279999732971191,9.140000343322754,9.270000457763672,38857334.0
2025-11-25,9.279999732971191,9.300000190734863,9.130000114440918,9.170000076293945,38714864.0
2025-11-26,9.170000076293945,9.220000267028809,9.149999618530273,9.15999984741211,29346010.0
2025-11-27,9.149999618530273,9.1899995803833,9.050000190734863,9.069999694824219,42738011.0
2025-11-28,9.100000381469727,9.100000381469727,8.960000038146973,9.0,26408112.0
2025-12-01,9.0,9.130000114440918,8.979999542236328,9.020000457763672,21667556.0
2025-12-02,9.079999923706055,9.210000038146973,9.029999732971191,9.119999885559082,34889727.0
2025-12-03,9.119999885559082,9.149999618530273,8.960000038146973,9.010000228881836,26724369.0
2025-12-04,9.039999961853027,9.050000190734863,8.920000076293945,8.949999809265137,25787479.0
2025-12-05,8.960000038146973,8.960000038146973,8.829999923706055,8.890000343322754,41514271.0
2025-12-08,8.899999618530273,8.920000076293945,8.729999542236328,8.75,39904919.0
2025-12-09,8.779999732971191,8.779999732971191,8.65999984741211,8.75,24298335.0
2025-12-10,8.720000267028809,8.75,8.569999694824219,8.640000343322754,37378546.0
2025-12-11,8.6899995803833,8.699999809265137,8.5,8.550000190734863,26627682.0
2025-12-12,8.579999923706055,8.640000343322754,8.550000190734863,8.600000381469727,30459520.0
2025-12-15,8.600000381469727,8.649999618530273,8.40999984741211,8.510000228881836,63002748.0
2025-12-16,8.510000228881836,8.550000190734863,8.430000305175781,8.460000038146973,20608448.0
2025-12-17,8.489999771118164,8.489999771118164,8.359999656677246,8.420000076293945,45805795.0
2025-12-18,8.390000343322754,8.399999618530273,8.319999694824219,8.380000114440918,44514042.0
2025-12-19,8.390000343322754,8.5,8.359999656677246,8.40999984741211,51959927.0
2025-12-22,8.460000038146973,8.520000457763672,8.319999694824219,8.369999885559082,44539011.0
2025-12-23,8.390000343322754,8.460000038146973,8.15999984741211,8.199999809265137,74029000.0
2025-12-24,8.15999984741211,8.15999984741211,8.15999984741211,8.15999984741211,0.0
2025-12-29,8.199999809265137,8.229999542236328,7.960000038146973,7.989999771118164,75224928.0
2025-12-30,7.989999771118164,8.050000190734863,7.840000152587891,7.889999866485596,88298093.0
2025-12-31,7.760000228881836,7.760000228881836,7.760000228881836,7.760000228881836,0.0
2026-01-02,7.800000190734863,8.09000015258789,7.789999961853027,8.0600004196167,25730883.0
2026-01-05,8.050000190734863,8.079999923706055,7.920000076293945,7.929999828338623,58014287.0
2026-01-06,7.960000038146973,8.050000190734863,7.889999866485596,8.050000190734863,59243278.0
2026-01-07,8.0600004196167,8.09000015258789,7.949999809265137,8.0600004196167,48634840.0
2026-01-08,8.079999923706055,8.079999923706055,7.940000057220459,7.96999979019165,56407048.0
2026-01-09,7.980000019073486,8.180000305175781,7.980000019073486,8.050000190734863,66067812.0
2026-01-12,8.119999885559082,8.140000343322754,8.020000457763672,8.039999961853027,51327446.0
2026-01-13,8.050000190734863,8.119999885559082,7.929999828338623,7.949999809265137,75305363.0
2026-01-14,7.949999809265137,8.020000457763672,7.880000114440918,7.949999809265137,64584733.0
2026-01-15,7.949999809265137,8.010000228881836,7.820000171661377,7.820000171661377,49326055.0
2026-01-16,7.860000133514404,7.880000114440918,7.710000038146973,7.710000038146973,45166917.0
2026-01-19,7.699999809265137,7.699999809265137,7.610000133514404,7.699999809265137,58770712.0
2026-01-20,7.690000057220459,7.800000190734863,7.659999847412109,7.670000076293945,45524129.0
2026-01-21,7.679999828338623,7.71999979019165,7.519999980926514,7.590000152587891,63225973.0
2026-01-22,7.590000152587891,7.690000057220459,7.590000152587891,7.619999885559082,32832258.0
2026-01-23,7.690000057220459,7.820000171661377,7.679999828338623,7.769999980926514,44841812.0
2026-01-26,7.760000228881836,7.800000190734863,7.650000095367432,7.75,29347929.0
2026-01-27,7.760000228881836,7.829999923706055,7.690000057220459,7.71999979019165,45214301.0
2026-01-28,7.71999979019165,8.1899995803833,7.710000038146973,8.100000381469727,113240160.0
2026-01-29,8.149999618530273,8.279999732971191,8.020000457763672,8.109999656677246,69874120.0
2026-01-30,8.029999732971191,8.149999618530273,7.909999847412109,7.949999809265137,49801928.0
2026-02-02,7.389999866485596,7.480000019073486,7.070000171661377,7.449999809265137,231244033.0
2026-02-03,7.480000019073486,7.480000019073486,7.230000019073486,7.269999980926514,80281168.0
2026-02-04,7.28000020980835,7.349999904632568,7.21999979019165,7.28000020980835,70526993.0
2026-02-05,7.320000171661377,7.369999885559082,7.199999809265137,7.349999904632568,50223564.0
2026-02-06,7.340000152587891,7.340000152587891,7.239999771118164,7.300000190734863,36414110.0
2026-02-09,7.380000114440918,7.380000114440918,7.170000076293945,7.190000057220459,63083673.0
2026-02-10,7.199999809265137,7.28000020980835,7.159999847412109,7.179999828338623,31051094.0
2026-02-11,7.190000057220459,7.260000228881836,7.190000057220459,7.210000038146973,22653236.0
2026-02-12,7.210000038146973,7.269999980926514,7.210000038146973,7.230000019073486,28774547.0
2026-02-13,7.230000019073486,7.320000171661377,7.21999979019165,7.25,40222755.0
2026-02-16,7.349999904632568,7.349999904632568,7.349999904632568,7.349999904632568,0.0
2026-02-20,7.349999904632568,7.489999771118164,7.349999904632568,7.429999828338623,26047978.0
2026-02-23,7.449999809265137,7.579999923706055,7.449999809265137,7.539999961853027,27966553.0
2026-02-24,7.480000019073486,7.570000171661377,7.440000057220459,7.519999980926514,26928025.0
2026-02-25,7.570000171661377,7.599999904632568,7.440000057220459,7.519999980926514,36771000.0
2026-02-26,7.53000020980835,7.550000190734863,7.46999979019165,7.480000019073486,17274399.0
2026-02-27,7.480000019073486,7.559999942779541,7.420000076293945,7.550000190734863,41389334.0
2026-03-02,7.480000019073486,7.590000152587891,7.429999828338623,7.510000228881836,43041233.0
2026-03-03,7.539999961853027,7.630000114440918,7.5,7.53000020980835,33525303.0
2026-03-04,7.53000020980835,7.579999923706055,7.409999847412109,7.550000190734863,43782273.0
2026-03-05,7.579999923706055,7.739999771118164,7.550000190734863,7.659999847412109,42436317.0
2026-03-06,7.690000057220459,7.889999866485596,7.690000057220459,7.840000152587891,53610043.0
2026-03-09,7.699999809265137,7.730000019073486,7.579999923706055,7.670000076293945,32652504.0
2026-03-10,7.670000076293945,7.800000190734863,7.670000076293945,7.710000038146973,19563537.0
2026-03-11,7.699999809265137,7.800000190734863,7.699999809265137,7.739999771118164,15512096.0
2026-03-12,7.730000019073486,7.820000171661377,7.71999979019165,7.78000020980835,14099440.0
2026-03-13,7.739999771118164,7.869999885559082,7.739999771118164,7.789999961853027,20131910.0
2026-03-16,7.789999961853027,7.860000133514404,7.670000076293945,7.739999771118164,22110000.0
2026-03-17,7.739999771118164,7.800000190734863,7.650000095367432,7.659999847412109,12380000.0
2026-03-18,7.659999847412109,7.679999828338623,7.53000020980835,7.570000171661377,29557853.0
2026-03-19,7.550000190734863,7.570000171661377,7.480000019073486,7.539999961853027,27347384.0
2026-03-20,7.5,7.510000228881836,7.179999828338623,7.289999961853027,83502075.0
2026-03-23,7.150000095367432,7.239999771118164,7.079999923706055,7.170000076293945,47510908.0
2026-03-24,7.21999979019165,7.239999771118164,7.059999942779541,7.079999923706055,41475735.0
2026-03-25,7.079999923706055,7.130000114440918,6.949999809265137,7.130000114440918,59625762.0
2026-03-26,7.110000133514404,7.130000114440918,7.039999961853027,7.070000171661377,25523596.0
2026-03-27,7.059999942779541,7.079999923706055,6.960000038146973,7.03000020980835,37539537.0
2026-03-30,6.980000019073486,7.070000171661377,6.949999809265137,7.050000190734863,31138438.0
2026-03-31,7.050000190734863,7.119999885559082,7.019999980926514,7.070000171661377,15882644.0
2026-04-01,7.119999885559082,7.170000076293945,7.090000152587891,7.119999885559082,20366363.0
2026-04-02,7.099999904632568,7.130000114440918,7.03000020980835,7.079999923706055,17768799.0
2026-04-08,7.179999828338623,7.210000038146973,7.150000095367432,7.210000038146973,18448086.0
2026-04-09,7.190000057220459,7.269999980926514,7.159999847412109,7.210000038146973,17724034.0
2026-04-10,7.239999771118164,7.28000020980835,7.210000038146973,7.239999771118164,9491905.0
2026-04-13,7.269999980926514,7.300000190734863,7.170000076293945,7.28000020980835,13358167.0
2026-04-14,7.300000190734863,7.340000152587891,7.239999771118164,7.320000171661377,18088000.0
2026-04-15,7.320000171661377,7.329999923706055,7.260000228881836,7.300000190734863,13838173.0
2026-04-16,7.260000228881836,7.360000133514404,7.260000228881836,7.340000152587891,17245676.0
2026-04-17,7.300000190734863,7.349999904632568,7.300000190734863,7.320000171661377,16080561.0
2026-04-20,7.340000152587891,7.389999866485596,7.329999923706055,7.360000133514404,17412622.0
2026-04-21,7.369999885559082,7.400000095367432,7.269999980926514,7.400000095367432,34786314.0
2026-04-22,7.269999980926514,7.320000171661377,7.21999979019165,7.289999961853027,24314593.0
2026-04-23,7.260000228881836,7.349999904632568,7.230000019073486,7.340000152587891,15264511.0
2026-04-24,7.340000152587891,7.340000152587891,7.25,7.260000228881836,12696590.0
2026-04-27,7.269999980926514,7.340000152587891,7.239999771118164,7.329999923706055,20075598.0
2026-04-28,7.300000190734863,7.369999885559082,7.28000020980835,7.300000190734863,13579266.0
2026-04-29,7.289999961853027,7.460000038146973,7.289999961853027,7.420000076293945,31286363.0
2026-04-30,7.400000095367432,7.449999809265137,7.300000190734863,7.320000171661377,17600950.0
2026-05-04,7.380000114440918,7.409999847412109,7.28000020980835,7.340000152587891,11623900.0
2026-05-05,7.309999942779541,7.340000152587891,7.28000020980835,7.320000171661377,9322030.0
2026-05-06,7.349999904632568,7.409999847412109,7.320000171661377,7.400000095367432,22764179.0
2026-05-07,7.420000076293945,7.650000095367432,7.420000076293945,7.539999961853027,52395908.0
2026-05-08,7.539999961853027,7.71999979019165,7.510000228881836,7.639999866485596,32423385.0
2026-05-11,7.630000114440918,7.860000133514404,7.590000152587891,7.739999771118164,50462024.0
2026-05-12,7.739999771118164,7.849999904632568,7.659999847412109,7.730000019073486,34441915.0
2026-05-13,7.710000038146973,7.840000152587891,7.679999828338623,7.789999961853027,29536394.0
2026-05-14,7.800000190734863,7.909999847412109,7.760000228881836,7.800000190734863,29900370.0
2026-05-15,7.800000190734863,7.800000190734863,7.610000133514404,7.650000095367432,25646392.0
2026-05-18,7.630000114440918,7.980000019073486,7.630000114440918,7.940000057220459,75695300.0
2026-05-19,7.940000057220459,8.229999542236328,7.869999885559082,8.0,86137861.0
2026-05-20,8.0,8.039999961853027,7.809999942779541,7.849999904632568,33258668.0
2026-05-21,7.920000076293945,7.929999828338623,7.800000190734863,7.829999923706055,25053827.0
2026-05-22,7.849999904632568,7.960000038146973,7.829999923706055,7.920000076293945,25832397.0
2026-05-26,7.820000171661377,7.920000076293945,7.739999771118164,7.920000076293945,33121709.0
2026-05-27,7.900000095367432,7.920000076293945,7.679999828338623,7.75,19211802.0
2026-05-28,7.679999828338623,7.710000038146973,7.570000171661377,7.619999885559082,23748803.0
2026-05-29,7.639999866485596,7.679999828338623,7.579999923706055,7.630000114440918,17747127.0
2026-06-01,7.630000114440918,7.820000171661377,7.610000133514404,7.75,18511329.0
2026-06-02,7.75,7.869999885559082,7.739999771118164,7.829999923706055,14481530.0
2026-06-03,7.699999809265137,7.699999809265137,7.579999923706055,7.619999885559082,15615183.0
2026-06-04,7.630000114440918,7.630000114440918,7.420000076293945,7.460000038146973,18098129.0
2026-06-05,7.409999847412109,7.489999771118164,7.349999904632568,7.369999885559082,26881747.0
2026-06-08,7.349999904632568,7.360000133514404,7.25,7.300000190734863,16505688.0
2026-06-09,7.300000190734863,7.300000190734863,7.210000038146973,7.25,18099681.0
2026-06-10,7.289999961853027,7.739999771118164,7.269999980926514,7.510000228881836,49299838.0
2026-06-11,7.489999771118164,7.510000228881836,7.320000171661377,7.360000133514404,27680242.0
2026-06-12,7.380000114440918,7.400000095367432,7.150000095367432,7.199999809265137,44375422.0
2026-06-15,7.25,7.309999942779541,7.170000076293945,7.300000190734863,31808983.0
2026-06-16,7.309999942779541,7.320000171661377,7.130000114440918,7.21999979019165,29129786.0
2026-06-17,7.199999809265137,7.199999809265137,7.010000228881836,7.070000171661377,40900703.0
2026-06-18,7.070000171661377,7.070000171661377,6.809999942779541,6.920000076293945,72557802.0
2026-06-22,6.900000095367432,6.900000095367432,6.71999979019165,6.769999980926514,44999791.0
2026-06-23,6.800000190734863,6.829999923706055,6.610000133514404,6.699999809265137,35580878.0
2026-06-24,6.699999809265137,6.730000019073486,6.550000190734863,6.570000171661377,38316416.0
2026-06-25,6.570000171661377,6.570000171661377,6.389999866485596,6.460000038146973,45015752.0
2026-06-26,6.489999771118164,6.489999771118164,6.260000228881836,6.340000152587891,44312917.0
2026-06-29,6.360000133514404,6.440000057220459,6.329999923706055,6.349999904632568,33543215.0
2026-06-30,6.360000133514404,6.360000133514404,6.070000171661377,6.110000133514404,60722622.0
2026-07-02,6.110000133514404,6.190000057220459,6.03000020980835,6.099999904632568,48178664.0
2026-07-03,6.130000114440918,6.269999980926514,6.090000152587891,6.179999828338623,30926199.0
2026-07-06,6.150000095367432,6.260000228881836,6.130000114440918,6.239999771118164,14838160.0
2026-07-07,6.239999771118164,6.269999980926514,6.130000114440918,6.179999828338623,18208877.0
2026-07-08,6.179999828338623,6.53000020980835,6.179999828338623,6.360000133514404,48139650.0
2026-07-09,6.380000114440918,6.449999809265137,6.320000171661377,6.349999904632568,20508000.0
2026-07-10,6.369999885559082,6.460000038146973,6.320000171661377,6.400000095367432,15316337.0
2026-07-13,6.400000095367432,6.489999771118164,6.389999866485596,6.480000019073486,14058015.0
2026-07-14,6.480000019073486,6.489999771118164,6.320000171661377,6.409999847412109,19450411.0
2026-07-15,6.409999847412109,6.440000057220459,6.389999866485596,6.409999847412109,14785674.0
2026-07-16,6.440000057220459,6.53000020980835,6.440000057220459,6.5,15311571.0
2026-07-17,6.519999980926514,6.559999942779541,6.360000133514404,6.380000114440918,16561882.0
2026-07-20,6.409999847412109,6.570000171661377,6.409999847412109,6.539999961853027,20999367.0
2026-07-21,6.539999961853027,6.599999904632568,6.489999771118164,6.590000152587891,11037245.0
2026-07-22,6.590000152587891,6.590000152587891,6.5,6.539999961853027,13244456.0
2026-07-23,6.579999923706055,6.650000095367432,6.539999961853027,6.630000114440918,17055938.0
2026-07-24,6.599999904632568,6.619999885559082,6.53000020980835,6.599999904632568,8847296.0
2026-07-27,6.610000133514404,6.679999828338623,6.610000133514404,6.679999828338623,10258713.0
2026-07-28,6.690000057220459,6.789999961853027,6.650000095367432,6.789999961853027,32648382.0
2026-07-29,6.800000190734863,6.920000076293945,6.78000020980835,6.809999942779541,38550437.0
2026-07-30,6.809999942779541,6.869999885559082,6.760000228881836,6.78000020980835,33294159.0
2026-07-31,6.789999961853027,6.809999942779541,6.659999847412109,6.71999979019165,40638136.0
2026-08-03,6.71999979019165,6.829999923706055,6.670000076293945,6.704999923706055,29133402.0
2026-08-04,6.755000114440918,6.764999866485596,6.579999923706055,6.639999866485596,23762374.0
2026-08-05,6.639999866485596,6.675000190734863,6.559999942779541,6.590000152587891,32488116.0
2026-08-06,6.550000190734863,6.614999771118164,6.454999923706055,6.485000133514404,36159362.0
2026-08-07,6.485000133514404,6.5,6.375,6.394999980926514,27190864.0
2026-08-10,6.429999828338623,6.465000152587891,6.369999885559082,6.369999885559082,27882768.0
2026-08-11,6.40500020980835,6.425000190734863,6.340000152587891,6.340000152587891,27037841.0
2026-08-12,6.360000133514404,6.360000133514404,6.284999847412109,6.324999809265137,21347053.0
2026-08-13,6.349999904632568,6.355000019073486,6.255000114440918,6.264999866485596,27213006.0
2026-08-14,6.269999980926514,6.380000114440918,6.25,6.335000038146973,35877715.0
2026-08-17,6.380000114440918,6.53000020980835,6.320000171661377,6.329999923706055,33107984.0
2026-08-18,6.329999923706055,6.329999923706055,6.260000228881836,6.269999980926514,28303240.0
2026-08-19,5.784999847412109,5.840000152587891,5.420000076293945,5.494999885559082,316075482.0
2026-08-20,5.539999961853027,5.739999771118164,5.505000114440918,5.695000171661377,105771546.0
2026-08-21,5.699999809265137,5.809999942779541,5.699999809265137,5.809999942779541,63466168.0
2026-08-24,5.809999942779541,5.84499979019165,5.724999904632568,5.804999828338623,43518666.0
2026-08-25,5.820000171661377,5.824999809265137,5.710000038146973,5.78000020980835,35747342.0
2026-08-26,5.795000076293945,5.815000057220459,5.730000019073486,5.78000020980835,44690850.0
2026-08-27,5.78000020980835,5.795000076293945,5.639999866485596,5.664999961853027,27684111.0
2026-08-28,5.650000095367432,5.650000095367432,5.579999923706055,5.630000114440918,24339442.0
