date,open,high,low,close,volume
2016-08-29,6.909999847412109,6.929999828338623,6.809999942779541,6.889999866485596,9506029.0
2016-08-30,6.889999866485596,7.0,6.889999866485596,6.980000019073486,11918715.0
2016-08-31,6.960000038146973,6.989999771118164,6.849999904632568,6.940000057220459,13380266.0
2016-09-01,6.940000057220459,6.940000057220459,6.809999942779541,6.900000095367432,16933201.0
2016-09-02,6.869999885559082,7.03000020980835,6.869999885559082,7.03000020980835,28048295.0
2016-09-05,7.079999923706055,7.190000057220459,7.059999942779541,7.099999904632568,16527921.0
2016-09-06,7.159999847412109,7.199999809265137,7.099999904632568,7.199999809265137,13341955.0
2016-09-07,7.21999979019165,7.21999979019165,7.050000190734863,7.150000095367432,12574150.0
2016-09-08,7.190000057220459,7.190000057220459,7.119999885559082,7.179999828338623,7151174.0
2016-09-09,7.199999809265137,7.380000114440918,7.179999828338623,7.260000228881836,32903100.0
2016-09-12,7.139999866485596,7.139999866485596,7.0,7.03000020980835,24946198.0
2016-09-13,7.070000171661377,7.21999979019165,6.929999828338623,6.929999828338623,14763700.0
2016-09-14,6.920000076293945,6.989999771118164,6.880000114440918,6.940000057220459,20758650.0
2016-09-15,6.949999809265137,7.050000190734863,6.949999809265137,7.0,15595750.0
2016-09-19,7.070000171661377,7.099999904632568,6.980000019073486,7.0,17388376.0
2016-09-20,7.050000190734863,7.050000190734863,6.960000038146973,6.989999771118164,10577029.0
2016-09-21,6.96999979019165,7.079999923706055,6.96999979019165,7.019999980926514,10058965.0
2016-09-22,7.300000190734863,7.53000020980835,7.25,7.389999866485596,84401745.0
2016-09-23,7.420000076293945,7.449999809265137,7.269999980926514,7.340000152587891,21439950.0
2016-09-26,7.300000190734863,7.300000190734863,7.090000152587891,7.159999847412109,19787800.0
2016-09-27,7.170000076293945,7.199999809265137,7.079999923706055,7.139999866485596,11845966.0
2016-09-28,7.130000114440918,7.159999847412109,7.050000190734863,7.090000152587891,13080264.0
2016-09-29,7.159999847412109,7.159999847412109,7.090000152587891,7.130000114440918,6524084.0
2016-09-30,7.059999942779541,7.139999866485596,7.0,7.0,17422126.0
2016-10-03,7.090000152587891,7.110000133514404,7.03000020980835,7.039999961853027,9252900.0
2016-10-04,7.090000152587891,7.090000152587891,7.03000020980835,7.070000171661377,9933779.0
2016-10-05,7.059999942779541,7.119999885559082,7.0,7.070000171661377,10587671.0
2016-10-06,7.110000133514404,7.210000038146973,7.010000228881836,7.179999828338623,18650838.0
2016-10-07,7.190000057220459,7.190000057220459,7.079999923706055,7.110000133514404,9662300.0
2016-10-11,7.159999847412109,7.170000076293945,7.019999980926514,7.079999923706055,13094000.0
2016-10-12,7.050000190734863,7.070000171661377,6.980000019073486,7.03000020980835,15913186.0
2016-10-13,7.050000190734863,7.059999942779541,6.929999828338623,7.0,18739079.0
2016-10-14,7.03000020980835,7.050000190734863,6.949999809265137,7.010000228881836,23453600.0
2016-10-17,6.96999979019165,7.079999923706055,6.96999979019165,7.03000020980835,12223950.0
2016-10-18,7.03000020980835,7.199999809265137,7.03000020980835,7.159999847412109,28283300.0
2016-10-19,7.150000095367432,7.199999809265137,7.090000152587891,7.199999809265137,26554183.0
2016-10-20,7.179999828338623,7.230000019073486,7.110000133514404,7.110000133514404,11474118.0
2016-10-21,7.110000133514404,7.110000133514404,7.110000133514404,7.110000133514404,0.0
2016-10-24,7.159999847412109,7.289999961853027,7.119999885559082,7.25,26145600.0
2016-10-25,7.179999828338623,7.28000020980835,7.179999828338623,7.260000228881836,15588441.0
2016-10-26,7.25,7.300000190734863,7.110000133514404,7.139999866485596,10690700.0
2016-10-27,7.190000057220459,7.199999809265137,7.099999904632568,7.150000095367432,13349487.0
2016-10-28,7.150000095367432,7.230000019073486,7.059999942779541,7.110000133514404,14473284.0
2016-10-31,7.059999942779541,7.099999904632568,6.960000038146973,7.039999961853027,18269938.0
2016-11-01,7.0,7.090000152587891,6.989999771118164,7.059999942779541,18224950.0
2016-11-02,7.010000228881836,7.010000228881836,6.849999904632568,6.889999866485596,27865875.0
2016-11-03,6.840000152587891,6.96999979019165,6.800000190734863,6.800000190734863,34573627.0
2016-11-04,6.800000190734863,6.889999866485596,6.789999961853027,6.860000133514404,16459298.0
2016-11-07,6.860000133514404,6.96999979019165,6.829999923706055,6.949999809265137,13934207.0
2016-11-08,6.909999847412109,7.03000020980835,6.909999847412109,6.989999771118164,15223440.0
2016-11-09,7.019999980926514,7.03000020980835,6.659999847412109,6.860000133514404,54397279.0
2016-11-10,6.960000038146973,7.079999923706055,6.940000057220459,7.039999961853027,46261738.0
2016-11-11,7.099999904632568,7.150000095367432,6.920000076293945,7.070000171661377,50618725.0
2016-11-14,7.050000190734863,7.099999904632568,6.949999809265137,7.010000228881836,24364757.0
2016-11-15,7.059999942779541,7.130000114440918,7.0,7.050000190734863,17410250.0
2016-11-16,7.050000190734863,7.099999904632568,6.949999809265137,6.949999809265137,20980400.0
2016-11-17,6.889999866485596,6.96999979019165,6.860000133514404,6.900000095367432,23895247.0
2016-11-18,6.889999866485596,7.079999923706055,6.860000133514404,6.96999979019165,21555467.0
2016-11-21,6.940000057220459,7.130000114440918,6.929999828338623,7.059999942779541,24969725.0
2016-11-22,7.110000133514404,7.159999847412109,7.059999942779541,7.119999885559082,28761640.0
2016-11-23,7.070000171661377,7.199999809265137,7.050000190734863,7.059999942779541,17083747.0
2016-11-24,7.070000171661377,7.070000171661377,7.0,7.050000190734863,16039150.0
2016-11-25,7.03000020980835,7.099999904632568,7.010000228881836,7.050000190734863,13993921.0
2016-11-28,7.070000171661377,7.440000057220459,7.070000171661377,7.389999866485596,85592205.0
2016-11-29,7.309999942779541,7.840000152587891,7.309999942779541,7.789999961853027,142297969.0
2016-11-30,7.78000020980835,7.929999828338623,7.619999885559082,7.659999847412109,80908856.0
2016-12-01,7.730000019073486,7.800000190734863,7.639999866485596,7.670000076293945,32150505.0
2016-12-02,7.650000095367432,7.650000095367432,7.539999961853027,7.559999942779541,30991587.0
2016-12-05,7.619999885559082,7.630000114440918,7.360000133514404,7.489999771118164,34880853.0
2016-12-06,7.53000020980835,7.590000152587891,7.429999828338623,7.46999979019165,20538533.0
2016-12-07,7.449999809265137,7.619999885559082,7.449999809265137,7.599999904632568,21441326.0
2016-12-08,7.679999828338623,7.730000019073486,7.539999961853027,7.550000190734863,28082155.0
2016-12-09,7.579999923706055,7.599999904632568,7.440000057220459,7.480000019073486,23483338.0
2016-12-12,7.559999942779541,7.559999942779541,7.179999828338623,7.309999942779541,27744800.0
2016-12-13,7.300000190734863,7.320000171661377,7.179999828338623,7.300000190734863,13644803.0
2016-12-14,7.349999904632568,7.400000095367432,7.159999847412109,7.199999809265137,15707780.0
2016-12-15,7.179999828338623,7.179999828338623,7.059999942779541,7.150000095367432,26254750.0
2016-12-16,7.099999904632568,7.230000019073486,7.099999904632568,7.139999866485596,13965091.0
2016-12-19,7.139999866485596,7.170000076293945,7.059999942779541,7.090000152587891,11005838.0
2016-12-20,7.059999942779541,7.110000133514404,6.949999809265137,7.0,13758368.0
2016-12-21,7.010000228881836,7.070000171661377,6.949999809265137,7.019999980926514,12410194.0
2016-12-22,7.059999942779541,7.059999942779541,6.929999828338623,6.940000057220459,11674678.0
2016-12-23,6.929999828338623,6.940000057220459,6.880000114440918,6.889999866485596,12366341.0
2016-12-28,6.889999866485596,6.940000057220459,6.869999885559082,6.869999885559082,19347089.0
2016-12-29,6.889999866485596,6.980000019073486,6.889999866485596,6.980000019073486,21168872.0
2016-12-30,6.980000019073486,7.050000190734863,6.960000038146973,6.960000038146973,18054012.0
2017-01-03,6.96999979019165,7.050000190734863,6.920000076293945,6.980000019073486,12128300.0
2017-01-04,7.050000190734863,7.130000114440918,7.010000228881836,7.110000133514404,16744658.0
2017-01-05,7.170000076293945,7.190000057220459,7.090000152587891,7.179999828338623,15259427.0
2017-01-06,7.159999847412109,7.210000038146973,7.079999923706055,7.150000095367432,12082208.0
2017-01-09,7.099999904632568,7.230000019073486,7.099999904632568,7.170000076293945,14307700.0
2017-01-10,7.179999828338623,7.300000190734863,7.119999885559082,7.269999980926514,19711058.0
2017-01-11,7.239999771118164,7.320000171661377,7.199999809265137,7.260000228881836,22784809.0
2017-01-12,7.260000228881836,7.349999904632568,7.179999828338623,7.260000228881836,13130028.0
2017-01-13,7.25,7.260000228881836,7.179999828338623,7.25,10549672.0
2017-01-16,7.199999809265137,7.230000019073486,7.099999904632568,7.21999979019165,16534350.0
2017-01-17,7.25,7.260000228881836,7.159999847412109,7.21999979019165,7934699.0
2017-01-18,7.21999979019165,7.369999885559082,7.210000038146973,7.309999942779541,17774450.0
2017-01-19,7.309999942779541,7.360000133514404,7.25,7.320000171661377,13191328.0
2017-01-20,7.300000190734863,7.579999923706055,7.230000019073486,7.5,52178967.0
2017-01-23,7.539999961853027,7.630000114440918,7.46999979019165,7.610000133514404,37183638.0
2017-01-24,7.599999904632568,7.630000114440918,7.539999961853027,7.590000152587891,25009451.0
2017-01-25,7.619999885559082,7.619999885559082,7.420000076293945,7.5,13660250.0
2017-01-26,7.539999961853027,7.619999885559082,7.5,7.579999923706055,16151588.0
2017-01-27,7.619999885559082,7.659999847412109,7.590000152587891,7.590000152587891,14016750.0
2017-02-01,7.519999980926514,7.550000190734863,7.409999847412109,7.5,14744050.0
2017-02-02,7.440000057220459,7.5,7.409999847412109,7.429999828338623,8573762.0
2017-02-03,7.429999828338623,7.539999961853027,7.429999828338623,7.460000038146973,11134995.0
2017-02-06,7.460000038146973,7.46999979019165,7.300000190734863,7.309999942779541,19740319.0
2017-02-07,7.289999961853027,7.320000171661377,7.199999809265137,7.25,21722750.0
2017-02-08,7.21999979019165,7.369999885559082,7.179999828338623,7.349999904632568,21834150.0
2017-02-09,7.349999904632568,7.53000020980835,7.349999904632568,7.420000076293945,21373150.0
2017-02-10,7.449999809265137,7.670000076293945,7.449999809265137,7.510000228881836,40225500.0
2017-02-13,7.599999904632568,7.619999885559082,7.519999980926514,7.570000171661377,33933849.0
2017-02-14,7.599999904632568,7.599999904632568,7.46999979019165,7.480000019073486,22502126.0
2017-02-15,7.510000228881836,7.760000228881836,7.5,7.599999904632568,51616312.0
2017-02-16,7.579999923706055,7.670000076293945,7.559999942779541,7.610000133514404,36096798.0
2017-02-17,7.579999923706055,7.610000133514404,7.369999885559082,7.429999828338623,28324141.0
2017-02-20,7.429999828338623,7.539999961853027,7.409999847412109,7.460000038146973,13136250.0
2017-02-21,7.5,7.590000152587891,7.46999979019165,7.489999771118164,15400232.0
2017-02-22,7.489999771118164,7.570000171661377,7.480000019073486,7.510000228881836,13227850.0
2017-02-23,7.489999771118164,7.670000076293945,7.489999771118164,7.579999923706055,34100121.0
2017-02-24,7.630000114440918,7.639999866485596,7.489999771118164,7.519999980926514,13929687.0
2017-02-27,7.480000019073486,7.579999923706055,7.429999828338623,7.46999979019165,12388827.0
2017-02-28,7.489999771118164,7.539999961853027,7.429999828338623,7.449999809265137,13527050.0
2017-03-01,7.480000019073486,7.71999979019165,7.46999979019165,7.679999828338623,36033446.0
2017-03-02,7.800000190734863,7.849999904632568,7.570000171661377,7.590000152587891,36013881.0
2017-03-03,7.579999923706055,7.630000114440918,7.519999980926514,7.550000190734863,14898505.0
2017-03-06,7.599999904632568,7.599999904632568,7.429999828338623,7.5,25558554.0
2017-03-07,7.519999980926514,7.550000190734863,7.480000019073486,7.539999961853027,8570419.0
2017-03-08,7.539999961853027,7.619999885559082,7.5,7.570000171661377,16332040.0
2017-03-09,7.550000190734863,7.550000190734863,7.360000133514404,7.440000057220459,25769852.0
2017-03-10,7.400000095367432,7.480000019073486,7.380000114440918,7.440000057220459,16998655.0
2017-03-13,7.440000057220459,7.489999771118164,7.329999923706055,7.440000057220459,18886422.0
2017-03-14,7.449999809265137,7.519999980926514,7.440000057220459,7.489999771118164,13004360.0
2017-03-15,7.489999771118164,7.619999885559082,7.409999847412109,7.480000019073486,42890291.0
2017-03-16,7.619999885559082,7.739999771118164,7.559999942779541,7.690000057220459,41027619.0
2017-03-17,7.739999771118164,7.78000020980835,7.650000095367432,7.739999771118164,29583207.0
2017-03-20,7.75,7.800000190734863,7.679999828338623,7.789999961853027,14679550.0
2017-03-21,7.769999980926514,7.989999771118164,7.739999771118164,7.909999847412109,41028655.0
2017-03-22,7.809999942779541,7.869999885559082,7.699999809265137,7.78000020980835,30750528.0
2017-03-23,7.789999961853027,7.889999866485596,7.730000019073486,7.829999923706055,15779440.0
2017-03-24,7.829999923706055,7.929999828338623,7.75,7.909999847412109,16746477.0
2017-03-27,7.889999866485596,7.949999809265137,7.619999885559082,7.650000095367432,28464204.0
2017-03-28,7.699999809265137,7.75,7.650000095367432,7.690000057220459,19737170.0
2017-03-29,7.75,7.789999961853027,7.679999828338623,7.710000038146973,13838997.0
2017-03-30,7.710000038146973,7.710000038146973,7.46999979019165,7.559999942779541,21789530.0
2017-03-31,7.539999961853027,7.619999885559082,7.5,7.550000190734863,14130550.0
2017-04-03,7.590000152587891,7.690000057220459,7.539999961853027,7.679999828338623,16533160.0
2017-04-05,7.659999847412109,7.829999923706055,7.639999866485596,7.789999961853027,30378212.0
2017-04-06,7.789999961853027,7.920000076293945,7.690000057220459,7.769999980926514,26011981.0
2017-04-07,7.829999923706055,7.829999923706055,7.659999847412109,7.710000038146973,20069050.0
2017-04-10,7.800000190734863,7.800000190734863,7.659999847412109,7.71999979019165,19261967.0
2017-04-11,7.71999979019165,7.71999979019165,7.559999942779541,7.659999847412109,16714219.0
2017-04-12,7.639999866485596,7.670000076293945,7.579999923706055,7.670000076293945,8478378.0
2017-04-13,7.679999828338623,7.71999979019165,7.579999923706055,7.679999828338623,12336277.0
2017-04-18,7.690000057220459,7.699999809265137,7.5,7.519999980926514,16235227.0
2017-04-19,7.5,7.519999980926514,7.429999828338623,7.489999771118164,11992000.0
2017-04-20,7.5,7.630000114440918,7.460000038146973,7.579999923706055,20195926.0
2017-04-21,7.590000152587891,7.650000095367432,7.53000020980835,7.539999961853027,5889947.0
2017-04-24,7.539999961853027,7.610000133514404,7.429999828338623,7.539999961853027,16118121.0
2017-04-25,7.590000152587891,7.679999828338623,7.559999942779541,7.619999885559082,15621228.0
2017-04-26,7.610000133514404,7.639999866485596,7.53000020980835,7.550000190734863,10554550.0
2017-04-27,7.550000190734863,7.570000171661377,7.440000057220459,7.519999980926514,18176800.0
2017-04-28,7.489999771118164,7.619999885559082,7.409999847412109,7.590000152587891,36346423.0
2017-05-02,7.519999980926514,7.579999923706055,7.489999771118164,7.559999942779541,22327810.0
2017-05-04,7.559999942779541,7.559999942779541,7.380000114440918,7.46999979019165,30722082.0
2017-05-05,7.429999828338623,7.53000020980835,7.320000171661377,7.340000152587891,18179661.0
2017-05-08,7.289999961853027,7.320000171661377,7.199999809265137,7.25,24368950.0
2017-05-09,7.28000020980835,7.369999885559082,7.210000038146973,7.340000152587891,11250310.0
2017-05-10,7.380000114440918,7.440000057220459,7.25,7.289999961853027,27030192.0
2017-05-11,7.300000190734863,7.420000076293945,7.289999961853027,7.360000133514404,12043394.0
2017-05-12,7.340000152587891,7.400000095367432,7.28000020980835,7.389999866485596,11801160.0
2017-05-15,7.429999828338623,7.510000228881836,7.409999847412109,7.449999809265137,19734396.0
2017-05-16,7.460000038146973,7.46999979019165,7.28000020980835,7.380000114440918,24065520.0
2017-05-17,7.360000133514404,7.400000095367432,7.320000171661377,7.369999885559082,13136850.0
2017-05-18,7.329999923706055,7.389999866485596,7.260000228881836,7.329999923706055,14981404.0
2017-05-19,7.309999942779541,7.349999904632568,7.21999979019165,7.269999980926514,11894282.0
2017-05-22,7.329999923706055,7.340000152587891,7.260000228881836,7.28000020980835,7880450.0
2017-05-23,7.25,7.269999980926514,7.119999885559082,7.179999828338623,32259330.0
2017-05-24,7.199999809265137,7.199999809265137,7.119999885559082,7.190000057220459,9947048.0
2017-05-25,7.230000019073486,7.28000020980835,7.179999828338623,7.260000228881836,10894713.0
2017-05-26,7.28000020980835,7.329999923706055,7.230000019073486,7.28000020980835,7051076.0
2017-05-29,7.28000020980835,7.329999923706055,7.28000020980835,7.320000171661377,10361864.0
2017-05-31,7.329999923706055,7.389999866485596,7.25,7.300000190734863,22089883.0
2017-06-01,7.300000190734863,7.360000133514404,7.230000019073486,7.28000020980835,14198180.0
2017-06-02,7.289999961853027,7.329999923706055,7.25,7.300000190734863,6127396.0
2017-06-05,7.289999961853027,7.320000171661377,7.260000228881836,7.28000020980835,6696965.0
2017-06-06,7.260000228881836,7.349999904632568,7.260000228881836,7.300000190734863,10415938.0
2017-06-07,7.289999961853027,7.360000133514404,7.289999961853027,7.329999923706055,8551000.0
2017-06-08,7.369999885559082,7.369999885559082,7.239999771118164,7.329999923706055,10694552.0
2017-06-09,7.349999904632568,7.409999847412109,7.25,7.269999980926514,18428486.0
2017-06-12,7.260000228881836,7.260000228881836,7.130000114440918,7.190000057220459,19411280.0
2017-06-13,7.21999979019165,7.269999980926514,7.150000095367432,7.21999979019165,12411954.0
2017-06-14,7.21999979019165,7.260000228881836,7.179999828338623,7.260000228881836,8132791.0
2017-06-15,7.239999771118164,7.239999771118164,7.139999866485596,7.159999847412109,20239050.0
2017-06-16,7.130000114440918,7.179999828338623,7.130000114440918,7.170000076293945,8430072.0
2017-06-19,7.150000095367432,7.21999979019165,7.150000095367432,7.170000076293945,8081750.0
2017-06-20,7.170000076293945,7.210000038146973,7.150000095367432,7.170000076293945,7911800.0
2017-06-21,7.159999847412109,7.190000057220459,7.119999885559082,7.170000076293945,17008292.0
2017-06-22,7.0,7.119999885559082,6.920000076293945,7.0,20482087.0
2017-06-23,7.050000190734863,7.059999942779541,6.96999979019165,7.0,11473694.0
2017-06-26,7.019999980926514,7.139999866485596,7.019999980926514,7.110000133514404,14853055.0
2017-06-27,7.110000133514404,7.150000095367432,7.050000190734863,7.090000152587891,8088020.0
2017-06-28,7.03000020980835,7.059999942779541,7.0,7.039999961853027,9942750.0
2017-06-29,7.079999923706055,7.099999904632568,7.019999980926514,7.050000190734863,12253050.0
2017-06-30,7.0,7.019999980926514,6.949999809265137,7.019999980926514,16636950.0
2017-07-03,7.019999980926514,7.059999942779541,6.96999979019165,7.019999980926514,13048300.0
2017-07-04,7.059999942779541,7.079999923706055,6.929999828338623,6.980000019073486,11600026.0
2017-07-05,7.0,7.019999980926514,6.929999828338623,6.989999771118164,9156981.0
2017-07-06,6.980000019073486,7.0,6.949999809265137,6.989999771118164,11250931.0
2017-07-07,6.989999771118164,6.989999771118164,6.900000095367432,6.920000076293945,14973977.0
2017-07-10,6.96999979019165,6.96999979019165,6.849999904632568,6.869999885559082,16346516.0
2017-07-11,6.869999885559082,6.940000057220459,6.869999885559082,6.900000095367432,14553289.0
2017-07-12,6.909999847412109,6.949999809265137,6.900000095367432,6.909999847412109,11633033.0
2017-07-13,6.96999979019165,7.110000133514404,6.960000038146973,7.070000171661377,27466858.0
2017-07-14,7.070000171661377,7.170000076293945,7.059999942779541,7.119999885559082,18149280.0
2017-07-17,7.150000095367432,7.190000057220459,7.03000020980835,7.090000152587891,13454343.0
2017-07-18,7.090000152587891,7.090000152587891,7.019999980926514,7.070000171661377,9093201.0
2017-07-19,7.070000171661377,7.139999866485596,7.070000171661377,7.099999904632568,14827596.0
2017-07-20,7.090000152587891,7.159999847412109,7.039999961853027,7.059999942779541,14135850.0
2017-07-21,7.059999942779541,7.099999904632568,6.980000019073486,7.019999980926514,22190664.0
2017-07-24,6.989999771118164,6.989999771118164,6.889999866485596,6.96999979019165,21599400.0
2017-07-25,6.96999979019165,6.96999979019165,6.900000095367432,6.929999828338623,13184737.0
2017-07-26,6.929999828338623,7.0,6.900000095367432,6.920000076293945,17910450.0
2017-07-27,6.920000076293945,6.96999979019165,6.880000114440918,6.960000038146973,29559453.0
2017-07-28,6.909999847412109,6.929999828338623,6.869999885559082,6.909999847412109,20900078.0
2017-07-31,6.949999809265137,7.03000020980835,6.840000152587891,6.980000019073486,30682248.0
2017-08-01,6.96999979019165,7.070000171661377,6.96999979019165,7.050000190734863,23311422.0
2017-08-02,7.050000190734863,7.079999923706055,6.989999771118164,7.050000190734863,13141094.0
2017-08-03,7.0,7.059999942779541,6.980000019073486,7.050000190734863,16089385.0
2017-08-04,7.050000190734863,7.119999885559082,7.019999980926514,7.099999904632568,17157760.0
2017-08-07,7.099999904632568,7.119999885559082,7.070000171661377,7.099999904632568,19838456.0
2017-08-08,7.110000133514404,7.119999885559082,7.070000171661377,7.099999904632568,17668617.0
2017-08-09,7.050000190734863,7.059999942779541,7.0,7.03000020980835,15239800.0
2017-08-10,7.010000228881836,7.039999961853027,6.909999847412109,6.96999979019165,15837589.0
2017-08-11,6.860000133514404,6.949999809265137,6.860000133514404,6.909999847412109,25714904.0
2017-08-14,6.889999866485596,6.909999847412109,6.860000133514404,6.869999885559082,16096324.0
2017-08-15,6.96999979019165,6.980000019073486,6.900000095367432,6.949999809265137,28181150.0
2017-08-16,6.949999809265137,7.010000228881836,6.920000076293945,7.0,19954482.0
2017-08-17,7.03000020980835,7.050000190734863,6.949999809265137,6.989999771118164,11104150.0
2017-08-18,6.900000095367432,6.960000038146973,6.900000095367432,6.909999847412109,16472600.0
2017-08-21,6.909999847412109,6.929999828338623,6.880000114440918,6.889999866485596,11526050.0
2017-08-22,6.929999828338623,6.949999809265137,6.869999885559082,6.869999885559082,20592900.0
2017-08-23,6.869999885559082,6.869999885559082,6.869999885559082,6.869999885559082,0.0
2017-08-24,6.860000133514404,6.929999828338623,6.840000152587891,6.849999904632568,16196856.0
2017-08-25,6.840000152587891,6.900000095367432,6.829999923706055,6.849999904632568,12623650.0
2017-08-28,6.840000152587891,7.150000095367432,6.829999923706055,7.130000114440918,67536252.0
2017-08-29,7.130000114440918,7.150000095367432,7.03000020980835,7.079999923706055,22357114.0
2017-08-30,7.099999904632568,7.099999904632568,6.989999771118164,7.039999961853027,20414149.0
2017-08-31,7.019999980926514,7.090000152587891,7.0,7.059999942779541,15618948.0
2017-09-01,7.059999942779541,7.059999942779541,7.0,7.039999961853027,18276406.0
2017-09-04,7.03000020980835,7.050000190734863,6.960000038146973,7.010000228881836,15894945.0
2017-09-05,7.0,7.019999980926514,6.960000038146973,6.980000019073486,9833251.0
2017-09-06,6.980000019073486,7.079999923706055,6.940000057220459,7.059999942779541,23856556.0
2017-09-07,7.130000114440918,7.130000114440918,7.050000190734863,7.099999904632568,25010250.0
2017-09-08,7.099999904632568,7.130000114440918,7.010000228881836,7.03000020980835,10201309.0
2017-09-11,7.079999923706055,7.099999904632568,7.0,7.03000020980835,11877901.0
2017-09-12,7.03000020980835,7.03000020980835,6.980000019073486,7.0,12243180.0
2017-09-13,7.0,7.010000228881836,6.949999809265137,6.980000019073486,10884992.0
2017-09-14,6.960000038146973,7.079999923706055,6.949999809265137,7.0,15158850.0
2017-09-15,7.03000020980835,7.03000020980835,6.900000095367432,6.949999809265137,20723696.0
2017-09-18,6.989999771118164,6.989999771118164,6.920000076293945,6.929999828338623,20152210.0
2017-09-19,6.909999847412109,6.949999809265137,6.889999866485596,6.920000076293945,17618490.0
2017-09-20,6.880000114440918,6.940000057220459,6.869999885559082,6.909999847412109,20709853.0
2017-09-21,6.909999847412109,6.940000057220459,6.880000114440918,6.929999828338623,21927193.0
2017-09-22,6.929999828338623,6.96999979019165,6.880000114440918,6.960000038146973,20839000.0
2017-09-25,6.949999809265137,6.949999809265137,6.829999923706055,6.849999904632568,19732100.0
2017-09-26,6.820000171661377,6.920000076293945,6.809999942779541,6.869999885559082,10557438.0
2017-09-27,6.869999885559082,6.929999828338623,6.840000152587891,6.909999847412109,17308564.0
2017-09-28,6.929999828338623,6.929999828338623,6.869999885559082,6.909999847412109,12120165.0
2017-09-29,6.929999828338623,6.940000057220459,6.840000152587891,6.940000057220459,10984438.0
2017-10-03,6.920000076293945,6.980000019073486,6.880000114440918,6.960000038146973,14301215.0
2017-10-04,7.019999980926514,7.260000228881836,6.989999771118164,7.199999809265137,62638397.0
2017-10-06,7.269999980926514,7.300000190734863,7.199999809265137,7.210000038146973,30765915.0
2017-10-09,7.210000038146973,7.21999979019165,7.099999904632568,7.170000076293945,19199608.0
2017-10-10,7.170000076293945,7.320000171661377,7.170000076293945,7.289999961853027,34511264.0
2017-10-11,7.340000152587891,7.429999828338623,7.289999961853027,7.300000190734863,43670281.0
2017-10-12,7.309999942779541,7.340000152587891,7.230000019073486,7.300000190734863,20051919.0
2017-10-13,7.300000190734863,7.599999904632568,7.289999961853027,7.550000190734863,59597379.0
2017-10-16,7.599999904632568,7.639999866485596,7.510000228881836,7.53000020980835,29873117.0
2017-10-17,7.519999980926514,7.53000020980835,7.400000095367432,7.429999828338623,17828890.0
2017-10-18,7.480000019073486,7.570000171661377,7.449999809265137,7.489999771118164,28310572.0
2017-10-19,7.550000190734863,7.559999942779541,7.289999961853027,7.289999961853027,22682524.0
2017-10-20,7.380000114440918,7.440000057220459,7.300000190734863,7.420000076293945,18572037.0
2017-10-23,7.380000114440918,7.389999866485596,7.21999979019165,7.25,27429498.0
2017-10-24,7.25,7.260000228881836,7.159999847412109,7.179999828338623,25608020.0
2017-10-25,7.179999828338623,7.329999923706055,7.159999847412109,7.320000171661377,31845399.0
2017-10-26,7.300000190734863,7.730000019073486,7.260000228881836,7.650000095367432,98034033.0
2017-10-27,7.690000057220459,7.699999809265137,7.489999771118164,7.559999942779541,37310157.0
2017-10-30,7.699999809265137,7.929999828338623,7.690000057220459,7.789999961853027,127786174.0
2017-10-31,7.869999885559082,7.920000076293945,7.659999847412109,7.690000057220459,122733715.0
2017-11-01,7.760000228881836,7.78000020980835,7.550000190734863,7.590000152587891,30472750.0
2017-11-02,7.579999923706055,7.679999828338623,7.53000020980835,7.570000171661377,20066824.0
2017-11-03,7.550000190734863,7.639999866485596,7.550000190734863,7.579999923706055,13379682.0
2017-11-06,7.539999961853027,7.539999961853027,7.389999866485596,7.480000019073486,24606298.0
2017-11-07,7.5,7.579999923706055,7.480000019073486,7.510000228881836,26812501.0
2017-11-08,7.510000228881836,7.599999904632568,7.46999979019165,7.510000228881836,17209662.0
2017-11-09,7.5,7.539999961853027,7.429999828338623,7.510000228881836,19129236.0
2017-11-10,7.429999828338623,7.53000020980835,7.349999904632568,7.349999904632568,28368580.0
2017-11-13,7.400000095367432,7.539999961853027,7.349999904632568,7.440000057220459,29581650.0
2017-11-14,7.46999979019165,7.510000228881836,7.389999866485596,7.420000076293945,18283518.0
2017-11-15,7.420000076293945,7.480000019073486,7.21999979019165,7.239999771118164,27902800.0
2017-11-16,7.340000152587891,7.349999904632568,7.239999771118164,7.28000020980835,17662600.0
2017-11-17,7.340000152587891,7.340000152587891,7.119999885559082,7.150000095367432,26990934.0
2017-11-20,7.159999847412109,7.21999979019165,7.03000020980835,7.079999923706055,25124020.0
2017-11-21,7.110000133514404,7.190000057220459,6.980000019073486,7.03000020980835,56479378.0
2017-11-22,7.079999923706055,7.46999979019165,7.039999961853027,7.429999828338623,70534221.0
2017-11-23,7.429999828338623,7.489999771118164,7.159999847412109,7.210000038146973,44823410.0
2017-11-24,7.199999809265137,7.429999828338623,7.199999809265137,7.429999828338623,36441840.0
2017-11-27,7.429999828338623,7.559999942779541,7.309999942779541,7.360000133514404,25979126.0
2017-11-28,7.309999942779541,7.320000171661377,7.199999809265137,7.28000020980835,18156200.0
2017-11-29,7.28000020980835,7.289999961853027,7.159999847412109,7.190000057220459,14042342.0
2017-11-30,7.130000114440918,7.360000133514404,7.119999885559082,7.119999885559082,34589719.0
2017-12-01,7.179999828338623,7.230000019073486,7.130000114440918,7.190000057220459,11289485.0
2017-12-04,7.119999885559082,7.230000019073486,7.119999885559082,7.199999809265137,12385076.0
2017-12-05,7.170000076293945,7.269999980926514,7.170000076293945,7.230000019073486,12493768.0
2017-12-06,7.199999809265137,7.25,7.099999904632568,7.130000114440918,38125962.0
2017-12-07,7.179999828338623,7.179999828338623,7.090000152587891,7.099999904632568,21157894.0
2017-12-08,7.170000076293945,7.210000038146973,7.110000133514404,7.190000057220459,17152609.0
2017-12-11,7.539999961853027,7.599999904632568,7.460000038146973,7.539999961853027,87149482.0
2017-12-12,7.550000190734863,7.630000114440918,7.409999847412109,7.449999809265137,36361033.0
2017-12-13,7.449999809265137,7.659999847412109,7.369999885559082,7.659999847412109,56105478.0
2017-12-14,7.670000076293945,7.679999828338623,7.579999923706055,7.650000095367432,24974664.0
2017-12-15,7.619999885559082,7.650000095367432,7.5,7.599999904632568,25426811.0
2017-12-18,7.630000114440918,7.690000057220459,7.519999980926514,7.670000076293945,21796935.0
2017-12-19,7.699999809265137,7.96999979019165,7.659999847412109,7.929999828338623,63683899.0
2017-12-20,7.849999904632568,8.029999732971191,7.840000152587891,8.0,54384538.0
2017-12-21,7.96999979019165,8.020000457763672,7.849999904632568,7.880000114440918,41123910.0
2017-12-22,7.920000076293945,7.96999979019165,7.860000133514404,7.900000095367432,20259452.0
2017-12-27,8.079999923706055,8.300000190734863,8.050000190734863,8.130000114440918,56552620.0
2017-12-28,8.130000114440918,8.199999809265137,8.0600004196167,8.199999809265137,24169415.0
2017-12-29,8.199999809265137,8.399999618530273,8.140000343322754,8.359999656677246,49372112.0
2018-01-02,8.479999542236328,8.739999771118164,8.479999542236328,8.6899995803833,83814287.0
2018-01-03,8.640000343322754,8.760000228881836,8.510000228881836,8.569999694824219,55864323.0
2018-01-04,8.670000076293945,8.819999694824219,8.569999694824219,8.739999771118164,53372603.0
2018-01-05,8.739999771118164,8.819999694824219,8.5600004196167,8.579999923706055,41332528.0
2018-01-08,8.579999923706055,8.579999923706055,8.300000190734863,8.449999809265137,68033271.0
2018-01-09,8.390000343322754,8.449999809265137,8.229999542236328,8.229999542236328,57354003.0
2018-01-10,8.229999542236328,8.470000267028809,8.170000076293945,8.170000076293945,62055468.0
2018-01-11,8.180000305175781,8.3100004196167,8.130000114440918,8.300000190734863,33174384.0
2018-01-12,8.359999656677246,8.380000114440918,8.15999984741211,8.170000076293945,37670738.0
2018-01-15,8.199999809265137,8.210000038146973,7.820000171661377,7.820000171661377,81686450.0
2018-01-16,7.820000171661377,8.010000228881836,7.820000171661377,7.989999771118164,59784856.0
2018-01-17,7.900000095367432,7.980000019073486,7.820000171661377,7.929999828338623,36317733.0
2018-01-18,7.980000019073486,8.09000015258789,7.840000152587891,8.010000228881836,51793528.0
2018-01-19,8.0,8.09000015258789,7.880000114440918,7.920000076293945,34158242.0
2018-01-22,7.900000095367432,7.960000038146973,7.829999923706055,7.829999923706055,45485144.0
2018-01-23,7.840000152587891,8.069999694824219,7.820000171661377,8.0600004196167,64654850.0
2018-01-24,8.100000381469727,8.319999694824219,7.96999979019165,8.319999694824219,87366368.0
2018-01-25,8.350000381469727,8.380000114440918,8.079999923706055,8.079999923706055,58099670.0
2018-01-26,8.149999618530273,8.220000267028809,7.989999771118164,8.0,65102982.0
2018-01-29,8.09000015258789,8.199999809265137,7.920000076293945,7.920000076293945,53748298.0
2018-01-30,7.949999809265137,7.980000019073486,7.650000095367432,7.650000095367432,68469171.0
2018-01-31,7.699999809265137,7.78000020980835,7.539999961853027,7.75,42037589.0
2018-02-01,7.949999809265137,7.960000038146973,7.670000076293945,7.679999828338623,33828975.0
2018-02-02,7.650000095367432,7.760000228881836,7.559999942779541,7.690000057220459,26887256.0
2018-02-05,7.53000020980835,7.610000133514404,7.46999979019165,7.550000190734863,43181611.0
2018-02-06,7.300000190734863,7.369999885559082,7.170000076293945,7.25,75280630.0
2018-02-07,7.369999885559082,7.5,7.099999904632568,7.159999847412109,59092506.0
2018-02-08,7.159999847412109,7.519999980926514,7.099999904632568,7.5,93505500.0
2018-02-09,7.199999809265137,7.320000171661377,7.03000020980835,7.090000152587891,94061253.0
2018-02-12,7.150000095367432,7.349999904632568,7.03000020980835,7.199999809265137,42431360.0
2018-02-13,7.349999904632568,7.5,7.28000020980835,7.320000171661377,36236779.0
2018-02-14,7.349999904632568,7.429999828338623,7.210000038146973,7.309999942779541,23837674.0
2018-02-15,7.380000114440918,7.380000114440918,7.269999980926514,7.300000190734863,17839337.0
2018-02-20,7.239999771118164,7.440000057220459,7.239999771118164,7.349999904632568,16757298.0
2018-02-21,7.409999847412109,7.460000038146973,7.289999961853027,7.449999809265137,16156829.0
2018-02-22,7.369999885559082,7.380000114440918,7.21999979019165,7.21999979019165,39939182.0
2018-02-23,7.28000020980835,7.429999828338623,7.230000019073486,7.369999885559082,38371400.0
2018-02-26,7.400000095367432,7.460000038146973,7.309999942779541,7.369999885559082,23935119.0
2018-02-27,7.440000057220459,7.460000038146973,7.289999961853027,7.369999885559082,24972027.0
2018-02-28,7.329999923706055,7.340000152587891,7.130000114440918,7.170000076293945,37319889.0
2018-03-01,7.110000133514404,7.260000228881836,7.099999904632568,7.21999979019165,19229400.0
2018-03-02,7.170000076293945,7.260000228881836,7.170000076293945,7.25,29777950.0
2018-03-05,7.230000019073486,7.25,7.110000133514404,7.130000114440918,29012037.0
2018-03-06,7.230000019073486,7.269999980926514,7.159999847412109,7.199999809265137,23333368.0
2018-03-07,7.159999847412109,7.210000038146973,7.070000171661377,7.079999923706055,30508210.0
2018-03-08,7.079999923706055,7.170000076293945,7.070000171661377,7.090000152587891,21856232.0
2018-03-09,7.150000095367432,7.199999809265137,7.090000152587891,7.119999885559082,33528253.0
2018-03-12,7.179999828338623,7.21999979019165,7.150000095367432,7.210000038146973,19965946.0
2018-03-13,7.199999809265137,7.21999979019165,7.119999885559082,7.210000038146973,24607588.0
2018-03-14,7.159999847412109,7.190000057220459,7.119999885559082,7.179999828338623,13095781.0
2018-03-15,7.119999885559082,7.170000076293945,7.099999904632568,7.150000095367432,16742191.0
2018-03-16,7.130000114440918,7.150000095367432,7.099999904632568,7.110000133514404,19094969.0
2018-03-19,7.119999885559082,7.150000095367432,7.079999923706055,7.110000133514404,14024887.0
2018-03-20,7.059999942779541,7.079999923706055,7.019999980926514,7.03000020980835,25945875.0
2018-03-21,7.059999942779541,7.119999885559082,7.019999980926514,7.03000020980835,17086773.0
2018-03-22,7.059999942779541,7.090000152587891,7.0,7.019999980926514,7584191.0
2018-03-23,6.849999904632568,6.889999866485596,6.800000190734863,6.889999866485596,36678330.0
2018-03-26,6.860000133514404,6.940000057220459,6.800000190734863,6.920000076293945,22563825.0
2018-03-27,6.920000076293945,7.0,6.920000076293945,6.929999828338623,15732845.0
2018-03-28,6.900000095367432,6.909999847412109,6.809999942779541,6.820000171661377,19777677.0
2018-03-29,6.800000190734863,6.829999923706055,6.630000114440918,6.690000057220459,43626644.0
2018-04-03,6.619999885559082,6.639999866485596,6.489999771118164,6.599999904632568,43974849.0
2018-04-04,6.619999885559082,6.75,6.550000190734863,6.550000190734863,21802527.0
2018-04-06,6.570000171661377,6.659999847412109,6.559999942779541,6.590000152587891,11765643.0
2018-04-09,6.599999904632568,6.730000019073486,6.539999961853027,6.610000133514404,20162443.0
2018-04-10,6.619999885559082,6.739999771118164,6.590000152587891,6.690000057220459,23367342.0
2018-04-11,6.75,6.78000020980835,6.710000038146973,6.739999771118164,16455730.0
2018-04-12,6.760000228881836,6.760000228881836,6.579999923706055,6.639999866485596,21582308.0
2018-04-13,6.650000095367432,6.699999809265137,6.610000133514404,6.659999847412109,10237700.0
2018-04-16,6.679999828338623,6.679999828338623,6.539999961853027,6.579999923706055,15557940.0
2018-04-17,6.599999904632568,6.599999904632568,6.519999980926514,6.559999942779541,15941915.0
2018-04-18,6.570000171661377,6.659999847412109,6.460000038146973,6.5,28650196.0
2018-04-19,6.510000228881836,6.679999828338623,6.510000228881836,6.650000095367432,15171369.0
2018-04-20,6.610000133514404,6.679999828338623,6.539999961853027,6.570000171661377,10504988.0
2018-04-23,6.489999771118164,6.570000171661377,6.489999771118164,6.53000020980835,10807068.0
2018-04-24,6.480000019073486,6.619999885559082,6.480000019073486,6.619999885559082,14973600.0
2018-04-25,6.550000190734863,6.619999885559082,6.510000228881836,6.53000020980835,14403350.0
2018-04-26,6.570000171661377,6.599999904632568,6.5,6.519999980926514,13912600.0
2018-04-27,6.559999942779541,6.840000152587891,6.559999942779541,6.809999942779541,30005629.0
2018-04-30,6.849999904632568,7.0,6.820000171661377,6.980000019073486,24541847.0
2018-05-02,6.960000038146973,6.980000019073486,6.760000228881836,6.869999885559082,35739288.0
2018-05-03,6.840000152587891,7.010000228881836,6.71999979019165,6.989999771118164,38412113.0
2018-05-04,6.989999771118164,7.070000171661377,6.940000057220459,6.989999771118164,34241517.0
2018-05-07,7.0,7.099999904632568,6.960000038146973,7.079999923706055,23785355.0
2018-05-08,7.050000190734863,7.119999885559082,7.050000190734863,7.079999923706055,18099250.0
2018-05-09,7.070000171661377,7.090000152587891,6.96999979019165,7.039999961853027,12200900.0
2018-05-10,7.03000020980835,7.099999904632568,7.010000228881836,7.079999923706055,10946260.0
2018-05-11,7.090000152587891,7.150000095367432,7.070000171661377,7.090000152587891,12658102.0
2018-05-14,7.110000133514404,7.239999771118164,7.110000133514404,7.199999809265137,16965550.0
2018-05-15,7.190000057220459,7.190000057220459,7.119999885559082,7.159999847412109,8532359.0
2018-05-16,7.110000133514404,7.159999847412109,7.070000171661377,7.099999904632568,8783530.0
2018-05-17,7.150000095367432,7.150000095367432,7.050000190734863,7.059999942779541,8380537.0
2018-05-18,7.099999904632568,7.170000076293945,7.090000152587891,7.099999904632568,9844024.0
2018-05-21,7.230000019073486,7.230000019073486,7.119999885559082,7.150000095367432,10346824.0
2018-05-23,7.090000152587891,7.130000114440918,7.0,7.03000020980835,19307556.0
2018-05-24,7.0,7.099999904632568,7.0,7.090000152587891,8271897.0
2018-05-25,7.079999923706055,7.130000114440918,7.050000190734863,7.070000171661377,8679750.0
2018-05-28,7.139999866485596,7.139999866485596,7.050000190734863,7.090000152587891,10403450.0
2018-05-29,7.090000152587891,7.119999885559082,7.039999961853027,7.099999904632568,9902925.0
2018-05-30,7.079999923706055,7.079999923706055,6.900000095367432,6.940000057220459,16399610.0
2018-05-31,6.940000057220459,7.059999942779541,6.940000057220459,7.010000228881836,27656258.0
2018-06-01,7.03000020980835,7.079999923706055,6.949999809265137,7.050000190734863,22433220.0
2018-06-04,7.099999904632568,7.150000095367432,7.050000190734863,7.139999866485596,10446355.0
2018-06-05,7.050000190734863,7.070000171661377,6.920000076293945,6.960000038146973,9940241.0
2018-06-06,6.949999809265137,6.960000038146973,6.889999866485596,6.920000076293945,12651150.0
2018-06-07,6.96999979019165,6.980000019073486,6.880000114440918,6.920000076293945,17346350.0
2018-06-08,6.920000076293945,6.929999828338623,6.789999961853027,6.809999942779541,20123138.0
2018-06-11,6.789999961853027,6.880000114440918,6.769999980926514,6.849999904632568,12060370.0
2018-06-12,6.849999904632568,6.869999885559082,6.75,6.809999942779541,13594985.0
2018-06-13,6.739999771118164,6.800000190734863,6.71999979019165,6.75,12339723.0
2018-06-14,6.71999979019165,6.739999771118164,6.659999847412109,6.690000057220459,16314280.0
2018-06-15,6.690000057220459,6.710000038146973,6.579999923706055,6.659999847412109,26416780.0
2018-06-19,6.550000190734863,6.559999942779541,6.309999942779541,6.380000114440918,34434449.0
2018-06-20,6.329999923706055,6.440000057220459,6.260000228881836,6.340000152587891,25510125.0
2018-06-21,6.360000133514404,6.380000114440918,6.230000019073486,6.260000228881836,25586138.0
2018-06-22,6.210000038146973,6.300000190734863,6.199999809265137,6.28000020980835,11584086.0
2018-06-25,6.309999942779541,6.340000152587891,6.110000133514404,6.199999809265137,33128550.0
2018-06-26,6.269999980926514,6.269999980926514,6.079999923706055,6.119999885559082,21299933.0
2018-06-27,6.179999828338623,6.179999828338623,5.940000057220459,5.989999771118164,20078095.0
2018-06-28,6.039999961853027,6.059999942779541,5.949999809265137,5.989999771118164,16218624.0
2018-06-29,6.019999980926514,6.110000133514404,5.96999979019165,6.090000152587891,17639946.0
2018-07-03,6.0,6.059999942779541,5.889999866485596,6.059999942779541,23990740.0
2018-07-04,6.059999942779541,6.150000095367432,6.039999961853027,6.059999942779541,19356951.0
2018-07-05,6.0,6.059999942779541,5.829999923706055,5.929999828338623,17692817.0
2018-07-06,5.949999809265137,6.019999980926514,5.849999904632568,5.920000076293945,26839763.0
2018-07-09,5.960000038146973,6.059999942779541,5.929999828338623,5.989999771118164,16125300.0
2018-07-10,6.039999961853027,6.079999923706055,5.989999771118164,6.039999961853027,16082602.0
2018-07-11,5.889999866485596,6.079999923706055,5.869999885559082,6.070000171661377,28090514.0
2018-07-12,6.050000190734863,6.150000095367432,6.050000190734863,6.059999942779541,10897340.0
2018-07-13,6.059999942779541,6.139999866485596,6.050000190734863,6.090000152587891,8182129.0
2018-07-16,6.050000190734863,6.130000114440918,6.019999980926514,6.050000190734863,12441850.0
2018-07-17,6.050000190734863,6.110000133514404,6.039999961853027,6.110000133514404,13995616.0
2018-07-18,6.079999923706055,6.110000133514404,5.989999771118164,6.050000190734863,13003347.0
2018-07-19,6.099999904632568,6.139999866485596,6.019999980926514,6.03000020980835,22345826.0
2018-07-20,6.050000190734863,6.079999923706055,5.860000133514404,5.96999979019165,21021590.0
2018-07-23,5.940000057220459,6.170000076293945,5.809999942779541,6.130000114440918,51854166.0
2018-07-24,6.179999828338623,6.489999771118164,6.179999828338623,6.440000057220459,76423204.0
2018-07-25,6.5,6.53000020980835,6.389999866485596,6.449999809265137,42244852.0
2018-07-26,6.400000095367432,6.480000019073486,6.380000114440918,6.449999809265137,21854850.0
2018-07-27,6.420000076293945,6.559999942779541,6.409999847412109,6.539999961853027,23309200.0
2018-07-30,6.710000038146973,6.980000019073486,6.710000038146973,6.869999885559082,96371663.0
2018-07-31,6.889999866485596,6.949999809265137,6.769999980926514,6.880000114440918,24236650.0
2018-08-01,6.900000095367432,7.050000190734863,6.840000152587891,6.880000114440918,36531298.0
2018-08-02,6.880000114440918,6.880000114440918,6.559999942779541,6.840000152587891,32968660.0
2018-08-03,6.880000114440918,6.880000114440918,6.659999847412109,6.789999961853027,23651706.0
2018-08-06,6.789999961853027,6.869999885559082,6.730000019073486,6.75,19786863.0
2018-08-07,6.820000171661377,7.019999980926514,6.71999979019165,6.960000038146973,60638640.0
2018-08-08,7.059999942779541,7.150000095367432,7.010000228881836,7.130000114440918,41500850.0
2018-08-09,7.099999904632568,7.230000019073486,7.03000020980835,7.21999979019165,42118851.0
2018-08-10,7.25,7.28000020980835,7.190000057220459,7.21999979019165,24017340.0
2018-08-13,7.099999904632568,7.28000020980835,7.050000190734863,7.260000228881836,39232385.0
2018-08-14,7.289999961853027,7.289999961853027,7.090000152587891,7.239999771118164,23334867.0
2018-08-15,7.25,7.25,7.039999961853027,7.070000171661377,33384400.0
2018-08-16,6.940000057220459,7.119999885559082,6.869999885559082,6.940000057220459,34377508.0
2018-08-17,6.809999942779541,6.840000152587891,6.489999771118164,6.769999980926514,57668841.0
2018-08-20,6.829999923706055,6.829999923706055,6.53000020980835,6.630000114440918,31800200.0
2018-08-21,6.610000133514404,6.760000228881836,6.610000133514404,6.699999809265137,16551330.0
2018-08-22,6.730000019073486,6.730000019073486,6.579999923706055,6.690000057220459,12757200.0
2018-08-23,6.699999809265137,6.699999809265137,6.53000020980835,6.590000152587891,13628501.0
2018-08-24,6.53000020980835,6.550000190734863,6.400000095367432,6.460000038146973,20799800.0
2018-08-27,6.630000114440918,6.889999866485596,6.619999885559082,6.739999771118164,36890757.0
2018-08-28,6.800000190734863,6.820000171661377,6.659999847412109,6.75,18484521.0
2018-08-29,6.75,6.789999961853027,6.619999885559082,6.679999828338623,16857701.0
2018-08-30,6.630000114440918,6.679999828338623,6.519999980926514,6.570000171661377,12759834.0
2018-08-31,6.5,6.619999885559082,6.5,6.5,24172761.0
2018-09-03,6.5,6.599999904632568,6.440000057220459,6.46999979019165,14595226.0
2018-09-04,6.5,6.590000152587891,6.449999809265137,6.539999961853027,7956246.0
2018-09-05,6.539999961853027,6.599999904632568,6.440000057220459,6.510000228881836,15855900.0
2018-09-06,6.510000228881836,6.619999885559082,6.510000228881836,6.570000171661377,16656697.0
2018-09-07,6.610000133514404,6.769999980926514,6.570000171661377,6.599999904632568,39882800.0
2018-09-10,6.679999828338623,6.679999828338623,6.5,6.539999961853027,11928501.0
2018-09-11,6.5,6.550000190734863,6.420000076293945,6.460000038146973,27744450.0
2018-09-12,6.429999828338623,6.480000019073486,6.340000152587891,6.360000133514404,23485484.0
2018-09-13,6.489999771118164,6.579999923706055,6.400000095367432,6.480000019073486,22655850.0
2018-09-14,6.570000171661377,6.690000057220459,6.46999979019165,6.599999904632568,25576096.0
2018-09-17,6.590000152587891,6.590000152587891,6.429999828338623,6.519999980926514,11225350.0
2018-09-18,6.489999771118164,6.940000057220459,6.449999809265137,6.920000076293945,35894300.0
2018-09-19,6.900000095367432,6.989999771118164,6.809999942779541,6.889999866485596,22293534.0
2018-09-20,6.869999885559082,6.96999979019165,6.869999885559082,6.909999847412109,14305774.0
2018-09-21,6.880000114440918,7.119999885559082,6.880000114440918,7.119999885559082,25874841.0
2018-09-24,7.079999923706055,7.090000152587891,6.929999828338623,7.019999980926514,12902740.0
2018-09-26,7.079999923706055,7.179999828338623,7.0,7.090000152587891,36616450.0
2018-09-27,7.039999961853027,7.139999866485596,7.039999961853027,7.079999923706055,24360083.0
2018-09-28,7.079999923706055,7.150000095367432,7.079999923706055,7.150000095367432,15644586.0
2018-10-02,7.150000095367432,7.150000095367432,6.940000057220459,6.980000019073486,16523350.0
2018-10-03,6.989999771118164,7.199999809265137,6.989999771118164,7.190000057220459,25530413.0
2018-10-04,7.139999866485596,7.159999847412109,7.03000020980835,7.079999923706055,18838550.0
2018-10-05,7.099999904632568,7.130000114440918,7.039999961853027,7.119999885559082,13044358.0
2018-10-08,7.170000076293945,7.170000076293945,6.96999979019165,7.0,17955150.0
2018-10-09,7.010000228881836,7.050000190734863,6.949999809265137,7.039999961853027,17771600.0
2018-10-10,6.989999771118164,7.239999771118164,6.989999771118164,7.119999885559082,33013700.0
2018-10-11,7.0,7.0,6.710000038146973,6.809999942779541,41523431.0
2018-10-12,6.820000171661377,6.980000019073486,6.789999961853027,6.900000095367432,21560425.0
2018-10-15,6.829999923706055,6.829999923706055,6.71999979019165,6.75,18296630.0
2018-10-16,6.75,6.880000114440918,6.699999809265137,6.760000228881836,11528428.0
2018-10-18,6.829999923706055,6.889999866485596,6.71999979019165,6.849999904632568,27223745.0
2018-10-19,6.920000076293945,6.929999828338623,6.760000228881836,6.840000152587891,11206708.0
2018-10-22,6.900000095367432,7.079999923706055,6.880000114440918,6.929999828338623,17226900.0
2018-10-23,6.820000171661377,6.920000076293945,6.75,6.789999961853027,13683250.0
2018-10-24,6.849999904632568,6.96999979019165,6.760000228881836,6.849999904632568,17459760.0
2018-10-25,6.739999771118164,6.829999923706055,6.659999847412109,6.820000171661377,17471406.0
2018-10-26,6.820000171661377,6.829999923706055,6.710000038146973,6.789999961853027,16333041.0
2018-10-29,6.889999866485596,6.889999866485596,6.760000228881836,6.849999904632568,22170930.0
2018-10-30,6.880000114440918,6.949999809265137,6.739999771118164,6.829999923706055,22269300.0
2018-10-31,6.800000190734863,7.050000190734863,6.800000190734863,6.880000114440918,25382922.0
2018-11-01,6.820000171661377,7.059999942779541,6.820000171661377,6.920000076293945,17804570.0
2018-11-02,6.949999809265137,7.170000076293945,6.940000057220459,7.130000114440918,31021838.0
2018-11-05,7.050000190734863,7.130000114440918,6.96999979019165,7.059999942779541,9827618.0
2018-11-06,7.059999942779541,7.210000038146973,7.039999961853027,7.190000057220459,21890524.0
2018-11-07,7.110000133514404,7.199999809265137,7.079999923706055,7.159999847412109,11221497.0
2018-11-08,7.199999809265137,7.21999979019165,7.039999961853027,7.099999904632568,17423741.0
2018-11-09,7.050000190734863,7.099999904632568,7.0,7.090000152587891,11974766.0
2018-11-12,7.090000152587891,7.150000095367432,7.019999980926514,7.139999866485596,8684162.0
2018-11-13,7.099999904632568,7.21999979019165,6.949999809265137,7.179999828338623,15675729.0
2018-11-14,7.21999979019165,7.25,7.150000095367432,7.25,21604009.0
2018-11-15,7.260000228881836,7.329999923706055,7.159999847412109,7.300000190734863,20383200.0
2018-11-16,7.25,7.329999923706055,7.230000019073486,7.300000190734863,12036752.0
2018-11-19,7.320000171661377,7.329999923706055,7.260000228881836,7.309999942779541,13474013.0
2018-11-20,7.239999771118164,7.300000190734863,7.190000057220459,7.25,11715258.0
2018-11-21,7.199999809265137,7.28000020980835,7.130000114440918,7.159999847412109,16151312.0
2018-11-22,7.150000095367432,7.230000019073486,7.150000095367432,7.210000038146973,14756513.0
2018-11-23,7.199999809265137,7.239999771118164,7.099999904632568,7.210000038146973,9514968.0
2018-11-26,7.190000057220459,7.25,7.179999828338623,7.199999809265137,6669372.0
2018-11-27,7.199999809265137,7.269999980926514,7.119999885559082,7.239999771118164,12087038.0
2018-11-28,7.28000020980835,7.300000190734863,7.159999847412109,7.190000057220459,12809888.0
2018-11-29,7.210000038146973,7.300000190734863,7.190000057220459,7.239999771118164,13378157.0
2018-11-30,7.25,7.300000190734863,7.239999771118164,7.300000190734863,20962779.0
2018-12-03,7.349999904632568,7.46999979019165,7.300000190734863,7.340000152587891,27779650.0
2018-12-04,7.300000190734863,7.440000057220459,7.300000190734863,7.440000057220459,18684584.0
2018-12-05,7.269999980926514,7.329999923706055,7.269999980926514,7.320000171661377,11343221.0
2018-12-06,7.25,7.269999980926514,7.119999885559082,7.150000095367432,18316234.0
2018-12-07,7.289999961853027,7.309999942779541,7.150000095367432,7.190000057220459,34756500.0
2018-12-10,7.159999847412109,7.309999942779541,7.090000152587891,7.269999980926514,13855300.0
2018-12-11,7.300000190734863,7.46999979019165,7.289999961853027,7.440000057220459,24828535.0
2018-12-12,7.46999979019165,7.630000114440918,7.460000038146973,7.630000114440918,31374379.0
2018-12-13,7.639999866485596,7.889999866485596,7.599999904632568,7.860000133514404,50230897.0
2018-12-14,7.800000190734863,7.849999904632568,7.730000019073486,7.809999942779541,18699200.0
2018-12-17,7.849999904632568,7.860000133514404,7.75,7.809999942779541,17168180.0
2018-12-18,7.820000171661377,7.840000152587891,7.590000152587891,7.639999866485596,26317681.0
2018-12-19,7.639999866485596,7.829999923706055,7.579999923706055,7.800000190734863,27511798.0
2018-12-20,7.829999923706055,7.880000114440918,7.71999979019165,7.800000190734863,25094986.0
2018-12-21,7.710000038146973,7.78000020980835,7.53000020980835,7.630000114440918,27692886.0
2018-12-24,7.630000114440918,7.659999847412109,7.429999828338623,7.489999771118164,11491320.0
2018-12-27,7.489999771118164,7.630000114440918,7.429999828338623,7.460000038146973,9414346.0
2018-12-28,7.429999828338623,7.559999942779541,7.320000171661377,7.460000038146973,11387953.0
2018-12-31,7.599999904632568,7.679999828338623,7.53000020980835,7.639999866485596,7499361.0
2019-01-02,7.630000114440918,7.630000114440918,7.360000133514404,7.510000228881836,10850857.0
2019-01-03,7.539999961853027,7.699999809265137,7.53000020980835,7.619999885559082,30754626.0
2019-01-04,7.599999904632568,7.820000171661377,7.590000152587891,7.78000020980835,35670855.0
2019-01-07,7.860000133514404,7.949999809265137,7.800000190734863,7.849999904632568,27423531.0
2019-01-08,7.670000076293945,8.039999961853027,7.670000076293945,8.029999732971191,37719250.0
2019-01-09,8.149999618530273,8.180000305175781,7.949999809265137,7.980000019073486,34131887.0
2019-01-10,8.0,8.039999961853027,7.789999961853027,7.829999923706055,25120118.0
2019-01-11,7.869999885559082,8.0,7.809999942779541,7.940000057220459,16724717.0
2019-01-14,7.949999809265137,8.029999732971191,7.789999961853027,7.840000152587891,12786350.0
2019-01-15,7.840000152587891,7.989999771118164,7.840000152587891,7.880000114440918,19629204.0
2019-01-16,7.800000190734863,7.980000019073486,7.78000020980835,7.980000019073486,16469251.0
2019-01-17,7.960000038146973,7.980000019073486,7.699999809265137,7.769999980926514,25502486.0
2019-01-18,7.889999866485596,7.889999866485596,7.670000076293945,7.670000076293945,39564180.0
2019-01-21,7.659999847412109,7.809999942779541,7.590000152587891,7.670000076293945,31264533.0
2019-01-22,7.690000057220459,7.840000152587891,7.670000076293945,7.760000228881836,18125619.0
2019-01-23,7.760000228881836,7.840000152587891,7.710000038146973,7.760000228881836,20521169.0
2019-01-24,7.769999980926514,7.829999923706055,7.550000190734863,7.679999828338623,46900403.0
2019-01-25,7.739999771118164,7.880000114440918,7.650000095367432,7.849999904632568,28146350.0
2019-01-28,7.840000152587891,7.949999809265137,7.840000152587891,7.889999866485596,21921760.0
2019-01-29,7.889999866485596,7.96999979019165,7.809999942779541,7.920000076293945,13621083.0
2019-01-30,7.920000076293945,7.960000038146973,7.860000133514404,7.909999847412109,11298400.0
2019-01-31,7.860000133514404,7.940000057220459,7.809999942779541,7.880000114440918,20538250.0
2019-02-01,7.900000095367432,7.900000095367432,7.760000228881836,7.78000020980835,21117719.0
2019-02-04,7.760000228881836,7.880000114440918,7.760000228881836,7.860000133514404,4407237.0
2019-02-08,7.849999904632568,7.860000133514404,7.679999828338623,7.800000190734863,12623945.0
2019-02-11,7.800000190734863,7.860000133514404,7.670000076293945,7.71999979019165,19683093.0
2019-02-12,7.690000057220459,7.800000190734863,7.690000057220459,7.730000019073486,18789962.0
2019-02-13,7.789999961853027,7.900000095367432,7.78000020980835,7.889999866485596,19839320.0
2019-02-14,7.800000190734863,8.069999694824219,7.800000190734863,8.0600004196167,30702770.0
2019-02-15,8.0,8.050000190734863,7.949999809265137,8.010000228881836,21285380.0
2019-02-18,8.0600004196167,8.140000343322754,8.0,8.010000228881836,20993665.0
2019-02-19,8.079999923706055,8.140000343322754,8.020000457763672,8.050000190734863,15861055.0
2019-02-20,8.109999656677246,8.119999885559082,8.0600004196167,8.109999656677246,15368706.0
2019-02-21,8.130000114440918,8.220000267028809,8.0600004196167,8.180000305175781,25412811.0
2019-02-22,8.130000114440918,8.199999809265137,8.130000114440918,8.199999809265137,21143777.0
2019-02-25,8.199999809265137,8.279999732971191,8.149999618530273,8.199999809265137,28963350.0
2019-02-26,8.25,8.479999542236328,8.210000038146973,8.390000343322754,37709512.0
2019-02-27,8.5,8.619999885559082,8.34000015258789,8.350000381469727,30800307.0
2019-02-28,8.3100004196167,8.4399995803833,8.1899995803833,8.239999771118164,23962268.0
2019-03-01,8.270000457763672,8.449999809265137,8.239999771118164,8.369999885559082,24469450.0
2019-03-04,8.329999923706055,8.489999771118164,8.289999961853027,8.300000190734863,24465961.0
2019-03-05,8.270000457763672,8.359999656677246,8.220000267028809,8.270000457763672,11626019.0
2019-03-06,8.3100004196167,8.3100004196167,8.069999694824219,8.149999618530273,26810376.0
2019-03-07,8.109999656677246,8.1899995803833,8.0,8.069999694824219,20049103.0
2019-03-08,8.020000457763672,8.029999732971191,7.800000190734863,7.849999904632568,26945552.0
2019-03-11,7.78000020980835,7.940000057220459,7.78000020980835,7.889999866485596,12848804.0
2019-03-12,8.0,8.180000305175781,7.889999866485596,8.15999984741211,25782377.0
2019-03-13,8.170000076293945,8.170000076293945,7.900000095367432,7.940000057220459,13982155.0
2019-03-14,7.960000038146973,8.050000190734863,7.920000076293945,7.989999771118164,8212686.0
2019-03-15,7.949999809265137,8.140000343322754,7.909999847412109,7.96999979019165,17892860.0
2019-03-18,7.960000038146973,8.130000114440918,7.960000038146973,8.109999656677246,11888748.0
2019-03-19,8.149999618530273,8.149999618530273,7.909999847412109,7.960000038146973,16736606.0
2019-03-20,7.920000076293945,8.0,7.840000152587891,7.860000133514404,14185141.0
2019-03-21,7.860000133514404,8.020000457763672,7.860000133514404,7.96999979019165,16954834.0
2019-03-22,8.079999923706055,8.079999923706055,7.909999847412109,7.96999979019165,10445129.0
2019-03-25,7.900000095367432,8.0,7.800000190734863,7.960000038146973,17403250.0
2019-03-26,8.0,8.0,7.820000171661377,7.889999866485596,13539820.0
2019-03-27,8.0,8.0,7.880000114440918,7.920000076293945,15765921.0
2019-03-28,8.0,8.069999694824219,7.909999847412109,8.050000190734863,17578790.0
2019-03-29,7.900000095367432,7.900000095367432,7.21999979019165,7.400000095367432,149368970.0
2019-04-01,7.480000019073486,7.5,7.329999923706055,7.369999885559082,37491833.0
2019-04-02,7.449999809265137,7.460000038146973,7.25,7.28000020980835,34214424.0
2019-04-03,7.300000190734863,7.389999866485596,7.289999961853027,7.320000171661377,32018022.0
2019-04-04,7.349999904632568,7.420000076293945,7.340000152587891,7.389999866485596,38125100.0
2019-04-08,7.449999809265137,7.46999979019165,7.340000152587891,7.389999866485596,25206324.0
2019-04-09,7.389999866485596,7.429999828338623,7.329999923706055,7.380000114440918,27318764.0
2019-04-10,7.389999866485596,7.420000076293945,7.360000133514404,7.420000076293945,26212183.0
2019-04-11,7.340000152587891,7.400000095367432,7.260000228881836,7.269999980926514,18839035.0
2019-04-12,7.329999923706055,7.329999923706055,7.21999979019165,7.289999961853027,12285138.0
2019-04-15,7.300000190734863,7.409999847412109,7.230000019073486,7.239999771118164,15095784.0
2019-04-16,7.300000190734863,7.329999923706055,7.230000019073486,7.28000020980835,11817711.0
2019-04-17,7.320000171661377,7.320000171661377,7.239999771118164,7.289999961853027,12668229.0
2019-04-18,7.260000228881836,7.28000020980835,7.199999809265137,7.210000038146973,12178292.0
2019-04-23,7.110000133514404,7.190000057220459,7.059999942779541,7.090000152587891,17624269.0
2019-04-24,7.190000057220459,7.190000057220459,7.059999942779541,7.099999904632568,8011223.0
2019-04-25,7.090000152587891,7.090000152587891,6.940000057220459,7.0,18007318.0
2019-04-26,6.989999771118164,7.0,6.869999885559082,6.920000076293945,15473122.0
2019-04-29,7.0,7.039999961853027,6.860000133514404,6.96999979019165,8527565.0
2019-04-30,7.019999980926514,7.079999923706055,6.800000190734863,6.849999904632568,28210805.0
2019-05-02,6.860000133514404,6.869999885559082,6.760000228881836,6.789999961853027,12427333.0
2019-05-03,6.699999809265137,6.860000133514404,6.679999828338623,6.820000171661377,17269385.0
2019-05-06,6.679999828338623,6.760000228881836,6.630000114440918,6.679999828338623,18501603.0
2019-05-07,6.730000019073486,6.760000228881836,6.650000095367432,6.71999979019165,15974500.0
2019-05-08,6.650000095367432,6.679999828338623,6.599999904632568,6.630000114440918,14130106.0
2019-05-09,6.610000133514404,6.769999980926514,6.519999980926514,6.670000076293945,20198002.0
2019-05-10,6.699999809265137,6.78000020980835,6.599999904632568,6.690000057220459,25171279.0
2019-05-14,6.579999923706055,6.78000020980835,6.53000020980835,6.75,23472971.0
2019-05-15,6.699999809265137,6.75,6.639999866485596,6.679999828338623,15324332.0
2019-05-16,6.650000095367432,6.739999771118164,6.650000095367432,6.71999979019165,17324884.0
2019-05-17,6.78000020980835,6.900000095367432,6.739999771118164,6.809999942779541,30682716.0
2019-05-20,6.869999885559082,6.909999847412109,6.829999923706055,6.880000114440918,23032116.0
2019-05-21,6.909999847412109,6.909999847412109,6.769999980926514,6.78000020980835,20830940.0
2019-05-22,6.829999923706055,6.829999923706055,6.650000095367432,6.690000057220459,12719944.0
2019-05-23,6.769999980926514,6.769999980926514,6.550000190734863,6.599999904632568,21073023.0
2019-05-24,6.699999809265137,6.699999809265137,6.53000020980835,6.579999923706055,8837361.0
2019-05-27,6.610000133514404,6.659999847412109,6.53000020980835,6.550000190734863,8494989.0
2019-05-28,6.550000190734863,6.599999904632568,6.519999980926514,6.579999923706055,35211891.0
2019-05-29,6.519999980926514,6.590000152587891,6.489999771118164,6.53000020980835,11371419.0
2019-05-30,6.579999923706055,6.630000114440918,6.46999979019165,6.610000133514404,8508350.0
2019-05-31,6.639999866485596,6.760000228881836,6.579999923706055,6.71999979019165,15782724.0
2019-06-03,6.659999847412109,6.71999979019165,6.610000133514404,6.670000076293945,7331800.0
2019-06-04,6.699999809265137,6.699999809265137,6.579999923706055,6.639999866485596,7022757.0
2019-06-05,6.699999809265137,6.699999809265137,6.519999980926514,6.550000190734863,11703499.0
2019-06-06,6.550000190734863,6.570000171661377,6.460000038146973,6.519999980926514,11349199.0
2019-06-10,6.519999980926514,6.570000171661377,6.5,6.539999961853027,17626485.0
2019-06-11,6.590000152587891,6.829999923706055,6.539999961853027,6.78000020980835,29400695.0
2019-06-12,6.800000190734863,6.820000171661377,6.699999809265137,6.769999980926514,8367177.0
2019-06-13,6.78000020980835,6.78000020980835,6.619999885559082,6.690000057220459,12581624.0
2019-06-14,6.769999980926514,6.769999980926514,6.630000114440918,6.670000076293945,9156364.0
2019-06-17,6.630000114440918,6.690000057220459,6.599999904632568,6.610000133514404,9519052.0
2019-06-18,6.650000095367432,6.71999979019165,6.579999923706055,6.659999847412109,11235912.0
2019-06-19,6.690000057220459,6.78000020980835,6.679999828338623,6.730000019073486,13093771.0
2019-06-20,6.809999942779541,6.809999942779541,6.699999809265137,6.760000228881836,8750831.0
2019-06-21,6.75,6.800000190734863,6.679999828338623,6.679999828338623,20353391.0
2019-06-24,6.699999809265137,6.75,6.679999828338623,6.710000038146973,5809227.0
2019-06-25,6.690000057220459,6.769999980926514,6.630000114440918,6.630000114440918,8095050.0
2019-06-26,6.630000114440918,6.710000038146973,6.599999904632568,6.630000114440918,10399800.0
2019-06-27,6.690000057220459,6.75,6.630000114440918,6.679999828338623,7366093.0
2019-06-28,6.550000190734863,6.570000171661377,6.5,6.53000020980835,7588518.0
2019-07-02,6.579999923706055,6.670000076293945,6.519999980926514,6.639999866485596,14752850.0
2019-07-03,6.590000152587891,6.639999866485596,6.550000190734863,6.619999885559082,12391201.0
2019-07-04,6.639999866485596,6.639999866485596,6.519999980926514,6.539999961853027,6509603.0
2019-07-05,6.53000020980835,6.579999923706055,6.510000228881836,6.510000228881836,5345127.0
2019-07-08,6.5,6.550000190734863,6.429999828338623,6.489999771118164,10667022.0
2019-07-09,6.440000057220459,6.449999809265137,6.329999923706055,6.349999904632568,12042200.0
2019-07-10,6.389999866485596,6.429999828338623,6.320000171661377,6.369999885559082,8720150.0
2019-07-11,6.429999828338623,6.489999771118164,6.369999885559082,6.389999866485596,5342883.0
2019-07-12,6.389999866485596,6.429999828338623,6.329999923706055,6.380000114440918,4114670.0
2019-07-15,6.320000171661377,6.369999885559082,6.300000190734863,6.360000133514404,7602950.0
2019-07-16,6.329999923706055,6.429999828338623,6.329999923706055,6.380000114440918,7920995.0
2019-07-17,6.360000133514404,6.389999866485596,6.329999923706055,6.360000133514404,9462962.0
2019-07-18,6.369999885559082,6.389999866485596,6.309999942779541,6.340000152587891,8751100.0
2019-07-19,6.340000152587891,6.380000114440918,6.300000190734863,6.300000190734863,15164487.0
2019-07-22,6.329999923706055,6.340000152587891,6.190000057220459,6.199999809265137,11997000.0
2019-07-23,6.210000038146973,6.309999942779541,6.179999828338623,6.269999980926514,9508307.0
2019-07-24,6.320000171661377,6.320000171661377,6.230000019073486,6.260000228881836,4381385.0
2019-07-25,6.25,6.300000190734863,6.25,6.289999961853027,3943398.0
2019-07-26,6.28000020980835,6.340000152587891,6.199999809265137,6.269999980926514,11409788.0
2019-07-29,6.269999980926514,6.300000190734863,6.190000057220459,6.25,5311525.0
2019-07-30,6.25,6.260000228881836,6.190000057220459,6.190000057220459,3647004.0
2019-07-31,6.130000114440918,6.190000057220459,6.119999885559082,6.190000057220459,7972610.0
2019-08-01,6.130000114440918,6.179999828338623,6.110000133514404,6.150000095367432,12821500.0
2019-08-02,6.059999942779541,6.099999904632568,6.019999980926514,6.050000190734863,12850750.0
2019-08-05,5.940000057220459,6.03000020980835,5.869999885559082,5.900000095367432,17317931.0
2019-08-06,5.849999904632568,5.880000114440918,5.679999828338623,5.699999809265137,22369103.0
2019-08-07,5.699999809265137,5.769999980926514,5.619999885559082,5.650000095367432,12879070.0
2019-08-08,5.639999866485596,5.730000019073486,5.639999866485596,5.670000076293945,15882973.0
2019-08-09,5.659999847412109,5.71999979019165,5.659999847412109,5.710000038146973,11127700.0
2019-08-12,5.699999809265137,5.71999979019165,5.650000095367432,5.650000095367432,5653525.0
2019-08-13,5.619999885559082,5.650000095367432,5.53000020980835,5.590000152587891,10825678.0
2019-08-14,5.679999828338623,5.699999809265137,5.550000190734863,5.559999942779541,7102635.0
2019-08-15,5.639999866485596,5.639999866485596,5.510000228881836,5.579999923706055,7258646.0
2019-08-16,5.5,5.539999961853027,5.46999979019165,5.5,18203100.0
2019-08-19,5.550000190734863,5.639999866485596,5.5,5.579999923706055,10256800.0
2019-08-20,5.570000171661377,5.659999847412109,5.46999979019165,5.610000133514404,18841800.0
2019-08-21,5.610000133514404,5.679999828338623,5.599999904632568,5.650000095367432,11650626.0
2019-08-22,5.610000133514404,5.699999809265137,5.599999904632568,5.650000095367432,9234350.0
2019-08-23,5.619999885559082,5.690000057220459,5.599999904632568,5.619999885559082,7545000.0
2019-08-26,5.440000057220459,5.53000020980835,5.159999847412109,5.25,63550750.0
2019-08-27,5.289999961853027,5.329999923706055,5.190000057220459,5.28000020980835,41495875.0
2019-08-28,5.329999923706055,5.369999885559082,5.289999961853027,5.300000190734863,14312650.0
2019-08-29,5.320000171661377,5.340000152587891,5.21999979019165,5.289999961853027,15902148.0
2019-08-30,5.369999885559082,5.480000019073486,5.349999904632568,5.389999866485596,32520099.0
2019-09-02,5.449999809265137,5.449999809265137,5.360000133514404,5.420000076293945,12160350.0
2019-09-03,5.420000076293945,5.420000076293945,5.269999980926514,5.289999961853027,11432050.0
2019-09-04,5.289999961853027,5.429999828338623,5.25,5.380000114440918,18711569.0
2019-09-05,5.400000095367432,5.539999961853027,5.380000114440918,5.460000038146973,21072500.0
2019-09-06,5.53000020980835,5.619999885559082,5.510000228881836,5.590000152587891,21398682.0
2019-09-09,5.579999923706055,5.619999885559082,5.550000190734863,5.570000171661377,7014543.0
2019-09-10,5.559999942779541,5.650000095367432,5.539999961853027,5.590000152587891,10113349.0
2019-09-11,5.639999866485596,5.690000057220459,5.610000133514404,5.670000076293945,9544726.0
2019-09-12,5.710000038146973,5.829999923706055,5.699999809265137,5.730000019073486,12663438.0
2019-09-13,5.769999980926514,5.840000152587891,5.739999771118164,5.809999942779541,8353272.0
2019-09-16,5.760000228881836,5.820000171661377,5.730000019073486,5.809999942779541,12166486.0
2019-09-17,5.820000171661377,5.820000171661377,5.710000038146973,5.75,18842622.0
2019-09-18,5.769999980926514,5.769999980926514,5.710000038146973,5.730000019073486,3428297.0
2019-09-19,5.71999979019165,5.769999980926514,5.599999904632568,5.650000095367432,10019502.0
2019-09-20,5.730000019073486,5.840000152587891,5.650000095367432,5.840000152587891,32169415.0
2019-09-23,5.840000152587891,5.849999904632568,5.570000171661377,5.639999866485596,14859093.0
2019-09-24,5.690000057220459,5.690000057220459,5.519999980926514,5.590000152587891,8761522.0
2019-09-25,5.570000171661377,5.570000171661377,5.420000076293945,5.5,23747953.0
2019-09-26,5.5,5.579999923706055,5.460000038146973,5.5,9674307.0
2019-09-27,5.599999904632568,5.599999904632568,5.46999979019165,5.5,9038418.0
2019-09-30,5.389999866485596,5.480000019073486,5.369999885559082,5.46999979019165,7832200.0
2019-10-02,5.400000095367432,5.5,5.400000095367432,5.440000057220459,4984900.0
2019-10-03,5.420000076293945,5.460000038146973,5.320000171661377,5.440000057220459,5637198.0
2019-10-04,5.489999771118164,5.489999771118164,5.28000020980835,5.320000171661377,7906000.0
2019-10-08,5.309999942779541,5.360000133514404,5.260000228881836,5.269999980926514,12497094.0
2019-10-09,5.239999771118164,5.320000171661377,5.239999771118164,5.28000020980835,6496514.0
2019-10-10,5.320000171661377,5.369999885559082,5.260000228881836,5.300000190734863,3587200.0
2019-10-11,5.360000133514404,5.449999809265137,5.360000133514404,5.440000057220459,6150310.0
2019-10-14,5.449999809265137,5.519999980926514,5.420000076293945,5.420000076293945,5925691.0
2019-10-15,5.420000076293945,5.449999809265137,5.329999923706055,5.329999923706055,7612262.0
2019-10-16,5.300000190734863,5.400000095367432,5.289999961853027,5.309999942779541,8846600.0
2019-10-17,5.340000152587891,5.369999885559082,5.309999942779541,5.360000133514404,5658400.0
2019-10-18,5.329999923706055,5.460000038146973,5.329999923706055,5.360000133514404,5611919.0
2019-10-21,5.360000133514404,5.360000133514404,5.300000190734863,5.340000152587891,9165550.0
2019-10-22,5.380000114440918,5.400000095367432,5.320000171661377,5.349999904632568,5805630.0
2019-10-23,5.360000133514404,5.380000114440918,5.289999961853027,5.320000171661377,5390300.0
2019-10-24,5.360000133514404,5.429999828338623,5.329999923706055,5.429999828338623,9593764.0
2019-10-25,5.380000114440918,5.429999828338623,5.309999942779541,5.360000133514404,7222000.0
2019-10-28,5.420000076293945,5.480000019073486,5.369999885559082,5.389999866485596,15410900.0
2019-10-29,5.400000095367432,5.460000038146973,5.360000133514404,5.369999885559082,8168184.0
2019-10-30,5.329999923706055,5.369999885559082,5.25,5.309999942779541,11925760.0
2019-10-31,5.349999904632568,5.400000095367432,5.230000019073486,5.25,31935100.0
2019-11-01,5.230000019073486,5.349999904632568,5.210000038146973,5.329999923706055,11738730.0
2019-11-04,5.320000171661377,5.46999979019165,5.320000171661377,5.429999828338623,13530485.0
2019-11-05,5.420000076293945,5.579999923706055,5.420000076293945,5.570000171661377,16821178.0
2019-11-06,5.579999923706055,5.599999904632568,5.46999979019165,5.5,18010506.0
2019-11-07,5.46999979019165,5.519999980926514,5.449999809265137,5.510000228881836,9992185.0
2019-11-08,5.5,5.639999866485596,5.5,5.559999942779541,9443435.0
2019-11-11,5.510000228881836,5.510000228881836,5.309999942779541,5.360000133514404,24869310.0
2019-11-12,5.329999923706055,5.349999904632568,5.260000228881836,5.309999942779541,11698971.0
2019-11-13,5.28000020980835,5.28000020980835,5.159999847412109,5.190000057220459,17977493.0
2019-11-14,5.190000057220459,5.210000038146973,5.119999885559082,5.119999885559082,12306539.0
2019-11-15,5.170000076293945,5.170000076293945,5.090000152587891,5.090000152587891,8991688.0
2019-11-18,5.119999885559082,5.119999885559082,5.050000190734863,5.090000152587891,9083953.0
2019-11-19,5.079999923706055,5.170000076293945,5.059999942779541,5.150000095367432,5110307.0
2019-11-20,5.119999885559082,5.170000076293945,5.070000171661377,5.119999885559082,11086711.0
2019-11-21,5.050000190734863,5.070000171661377,5.010000228881836,5.050000190734863,8092899.0
2019-11-22,5.039999961853027,5.119999885559082,5.03000020980835,5.070000171661377,6254510.0
2019-11-25,5.079999923706055,5.289999961853027,5.079999923706055,5.260000228881836,11981525.0
2019-11-26,5.309999942779541,5.369999885559082,5.289999961853027,5.329999923706055,28401589.0
2019-11-27,5.349999904632568,5.400000095367432,5.239999771118164,5.28000020980835,10048349.0
2019-11-28,5.21999979019165,5.289999961853027,5.190000057220459,5.210000038146973,7728050.0
2019-11-29,5.190000057220459,5.25,5.110000133514404,5.150000095367432,11625791.0
2019-12-02,5.150000095367432,5.179999828338623,5.119999885559082,5.139999866485596,10309909.0
2019-12-03,5.159999847412109,5.170000076293945,5.070000171661377,5.130000114440918,9601527.0
2019-12-04,5.070000171661377,5.159999847412109,5.050000190734863,5.059999942779541,11285950.0
2019-12-05,5.079999923706055,5.130000114440918,5.059999942779541,5.070000171661377,8605100.0
2019-12-06,5.099999904632568,5.159999847412109,5.099999904632568,5.110000133514404,10112853.0
2019-12-09,5.170000076293945,5.239999771118164,5.139999866485596,5.179999828338623,8995100.0
2019-12-10,5.190000057220459,5.190000057220459,5.059999942779541,5.099999904632568,9696006.0
2019-12-11,5.070000171661377,5.199999809265137,5.070000171661377,5.170000076293945,7835780.0
2019-12-12,5.159999847412109,5.320000171661377,5.130000114440918,5.300000190734863,18292087.0
2019-12-13,5.380000114440918,5.420000076293945,5.289999961853027,5.389999866485596,16937748.0
2019-12-16,5.429999828338623,5.449999809265137,5.329999923706055,5.360000133514404,14337300.0
2019-12-17,5.380000114440918,5.639999866485596,5.340000152587891,5.630000114440918,36154850.0
2019-12-18,5.650000095367432,5.71999979019165,5.599999904632568,5.699999809265137,38451268.0
2019-12-19,5.710000038146973,5.710000038146973,5.619999885559082,5.699999809265137,15258359.0
2019-12-20,5.699999809265137,5.730000019073486,5.650000095367432,5.730000019073486,19372501.0
2019-12-23,5.730000019073486,5.739999771118164,5.630000114440918,5.670000076293945,22560265.0
2019-12-24,5.730000019073486,5.730000019073486,5.659999847412109,5.699999809265137,4192425.0
2019-12-27,5.699999809265137,5.75,5.639999866485596,5.730000019073486,14385100.0
2019-12-30,5.75,5.78000020980835,5.679999828338623,5.760000228881836,9144645.0
2019-12-31,5.78000020980835,5.78000020980835,5.659999847412109,5.679999828338623,5425280.0
2020-01-02,5.670000076293945,5.980000019073486,5.670000076293945,5.96999979019165,23491470.0
2020-01-03,6.099999904632568,6.099999904632568,5.949999809265137,5.989999771118164,24475986.0
2020-01-06,5.960000038146973,6.0,5.860000133514404,5.880000114440918,15706203.0
2020-01-07,5.949999809265137,5.949999809265137,5.820000171661377,5.840000152587891,10953450.0
2020-01-08,5.739999771118164,5.820000171661377,5.690000057220459,5.71999979019165,16056819.0
2020-01-09,5.739999771118164,5.849999904632568,5.739999771118164,5.809999942779541,16825577.0
2020-01-10,5.849999904632568,5.860000133514404,5.639999866485596,5.840000152587891,10327341.0
2020-01-13,5.889999866485596,5.920000076293945,5.800000190734863,5.840000152587891,14327382.0
2020-01-14,5.940000057220459,5.960000038146973,5.869999885559082,5.889999866485596,14303900.0
2020-01-15,5.889999866485596,5.920000076293945,5.829999923706055,5.880000114440918,7436870.0
2020-01-16,5.880000114440918,5.880000114440918,5.769999980926514,5.820000171661377,14502870.0
2020-01-17,5.860000133514404,5.880000114440918,5.760000228881836,5.849999904632568,11924604.0
2020-01-20,5.769999980926514,5.880000114440918,5.769999980926514,5.820000171661377,11663598.0
2020-01-21,5.659999847412109,5.760000228881836,5.619999885559082,5.619999885559082,14484249.0
2020-01-22,5.659999847412109,5.71999979019165,5.590000152587891,5.710000038146973,10423473.0
2020-01-23,5.590000152587891,5.610000133514404,5.46999979019165,5.519999980926514,10832890.0
2020-01-24,5.460000038146973,5.53000020980835,5.440000057220459,5.510000228881836,2351431.0
2020-01-29,5.21999979019165,5.309999942779541,5.139999866485596,5.300000190734863,14697450.0
2020-01-30,5.25,5.289999961853027,5.119999885559082,5.159999847412109,19334400.0
2020-01-31,5.170000076293945,5.269999980926514,5.130000114440918,5.150000095367432,24968640.0
2020-02-03,5.170000076293945,5.190000057220459,5.039999961853027,5.110000133514404,24128948.0
2020-02-04,5.050000190734863,5.170000076293945,5.010000228881836,5.099999904632568,18713051.0
2020-02-05,5.090000152587891,5.190000057220459,5.050000190734863,5.090000152587891,32288232.0
2020-02-06,5.190000057220459,5.329999923706055,5.170000076293945,5.300000190734863,17776505.0
2020-02-07,5.190000057220459,5.320000171661377,5.190000057220459,5.269999980926514,8473453.0
2020-02-10,5.159999847412109,5.329999923706055,5.159999847412109,5.260000228881836,11246403.0
2020-02-11,5.340000152587891,5.380000114440918,5.300000190734863,5.309999942779541,9639635.0
2020-02-12,5.349999904632568,5.389999866485596,5.300000190734863,5.329999923706055,9991552.0
2020-02-13,5.349999904632568,5.420000076293945,5.300000190734863,5.300000190734863,9917932.0
2020-02-14,5.349999904632568,5.369999885559082,5.260000228881836,5.289999961853027,10403891.0
2020-02-17,5.300000190734863,5.429999828338623,5.289999961853027,5.369999885559082,12885150.0
2020-02-18,5.349999904632568,5.400000095367432,5.320000171661377,5.349999904632568,10850656.0
2020-02-19,5.300000190734863,5.400000095367432,5.300000190734863,5.340000152587891,27700530.0
2020-02-20,5.309999942779541,5.369999885559082,5.289999961853027,5.320000171661377,7957408.0
2020-02-21,5.300000190734863,5.369999885559082,5.28000020980835,5.28000020980835,15509900.0
2020-02-24,5.21999979019165,5.21999979019165,5.090000152587891,5.119999885559082,27600811.0
2020-02-25,5.159999847412109,5.159999847412109,5.0,5.019999980926514,25842568.0
2020-02-26,4.980000019073486,5.199999809265137,4.940000057220459,5.050000190734863,47593450.0
2020-02-27,5.079999923706055,5.210000038146973,5.059999942779541,5.190000057220459,38834200.0
2020-02-28,5.03000020980835,5.119999885559082,4.980000019073486,5.0,34567926.0
2020-03-02,5.079999923706055,5.25,4.96999979019165,5.210000038146973,35415100.0
2020-03-03,5.21999979019165,5.320000171661377,5.150000095367432,5.170000076293945,18167151.0
2020-03-04,5.150000095367432,5.199999809265137,5.110000133514404,5.130000114440918,23069030.0
2020-03-05,5.199999809265137,5.199999809265137,5.099999904632568,5.130000114440918,28982350.0
2020-03-06,5.119999885559082,5.130000114440918,5.019999980926514,5.130000114440918,68727824.0
2020-03-09,4.920000076293945,4.989999771118164,4.71999979019165,4.739999771118164,52984083.0
2020-03-10,4.71999979019165,4.800000190734863,4.630000114440918,4.650000095367432,35521673.0
2020-03-11,4.690000057220459,4.789999961853027,4.610000133514404,4.619999885559082,26516451.0
2020-03-12,4.599999904632568,4.599999904632568,4.380000114440918,4.400000095367432,23610901.0
2020-03-13,4.150000095367432,4.360000133514404,4.050000190734863,4.309999942779541,42385961.0
2020-03-16,4.329999923706055,4.420000076293945,4.139999866485596,4.170000076293945,19833503.0
2020-03-17,4.090000152587891,4.190000057220459,4.019999980926514,4.050000190734863,36967962.0
2020-03-18,4.0,4.150000095367432,3.8299999237060547,3.8299999237060547,34119739.0
2020-03-19,3.859999895095825,3.859999895095825,3.5999999046325684,3.6700000762939453,57990938.0
2020-03-20,3.700000047683716,3.890000104904175,3.700000047683716,3.869999885559082,34496862.0
2020-03-23,3.690000057220459,3.75,3.630000114440918,3.6500000953674316,19143438.0
2020-03-24,3.640000104904175,3.7799999713897705,3.640000104904175,3.7300000190734863,30426216.0
2020-03-25,3.859999895095825,3.940000057220459,3.8299999237060547,3.9200000762939453,38678345.0
2020-03-26,3.950000047683716,4.019999980926514,3.859999895095825,3.9700000286102295,27396492.0
2020-03-27,4.019999980926514,4.199999809265137,3.990000009536743,4.119999885559082,29217900.0
2020-03-30,4.119999885559082,4.119999885559082,3.9600000381469727,4.079999923706055,43925587.0
2020-03-31,4.099999904632568,4.130000114440918,3.890000104904175,3.940000057220459,66168843.0
2020-04-01,3.9100000858306885,4.059999942779541,3.8499999046325684,3.9700000286102295,41803424.0
2020-04-02,3.9600000381469727,3.9600000381469727,3.859999895095825,3.930000066757202,18752781.0
2020-04-03,3.940000057220459,3.950000047683716,3.859999895095825,3.9000000953674316,13957040.0
2020-04-06,4.019999980926514,4.019999980926514,3.8299999237060547,3.890000104904175,14410650.0
2020-04-07,3.930000066757202,4.079999923706055,3.9100000858306885,4.070000171661377,47892994.0
2020-04-08,4.090000152587891,4.090000152587891,4.0,4.079999923706055,26275683.0
2020-04-09,4.119999885559082,4.150000095367432,4.050000190734863,4.110000133514404,16829238.0
2020-04-14,4.039999961853027,4.079999923706055,3.9700000286102295,4.079999923706055,14571949.0
2020-04-15,4.079999923706055,4.130000114440918,4.039999961853027,4.099999904632568,20106986.0
2020-04-16,4.039999961853027,4.070000171661377,3.950000047683716,4.0,31219500.0
2020-04-17,4.039999961853027,4.159999847412109,4.039999961853027,4.099999904632568,39060471.0
2020-04-20,4.119999885559082,4.130000114440918,4.070000171661377,4.099999904632568,20795600.0
2020-04-21,4.119999885559082,4.119999885559082,3.9600000381469727,4.0,41779256.0
2020-04-22,3.990000009536743,4.059999942779541,3.940000057220459,4.039999961853027,16480000.0
2020-04-23,4.070000171661377,4.079999923706055,3.990000009536743,4.050000190734863,11491879.0
2020-04-24,4.010000228881836,4.050000190734863,3.990000009536743,4.0,8072504.0
2020-04-27,4.0,4.099999904632568,4.0,4.059999942779541,10264700.0
2020-04-28,4.070000171661377,4.130000114440918,4.019999980926514,4.099999904632568,7106507.0
2020-04-29,4.119999885559082,4.159999847412109,4.070000171661377,4.110000133514404,11025794.0
2020-05-04,4.03000020980835,4.090000152587891,3.7699999809265137,3.9600000381469727,15344124.0
2020-05-05,3.950000047683716,4.079999923706055,3.930000066757202,3.950000047683716,11842946.0
2020-05-06,3.950000047683716,4.050000190734863,3.950000047683716,3.990000009536743,15446690.0
2020-05-07,4.03000020980835,4.03000020980835,3.9600000381469727,3.9700000286102295,12854467.0
2020-05-08,4.0,4.079999923706055,3.9800000190734863,4.039999961853027,14589570.0
2020-05-11,4.070000171661377,4.119999885559082,4.050000190734863,4.090000152587891,6924564.0
2020-05-12,4.059999942779541,4.059999942779541,3.9600000381469727,3.990000009536743,18305741.0
2020-05-13,3.9600000381469727,3.9700000286102295,3.890000104904175,3.9600000381469727,16374496.0
2020-05-14,3.9200000762939453,3.930000066757202,3.869999885559082,3.890000104904175,20023810.0
2020-05-15,3.9100000858306885,3.930000066757202,3.859999895095825,3.869999885559082,13672600.0
2020-05-18,3.859999895095825,3.940000057220459,3.8399999141693115,3.9100000858306885,8658193.0
2020-05-19,3.950000047683716,4.03000020980835,3.950000047683716,3.990000009536743,16456749.0
2020-05-20,4.0,4.019999980926514,3.950000047683716,3.9700000286102295,7826338.0
2020-05-21,3.9700000286102295,4.0,3.9200000762939453,3.930000066757202,11732539.0
2020-05-22,3.9200000762939453,3.9200000762939453,3.7799999713897705,3.809999942779541,21139800.0
2020-05-25,3.819999933242798,3.819999933242798,3.700000047683716,3.799999952316284,17868980.0
2020-05-26,3.799999952316284,3.869999885559082,3.759999990463257,3.8299999237060547,10806500.0
2020-05-27,3.8299999237060547,3.880000114440918,3.7899999618530273,3.809999942779541,12070328.0
2020-05-28,3.819999933242798,3.869999885559082,3.7100000381469727,3.7100000381469727,14724099.0
2020-05-29,3.700000047683716,3.7100000381469727,3.619999885559082,3.619999885559082,26127900.0
2020-06-01,3.700000047683716,3.7699999809265137,3.680000066757202,3.7200000286102295,13917432.0
2020-06-02,3.759999990463257,3.7899999618530273,3.6700000762939453,3.690000057220459,11638557.0
2020-06-03,3.700000047683716,3.7799999713897705,3.700000047683716,3.7300000190734863,12847913.0
2020-06-04,3.7799999713897705,3.7799999713897705,3.690000057220459,3.7300000190734863,16125220.0
2020-06-05,3.690000057220459,3.859999895095825,3.680000066757202,3.819999933242798,29267300.0
2020-06-08,3.880000114440918,3.9200000762939453,3.8399999141693115,3.880000114440918,13197700.0
2020-06-09,3.890000104904175,3.940000057220459,3.880000114440918,3.9000000953674316,12139340.0
2020-06-10,3.9200000762939453,3.9200000762939453,3.809999942779541,3.819999933242798,11429757.0
2020-06-11,3.8499999046325684,3.859999895095825,3.7200000286102295,3.75,10278039.0
2020-06-12,3.640000104904175,3.700000047683716,3.640000104904175,3.6500000953674316,19003529.0
2020-06-15,3.6500000953674316,3.6600000858306885,3.5799999237060547,3.5899999141693115,18931556.0
2020-06-16,3.6500000953674316,3.6700000762939453,3.609999895095825,3.619999885559082,21083950.0
2020-06-17,3.6500000953674316,3.6500000953674316,3.559999942779541,3.559999942779541,35247422.0
2020-06-18,3.569999933242798,3.619999885559082,3.5399999618530273,3.609999895095825,30585013.0
2020-06-19,3.5899999141693115,3.640000104904175,3.559999942779541,3.5999999046325684,44345966.0
2020-06-22,3.640000104904175,3.6600000858306885,3.569999933242798,3.5999999046325684,37304550.0
2020-06-23,3.4000000953674316,3.4600000381469727,3.2899999618530273,3.3499999046325684,30546925.0
2020-06-24,3.309999942779541,3.3499999046325684,3.1600000858306885,3.240000009536743,52198896.0
2020-06-26,3.240000009536743,3.25,3.140000104904175,3.1600000858306885,24714900.0
2020-06-29,3.1600000858306885,3.259999990463257,3.1600000858306885,3.200000047683716,27455888.0
2020-06-30,3.240000009536743,3.3499999046325684,3.240000009536743,3.2699999809265137,27243484.0
2020-07-02,3.2899999618530273,3.4200000762939453,3.2899999618530273,3.4200000762939453,51175768.0
2020-07-03,3.450000047683716,3.5,3.430000066757202,3.4600000381469727,28223500.0
2020-07-06,3.5299999713897705,3.7899999618530273,3.5,3.7799999713897705,62750976.0
2020-07-07,4.010000228881836,4.050000190734863,3.6500000953674316,3.680000066757202,86339522.0
2020-07-08,3.7300000190734863,3.75,3.6500000953674316,3.7100000381469727,43193125.0
2020-07-09,3.75,3.8399999141693115,3.7100000381469727,3.799999952316284,66209150.0
2020-07-10,3.759999990463257,3.7899999618530273,3.619999885559082,3.6600000858306885,38893835.0
2020-07-13,3.680000066757202,3.7899999618530273,3.6700000762939453,3.75,43026208.0
2020-07-14,3.7799999713897705,3.7799999713897705,3.609999895095825,3.6600000858306885,56766448.0
2020-07-15,3.7300000190734863,3.740000009536743,3.5999999046325684,3.619999885559082,34371208.0
2020-07-16,3.619999885559082,3.6500000953674316,3.5299999713897705,3.549999952316284,46995146.0
2020-07-17,3.5299999713897705,3.5999999046325684,3.5299999713897705,3.549999952316284,19487850.0
2020-07-20,3.559999942779541,3.7899999618530273,3.549999952316284,3.690000057220459,51844228.0
2020-07-21,3.740000009536743,3.759999990463257,3.5999999046325684,3.6600000858306885,21319007.0
2020-07-22,3.640000104904175,3.700000047683716,3.559999942779541,3.569999933242798,42927642.0
2020-07-23,3.5799999237060547,3.5999999046325684,3.4600000381469727,3.4800000190734863,47938580.0
2020-07-24,3.509999990463257,3.549999952316284,3.4100000858306885,3.430000066757202,20850774.0
2020-07-27,3.4700000286102295,3.490000009536743,3.369999885559082,3.369999885559082,12662632.0
2020-07-28,3.4200000762939453,3.450000047683716,3.359999895095825,3.359999895095825,13437273.0
2020-07-29,3.4000000953674316,3.430000066757202,3.3499999046325684,3.4100000858306885,19453311.0
2020-07-30,3.440000057220459,3.4700000286102295,3.4000000953674316,3.4100000858306885,14128945.0
2020-07-31,3.440000057220459,3.4700000286102295,3.369999885559082,3.369999885559082,15062625.0
2020-08-03,3.359999895095825,3.440000057220459,3.359999895095825,3.4000000953674316,14065043.0
2020-08-04,3.430000066757202,3.450000047683716,3.380000114440918,3.4200000762939453,22691532.0
2020-08-05,3.430000066757202,3.440000057220459,3.380000114440918,3.4200000762939453,18624474.0
2020-08-06,3.4200000762939453,3.430000066757202,3.359999895095825,3.4000000953674316,18186767.0
2020-08-07,3.4200000762939453,3.4200000762939453,3.3499999046325684,3.390000104904175,21365027.0
2020-08-10,3.390000104904175,3.4700000286102295,3.3499999046325684,3.4100000858306885,24445800.0
2020-08-11,3.430000066757202,3.4700000286102295,3.4000000953674316,3.450000047683716,25730421.0
2020-08-12,3.4600000381469727,3.4800000190734863,3.4200000762939453,3.4700000286102295,22116679.0
2020-08-13,3.4800000190734863,3.509999990463257,3.4600000381469727,3.4600000381469727,19251188.0
2020-08-14,3.5,3.5799999237060547,3.4600000381469727,3.559999942779541,33192249.0
2020-08-17,3.5799999237060547,3.690000057220459,3.569999933242798,3.6700000762939453,39042672.0
2020-08-18,3.690000057220459,3.740000009536743,3.609999895095825,3.6700000762939453,33412164.0
2020-08-19,3.680000066757202,3.700000047683716,3.609999895095825,3.630000114440918,14064787.0
2020-08-20,3.6600000858306885,3.6600000858306885,3.569999933242798,3.5799999237060547,27401106.0
2020-08-21,3.5999999046325684,3.6500000953674316,3.5799999237060547,3.619999885559082,22738624.0
2020-08-24,3.619999885559082,3.640000104904175,3.5999999046325684,3.630000114440918,9298442.0
2020-08-25,3.6500000953674316,3.7100000381469727,3.640000104904175,3.6500000953674316,19423750.0
2020-08-26,3.680000066757202,3.680000066757202,3.569999933242798,3.619999885559082,13821429.0
2020-08-27,3.5799999237060547,3.619999885559082,3.5,3.5299999713897705,37698972.0
2020-08-28,3.509999990463257,3.6500000953674316,3.509999990463257,3.549999952316284,28077080.0
2020-08-31,3.5199999809265137,3.5899999141693115,3.5,3.5,59341489.0
2020-09-01,3.5,3.5299999713897705,3.4100000858306885,3.4100000858306885,21518200.0
2020-09-02,3.4200000762939453,3.430000066757202,3.3499999046325684,3.3499999046325684,24400756.0
2020-09-03,3.380000114440918,3.380000114440918,3.2699999809265137,3.2899999618530273,32137656.0
2020-09-04,3.259999990463257,3.2699999809265137,3.190000057220459,3.2100000381469727,28594195.0
2020-09-07,3.2100000381469727,3.25,3.200000047683716,3.2200000286102295,18793312.0
2020-09-08,3.2200000286102295,3.2699999809265137,3.2200000286102295,3.240000009536743,9856576.0
2020-09-09,3.2100000381469727,3.2899999618530273,3.2100000381469727,3.2300000190734863,23176750.0
2020-09-10,3.2799999713897705,3.2799999713897705,3.2100000381469727,3.240000009536743,11554750.0
2020-09-11,3.25,3.25,3.2100000381469727,3.25,9782677.0
2020-09-14,3.259999990463257,3.259999990463257,3.200000047683716,3.2100000381469727,18315388.0
2020-09-15,3.2200000286102295,3.240000009536743,3.1700000762939453,3.180000066757202,15934000.0
2020-09-16,3.200000047683716,3.259999990463257,3.1600000858306885,3.25,14985700.0
2020-09-17,3.259999990463257,3.259999990463257,3.200000047683716,3.240000009536743,15596264.0
2020-09-18,3.25,3.3299999237060547,3.2300000190734863,3.309999942779541,30431560.0
2020-09-21,3.319999933242798,3.3499999046325684,3.240000009536743,3.25,7477996.0
2020-09-22,3.2699999809265137,3.2699999809265137,3.1600000858306885,3.180000066757202,15066565.0
2020-09-23,3.1700000762939453,3.2100000381469727,3.130000114440918,3.130000114440918,12897300.0
2020-09-24,3.1500000953674316,3.1500000953674316,3.0299999713897705,3.049999952316284,16281581.0
2020-09-25,3.069999933242798,3.119999885559082,3.0399999618530273,3.049999952316284,11858050.0
2020-09-28,3.059999942779541,3.1700000762939453,3.0299999713897705,3.119999885559082,22075700.0
2020-09-29,3.190000057220459,3.190000057220459,3.0799999237060547,3.0899999141693115,6718162.0
2020-09-30,3.109999895095825,3.140000104904175,3.0799999237060547,3.0799999237060547,7767000.0
2020-10-05,3.109999895095825,3.190000057220459,3.0999999046325684,3.1600000858306885,8220432.0
2020-10-06,3.1600000858306885,3.25,3.1600000858306885,3.2100000381469727,7708048.0
2020-10-07,3.2300000190734863,3.2300000190734863,3.1700000762939453,3.190000057220459,6283492.0
2020-10-08,3.180000066757202,3.3299999237060547,3.180000066757202,3.2899999618530273,12574158.0
2020-10-09,3.2799999713897705,3.3399999141693115,3.180000066757202,3.190000057220459,19334280.0
2020-10-12,3.2100000381469727,3.2799999713897705,3.190000057220459,3.2699999809265137,10390286.0
2020-10-14,3.299999952316284,3.299999952316284,3.190000057220459,3.2300000190734863,15163666.0
2020-10-15,3.2100000381469727,3.25,3.200000047683716,3.200000047683716,6442709.0
2020-10-16,3.2200000286102295,3.259999990463257,3.200000047683716,3.200000047683716,11874000.0
2020-10-19,3.2100000381469727,3.2899999618530273,3.2100000381469727,3.2200000286102295,7227600.0
2020-10-20,3.2200000286102295,3.259999990463257,3.1600000858306885,3.1600000858306885,10240131.0
2020-10-21,3.190000057220459,3.200000047683716,3.1600000858306885,3.1700000762939453,11726900.0
2020-10-22,3.200000047683716,3.200000047683716,3.130000114440918,3.1500000953674316,18812339.0
2020-10-23,3.1500000953674316,3.240000009536743,3.119999885559082,3.2100000381469727,21432753.0
2020-10-27,3.180000066757202,3.190000057220459,3.0999999046325684,3.130000114440918,21333218.0
2020-10-28,3.1500000953674316,3.1500000953674316,3.059999942779541,3.069999933242798,17457920.0
2020-10-29,3.069999933242798,3.069999933242798,3.0299999713897705,3.0399999618530273,22882905.0
2020-10-30,3.059999942779541,3.069999933242798,2.9800000190734863,3.0,25618003.0
2020-11-02,3.009999990463257,3.0199999809265137,2.950000047683716,2.9700000286102295,18236763.0
2020-11-03,3.0,3.0899999141693115,3.0,3.049999952316284,19716896.0
2020-11-04,3.069999933242798,3.0799999237060547,3.0299999713897705,3.0399999618530273,8237959.0
2020-11-05,3.0899999141693115,3.0899999141693115,3.0399999618530273,3.069999933242798,21890008.0
2020-11-06,3.0799999237060547,3.119999885559082,3.069999933242798,3.0999999046325684,18872438.0
2020-11-09,3.119999885559082,3.1600000858306885,3.119999885559082,3.1500000953674316,21436650.0
2020-11-10,3.200000047683716,3.2699999809265137,3.1700000762939453,3.2699999809265137,39152758.0
2020-11-11,3.359999895095825,3.490000009536743,3.2799999713897705,3.4600000381469727,82142254.0
2020-11-12,3.450000047683716,3.4600000381469727,3.309999942779541,3.390000104904175,46315592.0
2020-11-13,3.3399999141693115,3.3499999046325684,3.2300000190734863,3.259999990463257,29157143.0
2020-11-16,3.2899999618530273,3.319999933242798,3.2300000190734863,3.2699999809265137,13106114.0
2020-11-17,3.2899999618530273,3.319999933242798,3.25,3.299999952316284,22684406.0
2020-11-18,3.2899999618530273,3.309999942779541,3.240000009536743,3.2799999713897705,15782550.0
2020-11-19,3.2699999809265137,3.2799999713897705,3.2100000381469727,3.2100000381469727,22120300.0
2020-11-20,3.240000009536743,3.25,3.1700000762939453,3.180000066757202,19838320.0
2020-11-23,3.2100000381469727,3.259999990463257,3.180000066757202,3.25,24728363.0
2020-11-24,3.2799999713897705,3.3299999237060547,3.2100000381469727,3.2100000381469727,21962069.0
2020-11-25,3.25,3.259999990463257,3.180000066757202,3.190000057220459,29386993.0
2020-11-26,3.2200000286102295,3.2200000286102295,3.1500000953674316,3.190000057220459,15427722.0
2020-11-27,3.190000057220459,3.259999990463257,3.1600000858306885,3.2100000381469727,22767633.0
2020-11-30,3.200000047683716,3.2699999809265137,3.109999895095825,3.109999895095825,45931113.0
2020-12-01,3.130000114440918,3.190000057220459,3.109999895095825,3.180000066757202,19224140.0
2020-12-02,3.1600000858306885,3.190000057220459,3.119999885559082,3.130000114440918,19929233.0
2020-12-03,3.140000104904175,3.1500000953674316,3.0799999237060547,3.0799999237060547,38227063.0
2020-12-04,3.0999999046325684,3.109999895095825,3.049999952316284,3.059999942779541,24849700.0
2020-12-07,3.049999952316284,3.0799999237060547,3.0,3.069999933242798,54635352.0
2020-12-08,3.069999933242798,3.069999933242798,3.0,3.0,25943012.0
2020-12-09,3.009999990463257,3.0299999713897705,2.940000057220459,2.940000057220459,37081083.0
2020-12-10,2.940000057220459,2.940000057220459,2.869999885559082,2.890000104904175,43374690.0
2020-12-11,2.890000104904175,2.9100000858306885,2.859999895095825,2.869999885559082,31252039.0
2020-12-14,2.869999885559082,2.930000066757202,2.859999895095825,2.890000104904175,30758108.0
2020-12-15,2.890000104904175,2.9200000762939453,2.8399999141693115,2.8399999141693115,43926570.0
2020-12-16,2.8299999237060547,2.8299999237060547,2.7799999713897705,2.799999952316284,99226369.0
2020-12-17,2.7799999713897705,2.859999895095825,2.7699999809265137,2.819999933242798,66338171.0
2020-12-18,2.7799999713897705,2.890000104904175,2.75,2.75,283416518.0
2020-12-21,2.7899999618530273,2.8399999141693115,2.75,2.799999952316284,71017844.0
2020-12-22,2.799999952316284,2.8499999046325684,2.759999990463257,2.759999990463257,61671884.0
2020-12-23,2.7799999713897705,2.8299999237060547,2.7699999809265137,2.7799999713897705,61487378.0
2020-12-24,2.799999952316284,2.799999952316284,2.799999952316284,2.799999952316284,0.0
2020-12-28,2.819999933242798,2.869999885559082,2.7699999809265137,2.8399999141693115,72828700.0
2020-12-29,2.8399999141693115,2.859999895095825,2.75,2.759999990463257,66394912.0
2020-12-30,2.759999990463257,2.7699999809265137,2.630000114440918,2.680000066757202,259650811.0
2020-12-31,2.680000066757202,2.680000066757202,2.680000066757202,2.680000066757202,0.0
2021-01-04,2.6500000953674316,2.6700000762939453,2.5299999713897705,2.6600000858306885,314336674.0
2021-01-05,2.5999999046325684,2.869999885559082,2.5999999046325684,2.799999952316284,581656431.0
2021-01-06,2.930000066757202,3.4000000953674316,2.880000114440918,3.3499999046325684,512193391.0
2021-01-07,3.4000000953674316,3.4100000858306885,3.140000104904175,3.200000047683716,233198671.0
2021-01-08,3.119999885559082,3.1700000762939453,3.0,3.0,205160593.0
2021-01-11,3.059999942779541,3.3499999046325684,3.059999942779541,3.190000057220459,182147167.0
2021-01-12,3.240000009536743,3.3499999046325684,3.240000009536743,3.299999952316284,112859413.0
2021-01-13,3.3399999141693115,3.8499999046325684,3.2799999713897705,3.75,352085958.0
2021-01-14,3.75,4.130000114440918,3.7300000190734863,3.930000066757202,388610650.0
2021-01-15,4.0,4.0,3.619999885559082,3.700000047683716,225184960.0
2021-01-18,3.7200000286102295,3.990000009536743,3.7100000381469727,3.9800000190734863,122414637.0
2021-01-19,4.099999904632568,4.21999979019165,3.8299999237060547,3.9100000858306885,202015225.0
2021-01-20,3.859999895095825,4.050000190734863,3.859999895095825,3.9100000858306885,167768000.0
2021-01-21,3.9000000953674316,3.930000066757202,3.759999990463257,3.809999942779541,97872630.0
2021-01-22,3.8399999141693115,3.8399999141693115,3.490000009536743,3.5199999809265137,176125211.0
2021-01-25,3.5399999618530273,3.609999895095825,3.4000000953674316,3.490000009536743,116209150.0
2021-01-26,3.4600000381469727,3.5199999809265137,3.369999885559082,3.390000104904175,93605890.0
2021-01-27,3.440000057220459,3.690000057220459,3.4100000858306885,3.5199999809265137,123905612.0
2021-01-28,3.450000047683716,3.5199999809265137,3.319999933242798,3.359999895095825,83227000.0
2021-01-29,3.4200000762939453,3.450000047683716,3.200000047683716,3.2899999618530273,82605500.0
2021-02-01,3.2899999618530273,3.3499999046325684,3.25,3.3299999237060547,44010970.0
2021-02-02,3.390000104904175,3.4800000190734863,3.3499999046325684,3.390000104904175,53274550.0
2021-02-03,3.4200000762939453,3.4200000762939453,3.2300000190734863,3.2799999713897705,67055853.0
2021-02-04,3.299999952316284,3.369999885559082,3.240000009536743,3.259999990463257,57748700.0
2021-02-05,3.259999990463257,3.3299999237060547,3.2200000286102295,3.259999990463257,58400602.0
2021-02-08,3.2699999809265137,3.319999933242798,3.240000009536743,3.259999990463257,42040772.0
2021-02-09,3.2699999809265137,3.4000000953674316,3.2699999809265137,3.3299999237060547,31755900.0
2021-02-10,3.3499999046325684,3.380000114440918,3.2699999809265137,3.299999952316284,22639200.0
2021-02-11,3.3399999141693115,3.3399999141693115,3.3399999141693115,3.3399999141693115,0.0
2021-02-16,3.4200000762939453,3.5899999141693115,3.3399999141693115,3.509999990463257,51864850.0
2021-02-17,3.549999952316284,3.799999952316284,3.5399999618530273,3.799999952316284,80630929.0
2021-02-18,3.7300000190734863,3.7799999713897705,3.609999895095825,3.630000114440918,78205500.0
2021-02-19,3.6600000858306885,3.930000066757202,3.609999895095825,3.880000114440918,136301581.0
2021-02-22,3.950000047683716,4.139999866485596,3.7799999713897705,3.819999933242798,194866312.0
2021-02-23,3.819999933242798,3.9600000381469727,3.7300000190734863,3.759999990463257,84999844.0
2021-02-24,3.759999990463257,3.880000114440918,3.559999942779541,3.7799999713897705,161542360.0
2021-02-25,3.9000000953674316,4.059999942779541,3.8299999237060547,3.9000000953674316,141196188.0
2021-02-26,3.7799999713897705,3.859999895095825,3.6500000953674316,3.7100000381469727,113942001.0
2021-03-01,3.7799999713897705,3.869999885559082,3.640000104904175,3.7899999618530273,62192400.0
2021-03-02,3.859999895095825,3.859999895095825,3.6600000858306885,3.680000066757202,40964930.0
2021-03-03,3.7200000286102295,3.809999942779541,3.6600000858306885,3.7200000286102295,35925200.0
2021-03-04,3.7200000286102295,3.7300000190734863,3.5899999141693115,3.609999895095825,55545200.0
2021-03-05,3.569999933242798,3.619999885559082,3.4800000190734863,3.609999895095825,47463659.0
2021-03-08,3.6500000953674316,3.680000066757202,3.450000047683716,3.4800000190734863,63293050.0
2021-03-09,3.5,3.5199999809265137,3.3499999046325684,3.430000066757202,66893036.0
2021-03-10,3.4800000190734863,3.5199999809265137,3.4000000953674316,3.4100000858306885,25509250.0
2021-03-11,3.450000047683716,3.559999942779541,3.440000057220459,3.549999952316284,35583136.0
2021-03-12,3.559999942779541,3.680000066757202,3.509999990463257,3.569999933242798,51834469.0
2021-03-15,3.6500000953674316,3.690000057220459,3.5799999237060547,3.640000104904175,29073000.0
2021-03-16,3.6500000953674316,3.6600000858306885,3.569999933242798,3.609999895095825,33463050.0
2021-03-17,3.609999895095825,3.619999885559082,3.559999942779541,3.569999933242798,19443900.0
2021-03-18,3.5899999141693115,3.619999885559082,3.5399999618530273,3.5399999618530273,17833647.0
2021-03-19,3.5399999618530273,3.5399999618530273,3.430000066757202,3.490000009536743,31383000.0
2021-03-22,3.5,3.5399999618530273,3.4700000286102295,3.509999990463257,17537650.0
2021-03-23,3.509999990463257,3.5299999713897705,3.430000066757202,3.450000047683716,25215400.0
2021-03-24,3.440000057220459,3.450000047683716,3.319999933242798,3.380000114440918,41216050.0
2021-03-25,3.3499999046325684,3.380000114440918,3.299999952316284,3.369999885559082,24736100.0
2021-03-26,3.369999885559082,3.430000066757202,3.369999885559082,3.4100000858306885,19706500.0
2021-03-29,3.430000066757202,3.430000066757202,3.3399999141693115,3.359999895095825,42017500.0
2021-03-30,3.380000114440918,3.4700000286102295,3.380000114440918,3.4200000762939453,20652500.0
2021-03-31,3.4800000190734863,3.509999990463257,3.430000066757202,3.450000047683716,33795208.0
2021-04-01,3.4800000190734863,3.4800000190734863,3.369999885559082,3.4100000858306885,37576043.0
2021-04-07,3.4100000858306885,3.430000066757202,3.369999885559082,3.4100000858306885,32326600.0
2021-04-08,3.4000000953674316,3.4100000858306885,3.3399999141693115,3.3499999046325684,43871678.0
2021-04-09,3.3499999046325684,3.359999895095825,3.319999933242798,3.3499999046325684,15121650.0
2021-04-12,3.4100000858306885,3.430000066757202,3.369999885559082,3.380000114440918,25759986.0
2021-04-13,3.390000104904175,3.390000104904175,3.3399999141693115,3.3499999046325684,18743019.0
2021-04-14,3.3499999046325684,3.380000114440918,3.3399999141693115,3.359999895095825,18477900.0
2021-04-15,3.359999895095825,3.380000114440918,3.319999933242798,3.3499999046325684,17307000.0
2021-04-16,3.3499999046325684,3.4200000762939453,3.319999933242798,3.390000104904175,25761100.0
2021-04-19,3.4200000762939453,3.450000047683716,3.4000000953674316,3.4200000762939453,34109950.0
2021-04-20,3.440000057220459,3.440000057220459,3.380000114440918,3.4100000858306885,15684300.0
2021-04-21,3.390000104904175,3.4000000953674316,3.359999895095825,3.4000000953674316,11958300.0
2021-04-22,3.4000000953674316,3.4000000953674316,3.359999895095825,3.390000104904175,16469568.0
2021-04-23,3.380000114440918,3.4000000953674316,3.3499999046325684,3.380000114440918,20132821.0
2021-04-26,3.359999895095825,3.4000000953674316,3.3399999141693115,3.3499999046325684,16140600.0
2021-04-27,3.3399999141693115,3.369999885559082,3.3299999237060547,3.3499999046325684,9558672.0
2021-04-28,3.3499999046325684,3.390000104904175,3.3299999237060547,3.3499999046325684,13121000.0
2021-04-29,3.359999895095825,3.390000104904175,3.3499999046325684,3.369999885559082,9537800.0
2021-04-30,3.369999885559082,3.380000114440918,3.3299999237060547,3.369999885559082,12061000.0
2021-05-03,3.369999885559082,3.380000114440918,3.3299999237060547,3.3399999141693115,4732000.0
2021-05-04,3.3499999046325684,3.359999895095825,3.3299999237060547,3.3499999046325684,5342819.0
2021-05-05,3.3299999237060547,3.390000104904175,3.3299999237060547,3.369999885559082,10679400.0
2021-05-06,3.390000104904175,3.430000066757202,3.369999885559082,3.390000104904175,27068400.0
2021-05-07,3.4100000858306885,3.4200000762939453,3.369999885559082,3.390000104904175,29433637.0
2021-05-10,3.390000104904175,3.4200000762939453,3.359999895095825,3.390000104904175,19404000.0
2021-05-11,3.369999885559082,3.369999885559082,3.299999952316284,3.3299999237060547,33517069.0
2021-05-12,3.3299999237060547,3.3299999237060547,3.299999952316284,3.319999933242798,12910261.0
2021-05-13,3.309999942779541,3.430000066757202,3.2899999618530273,3.3299999237060547,63125000.0
2021-05-14,3.369999885559082,3.380000114440918,3.319999933242798,3.3399999141693115,22451859.0
2021-05-17,3.3499999046325684,3.4000000953674316,3.3299999237060547,3.3499999046325684,13458298.0
2021-05-18,3.3499999046325684,3.369999885559082,3.3399999141693115,3.3499999046325684,16149400.0
2021-05-20,3.3499999046325684,3.359999895095825,3.3299999237060547,3.3399999141693115,11898000.0
2021-05-21,3.3299999237060547,3.359999895095825,3.3299999237060547,3.3399999141693115,9371000.0
2021-05-24,3.3499999046325684,3.359999895095825,3.319999933242798,3.3499999046325684,9833350.0
2021-05-25,3.3299999237060547,3.359999895095825,3.319999933242798,3.3499999046325684,19673014.0
2021-05-26,3.3499999046325684,3.4200000762939453,3.3299999237060547,3.359999895095825,29229050.0
2021-05-27,3.359999895095825,3.390000104904175,3.3499999046325684,3.359999895095825,14628100.0
2021-05-28,3.369999885559082,3.380000114440918,3.3299999237060547,3.3399999141693115,19249500.0
2021-05-31,3.3499999046325684,3.3499999046325684,3.309999942779541,3.319999933242798,24572150.0
2021-06-01,3.3299999237060547,3.369999885559082,3.319999933242798,3.3399999141693115,13085550.0
2021-06-02,3.3399999141693115,3.3499999046325684,3.319999933242798,3.3399999141693115,10515194.0
2021-06-03,3.3399999141693115,3.359999895095825,3.319999933242798,3.3299999237060547,8701738.0
2021-06-04,3.3399999141693115,3.4000000953674316,3.3299999237060547,3.380000114440918,35440110.0
2021-06-07,3.4200000762939453,3.5999999046325684,3.4100000858306885,3.5299999713897705,106647856.0
2021-06-08,3.5799999237060547,3.5999999046325684,3.4600000381469727,3.4600000381469727,42231750.0
2021-06-09,3.4800000190734863,3.5299999713897705,3.4800000190734863,3.5199999809265137,22516109.0
2021-06-10,3.6500000953674316,3.7200000286102295,3.619999885559082,3.6700000762939453,97882152.0
2021-06-11,3.680000066757202,3.7100000381469727,3.6500000953674316,3.690000057220459,41284693.0
2021-06-15,3.7200000286102295,3.7200000286102295,3.5999999046325684,3.6500000953674316,67639552.0
2021-06-16,3.6700000762939453,3.7699999809265137,3.630000114440918,3.7300000190734863,69347496.0
2021-06-17,3.7200000286102295,3.7699999809265137,3.7100000381469727,3.759999990463257,48324000.0
2021-06-18,3.7699999809265137,3.7699999809265137,3.640000104904175,3.7100000381469727,169903384.0
2021-06-21,3.640000104904175,3.7100000381469727,3.619999885559082,3.6700000762939453,30594784.0
2021-06-22,3.6700000762939453,3.680000066757202,3.5999999046325684,3.619999885559082,22697000.0
2021-06-23,3.4600000381469727,3.549999952316284,3.4200000762939453,3.5,31986000.0
2021-06-24,3.5399999618530273,3.5399999618530273,3.4600000381469727,3.5,13361550.0
2021-06-25,3.5,3.5199999809265137,3.4600000381469727,3.4800000190734863,14896110.0
2021-06-28,3.5,3.549999952316284,3.4700000286102295,3.4800000190734863,9614000.0
2021-06-29,3.4800000190734863,3.4800000190734863,3.4000000953674316,3.440000057220459,22159000.0
2021-06-30,3.4600000381469727,3.4700000286102295,3.4100000858306885,3.430000066757202,17232100.0
2021-07-02,3.430000066757202,3.450000047683716,3.3499999046325684,3.380000114440918,21887200.0
2021-07-05,3.380000114440918,3.4200000762939453,3.3499999046325684,3.369999885559082,9694451.0
2021-07-06,3.390000104904175,3.390000104904175,3.319999933242798,3.3399999141693115,12866325.0
2021-07-07,3.3399999141693115,3.4000000953674316,3.309999942779541,3.380000114440918,14726700.0
2021-07-08,3.380000114440918,3.380000114440918,3.25,3.2699999809265137,26239993.0
2021-07-09,3.2699999809265137,3.3499999046325684,3.2300000190734863,3.3299999237060547,28440300.0
2021-07-12,3.3499999046325684,3.380000114440918,3.3299999237060547,3.359999895095825,16767000.0
2021-07-13,3.359999895095825,3.430000066757202,3.3399999141693115,3.4200000762939453,16740510.0
2021-07-14,3.430000066757202,3.4600000381469727,3.380000114440918,3.430000066757202,13579100.0
2021-07-15,3.4600000381469727,3.4600000381469727,3.4000000953674316,3.4200000762939453,14114750.0
2021-07-16,3.430000066757202,3.430000066757202,3.369999885559082,3.4000000953674316,15542100.0
2021-07-19,3.390000104904175,3.4100000858306885,3.319999933242798,3.390000104904175,17621206.0
2021-07-20,3.369999885559082,3.430000066757202,3.299999952316284,3.369999885559082,23050100.0
2021-07-21,3.390000104904175,3.4200000762939453,3.369999885559082,3.4100000858306885,11978100.0
2021-07-22,3.4100000858306885,3.4600000381469727,3.390000104904175,3.4100000858306885,16120844.0
2021-07-23,3.4700000286102295,3.6600000858306885,3.450000047683716,3.569999933242798,77931700.0
2021-07-26,3.5799999237060547,3.5999999046325684,3.450000047683716,3.4700000286102295,34628450.0
2021-07-27,3.509999990463257,3.549999952316284,3.25,3.3299999237060547,59659400.0
2021-07-28,3.3499999046325684,3.369999885559082,3.240000009536743,3.2799999713897705,34430000.0
2021-07-29,3.3499999046325684,3.359999895095825,3.2799999713897705,3.309999942779541,29294500.0
2021-07-30,3.319999933242798,3.359999895095825,3.2699999809265137,3.3299999237060547,28585000.0
2021-08-02,3.3299999237060547,3.4600000381469727,3.2799999713897705,3.4200000762939453,43620000.0
2021-08-03,3.4200000762939453,3.4800000190734863,3.380000114440918,3.4100000858306885,20708613.0
2021-08-04,3.4000000953674316,3.430000066757202,3.390000104904175,3.4200000762939453,15562800.0
2021-08-05,3.4200000762939453,3.4800000190734863,3.4000000953674316,3.440000057220459,26778050.0
2021-08-06,3.4600000381469727,3.4600000381469727,3.4100000858306885,3.440000057220459,7596130.0
2021-08-09,3.450000047683716,3.509999990463257,3.4000000953674316,3.450000047683716,20277109.0
2021-08-10,3.4700000286102295,3.4700000286102295,3.4200000762939453,3.4700000286102295,12234100.0
2021-08-11,3.4800000190734863,3.490000009536743,3.380000114440918,3.4200000762939453,29264842.0
2021-08-12,3.430000066757202,3.450000047683716,3.380000114440918,3.390000104904175,21285780.0
2021-08-13,3.390000104904175,3.4100000858306885,3.3399999141693115,3.359999895095825,26341300.0
2021-08-16,3.359999895095825,3.430000066757202,3.3499999046325684,3.369999885559082,13734498.0
2021-08-17,3.390000104904175,3.4200000762939453,3.309999942779541,3.3399999141693115,21897050.0
2021-08-18,3.3399999141693115,3.359999895095825,3.319999933242798,3.3499999046325684,17812400.0
2021-08-19,3.3299999237060547,3.3499999046325684,3.2799999713897705,3.299999952316284,21938928.0
2021-08-20,3.299999952316284,3.299999952316284,3.190000057220459,3.259999990463257,27632189.0
2021-08-23,3.240000009536743,3.2899999618530273,3.240000009536743,3.259999990463257,12692650.0
2021-08-24,3.2799999713897705,3.309999942779541,3.2699999809265137,3.299999952316284,16775720.0
2021-08-25,3.299999952316284,3.390000104904175,3.2899999618530273,3.3499999046325684,20871850.0
2021-08-26,3.3499999046325684,3.4700000286102295,3.3499999046325684,3.369999885559082,28180250.0
2021-08-27,3.369999885559082,3.6500000953674316,3.369999885559082,3.490000009536743,77310800.0
2021-08-30,3.509999990463257,3.509999990463257,3.4100000858306885,3.4700000286102295,32828000.0
2021-08-31,3.4600000381469727,3.5999999046325684,3.430000066757202,3.5399999618530273,59273500.0
2021-09-01,3.5799999237060547,3.7100000381469727,3.5399999618530273,3.6500000953674316,83594908.0
2021-09-02,3.6600000858306885,3.8499999046325684,3.630000114440918,3.8299999237060547,101467100.0
2021-09-03,3.8299999237060547,3.859999895095825,3.75,3.799999952316284,55122359.0
2021-09-06,3.799999952316284,3.940000057220459,3.799999952316284,3.9200000762939453,65104723.0
2021-09-07,3.930000066757202,3.9600000381469727,3.8499999046325684,3.9200000762939453,58249813.0
2021-09-08,3.9200000762939453,4.039999961853027,3.869999885559082,3.9000000953674316,54465650.0
2021-09-09,3.890000104904175,3.950000047683716,3.819999933242798,3.9200000762939453,40133350.0
2021-09-10,3.950000047683716,3.9800000190734863,3.880000114440918,3.9000000953674316,34187800.0
2021-09-13,3.890000104904175,3.9600000381469727,3.819999933242798,3.8399999141693115,44552057.0
2021-09-14,3.8399999141693115,3.8499999046325684,3.680000066757202,3.75,50096500.0
2021-09-15,3.7300000190734863,3.8299999237060547,3.700000047683716,3.7799999713897705,24858358.0
2021-09-16,3.7699999809265137,3.7899999618530273,3.630000114440918,3.7100000381469727,16184700.0
2021-09-17,3.700000047683716,3.740000009536743,3.619999885559082,3.740000009536743,19703200.0
2021-09-20,3.740000009536743,3.740000009536743,3.549999952316284,3.6500000953674316,20736600.0
2021-09-21,3.619999885559082,3.6600000858306885,3.549999952316284,3.619999885559082,9687102.0
2021-09-23,3.6700000762939453,3.7699999809265137,3.6700000762939453,3.700000047683716,24967950.0
2021-09-24,3.680000066757202,3.7300000190734863,3.5799999237060547,3.630000114440918,23795325.0
2021-09-27,3.619999885559082,3.6600000858306885,3.509999990463257,3.559999942779541,20050000.0
2021-09-28,3.5399999618530273,3.5799999237060547,3.509999990463257,3.5299999713897705,23341700.0
2021-09-29,3.559999942779541,3.559999942779541,3.490000009536743,3.5199999809265137,13221900.0
2021-09-30,3.5199999809265137,3.5799999237060547,3.4600000381469727,3.559999942779541,16159500.0
2021-10-04,3.559999942779541,3.630000114440918,3.5,3.5899999141693115,19553500.0
2021-10-05,3.5899999141693115,3.630000114440918,3.5399999618530273,3.5999999046325684,7734238.0
2021-10-06,3.640000104904175,3.690000057220459,3.559999942779541,3.640000104904175,13695750.0
2021-10-07,3.6500000953674316,3.75,3.6500000953674316,3.7300000190734863,15655400.0
2021-10-08,3.7300000190734863,3.75,3.6500000953674316,3.740000009536743,22013150.0
2021-10-11,3.740000009536743,3.75,3.640000104904175,3.6600000858306885,14178000.0
2021-10-12,3.6500000953674316,3.6500000953674316,3.5799999237060547,3.630000114440918,13232154.0
2021-10-15,3.619999885559082,3.619999885559082,3.549999952316284,3.5899999141693115,18535748.0
2021-10-18,3.5899999141693115,3.609999895095825,3.549999952316284,3.5799999237060547,12077000.0
2021-10-19,3.559999942779541,3.640000104904175,3.559999942779541,3.619999885559082,12684050.0
2021-10-20,3.619999885559082,3.6600000858306885,3.619999885559082,3.619999885559082,17891107.0
2021-10-21,3.6600000858306885,3.6600000858306885,3.5899999141693115,3.609999895095825,14637500.0
2021-10-22,3.609999895095825,3.7300000190734863,3.5999999046325684,3.680000066757202,24550500.0
2021-10-25,3.7100000381469727,3.7100000381469727,3.619999885559082,3.6600000858306885,13848000.0
2021-10-26,3.690000057220459,3.700000047683716,3.6500000953674316,3.6700000762939453,9975750.0
2021-10-27,3.690000057220459,3.690000057220459,3.5999999046325684,3.619999885559082,15020000.0
2021-10-28,3.609999895095825,3.619999885559082,3.4600000381469727,3.5299999713897705,33973200.0
2021-10-29,3.5199999809265137,3.5299999713897705,3.490000009536743,3.5199999809265137,19207400.0
2021-11-01,3.5,3.509999990463257,3.430000066757202,3.490000009536743,13950523.0
2021-11-02,3.509999990463257,3.609999895095825,3.490000009536743,3.5199999809265137,17956700.0
2021-11-03,3.509999990463257,3.549999952316284,3.490000009536743,3.5199999809265137,8702078.0
2021-11-04,3.509999990463257,3.5999999046325684,3.5,3.5999999046325684,17435100.0
2021-11-05,3.559999942779541,3.5999999046325684,3.509999990463257,3.549999952316284,18935335.0
2021-11-08,3.5399999618530273,3.5899999141693115,3.509999990463257,3.549999952316284,16721300.0
2021-11-09,3.549999952316284,3.549999952316284,3.4700000286102295,3.5,20959650.0
2021-11-10,3.5,3.509999990463257,3.450000047683716,3.5,15608200.0
2021-11-11,3.4700000286102295,3.559999942779541,3.4700000286102295,3.5299999713897705,15504532.0
2021-11-12,3.6500000953674316,3.7100000381469727,3.549999952316284,3.569999933242798,49299200.0
2021-11-15,3.5999999046325684,3.6600000858306885,3.5799999237060547,3.6500000953674316,22672936.0
2021-11-16,3.6600000858306885,3.7300000190734863,3.6500000953674316,3.700000047683716,32356250.0
2021-11-17,3.7300000190734863,3.7699999809265137,3.700000047683716,3.7300000190734863,35900500.0
2021-11-18,3.7300000190734863,3.7300000190734863,3.680000066757202,3.690000057220459,19702000.0
2021-11-19,3.680000066757202,3.7300000190734863,3.6700000762939453,3.7200000286102295,19885505.0
2021-11-22,3.7200000286102295,3.75,3.6700000762939453,3.700000047683716,28829900.0
2021-11-23,3.7200000286102295,3.799999952316284,3.7200000286102295,3.75,36879600.0
2021-11-24,3.7300000190734863,3.7899999618530273,3.7200000286102295,3.7300000190734863,23484000.0
2021-11-25,3.7300000190734863,3.7799999713897705,3.7200000286102295,3.75,26849750.0
2021-11-26,3.759999990463257,3.759999990463257,3.6700000762939453,3.680000066757202,30738505.0
2021-11-29,3.6600000858306885,3.6600000858306885,3.559999942779541,3.5899999141693115,41015400.0
2021-11-30,3.619999885559082,3.630000114440918,3.4600000381469727,3.4600000381469727,320574869.0
2021-12-01,3.450000047683716,3.5299999713897705,3.440000057220459,3.490000009536743,42698127.0
2021-12-02,3.4800000190734863,3.5399999618530273,3.4600000381469727,3.5199999809265137,21975814.0
2021-12-03,3.5199999809265137,3.569999933242798,3.5,3.549999952316284,19115563.0
2021-12-06,3.5399999618530273,3.5799999237060547,3.4800000190734863,3.490000009536743,20223469.0
2021-12-07,3.5199999809265137,3.5999999046325684,3.509999990463257,3.5799999237060547,22629811.0
2021-12-08,3.619999885559082,3.619999885559082,3.549999952316284,3.5899999141693115,12177945.0
2021-12-09,3.5899999141693115,3.609999895095825,3.559999942779541,3.5899999141693115,10357950.0
2021-12-10,3.5899999141693115,3.5999999046325684,3.5199999809265137,3.559999942779541,15831776.0
2021-12-13,3.559999942779541,3.5999999046325684,3.509999990463257,3.5299999713897705,19536189.0
2021-12-14,3.5299999713897705,3.5299999713897705,3.4100000858306885,3.440000057220459,25855831.0
2021-12-15,3.430000066757202,3.4600000381469727,3.390000104904175,3.4200000762939453,12057452.0
2021-12-16,3.440000057220459,3.440000057220459,3.390000104904175,3.4000000953674316,14682810.0
2021-12-17,3.4200000762939453,3.440000057220459,3.390000104904175,3.4000000953674316,13218600.0
2021-12-20,3.4000000953674316,3.4000000953674316,3.3399999141693115,3.3499999046325684,17062550.0
2021-12-21,3.3399999141693115,3.4000000953674316,3.3399999141693115,3.380000114440918,10566081.0
2021-12-22,3.390000104904175,3.4000000953674316,3.359999895095825,3.4000000953674316,6249897.0
2021-12-23,3.4000000953674316,3.4200000762939453,3.390000104904175,3.4100000858306885,12312275.0
2021-12-24,3.430000066757202,3.430000066757202,3.380000114440918,3.4100000858306885,3428900.0
2021-12-28,3.4000000953674316,3.4200000762939453,3.390000104904175,3.4100000858306885,10096200.0
2021-12-29,3.390000104904175,3.430000066757202,3.380000114440918,3.4000000953674316,4167791.0
2021-12-30,3.390000104904175,3.390000104904175,3.359999895095825,3.369999885559082,4744912.0
2021-12-31,3.4000000953674316,3.4000000953674316,3.3299999237060547,3.3499999046325684,6390800.0
2022-01-03,3.359999895095825,3.4200000762939453,3.3499999046325684,3.4200000762939453,8928450.0
2022-01-04,3.4200000762939453,3.450000047683716,3.390000104904175,3.4200000762939453,9043328.0
2022-01-05,3.430000066757202,3.4600000381469727,3.390000104904175,3.4000000953674316,11806000.0
2022-01-06,3.4000000953674316,3.450000047683716,3.390000104904175,3.440000057220459,13371951.0
2022-01-07,3.440000057220459,3.509999990463257,3.4200000762939453,3.5,15524674.0
2022-01-10,3.5,3.5,3.450000047683716,3.490000009536743,14248362.0
2022-01-11,3.4800000190734863,3.549999952316284,3.4800000190734863,3.5299999713897705,15041547.0
2022-01-12,3.5299999713897705,3.549999952316284,3.490000009536743,3.5299999713897705,6619038.0
2022-01-13,3.5199999809265137,3.549999952316284,3.4800000190734863,3.5,16394903.0
2022-01-14,3.490000009536743,3.5,3.4700000286102295,3.4800000190734863,13656000.0
2022-01-17,3.490000009536743,3.490000009536743,3.430000066757202,3.4600000381469727,8162000.0
2022-01-18,3.4600000381469727,3.5399999618530273,3.450000047683716,3.5,13408186.0
2022-01-19,3.509999990463257,3.569999933242798,3.5,3.559999942779541,15054913.0
2022-01-20,3.5799999237060547,3.5999999046325684,3.5299999713897705,3.5799999237060547,13524506.0
2022-01-21,3.5899999141693115,3.5899999141693115,3.5299999713897705,3.569999933242798,8962200.0
2022-01-24,3.549999952316284,3.5899999141693115,3.5399999618530273,3.5799999237060547,11217821.0
2022-01-25,3.559999942779541,3.569999933242798,3.4600000381469727,3.509999990463257,17603432.0
2022-01-26,3.5,3.559999942779541,3.5,3.5299999713897705,12423600.0
2022-01-27,3.509999990463257,3.5799999237060547,3.4800000190734863,3.5799999237060547,17031350.0
2022-01-28,3.5799999237060547,3.5899999141693115,3.509999990463257,3.559999942779541,17398800.0
2022-01-31,3.549999952316284,3.549999952316284,3.549999952316284,3.549999952316284,0.0
2022-02-04,3.5399999618530273,3.619999885559082,3.5399999618530273,3.609999895095825,16527093.0
2022-02-07,3.5799999237060547,3.7100000381469727,3.5799999237060547,3.690000057220459,28450091.0
2022-02-08,3.700000047683716,3.7300000190734863,3.640000104904175,3.690000057220459,19115000.0
2022-02-09,3.700000047683716,3.7100000381469727,3.6600000858306885,3.6700000762939453,12209300.0
2022-02-10,3.680000066757202,3.7200000286102295,3.6500000953674316,3.7200000286102295,15677594.0
2022-02-11,3.7200000286102295,3.7200000286102295,3.6700000762939453,3.700000047683716,14019555.0
2022-02-14,3.690000057220459,3.690000057220459,3.640000104904175,3.680000066757202,13283800.0
2022-02-15,3.6500000953674316,3.680000066757202,3.609999895095825,3.6500000953674316,7449407.0
2022-02-16,3.6700000762939453,3.690000057220459,3.630000114440918,3.6500000953674316,7404621.0
2022-02-17,3.6700000762939453,3.690000057220459,3.609999895095825,3.630000114440918,7632900.0
2022-02-18,3.619999885559082,3.6500000953674316,3.609999895095825,3.630000114440918,5316634.0
2022-02-21,3.619999885559082,3.640000104904175,3.5999999046325684,3.640000104904175,5475859.0
2022-02-22,3.609999895095825,3.619999885559082,3.5399999618530273,3.609999895095825,13307470.0
2022-02-23,3.569999933242798,3.619999885559082,3.559999942779541,3.5799999237060547,7314633.0
2022-02-24,3.569999933242798,3.5899999141693115,3.4600000381469727,3.5,15599128.0
2022-02-25,3.490000009536743,3.509999990463257,3.430000066757202,3.4700000286102295,17086262.0
2022-02-28,3.4700000286102295,3.4700000286102295,3.4000000953674316,3.4700000286102295,14874805.0
2022-03-01,3.4700000286102295,3.5199999809265137,3.440000057220459,3.5199999809265137,10373140.0
2022-03-02,3.509999990463257,3.509999990463257,3.430000066757202,3.450000047683716,8364525.0
2022-03-03,3.4700000286102295,3.5199999809265137,3.4700000286102295,3.5,5986401.0
2022-03-04,3.4600000381469727,3.4700000286102295,3.380000114440918,3.4200000762939453,17925746.0
2022-03-07,3.390000104904175,3.390000104904175,3.2799999713897705,3.2799999713897705,25190434.0
2022-03-08,3.2899999618530273,3.309999942779541,3.190000057220459,3.2100000381469727,16477018.0
2022-03-09,3.240000009536743,3.25,3.0999999046325684,3.180000066757202,16310869.0
2022-03-10,3.240000009536743,3.25,3.200000047683716,3.2200000286102295,8193038.0
2022-03-11,3.180000066757202,3.180000066757202,3.0999999046325684,3.1500000953674316,15517777.0
2022-03-14,3.109999895095825,3.1600000858306885,3.0199999809265137,3.0399999618530273,23611300.0
2022-03-15,3.009999990463257,3.0199999809265137,2.7799999713897705,2.809999942779541,48400045.0
2022-03-16,2.880000114440918,2.9800000190734863,2.799999952316284,2.9600000381469727,26073350.0
2022-03-17,3.0199999809265137,3.190000057220459,3.0199999809265137,3.180000066757202,40774790.0
2022-03-18,3.130000114440918,3.2699999809265137,3.130000114440918,3.2699999809265137,48167869.0
2022-03-21,3.2799999713897705,3.2799999713897705,3.1500000953674316,3.180000066757202,15268536.0
2022-03-22,3.200000047683716,3.2899999618530273,3.200000047683716,3.259999990463257,12791200.0
2022-03-23,3.2300000190734863,3.2799999713897705,3.2200000286102295,3.240000009536743,11040970.0
2022-03-24,3.2200000286102295,3.2300000190734863,3.190000057220459,3.2200000286102295,7574821.0
2022-03-25,3.2200000286102295,3.240000009536743,3.140000104904175,3.1600000858306885,11411498.0
2022-03-28,3.1500000953674316,3.1600000858306885,3.0899999141693115,3.130000114440918,11323400.0
2022-03-29,3.140000104904175,3.180000066757202,3.119999885559082,3.140000104904175,8557350.0
2022-03-30,3.1600000858306885,3.240000009536743,3.1500000953674316,3.2300000190734863,15891771.0
2022-03-31,3.25,3.259999990463257,3.140000104904175,3.140000104904175,9319155.0
2022-04-01,3.140000104904175,3.190000057220459,3.0799999237060547,3.180000066757202,5710173.0
2022-04-04,3.180000066757202,3.190000057220459,3.119999885559082,3.1700000762939453,7094100.0
2022-04-06,3.1600000858306885,3.2300000190734863,3.1500000953674316,3.2200000286102295,14385515.0
2022-04-07,3.180000066757202,3.2200000286102295,3.140000104904175,3.140000104904175,11020416.0
2022-04-08,3.1700000762939453,3.2699999809265137,3.1600000858306885,3.259999990463257,18762051.0
2022-04-11,3.259999990463257,3.259999990463257,3.180000066757202,3.180000066757202,10399411.0
2022-04-12,3.180000066757202,3.200000047683716,3.119999885559082,3.140000104904175,12125344.0
2022-04-13,3.0299999713897705,3.0399999618530273,2.890000104904175,2.9200000762939453,78694998.0
2022-04-14,2.930000066757202,2.940000057220459,2.890000104904175,2.930000066757202,48431400.0
2022-04-19,2.9100000858306885,2.940000057220459,2.880000114440918,2.9000000953674316,43668502.0
2022-04-20,2.9200000762939453,2.950000047683716,2.890000104904175,2.9000000953674316,23858953.0
2022-04-21,2.9000000953674316,2.9200000762939453,2.8499999046325684,2.869999885559082,21285507.0
2022-04-22,2.8399999141693115,2.890000104904175,2.819999933242798,2.869999885559082,34206586.0
2022-04-25,2.8499999046325684,2.8499999046325684,2.7799999713897705,2.7899999618530273,20573856.0
2022-04-26,2.799999952316284,2.8299999237060547,2.7799999713897705,2.799999952316284,11868052.0
2022-04-27,2.799999952316284,2.880000114440918,2.7799999713897705,2.859999895095825,29436800.0
2022-04-28,2.880000114440918,2.930000066757202,2.869999885559082,2.9200000762939453,30901550.0
2022-04-29,2.930000066757202,2.930000066757202,2.8499999046325684,2.930000066757202,27522901.0
2022-05-03,2.9200000762939453,2.9700000286102295,2.8499999046325684,2.950000047683716,16526339.0
2022-05-04,2.950000047683716,2.950000047683716,2.9200000762939453,2.950000047683716,2997505.0
2022-05-05,2.950000047683716,2.9600000381469727,2.9100000858306885,2.930000066757202,10270715.0
2022-05-06,2.9000000953674316,2.9100000858306885,2.859999895095825,2.880000114440918,19528110.0
2022-05-10,2.8499999046325684,2.890000104904175,2.819999933242798,2.859999895095825,9544451.0
2022-05-11,2.869999885559082,2.9100000858306885,2.8399999141693115,2.869999885559082,6804728.0
2022-05-12,2.890000104904175,2.890000104904175,2.8399999141693115,2.8499999046325684,8521132.0
2022-05-13,2.859999895095825,2.9000000953674316,2.8499999046325684,2.880000114440918,4998855.0
2022-05-16,2.880000114440918,2.9000000953674316,2.869999885559082,2.890000104904175,5559523.0
2022-05-17,2.9000000953674316,2.9200000762939453,2.880000114440918,2.9200000762939453,9737909.0
2022-05-18,2.9200000762939453,2.950000047683716,2.9000000953674316,2.930000066757202,15516915.0
2022-05-19,2.9100000858306885,2.950000047683716,2.859999895095825,2.930000066757202,9185051.0
2022-05-20,2.940000057220459,2.9700000286102295,2.940000057220459,2.9700000286102295,6863590.0
2022-05-23,2.950000047683716,3.0,2.950000047683716,2.990000009536743,10142094.0
2022-05-24,2.9800000190734863,3.0,2.940000057220459,2.950000047683716,8974695.0
2022-05-25,2.9800000190734863,2.990000009536743,2.950000047683716,2.9800000190734863,7239043.0
2022-05-26,2.9800000190734863,3.0199999809265137,2.9700000286102295,3.0199999809265137,9532852.0
2022-05-27,3.0399999618530273,3.049999952316284,3.0,3.0199999809265137,8543232.0
2022-05-30,3.0299999713897705,3.069999933242798,3.0299999713897705,3.059999942779541,10167205.0
2022-05-31,3.059999942779541,3.1500000953674316,3.0399999618530273,3.1500000953674316,27830526.0
2022-06-01,3.130000114440918,3.140000104904175,3.119999885559082,3.119999885559082,10414000.0
2022-06-02,3.119999885559082,3.140000104904175,3.0899999141693115,3.119999885559082,8829271.0
2022-06-06,3.109999895095825,3.1600000858306885,3.0899999141693115,3.1600000858306885,15682909.0
2022-06-07,3.140000104904175,3.1700000762939453,3.0999999046325684,3.1500000953674316,19095187.0
2022-06-08,3.1500000953674316,3.2100000381469727,3.119999885559082,3.200000047683716,24818047.0
2022-06-09,3.200000047683716,3.2100000381469727,3.130000114440918,3.130000114440918,9926420.0
2022-06-10,3.109999895095825,3.109999895095825,3.0799999237060547,3.0899999141693115,14721821.0
2022-06-13,3.059999942779541,3.069999933242798,3.0199999809265137,3.0399999618530273,9104244.0
2022-06-14,3.0299999713897705,3.0799999237060547,3.0,3.059999942779541,6822131.0
2022-06-15,3.069999933242798,3.190000057220459,3.069999933242798,3.1600000858306885,21096109.0
2022-06-16,3.180000066757202,3.180000066757202,3.0999999046325684,3.140000104904175,16275205.0
2022-06-17,3.119999885559082,3.259999990463257,3.0999999046325684,3.200000047683716,41429862.0
2022-06-20,3.200000047683716,3.2200000286102295,3.1500000953674316,3.200000047683716,17839324.0
2022-06-21,3.1700000762939453,3.2100000381469727,3.1700000762939453,3.180000066757202,20510775.0
2022-06-22,2.990000009536743,3.0299999713897705,2.890000104904175,2.9000000953674316,20675163.0
2022-06-23,2.9000000953674316,2.940000057220459,2.880000114440918,2.890000104904175,20021094.0
2022-06-24,2.890000104904175,2.9200000762939453,2.859999895095825,2.880000114440918,18982026.0
2022-06-27,2.9100000858306885,2.930000066757202,2.890000104904175,2.9000000953674316,11840472.0
2022-06-28,2.9200000762939453,3.009999990463257,2.9000000953674316,3.0,11226534.0
2022-06-29,2.990000009536743,3.009999990463257,2.950000047683716,2.9800000190734863,7900100.0
2022-06-30,2.9600000381469727,2.9800000190734863,2.9000000953674316,2.9200000762939453,18218384.0
2022-07-04,2.9200000762939453,2.950000047683716,2.890000104904175,2.950000047683716,7130798.0
2022-07-05,2.950000047683716,2.9700000286102295,2.9000000953674316,2.9200000762939453,8047307.0
2022-07-06,2.930000066757202,2.930000066757202,2.8499999046325684,2.880000114440918,9249525.0
2022-07-07,2.859999895095825,2.890000104904175,2.8499999046325684,2.869999885559082,5135132.0
2022-07-08,2.890000104904175,2.9800000190734863,2.890000104904175,2.9700000286102295,14150707.0
2022-07-11,2.9700000286102295,2.990000009536743,2.9200000762939453,2.950000047683716,3854490.0
2022-07-12,2.9200000762939453,2.9700000286102295,2.9100000858306885,2.940000057220459,5232236.0
2022-07-13,2.930000066757202,2.9800000190734863,2.9100000858306885,2.940000057220459,7380412.0
2022-07-14,2.940000057220459,2.9600000381469727,2.9100000858306885,2.9600000381469727,9470859.0
2022-07-15,2.950000047683716,2.950000047683716,2.890000104904175,2.9000000953674316,7176000.0
2022-07-18,2.9000000953674316,2.950000047683716,2.880000114440918,2.950000047683716,7147805.0
2022-07-19,2.9200000762939453,2.950000047683716,2.9200000762939453,2.940000057220459,4323016.0
2022-07-20,2.950000047683716,2.9700000286102295,2.930000066757202,2.940000057220459,4000724.0
2022-07-21,2.9600000381469727,3.0,2.940000057220459,2.9700000286102295,12022454.0
2022-07-22,2.9700000286102295,2.9800000190734863,2.930000066757202,2.950000047683716,3038168.0
2022-07-25,2.950000047683716,2.950000047683716,2.9200000762939453,2.940000057220459,3170410.0
2022-07-26,2.940000057220459,2.950000047683716,2.9000000953674316,2.9200000762939453,8241055.0
2022-07-27,2.930000066757202,2.930000066757202,2.880000114440918,2.9100000858306885,6169674.0
2022-07-28,2.9200000762939453,2.950000047683716,2.869999885559082,2.930000066757202,8147549.0
2022-07-29,2.930000066757202,2.9600000381469727,2.890000104904175,2.9200000762939453,11579896.0
2022-08-01,2.9200000762939453,2.9200000762939453,2.859999895095825,2.890000104904175,8696990.0
2022-08-02,2.9000000953674316,2.9000000953674316,2.7699999809265137,2.819999933242798,11167400.0
2022-08-03,2.819999933242798,2.8399999141693115,2.799999952316284,2.809999942779541,6240653.0
2022-08-04,2.819999933242798,2.8399999141693115,2.7899999618530273,2.809999942779541,3843186.0
2022-08-05,2.799999952316284,2.859999895095825,2.799999952316284,2.8399999141693115,6034494.0
2022-08-08,2.8299999237060547,2.869999885559082,2.819999933242798,2.8499999046325684,2205100.0
2022-08-09,2.8499999046325684,2.880000114440918,2.8399999141693115,2.8499999046325684,1386943.0
2022-08-10,2.8499999046325684,2.8499999046325684,2.809999942779541,2.8299999237060547,2686000.0
2022-08-11,2.8499999046325684,2.880000114440918,2.8399999141693115,2.869999885559082,3895107.0
2022-08-12,2.869999885559082,2.9000000953674316,2.8499999046325684,2.880000114440918,7691431.0
2022-08-15,2.880000114440918,2.890000104904175,2.859999895095825,2.880000114440918,2099750.0
2022-08-16,2.890000104904175,2.9000000953674316,2.869999885559082,2.9000000953674316,3658165.0
2022-08-17,2.9000000953674316,2.9000000953674316,2.859999895095825,2.890000104904175,2860075.0
2022-08-18,2.869999885559082,2.890000104904175,2.819999933242798,2.869999885559082,4819336.0
2022-08-19,2.869999885559082,2.9000000953674316,2.8499999046325684,2.880000114440918,3237296.0
2022-08-22,2.880000114440918,2.930000066757202,2.859999895095825,2.9100000858306885,6893000.0
2022-08-23,2.9100000858306885,2.9100000858306885,2.869999885559082,2.890000104904175,4311315.0
2022-08-24,2.890000104904175,2.890000104904175,2.819999933242798,2.8299999237060547,6355000.0
2022-08-25,2.7799999713897705,2.8399999141693115,2.7799999713897705,2.819999933242798,4959900.0
2022-08-26,2.8399999141693115,2.869999885559082,2.8299999237060547,2.859999895095825,6569500.0
2022-08-29,2.8399999141693115,2.890000104904175,2.819999933242798,2.869999885559082,5683468.0
2022-08-30,2.8499999046325684,2.890000104904175,2.809999942779541,2.890000104904175,4295456.0
2022-08-31,2.859999895095825,2.940000057220459,2.8399999141693115,2.940000057220459,13634200.0
2022-09-01,2.9000000953674316,2.940000057220459,2.9000000953674316,2.9100000858306885,6331450.0
2022-09-02,2.890000104904175,2.9100000858306885,2.859999895095825,2.880000114440918,4358496.0
2022-09-05,2.880000114440918,2.930000066757202,2.8499999046325684,2.880000114440918,3754385.0
2022-09-06,2.880000114440918,2.9100000858306885,2.859999895095825,2.890000104904175,2633057.0
2022-09-07,2.869999885559082,2.9200000762939453,2.859999895095825,2.890000104904175,3810212.0
2022-09-08,2.890000104904175,2.9200000762939453,2.880000114440918,2.890000104904175,5355555.0
2022-09-09,2.9000000953674316,2.9000000953674316,2.880000114440918,2.9000000953674316,4238080.0
2022-09-13,2.9000000953674316,2.930000066757202,2.890000104904175,2.9100000858306885,5032293.0
2022-09-14,2.9000000953674316,2.9000000953674316,2.8399999141693115,2.8499999046325684,7543301.0
2022-09-15,2.859999895095825,2.869999885559082,2.819999933242798,2.819999933242798,6647855.0
2022-09-16,2.8399999141693115,2.8499999046325684,2.809999942779541,2.819999933242798,12210593.0
2022-09-19,2.819999933242798,2.8399999141693115,2.7699999809265137,2.7799999713897705,5687143.0
2022-09-20,2.799999952316284,2.8299999237060547,2.75,2.799999952316284,5348741.0
2022-09-21,2.7899999618530273,2.7899999618530273,2.75,2.759999990463257,6377162.0
2022-09-22,2.759999990463257,2.759999990463257,2.690000057220459,2.7300000190734863,12713568.0
2022-09-23,2.7300000190734863,2.759999990463257,2.690000057220459,2.740000009536743,8220100.0
2022-09-26,2.75,2.75,2.690000057220459,2.7200000286102295,7754634.0
2022-09-27,2.7200000286102295,2.7300000190734863,2.690000057220459,2.700000047683716,8982000.0
2022-09-28,2.7100000381469727,2.7100000381469727,2.5999999046325684,2.630000114440918,16101969.0
2022-09-29,2.609999895095825,2.6600000858306885,2.549999952316284,2.5799999237060547,9833973.0
2022-09-30,2.569999933242798,2.5799999237060547,2.490000009536743,2.5399999618530273,18993853.0
2022-10-03,2.549999952316284,2.559999942779541,2.4800000190734863,2.5199999809265137,3857277.0
2022-10-05,2.569999933242798,2.640000104904175,2.569999933242798,2.619999885559082,4268595.0
2022-10-06,2.6500000953674316,2.6600000858306885,2.5799999237060547,2.609999895095825,3955100.0
2022-10-07,2.619999885559082,2.619999885559082,2.559999942779541,2.5799999237060547,2054000.0
2022-10-10,2.5399999618530273,2.569999933242798,2.5,2.5299999713897705,8189973.0
2022-10-11,2.5299999713897705,2.549999952316284,2.490000009536743,2.490000009536743,6329218.0
2022-10-12,2.5399999618530273,2.5399999618530273,2.450000047683716,2.4700000286102295,6644984.0
2022-10-13,2.5,2.5,2.4200000762939453,2.450000047683716,5477269.0
2022-10-14,2.4800000190734863,2.509999990463257,2.430000066757202,2.490000009536743,6943129.0
2022-10-17,2.490000009536743,2.5199999809265137,2.4600000381469727,2.5,4057000.0
2022-10-18,2.5,2.630000114440918,2.5,2.5999999046325684,10916201.0
2022-10-19,2.619999885559082,2.640000104904175,2.5799999237060547,2.609999895095825,7120953.0
2022-10-20,2.5799999237060547,2.630000114440918,2.559999942779541,2.619999885559082,6643043.0
2022-10-21,2.619999885559082,2.6500000953674316,2.5899999141693115,2.640000104904175,5245107.0
2022-10-24,2.630000114440918,2.640000104904175,2.490000009536743,2.5199999809265137,14638684.0
2022-10-25,2.5,2.549999952316284,2.4600000381469727,2.4800000190734863,13597115.0
2022-10-26,2.509999990463257,2.509999990463257,2.440000057220459,2.4800000190734863,9561730.0
2022-10-27,2.509999990463257,2.5399999618530273,2.5,2.509999990463257,8372968.0
2022-10-28,2.509999990463257,2.5199999809265137,2.4200000762939453,2.440000057220459,6604124.0
2022-10-31,2.450000047683716,2.4800000190734863,2.369999885559082,2.380000114440918,11822200.0
2022-11-01,2.369999885559082,2.5,2.369999885559082,2.4700000286102295,13235000.0
2022-11-02,2.4700000286102295,2.5799999237060547,2.450000047683716,2.5299999713897705,5637600.0
2022-11-03,2.5199999809265137,2.619999885559082,2.490000009536743,2.5799999237060547,16764322.0
2022-11-04,2.5999999046325684,2.700000047683716,2.5799999237060547,2.6500000953674316,20117935.0
2022-11-07,2.630000114440918,2.7200000286102295,2.619999885559082,2.7100000381469727,12489853.0
2022-11-08,2.7300000190734863,2.759999990463257,2.680000066757202,2.7200000286102295,9964000.0
2022-11-09,2.740000009536743,2.7699999809265137,2.690000057220459,2.75,11621000.0
2022-11-10,2.7200000286102295,2.7200000286102295,2.6600000858306885,2.700000047683716,6773620.0
2022-11-11,2.759999990463257,2.819999933242798,2.7300000190734863,2.7899999618530273,17403952.0
2022-11-14,2.7899999618530273,2.890000104904175,2.7899999618530273,2.8499999046325684,12349528.0
2022-11-15,2.8499999046325684,2.9200000762939453,2.8399999141693115,2.9200000762939453,8305187.0
2022-11-16,2.930000066757202,2.930000066757202,2.8399999141693115,2.880000114440918,8522502.0
2022-11-17,2.869999885559082,2.9100000858306885,2.8299999237060547,2.9000000953674316,6810147.0
2022-11-18,2.890000104904175,2.9100000858306885,2.869999885559082,2.9000000953674316,4209300.0
2022-11-21,2.9000000953674316,2.9000000953674316,2.8299999237060547,2.859999895095825,3451139.0
2022-11-22,2.859999895095825,3.069999933242798,2.8299999237060547,2.9600000381469727,24068218.0
2022-11-23,2.9800000190734863,3.0399999618530273,2.9800000190734863,3.0199999809265137,17884445.0
2022-11-24,3.0399999618530273,3.049999952316284,2.9800000190734863,3.0199999809265137,10897030.0
2022-11-25,3.009999990463257,3.0899999141693115,2.990000009536743,3.059999942779541,20342100.0
2022-11-28,3.009999990463257,3.069999933242798,2.950000047683716,3.069999933242798,11937682.0
2022-11-29,3.059999942779541,3.109999895095825,3.0199999809265137,3.0999999046325684,13336242.0
2022-11-30,3.0799999237060547,3.200000047683716,3.069999933242798,3.200000047683716,29282905.0
2022-12-01,3.1700000762939453,3.2100000381469727,3.0999999046325684,3.130000114440918,10005586.0
2022-12-02,3.0899999141693115,3.130000114440918,3.069999933242798,3.0899999141693115,7283317.0
2022-12-05,3.0999999046325684,3.25,3.0899999141693115,3.190000057220459,29403251.0
2022-12-06,3.190000057220459,3.2100000381469727,3.0899999141693115,3.140000104904175,24544380.0
2022-12-07,3.1500000953674316,3.2100000381469727,3.109999895095825,3.109999895095825,13577115.0
2022-12-08,3.130000114440918,3.2100000381469727,3.130000114440918,3.200000047683716,21430240.0
2022-12-09,3.200000047683716,3.2200000286102295,3.1500000953674316,3.1700000762939453,18890500.0
2022-12-12,3.1500000953674316,3.200000047683716,3.130000114440918,3.1600000858306885,9678902.0
2022-12-13,3.1600000858306885,3.190000057220459,3.119999885559082,3.1700000762939453,6685323.0
2022-12-14,3.180000066757202,3.200000047683716,3.140000104904175,3.190000057220459,5707038.0
2022-12-15,3.190000057220459,3.240000009536743,3.1600000858306885,3.2200000286102295,14048243.0
2022-12-16,3.200000047683716,3.259999990463257,3.1600000858306885,3.240000009536743,15222365.0
2022-12-19,3.2300000190734863,3.240000009536743,3.130000114440918,3.1700000762939453,7041807.0
2022-12-20,3.140000104904175,3.180000066757202,3.119999885559082,3.1700000762939453,4947100.0
2022-12-21,3.1500000953674316,3.190000057220459,3.140000104904175,3.1600000858306885,6239000.0
2022-12-22,3.180000066757202,3.200000047683716,3.0999999046325684,3.1700000762939453,9930616.0
2022-12-23,3.140000104904175,3.1500000953674316,3.0999999046325684,3.109999895095825,7112000.0
2022-12-28,3.109999895095825,3.1600000858306885,3.0999999046325684,3.140000104904175,12996240.0
2022-12-29,3.140000104904175,3.140000104904175,3.059999942779541,3.119999885559082,10880000.0
2022-12-30,3.109999895095825,3.1700000762939453,3.069999933242798,3.1500000953674316,18078905.0
2023-01-03,3.119999885559082,3.180000066757202,3.0899999141693115,3.1700000762939453,7322124.0
2023-01-04,3.180000066757202,3.200000047683716,3.1700000762939453,3.190000057220459,9757676.0
2023-01-05,3.200000047683716,3.2799999713897705,3.190000057220459,3.240000009536743,20382854.0
2023-01-06,3.240000009536743,3.3299999237060547,3.240000009536743,3.3299999237060547,15259546.0
2023-01-09,3.3299999237060547,3.369999885559082,3.299999952316284,3.3399999141693115,13111846.0
2023-01-10,3.3499999046325684,3.359999895095825,3.299999952316284,3.3499999046325684,11334450.0
2023-01-11,3.3499999046325684,3.359999895095825,3.309999942779541,3.319999933242798,10818709.0
2023-01-12,3.3399999141693115,3.390000104904175,3.309999942779541,3.390000104904175,16134716.0
2023-01-13,3.380000114440918,3.450000047683716,3.369999885559082,3.430000066757202,13026276.0
2023-01-16,3.440000057220459,3.4800000190734863,3.4100000858306885,3.450000047683716,8520000.0
2023-01-17,3.430000066757202,3.4600000381469727,3.4100000858306885,3.450000047683716,6053799.0
2023-01-18,3.430000066757202,3.4800000190734863,3.4200000762939453,3.4700000286102295,5674760.0
2023-01-19,3.4100000858306885,3.4600000381469727,3.380000114440918,3.4600000381469727,7095325.0
2023-01-20,3.4200000762939453,3.549999952316284,3.4200000762939453,3.549999952316284,10001102.0
2023-01-26,3.5399999618530273,3.5899999141693115,3.5299999713897705,3.569999933242798,6508533.0
2023-01-27,3.5399999618530273,3.5799999237060547,3.5399999618530273,3.569999933242798,7264200.0
2023-01-30,3.549999952316284,3.5799999237060547,3.509999990463257,3.5399999618530273,15545570.0
2023-01-31,3.509999990463257,3.5899999141693115,3.509999990463257,3.549999952316284,11830120.0
2023-02-01,3.559999942779541,3.569999933242798,3.509999990463257,3.569999933242798,7606775.0
2023-02-02,3.5799999237060547,3.630000114440918,3.549999952316284,3.549999952316284,7270560.0
2023-02-03,3.559999942779541,3.5799999237060547,3.509999990463257,3.559999942779541,7349581.0
2023-02-06,3.5299999713897705,3.5399999618530273,3.4100000858306885,3.5299999713897705,9906063.0
2023-02-07,3.5399999618530273,3.569999933242798,3.5,3.549999952316284,7206790.0
2023-02-08,3.5299999713897705,3.569999933242798,3.509999990463257,3.559999942779541,4869034.0
2023-02-09,3.5399999618530273,3.559999942779541,3.5199999809265137,3.5399999618530273,5949702.0
2023-02-10,3.5399999618530273,3.5899999141693115,3.5399999618530273,3.5899999141693115,14965811.0
2023-02-13,3.5899999141693115,3.6700000762939453,3.569999933242798,3.6500000953674316,12829382.0
2023-02-14,3.6500000953674316,3.680000066757202,3.619999885559082,3.6500000953674316,9155750.0
2023-02-15,3.619999885559082,3.6700000762939453,3.559999942779541,3.5999999046325684,9253516.0
2023-02-16,3.5999999046325684,3.5999999046325684,3.5,3.5399999618530273,10351604.0
2023-02-17,3.569999933242798,3.609999895095825,3.559999942779541,3.5999999046325684,15285000.0
2023-02-20,3.5999999046325684,3.700000047683716,3.5999999046325684,3.6700000762939453,12888500.0
2023-02-21,3.680000066757202,3.700000047683716,3.609999895095825,3.619999885559082,7830323.0
2023-02-22,3.619999885559082,3.680000066757202,3.5999999046325684,3.619999885559082,12845345.0
2023-02-23,3.5999999046325684,3.690000057220459,3.5999999046325684,3.619999885559082,6572952.0
2023-02-24,3.640000104904175,3.640000104904175,3.5399999618530273,3.609999895095825,12319200.0
2023-02-27,3.569999933242798,3.609999895095825,3.5299999713897705,3.5999999046325684,7992660.0
2023-02-28,3.5799999237060547,3.640000104904175,3.5799999237060547,3.5899999141693115,22194215.0
2023-03-01,3.619999885559082,3.7200000286102295,3.5799999237060547,3.7100000381469727,24766350.0
2023-03-02,3.7200000286102295,3.940000057220459,3.700000047683716,3.940000057220459,60356728.0
2023-03-03,3.930000066757202,4.300000190734863,3.9200000762939453,4.199999809265137,131485648.0
2023-03-06,4.159999847412109,4.340000152587891,4.150000095367432,4.260000228881836,70368709.0
2023-03-07,4.239999771118164,4.420000076293945,4.190000057220459,4.25,74762874.0
2023-03-08,4.25,4.329999923706055,4.190000057220459,4.28000020980835,34690866.0
2023-03-09,4.28000020980835,4.389999866485596,4.210000038146973,4.260000228881836,34719090.0
2023-03-10,4.230000019073486,4.230000019073486,4.070000171661377,4.139999866485596,43987229.0
2023-03-13,4.119999885559082,4.289999961853027,4.079999923706055,4.25,26887530.0
2023-03-14,4.28000020980835,4.28000020980835,4.059999942779541,4.110000133514404,38823878.0
2023-03-15,4.119999885559082,4.269999980926514,4.099999904632568,4.210000038146973,24982705.0
2023-03-16,4.199999809265137,4.199999809265137,4.090000152587891,4.139999866485596,21768374.0
2023-03-17,4.139999866485596,4.329999923706055,4.130000114440918,4.239999771118164,36203869.0
2023-03-20,4.28000020980835,4.349999904632568,4.090000152587891,4.159999847412109,28108756.0
2023-03-21,4.190000057220459,4.239999771118164,4.139999866485596,4.190000057220459,14308522.0
2023-03-22,4.199999809265137,4.25,4.159999847412109,4.199999809265137,9591809.0
2023-03-23,4.199999809265137,4.239999771118164,4.119999885559082,4.210000038146973,15108900.0
2023-03-24,4.210000038146973,4.210000038146973,4.079999923706055,4.110000133514404,15301269.0
2023-03-27,4.079999923706055,4.170000076293945,4.070000171661377,4.099999904632568,8630800.0
2023-03-28,4.090000152587891,4.190000057220459,4.079999923706055,4.150000095367432,9846750.0
2023-03-29,4.179999828338623,4.199999809265137,4.110000133514404,4.159999847412109,14959605.0
2023-03-30,4.150000095367432,4.150000095367432,4.059999942779541,4.059999942779541,14804754.0
2023-03-31,4.050000190734863,4.309999942779541,4.050000190734863,4.28000020980835,52535079.0
2023-04-03,4.329999923706055,4.480000019073486,4.300000190734863,4.409999847412109,32984590.0
2023-04-04,4.409999847412109,4.599999904632568,4.400000095367432,4.570000171661377,56387619.0
2023-04-06,4.570000171661377,4.699999809265137,4.570000171661377,4.650000095367432,30037230.0
2023-04-11,4.650000095367432,4.920000076293945,4.599999904632568,4.860000133514404,53724167.0
2023-04-12,4.900000095367432,4.96999979019165,4.800000190734863,4.869999885559082,37640307.0
2023-04-13,4.820000171661377,4.900000095367432,4.78000020980835,4.829999923706055,15652144.0
2023-04-14,4.860000133514404,4.96999979019165,4.829999923706055,4.940000057220459,39022143.0
2023-04-17,4.940000057220459,4.940000057220459,4.809999942779541,4.869999885559082,18953653.0
2023-04-18,4.869999885559082,4.940000057220459,4.829999923706055,4.940000057220459,17370794.0
2023-04-19,4.920000076293945,4.940000057220459,4.809999942779541,4.840000152587891,8194180.0
2023-04-20,4.820000171661377,5.019999980926514,4.800000190734863,5.019999980926514,35612721.0
2023-04-21,5.019999980926514,5.179999828338623,4.929999828338623,4.980000019073486,31181188.0
2023-04-24,4.960000038146973,5.0,4.900000095367432,4.989999771118164,18675109.0
2023-04-25,4.989999771118164,5.03000020980835,4.909999847412109,4.96999979019165,12829768.0
2023-04-26,4.940000057220459,5.0,4.860000133514404,4.989999771118164,26530683.0
2023-04-27,4.949999809265137,4.989999771118164,4.869999885559082,4.900000095367432,23720280.0
2023-04-28,4.940000057220459,5.099999904632568,4.880000114440918,5.070000171661377,23262240.0
2023-05-02,5.079999923706055,5.199999809265137,4.960000038146973,5.010000228881836,12595213.0
2023-05-03,5.010000228881836,5.070000171661377,4.940000057220459,5.070000171661377,4819611.0
2023-05-04,5.070000171661377,5.099999904632568,5.039999961853027,5.099999904632568,13879560.0
2023-05-05,5.090000152587891,5.230000019073486,5.019999980926514,5.110000133514404,26316068.0
2023-05-08,5.090000152587891,5.260000228881836,5.050000190734863,5.179999828338623,26480347.0
2023-05-09,5.170000076293945,5.199999809265137,4.980000019073486,5.0,15280930.0
2023-05-10,4.980000019073486,5.019999980926514,4.860000133514404,4.929999828338623,14315046.0
2023-05-11,4.929999828338623,4.929999828338623,4.789999961853027,4.840000152587891,15383301.0
2023-05-12,4.840000152587891,4.840000152587891,4.670000076293945,4.690000057220459,20670976.0
2023-05-15,4.670000076293945,4.800000190734863,4.650000095367432,4.760000228881836,16308134.0
2023-05-16,4.760000228881836,4.889999866485596,4.699999809265137,4.789999961853027,18663969.0
2023-05-17,4.760000228881836,4.860000133514404,4.730000019073486,4.800000190734863,17133336.0
2023-05-18,4.800000190734863,5.019999980926514,4.800000190734863,4.980000019073486,19234059.0
2023-05-19,4.940000057220459,4.980000019073486,4.860000133514404,4.860000133514404,17485357.0
2023-05-22,4.849999904632568,5.0,4.849999904632568,4.940000057220459,11686531.0
2023-05-23,4.929999828338623,4.980000019073486,4.800000190734863,4.840000152587891,19531520.0
2023-05-24,4.800000190734863,4.820000171661377,4.659999847412109,4.699999809265137,18705918.0
2023-05-25,4.630000114440918,4.710000038146973,4.53000020980835,4.599999904632568,20327045.0
2023-05-29,4.630000114440918,4.710000038146973,4.550000190734863,4.630000114440918,26938984.0
2023-05-30,4.599999904632568,5.0,4.559999942779541,4.869999885559082,32251850.0
2023-05-31,4.829999923706055,4.860000133514404,4.710000038146973,4.849999904632568,41045534.0
2023-06-01,4.800000190734863,4.860000133514404,4.699999809265137,4.769999980926514,19089175.0
2023-06-02,4.800000190734863,4.869999885559082,4.75,4.800000190734863,23465090.0
2023-06-05,4.849999904632568,4.920000076293945,4.75,4.789999961853027,20735964.0
2023-06-06,4.889999866485596,4.989999771118164,4.75,4.78000020980835,16544220.0
2023-06-07,4.789999961853027,4.860000133514404,4.730000019073486,4.789999961853027,21441857.0
2023-06-08,4.769999980926514,4.860000133514404,4.699999809265137,4.860000133514404,8976589.0
2023-06-09,4.860000133514404,4.909999847412109,4.800000190734863,4.880000114440918,10111120.0
2023-06-12,4.880000114440918,4.940000057220459,4.809999942779541,4.860000133514404,11420432.0
2023-06-13,4.840000152587891,4.889999866485596,4.710000038146973,4.78000020980835,17353301.0
2023-06-14,4.760000228881836,4.840000152587891,4.71999979019165,4.769999980926514,11931198.0
2023-06-15,4.769999980926514,4.800000190734863,4.670000076293945,4.670000076293945,17436352.0
2023-06-16,4.679999828338623,4.829999923706055,4.679999828338623,4.809999942779541,50192993.0
2023-06-19,4.820000171661377,4.820000171661377,4.679999828338623,4.78000020980835,9442400.0
2023-06-20,4.78000020980835,4.789999961853027,4.650000095367432,4.670000076293945,11803550.0
2023-06-21,4.449999809265137,4.5,4.289999961853027,4.329999923706055,22163531.0
2023-06-23,4.320000171661377,4.329999923706055,4.230000019073486,4.28000020980835,4637933.0
2023-06-26,4.28000020980835,4.320000171661377,4.21999979019165,4.28000020980835,9155008.0
2023-06-27,4.269999980926514,4.369999885559082,4.21999979019165,4.28000020980835,42531228.0
2023-06-28,4.28000020980835,4.309999942779541,4.21999979019165,4.300000190734863,9617144.0
2023-06-29,4.320000171661377,4.329999923706055,4.239999771118164,4.289999961853027,9945645.0
2023-06-30,4.329999923706055,4.340000152587891,4.260000228881836,4.289999961853027,6117782.0
2023-07-03,4.349999904632568,4.409999847412109,4.300000190734863,4.349999904632568,13502085.0
2023-07-04,4.320000171661377,4.389999866485596,4.289999961853027,4.340000152587891,7305378.0
2023-07-05,4.340000152587891,4.349999904632568,4.25,4.320000171661377,8078000.0
2023-07-06,4.28000020980835,4.289999961853027,4.130000114440918,4.190000057220459,12658335.0
2023-07-07,4.119999885559082,4.190000057220459,4.110000133514404,4.159999847412109,12399702.0
2023-07-10,4.199999809265137,4.21999979019165,4.139999866485596,4.21999979019165,8633249.0
2023-07-11,4.21999979019165,4.28000020980835,4.170000076293945,4.269999980926514,4317632.0
2023-07-12,4.139999866485596,4.28000020980835,4.139999866485596,4.179999828338623,8004599.0
2023-07-13,4.239999771118164,4.349999904632568,4.199999809265137,4.329999923706055,10885111.0
2023-07-14,4.329999923706055,4.429999828338623,4.320000171661377,4.400000095367432,11164500.0
2023-07-18,4.389999866485596,4.389999866485596,4.300000190734863,4.320000171661377,6980525.0
2023-07-19,4.320000171661377,4.320000171661377,4.230000019073486,4.300000190734863,3922411.0
2023-07-20,4.25,4.289999961853027,4.230000019073486,4.25,3573122.0
2023-07-21,4.21999979019165,4.380000114440918,4.190000057220459,4.260000228881836,5886989.0
2023-07-24,4.21999979019165,4.28000020980835,4.179999828338623,4.199999809265137,3715780.0
2023-07-25,4.289999961853027,4.309999942779541,4.239999771118164,4.300000190734863,5474550.0
2023-07-26,4.300000190734863,4.329999923706055,4.260000228881836,4.28000020980835,3650912.0
2023-07-27,4.329999923706055,4.329999923706055,4.179999828338623,4.199999809265137,9970000.0
2023-07-28,4.159999847412109,4.289999961853027,4.130000114440918,4.25,19490163.0
2023-07-31,4.25,4.360000133514404,4.25,4.289999961853027,18518000.0
2023-08-01,4.320000171661377,4.409999847412109,4.28000020980835,4.320000171661377,11352500.0
2023-08-02,4.300000190734863,4.389999866485596,4.239999771118164,4.269999980926514,6820366.0
2023-08-03,4.25,4.289999961853027,4.170000076293945,4.199999809265137,10798868.0
2023-08-04,4.260000228881836,4.28000020980835,4.170000076293945,4.170000076293945,7946375.0
2023-08-07,4.150000095367432,4.199999809265137,4.119999885559082,4.179999828338623,9435711.0
2023-08-08,4.179999828338623,4.239999771118164,4.150000095367432,4.210000038146973,10361000.0
2023-08-09,4.210000038146973,4.230000019073486,4.170000076293945,4.210000038146973,5319833.0
2023-08-10,4.190000057220459,4.25,4.170000076293945,4.21999979019165,5023912.0
2023-08-11,4.239999771118164,4.5,4.21999979019165,4.260000228881836,14070071.0
2023-08-14,4.199999809265137,4.320000171661377,4.010000228881836,4.079999923706055,18104532.0
2023-08-15,4.079999923706055,4.170000076293945,4.019999980926514,4.150000095367432,7118156.0
2023-08-16,4.119999885559082,4.139999866485596,4.010000228881836,4.039999961853027,8668444.0
2023-08-17,4.090000152587891,4.090000152587891,3.9700000286102295,4.070000171661377,15312211.0
2023-08-18,4.039999961853027,4.079999923706055,3.930000066757202,3.930000066757202,13463805.0
2023-08-21,3.9100000858306885,3.9100000858306885,3.8299999237060547,3.859999895095825,9669270.0
2023-08-22,3.859999895095825,3.9800000190734863,3.7899999618530273,3.950000047683716,14741082.0
2023-08-23,3.950000047683716,3.9700000286102295,3.9000000953674316,3.930000066757202,4875200.0
2023-08-24,3.990000009536743,3.990000009536743,3.8299999237060547,3.8399999141693115,22465781.0
2023-08-25,3.8399999141693115,3.869999885559082,3.799999952316284,3.799999952316284,7479886.0
2023-08-28,3.9000000953674316,3.9700000286102295,3.8499999046325684,3.869999885559082,11528158.0
2023-08-29,3.859999895095825,3.9600000381469727,3.799999952316284,3.940000057220459,14876971.0
2023-08-30,3.940000057220459,3.9700000286102295,3.859999895095825,3.859999895095825,9476751.0
2023-08-31,3.869999885559082,3.940000057220459,3.8399999141693115,3.859999895095825,16550635.0
2023-09-04,3.859999895095825,4.050000190734863,3.859999895095825,4.03000020980835,14336576.0
2023-09-05,4.03000020980835,4.03000020980835,3.9000000953674316,3.9100000858306885,8364700.0
2023-09-06,3.9200000762939453,3.940000057220459,3.880000114440918,3.9000000953674316,4696629.0
2023-09-07,3.9000000953674316,3.9000000953674316,3.8399999141693115,3.869999885559082,3884767.0
2023-09-11,3.8299999237060547,3.880000114440918,3.809999942779541,3.869999885559082,5050800.0
2023-09-12,3.8499999046325684,3.880000114440918,3.7899999618530273,3.7899999618530273,5328767.0
2023-09-13,3.799999952316284,3.859999895095825,3.799999952316284,3.819999933242798,9338679.0
2023-09-14,3.799999952316284,3.869999885559082,3.799999952316284,3.819999933242798,6718423.0
2023-09-15,3.819999933242798,3.9100000858306885,3.809999942779541,3.8399999141693115,13359000.0
2023-09-18,3.819999933242798,3.8399999141693115,3.759999990463257,3.7799999713897705,6804263.0
2023-09-19,3.799999952316284,3.809999942779541,3.7300000190734863,3.7899999618530273,4896965.0
2023-09-20,3.740000009536743,3.819999933242798,3.7200000286102295,3.7699999809265137,4055779.0
2023-09-21,3.799999952316284,3.799999952316284,3.690000057220459,3.7100000381469727,7094968.0
2023-09-22,3.690000057220459,3.8299999237060547,3.690000057220459,3.819999933242798,6903879.0
2023-09-25,3.7799999713897705,3.809999942779541,3.759999990463257,3.7699999809265137,3406000.0
2023-09-26,3.759999990463257,3.7799999713897705,3.6700000762939453,3.680000066757202,10981475.0
2023-09-27,3.7100000381469727,3.7300000190734863,3.6600000858306885,3.7200000286102295,6988383.0
2023-09-28,3.7200000286102295,3.809999942779541,3.680000066757202,3.759999990463257,9190476.0
2023-09-29,3.7200000286102295,3.799999952316284,3.700000047683716,3.7799999713897705,3098258.0
2023-10-03,3.700000047683716,3.7699999809265137,3.640000104904175,3.700000047683716,4776050.0
2023-10-04,3.630000114440918,3.6700000762939453,3.619999885559082,3.630000114440918,6096026.0
2023-10-05,3.619999885559082,3.6700000762939453,3.5999999046325684,3.5999999046325684,3775967.0
2023-10-06,3.630000114440918,3.690000057220459,3.609999895095825,3.690000057220459,5736878.0
2023-10-09,3.640000104904175,3.690000057220459,3.5999999046325684,3.6500000953674316,3608118.0
2023-10-10,3.6600000858306885,3.690000057220459,3.5399999618530273,3.549999952316284,14378777.0
2023-10-11,3.5999999046325684,3.6700000762939453,3.5799999237060547,3.5999999046325684,13713739.0
2023-10-12,3.640000104904175,3.759999990463257,3.5999999046325684,3.700000047683716,11813276.0
2023-10-13,3.6600000858306885,3.6700000762939453,3.559999942779541,3.5899999141693115,13671189.0
2023-10-16,3.5999999046325684,3.630000114440918,3.5199999809265137,3.5399999618530273,9945533.0
2023-10-17,3.5399999618530273,3.5899999141693115,3.5299999713897705,3.549999952316284,7821513.0
2023-10-18,3.549999952316284,3.5999999046325684,3.4700000286102295,3.490000009536743,9602200.0
2023-10-19,3.4800000190734863,3.4800000190734863,3.359999895095825,3.390000104904175,16883713.0
2023-10-20,3.4000000953674316,3.4000000953674316,3.3299999237060547,3.3499999046325684,11953000.0
2023-10-24,3.259999990463257,3.3299999237060547,3.259999990463257,3.2799999713897705,31471173.0
2023-10-25,3.359999895095825,3.430000066757202,3.3299999237060547,3.369999885559082,15572825.0
2023-10-26,3.390000104904175,3.390000104904175,3.299999952316284,3.359999895095825,10548300.0
2023-10-27,3.369999885559082,3.4700000286102295,3.309999942779541,3.440000057220459,17423640.0
2023-10-30,3.440000057220459,3.440000057220459,3.2799999713897705,3.309999942779541,23303000.0
2023-10-31,3.3399999141693115,3.3399999141693115,3.2300000190734863,3.259999990463257,12153157.0
2023-11-01,3.25,3.259999990463257,3.190000057220459,3.25,9636619.0
2023-11-02,3.240000009536743,3.299999952316284,3.190000057220459,3.2100000381469727,16491704.0
2023-11-03,3.2300000190734863,3.309999942779541,3.2200000286102295,3.309999942779541,11376006.0
2023-11-06,3.309999942779541,3.3499999046325684,3.299999952316284,3.3299999237060547,7083474.0
2023-11-07,3.3399999141693115,3.3399999141693115,3.240000009536743,3.2699999809265137,7532305.0
2023-11-08,3.2699999809265137,3.309999942779541,3.25,3.25,5755023.0
2023-11-09,3.2699999809265137,3.2899999618530273,3.2300000190734863,3.2300000190734863,3837384.0
2023-11-10,3.240000009536743,3.25,3.1700000762939453,3.180000066757202,4714093.0
2023-11-13,3.2200000286102295,3.2200000286102295,3.1500000953674316,3.200000047683716,7662505.0
2023-11-14,3.2100000381469727,3.259999990463257,3.1700000762939453,3.2300000190734863,6664377.0
2023-11-15,3.259999990463257,3.3299999237060547,3.25,3.319999933242798,7140144.0
2023-11-16,3.309999942779541,3.319999933242798,3.25,3.2699999809265137,7110282.0
2023-11-17,3.25,3.2699999809265137,3.2200000286102295,3.2300000190734863,6199300.0
2023-11-20,3.25,3.319999933242798,3.240000009536743,3.299999952316284,3907455.0
2023-11-21,3.299999952316284,3.3399999141693115,3.259999990463257,3.2699999809265137,9019308.0
2023-11-22,3.2699999809265137,3.319999933242798,3.2300000190734863,3.240000009536743,5691000.0
2023-11-23,3.240000009536743,3.2699999809265137,3.2100000381469727,3.2699999809265137,4505000.0
2023-11-24,3.25,3.259999990463257,3.2100000381469727,3.2300000190734863,5525500.0
2023-11-27,3.2200000286102295,3.2200000286102295,3.1500000953674316,3.1700000762939453,6409660.0
2023-11-28,3.1500000953674316,3.2300000190734863,3.1500000953674316,3.200000047683716,7323418.0
2023-11-29,3.180000066757202,3.2200000286102295,3.119999885559082,3.1600000858306885,26625558.0
2023-11-30,3.1500000953674316,3.200000047683716,3.119999885559082,3.1500000953674316,20191888.0
2023-12-01,3.1500000953674316,3.2300000190734863,3.140000104904175,3.2100000381469727,8181191.0
2023-12-04,3.2100000381469727,3.240000009536743,3.1500000953674316,3.1600000858306885,9212904.0
2023-12-05,3.1600000858306885,3.1600000858306885,3.0999999046325684,3.1600000858306885,13825596.0
2023-12-06,3.130000114440918,3.180000066757202,3.0999999046325684,3.180000066757202,9882589.0
2023-12-07,3.180000066757202,3.309999942779541,3.130000114440918,3.2899999618530273,16815469.0
2023-12-08,3.299999952316284,3.3299999237060547,3.25,3.2699999809265137,13022795.0
2023-12-11,3.2699999809265137,3.2699999809265137,3.190000057220459,3.2300000190734863,6547105.0
2023-12-12,3.2100000381469727,3.2899999618530273,3.2100000381469727,3.2799999713897705,7200140.0
2023-12-13,3.2899999618530273,3.299999952316284,3.2300000190734863,3.25,13024542.0
2023-12-14,3.2699999809265137,3.2899999618530273,3.200000047683716,3.2200000286102295,12307662.0
2023-12-15,3.25,3.369999885559082,3.240000009536743,3.3399999141693115,25406256.0
2023-12-18,3.369999885559082,3.369999885559082,3.259999990463257,3.2799999713897705,8979735.0
2023-12-19,3.2699999809265137,3.299999952316284,3.2300000190734863,3.259999990463257,8422828.0
2023-12-20,3.299999952316284,3.309999942779541,3.25,3.2699999809265137,8917750.0
2023-12-21,3.299999952316284,3.3499999046325684,3.259999990463257,3.319999933242798,10544292.0
2023-12-22,3.3499999046325684,3.380000114440918,3.2899999618530273,3.3299999237060547,12288668.0
2023-12-27,3.3299999237060547,3.369999885559082,3.299999952316284,3.3399999141693115,9071932.0
2023-12-28,3.3399999141693115,3.430000066757202,3.319999933242798,3.4000000953674316,8060600.0
2023-12-29,3.4100000858306885,3.450000047683716,3.390000104904175,3.440000057220459,19497117.0
2024-01-02,3.430000066757202,3.450000047683716,3.4000000953674316,3.4100000858306885,15436028.0
2024-01-03,3.4000000953674316,3.4200000762939453,3.369999885559082,3.4100000858306885,7691641.0
2024-01-04,3.4100000858306885,3.4100000858306885,3.3299999237060547,3.4100000858306885,14237735.0
2024-01-05,3.4100000858306885,3.430000066757202,3.3499999046325684,3.369999885559082,9999898.0
2024-01-08,3.380000114440918,3.4200000762939453,3.319999933242798,3.3299999237060547,11424336.0
2024-01-09,3.3399999141693115,3.380000114440918,3.309999942779541,3.309999942779541,6442470.0
2024-01-10,3.309999942779541,3.3299999237060547,3.259999990463257,3.2899999618530273,9779121.0
2024-01-11,3.2899999618530273,3.3399999141693115,3.2799999713897705,3.2799999713897705,7478595.0
2024-01-12,3.299999952316284,3.4200000762939453,3.2899999618530273,3.369999885559082,6611406.0
2024-01-15,3.359999895095825,3.450000047683716,3.319999933242798,3.450000047683716,16996200.0
2024-01-16,3.450000047683716,3.5299999713897705,3.4000000953674316,3.4200000762939453,14932425.0
2024-01-17,3.4200000762939453,3.4200000762939453,3.2799999713897705,3.299999952316284,16667908.0
2024-01-18,3.2799999713897705,3.369999885559082,3.25,3.3299999237060547,10375134.0
2024-01-19,3.369999885559082,3.369999885559082,3.2699999809265137,3.299999952316284,12229165.0
2024-01-22,3.299999952316284,3.309999942779541,3.1600000858306885,3.200000047683716,16887226.0
2024-01-23,3.180000066757202,3.2699999809265137,3.1500000953674316,3.2200000286102295,14891453.0
2024-01-24,3.2200000286102295,3.4000000953674316,3.190000057220459,3.380000114440918,17439791.0
2024-01-25,3.3499999046325684,3.6600000858306885,3.3499999046325684,3.6500000953674316,50279374.0
2024-01-26,3.5999999046325684,3.7100000381469727,3.549999952316284,3.6500000953674316,35508591.0
2024-01-29,3.6600000858306885,3.819999933242798,3.6600000858306885,3.740000009536743,41104786.0
2024-01-30,3.759999990463257,3.759999990463257,3.6500000953674316,3.6600000858306885,21041005.0
2024-01-31,3.6600000858306885,3.7300000190734863,3.569999933242798,3.630000114440918,23105840.0
2024-02-01,3.630000114440918,3.630000114440918,3.5,3.5899999141693115,22120035.0
2024-02-02,3.5899999141693115,3.7300000190734863,3.569999933242798,3.690000057220459,27419532.0
2024-02-05,3.6700000762939453,3.759999990463257,3.569999933242798,3.6700000762939453,23793601.0
2024-02-06,3.700000047683716,3.759999990463257,3.6700000762939453,3.740000009536743,19073784.0
2024-02-07,3.75,3.819999933242798,3.690000057220459,3.759999990463257,13929141.0
2024-02-08,3.7699999809265137,3.8499999046325684,3.7300000190734863,3.799999952316284,12403314.0
2024-02-09,3.759999990463257,3.759999990463257,3.6600000858306885,3.7300000190734863,3908767.0
2024-02-14,3.680000066757202,3.759999990463257,3.619999885559082,3.740000009536743,2151066.0
2024-02-15,3.6700000762939453,3.759999990463257,3.6700000762939453,3.740000009536743,4089534.0
2024-02-16,3.740000009536743,3.7899999618530273,3.6700000762939453,3.7699999809265137,5214439.0
2024-02-19,3.759999990463257,3.819999933242798,3.700000047683716,3.759999990463257,25993727.0
2024-02-20,3.7699999809265137,3.8299999237060547,3.740000009536743,3.819999933242798,9284322.0
2024-02-21,3.759999990463257,3.9700000286102295,3.75,3.880000114440918,18356156.0
2024-02-22,3.8499999046325684,3.9600000381469727,3.8399999141693115,3.930000066757202,21544699.0
2024-02-23,3.880000114440918,3.950000047683716,3.859999895095825,3.9200000762939453,10193982.0
2024-02-26,3.9200000762939453,4.099999904632568,3.9200000762939453,4.070000171661377,45211191.0
2024-02-27,4.070000171661377,4.110000133514404,3.9600000381469727,4.099999904632568,19092568.0
2024-02-28,4.119999885559082,4.119999885559082,3.950000047683716,3.9700000286102295,14179811.0
2024-02-29,3.880000114440918,4.079999923706055,3.880000114440918,4.039999961853027,22609505.0
2024-03-01,4.0,4.139999866485596,3.950000047683716,4.110000133514404,27251789.0
2024-03-04,4.139999866485596,4.269999980926514,4.050000190734863,4.21999979019165,40741594.0
2024-03-05,4.21999979019165,4.349999904632568,4.179999828338623,4.210000038146973,32091837.0
2024-03-06,4.199999809265137,4.309999942779541,4.199999809265137,4.260000228881836,16047549.0
2024-03-07,4.289999961853027,4.380000114440918,4.260000228881836,4.340000152587891,26964732.0
2024-03-08,4.360000133514404,4.480000019073486,4.309999942779541,4.440000057220459,25633963.0
2024-03-11,4.420000076293945,4.480000019073486,4.309999942779541,4.360000133514404,25588149.0
2024-03-12,4.360000133514404,4.360000133514404,4.190000057220459,4.230000019073486,32423748.0
2024-03-13,4.230000019073486,4.320000171661377,4.159999847412109,4.269999980926514,17171600.0
2024-03-14,4.269999980926514,4.329999923706055,4.230000019073486,4.269999980926514,11139178.0
2024-03-15,4.269999980926514,4.289999961853027,4.159999847412109,4.260000228881836,21592175.0
2024-03-18,4.21999979019165,4.329999923706055,4.21999979019165,4.230000019073486,12322905.0
2024-03-19,4.230000019073486,4.230000019073486,4.159999847412109,4.159999847412109,7128463.0
2024-03-20,4.190000057220459,4.190000057220459,4.099999904632568,4.139999866485596,8625812.0
2024-03-21,4.139999866485596,4.239999771118164,4.139999866485596,4.210000038146973,10217079.0
2024-03-22,4.199999809265137,4.21999979019165,4.150000095367432,4.190000057220459,9803267.0
2024-03-25,4.190000057220459,4.239999771118164,4.150000095367432,4.159999847412109,6721294.0
2024-03-26,4.150000095367432,4.320000171661377,4.139999866485596,4.28000020980835,13152396.0
2024-03-27,4.239999771118164,4.300000190734863,4.210000038146973,4.21999979019165,14394771.0
2024-03-28,4.230000019073486,4.260000228881836,4.190000057220459,4.21999979019165,6647428.0
2024-04-02,4.28000020980835,4.429999828338623,4.269999980926514,4.420000076293945,25646730.0
2024-04-03,4.420000076293945,4.420000076293945,4.28000020980835,4.360000133514404,18246917.0
2024-04-05,4.309999942779541,4.360000133514404,4.230000019073486,4.269999980926514,4243685.0
2024-04-08,4.269999980926514,4.349999904632568,4.269999980926514,4.309999942779541,13554278.0
2024-04-09,4.309999942779541,4.340000152587891,4.119999885559082,4.139999866485596,24618375.0
2024-04-10,4.139999866485596,4.179999828338623,3.9800000190734863,4.03000020980835,43356125.0
2024-04-11,4.019999980926514,4.090000152587891,3.950000047683716,4.059999942779541,36204737.0
2024-04-12,4.039999961853027,4.130000114440918,4.03000020980835,4.059999942779541,10622759.0
2024-04-15,4.070000171661377,4.539999961853027,4.070000171661377,4.489999771118164,75265017.0
2024-04-16,4.5,4.599999904632568,4.400000095367432,4.5,49179895.0
2024-04-17,4.440000057220459,4.679999828338623,4.400000095367432,4.650000095367432,37710049.0
2024-04-18,4.619999885559082,4.710000038146973,4.570000171661377,4.570000171661377,21792040.0
2024-04-19,4.559999942779541,4.670000076293945,4.539999961853027,4.590000152587891,21083531.0
2024-04-22,4.550000190734863,4.639999866485596,4.400000095367432,4.420000076293945,23658856.0
2024-04-23,4.429999828338623,4.46999979019165,4.349999904632568,4.369999885559082,13999219.0
2024-04-24,4.369999885559082,4.460000038146973,4.369999885559082,4.449999809265137,14486944.0
2024-04-25,4.420000076293945,4.510000228881836,4.389999866485596,4.440000057220459,16891975.0
2024-04-26,4.449999809265137,4.53000020980835,4.409999847412109,4.440000057220459,13417113.0
2024-04-29,4.449999809265137,4.480000019073486,4.320000171661377,4.400000095367432,30340576.0
2024-04-30,4.400000095367432,4.46999979019165,4.300000190734863,4.340000152587891,25170188.0
2024-05-02,4.320000171661377,4.389999866485596,4.239999771118164,4.309999942779541,14042479.0
2024-05-03,4.320000171661377,4.329999923706055,4.230000019073486,4.28000020980835,9957346.0
2024-05-06,4.309999942779541,4.420000076293945,4.28000020980835,4.380000114440918,33620404.0
2024-05-07,4.409999847412109,4.449999809265137,4.360000133514404,4.389999866485596,20694200.0
2024-05-08,4.420000076293945,4.440000057220459,4.340000152587891,4.369999885559082,28797769.0
2024-05-09,4.409999847412109,4.53000020980835,4.320000171661377,4.519999980926514,43855103.0
2024-05-10,4.519999980926514,4.699999809265137,4.519999980926514,4.670000076293945,33768048.0
2024-05-13,4.800000190734863,5.119999885559082,4.800000190734863,5.010000228881836,91817640.0
2024-05-14,5.019999980926514,5.059999942779541,4.889999866485596,4.929999828338623,28076899.0
2024-05-16,4.909999847412109,4.960000038146973,4.809999942779541,4.869999885559082,41911422.0
2024-05-17,4.900000095367432,4.960000038146973,4.800000190734863,4.920000076293945,26982359.0
2024-05-20,4.929999828338623,4.929999828338623,4.809999942779541,4.849999904632568,14461911.0
2024-05-21,4.860000133514404,4.900000095367432,4.760000228881836,4.789999961853027,13923895.0
2024-05-22,4.800000190734863,4.869999885559082,4.789999961853027,4.840000152587891,9585308.0
2024-05-23,4.820000171661377,4.820000171661377,4.670000076293945,4.699999809265137,18172152.0
2024-05-24,4.670000076293945,4.769999980926514,4.639999866485596,4.639999866485596,12592486.0
2024-05-27,4.639999866485596,4.880000114440918,4.639999866485596,4.800000190734863,25782230.0
2024-05-28,4.840000152587891,4.929999828338623,4.809999942779541,4.880000114440918,19184000.0
2024-05-29,4.880000114440918,4.940000057220459,4.769999980926514,4.78000020980835,22460300.0
2024-05-30,4.789999961853027,4.900000095367432,4.730000019073486,4.78000020980835,13796168.0
2024-05-31,4.809999942779541,4.860000133514404,4.679999828338623,4.679999828338623,24985821.0
2024-06-03,4.78000020980835,4.880000114440918,4.710000038146973,4.820000171661377,21392148.0
2024-06-04,4.829999923706055,4.900000095367432,4.800000190734863,4.860000133514404,16049286.0
2024-06-05,4.849999904632568,4.900000095367432,4.730000019073486,4.75,15551152.0
2024-06-06,4.820000171661377,4.980000019073486,4.769999980926514,4.960000038146973,35230131.0
2024-06-07,4.960000038146973,5.130000114440918,4.940000057220459,5.010000228881836,33852592.0
2024-06-11,5.010000228881836,5.010000228881836,4.739999771118164,4.760000228881836,35270280.0
2024-06-12,4.760000228881836,4.760000228881836,4.639999866485596,4.71999979019165,25369545.0
2024-06-13,4.739999771118164,4.800000190734863,4.710000038146973,4.75,12116523.0
2024-06-14,4.710000038146973,4.760000228881836,4.679999828338623,4.730000019073486,14826426.0
2024-06-17,4.710000038146973,4.75,4.610000133514404,4.630000114440918,16547911.0
2024-06-18,4.650000095367432,4.929999828338623,4.639999866485596,4.889999866485596,32593471.0
2024-06-19,4.889999866485596,4.980000019073486,4.880000114440918,4.909999847412109,20212663.0
2024-06-20,4.800000190734863,4.800000190734863,4.699999809265137,4.699999809265137,19680525.0
2024-06-21,4.75,4.75,4.619999885559082,4.659999847412109,24502977.0
2024-06-24,4.690000057220459,4.699999809265137,4.53000020980835,4.559999942779541,15660263.0
2024-06-25,4.550000190734863,4.710000038146973,4.519999980926514,4.690000057220459,16157750.0
2024-06-26,4.630000114440918,4.820000171661377,4.630000114440918,4.800000190734863,15317146.0
2024-06-27,4.800000190734863,4.829999923706055,4.710000038146973,4.75,12062344.0
2024-06-28,4.730000019073486,5.070000171661377,4.730000019073486,5.039999961853027,57399470.0
2024-07-02,5.050000190734863,5.150000095367432,4.96999979019165,5.079999923706055,35514658.0
2024-07-03,5.079999923706055,5.25,5.03000020980835,5.170000076293945,33237117.0
2024-07-04,5.170000076293945,5.21999979019165,5.130000114440918,5.150000095367432,16838473.0
2024-07-05,5.130000114440918,5.150000095367432,5.010000228881836,5.099999904632568,16840259.0
2024-07-08,5.110000133514404,5.110000133514404,5.019999980926514,5.079999923706055,18874558.0
2024-07-09,5.010000228881836,5.199999809265137,5.010000228881836,5.130000114440918,22241675.0
2024-07-10,5.190000057220459,5.190000057220459,4.949999809265137,5.010000228881836,25966288.0
2024-07-11,5.019999980926514,5.090000152587891,5.0,5.019999980926514,16881616.0
2024-07-12,5.070000171661377,5.070000171661377,4.909999847412109,4.949999809265137,22845050.0
2024-07-15,4.909999847412109,4.989999771118164,4.900000095367432,4.920000076293945,12681826.0
2024-07-16,4.909999847412109,4.929999828338623,4.840000152587891,4.849999904632568,8426960.0
2024-07-17,4.849999904632568,4.860000133514404,4.739999771118164,4.760000228881836,18409438.0
2024-07-18,4.730000019073486,4.940000057220459,4.710000038146973,4.889999866485596,19208099.0
2024-07-19,4.929999828338623,4.989999771118164,4.800000190734863,4.96999979019165,25318849.0
2024-07-22,4.960000038146973,5.039999961853027,4.889999866485596,5.03000020980835,16804438.0
2024-07-23,5.03000020980835,5.050000190734863,4.920000076293945,4.920000076293945,15629281.0
2024-07-24,4.960000038146973,5.119999885559082,4.929999828338623,5.090000152587891,27116384.0
2024-07-25,5.039999961853027,5.070000171661377,4.820000171661377,4.840000152587891,17910669.0
2024-07-26,4.920000076293945,4.940000057220459,4.829999923706055,4.880000114440918,14573283.0
2024-07-29,4.880000114440918,4.980000019073486,4.849999904632568,4.849999904632568,8804188.0
2024-07-30,4.840000152587891,4.909999847412109,4.75,4.860000133514404,18613799.0
2024-07-31,4.849999904632568,4.889999866485596,4.800000190734863,4.840000152587891,15019372.0
2024-08-01,4.900000095367432,5.159999847412109,4.900000095367432,5.070000171661377,33940027.0
2024-08-02,5.010000228881836,5.119999885559082,4.989999771118164,5.090000152587891,28470511.0
2024-08-05,5.070000171661377,5.070000171661377,4.760000228881836,4.800000190734863,29559526.0
2024-08-06,4.860000133514404,4.920000076293945,4.820000171661377,4.880000114440918,17080127.0
2024-08-07,4.920000076293945,4.980000019073486,4.820000171661377,4.900000095367432,15100566.0
2024-08-08,4.860000133514404,4.900000095367432,4.769999980926514,4.789999961853027,11636648.0
2024-08-09,4.800000190734863,4.889999866485596,4.760000228881836,4.869999885559082,18864596.0
2024-08-12,4.869999885559082,4.889999866485596,4.78000020980835,4.800000190734863,6724950.0
2024-08-13,4.809999942779541,4.869999885559082,4.75,4.840000152587891,10875278.0
2024-08-14,4.829999923706055,4.869999885559082,4.769999980926514,4.789999961853027,9977969.0
2024-08-15,4.860000133514404,4.880000114440918,4.75,4.849999904632568,14629350.0
2024-08-16,4.869999885559082,5.119999885559082,4.849999904632568,5.050000190734863,26327600.0
2024-08-19,5.050000190734863,5.320000171661377,5.050000190734863,5.239999771118164,63808387.0
2024-08-20,5.21999979019165,5.28000020980835,5.179999828338623,5.269999980926514,28024923.0
2024-08-21,5.230000019073486,5.309999942779541,5.199999809265137,5.28000020980835,18358509.0
2024-08-22,5.260000228881836,5.320000171661377,5.21999979019165,5.289999961853027,19219300.0
2024-08-23,5.289999961853027,5.329999923706055,5.159999847412109,5.260000228881836,11900430.0
2024-08-26,5.170000076293945,5.210000038146973,4.789999961853027,5.019999980926514,65078280.0
2024-08-27,5.019999980926514,5.019999980926514,4.860000133514404,4.96999979019165,30044296.0
2024-08-28,4.960000038146973,5.0,4.840000152587891,4.889999866485596,18806537.0
2024-08-29,4.849999904632568,4.889999866485596,4.78000020980835,4.820000171661377,23568665.0
2024-08-30,4.820000171661377,4.860000133514404,4.730000019073486,4.730000019073486,30680387.0
2024-09-02,4.730000019073486,4.800000190734863,4.610000133514404,4.78000020980835,28014215.0
2024-09-03,4.78000020980835,4.78000020980835,4.639999866485596,4.690000057220459,20488669.0
2024-09-04,4.690000057220459,4.71999979019165,4.619999885559082,4.639999866485596,10175864.0
2024-09-05,4.639999866485596,4.710000038146973,4.53000020980835,4.590000152587891,15635404.0
2024-09-09,4.550000190734863,4.559999942779541,4.389999866485596,4.440000057220459,48662344.0
2024-09-10,4.420000076293945,4.460000038146973,4.28000020980835,4.309999942779541,55793661.0
2024-09-11,4.320000171661377,4.320000171661377,4.179999828338623,4.21999979019165,43510868.0
2024-09-12,4.269999980926514,4.369999885559082,4.210000038146973,4.289999961853027,32561694.0
2024-09-13,4.300000190734863,4.400000095367432,4.289999961853027,4.320000171661377,11829925.0
2024-09-16,4.320000171661377,4.329999923706055,4.21999979019165,4.289999961853027,2747832.0
2024-09-17,4.25,4.369999885559082,4.159999847412109,4.329999923706055,6194878.0
2024-09-19,4.329999923706055,4.559999942779541,4.329999923706055,4.5,34312975.0
2024-09-20,4.5,4.519999980926514,4.429999828338623,4.510000228881836,28077945.0
2024-09-23,4.510000228881836,4.659999847412109,4.440000057220459,4.590000152587891,29879495.0
2024-09-24,4.590000152587891,4.75,4.590000152587891,4.75,20125258.0
2024-09-25,4.769999980926514,4.960000038146973,4.769999980926514,4.880000114440918,32583212.0
2024-09-26,4.880000114440918,4.960000038146973,4.820000171661377,4.949999809265137,30715092.0
2024-09-27,4.960000038146973,5.139999866485596,4.739999771118164,4.820000171661377,107900023.0
2024-09-30,4.989999771118164,5.179999828338623,4.880000114440918,5.079999923706055,76254447.0
2024-10-02,5.090000152587891,5.28000020980835,5.010000228881836,5.25,44382660.0
2024-10-03,5.25,5.440000057220459,5.179999828338623,5.400000095367432,57339277.0
2024-10-04,5.389999866485596,5.75,5.300000190734863,5.75,30835371.0
2024-10-07,5.809999942779541,6.099999904632568,5.71999979019165,6.099999904632568,46880398.0
2024-10-08,6.0,6.119999885559082,5.269999980926514,5.409999847412109,86839848.0
2024-10-09,5.389999866485596,5.409999847412109,4.920000076293945,5.050000190734863,68247662.0
2024-10-10,5.050000190734863,5.489999771118164,5.050000190734863,5.429999828338623,83988594.0
2024-10-14,5.300000190734863,5.389999866485596,5.159999847412109,5.309999942779541,36078363.0
2024-10-15,5.380000114440918,5.380000114440918,5.050000190734863,5.099999904632568,22573089.0
2024-10-16,5.050000190734863,5.139999866485596,5.019999980926514,5.090000152587891,17003102.0
2024-10-17,5.150000095367432,5.179999828338623,4.909999847412109,4.989999771118164,18376096.0
2024-10-18,4.980000019073486,5.239999771118164,4.920000076293945,5.230000019073486,26213038.0
2024-10-21,5.239999771118164,5.309999942779541,5.139999866485596,5.239999771118164,19028937.0
2024-10-22,5.21999979019165,5.300000190734863,5.210000038146973,5.269999980926514,10761200.0
2024-10-23,5.300000190734863,5.400000095367432,5.239999771118164,5.289999961853027,22270214.0
2024-10-24,5.260000228881836,5.300000190734863,5.210000038146973,5.21999979019165,8077724.0
2024-10-25,5.239999771118164,5.289999961853027,5.110000133514404,5.159999847412109,17179992.0
2024-10-28,5.119999885559082,5.239999771118164,5.050000190734863,5.230000019073486,13844212.0
2024-10-29,5.25,5.320000171661377,5.159999847412109,5.210000038146973,9542060.0
2024-10-30,5.21999979019165,5.260000228881836,5.059999942779541,5.070000171661377,18142625.0
2024-10-31,5.119999885559082,5.130000114440918,4.980000019073486,5.039999961853027,13048487.0
2024-11-01,5.090000152587891,5.199999809265137,5.010000228881836,5.099999904632568,18142043.0
2024-11-04,5.079999923706055,5.139999866485596,4.960000038146973,5.110000133514404,15730102.0
2024-11-05,5.099999904632568,5.190000057220459,5.050000190734863,5.190000057220459,21837000.0
2024-11-06,5.179999828338623,5.429999828338623,5.170000076293945,5.289999961853027,36571597.0
2024-11-07,5.289999961853027,5.349999904632568,5.199999809265137,5.300000190734863,24668932.0
2024-11-08,5.340000152587891,5.369999885559082,5.170000076293945,5.170000076293945,12487298.0
2024-11-11,5.159999847412109,5.170000076293945,4.960000038146973,5.0,24725049.0
2024-11-12,4.949999809265137,5.010000228881836,4.789999961853027,4.820000171661377,26637855.0
2024-11-13,4.789999961853027,4.920000076293945,4.739999771118164,4.900000095367432,14362344.0
2024-11-14,4.920000076293945,4.920000076293945,4.75,4.769999980926514,9935000.0
2024-11-15,4.769999980926514,4.880000114440918,4.75,4.820000171661377,14634929.0
2024-11-18,4.840000152587891,5.019999980926514,4.760000228881836,4.869999885559082,15335103.0
2024-11-19,4.880000114440918,4.929999828338623,4.78000020980835,4.829999923706055,6265000.0
2024-11-20,4.849999904632568,4.860000133514404,4.789999961853027,4.820000171661377,4733538.0
2024-11-21,4.820000171661377,4.849999904632568,4.789999961853027,4.800000190734863,5937555.0
2024-11-22,4.840000152587891,4.869999885559082,4.639999866485596,4.659999847412109,9377204.0
2024-11-25,4.760000228881836,4.760000228881836,4.579999923706055,4.610000133514404,19803314.0
2024-11-26,4.670000076293945,4.670000076293945,4.550000190734863,4.590000152587891,6516144.0
2024-11-27,4.599999904632568,4.699999809265137,4.46999979019165,4.630000114440918,26157677.0
2024-11-28,4.659999847412109,4.659999847412109,4.519999980926514,4.539999961853027,8811697.0
2024-11-29,4.519999980926514,4.610000133514404,4.46999979019165,4.550000190734863,16549842.0
2024-12-02,4.590000152587891,4.670000076293945,4.579999923706055,4.639999866485596,22318623.0
2024-12-03,4.659999847412109,4.760000228881836,4.619999885559082,4.71999979019165,12822240.0
2024-12-04,4.739999771118164,4.739999771118164,4.630000114440918,4.699999809265137,8195987.0
2024-12-05,4.679999828338623,4.78000020980835,4.659999847412109,4.730000019073486,12266678.0
2024-12-06,4.730000019073486,4.809999942779541,4.71999979019165,4.760000228881836,8693025.0
2024-12-09,4.760000228881836,4.900000095367432,4.730000019073486,4.900000095367432,8206451.0
2024-12-10,4.96999979019165,5.010000228881836,4.71999979019165,4.739999771118164,27544256.0
2024-12-11,4.739999771118164,4.809999942779541,4.71999979019165,4.739999771118164,6509745.0
2024-12-12,4.71999979019165,4.840000152587891,4.710000038146973,4.75,8969863.0
2024-12-13,4.75,4.75,4.570000171661377,4.619999885559082,30170532.0
2024-12-16,4.619999885559082,4.710000038146973,4.570000171661377,4.599999904632568,12058842.0
2024-12-17,4.650000095367432,4.659999847412109,4.559999942779541,4.590000152587891,11389167.0
2024-12-18,4.619999885559082,4.800000190734863,4.579999923706055,4.75,21493552.0
2024-12-19,4.699999809265137,4.739999771118164,4.659999847412109,4.710000038146973,9597365.0
2024-12-20,4.699999809265137,4.699999809265137,4.590000152587891,4.590000152587891,23679529.0
2024-12-23,4.590000152587891,4.71999979019165,4.579999923706055,4.710000038146973,9493069.0
2024-12-24,4.840000152587891,4.840000152587891,4.840000152587891,4.840000152587891,0.0
2024-12-27,4.820000171661377,4.840000152587891,4.75,4.820000171661377,18204200.0
2024-12-30,4.849999904632568,4.980000019073486,4.789999961853027,4.840000152587891,27042820.0
2024-12-31,4.989999771118164,4.989999771118164,4.989999771118164,4.989999771118164,0.0
2025-01-02,5.010000228881836,5.039999961853027,4.789999961853027,4.869999885559082,40715050.0
2025-01-03,4.869999885559082,4.880000114440918,4.820000171661377,4.849999904632568,20138116.0
2025-01-06,4.860000133514404,4.889999866485596,4.78000020980835,4.869999885559082,14526115.0
2025-01-07,4.869999885559082,4.869999885559082,4.739999771118164,4.800000190734863,16946813.0
2025-01-08,4.75,4.789999961853027,4.690000057220459,4.760000228881836,12090030.0
2025-01-09,4.760000228881836,4.800000190734863,4.730000019073486,4.789999961853027,7042694.0
2025-01-10,4.760000228881836,4.809999942779541,4.739999771118164,4.739999771118164,9966696.0
2025-01-13,4.739999771118164,4.78000020980835,4.670000076293945,4.699999809265137,15368665.0
2025-01-14,4.739999771118164,4.860000133514404,4.699999809265137,4.840000152587891,24008546.0
2025-01-15,4.840000152587891,4.940000057220459,4.800000190734863,4.860000133514404,17445050.0
2025-01-16,4.860000133514404,4.949999809265137,4.849999904632568,4.889999866485596,13608451.0
2025-01-17,4.949999809265137,4.949999809265137,4.880000114440918,4.949999809265137,19610800.0
2025-01-20,4.949999809265137,5.039999961853027,4.920000076293945,4.949999809265137,19977730.0
2025-01-21,4.960000038146973,4.989999771118164,4.869999885559082,4.889999866485596,10005332.0
2025-01-22,4.869999885559082,4.920000076293945,4.78000020980835,4.809999942779541,11845251.0
2025-01-23,4.840000152587891,4.949999809265137,4.820000171661377,4.889999866485596,11665488.0
2025-01-24,4.849999904632568,4.960000038146973,4.849999904632568,4.929999828338623,15113509.0
2025-01-27,4.949999809265137,4.96999979019165,4.909999847412109,4.929999828338623,7641278.0
2025-01-28,4.949999809265137,4.949999809265137,4.949999809265137,4.949999809265137,0.0
2025-02-03,4.889999866485596,4.989999771118164,4.849999904632568,4.900000095367432,6955343.0
2025-02-04,4.889999866485596,4.989999771118164,4.889999866485596,4.929999828338623,12065752.0
2025-02-05,4.900000095367432,4.929999828338623,4.78000020980835,4.880000114440918,33761113.0
2025-02-06,4.820000171661377,4.889999866485596,4.78000020980835,4.849999904632568,23983870.0
2025-02-07,4.820000171661377,4.909999847412109,4.800000190734863,4.889999866485596,13089368.0
2025-02-10,4.829999923706055,4.909999847412109,4.809999942779541,4.860000133514404,20986212.0
2025-02-11,4.860000133514404,4.860000133514404,4.699999809265137,4.769999980926514,29124901.0
2025-02-12,4.769999980926514,4.860000133514404,4.760000228881836,4.840000152587891,17618170.0
2025-02-13,4.840000152587891,4.889999866485596,4.769999980926514,4.78000020980835,22035045.0
2025-02-14,4.78000020980835,4.860000133514404,4.78000020980835,4.860000133514404,19659070.0
2025-02-17,4.860000133514404,4.920000076293945,4.800000190734863,4.880000114440918,16698389.0
2025-02-18,4.880000114440918,5.070000171661377,4.840000152587891,5.010000228881836,31530296.0
2025-02-19,4.960000038146973,5.079999923706055,4.960000038146973,5.019999980926514,15271975.0
2025-02-20,5.0,5.019999980926514,4.920000076293945,4.96999979019165,19656498.0
2025-02-21,4.96999979019165,5.070000171661377,4.949999809265137,5.039999961853027,28255570.0
2025-02-24,5.019999980926514,5.25,5.010000228881836,5.210000038146973,42857413.0
2025-02-25,5.139999866485596,5.230000019073486,5.079999923706055,5.099999904632568,25427904.0
2025-02-26,5.110000133514404,5.199999809265137,5.099999904632568,5.159999847412109,16311890.0
2025-02-27,5.150000095367432,5.25,5.139999866485596,5.25,29558685.0
2025-02-28,5.230000019073486,5.25,5.139999866485596,5.159999847412109,31327840.0
2025-03-03,5.130000114440918,5.289999961853027,5.130000114440918,5.21999979019165,27059950.0
2025-03-04,5.159999847412109,5.260000228881836,5.139999866485596,5.210000038146973,12510833.0
2025-03-05,5.210000038146973,5.320000171661377,5.210000038146973,5.269999980926514,15809853.0
2025-03-06,5.28000020980835,5.320000171661377,5.21999979019165,5.28000020980835,17043265.0
2025-03-07,5.28000020980835,5.320000171661377,5.230000019073486,5.239999771118164,14422769.0
2025-03-10,5.21999979019165,5.320000171661377,5.210000038146973,5.28000020980835,12799381.0
2025-03-11,5.199999809265137,5.230000019073486,5.019999980926514,5.210000038146973,20631121.0
2025-03-12,5.21999979019165,5.289999961853027,5.179999828338623,5.25,15124606.0
2025-03-13,5.199999809265137,5.289999961853027,5.139999866485596,5.260000228881836,16749359.0
2025-03-14,5.25,5.369999885559082,5.210000038146973,5.340000152587891,22443250.0
2025-03-17,5.329999923706055,5.380000114440918,5.289999961853027,5.320000171661377,12349765.0
2025-03-18,5.349999904632568,5.369999885559082,5.309999942779541,5.360000133514404,11637340.0
2025-03-19,5.349999904632568,5.429999828338623,5.28000020980835,5.309999942779541,15922560.0
2025-03-20,5.28000020980835,5.320000171661377,5.230000019073486,5.260000228881836,15625242.0
2025-03-21,5.239999771118164,5.320000171661377,5.159999847412109,5.199999809265137,19638874.0
2025-03-24,5.199999809265137,5.260000228881836,5.079999923706055,5.119999885559082,23198250.0
2025-03-25,5.079999923706055,5.190000057220459,5.059999942779541,5.079999923706055,25154520.0
2025-03-26,5.159999847412109,5.159999847412109,5.019999980926514,5.079999923706055,15468406.0
2025-03-27,5.099999904632568,5.119999885559082,5.039999961853027,5.079999923706055,10566682.0
2025-03-28,5.079999923706055,5.110000133514404,4.989999771118164,5.050000190734863,20695760.0
2025-03-31,5.0,5.0,4.639999866485596,4.840000152587891,129326640.0
2025-04-01,4.860000133514404,4.920000076293945,4.599999904632568,4.630000114440918,74580472.0
2025-04-02,4.670000076293945,4.710000038146973,4.599999904632568,4.630000114440918,38189828.0
2025-04-03,4.619999885559082,4.699999809265137,4.579999923706055,4.630000114440918,25213760.0
2025-04-07,4.489999771118164,4.489999771118164,4.110000133514404,4.130000114440918,43797300.0
2025-04-08,4.349999904632568,4.519999980926514,4.349999904632568,4.489999771118164,72274098.0
2025-04-09,4.46999979019165,4.590000152587891,4.309999942779541,4.550000190734863,35842563.0
2025-04-10,4.599999904632568,4.650000095367432,4.53000020980835,4.550000190734863,25187752.0
2025-04-11,4.53000020980835,4.690000057220459,4.489999771118164,4.639999866485596,29367905.0
2025-04-14,4.679999828338623,4.710000038146973,4.590000152587891,4.679999828338623,24310070.0
2025-04-15,4.679999828338623,4.71999979019165,4.630000114440918,4.690000057220459,16653590.0
2025-04-16,4.650000095367432,4.739999771118164,4.619999885559082,4.710000038146973,12992443.0
2025-04-17,4.690000057220459,4.760000228881836,4.690000057220459,4.699999809265137,6968925.0
2025-04-22,4.699999809265137,4.829999923706055,4.670000076293945,4.71999979019165,27667666.0
2025-04-23,4.739999771118164,4.840000152587891,4.730000019073486,4.800000190734863,12784808.0
2025-04-24,4.78000020980835,4.809999942779541,4.699999809265137,4.739999771118164,14286596.0
2025-04-25,4.739999771118164,4.78000020980835,4.679999828338623,4.690000057220459,13282419.0
2025-04-28,4.690000057220459,4.769999980926514,4.670000076293945,4.739999771118164,13528000.0
2025-04-29,4.739999771118164,4.789999961853027,4.71999979019165,4.789999961853027,7335000.0
2025-04-30,4.820000171661377,4.889999866485596,4.739999771118164,4.78000020980835,20138550.0
2025-05-02,4.809999942779541,4.849999904632568,4.739999771118164,4.760000228881836,3838000.0
2025-05-06,4.75,4.840000152587891,4.699999809265137,4.829999923706055,14572798.0
2025-05-07,4.840000152587891,4.889999866485596,4.78000020980835,4.809999942779541,16105250.0
2025-05-08,4.849999904632568,4.900000095367432,4.800000190734863,4.889999866485596,8882648.0
2025-05-09,4.889999866485596,4.889999866485596,4.829999923706055,4.849999904632568,8218914.0
2025-05-12,4.880000114440918,4.980000019073486,4.880000114440918,4.940000057220459,19601580.0
2025-05-13,5.010000228881836,5.059999942779541,4.920000076293945,4.949999809265137,22858845.0
2025-05-14,4.980000019073486,5.019999980926514,4.920000076293945,5.0,11172950.0
2025-05-15,5.019999980926514,5.019999980926514,4.920000076293945,4.960000038146973,9853500.0
2025-05-16,4.920000076293945,4.96999979019165,4.860000133514404,4.889999866485596,10939100.0
2025-05-19,4.889999866485596,4.929999828338623,4.860000133514404,4.920000076293945,7466758.0
2025-05-20,4.920000076293945,4.96999979019165,4.880000114440918,4.949999809265137,10241541.0
2025-05-21,4.940000057220459,4.980000019073486,4.929999828338623,4.980000019073486,9914280.0
2025-05-22,4.980000019073486,5.050000190734863,4.920000076293945,4.980000019073486,23396000.0
2025-05-23,5.039999961853027,5.090000152587891,5.0,5.03000020980835,13378006.0
2025-05-26,5.0,5.079999923706055,4.980000019073486,5.039999961853027,8064161.0
2025-05-27,5.039999961853027,5.079999923706055,5.03000020980835,5.070000171661377,5183216.0
2025-05-28,5.010000228881836,5.070000171661377,5.0,5.059999942779541,11234132.0
2025-05-29,5.050000190734863,5.090000152587891,5.03000020980835,5.090000152587891,8954003.0
2025-05-30,5.090000152587891,5.090000152587891,5.0,5.019999980926514,14611430.0
2025-06-02,4.980000019073486,4.980000019073486,4.849999904632568,4.940000057220459,4775769.0
2025-06-03,4.949999809265137,5.059999942779541,4.949999809265137,5.059999942779541,12829541.0
2025-06-04,5.059999942779541,5.059999942779541,4.980000019073486,5.010000228881836,13110200.0
2025-06-05,5.010000228881836,5.070000171661377,4.980000019073486,5.070000171661377,10651275.0
2025-06-06,5.070000171661377,5.150000095367432,5.050000190734863,5.110000133514404,24297779.0
2025-06-09,5.099999904632568,5.159999847412109,5.079999923706055,5.110000133514404,18150505.0
2025-06-10,5.099999904632568,5.150000095367432,5.070000171661377,5.130000114440918,17723802.0
2025-06-11,5.159999847412109,5.210000038146973,5.119999885559082,5.199999809265137,24209867.0
2025-06-12,5.210000038146973,5.21999979019165,5.119999885559082,5.210000038146973,22617250.0
2025-06-13,5.21999979019165,5.239999771118164,5.150000095367432,5.21999979019165,15463311.0
2025-06-16,5.21999979019165,5.230000019073486,5.150000095367432,5.179999828338623,19607484.0
2025-06-17,5.210000038146973,5.25,5.150000095367432,5.199999809265137,19867065.0
2025-06-18,5.199999809265137,5.199999809265137,5.110000133514404,5.119999885559082,19761465.0
2025-06-19,5.130000114440918,5.139999866485596,4.949999809265137,5.0,21162777.0
2025-06-20,4.820000171661377,4.880000114440918,4.769999980926514,4.809999942779541,20378078.0
2025-06-23,4.809999942779541,4.809999942779541,4.739999771118164,4.789999961853027,22206000.0
2025-06-24,4.760000228881836,4.820000171661377,4.760000228881836,4.789999961853027,23094600.0
2025-06-25,4.820000171661377,4.860000133514404,4.760000228881836,4.849999904632568,15330320.0
2025-06-26,4.860000133514404,4.869999885559082,4.760000228881836,4.78000020980835,20424611.0
2025-06-27,4.800000190734863,4.840000152587891,4.650000095367432,4.730000019073486,30116829.0
2025-06-30,4.730000019073486,4.75,4.690000057220459,4.739999771118164,11138000.0
2025-07-02,4.71999979019165,4.889999866485596,4.71999979019165,4.820000171661377,22524062.0
2025-07-03,4.800000190734863,4.849999904632568,4.800000190734863,4.820000171661377,10282087.0
2025-07-04,4.820000171661377,4.840000152587891,4.769999980926514,4.800000190734863,8273500.0
2025-07-07,4.809999942779541,4.829999923706055,4.760000228881836,4.820000171661377,6548095.0
2025-07-08,4.809999942779541,4.829999923706055,4.760000228881836,4.820000171661377,8438635.0
2025-07-09,4.800000190734863,4.929999828338623,4.800000190734863,4.920000076293945,18609700.0
2025-07-10,4.920000076293945,4.949999809265137,4.909999847412109,4.940000057220459,8845968.0
2025-07-11,4.96999979019165,5.010000228881836,4.920000076293945,4.929999828338623,16782512.0
2025-07-14,5.139999866485596,5.400000095367432,5.130000114440918,5.230000019073486,114691918.0
2025-07-15,5.230000019073486,5.309999942779541,5.170000076293945,5.309999942779541,30078500.0
2025-07-16,5.309999942779541,5.440000057220459,5.300000190734863,5.429999828338623,33057150.0
2025-07-17,5.429999828338623,5.429999828338623,5.340000152587891,5.420000076293945,13594066.0
2025-07-18,5.420000076293945,5.429999828338623,5.360000133514404,5.409999847412109,21351679.0
2025-07-21,5.440000057220459,5.550000190734863,5.420000076293945,5.53000020980835,27969891.0
2025-07-22,5.53000020980835,5.860000133514404,5.519999980926514,5.820000171661377,51174917.0
2025-07-23,5.849999904632568,5.849999904632568,5.739999771118164,5.769999980926514,19724866.0
2025-07-24,5.800000190734863,5.820000171661377,5.699999809265137,5.730000019073486,23813660.0
2025-07-25,5.690000057220459,5.730000019073486,5.630000114440918,5.670000076293945,23601260.0
2025-07-28,5.670000076293945,5.71999979019165,5.570000171661377,5.610000133514404,24213214.0
2025-07-29,5.610000133514404,5.630000114440918,5.510000228881836,5.599999904632568,28135733.0
2025-07-30,5.599999904632568,5.690000057220459,5.579999923706055,5.630000114440918,14078096.0
2025-07-31,5.599999904632568,5.630000114440918,5.400000095367432,5.440000057220459,29261065.0
2025-08-01,5.420000076293945,5.5,5.349999904632568,5.409999847412109,25002670.0
2025-08-04,5.389999866485596,5.400000095367432,5.329999923706055,5.389999866485596,15382300.0
2025-08-05,5.389999866485596,5.5,5.389999866485596,5.5,8040672.0
2025-08-06,5.5,5.579999923706055,5.489999771118164,5.539999961853027,10707562.0
2025-08-07,5.590000152587891,5.659999847412109,5.539999961853027,5.599999904632568,19978951.0
2025-08-08,5.599999904632568,5.650000095367432,5.539999961853027,5.639999866485596,10606770.0
2025-08-11,5.630000114440918,5.679999828338623,5.579999923706055,5.619999885559082,15552500.0
2025-08-12,5.599999904632568,5.710000038146973,5.579999923706055,5.710000038146973,20586314.0
2025-08-13,5.710000038146973,5.789999961853027,5.639999866485596,5.71999979019165,29565952.0
2025-08-14,5.730000019073486,5.789999961853027,5.690000057220459,5.730000019073486,17554086.0
2025-08-15,5.730000019073486,5.730000019073486,5.639999866485596,5.659999847412109,18670092.0
2025-08-18,5.679999828338623,5.840000152587891,5.679999828338623,5.739999771118164,22203310.0
2025-08-19,5.78000020980835,5.809999942779541,5.730000019073486,5.760000228881836,18586800.0
2025-08-20,5.769999980926514,5.860000133514404,5.710000038146973,5.809999942779541,24587036.0
2025-08-21,5.809999942779541,6.179999828338623,5.78000020980835,6.150000095367432,54989476.0
2025-08-22,6.139999866485596,6.199999809265137,6.059999942779541,6.139999866485596,31251483.0
2025-08-25,6.230000019073486,6.550000190734863,6.230000019073486,6.360000133514404,47060350.0
2025-08-26,6.360000133514404,6.429999828338623,6.289999961853027,6.380000114440918,27623153.0
2025-08-27,6.380000114440918,6.440000057220459,6.269999980926514,6.300000190734863,33360348.0
2025-08-28,6.300000190734863,6.389999866485596,6.199999809265137,6.320000171661377,27721475.0
2025-08-29,6.349999904632568,6.409999847412109,6.269999980926514,6.269999980926514,18391550.0
2025-09-01,6.269999980926514,6.300000190734863,6.010000228881836,6.090000152587891,42351210.0
2025-09-02,6.090000152587891,6.099999904632568,5.929999828338623,5.980000019073486,33237324.0
2025-09-03,6.079999923706055,6.099999904632568,5.880000114440918,5.929999828338623,17993510.0
2025-09-04,5.96999979019165,6.010000228881836,5.860000133514404,5.920000076293945,17349550.0
2025-09-05,5.909999847412109,6.03000020980835,5.909999847412109,6.0,10645035.0
2025-09-08,6.010000228881836,6.099999904632568,5.989999771118164,6.059999942779541,12238821.0
2025-09-09,6.059999942779541,6.099999904632568,5.96999979019165,6.010000228881836,17496030.0
2025-09-10,6.059999942779541,6.070000171661377,5.96999979019165,5.989999771118164,19393849.0
2025-09-11,5.96999979019165,6.269999980926514,5.949999809265137,6.230000019073486,26728199.0
2025-09-12,6.289999961853027,6.289999961853027,6.119999885559082,6.170000076293945,15660550.0
2025-09-15,6.159999847412109,6.190000057220459,6.039999961853027,6.099999904632568,13658893.0
2025-09-16,6.059999942779541,6.150000095367432,6.039999961853027,6.110000133514404,10578000.0
2025-09-17,6.099999904632568,6.170000076293945,6.059999942779541,6.170000076293945,7873653.0
2025-09-18,6.179999828338623,6.179999828338623,5.940000057220459,6.010000228881836,14518700.0
2025-09-19,6.050000190734863,6.289999961853027,6.050000190734863,6.079999923706055,39113733.0
2025-09-22,6.130000114440918,6.170000076293945,6.03000020980835,6.070000171661377,9765376.0
2025-09-23,6.059999942779541,6.150000095367432,6.010000228881836,6.03000020980835,8289200.0
2025-09-24,6.03000020980835,6.139999866485596,5.949999809265137,6.010000228881836,11066000.0
2025-09-25,6.079999923706055,6.079999923706055,5.920000076293945,5.940000057220459,18321272.0
2025-09-26,5.820000171661377,5.909999847412109,5.78000020980835,5.820000171661377,14899051.0
2025-09-29,5.829999923706055,5.929999828338623,5.789999961853027,5.860000133514404,13601844.0
2025-09-30,6.079999923706055,6.119999885559082,5.909999847412109,6.0,31953430.0
2025-10-02,6.0,6.0,5.889999866485596,5.929999828338623,6817916.0
2025-10-03,5.940000057220459,6.03000020980835,5.929999828338623,6.019999980926514,8082450.0
2025-10-06,5.989999771118164,5.989999771118164,5.909999847412109,5.940000057220459,2876890.0
2025-10-08,6.010000228881836,6.019999980926514,5.949999809265137,6.0,6925589.0
2025-10-09,6.050000190734863,6.329999923706055,6.019999980926514,6.309999942779541,51755362.0
2025-10-10,6.300000190734863,6.449999809265137,6.199999809265137,6.320000171661377,26198831.0
2025-10-13,6.110000133514404,6.300000190734863,6.110000133514404,6.269999980926514,23432142.0
2025-10-14,6.269999980926514,6.389999866485596,6.190000057220459,6.25,22325318.0
2025-10-15,6.289999961853027,6.389999866485596,6.190000057220459,6.349999904632568,20517890.0
2025-10-16,6.400000095367432,6.550000190734863,6.369999885559082,6.550000190734863,26218368.0
2025-10-17,6.53000020980835,6.53000020980835,6.320000171661377,6.349999904632568,15324224.0
2025-10-20,6.480000019073486,6.480000019073486,6.260000228881836,6.349999904632568,9817856.0
2025-10-21,6.349999904632568,6.630000114440918,6.329999923706055,6.5,20230936.0
2025-10-22,6.5,6.590000152587891,6.420000076293945,6.539999961853027,11232533.0
2025-10-23,6.489999771118164,6.539999961853027,6.380000114440918,6.480000019073486,9731337.0
2025-10-24,6.460000038146973,6.619999885559082,6.460000038146973,6.539999961853027,10517350.0
2025-10-27,6.570000171661377,6.639999866485596,6.539999961853027,6.599999904632568,14919779.0
2025-10-28,6.559999942779541,6.630000114440918,6.539999961853027,6.610000133514404,10268991.0
2025-10-30,6.599999904632568,6.760000228881836,6.5,6.590000152587891,18510375.0
2025-10-31,6.360000133514404,6.360000133514404,5.880000114440918,5.889999866485596,113762514.0
2025-11-03,5.909999847412109,6.050000190734863,5.880000114440918,6.0,30872350.0
2025-11-04,6.019999980926514,6.170000076293945,6.010000228881836,6.099999904632568,31905243.0
2025-11-05,6.119999885559082,6.260000228881836,5.989999771118164,6.239999771118164,29023838.0
2025-11-06,6.260000228881836,6.440000057220459,6.25,6.369999885559082,28067904.0
2025-11-07,6.360000133514404,6.449999809265137,6.360000133514404,6.420000076293945,23010621.0
2025-11-10,6.400000095367432,6.429999828338623,6.210000038146973,6.300000190734863,43549895.0
2025-11-11,6.25,6.380000114440918,6.230000019073486,6.340000152587891,25068995.0
2025-11-12,6.389999866485596,6.449999809265137,6.239999771118164,6.429999828338623,24548439.0
2025-11-13,6.400000095367432,6.46999979019165,6.329999923706055,6.380000114440918,9292550.0
2025-11-14,6.309999942779541,6.440000057220459,6.28000020980835,6.409999847412109,20896604.0
2025-11-17,6.409999847412109,6.409999847412109,6.28000020980835,6.340000152587891,20472899.0
2025-11-18,6.300000190734863,6.340000152587891,6.190000057220459,6.21999979019165,10045534.0
2025-11-19,6.159999847412109,6.340000152587891,6.159999847412109,6.309999942779541,14768475.0
2025-11-20,6.309999942779541,6.340000152587891,6.260000228881836,6.300000190734863,6605173.0
2025-11-21,6.239999771118164,6.25,6.110000133514404,6.150000095367432,15418913.0
2025-11-24,6.130000114440918,6.170000076293945,6.039999961853027,6.059999942779541,21710080.0
2025-11-25,6.079999923706055,6.130000114440918,6.070000171661377,6.099999904632568,8226910.0
2025-11-26,6.119999885559082,6.21999979019165,6.099999904632568,6.159999847412109,8527300.0
2025-11-27,6.230000019073486,6.230000019073486,6.150000095367432,6.150000095367432,4762600.0
2025-11-28,6.230000019073486,6.230000019073486,6.119999885559082,6.179999828338623,6377000.0
2025-12-01,6.159999847412109,6.199999809265137,6.070000171661377,6.150000095367432,15250675.0
2025-12-02,6.119999885559082,6.210000038146973,6.079999923706055,6.139999866485596,12130000.0
2025-12-03,6.099999904632568,6.150000095367432,6.070000171661377,6.099999904632568,4838575.0
2025-12-04,6.059999942779541,6.110000133514404,6.059999942779541,6.079999923706055,5305968.0
2025-12-05,6.059999942779541,6.150000095367432,6.059999942779541,6.099999904632568,11312450.0
2025-12-08,6.039999961853027,6.230000019073486,6.039999961853027,6.199999809265137,13263200.0
2025-12-09,6.199999809265137,6.230000019073486,6.070000171661377,6.139999866485596,16139025.0
2025-12-10,6.159999847412109,6.179999828338623,6.099999904632568,6.119999885559082,7907207.0
2025-12-11,6.170000076293945,6.210000038146973,6.03000020980835,6.050000190734863,8495083.0
2025-12-12,6.050000190734863,6.28000020980835,6.050000190734863,6.260000228881836,19002000.0
2025-12-15,6.269999980926514,6.269999980926514,6.099999904632568,6.139999866485596,13640816.0
2025-12-16,6.139999866485596,6.139999866485596,6.019999980926514,6.019999980926514,12244000.0
2025-12-17,6.03000020980835,6.079999923706055,6.010000228881836,6.079999923706055,7505874.0
2025-12-18,6.079999923706055,6.150000095367432,6.059999942779541,6.079999923706055,9052000.0
2025-12-19,6.119999885559082,6.199999809265137,6.070000171661377,6.199999809265137,18274766.0
2025-12-22,6.190000057220459,6.190000057220459,5.980000019073486,6.03000020980835,16219037.0
2025-12-23,6.019999980926514,6.130000114440918,6.019999980926514,6.050000190734863,8091517.0
2025-12-24,6.019999980926514,6.019999980926514,6.019999980926514,6.019999980926514,0.0
2025-12-29,6.050000190734863,6.090000152587891,5.989999771118164,6.03000020980835,9241200.0
2025-12-30,6.039999961853027,6.03000020980835,5.929999828338623,5.980000019073486,10292050.0
2025-12-31,5.920000076293945,5.920000076293945,5.920000076293945,5.920000076293945,0.0
2026-01-02,5.980000019073486,6.0,5.940000057220459,5.940000057220459,7796590.0
2026-01-05,6.0,6.0,5.909999847412109,5.929999828338623,18300917.0
2026-01-06,5.960000038146973,6.119999885559082,5.920000076293945,6.119999885559082,18309998.0
2026-01-07,6.130000114440918,6.139999866485596,6.010000228881836,6.019999980926514,10504848.0
2026-01-08,6.019999980926514,6.019999980926514,5.929999828338623,5.96999979019165,14548398.0
2026-01-09,5.980000019073486,6.119999885559082,5.980000019073486,6.090000152587891,12604028.0
2026-01-12,6.099999904632568,6.139999866485596,6.019999980926514,6.110000133514404,8195497.0
2026-01-13,6.079999923706055,6.190000057220459,6.079999923706055,6.139999866485596,11914449.0
2026-01-14,6.110000133514404,6.119999885559082,5.940000057220459,6.010000228881836,14171000.0
2026-01-15,6.010000228881836,6.010000228881836,5.949999809265137,6.010000228881836,9683913.0
2026-01-16,6.03000020980835,6.139999866485596,5.96999979019165,6.0,23592774.0
2026-01-19,6.0,6.079999923706055,5.920000076293945,6.0,17726750.0
2026-01-20,6.0,6.050000190734863,5.940000057220459,6.050000190734863,13552608.0
2026-01-21,6.03000020980835,6.079999923706055,5.960000038146973,6.079999923706055,10833700.0
2026-01-22,6.03000020980835,6.119999885559082,5.659999847412109,5.820000171661377,60108231.0
2026-01-23,5.849999904632568,5.889999866485596,5.78000020980835,5.809999942779541,22213150.0
2026-01-26,5.809999942779541,5.860000133514404,5.730000019073486,5.829999923706055,24492885.0
2026-01-27,5.789999961853027,5.869999885559082,5.75,5.78000020980835,27098710.0
2026-01-28,5.78000020980835,6.0,5.760000228881836,5.980000019073486,26859328.0
2026-01-29,5.949999809265137,5.96999979019165,5.760000228881836,5.889999866485596,27977100.0
2026-01-30,5.860000133514404,5.869999885559082,5.730000019073486,5.800000190734863,26869493.0
2026-02-02,5.800000190734863,5.849999904632568,5.630000114440918,5.730000019073486,27241336.0
2026-02-03,5.75,5.800000190734863,5.670000076293945,5.78000020980835,22886237.0
2026-02-04,5.78000020980835,5.929999828338623,5.78000020980835,5.889999866485596,12706128.0
2026-02-05,5.889999866485596,5.889999866485596,5.71999979019165,5.860000133514404,18366066.0
2026-02-06,5.809999942779541,5.860000133514404,5.75,5.809999942779541,9241601.0
2026-02-09,5.820000171661377,5.960000038146973,5.820000171661377,5.849999904632568,14145474.0
2026-02-10,5.860000133514404,5.880000114440918,5.809999942779541,5.880000114440918,8300450.0
2026-02-11,5.889999866485596,5.920000076293945,5.820000171661377,5.909999847412109,5391287.0
2026-02-12,5.900000095367432,5.920000076293945,5.829999923706055,5.889999866485596,7716271.0
2026-02-13,5.869999885559082,5.869999885559082,5.739999771118164,5.760000228881836,10852890.0
2026-02-16,5.820000171661377,5.820000171661377,5.820000171661377,5.820000171661377,0.0
2026-02-20,5.800000190734863,5.840000152587891,5.730000019073486,5.789999961853027,3873000.0
2026-02-23,5.789999961853027,5.929999828338623,5.789999961853027,5.929999828338623,7093533.0
2026-02-24,5.900000095367432,6.03000020980835,5.849999904632568,6.019999980926514,34929663.0
2026-02-25,6.019999980926514,6.050000190734863,5.809999942779541,5.820000171661377,19603298.0
2026-02-26,5.829999923706055,5.849999904632568,5.75,5.760000228881836,11102051.0
2026-02-27,5.75,5.809999942779541,5.710000038146973,5.800000190734863,19094944.0
2026-03-02,5.769999980926514,5.820000171661377,5.670000076293945,5.789999961853027,20890344.0
2026-03-03,5.760000228881836,5.820000171661377,5.679999828338623,5.679999828338623,19780203.0
2026-03-04,5.639999866485596,5.699999809265137,5.579999923706055,5.639999866485596,16702449.0
2026-03-05,5.690000057220459,5.889999866485596,5.690000057220459,5.809999942779541,23052462.0
2026-03-06,5.760000228881836,5.820000171661377,5.690000057220459,5.739999771118164,48060450.0
2026-03-09,5.71999979019165,5.71999979019165,5.570000171661377,5.579999923706055,29957534.0
2026-03-10,5.639999866485596,5.670000076293945,5.579999923706055,5.579999923706055,18268300.0
2026-03-11,5.599999904632568,5.690000057220459,5.599999904632568,5.670000076293945,15736766.0
2026-03-12,5.670000076293945,5.699999809265137,5.559999942779541,5.559999942779541,23365590.0
2026-03-13,5.599999904632568,5.639999866485596,5.510000228881836,5.519999980926514,18571015.0
2026-03-16,5.519999980926514,5.550000190734863,5.409999847412109,5.449999809265137,22571806.0
2026-03-17,5.429999828338623,5.53000020980835,5.400000095367432,5.400000095367432,29351050.0
2026-03-18,5.409999847412109,5.449999809265137,5.349999904632568,5.409999847412109,15026650.0
2026-03-19,5.409999847412109,5.409999847412109,5.260000228881836,5.300000190734863,20632400.0
2026-03-20,5.300000190734863,5.400000095367432,5.239999771118164,5.360000133514404,19945000.0
2026-03-23,5.360000133514404,5.360000133514404,5.159999847412109,5.210000038146973,14162124.0
2026-03-24,5.260000228881836,5.309999942779541,5.199999809265137,5.289999961853027,10661700.0
2026-03-25,5.309999942779541,5.369999885559082,5.28000020980835,5.369999885559082,16423795.0
2026-03-26,5.380000114440918,5.409999847412109,5.210000038146973,5.25,12550113.0
2026-03-27,5.25,5.369999885559082,5.199999809265137,5.25,15559680.0
2026-03-30,5.090000152587891,5.199999809265137,4.860000133514404,5.039999961853027,111386860.0
2026-03-31,5.010000228881836,5.159999847412109,4.909999847412109,5.070000171661377,62073723.0
2026-04-01,5.139999866485596,5.159999847412109,5.039999961853027,5.059999942779541,25066450.0
2026-04-02,5.059999942779541,5.099999904632568,4.989999771118164,5.039999961853027,33122000.0
2026-04-08,5.070000171661377,5.230000019073486,5.070000171661377,5.190000057220459,26688907.0
2026-04-09,5.119999885559082,5.210000038146973,5.070000171661377,5.090000152587891,21737100.0
2026-04-10,5.159999847412109,5.28000020980835,5.090000152587891,5.260000228881836,34758381.0
2026-04-13,5.25,5.25,5.079999923706055,5.119999885559082,17194670.0
2026-04-14,5.159999847412109,5.170000076293945,5.070000171661377,5.099999904632568,16216000.0
2026-04-15,5.099999904632568,5.179999828338623,5.090000152587891,5.110000133514404,13223400.0
2026-04-16,5.110000133514404,5.159999847412109,5.079999923706055,5.150000095367432,20677835.0
2026-04-17,5.150000095367432,5.159999847412109,5.070000171661377,5.139999866485596,31065160.0
2026-04-20,5.139999866485596,5.159999847412109,5.099999904632568,5.139999866485596,11949500.0
2026-04-21,5.139999866485596,5.260000228881836,5.130000114440918,5.25,18213174.0
2026-04-22,5.25,5.269999980926514,5.170000076293945,5.170000076293945,21979864.0
2026-04-23,5.210000038146973,5.210000038146973,5.039999961853027,5.090000152587891,15251900.0
2026-04-24,5.079999923706055,5.090000152587891,5.03000020980835,5.059999942779541,7915555.0
2026-04-27,5.059999942779541,5.090000152587891,4.989999771118164,5.059999942779541,25312038.0
2026-04-28,5.079999923706055,5.130000114440918,5.019999980926514,5.099999904632568,13417310.0
2026-04-29,5.139999866485596,5.139999866485596,5.050000190734863,5.139999866485596,10309427.0
2026-04-30,5.25,5.409999847412109,5.179999828338623,5.199999809265137,31391526.0
2026-05-04,5.199999809265137,5.260000228881836,5.070000171661377,5.090000152587891,15255517.0
2026-05-05,5.079999923706055,5.079999923706055,5.010000228881836,5.070000171661377,10521451.0
2026-05-06,5.079999923706055,5.210000038146973,5.050000190734863,5.150000095367432,34462599.0
2026-05-07,5.170000076293945,5.269999980926514,5.150000095367432,5.239999771118164,23127940.0
2026-05-08,5.230000019073486,5.230000019073486,5.130000114440918,5.179999828338623,14084842.0
2026-05-11,5.150000095367432,5.25,5.139999866485596,5.210000038146973,11529100.0
2026-05-12,5.210000038146973,5.5,5.210000038146973,5.449999809265137,53830686.0
2026-05-13,5.449999809265137,5.550000190734863,5.360000133514404,5.429999828338623,32270485.0
2026-05-14,5.429999828338623,5.429999828338623,5.329999923706055,5.369999885559082,16483782.0
2026-05-15,5.329999923706055,5.380000114440918,5.28000020980835,5.320000171661377,15240000.0
2026-05-18,5.300000190734863,5.320000171661377,5.139999866485596,5.170000076293945,16947250.0
2026-05-19,5.199999809265137,5.320000171661377,5.150000095367432,5.300000190734863,29019216.0
2026-05-20,5.289999961853027,5.289999961853027,5.199999809265137,5.21999979019165,11692100.0
2026-05-21,5.199999809265137,5.289999961853027,5.150000095367432,5.150000095367432,15018296.0
2026-05-22,5.150000095367432,5.269999980926514,5.130000114440918,5.21999979019165,11791263.0
2026-05-26,5.21999979019165,5.269999980926514,5.119999885559082,5.230000019073486,18595273.0
2026-05-27,5.210000038146973,5.25,5.150000095367432,5.159999847412109,12776844.0
2026-05-28,5.199999809265137,5.199999809265137,5.079999923706055,5.099999904632568,10964360.0
2026-05-29,5.099999904632568,5.25,5.070000171661377,5.190000057220459,35127251.0
2026-06-01,5.190000057220459,5.269999980926514,5.150000095367432,5.230000019073486,21666800.0
2026-06-02,5.269999980926514,5.320000171661377,5.199999809265137,5.28000020980835,21174800.0
2026-06-03,5.269999980926514,5.380000114440918,5.230000019073486,5.360000133514404,25053218.0
2026-06-04,5.369999885559082,5.440000057220459,5.309999942779541,5.369999885559082,31959750.0
2026-06-05,5.369999885559082,5.420000076293945,5.269999980926514,5.300000190734863,33286977.0
2026-06-08,5.260000228881836,5.320000171661377,5.210000038146973,5.28000020980835,24992710.0
2026-06-09,5.28000020980835,5.369999885559082,5.230000019073486,5.309999942779541,27966150.0
2026-06-10,5.300000190734863,5.389999866485596,5.150000095367432,5.360000133514404,33929414.0
2026-06-11,5.349999904632568,5.389999866485596,5.260000228881836,5.320000171661377,21339464.0
2026-06-12,5.329999923706055,5.53000020980835,5.329999923706055,5.409999847412109,28744150.0
2026-06-15,5.489999771118164,5.539999961853027,5.380000114440918,5.489999771118164,32382700.0
2026-06-16,5.460000038146973,5.519999980926514,5.409999847412109,5.440000057220459,16877960.0
2026-06-17,5.480000019073486,5.480000019073486,5.320000171661377,5.349999904632568,12127550.0
2026-06-18,5.320000171661377,5.349999904632568,5.150000095367432,5.230000019073486,54467760.0
2026-06-22,5.150000095367432,5.159999847412109,5.0,5.050000190734863,41007320.0
2026-06-23,5.050000190734863,5.119999885559082,4.809999942779541,4.829999923706055,31000000.0
2026-06-24,4.829999923706055,4.840000152587891,4.670000076293945,4.699999809265137,35639520.0
2026-06-25,4.710000038146973,4.710000038146973,4.570000171661377,4.650000095367432,29938783.0
2026-06-26,4.650000095367432,4.650000095367432,4.510000228881836,4.550000190734863,18295231.0
2026-06-29,4.550000190734863,4.650000095367432,4.460000038146973,4.570000171661377,30691022.0
2026-06-30,4.619999885559082,4.619999885559082,4.429999828338623,4.489999771118164,24253429.0
2026-07-02,4.5,4.599999904632568,4.5,4.559999942779541,26844305.0
2026-07-03,4.630000114440918,4.650000095367432,4.559999942779541,4.599999904632568,12947966.0
2026-07-06,4.599999904632568,4.650000095367432,4.570000171661377,4.639999866485596,13168395.0
2026-07-07,4.599999904632568,4.659999847412109,4.519999980926514,4.570000171661377,15853643.0
2026-07-08,4.53000020980835,4.599999904632568,4.510000228881836,4.599999904632568,10995292.0
2026-07-09,4.599999904632568,4.599999904632568,4.489999771118164,4.539999961853027,10554455.0
2026-07-10,4.570000171661377,4.610000133514404,4.53000020980835,4.570000171661377,8534878.0
2026-07-13,4.570000171661377,4.570000171661377,4.429999828338623,4.46999979019165,16987553.0
2026-07-14,4.480000019073486,4.579999923706055,4.420000076293945,4.570000171661377,14959133.0
2026-07-15,4.579999923706055,4.599999904632568,4.53000020980835,4.590000152587891,12333518.0
2026-07-16,4.599999904632568,4.679999828338623,4.579999923706055,4.630000114440918,11787334.0
2026-07-17,4.670000076293945,4.710000038146973,4.579999923706055,4.630000114440918,18507050.0
2026-07-20,4.650000095367432,4.840000152587891,4.650000095367432,4.809999942779541,26405300.0
2026-07-21,4.809999942779541,4.909999847412109,4.800000190734863,4.880000114440918,15126144.0
2026-07-22,4.860000133514404,4.920000076293945,4.840000152587891,4.889999866485596,18031780.0
2026-07-23,4.889999866485596,4.96999979019165,4.849999904632568,4.940000057220459,21204888.0
2026-07-24,4.940000057220459,4.960000038146973,4.860000133514404,4.900000095367432,27148838.0
2026-07-27,4.909999847412109,4.929999828338623,4.869999885559082,4.909999847412109,5563300.0
2026-07-28,4.909999847412109,4.980000019073486,4.860000133514404,4.96999979019165,19199550.0
2026-07-29,4.949999809265137,5.28000020980835,4.940000057220459,5.25,32862932.0
2026-07-30,5.190000057220459,5.340000152587891,5.190000057220459,5.329999923706055,24912409.0
2026-07-31,5.28000020980835,5.329999923706055,5.25,5.260000228881836,40501391.0
2026-08-03,5.260000228881836,5.315000057220459,5.230000019073486,5.284999847412109,12076813.0
2026-08-04,5.28000020980835,5.300000190734863,5.150000095367432,5.184999942779541,15542672.0
2026-08-05,5.210000038146973,5.235000133514404,5.139999866485596,5.195000171661377,15971388.0
2026-08-06,5.179999828338623,5.199999809265137,5.059999942779541,5.09499979019165,12872607.0
2026-08-07,5.085000038146973,5.085000038146973,5.0,5.025000095367432,14900109.0
2026-08-10,5.010000228881836,5.099999904632568,5.010000228881836,5.070000171661377,11962418.0
2026-08-11,5.079999923706055,5.139999866485596,5.005000114440918,5.005000114440918,11003675.0
2026-08-12,5.074999809265137,5.074999809265137,4.934999942779541,5.010000228881836,9906212.0
2026-08-13,5.03000020980835,5.03000020980835,4.929999828338623,4.945000171661377,9124849.0
2026-08-14,4.945000171661377,4.994999885559082,4.889999866485596,4.940000057220459,12207480.0
2026-08-17,4.940000057220459,5.099999904632568,4.940000057220459,5.025000095367432,15773500.0
2026-08-18,5.045000076293945,5.050000190734863,4.945000171661377,5.014999866485596,15026296.0
2026-08-19,5.074999809265137,5.150000095367432,4.940000057220459,5.139999866485596,22206578.0
2026-08-20,5.224999904632568,5.389999866485596,5.215000152587891,5.28000020980835,37867187.0
2026-08-21,5.260000228881836,5.355000019073486,5.215000152587891,5.239999771118164,16598896.0
2026-08-24,5.224999904632568,5.304999828338623,5.195000171661377,5.239999771118164,14779986.0
2026-08-25,5.224999904632568,5.295000076293945,5.215000152587891,5.28000020980835,17221686.0
2026-08-26,5.349999904632568,5.349999904632568,5.260000228881836,5.269999980926514,15322700.0
2026-08-27,5.269999980926514,5.34499979019165,5.224999904632568,5.300000190734863,10626750.0
2026-08-28,5.300000190734863,5.440000057220459,5.269999980926514,5.409999847412109,21272807.0
