date,open,high,low,close,volume
2016-08-29,3.619999885559082,3.619999885559082,3.5299999713897705,3.5799999237060547,9876620.0
2016-08-30,3.619999885559082,3.759999990463257,3.549999952316284,3.7200000286102295,18784070.0
2016-08-31,3.75,3.7799999713897705,3.6700000762939453,3.7100000381469727,17454684.0
2016-09-01,3.75,3.859999895095825,3.7300000190734863,3.8499999046325684,16793156.0
2016-09-02,3.8399999141693115,3.950000047683716,3.809999942779541,3.940000057220459,14715951.0
2016-09-05,3.9800000190734863,3.990000009536743,3.880000114440918,3.880000114440918,7523552.0
2016-09-06,3.859999895095825,3.9800000190734863,3.859999895095825,3.950000047683716,8227922.0
2016-09-07,3.9700000286102295,3.990000009536743,3.740000009536743,3.7799999713897705,20452180.0
2016-09-08,3.799999952316284,4.019999980926514,3.7200000286102295,4.019999980926514,23775380.0
2016-09-09,4.050000190734863,4.059999942779541,3.9000000953674316,3.940000057220459,17822167.0
2016-09-12,3.869999885559082,3.9200000762939453,3.819999933242798,3.890000104904175,11217278.0
2016-09-13,3.9600000381469727,3.9700000286102295,3.8299999237060547,3.869999885559082,7344695.0
2016-09-14,3.8499999046325684,3.930000066757202,3.8399999141693115,3.8499999046325684,5093000.0
2016-09-15,3.890000104904175,3.890000104904175,3.809999942779541,3.869999885559082,5796570.0
2016-09-19,3.880000114440918,3.9200000762939453,3.859999895095825,3.890000104904175,7870991.0
2016-09-20,3.9100000858306885,4.0,3.880000114440918,4.0,8926089.0
2016-09-21,3.950000047683716,4.039999961853027,3.950000047683716,3.990000009536743,11222375.0
2016-09-22,4.050000190734863,4.090000152587891,4.010000228881836,4.070000171661377,12439466.0
2016-09-23,4.119999885559082,4.119999885559082,4.03000020980835,4.099999904632568,11382860.0
2016-09-26,4.090000152587891,4.119999885559082,3.940000057220459,4.03000020980835,14785000.0
2016-09-27,3.9700000286102295,4.039999961853027,3.9200000762939453,3.9800000190734863,7465772.0
2016-09-28,3.9800000190734863,4.019999980926514,3.9000000953674316,4.0,7590973.0
2016-09-29,4.03000020980835,4.309999942779541,4.03000020980835,4.300000190734863,35342527.0
2016-09-30,4.21999979019165,4.340000152587891,4.190000057220459,4.190000057220459,14607548.0
2016-10-03,4.340000152587891,4.340000152587891,4.110000133514404,4.119999885559082,16512216.0
2016-10-04,4.110000133514404,4.28000020980835,4.110000133514404,4.21999979019165,11085000.0
2016-10-05,4.28000020980835,4.340000152587891,4.179999828338623,4.289999961853027,18298057.0
2016-10-06,4.380000114440918,4.510000228881836,4.340000152587891,4.400000095367432,22372628.0
2016-10-07,4.440000057220459,4.519999980926514,4.360000133514404,4.400000095367432,23068635.0
2016-10-11,4.409999847412109,4.460000038146973,4.25,4.380000114440918,14942563.0
2016-10-12,4.360000133514404,4.360000133514404,4.25,4.309999942779541,11525377.0
2016-10-13,4.309999942779541,4.380000114440918,4.269999980926514,4.300000190734863,14546013.0
2016-10-14,4.320000171661377,4.340000152587891,4.239999771118164,4.329999923706055,8681067.0
2016-10-17,4.349999904632568,4.480000019073486,4.269999980926514,4.369999885559082,15434596.0
2016-10-18,4.429999828338623,4.460000038146973,4.380000114440918,4.440000057220459,10360213.0
2016-10-19,4.460000038146973,4.550000190734863,4.409999847412109,4.460000038146973,10575991.0
2016-10-20,4.489999771118164,4.550000190734863,4.449999809265137,4.480000019073486,8130456.0
2016-10-21,4.480000019073486,4.480000019073486,4.480000019073486,4.480000019073486,0.0
2016-10-24,4.5,4.789999961853027,4.480000019073486,4.78000020980835,55280790.0
2016-10-25,4.800000190734863,4.880000114440918,4.730000019073486,4.739999771118164,34621350.0
2016-10-26,4.730000019073486,4.800000190734863,4.650000095367432,4.679999828338623,22002032.0
2016-10-27,4.639999866485596,4.710000038146973,4.409999847412109,4.460000038146973,31346109.0
2016-10-28,4.460000038146973,4.559999942779541,4.440000057220459,4.449999809265137,14395230.0
2016-10-31,4.5,4.5,4.329999923706055,4.400000095367432,14536905.0
2016-11-01,4.400000095367432,4.650000095367432,4.400000095367432,4.420000076293945,32578000.0
2016-11-02,4.380000114440918,4.460000038146973,4.340000152587891,4.389999866485596,12031492.0
2016-11-03,4.400000095367432,4.480000019073486,4.320000171661377,4.360000133514404,19169405.0
2016-11-04,4.400000095367432,4.449999809265137,4.349999904632568,4.400000095367432,11263540.0
2016-11-07,4.409999847412109,4.53000020980835,4.400000095367432,4.5,19639294.0
2016-11-08,4.5,4.559999942779541,4.269999980926514,4.300000190734863,27021840.0
2016-11-09,4.329999923706055,4.329999923706055,4.0,4.179999828338623,37019823.0
2016-11-10,4.260000228881836,4.409999847412109,4.25,4.320000171661377,14518642.0
2016-11-11,4.21999979019165,4.449999809265137,4.199999809265137,4.349999904632568,28938833.0
2016-11-14,4.349999904632568,4.440000057220459,4.28000020980835,4.380000114440918,20995000.0
2016-11-15,4.369999885559082,4.420000076293945,4.119999885559082,4.239999771118164,26513064.0
2016-11-16,4.199999809265137,4.260000228881836,4.150000095367432,4.179999828338623,9715000.0
2016-11-17,4.159999847412109,4.21999979019165,4.119999885559082,4.130000114440918,14361860.0
2016-11-18,4.139999866485596,4.159999847412109,3.9800000190734863,4.090000152587891,25591450.0
2016-11-21,4.039999961853027,4.119999885559082,4.039999961853027,4.079999923706055,12075000.0
2016-11-22,4.070000171661377,4.239999771118164,4.070000171661377,4.179999828338623,19554000.0
2016-11-23,4.159999847412109,4.28000020980835,4.119999885559082,4.130000114440918,11081839.0
2016-11-24,4.139999866485596,4.199999809265137,4.110000133514404,4.159999847412109,8665000.0
2016-11-25,4.159999847412109,4.179999828338623,4.110000133514404,4.170000076293945,5916000.0
2016-11-28,4.199999809265137,4.239999771118164,4.159999847412109,4.190000057220459,16280700.0
2016-11-29,4.159999847412109,4.239999771118164,4.019999980926514,4.03000020980835,16532000.0
2016-11-30,4.039999961853027,4.070000171661377,3.9100000858306885,3.9100000858306885,21764520.0
2016-12-01,3.990000009536743,3.990000009536743,3.8399999141693115,3.8499999046325684,35386775.0
2016-12-02,3.859999895095825,3.940000057220459,3.8299999237060547,3.8499999046325684,20058528.0
2016-12-05,3.859999895095825,3.890000104904175,3.7699999809265137,3.7799999713897705,24136403.0
2016-12-06,3.809999942779541,3.880000114440918,3.809999942779541,3.819999933242798,11858200.0
2016-12-07,3.8399999141693115,3.950000047683716,3.8399999141693115,3.880000114440918,10995000.0
2016-12-08,3.930000066757202,3.990000009536743,3.9000000953674316,3.940000057220459,20236215.0
2016-12-09,3.930000066757202,3.9600000381469727,3.890000104904175,3.930000066757202,9904501.0
2016-12-12,3.9600000381469727,3.9700000286102295,3.8399999141693115,3.8499999046325684,18684000.0
2016-12-13,3.809999942779541,3.940000057220459,3.799999952316284,3.890000104904175,14058938.0
2016-12-14,3.940000057220459,4.0,3.819999933242798,3.8299999237060547,14377536.0
2016-12-15,3.799999952316284,3.869999885559082,3.740000009536743,3.75,14771340.0
2016-12-16,3.7300000190734863,3.809999942779541,3.7300000190734863,3.75,13041256.0
2016-12-19,3.75,3.75,3.700000047683716,3.7300000190734863,6718446.0
2016-12-20,3.7699999809265137,3.7699999809265137,3.680000066757202,3.700000047683716,9724444.0
2016-12-21,3.6600000858306885,3.759999990463257,3.6600000858306885,3.700000047683716,6488600.0
2016-12-22,3.690000057220459,3.690000057220459,3.5999999046325684,3.609999895095825,10444750.0
2016-12-23,3.6500000953674316,3.6500000953674316,3.5199999809265137,3.5399999618530273,13667018.0
2016-12-28,3.5399999618530273,3.609999895095825,3.5399999618530273,3.549999952316284,7050769.0
2016-12-29,3.5799999237060547,3.619999885559082,3.549999952316284,3.5999999046325684,6089508.0
2016-12-30,3.619999885559082,3.7200000286102295,3.619999885559082,3.680000066757202,8562568.0
2017-01-03,3.680000066757202,3.75,3.6600000858306885,3.7200000286102295,5787000.0
2017-01-04,3.7100000381469727,3.7899999618530273,3.7100000381469727,3.759999990463257,8150796.0
2017-01-05,3.7699999809265137,3.9100000858306885,3.7300000190734863,3.890000104904175,13971415.0
2017-01-06,3.9000000953674316,3.930000066757202,3.7699999809265137,3.7899999618530273,8955800.0
2017-01-09,3.819999933242798,3.8499999046325684,3.75,3.7699999809265137,3318500.0
2017-01-10,3.75,3.859999895095825,3.75,3.8299999237060547,5303201.0
2017-01-11,3.8299999237060547,3.930000066757202,3.8299999237060547,3.9100000858306885,9777004.0
2017-01-12,3.930000066757202,3.930000066757202,3.7899999618530273,3.799999952316284,7163642.0
2017-01-13,3.8299999237060547,3.940000057220459,3.7899999618530273,3.940000057220459,9239502.0
2017-01-16,3.940000057220459,3.950000047683716,3.819999933242798,3.8499999046325684,8842855.0
2017-01-17,3.890000104904175,3.890000104904175,3.819999933242798,3.8299999237060547,4223588.0
2017-01-18,3.859999895095825,3.9000000953674316,3.8299999237060547,3.8399999141693115,5163000.0
2017-01-19,3.859999895095825,3.859999895095825,3.7799999713897705,3.8399999141693115,6875444.0
2017-01-20,3.799999952316284,3.8499999046325684,3.7699999809265137,3.799999952316284,4507568.0
2017-01-23,3.880000114440918,3.930000066757202,3.859999895095825,3.869999885559082,14276981.0
2017-01-24,3.880000114440918,4.150000095367432,3.869999885559082,4.119999885559082,32099216.0
2017-01-25,4.150000095367432,4.170000076293945,4.050000190734863,4.130000114440918,17077000.0
2017-01-26,4.150000095367432,4.159999847412109,4.110000133514404,4.130000114440918,7711708.0
2017-01-27,4.099999904632568,4.110000133514404,4.039999961853027,4.070000171661377,3664000.0
2017-02-01,4.070000171661377,4.099999904632568,3.950000047683716,4.070000171661377,13228990.0
2017-02-02,4.099999904632568,4.25,4.059999942779541,4.190000057220459,16479212.0
2017-02-03,4.190000057220459,4.190000057220459,4.03000020980835,4.099999904632568,14088580.0
2017-02-06,4.150000095367432,4.150000095367432,3.940000057220459,3.990000009536743,16667000.0
2017-02-07,3.950000047683716,3.990000009536743,3.940000057220459,3.9600000381469727,5654764.0
2017-02-08,3.950000047683716,4.0,3.8299999237060547,3.9600000381469727,24450265.0
2017-02-09,3.930000066757202,4.050000190734863,3.930000066757202,4.0,7442106.0
2017-02-10,4.0,4.050000190734863,3.9600000381469727,4.019999980926514,18236917.0
2017-02-13,4.050000190734863,4.119999885559082,4.03000020980835,4.110000133514404,15482277.0
2017-02-14,4.079999923706055,4.139999866485596,4.079999923706055,4.099999904632568,9656172.0
2017-02-15,4.099999904632568,4.309999942779541,4.099999904632568,4.25,42765438.0
2017-02-16,4.289999961853027,4.329999923706055,4.199999809265137,4.289999961853027,23972905.0
2017-02-17,4.230000019073486,4.260000228881836,4.159999847412109,4.190000057220459,18794539.0
2017-02-20,4.170000076293945,4.230000019073486,4.170000076293945,4.190000057220459,5776612.0
2017-02-21,4.21999979019165,4.360000133514404,4.179999828338623,4.199999809265137,16113153.0
2017-02-22,4.239999771118164,4.320000171661377,4.179999828338623,4.289999961853027,10583859.0
2017-02-23,4.260000228881836,4.340000152587891,4.239999771118164,4.28000020980835,14425407.0
2017-02-24,4.269999980926514,4.269999980926514,4.119999885559082,4.139999866485596,16692289.0
2017-02-27,4.179999828338623,4.179999828338623,4.070000171661377,4.099999904632568,9504273.0
2017-02-28,4.079999923706055,4.139999866485596,4.079999923706055,4.110000133514404,6417666.0
2017-03-01,4.079999923706055,4.130000114440918,4.070000171661377,4.110000133514404,5361310.0
2017-03-02,4.159999847412109,4.199999809265137,4.090000152587891,4.090000152587891,8799000.0
2017-03-03,4.099999904632568,4.099999904632568,3.9700000286102295,3.9800000190734863,10282656.0
2017-03-06,4.010000228881836,4.079999923706055,3.990000009536743,4.079999923706055,5732084.0
2017-03-07,4.090000152587891,4.090000152587891,3.990000009536743,4.03000020980835,9531367.0
2017-03-08,4.0,4.070000171661377,3.990000009536743,4.03000020980835,8461872.0
2017-03-09,4.039999961853027,4.039999961853027,3.9000000953674316,3.930000066757202,10128713.0
2017-03-10,3.9100000858306885,3.9200000762939453,3.819999933242798,3.8399999141693115,17290415.0
2017-03-13,3.799999952316284,3.9700000286102295,3.799999952316284,3.9200000762939453,7565116.0
2017-03-14,3.9200000762939453,4.019999980926514,3.9200000762939453,3.9600000381469727,8393910.0
2017-03-15,3.9700000286102295,3.9700000286102295,3.859999895095825,3.890000104904175,10149474.0
2017-03-16,3.9100000858306885,4.039999961853027,3.9100000858306885,4.019999980926514,15284081.0
2017-03-17,4.070000171661377,4.090000152587891,4.019999980926514,4.019999980926514,19874797.0
2017-03-20,4.230000019073486,4.320000171661377,4.170000076293945,4.179999828338623,44128620.0
2017-03-21,4.210000038146973,4.239999771118164,4.150000095367432,4.190000057220459,11275817.0
2017-03-22,4.150000095367432,4.170000076293945,4.03000020980835,4.110000133514404,13736460.0
2017-03-23,4.050000190734863,4.079999923706055,4.010000228881836,4.050000190734863,25541173.0
2017-03-24,4.059999942779541,4.090000152587891,4.019999980926514,4.070000171661377,12753557.0
2017-03-27,4.059999942779541,4.079999923706055,3.9000000953674316,3.930000066757202,19807840.0
2017-03-28,3.950000047683716,3.990000009536743,3.9000000953674316,3.9800000190734863,11023720.0
2017-03-29,4.059999942779541,4.059999942779541,4.0,4.039999961853027,7936039.0
2017-03-30,4.039999961853027,4.039999961853027,3.9600000381469727,3.9700000286102295,4778426.0
2017-03-31,3.9600000381469727,3.9800000190734863,3.9000000953674316,3.9200000762939453,8301282.0
2017-04-03,3.9600000381469727,4.059999942779541,3.9600000381469727,4.0,5500836.0
2017-04-05,4.050000190734863,4.119999885559082,4.0,4.090000152587891,20955200.0
2017-04-06,4.090000152587891,4.099999904632568,4.050000190734863,4.070000171661377,6045067.0
2017-04-07,4.150000095367432,4.170000076293945,4.090000152587891,4.159999847412109,15185737.0
2017-04-10,4.159999847412109,4.179999828338623,4.090000152587891,4.139999866485596,7456822.0
2017-04-11,4.289999961853027,4.289999961853027,4.019999980926514,4.110000133514404,21657823.0
2017-04-12,4.070000171661377,4.199999809265137,4.070000171661377,4.179999828338623,11202715.0
2017-04-13,4.170000076293945,4.190000057220459,4.099999904632568,4.130000114440918,8231099.0
2017-04-18,4.110000133514404,4.110000133514404,3.9800000190734863,3.990000009536743,8772532.0
2017-04-19,4.079999923706055,4.079999923706055,3.9000000953674316,3.930000066757202,14575000.0
2017-04-20,3.940000057220459,3.9700000286102295,3.859999895095825,3.940000057220459,13955486.0
2017-04-21,3.940000057220459,3.950000047683716,3.859999895095825,3.9000000953674316,11060705.0
2017-04-24,3.930000066757202,3.930000066757202,3.7899999618530273,3.8499999046325684,13842506.0
2017-04-25,3.869999885559082,3.880000114440918,3.809999942779541,3.8499999046325684,13276774.0
2017-04-26,3.880000114440918,3.890000104904175,3.799999952316284,3.859999895095825,10145000.0
2017-04-27,3.8299999237060547,3.8299999237060547,3.759999990463257,3.7799999713897705,10657730.0
2017-04-28,3.8299999237060547,3.8399999141693115,3.7699999809265137,3.7799999713897705,15347648.0
2017-05-02,3.8299999237060547,3.8299999237060547,3.7300000190734863,3.7300000190734863,12265304.0
2017-05-04,3.7300000190734863,3.740000009536743,3.6600000858306885,3.700000047683716,14910195.0
2017-05-05,3.690000057220459,3.690000057220459,3.4700000286102295,3.5199999809265137,37728800.0
2017-05-08,3.5399999618530273,3.5899999141693115,3.4700000286102295,3.559999942779541,8411000.0
2017-05-09,3.5799999237060547,3.630000114440918,3.5199999809265137,3.5899999141693115,9561995.0
2017-05-10,3.630000114440918,3.630000114440918,3.4800000190734863,3.509999990463257,11150000.0
2017-05-11,3.5199999809265137,3.5299999713897705,3.4700000286102295,3.4800000190734863,10391185.0
2017-05-12,3.5,3.549999952316284,3.4600000381469727,3.4800000190734863,8658733.0
2017-05-15,3.5299999713897705,3.5299999713897705,3.4200000762939453,3.4700000286102295,15348549.0
2017-05-16,3.5,3.549999952316284,3.4700000286102295,3.549999952316284,12252528.0
2017-05-17,3.549999952316284,3.549999952316284,3.4600000381469727,3.4800000190734863,10591716.0
2017-05-18,3.450000047683716,3.4700000286102295,3.430000066757202,3.450000047683716,7066006.0
2017-05-19,3.450000047683716,3.490000009536743,3.440000057220459,3.4800000190734863,4558452.0
2017-05-22,3.490000009536743,3.5999999046325684,3.4700000286102295,3.5899999141693115,16556314.0
2017-05-23,3.5899999141693115,3.5899999141693115,3.4700000286102295,3.5,8711400.0
2017-05-24,3.490000009536743,3.490000009536743,3.430000066757202,3.4600000381469727,7251767.0
2017-05-25,3.450000047683716,3.5199999809265137,3.440000057220459,3.4700000286102295,9385958.0
2017-05-26,3.4700000286102295,3.5199999809265137,3.4600000381469727,3.5,4952901.0
2017-05-29,3.490000009536743,3.509999990463257,3.430000066757202,3.4600000381469727,7811015.0
2017-05-31,3.440000057220459,3.4700000286102295,3.4000000953674316,3.4200000762939453,12021864.0
2017-06-01,3.430000066757202,3.430000066757202,3.3299999237060547,3.359999895095825,19952827.0
2017-06-02,3.380000114440918,3.4000000953674316,3.3499999046325684,3.380000114440918,6366995.0
2017-06-05,3.390000104904175,3.490000009536743,3.390000104904175,3.440000057220459,15058369.0
2017-06-06,3.440000057220459,3.4600000381469727,3.4100000858306885,3.440000057220459,6984104.0
2017-06-07,3.450000047683716,3.4800000190734863,3.430000066757202,3.440000057220459,9043000.0
2017-06-08,3.440000057220459,3.4600000381469727,3.4100000858306885,3.440000057220459,5803053.0
2017-06-09,3.440000057220459,3.450000047683716,3.369999885559082,3.4100000858306885,9916085.0
2017-06-12,3.4000000953674316,3.4100000858306885,3.359999895095825,3.380000114440918,6942000.0
2017-06-13,3.380000114440918,3.549999952316284,3.369999885559082,3.5,37814583.0
2017-06-14,3.5299999713897705,3.7200000286102295,3.5299999713897705,3.700000047683716,57750880.0
2017-06-15,3.680000066757202,3.7100000381469727,3.5999999046325684,3.680000066757202,16185137.0
2017-06-16,3.6700000762939453,3.680000066757202,3.630000114440918,3.680000066757202,14491000.0
2017-06-19,3.690000057220459,3.8299999237060547,3.6500000953674316,3.7899999618530273,24656939.0
2017-06-20,3.809999942779541,3.8299999237060547,3.7100000381469727,3.75,12275226.0
2017-06-21,3.700000047683716,3.7899999618530273,3.690000057220459,3.75,15690467.0
2017-06-22,3.7300000190734863,3.7899999618530273,3.7100000381469727,3.759999990463257,10975125.0
2017-06-23,3.740000009536743,3.7699999809265137,3.7200000286102295,3.7699999809265137,9657734.0
2017-06-26,3.740000009536743,3.8499999046325684,3.7300000190734863,3.7699999809265137,11868132.0
2017-06-27,3.759999990463257,3.799999952316284,3.740000009536743,3.7699999809265137,12091722.0
2017-06-28,3.7699999809265137,3.7699999809265137,3.680000066757202,3.7300000190734863,20564116.0
2017-06-29,3.75,3.799999952316284,3.7300000190734863,3.759999990463257,18230134.0
2017-06-30,3.740000009536743,3.799999952316284,3.7100000381469727,3.7799999713897705,29234030.0
2017-07-03,3.759999990463257,3.799999952316284,3.740000009536743,3.7799999713897705,13076601.0
2017-07-04,3.7699999809265137,3.799999952316284,3.630000114440918,3.690000057220459,21458715.0
2017-07-05,3.7100000381469727,3.759999990463257,3.680000066757202,3.700000047683716,19228249.0
2017-07-06,3.7200000286102295,3.740000009536743,3.680000066757202,3.7200000286102295,17319376.0
2017-07-07,3.6700000762939453,3.75,3.6700000762939453,3.740000009536743,8670515.0
2017-07-10,3.75,3.7699999809265137,3.7200000286102295,3.7300000190734863,7429747.0
2017-07-11,3.7200000286102295,3.7699999809265137,3.690000057220459,3.700000047683716,16605936.0
2017-07-12,3.700000047683716,3.7200000286102295,3.619999885559082,3.680000066757202,15868036.0
2017-07-13,3.680000066757202,3.799999952316284,3.6700000762939453,3.740000009536743,30813586.0
2017-07-14,3.759999990463257,3.9200000762939453,3.75,3.9000000953674316,47717109.0
2017-07-17,3.9100000858306885,4.03000020980835,3.8499999046325684,3.9200000762939453,48898626.0
2017-07-18,3.950000047683716,4.019999980926514,3.9100000858306885,3.9800000190734863,22381913.0
2017-07-19,4.0,4.269999980926514,3.990000009536743,4.179999828338623,59090911.0
2017-07-20,4.139999866485596,4.210000038146973,4.090000152587891,4.150000095367432,32158135.0
2017-07-21,4.159999847412109,4.179999828338623,4.079999923706055,4.119999885559082,21119528.0
2017-07-24,4.119999885559082,4.21999979019165,4.039999961853027,4.070000171661377,18843390.0
2017-07-25,4.130000114440918,4.130000114440918,3.9000000953674316,3.9100000858306885,64045519.0
2017-07-26,3.940000057220459,3.9800000190734863,3.880000114440918,3.930000066757202,18183125.0
2017-07-27,3.9700000286102295,3.9700000286102295,3.809999942779541,3.869999885559082,22181385.0
2017-07-28,3.8399999141693115,3.9200000762939453,3.7699999809265137,3.7899999618530273,31925067.0
2017-07-31,3.819999933242798,3.9200000762939453,3.819999933242798,3.859999895095825,28555589.0
2017-08-01,3.9000000953674316,3.9200000762939453,3.7899999618530273,3.8399999141693115,30155943.0
2017-08-02,3.8499999046325684,4.0,3.8299999237060547,3.9700000286102295,34828111.0
2017-08-03,3.9600000381469727,3.990000009536743,3.880000114440918,3.9100000858306885,21208221.0
2017-08-04,3.9200000762939453,4.260000228881836,3.9200000762939453,4.199999809265137,104840226.0
2017-08-07,4.199999809265137,4.21999979019165,4.079999923706055,4.159999847412109,30578900.0
2017-08-08,4.170000076293945,4.21999979019165,4.090000152587891,4.099999904632568,25681453.0
2017-08-09,4.090000152587891,4.269999980926514,4.059999942779541,4.21999979019165,46472687.0
2017-08-10,4.21999979019165,4.25,4.070000171661377,4.110000133514404,27079675.0
2017-08-11,4.059999942779541,4.079999923706055,3.8399999141693115,3.890000104904175,34438906.0
2017-08-14,3.930000066757202,3.940000057220459,3.8399999141693115,3.9100000858306885,26253120.0
2017-08-15,3.9200000762939453,3.9200000762939453,3.819999933242798,3.819999933242798,24864280.0
2017-08-16,3.819999933242798,3.869999885559082,3.799999952316284,3.809999942779541,11689024.0
2017-08-17,3.8499999046325684,3.9000000953674316,3.8299999237060547,3.859999895095825,15543690.0
2017-08-18,3.869999885559082,3.869999885559082,3.799999952316284,3.819999933242798,12290000.0
2017-08-21,3.8399999141693115,3.859999895095825,3.819999933242798,3.8299999237060547,18882920.0
2017-08-22,3.859999895095825,3.9000000953674316,3.8299999237060547,3.869999885559082,23835050.0
2017-08-23,3.869999885559082,3.869999885559082,3.869999885559082,3.869999885559082,0.0
2017-08-24,3.9000000953674316,3.9100000858306885,3.809999942779541,3.809999942779541,28193067.0
2017-08-25,3.859999895095825,3.890000104904175,3.8299999237060547,3.869999885559082,25784512.0
2017-08-28,3.859999895095825,3.9100000858306885,3.8399999141693115,3.890000104904175,20939354.0
2017-08-29,3.880000114440918,3.9000000953674316,3.8499999046325684,3.8499999046325684,13683000.0
2017-08-30,3.869999885559082,4.03000020980835,3.859999895095825,3.9700000286102295,29146000.0
2017-08-31,4.03000020980835,4.03000020980835,3.9200000762939453,3.940000057220459,9480599.0
2017-09-01,3.990000009536743,4.130000114440918,3.9700000286102295,4.03000020980835,33072196.0
2017-09-04,4.03000020980835,4.059999942779541,3.930000066757202,3.940000057220459,22986012.0
2017-09-05,3.9600000381469727,3.9700000286102295,3.9000000953674316,3.9100000858306885,9805000.0
2017-09-06,3.9000000953674316,3.940000057220459,3.859999895095825,3.859999895095825,17539602.0
2017-09-07,3.890000104904175,3.9100000858306885,3.8299999237060547,3.859999895095825,15522000.0
2017-09-08,3.869999885559082,3.9100000858306885,3.8499999046325684,3.8499999046325684,13366518.0
2017-09-11,3.880000114440918,3.9000000953674316,3.8399999141693115,3.869999885559082,9913920.0
2017-09-12,3.9000000953674316,3.990000009536743,3.890000104904175,3.9800000190734863,25254727.0
2017-09-13,3.9800000190734863,4.070000171661377,3.9800000190734863,4.059999942779541,23529793.0
2017-09-14,4.079999923706055,4.079999923706055,3.950000047683716,3.9600000381469727,16360916.0
2017-09-15,3.9600000381469727,3.9700000286102295,3.859999895095825,3.9200000762939453,18604000.0
2017-09-18,3.9200000762939453,3.9700000286102295,3.890000104904175,3.930000066757202,17586932.0
2017-09-19,3.9200000762939453,3.940000057220459,3.880000114440918,3.9000000953674316,11399217.0
2017-09-20,3.890000104904175,3.950000047683716,3.890000104904175,3.930000066757202,11459429.0
2017-09-21,3.930000066757202,3.9600000381469727,3.9000000953674316,3.9200000762939453,11200549.0
2017-09-22,3.9000000953674316,3.9100000858306885,3.809999942779541,3.8399999141693115,22951040.0
2017-09-25,3.8399999141693115,3.8399999141693115,3.680000066757202,3.7300000190734863,30651180.0
2017-09-26,3.7100000381469727,3.7899999618530273,3.700000047683716,3.759999990463257,9601920.0
2017-09-27,3.740000009536743,3.7699999809265137,3.7300000190734863,3.75,15135747.0
2017-09-28,3.7200000286102295,3.740000009536743,3.700000047683716,3.700000047683716,9077203.0
2017-09-29,3.700000047683716,3.7200000286102295,3.6600000858306885,3.690000057220459,10882000.0
2017-10-03,3.700000047683716,3.8499999046325684,3.700000047683716,3.7699999809265137,14590280.0
2017-10-04,3.799999952316284,3.859999895095825,3.759999990463257,3.8299999237060547,28772650.0
2017-10-06,3.9000000953674316,3.9800000190734863,3.8499999046325684,3.869999885559082,14524957.0
2017-10-09,3.8499999046325684,3.859999895095825,3.7699999809265137,3.7799999713897705,18559729.0
2017-10-10,3.7799999713897705,3.809999942779541,3.759999990463257,3.7699999809265137,13063000.0
2017-10-11,3.880000114440918,3.880000114440918,3.7799999713897705,3.809999942779541,37945955.0
2017-10-12,3.799999952316284,3.819999933242798,3.759999990463257,3.759999990463257,12331450.0
2017-10-13,3.7799999713897705,3.809999942779541,3.759999990463257,3.7799999713897705,18884312.0
2017-10-16,3.809999942779541,3.809999942779541,3.7699999809265137,3.7799999713897705,11219244.0
2017-10-17,3.7799999713897705,3.7799999713897705,3.75,3.759999990463257,14098114.0
2017-10-18,3.759999990463257,3.7899999618530273,3.7300000190734863,3.7300000190734863,14253000.0
2017-10-19,3.740000009536743,3.7699999809265137,3.630000114440918,3.630000114440918,15146881.0
2017-10-20,3.6500000953674316,3.680000066757202,3.6500000953674316,3.680000066757202,18802807.0
2017-10-23,3.680000066757202,3.700000047683716,3.6600000858306885,3.690000057220459,6606565.0
2017-10-24,3.700000047683716,3.700000047683716,3.640000104904175,3.6500000953674316,6827258.0
2017-10-25,3.6500000953674316,3.690000057220459,3.6500000953674316,3.680000066757202,5394000.0
2017-10-26,3.6600000858306885,3.680000066757202,3.6500000953674316,3.6600000858306885,8120676.0
2017-10-27,3.6600000858306885,3.680000066757202,3.5999999046325684,3.630000114440918,15247153.0
2017-10-30,3.640000104904175,3.6600000858306885,3.569999933242798,3.5899999141693115,12827000.0
2017-10-31,3.5899999141693115,3.5999999046325684,3.549999952316284,3.569999933242798,14486110.0
2017-11-01,3.5799999237060547,3.5999999046325684,3.5199999809265137,3.5299999713897705,16708000.0
2017-11-02,3.549999952316284,3.609999895095825,3.5299999713897705,3.549999952316284,26381259.0
2017-11-03,3.5399999618530273,3.569999933242798,3.509999990463257,3.509999990463257,11604442.0
2017-11-06,3.509999990463257,3.5199999809265137,3.4700000286102295,3.5,13014453.0
2017-11-07,3.5199999809265137,3.549999952316284,3.490000009536743,3.5199999809265137,23383470.0
2017-11-08,3.509999990463257,3.559999942779541,3.509999990463257,3.5399999618530273,22254360.0
2017-11-09,3.549999952316284,3.5999999046325684,3.5399999618530273,3.5899999141693115,15924000.0
2017-11-10,3.5799999237060547,3.609999895095825,3.549999952316284,3.569999933242798,13777146.0
2017-11-13,3.569999933242798,3.5799999237060547,3.5399999618530273,3.559999942779541,15534691.0
2017-11-14,3.549999952316284,3.5999999046325684,3.509999990463257,3.5299999713897705,35932659.0
2017-11-15,3.5,3.5299999713897705,3.4800000190734863,3.509999990463257,14611358.0
2017-11-16,3.509999990463257,3.569999933242798,3.5,3.5299999713897705,19291136.0
2017-11-17,3.5399999618530273,3.549999952316284,3.490000009536743,3.490000009536743,21969630.0
2017-11-20,3.490000009536743,3.5799999237060547,3.4600000381469727,3.559999942779541,15765016.0
2017-11-21,3.559999942779541,3.5799999237060547,3.5199999809265137,3.559999942779541,8460704.0
2017-11-22,3.559999942779541,3.630000114440918,3.559999942779541,3.5899999141693115,30403459.0
2017-11-23,3.5999999046325684,3.740000009536743,3.5999999046325684,3.640000104904175,26014890.0
2017-11-24,3.6500000953674316,3.680000066757202,3.630000114440918,3.640000104904175,10128765.0
2017-11-27,3.6500000953674316,3.7100000381469727,3.609999895095825,3.609999895095825,11359107.0
2017-11-28,3.609999895095825,3.6500000953674316,3.5299999713897705,3.630000114440918,22884209.0
2017-11-29,3.5899999141693115,3.680000066757202,3.5799999237060547,3.6500000953674316,15366619.0
2017-11-30,3.6600000858306885,3.6700000762939453,3.5199999809265137,3.5299999713897705,165955694.0
2017-12-01,3.5399999618530273,3.559999942779541,3.5,3.5,19992779.0
2017-12-04,3.5,3.569999933242798,3.490000009536743,3.509999990463257,15989290.0
2017-12-05,3.509999990463257,3.5199999809265137,3.4600000381469727,3.4700000286102295,13399645.0
2017-12-06,3.4800000190734863,3.5,3.3499999046325684,3.359999895095825,34126800.0
2017-12-07,3.359999895095825,3.4000000953674316,3.319999933242798,3.3499999046325684,14805860.0
2017-12-08,3.3499999046325684,3.369999885559082,3.2799999713897705,3.3499999046325684,12934920.0
2017-12-11,3.359999895095825,3.4200000762939453,3.359999895095825,3.4000000953674316,7727640.0
2017-12-12,3.4000000953674316,3.4100000858306885,3.359999895095825,3.4000000953674316,5984264.0
2017-12-13,3.390000104904175,3.4600000381469727,3.369999885559082,3.4600000381469727,16576682.0
2017-12-14,3.440000057220459,3.4700000286102295,3.4200000762939453,3.4600000381469727,12465660.0
2017-12-15,3.4700000286102295,3.4700000286102295,3.380000114440918,3.4000000953674316,13784042.0
2017-12-18,3.4200000762939453,3.4200000762939453,3.369999885559082,3.4000000953674316,8590898.0
2017-12-19,3.4200000762939453,3.430000066757202,3.380000114440918,3.4000000953674316,6757754.0
2017-12-20,3.4000000953674316,3.430000066757202,3.380000114440918,3.4000000953674316,4184257.0
2017-12-21,3.369999885559082,3.450000047683716,3.369999885559082,3.430000066757202,5087000.0
2017-12-22,3.430000066757202,3.4700000286102295,3.4100000858306885,3.4600000381469727,7507490.0
2017-12-27,3.450000047683716,3.569999933242798,3.440000057220459,3.5399999618530273,21442880.0
2017-12-28,3.559999942779541,3.5799999237060547,3.5299999713897705,3.549999952316284,7642400.0
2017-12-29,3.549999952316284,3.559999942779541,3.509999990463257,3.5299999713897705,7179100.0
2018-01-02,3.509999990463257,3.630000114440918,3.4800000190734863,3.609999895095825,20050960.0
2018-01-03,3.5999999046325684,3.630000114440918,3.5799999237060547,3.5899999141693115,13111133.0
2018-01-04,3.5799999237060547,3.6600000858306885,3.5799999237060547,3.5799999237060547,24641454.0
2018-01-05,3.619999885559082,3.6500000953674316,3.5799999237060547,3.630000114440918,20331921.0
2018-01-08,3.640000104904175,4.010000228881836,3.630000114440918,4.0,124073604.0
2018-01-09,4.010000228881836,4.079999923706055,3.9200000762939453,4.010000228881836,64339535.0
2018-01-10,4.070000171661377,4.099999904632568,3.950000047683716,3.950000047683716,52864030.0
2018-01-11,3.950000047683716,4.0,3.9100000858306885,3.990000009536743,25523243.0
2018-01-12,4.0,4.070000171661377,3.930000066757202,4.010000228881836,30860600.0
2018-01-15,4.010000228881836,4.050000190734863,3.8499999046325684,3.859999895095825,30888100.0
2018-01-16,3.859999895095825,3.9600000381469727,3.8499999046325684,3.9000000953674316,19410896.0
2018-01-17,3.9000000953674316,3.9000000953674316,3.8299999237060547,3.880000114440918,10015000.0
2018-01-18,3.880000114440918,3.9700000286102295,3.869999885559082,3.950000047683716,17804388.0
2018-01-19,3.940000057220459,3.9800000190734863,3.9200000762939453,3.930000066757202,12112992.0
2018-01-22,3.9600000381469727,4.050000190734863,3.9200000762939453,3.9700000286102295,22053621.0
2018-01-23,3.9600000381469727,3.9800000190734863,3.930000066757202,3.9700000286102295,10112628.0
2018-01-24,3.950000047683716,4.079999923706055,3.950000047683716,4.070000171661377,25634710.0
2018-01-25,4.059999942779541,4.21999979019165,4.059999942779541,4.090000152587891,30283794.0
2018-01-26,4.070000171661377,4.110000133514404,4.03000020980835,4.03000020980835,19768546.0
2018-01-29,4.039999961853027,4.309999942779541,4.039999961853027,4.260000228881836,68282807.0
2018-01-30,4.25,4.289999961853027,4.150000095367432,4.159999847412109,38325814.0
2018-01-31,4.119999885559082,4.159999847412109,3.9800000190734863,4.039999961853027,31922000.0
2018-02-01,4.050000190734863,4.239999771118164,3.9100000858306885,3.9200000762939453,47532983.0
2018-02-02,3.9700000286102295,4.150000095367432,3.9200000762939453,4.070000171661377,44509120.0
2018-02-05,3.9000000953674316,4.159999847412109,3.9000000953674316,4.059999942779541,33779114.0
2018-02-06,3.9000000953674316,3.9700000286102295,3.75,3.7699999809265137,50284230.0
2018-02-07,3.880000114440918,3.930000066757202,3.7200000286102295,3.7200000286102295,42528363.0
2018-02-08,3.75,3.759999990463257,3.6600000858306885,3.690000057220459,18052888.0
2018-02-09,3.5299999713897705,3.630000114440918,3.430000066757202,3.5199999809265137,32350840.0
2018-02-12,3.549999952316284,3.5899999141693115,3.5,3.5,24387000.0
2018-02-13,3.559999942779541,3.619999885559082,3.4600000381469727,3.4700000286102295,24346935.0
2018-02-14,3.5,3.549999952316284,3.4700000286102295,3.5199999809265137,20950000.0
2018-02-15,3.569999933242798,3.6700000762939453,3.559999942779541,3.640000104904175,9012289.0
2018-02-20,3.640000104904175,3.6500000953674316,3.5199999809265137,3.5299999713897705,15834864.0
2018-02-21,3.549999952316284,3.5999999046325684,3.5299999713897705,3.5799999237060547,7816000.0
2018-02-22,3.559999942779541,3.6700000762939453,3.559999942779541,3.609999895095825,14366574.0
2018-02-23,3.7300000190734863,3.7899999618530273,3.6500000953674316,3.7300000190734863,36009877.0
2018-02-26,3.7799999713897705,3.819999933242798,3.6600000858306885,3.690000057220459,29935600.0
2018-02-27,3.740000009536743,3.740000009536743,3.609999895095825,3.609999895095825,17557712.0
2018-02-28,3.5999999046325684,3.6500000953674316,3.569999933242798,3.5799999237060547,13136000.0
2018-03-01,3.5799999237060547,3.630000114440918,3.569999933242798,3.5999999046325684,8177723.0
2018-03-02,3.5799999237060547,3.5799999237060547,3.5199999809265137,3.5299999713897705,13162000.0
2018-03-05,3.549999952316284,3.569999933242798,3.5,3.5399999618530273,13104397.0
2018-03-06,3.569999933242798,3.680000066757202,3.549999952316284,3.680000066757202,20236297.0
2018-03-07,3.6500000953674316,3.6600000858306885,3.549999952316284,3.549999952316284,18135080.0
2018-03-08,3.5899999141693115,3.609999895095825,3.549999952316284,3.569999933242798,8265660.0
2018-03-09,3.5999999046325684,3.619999885559082,3.559999942779541,3.5799999237060547,13092226.0
2018-03-12,3.619999885559082,3.630000114440918,3.5799999237060547,3.619999885559082,14182000.0
2018-03-13,3.619999885559082,3.630000114440918,3.549999952316284,3.559999942779541,15580961.0
2018-03-14,3.559999942779541,3.619999885559082,3.549999952316284,3.5999999046325684,10588920.0
2018-03-15,3.5799999237060547,3.5999999046325684,3.549999952316284,3.5799999237060547,7398063.0
2018-03-16,3.569999933242798,3.5999999046325684,3.490000009536743,3.509999990463257,19964827.0
2018-03-19,3.509999990463257,3.5299999713897705,3.450000047683716,3.450000047683716,13607201.0
2018-03-20,3.4600000381469727,3.490000009536743,3.4200000762939453,3.440000057220459,18506080.0
2018-03-21,3.450000047683716,3.450000047683716,3.3399999141693115,3.3399999141693115,35197070.0
2018-03-22,3.369999885559082,3.380000114440918,3.240000009536743,3.2699999809265137,42944000.0
2018-03-23,3.2300000190734863,3.2300000190734863,3.109999895095825,3.180000066757202,29701250.0
2018-03-26,3.1500000953674316,3.2200000286102295,3.0999999046325684,3.200000047683716,18279000.0
2018-03-27,3.25,3.259999990463257,3.2100000381469727,3.2100000381469727,9475947.0
2018-03-28,3.2100000381469727,3.2100000381469727,3.140000104904175,3.190000057220459,11407096.0
2018-03-29,3.2100000381469727,3.2100000381469727,3.0799999237060547,3.140000104904175,21937880.0
2018-04-03,3.119999885559082,3.140000104904175,3.0299999713897705,3.0999999046325684,12731428.0
2018-04-04,3.0999999046325684,3.1600000858306885,3.0799999237060547,3.109999895095825,8459695.0
2018-04-06,3.119999885559082,3.1500000953674316,3.0799999237060547,3.0899999141693115,9499000.0
2018-04-09,3.109999895095825,3.119999885559082,3.049999952316284,3.0999999046325684,16115000.0
2018-04-10,3.109999895095825,3.190000057220459,3.109999895095825,3.1700000762939453,11401000.0
2018-04-11,3.2799999713897705,3.2899999618530273,3.1700000762939453,3.200000047683716,10619852.0
2018-04-12,3.1700000762939453,3.1700000762939453,3.0899999141693115,3.0999999046325684,16294000.0
2018-04-13,3.130000114440918,3.130000114440918,3.0799999237060547,3.109999895095825,18423000.0
2018-04-16,3.0899999141693115,3.119999885559082,3.069999933242798,3.0899999141693115,11629000.0
2018-04-17,3.0999999046325684,3.140000104904175,3.0799999237060547,3.0999999046325684,10878953.0
2018-04-18,3.119999885559082,3.1500000953674316,3.059999942779541,3.0899999141693115,13521000.0
2018-04-19,3.109999895095825,3.240000009536743,3.0999999046325684,3.2200000286102295,30557000.0
2018-04-20,3.2100000381469727,3.2300000190734863,3.1500000953674316,3.1700000762939453,14138000.0
2018-04-23,3.200000047683716,3.200000047683716,3.1500000953674316,3.1600000858306885,11958000.0
2018-04-24,3.190000057220459,3.319999933242798,3.1700000762939453,3.309999942779541,25373206.0
2018-04-25,3.2799999713897705,3.319999933242798,3.2300000190734863,3.309999942779541,14675000.0
2018-04-26,3.3299999237060547,3.3299999237060547,3.2300000190734863,3.25,12867105.0
2018-04-27,3.259999990463257,3.2799999713897705,3.2300000190734863,3.259999990463257,5247292.0
2018-04-30,3.299999952316284,3.440000057220459,3.299999952316284,3.4200000762939453,22860753.0
2018-05-02,3.390000104904175,3.4600000381469727,3.380000114440918,3.4600000381469727,27229443.0
2018-05-03,3.4600000381469727,3.4600000381469727,3.3499999046325684,3.4200000762939453,14348577.0
2018-05-04,3.430000066757202,3.430000066757202,3.359999895095825,3.4100000858306885,6757737.0
2018-05-07,3.430000066757202,3.450000047683716,3.3499999046325684,3.4200000762939453,7512220.0
2018-05-08,3.440000057220459,3.490000009536743,3.430000066757202,3.4600000381469727,14363652.0
2018-05-09,3.4700000286102295,3.4800000190734863,3.4200000762939453,3.440000057220459,6257809.0
2018-05-10,3.4700000286102295,3.549999952316284,3.450000047683716,3.490000009536743,13502176.0
2018-05-11,3.5299999713897705,3.549999952316284,3.490000009536743,3.5199999809265137,6636657.0
2018-05-14,3.549999952316284,3.5799999237060547,3.5199999809265137,3.559999942779541,9395680.0
2018-05-15,3.549999952316284,3.609999895095825,3.5299999713897705,3.5899999141693115,19449000.0
2018-05-16,3.5999999046325684,3.5999999046325684,3.5399999618530273,3.5899999141693115,11534936.0
2018-05-17,3.5999999046325684,3.5999999046325684,3.5,3.5199999809265137,7908920.0
2018-05-18,3.5399999618530273,3.700000047683716,3.509999990463257,3.700000047683716,34649954.0
2018-05-21,3.700000047683716,3.700000047683716,3.5899999141693115,3.630000114440918,13820000.0
2018-05-23,3.5899999141693115,3.5999999046325684,3.369999885559082,3.390000104904175,38798800.0
2018-05-24,3.4100000858306885,3.4700000286102295,3.4000000953674316,3.4600000381469727,20755452.0
2018-05-25,3.450000047683716,3.4800000190734863,3.430000066757202,3.450000047683716,15610000.0
2018-05-28,3.450000047683716,3.4700000286102295,3.4200000762939453,3.440000057220459,10788000.0
2018-05-29,3.4200000762939453,3.490000009536743,3.390000104904175,3.4200000762939453,12340000.0
2018-05-30,3.4200000762939453,3.4200000762939453,3.3399999141693115,3.4000000953674316,16960718.0
2018-05-31,3.4600000381469727,3.4800000190734863,3.4000000953674316,3.450000047683716,151472896.0
2018-06-01,3.490000009536743,3.5299999713897705,3.4000000953674316,3.430000066757202,16488840.0
2018-06-04,3.440000057220459,3.5199999809265137,3.430000066757202,3.5199999809265137,13329000.0
2018-06-05,3.5,3.509999990463257,3.4600000381469727,3.4700000286102295,8435840.0
2018-06-06,3.4600000381469727,3.509999990463257,3.4600000381469727,3.4800000190734863,6776000.0
2018-06-07,3.490000009536743,3.5399999618530273,3.490000009536743,3.5399999618530273,7723838.0
2018-06-08,3.5299999713897705,3.5299999713897705,3.450000047683716,3.4800000190734863,7925981.0
2018-06-11,3.450000047683716,3.5,3.450000047683716,3.4700000286102295,8718240.0
2018-06-12,3.490000009536743,3.549999952316284,3.4600000381469727,3.509999990463257,12633160.0
2018-06-13,3.509999990463257,3.549999952316284,3.5,3.5399999618530273,9081741.0
2018-06-14,3.5399999618530273,3.549999952316284,3.5,3.549999952316284,10208100.0
2018-06-15,3.549999952316284,3.5799999237060547,3.509999990463257,3.5299999713897705,10015329.0
2018-06-19,3.509999990463257,3.5199999809265137,3.3299999237060547,3.4000000953674316,17293545.0
2018-06-20,3.4000000953674316,3.4100000858306885,3.319999933242798,3.369999885559082,6907552.0
2018-06-21,3.390000104904175,3.4800000190734863,3.3399999141693115,3.369999885559082,9211000.0
2018-06-22,3.390000104904175,3.4200000762939453,3.3399999141693115,3.390000104904175,8749000.0
2018-06-25,3.4100000858306885,3.450000047683716,3.359999895095825,3.369999885559082,10837793.0
2018-06-26,3.390000104904175,3.390000104904175,3.25,3.299999952316284,17358224.0
2018-06-27,3.259999990463257,3.2699999809265137,3.119999885559082,3.140000104904175,8982900.0
2018-06-28,3.119999885559082,3.200000047683716,3.109999895095825,3.1600000858306885,8316573.0
2018-06-29,3.200000047683716,3.25,3.140000104904175,3.25,7193394.0
2018-07-03,3.2200000286102295,3.2799999713897705,3.130000114440918,3.259999990463257,9819000.0
2018-07-04,3.240000009536743,3.25,3.1500000953674316,3.1600000858306885,5157425.0
2018-07-05,3.140000104904175,3.180000066757202,3.0399999618530273,3.059999942779541,14283125.0
2018-07-06,3.059999942779541,3.140000104904175,2.990000009536743,3.059999942779541,13629542.0
2018-07-09,3.069999933242798,3.130000114440918,3.059999942779541,3.119999885559082,10382443.0
2018-07-10,3.1500000953674316,3.1500000953674316,3.0399999618530273,3.0399999618530273,13681936.0
2018-07-11,3.0299999713897705,3.049999952316284,3.009999990463257,3.0399999618530273,7957213.0
2018-07-12,3.0399999618530273,3.0899999141693115,3.0199999809265137,3.049999952316284,12089642.0
2018-07-13,3.0799999237060547,3.0799999237060547,3.0299999713897705,3.049999952316284,8361893.0
2018-07-16,3.069999933242798,3.0799999237060547,3.0199999809265137,3.049999952316284,3547000.0
2018-07-17,3.059999942779541,3.0899999141693115,3.0299999713897705,3.069999933242798,6245511.0
2018-07-18,3.0899999141693115,3.0899999141693115,3.0399999618530273,3.0799999237060547,4921000.0
2018-07-19,3.0799999237060547,3.130000114440918,3.069999933242798,3.0999999046325684,5398759.0
2018-07-20,3.0799999237060547,3.119999885559082,3.009999990463257,3.119999885559082,4990218.0
2018-07-23,3.1600000858306885,3.2200000286102295,3.1500000953674316,3.2100000381469727,14101843.0
2018-07-24,3.25,3.319999933242798,3.2200000286102295,3.2899999618530273,11585000.0
2018-07-25,3.309999942779541,3.3299999237060547,3.2799999713897705,3.309999942779541,5719000.0
2018-07-26,3.319999933242798,3.319999933242798,3.2100000381469727,3.2200000286102295,8493000.0
2018-07-27,3.25,3.299999952316284,3.240000009536743,3.299999952316284,4666000.0
2018-07-30,3.2699999809265137,3.319999933242798,3.259999990463257,3.2799999713897705,6009000.0
2018-07-31,3.2699999809265137,3.299999952316284,3.259999990463257,3.2899999618530273,5937000.0
2018-08-01,3.2899999618530273,3.319999933242798,3.240000009536743,3.259999990463257,4557822.0
2018-08-02,3.240000009536743,3.2699999809265137,3.0999999046325684,3.109999895095825,12536000.0
2018-08-03,3.119999885559082,3.259999990463257,3.109999895095825,3.1500000953674316,17725752.0
2018-08-06,3.1700000762939453,3.259999990463257,3.1700000762939453,3.200000047683716,7634487.0
2018-08-07,3.180000066757202,3.2699999809265137,3.180000066757202,3.2699999809265137,7781000.0
2018-08-08,3.259999990463257,3.2799999713897705,3.240000009536743,3.259999990463257,5947120.0
2018-08-09,3.2300000190734863,3.2799999713897705,3.2300000190734863,3.2699999809265137,5249564.0
2018-08-10,3.25,3.2799999713897705,3.2100000381469727,3.240000009536743,3046000.0
2018-08-13,3.200000047683716,3.200000047683716,3.140000104904175,3.1600000858306885,3752023.0
2018-08-14,3.1600000858306885,3.200000047683716,3.140000104904175,3.190000057220459,4341260.0
2018-08-15,3.1600000858306885,3.1700000762939453,3.0399999618530273,3.0399999618530273,9938000.0
2018-08-16,3.0399999618530273,3.069999933242798,3.0,3.069999933242798,6348000.0
2018-08-17,3.069999933242798,3.109999895095825,3.0299999713897705,3.059999942779541,3282200.0
2018-08-20,3.059999942779541,3.0899999141693115,3.0399999618530273,3.0799999237060547,2984000.0
2018-08-21,3.0999999046325684,3.190000057220459,3.0899999141693115,3.1600000858306885,9796000.0
2018-08-22,3.180000066757202,3.299999952316284,3.180000066757202,3.299999952316284,15703000.0
2018-08-23,3.299999952316284,3.390000104904175,3.2899999618530273,3.359999895095825,19222447.0
2018-08-24,3.3299999237060547,3.390000104904175,3.2799999713897705,3.3299999237060547,7464476.0
2018-08-27,3.3299999237060547,3.359999895095825,3.309999942779541,3.3399999141693115,6043000.0
2018-08-28,3.369999885559082,3.380000114440918,3.319999933242798,3.3399999141693115,7465641.0
2018-08-29,3.3299999237060547,3.380000114440918,3.3299999237060547,3.3499999046325684,4928385.0
2018-08-30,3.3499999046325684,3.369999885559082,3.2899999618530273,3.319999933242798,3584532.0
2018-08-31,3.299999952316284,3.3399999141693115,3.2300000190734863,3.3399999141693115,8866000.0
2018-09-03,3.309999942779541,3.319999933242798,3.240000009536743,3.25,3715196.0
2018-09-04,3.25,3.2699999809265137,3.2300000190734863,3.2699999809265137,3624000.0
2018-09-05,3.25,3.2699999809265137,3.180000066757202,3.190000057220459,6735600.0
2018-09-06,3.200000047683716,3.2100000381469727,3.1700000762939453,3.190000057220459,4213062.0
2018-09-07,3.200000047683716,3.2799999713897705,3.200000047683716,3.2200000286102295,4689000.0
2018-09-10,3.2200000286102295,3.240000009536743,3.109999895095825,3.140000104904175,5432043.0
2018-09-11,3.140000104904175,3.1600000858306885,3.109999895095825,3.1500000953674316,4721592.0
2018-09-12,3.119999885559082,3.1700000762939453,3.119999885559082,3.140000104904175,5303693.0
2018-09-13,3.200000047683716,3.2699999809265137,3.1600000858306885,3.2699999809265137,9861000.0
2018-09-14,3.2799999713897705,3.2899999618530273,3.109999895095825,3.1700000762939453,18837348.0
2018-09-17,3.1700000762939453,3.1700000762939453,3.119999885559082,3.130000114440918,4773753.0
2018-09-18,3.119999885559082,3.2300000190734863,3.119999885559082,3.190000057220459,5531000.0
2018-09-19,3.1700000762939453,3.2699999809265137,3.1700000762939453,3.2100000381469727,9232000.0
2018-09-20,3.2699999809265137,3.2699999809265137,3.180000066757202,3.2100000381469727,7515000.0
2018-09-21,3.190000057220459,3.299999952316284,3.190000057220459,3.2799999713897705,13990103.0
2018-09-24,3.2300000190734863,3.259999990463257,3.200000047683716,3.2200000286102295,2903000.0
2018-09-26,3.25,3.319999933242798,3.240000009536743,3.2699999809265137,14965146.0
2018-09-27,3.309999942779541,3.3499999046325684,3.2899999618530273,3.309999942779541,7433000.0
2018-09-28,3.3299999237060547,3.3299999237060547,3.2799999713897705,3.299999952316284,5093770.0
2018-10-02,3.3499999046325684,3.380000114440918,3.309999942779541,3.380000114440918,10640779.0
2018-10-03,3.4000000953674316,3.4000000953674316,3.3299999237060547,3.369999885559082,9010842.0
2018-10-04,3.390000104904175,3.4200000762939453,3.3499999046325684,3.4000000953674316,8946000.0
2018-10-05,3.309999942779541,3.509999990463257,3.309999942779541,3.4600000381469727,12467017.0
2018-10-08,3.450000047683716,3.450000047683716,3.359999895095825,3.4100000858306885,14570214.0
2018-10-09,3.369999885559082,3.4700000286102295,3.359999895095825,3.390000104904175,8432344.0
2018-10-10,3.390000104904175,3.4700000286102295,3.390000104904175,3.450000047683716,6445018.0
2018-10-11,3.259999990463257,3.3499999046325684,3.2200000286102295,3.240000009536743,11603251.0
2018-10-12,3.240000009536743,3.309999942779541,3.200000047683716,3.259999990463257,8501276.0
2018-10-15,3.25,3.299999952316284,3.2100000381469727,3.2300000190734863,3722000.0
2018-10-16,3.259999990463257,3.4200000762939453,3.259999990463257,3.359999895095825,12981462.0
2018-10-18,3.390000104904175,3.4000000953674316,3.2300000190734863,3.2699999809265137,10044000.0
2018-10-19,3.25,3.3299999237060547,3.200000047683716,3.309999942779541,11632000.0
2018-10-22,3.3499999046325684,3.430000066757202,3.299999952316284,3.4000000953674316,11089000.0
2018-10-23,3.380000114440918,3.440000057220459,3.309999942779541,3.3399999141693115,7082000.0
2018-10-24,3.359999895095825,3.5199999809265137,3.3499999046325684,3.509999990463257,32076500.0
2018-10-25,3.4800000190734863,3.5,3.4200000762939453,3.4800000190734863,15131596.0
2018-10-26,3.5,3.5799999237060547,3.4600000381469727,3.5799999237060547,29573000.0
2018-10-29,3.5899999141693115,3.5899999141693115,3.359999895095825,3.4100000858306885,15687218.0
2018-10-30,3.4100000858306885,3.4600000381469727,3.359999895095825,3.4100000858306885,11618560.0
2018-10-31,3.450000047683716,3.5299999713897705,3.4000000953674316,3.509999990463257,16586060.0
2018-11-01,3.5,3.5299999713897705,3.450000047683716,3.4800000190734863,15956438.0
2018-11-02,3.5399999618530273,3.5999999046325684,3.5,3.5799999237060547,22960922.0
2018-11-05,3.5,3.5899999141693115,3.5,3.5199999809265137,6708374.0
2018-11-06,3.5799999237060547,3.5799999237060547,3.509999990463257,3.5399999618530273,6946000.0
2018-11-07,3.569999933242798,3.569999933242798,3.490000009536743,3.5299999713897705,5880460.0
2018-11-08,3.549999952316284,3.5899999141693115,3.5399999618530273,3.559999942779541,8960000.0
2018-11-09,3.559999942779541,3.559999942779541,3.4600000381469727,3.5,6425833.0
2018-11-12,3.5199999809265137,3.5199999809265137,3.430000066757202,3.440000057220459,5340070.0
2018-11-13,3.4000000953674316,3.4800000190734863,3.4000000953674316,3.4200000762939453,7787757.0
2018-11-14,3.390000104904175,3.430000066757202,3.3499999046325684,3.380000114440918,9297000.0
2018-11-15,3.4000000953674316,3.4100000858306885,3.359999895095825,3.4100000858306885,5475000.0
2018-11-16,3.430000066757202,3.450000047683716,3.369999885559082,3.380000114440918,7122532.0
2018-11-19,3.4000000953674316,3.5,3.369999885559082,3.4000000953674316,11803000.0
2018-11-20,3.3499999046325684,3.390000104904175,3.3499999046325684,3.380000114440918,5201640.0
2018-11-21,3.3499999046325684,3.4000000953674316,3.319999933242798,3.390000104904175,7992000.0
2018-11-22,3.380000114440918,3.390000104904175,3.309999942779541,3.319999933242798,8894398.0
2018-11-23,3.309999942779541,3.3499999046325684,3.259999990463257,3.2799999713897705,9397680.0
2018-11-26,3.2699999809265137,3.2699999809265137,3.180000066757202,3.2300000190734863,11205984.0
2018-11-27,3.200000047683716,3.2300000190734863,3.180000066757202,3.200000047683716,10430372.0
2018-11-28,3.200000047683716,3.2100000381469727,3.1600000858306885,3.190000057220459,8699274.0
2018-11-29,3.2200000286102295,3.2300000190734863,3.119999885559082,3.1700000762939453,17072661.0
2018-11-30,3.140000104904175,3.180000066757202,3.130000114440918,3.130000114440918,17683000.0
2018-12-03,3.190000057220459,3.25,3.1700000762939453,3.190000057220459,14467500.0
2018-12-04,3.2200000286102295,3.2200000286102295,3.180000066757202,3.200000047683716,11284680.0
2018-12-05,3.1600000858306885,3.2100000381469727,3.1500000953674316,3.200000047683716,10048000.0
2018-12-06,3.1600000858306885,3.200000047683716,3.1500000953674316,3.180000066757202,11161731.0
2018-12-07,3.1600000858306885,3.180000066757202,3.140000104904175,3.1500000953674316,6652222.0
2018-12-10,3.130000114440918,3.180000066757202,3.119999885559082,3.1700000762939453,6413500.0
2018-12-11,3.1700000762939453,3.190000057220459,3.0899999141693115,3.119999885559082,10132092.0
2018-12-12,3.1500000953674316,3.1600000858306885,3.119999885559082,3.1500000953674316,6448900.0
2018-12-13,3.1600000858306885,3.2300000190734863,3.130000114440918,3.2300000190734863,10028000.0
2018-12-14,3.240000009536743,3.240000009536743,3.180000066757202,3.200000047683716,2817000.0
2018-12-17,3.200000047683716,3.2100000381469727,3.1500000953674316,3.1500000953674316,2374040.0
2018-12-18,3.1500000953674316,3.2300000190734863,3.1500000953674316,3.2200000286102295,8575000.0
2018-12-19,3.190000057220459,3.200000047683716,3.1500000953674316,3.1500000953674316,4363045.0
2018-12-20,3.130000114440918,3.1700000762939453,3.130000114440918,3.1600000858306885,5438275.0
2018-12-21,3.1600000858306885,3.1600000858306885,3.0899999141693115,3.0999999046325684,5593829.0
2018-12-24,3.069999933242798,3.0899999141693115,3.0399999618530273,3.0799999237060547,2135400.0
2018-12-27,3.0799999237060547,3.1700000762939453,3.049999952316284,3.059999942779541,5176298.0
2018-12-28,3.0999999046325684,3.140000104904175,3.069999933242798,3.0999999046325684,2138822.0
2018-12-31,3.119999885559082,3.119999885559082,3.0799999237060547,3.0799999237060547,1091000.0
2019-01-02,3.0999999046325684,3.0999999046325684,3.009999990463257,3.059999942779541,7856920.0
2019-01-03,3.0199999809265137,3.0899999141693115,3.009999990463257,3.0299999713897705,6720000.0
2019-01-04,3.0199999809265137,3.069999933242798,3.0,3.059999942779541,6097878.0
2019-01-07,3.0999999046325684,3.119999885559082,3.0799999237060547,3.109999895095825,4156388.0
2019-01-08,3.1500000953674316,3.1500000953674316,3.0799999237060547,3.0799999237060547,5505269.0
2019-01-09,3.119999885559082,3.180000066757202,3.0799999237060547,3.1500000953674316,7673508.0
2019-01-10,3.190000057220459,3.190000057220459,3.109999895095825,3.119999885559082,2807380.0
2019-01-11,3.109999895095825,3.1600000858306885,3.109999895095825,3.1600000858306885,3737188.0
2019-01-14,3.130000114440918,3.200000047683716,3.130000114440918,3.1500000953674316,5214166.0
2019-01-15,3.109999895095825,3.190000057220459,3.109999895095825,3.1700000762939453,10603510.0
2019-01-16,3.1500000953674316,3.25,3.1500000953674316,3.240000009536743,7071000.0
2019-01-17,3.25,3.259999990463257,3.200000047683716,3.259999990463257,6972000.0
2019-01-18,3.2300000190734863,3.2899999618530273,3.2300000190734863,3.2899999618530273,5611000.0
2019-01-21,3.299999952316284,3.309999942779541,3.25,3.25,5026100.0
2019-01-22,3.25,3.2899999618530273,3.2300000190734863,3.25,4894339.0
2019-01-23,3.25,3.299999952316284,3.25,3.2899999618530273,8845250.0
2019-01-24,3.2699999809265137,3.299999952316284,3.25,3.2799999713897705,4845600.0
2019-01-25,3.2699999809265137,3.299999952316284,3.259999990463257,3.299999952316284,4075484.0
2019-01-28,3.2799999713897705,3.3499999046325684,3.2699999809265137,3.299999952316284,4968000.0
2019-01-29,3.2699999809265137,3.319999933242798,3.240000009536743,3.319999933242798,6032000.0
2019-01-30,3.2699999809265137,3.319999933242798,3.2699999809265137,3.319999933242798,5449976.0
2019-01-31,3.3499999046325684,3.3499999046325684,3.25,3.299999952316284,9873620.0
2019-02-01,3.319999933242798,3.3499999046325684,3.2899999618530273,3.3399999141693115,10516713.0
2019-02-04,3.3299999237060547,3.3499999046325684,3.2899999618530273,3.309999942779541,3796794.0
2019-02-08,3.2899999618530273,3.319999933242798,3.25,3.309999942779541,4737946.0
2019-02-11,3.299999952316284,3.3299999237060547,3.2699999809265137,3.319999933242798,6472286.0
2019-02-12,3.299999952316284,3.319999933242798,3.2699999809265137,3.309999942779541,5556587.0
2019-02-13,3.2899999618530273,3.380000114440918,3.2899999618530273,3.380000114440918,14815449.0
2019-02-14,3.3499999046325684,3.380000114440918,3.3299999237060547,3.3299999237060547,6688322.0
2019-02-15,3.319999933242798,3.3499999046325684,3.319999933242798,3.3299999237060547,7037820.0
2019-02-18,3.319999933242798,3.380000114440918,3.319999933242798,3.380000114440918,7741811.0
2019-02-19,3.3399999141693115,3.390000104904175,3.3299999237060547,3.359999895095825,5347296.0
2019-02-20,3.3399999141693115,3.4100000858306885,3.3399999141693115,3.390000104904175,13080624.0
2019-02-21,3.380000114440918,3.5299999713897705,3.3499999046325684,3.4600000381469727,23712000.0
2019-02-22,3.4200000762939453,3.450000047683716,3.380000114440918,3.440000057220459,7725025.0
2019-02-25,3.430000066757202,3.5199999809265137,3.430000066757202,3.509999990463257,24342222.0
2019-02-26,3.5299999713897705,3.569999933242798,3.4800000190734863,3.509999990463257,11880628.0
2019-02-27,3.490000009536743,3.5199999809265137,3.4800000190734863,3.4800000190734863,5263319.0
2019-02-28,3.4800000190734863,3.5,3.4000000953674316,3.4100000858306885,9324039.0
2019-03-01,3.4200000762939453,3.450000047683716,3.4000000953674316,3.450000047683716,4392208.0
2019-03-04,3.4600000381469727,3.509999990463257,3.450000047683716,3.490000009536743,8862000.0
2019-03-05,3.4600000381469727,3.490000009536743,3.4600000381469727,3.490000009536743,4516408.0
2019-03-06,3.4700000286102295,3.5199999809265137,3.4600000381469727,3.490000009536743,9753811.0
2019-03-07,3.5,3.5299999713897705,3.430000066757202,3.450000047683716,11036047.0
2019-03-08,3.440000057220459,3.450000047683716,3.309999942779541,3.3499999046325684,14158842.0
2019-03-11,3.3499999046325684,3.4000000953674316,3.3399999141693115,3.369999885559082,5593582.0
2019-03-12,3.430000066757202,3.450000047683716,3.4000000953674316,3.440000057220459,3558729.0
2019-03-13,3.4600000381469727,3.4600000381469727,3.390000104904175,3.4100000858306885,2795028.0
2019-03-14,3.4600000381469727,3.4600000381469727,3.390000104904175,3.4000000953674316,2795600.0
2019-03-15,3.440000057220459,3.440000057220459,3.390000104904175,3.390000104904175,6130222.0
2019-03-18,3.450000047683716,3.450000047683716,3.369999885559082,3.390000104904175,6235000.0
2019-03-19,3.380000114440918,3.4200000762939453,3.299999952316284,3.309999942779541,11661000.0
2019-03-20,3.3299999237060547,3.3399999141693115,3.2699999809265137,3.299999952316284,6410100.0
2019-03-21,3.299999952316284,3.3499999046325684,3.2699999809265137,3.3299999237060547,5205254.0
2019-03-22,3.3299999237060547,3.359999895095825,3.299999952316284,3.3399999141693115,6090540.0
2019-03-25,3.3299999237060547,3.3299999237060547,3.240000009536743,3.25,6260000.0
2019-03-26,3.2699999809265137,3.2699999809265137,3.2200000286102295,3.259999990463257,5893487.0
2019-03-27,3.240000009536743,3.259999990463257,3.2100000381469727,3.2100000381469727,4013433.0
2019-03-28,3.2100000381469727,3.2300000190734863,3.1600000858306885,3.2100000381469727,9023943.0
2019-03-29,3.200000047683716,3.2799999713897705,3.190000057220459,3.25,9568950.0
2019-04-01,3.240000009536743,3.3499999046325684,3.240000009536743,3.2899999618530273,11121000.0
2019-04-02,3.2899999618530273,3.3299999237060547,3.2699999809265137,3.2899999618530273,6715247.0
2019-04-03,3.2799999713897705,3.3399999141693115,3.259999990463257,3.319999933242798,11413899.0
2019-04-04,3.3399999141693115,3.369999885559082,3.299999952316284,3.3299999237060547,9639000.0
2019-04-08,3.3299999237060547,3.390000104904175,3.3299999237060547,3.3399999141693115,10906154.0
2019-04-09,3.3499999046325684,3.380000114440918,3.3299999237060547,3.369999885559082,7387996.0
2019-04-10,3.3399999141693115,3.369999885559082,3.319999933242798,3.359999895095825,8254000.0
2019-04-11,3.3399999141693115,3.380000114440918,3.309999942779541,3.319999933242798,6006464.0
2019-04-12,3.319999933242798,3.3299999237060547,3.2799999713897705,3.309999942779541,3091000.0
2019-04-15,3.299999952316284,3.3499999046325684,3.2799999713897705,3.2899999618530273,5280000.0
2019-04-16,3.299999952316284,3.4700000286102295,3.299999952316284,3.4600000381469727,22337112.0
2019-04-17,3.440000057220459,3.5199999809265137,3.4200000762939453,3.5,17310950.0
2019-04-18,3.5,3.5399999618530273,3.450000047683716,3.5299999713897705,13390390.0
2019-04-23,3.5199999809265137,3.5199999809265137,3.4200000762939453,3.5,11092834.0
2019-04-24,3.5199999809265137,3.5299999713897705,3.440000057220459,3.5199999809265137,10833000.0
2019-04-25,3.5199999809265137,3.619999885559082,3.5199999809265137,3.5899999141693115,26006149.0
2019-04-26,3.5799999237060547,3.5899999141693115,3.509999990463257,3.5399999618530273,6150132.0
2019-04-29,3.5399999618530273,3.5399999618530273,3.440000057220459,3.509999990463257,3983275.0
2019-04-30,3.490000009536743,3.490000009536743,3.4200000762939453,3.4600000381469727,3891315.0
2019-05-02,3.4700000286102295,3.5199999809265137,3.450000047683716,3.509999990463257,4955436.0
2019-05-03,3.490000009536743,3.490000009536743,3.4100000858306885,3.4700000286102295,5099026.0
2019-05-06,3.4000000953674316,3.4100000858306885,3.299999952316284,3.3399999141693115,13033326.0
2019-05-07,3.3499999046325684,3.380000114440918,3.3399999141693115,3.359999895095825,4718000.0
2019-05-08,3.3399999141693115,3.3399999141693115,3.2699999809265137,3.2799999713897705,7505156.0
2019-05-09,3.2699999809265137,3.299999952316284,3.200000047683716,3.2300000190734863,9785410.0
2019-05-10,3.25,3.259999990463257,3.190000057220459,3.2200000286102295,5127000.0
2019-05-14,3.200000047683716,3.200000047683716,3.130000114440918,3.1600000858306885,11208707.0
2019-05-15,3.1600000858306885,3.2300000190734863,3.1600000858306885,3.180000066757202,3831290.0
2019-05-16,3.180000066757202,3.2300000190734863,3.1700000762939453,3.200000047683716,6033476.0
2019-05-17,3.2100000381469727,3.2200000286102295,3.109999895095825,3.109999895095825,7945000.0
2019-05-20,3.109999895095825,3.240000009536743,3.0799999237060547,3.200000047683716,14772048.0
2019-05-21,3.1700000762939453,3.2300000190734863,3.1500000953674316,3.1700000762939453,5666000.0
2019-05-22,3.190000057220459,3.190000057220459,3.130000114440918,3.130000114440918,3754000.0
2019-05-23,3.1600000858306885,3.1500000953674316,3.059999942779541,3.0999999046325684,6368099.0
2019-05-24,3.119999885559082,3.1500000953674316,3.0899999141693115,3.119999885559082,5120240.0
2019-05-27,3.119999885559082,3.1600000858306885,3.0999999046325684,3.119999885559082,3519200.0
2019-05-28,3.109999895095825,3.2300000190734863,3.109999895095825,3.2300000190734863,10982086.0
2019-05-29,3.1700000762939453,3.2200000286102295,3.1700000762939453,3.200000047683716,4564000.0
2019-05-30,3.1700000762939453,3.2100000381469727,3.1700000762939453,3.200000047683716,6224000.0
2019-05-31,3.1700000762939453,3.2300000190734863,3.1600000858306885,3.200000047683716,3123493.0
2019-06-03,3.2200000286102295,3.2200000286102295,3.1500000953674316,3.200000047683716,4388056.0
2019-06-04,3.180000066757202,3.180000066757202,3.140000104904175,3.1500000953674316,2728650.0
2019-06-05,3.1700000762939453,3.1700000762939453,3.0999999046325684,3.0999999046325684,4600091.0
2019-06-06,3.119999885559082,3.140000104904175,3.0899999141693115,3.109999895095825,3031050.0
2019-06-10,3.1700000762939453,3.1700000762939453,3.0999999046325684,3.130000114440918,4003000.0
2019-06-11,3.1500000953674316,3.25,3.119999885559082,3.2100000381469727,5635158.0
2019-06-12,3.2100000381469727,3.2300000190734863,3.1500000953674316,3.1700000762939453,6938919.0
2019-06-13,3.1500000953674316,3.200000047683716,3.1500000953674316,3.1700000762939453,2914000.0
2019-06-14,3.200000047683716,3.200000047683716,3.130000114440918,3.1500000953674316,2743732.0
2019-06-17,3.140000104904175,3.180000066757202,3.130000114440918,3.140000104904175,1755048.0
2019-06-18,3.119999885559082,3.180000066757202,3.109999895095825,3.1600000858306885,2493114.0
2019-06-19,3.200000047683716,3.2200000286102295,3.180000066757202,3.200000047683716,3147050.0
2019-06-20,3.200000047683716,3.2300000190734863,3.180000066757202,3.190000057220459,5048300.0
2019-06-21,3.190000057220459,3.2300000190734863,3.190000057220459,3.2200000286102295,3822851.0
2019-06-24,3.2200000286102295,3.240000009536743,3.180000066757202,3.2300000190734863,4495000.0
2019-06-25,3.2100000381469727,3.2300000190734863,3.180000066757202,3.200000047683716,1400000.0
2019-06-26,3.2200000286102295,3.2200000286102295,3.180000066757202,3.2200000286102295,1952000.0
2019-06-27,3.2300000190734863,3.2699999809265137,3.2100000381469727,3.240000009536743,4241975.0
2019-06-28,3.240000009536743,3.2699999809265137,3.2100000381469727,3.25,1336411.0
2019-07-02,3.25,3.2699999809265137,3.2100000381469727,3.25,3056284.0
2019-07-03,3.200000047683716,3.200000047683716,3.119999885559082,3.140000104904175,3479325.0
2019-07-04,3.1500000953674316,3.180000066757202,3.130000114440918,3.140000104904175,2268260.0
2019-07-05,3.1600000858306885,3.1700000762939453,3.119999885559082,3.1700000762939453,1816250.0
2019-07-08,3.180000066757202,3.180000066757202,3.0999999046325684,3.130000114440918,3325457.0
2019-07-09,3.0999999046325684,3.1500000953674316,3.069999933242798,3.119999885559082,1916000.0
2019-07-10,3.0999999046325684,3.130000114440918,3.0799999237060547,3.109999895095825,2935406.0
2019-07-11,3.0899999141693115,3.1600000858306885,3.0899999141693115,3.130000114440918,2399632.0
2019-07-12,3.119999885559082,3.140000104904175,3.0799999237060547,3.119999885559082,2217000.0
2019-07-15,3.0899999141693115,3.119999885559082,3.0899999141693115,3.109999895095825,2581570.0
2019-07-16,3.109999895095825,3.1500000953674316,3.109999895095825,3.130000114440918,1118000.0
2019-07-17,3.109999895095825,3.1700000762939453,3.109999895095825,3.1600000858306885,3039947.0
2019-07-18,3.1600000858306885,3.1600000858306885,3.119999885559082,3.119999885559082,1759000.0
2019-07-19,3.130000114440918,3.1700000762939453,3.130000114440918,3.1600000858306885,1502374.0
2019-07-22,3.130000114440918,3.130000114440918,3.069999933242798,3.109999895095825,4348000.0
2019-07-23,3.0999999046325684,3.109999895095825,3.069999933242798,3.0799999237060547,1954000.0
2019-07-24,3.0799999237060547,3.109999895095825,3.0799999237060547,3.0799999237060547,1912000.0
2019-07-25,3.0799999237060547,3.109999895095825,3.069999933242798,3.109999895095825,2286530.0
2019-07-26,3.0799999237060547,3.0899999141693115,3.049999952316284,3.059999942779541,4413304.0
2019-07-29,3.049999952316284,3.109999895095825,3.0399999618530273,3.049999952316284,1931636.0
2019-07-30,3.0299999713897705,3.069999933242798,3.0299999713897705,3.0399999618530273,1716000.0
2019-07-31,3.0299999713897705,3.069999933242798,3.009999990463257,3.049999952316284,4171000.0
2019-08-01,3.009999990463257,3.059999942779541,3.0,3.0199999809265137,4746508.0
2019-08-02,3.0,3.0,2.940000057220459,2.940000057220459,5478298.0
2019-08-05,2.940000057220459,2.940000057220459,2.8299999237060547,2.869999885559082,5517301.0
2019-08-06,2.8399999141693115,2.869999885559082,2.740000009536743,2.8399999141693115,7520692.0
2019-08-07,2.809999942779541,2.859999895095825,2.799999952316284,2.8299999237060547,4122000.0
2019-08-08,2.819999933242798,2.8499999046325684,2.799999952316284,2.819999933242798,3118246.0
2019-08-09,2.8299999237060547,2.8299999237060547,2.759999990463257,2.7699999809265137,2895711.0
2019-08-12,2.759999990463257,2.8399999141693115,2.759999990463257,2.809999942779541,3098000.0
2019-08-13,2.809999942779541,2.809999942779541,2.7300000190734863,2.75,4679597.0
2019-08-14,2.7699999809265137,2.809999942779541,2.7699999809265137,2.7799999713897705,3209672.0
2019-08-15,2.740000009536743,2.7899999618530273,2.7300000190734863,2.7799999713897705,6486000.0
2019-08-16,2.809999942779541,2.809999942779541,2.7200000286102295,2.7799999713897705,4649725.0
2019-08-19,2.799999952316284,2.8399999141693115,2.7899999618530273,2.799999952316284,4261641.0
2019-08-20,2.799999952316284,2.8499999046325684,2.7799999713897705,2.7899999618530273,4184000.0
2019-08-21,2.7799999713897705,2.809999942779541,2.7799999713897705,2.7899999618530273,2999576.0
2019-08-22,2.809999942779541,2.8299999237060547,2.7699999809265137,2.799999952316284,3997000.0
2019-08-23,2.7799999713897705,2.8299999237060547,2.7799999713897705,2.7899999618530273,3348500.0
2019-08-26,2.7699999809265137,2.950000047683716,2.759999990463257,2.930000066757202,14762200.0
2019-08-27,2.950000047683716,3.0799999237060547,2.940000057220459,3.069999933242798,18302584.0
2019-08-28,3.0899999141693115,3.0899999141693115,2.990000009536743,3.069999933242798,5324124.0
2019-08-29,3.109999895095825,3.1500000953674316,3.0799999237060547,3.0999999046325684,6827000.0
2019-08-30,3.140000104904175,3.1500000953674316,3.059999942779541,3.109999895095825,8530862.0
2019-09-02,3.109999895095825,3.1500000953674316,3.0999999046325684,3.0999999046325684,9089000.0
2019-09-03,3.0999999046325684,3.180000066757202,3.0999999046325684,3.1600000858306885,9084047.0
2019-09-04,3.190000057220459,3.2100000381469727,3.1500000953674316,3.1700000762939453,5673794.0
2019-09-05,3.200000047683716,3.25,3.180000066757202,3.2300000190734863,4747381.0
2019-09-06,3.25,3.25,3.1600000858306885,3.180000066757202,4286000.0
2019-09-09,3.2100000381469727,3.2100000381469727,3.1700000762939453,3.190000057220459,2305000.0
2019-09-10,3.240000009536743,3.2799999713897705,3.200000047683716,3.2699999809265137,6716483.0
2019-09-11,3.2799999713897705,3.299999952316284,3.25,3.299999952316284,7019165.0
2019-09-12,3.299999952316284,3.299999952316284,3.200000047683716,3.259999990463257,3010000.0
2019-09-13,3.299999952316284,3.299999952316284,3.2200000286102295,3.2899999618530273,2678000.0
2019-09-16,3.299999952316284,3.309999942779541,3.259999990463257,3.309999942779541,5213590.0
2019-09-17,3.299999952316284,3.309999942779541,3.25,3.2899999618530273,5553964.0
2019-09-18,3.259999990463257,3.299999952316284,3.259999990463257,3.2899999618530273,3193552.0
2019-09-19,3.2899999618530273,3.2899999618530273,3.259999990463257,3.2799999713897705,3848647.0
2019-09-20,3.25,3.2699999809265137,3.2100000381469727,3.259999990463257,5561996.0
2019-09-23,3.2100000381469727,3.259999990463257,3.2100000381469727,3.25,2463647.0
2019-09-24,3.2300000190734863,3.2300000190734863,3.1700000762939453,3.2200000286102295,3897000.0
2019-09-25,3.1700000762939453,3.190000057220459,3.0899999141693115,3.0999999046325684,5241433.0
2019-09-26,3.0799999237060547,3.190000057220459,3.0799999237060547,3.1700000762939453,4121000.0
2019-09-27,3.069999933242798,3.1500000953674316,3.069999933242798,3.119999885559082,1916289.0
2019-09-30,3.059999942779541,3.200000047683716,3.059999942779541,3.190000057220459,4123411.0
2019-10-02,3.140000104904175,3.2300000190734863,3.130000114440918,3.1600000858306885,3985000.0
2019-10-03,3.109999895095825,3.180000066757202,3.109999895095825,3.1500000953674316,1610689.0
2019-10-04,3.1500000953674316,3.180000066757202,3.109999895095825,3.130000114440918,2070000.0
2019-10-08,3.1500000953674316,3.240000009536743,3.130000114440918,3.1700000762939453,4232195.0
2019-10-09,3.1500000953674316,3.200000047683716,3.140000104904175,3.180000066757202,3626270.0
2019-10-10,3.1500000953674316,3.180000066757202,3.130000114440918,3.180000066757202,4597000.0
2019-10-11,3.1500000953674316,3.240000009536743,3.1500000953674316,3.2300000190734863,3193159.0
2019-10-14,3.2100000381469727,3.240000009536743,3.190000057220459,3.2200000286102295,2372000.0
2019-10-15,3.180000066757202,3.2100000381469727,3.1600000858306885,3.200000047683716,2516075.0
2019-10-16,3.1700000762939453,3.2100000381469727,3.1600000858306885,3.180000066757202,3087900.0
2019-10-17,3.1600000858306885,3.2200000286102295,3.1500000953674316,3.2100000381469727,2026000.0
2019-10-18,3.1600000858306885,3.190000057220459,3.119999885559082,3.130000114440918,2305653.0
2019-10-21,3.109999895095825,3.190000057220459,3.0999999046325684,3.1600000858306885,3009000.0
2019-10-22,3.1500000953674316,3.1700000762939453,3.119999885559082,3.1500000953674316,1708441.0
2019-10-23,3.1600000858306885,3.1700000762939453,3.119999885559082,3.1600000858306885,1885040.0
2019-10-24,3.130000114440918,3.180000066757202,3.130000114440918,3.180000066757202,2793236.0
2019-10-25,3.140000104904175,3.190000057220459,3.140000104904175,3.1700000762939453,2393000.0
2019-10-28,3.1700000762939453,3.180000066757202,3.109999895095825,3.1500000953674316,4717000.0
2019-10-29,3.1600000858306885,3.2100000381469727,3.1500000953674316,3.180000066757202,4489760.0
2019-10-30,3.190000057220459,3.200000047683716,3.1500000953674316,3.180000066757202,3548890.0
2019-10-31,3.1700000762939453,3.1700000762939453,3.119999885559082,3.130000114440918,8441000.0
2019-11-01,3.1500000953674316,3.200000047683716,3.109999895095825,3.180000066757202,4013000.0
2019-11-04,3.200000047683716,3.2300000190734863,3.1600000858306885,3.190000057220459,4392764.0
2019-11-05,3.2100000381469727,3.2200000286102295,3.180000066757202,3.200000047683716,4139532.0
2019-11-06,3.2200000286102295,3.2200000286102295,3.1500000953674316,3.200000047683716,6101300.0
2019-11-07,3.200000047683716,3.200000047683716,3.1600000858306885,3.190000057220459,1579868.0
2019-11-08,3.190000057220459,3.2100000381469727,3.1600000858306885,3.190000057220459,1639619.0
2019-11-11,3.1600000858306885,3.190000057220459,3.0799999237060547,3.140000104904175,5213700.0
2019-11-12,3.109999895095825,3.1700000762939453,3.0799999237060547,3.1700000762939453,3314139.0
2019-11-13,3.1600000858306885,3.1600000858306885,3.0799999237060547,3.119999885559082,3659159.0
2019-11-14,3.119999885559082,3.119999885559082,3.0399999618530273,3.059999942779541,3559000.0
2019-11-15,3.0899999141693115,3.0899999141693115,3.0299999713897705,3.0399999618530273,4837000.0
2019-11-18,3.0399999618530273,3.059999942779541,2.9800000190734863,3.0199999809265137,2271000.0
2019-11-19,3.0199999809265137,3.049999952316284,3.009999990463257,3.0399999618530273,1860223.0
2019-11-20,3.0199999809265137,3.049999952316284,3.009999990463257,3.0399999618530273,2752000.0
2019-11-21,3.0199999809265137,3.069999933242798,3.009999990463257,3.0399999618530273,3385900.0
2019-11-22,3.0399999618530273,3.059999942779541,3.0299999713897705,3.0299999713897705,1637000.0
2019-11-25,3.0299999713897705,3.119999885559082,3.0299999713897705,3.0899999141693115,5408500.0
2019-11-26,3.109999895095825,3.1700000762939453,3.0799999237060547,3.1700000762939453,18119131.0
2019-11-27,3.180000066757202,3.180000066757202,3.119999885559082,3.140000104904175,3309000.0
2019-11-28,3.119999885559082,3.1500000953674316,3.0799999237060547,3.119999885559082,1437800.0
2019-11-29,3.0799999237060547,3.130000114440918,3.0799999237060547,3.0999999046325684,2765000.0
2019-12-02,3.0799999237060547,3.130000114440918,3.069999933242798,3.069999933242798,3002000.0
2019-12-03,3.049999952316284,3.0799999237060547,3.0199999809265137,3.0799999237060547,2980380.0
2019-12-04,3.0299999713897705,3.130000114440918,3.0299999713897705,3.049999952316284,5568028.0
2019-12-05,3.0199999809265137,3.049999952316284,3.0,3.0,5923355.0
2019-12-06,3.0,3.0299999713897705,3.0,3.009999990463257,3979445.0
2019-12-09,3.009999990463257,3.049999952316284,2.940000057220459,2.940000057220459,13276708.0
2019-12-10,2.930000066757202,2.9700000286102295,2.9200000762939453,2.950000047683716,4178532.0
2019-12-11,2.950000047683716,2.9800000190734863,2.940000057220459,2.9700000286102295,2373849.0
2019-12-12,2.9700000286102295,3.0199999809265137,2.9200000762939453,2.950000047683716,8671626.0
2019-12-13,2.9600000381469727,3.0199999809265137,2.9600000381469727,3.009999990463257,5011137.0
2019-12-16,3.0399999618530273,3.0399999618530273,3.009999990463257,3.009999990463257,3461000.0
2019-12-17,3.0199999809265137,3.0899999141693115,3.0,3.0799999237060547,5892368.0
2019-12-18,3.0899999141693115,3.0899999141693115,3.0399999618530273,3.069999933242798,3294800.0
2019-12-19,3.0799999237060547,3.0799999237060547,3.0299999713897705,3.049999952316284,1976236.0
2019-12-20,3.0299999713897705,3.069999933242798,3.0299999713897705,3.069999933242798,3415000.0
2019-12-23,3.049999952316284,3.0799999237060547,3.0299999713897705,3.059999942779541,1949560.0
2019-12-24,3.049999952316284,3.059999942779541,3.0199999809265137,3.0299999713897705,848000.0
2019-12-27,3.0299999713897705,3.0899999141693115,3.0299999713897705,3.069999933242798,3258430.0
2019-12-30,3.049999952316284,3.140000104904175,3.049999952316284,3.130000114440918,3935802.0
2019-12-31,3.109999895095825,3.130000114440918,3.0799999237060547,3.0899999141693115,1559000.0
2020-01-02,3.0999999046325684,3.1600000858306885,3.0899999141693115,3.1600000858306885,4690672.0
2020-01-03,3.1700000762939453,3.1700000762939453,3.140000104904175,3.1600000858306885,2712383.0
2020-01-06,3.140000104904175,3.1500000953674316,3.109999895095825,3.130000114440918,2207327.0
2020-01-07,3.140000104904175,3.180000066757202,3.119999885559082,3.1600000858306885,3749000.0
2020-01-08,3.0999999046325684,3.130000114440918,3.069999933242798,3.0899999141693115,6271590.0
2020-01-09,3.0899999141693115,3.109999895095825,3.049999952316284,3.0799999237060547,7859885.0
2020-01-10,3.0799999237060547,3.0899999141693115,3.0399999618530273,3.059999942779541,4463400.0
2020-01-13,3.0399999618530273,3.0799999237060547,3.0299999713897705,3.049999952316284,5407269.0
2020-01-14,3.0399999618530273,3.0899999141693115,3.0399999618530273,3.0799999237060547,5227165.0
2020-01-15,3.059999942779541,3.069999933242798,3.0299999713897705,3.0399999618530273,2610797.0
2020-01-16,3.0399999618530273,3.049999952316284,2.9600000381469727,3.0299999713897705,5463991.0
2020-01-17,3.0399999618530273,3.059999942779541,3.0,3.0199999809265137,4791037.0
2020-01-20,3.0399999618530273,3.069999933242798,3.0,3.009999990463257,7665313.0
2020-01-21,3.0,3.049999952316284,2.9100000858306885,2.9200000762939453,8626000.0
2020-01-22,2.9000000953674316,2.930000066757202,2.869999885559082,2.9200000762939453,4534397.0
2020-01-23,2.890000104904175,2.9200000762939453,2.859999895095825,2.880000114440918,5313592.0
2020-01-24,2.880000114440918,2.880000114440918,2.819999933242798,2.8499999046325684,1690000.0
2020-01-29,2.809999942779541,2.809999942779541,2.7200000286102295,2.7300000190734863,3331220.0
2020-01-30,2.7100000381469727,2.7699999809265137,2.6700000762939453,2.700000047683716,4294623.0
2020-01-31,2.700000047683716,2.700000047683716,2.630000114440918,2.6600000858306885,4604000.0
2020-02-03,2.640000104904175,2.6700000762939453,2.630000114440918,2.640000104904175,5151669.0
2020-02-04,2.640000104904175,2.7200000286102295,2.640000104904175,2.700000047683716,2604000.0
2020-02-05,2.740000009536743,2.75,2.690000057220459,2.690000057220459,4338229.0
2020-02-06,2.7200000286102295,2.7799999713897705,2.7200000286102295,2.7799999713897705,4433464.0
2020-02-07,2.759999990463257,2.759999990463257,2.700000047683716,2.7300000190734863,4269856.0
2020-02-10,2.7100000381469727,2.75,2.700000047683716,2.7300000190734863,2495494.0
2020-02-11,2.7200000286102295,2.799999952316284,2.7100000381469727,2.740000009536743,5346286.0
2020-02-12,2.75,2.7799999713897705,2.740000009536743,2.759999990463257,3000382.0
2020-02-13,2.759999990463257,2.7699999809265137,2.7200000286102295,2.759999990463257,5081000.0
2020-02-14,2.740000009536743,2.759999990463257,2.7300000190734863,2.7300000190734863,4600000.0
2020-02-17,2.7200000286102295,2.7699999809265137,2.7200000286102295,2.759999990463257,8023000.0
2020-02-18,2.75,2.759999990463257,2.700000047683716,2.700000047683716,5451440.0
2020-02-19,2.7100000381469727,2.740000009536743,2.7100000381469727,2.7200000286102295,4035298.0
2020-02-20,2.7200000286102295,2.75,2.7100000381469727,2.7200000286102295,5946715.0
2020-02-21,2.740000009536743,2.75,2.7100000381469727,2.7100000381469727,7124000.0
2020-02-24,2.7100000381469727,2.7100000381469727,2.640000104904175,2.6600000858306885,5125431.0
2020-02-25,2.609999895095825,2.630000114440918,2.5999999046325684,2.5999999046325684,7183000.0
2020-02-26,2.569999933242798,2.6700000762939453,2.559999942779541,2.619999885559082,6726639.0
2020-02-27,2.609999895095825,2.690000057220459,2.609999895095825,2.619999885559082,5374979.0
2020-02-28,2.569999933242798,2.5899999141693115,2.5199999809265137,2.5199999809265137,8086554.0
2020-03-02,2.5199999809265137,2.6600000858306885,2.5199999809265137,2.609999895095825,4689336.0
2020-03-03,2.640000104904175,2.640000104904175,2.5799999237060547,2.5799999237060547,5320000.0
2020-03-04,2.569999933242798,2.609999895095825,2.559999942779541,2.5899999141693115,5654780.0
2020-03-05,2.5899999141693115,2.609999895095825,2.559999942779541,2.5999999046325684,8660764.0
2020-03-06,2.5799999237060547,2.5799999237060547,2.5399999618530273,2.5399999618530273,8184000.0
2020-03-09,2.4600000381469727,2.5,2.4000000953674316,2.4000000953674316,8821000.0
2020-03-10,2.380000114440918,2.430000066757202,2.359999895095825,2.390000104904175,9896112.0
2020-03-11,2.4000000953674316,2.4200000762939453,2.3299999237060547,2.359999895095825,8803798.0
2020-03-12,2.3399999141693115,2.3399999141693115,2.2799999713897705,2.299999952316284,11130312.0
2020-03-13,2.119999885559082,2.2799999713897705,2.119999885559082,2.259999990463257,12546063.0
2020-03-16,2.25,2.2899999618530273,2.180000066757202,2.190000057220459,5866256.0
2020-03-17,2.200000047683716,2.25,2.109999895095825,2.2300000190734863,8513088.0
2020-03-18,2.200000047683716,2.25,2.0999999046325684,2.0999999046325684,8920742.0
2020-03-19,2.119999885559082,2.119999885559082,2.0,2.0199999809265137,12426040.0
2020-03-20,2.0,2.0999999046325684,2.0,2.0299999713897705,13274142.0
2020-03-23,2.0,2.0399999618530273,1.9800000190734863,2.0,13813766.0
2020-03-24,2.009999990463257,2.069999933242798,2.009999990463257,2.0299999713897705,12556327.0
2020-03-25,2.0899999141693115,2.119999885559082,2.059999942779541,2.0999999046325684,13468500.0
2020-03-26,2.109999895095825,2.1500000953674316,2.0899999141693115,2.1500000953674316,8488200.0
2020-03-27,2.180000066757202,2.200000047683716,2.140000104904175,2.140000104904175,9311088.0
2020-03-30,2.119999885559082,2.140000104904175,2.0799999237060547,2.109999895095825,7850838.0
2020-03-31,2.130000114440918,2.180000066757202,2.109999895095825,2.1500000953674316,9754779.0
2020-04-01,2.130000114440918,2.180000066757202,2.0899999141693115,2.0999999046325684,9310944.0
2020-04-02,2.0899999141693115,2.190000057220459,2.0899999141693115,2.190000057220459,6535936.0
2020-04-03,2.2100000381469727,2.2200000286102295,2.140000104904175,2.140000104904175,3025887.0
2020-04-06,2.190000057220459,2.200000047683716,2.0999999046325684,2.1600000858306885,5488000.0
2020-04-07,2.190000057220459,2.240000009536743,2.1700000762939453,2.2200000286102295,14922800.0
2020-04-08,2.2200000286102295,2.2300000190734863,2.190000057220459,2.190000057220459,6246428.0
2020-04-09,2.2200000286102295,2.2300000190734863,2.200000047683716,2.2300000190734863,5444000.0
2020-04-14,2.2100000381469727,2.2699999809265137,2.200000047683716,2.25,12060457.0
2020-04-15,2.25,2.259999990463257,2.200000047683716,2.200000047683716,12851470.0
2020-04-16,2.180000066757202,2.190000057220459,2.130000114440918,2.130000114440918,10434000.0
2020-04-17,2.1600000858306885,2.180000066757202,2.130000114440918,2.140000104904175,8872000.0
2020-04-20,2.1500000953674316,2.180000066757202,2.140000104904175,2.1700000762939453,7283000.0
2020-04-21,2.1600000858306885,2.1700000762939453,2.0999999046325684,2.119999885559082,11564220.0
2020-04-22,2.0799999237060547,2.0999999046325684,2.059999942779541,2.0899999141693115,8509970.0
2020-04-23,2.0899999141693115,2.119999885559082,2.0299999713897705,2.0299999713897705,12396490.0
2020-04-24,2.049999952316284,2.069999933242798,2.0299999713897705,2.0399999618530273,6454102.0
2020-04-27,2.0399999618530273,2.069999933242798,2.0399999618530273,2.049999952316284,4698160.0
2020-04-28,2.0399999618530273,2.0999999046325684,2.0199999809265137,2.0999999046325684,9838224.0
2020-04-29,2.0799999237060547,2.0999999046325684,2.0399999618530273,2.069999933242798,9165000.0
2020-05-04,2.049999952316284,2.069999933242798,1.9600000381469727,1.9600000381469727,9599799.0
2020-05-05,1.9700000286102295,1.9800000190734863,1.9500000476837158,1.9600000381469727,3254441.0
2020-05-06,1.9900000095367432,2.0199999809265137,1.9800000190734863,2.0199999809265137,10665000.0
2020-05-07,2.0,2.0199999809265137,1.9800000190734863,1.9900000095367432,6581500.0
2020-05-08,1.9900000095367432,2.0199999809265137,1.9900000095367432,2.0,12003666.0
2020-05-11,2.0,2.049999952316284,2.0,2.0399999618530273,10445910.0
2020-05-12,2.0299999713897705,2.0299999713897705,1.9900000095367432,2.0199999809265137,12011826.0
2020-05-13,2.009999990463257,2.0299999713897705,1.9700000286102295,2.0199999809265137,12460722.0
2020-05-14,2.009999990463257,2.0199999809265137,1.9600000381469727,1.9600000381469727,17266100.0
2020-05-15,1.9600000381469727,1.9700000286102295,1.909999966621399,1.909999966621399,23939000.0
2020-05-18,1.909999966621399,1.940000057220459,1.899999976158142,1.909999966621399,25170000.0
2020-05-19,1.9299999475479126,1.9500000476837158,1.9299999475479126,1.9500000476837158,33509092.0
2020-05-20,1.9500000476837158,1.9900000095367432,1.9299999475479126,1.9800000190734863,22220256.0
2020-05-21,1.9800000190734863,2.0,1.9700000286102295,1.9800000190734863,16427540.0
2020-05-22,1.9500000476837158,1.9600000381469727,1.8799999952316284,1.8899999856948853,31240684.0
2020-05-25,1.899999976158142,1.899999976158142,1.840000033378601,1.8899999856948853,18705250.0
2020-05-26,1.899999976158142,1.9199999570846558,1.8899999856948853,1.8899999856948853,12006280.0
2020-05-27,1.899999976158142,1.9299999475479126,1.8899999856948853,1.8899999856948853,15280440.0
2020-05-28,1.909999966621399,1.9299999475479126,1.8700000047683716,1.8700000047683716,17073204.0
2020-05-29,1.8799999952316284,1.899999976158142,1.850000023841858,1.8600000143051147,145916125.0
2020-06-01,1.8700000047683716,1.9299999475479126,1.8700000047683716,1.9199999570846558,10184301.0
2020-06-02,1.9299999475479126,1.9500000476837158,1.9199999570846558,1.940000057220459,12002413.0
2020-06-03,1.9600000381469727,2.0,1.9500000476837158,1.9800000190734863,9866276.0
2020-06-04,1.9800000190734863,2.0,1.9299999475479126,1.940000057220459,13387900.0
2020-06-05,1.9500000476837158,1.9900000095367432,1.9199999570846558,1.9900000095367432,11895511.0
2020-06-08,2.0,2.0299999713897705,1.9800000190734863,1.9900000095367432,12425974.0
2020-06-09,2.009999990463257,2.0399999618530273,2.0,2.0199999809265137,11674884.0
2020-06-10,2.009999990463257,2.0199999809265137,1.9900000095367432,1.9900000095367432,7680750.0
2020-06-11,2.009999990463257,2.009999990463257,1.9299999475479126,1.940000057220459,14827118.0
2020-06-12,1.899999976158142,1.9299999475479126,1.8899999856948853,1.9199999570846558,7696000.0
2020-06-15,1.9199999570846558,1.940000057220459,1.899999976158142,1.899999976158142,8349012.0
2020-06-16,1.9299999475479126,1.9500000476837158,1.909999966621399,1.9299999475479126,11841425.0
2020-06-17,1.940000057220459,1.9600000381469727,1.9199999570846558,1.940000057220459,12932730.0
2020-06-18,1.8200000524520874,1.8700000047683716,1.809999942779541,1.840000033378601,15110498.0
2020-06-19,1.850000023841858,1.9199999570846558,1.840000033378601,1.9199999570846558,31237888.0
2020-06-22,1.9500000476837158,1.9500000476837158,1.8600000143051147,1.8799999952316284,9604552.0
2020-06-23,1.8899999856948853,1.8899999856948853,1.8600000143051147,1.8799999952316284,2661360.0
2020-06-24,1.8700000047683716,1.8700000047683716,1.7999999523162842,1.8200000524520874,8034904.0
2020-06-26,1.8200000524520874,1.8200000524520874,1.7799999713897705,1.7799999713897705,9073914.0
2020-06-29,1.7999999523162842,1.809999942779541,1.75,1.7599999904632568,12556413.0
2020-06-30,1.7699999809265137,1.7899999618530273,1.75,1.7599999904632568,9506620.0
2020-07-02,1.7699999809265137,1.8600000143051147,1.7699999809265137,1.8600000143051147,12262724.0
2020-07-03,1.8700000047683716,1.9600000381469727,1.8700000047683716,1.9500000476837158,26928000.0
2020-07-06,2.0,2.109999895095825,1.9900000095367432,2.0999999046325684,47527384.0
2020-07-07,2.130000114440918,2.180000066757202,2.0399999618530273,2.049999952316284,26598474.0
2020-07-08,2.049999952316284,2.119999885559082,2.009999990463257,2.0899999141693115,22874002.0
2020-07-09,2.0999999046325684,2.1500000953674316,2.069999933242798,2.119999885559082,25071492.0
2020-07-10,2.0999999046325684,2.109999895095825,2.009999990463257,2.0399999618530273,21753242.0
2020-07-13,2.059999942779541,2.0899999141693115,2.0199999809265137,2.0399999618530273,18676886.0
2020-07-14,2.049999952316284,2.059999942779541,1.9700000286102295,1.9800000190734863,16352460.0
2020-07-15,2.0,2.0299999713897705,1.9500000476837158,1.9600000381469727,12437000.0
2020-07-16,1.9800000190734863,1.9800000190734863,1.899999976158142,1.9299999475479126,11855530.0
2020-07-17,1.9299999475479126,1.940000057220459,1.909999966621399,1.909999966621399,14565000.0
2020-07-20,1.909999966621399,1.9800000190734863,1.899999976158142,1.9700000286102295,15571150.0
2020-07-21,1.9700000286102295,1.9900000095367432,1.9199999570846558,1.9500000476837158,11534200.0
2020-07-22,1.940000057220459,1.9800000190734863,1.9199999570846558,1.9199999570846558,10946505.0
2020-07-23,1.9299999475479126,1.940000057220459,1.899999976158142,1.909999966621399,9799410.0
2020-07-24,1.909999966621399,1.940000057220459,1.8700000047683716,1.8799999952316284,12381000.0
2020-07-27,1.899999976158142,1.909999966621399,1.8600000143051147,1.8899999856948853,4757000.0
2020-07-28,1.899999976158142,1.9199999570846558,1.8799999952316284,1.8799999952316284,6323000.0
2020-07-29,1.909999966621399,1.909999966621399,1.8799999952316284,1.899999976158142,5136754.0
2020-07-30,1.9199999570846558,1.9299999475479126,1.8899999856948853,1.8899999856948853,5095000.0
2020-07-31,1.909999966621399,1.9299999475479126,1.899999976158142,1.9199999570846558,6397000.0
2020-08-03,1.9199999570846558,1.940000057220459,1.899999976158142,1.9299999475479126,7213000.0
2020-08-04,1.9299999475479126,1.9600000381469727,1.9199999570846558,1.9500000476837158,7896000.0
2020-08-05,1.9500000476837158,1.9500000476837158,1.9199999570846558,1.9199999570846558,3833689.0
2020-08-06,1.940000057220459,1.9500000476837158,1.9199999570846558,1.940000057220459,5406477.0
2020-08-07,1.9299999475479126,1.940000057220459,1.899999976158142,1.909999966621399,4525013.0
2020-08-10,1.9299999475479126,1.940000057220459,1.899999976158142,1.9299999475479126,3901000.0
2020-08-11,1.940000057220459,1.9500000476837158,1.9199999570846558,1.9199999570846558,3867156.0
2020-08-12,1.9199999570846558,1.9500000476837158,1.899999976158142,1.940000057220459,5814121.0
2020-08-13,1.9500000476837158,1.9800000190734863,1.940000057220459,1.9600000381469727,9680000.0
2020-08-14,1.9600000381469727,1.9800000190734863,1.9500000476837158,1.9600000381469727,5529000.0
2020-08-17,1.9600000381469727,2.009999990463257,1.9500000476837158,1.9800000190734863,8836000.0
2020-08-18,2.0,2.009999990463257,1.9700000286102295,2.0,8189689.0
2020-08-19,1.9900000095367432,2.0,1.9700000286102295,2.0,5899810.0
2020-08-20,2.0,2.0,1.9500000476837158,1.9700000286102295,4534000.0
2020-08-21,1.9700000286102295,1.9800000190734863,1.9500000476837158,1.9700000286102295,4993137.0
2020-08-24,1.9800000190734863,1.9800000190734863,1.9600000381469727,1.9600000381469727,1615885.0
2020-08-25,1.9700000286102295,1.9700000286102295,1.940000057220459,1.940000057220459,3946000.0
2020-08-26,1.9600000381469727,2.0299999713897705,1.9299999475479126,2.0,19964300.0
2020-08-27,1.9900000095367432,1.9900000095367432,1.9500000476837158,1.9600000381469727,8374000.0
2020-08-28,1.9800000190734863,1.9800000190734863,1.9500000476837158,1.9500000476837158,2909000.0
2020-08-31,1.9600000381469727,2.0,1.9299999475479126,1.9500000476837158,7392110.0
2020-09-01,1.9500000476837158,1.9500000476837158,1.9199999570846558,1.9299999475479126,7322000.0
2020-09-02,1.940000057220459,1.940000057220459,1.899999976158142,1.909999966621399,6313050.0
2020-09-03,1.9199999570846558,1.9299999475479126,1.899999976158142,1.909999966621399,6647251.0
2020-09-04,1.8899999856948853,1.899999976158142,1.8799999952316284,1.8799999952316284,4846000.0
2020-09-07,1.8899999856948853,1.899999976158142,1.8200000524520874,1.850000023841858,27674268.0
2020-09-08,1.8600000143051147,1.8700000047683716,1.8300000429153442,1.850000023841858,4740000.0
2020-09-09,1.850000023841858,1.8799999952316284,1.840000033378601,1.8600000143051147,5270000.0
2020-09-10,1.8799999952316284,1.8899999856948853,1.840000033378601,1.8700000047683716,4894573.0
2020-09-11,1.8700000047683716,1.8700000047683716,1.840000033378601,1.8600000143051147,4341675.0
2020-09-14,1.8799999952316284,1.8899999856948853,1.850000023841858,1.8899999856948853,4524000.0
2020-09-15,1.8899999856948853,1.8899999856948853,1.8600000143051147,1.8799999952316284,2970000.0
2020-09-16,1.8899999856948853,1.8899999856948853,1.850000023841858,1.8700000047683716,4950000.0
2020-09-17,1.8799999952316284,1.899999976158142,1.8700000047683716,1.8799999952316284,2857000.0
2020-09-18,1.899999976158142,1.940000057220459,1.8799999952316284,1.909999966621399,7475084.0
2020-09-21,1.9199999570846558,1.940000057220459,1.899999976158142,1.909999966621399,2740047.0
2020-09-22,1.9199999570846558,1.9199999570846558,1.8700000047683716,1.8899999856948853,3098000.0
2020-09-23,1.899999976158142,1.899999976158142,1.850000023841858,1.8600000143051147,6455000.0
2020-09-24,1.840000033378601,1.8600000143051147,1.809999942779541,1.840000033378601,7424000.0
2020-09-25,1.840000033378601,1.8899999856948853,1.809999942779541,1.8600000143051147,5915497.0
2020-09-28,1.8700000047683716,1.909999966621399,1.840000033378601,1.899999976158142,10417600.0
2020-09-29,1.9199999570846558,1.9199999570846558,1.8799999952316284,1.8799999952316284,2213000.0
2020-09-30,1.899999976158142,1.9299999475479126,1.8799999952316284,1.8899999856948853,4059000.0
2020-10-05,1.909999966621399,1.909999966621399,1.840000033378601,1.8600000143051147,3356413.0
2020-10-06,1.8700000047683716,1.8700000047683716,1.8300000429153442,1.840000033378601,5374212.0
2020-10-07,1.850000023841858,1.899999976158142,1.8200000524520874,1.8799999952316284,4058000.0
2020-10-08,1.8799999952316284,1.8799999952316284,1.8300000429153442,1.840000033378601,4594000.0
2020-10-09,1.850000023841858,1.8700000047683716,1.850000023841858,1.8600000143051147,15586663.0
2020-10-12,1.8600000143051147,1.9199999570846558,1.8600000143051147,1.909999966621399,15914919.0
2020-10-14,1.9199999570846558,1.9600000381469727,1.909999966621399,1.940000057220459,9359213.0
2020-10-15,1.940000057220459,1.9900000095367432,1.9199999570846558,1.9600000381469727,9475000.0
2020-10-16,1.9800000190734863,2.0199999809265137,1.9600000381469727,1.9800000190734863,15570718.0
2020-10-19,2.0,2.009999990463257,1.9600000381469727,1.9600000381469727,7535959.0
2020-10-20,1.9700000286102295,1.9700000286102295,1.9199999570846558,1.9299999475479126,5716622.0
2020-10-21,1.940000057220459,1.9500000476837158,1.9199999570846558,1.9299999475479126,3052000.0
2020-10-22,1.940000057220459,1.9500000476837158,1.899999976158142,1.940000057220459,8334688.0
2020-10-23,1.9500000476837158,1.9600000381469727,1.9199999570846558,1.9600000381469727,5495235.0
2020-10-27,1.9500000476837158,1.9500000476837158,1.9199999570846558,1.940000057220459,4999864.0
2020-10-28,1.9500000476837158,1.9500000476837158,1.8899999856948853,1.909999966621399,6582000.0
2020-10-29,1.909999966621399,1.9299999475479126,1.8799999952316284,1.909999966621399,7414000.0
2020-10-30,1.9199999570846558,1.940000057220459,1.8799999952316284,1.8899999856948853,6357000.0
2020-11-02,1.8899999856948853,1.9199999570846558,1.8700000047683716,1.909999966621399,7235000.0
2020-11-03,1.909999966621399,1.9500000476837158,1.909999966621399,1.9299999475479126,8308000.0
2020-11-04,1.940000057220459,1.9500000476837158,1.909999966621399,1.9299999475479126,7445908.0
2020-11-05,1.9500000476837158,1.9600000381469727,1.9299999475479126,1.9600000381469727,4248051.0
2020-11-06,1.9600000381469727,2.0199999809265137,1.9600000381469727,1.9900000095367432,10796430.0
2020-11-09,2.0,2.0399999618530273,2.0,2.009999990463257,8671000.0
2020-11-10,2.049999952316284,2.069999933242798,2.0199999809265137,2.0299999713897705,16119000.0
2020-11-11,2.0199999809265137,2.130000114440918,2.0199999809265137,2.109999895095825,43643987.0
2020-11-12,2.0999999046325684,2.140000104904175,2.049999952316284,2.069999933242798,17373000.0
2020-11-13,2.069999933242798,2.069999933242798,2.0199999809265137,2.049999952316284,7017000.0
2020-11-16,2.049999952316284,2.130000114440918,2.049999952316284,2.109999895095825,15948000.0
2020-11-17,2.140000104904175,2.140000104904175,2.0999999046325684,2.0999999046325684,9308000.0
2020-11-18,2.109999895095825,2.140000104904175,2.0899999141693115,2.130000114440918,11130000.0
2020-11-19,2.130000114440918,2.130000114440918,2.0899999141693115,2.109999895095825,6778000.0
2020-11-20,2.109999895095825,2.119999885559082,2.0799999237060547,2.109999895095825,7987850.0
2020-11-23,2.119999885559082,2.240000009536743,2.109999895095825,2.2100000381469727,39968840.0
2020-11-24,2.2300000190734863,2.259999990463257,2.200000047683716,2.2300000190734863,18336031.0
2020-11-25,2.240000009536743,2.3499999046325684,2.240000009536743,2.259999990463257,33898054.0
2020-11-26,2.2699999809265137,2.2799999713897705,2.240000009536743,2.259999990463257,9047000.0
2020-11-27,2.259999990463257,2.309999942779541,2.25,2.259999990463257,10399000.0
2020-11-30,2.2799999713897705,2.319999933242798,2.190000057220459,2.200000047683716,16378116.0
2020-12-01,2.2300000190734863,2.259999990463257,2.2100000381469727,2.25,8369000.0
2020-12-02,2.259999990463257,2.4000000953674316,2.259999990463257,2.369999885559082,32339442.0
2020-12-03,2.390000104904175,2.4000000953674316,2.2799999713897705,2.319999933242798,20039486.0
2020-12-04,2.319999933242798,2.3299999237060547,2.259999990463257,2.2799999713897705,9406000.0
2020-12-07,2.2899999618530273,2.3499999046325684,2.259999990463257,2.299999952316284,14023000.0
2020-12-08,2.299999952316284,2.299999952316284,2.2100000381469727,2.2300000190734863,10968218.0
2020-12-09,2.25,2.319999933242798,2.25,2.299999952316284,12621267.0
2020-12-10,2.299999952316284,2.380000114440918,2.2699999809265137,2.3499999046325684,26361838.0
2020-12-11,2.390000104904175,2.4200000762939453,2.299999952316284,2.3299999237060547,20117345.0
2020-12-14,2.3299999237060547,2.3299999237060547,2.1600000858306885,2.1600000858306885,30794095.0
2020-12-15,2.180000066757202,2.259999990463257,2.119999885559082,2.259999990463257,25481398.0
2020-12-16,2.259999990463257,2.309999942779541,2.2100000381469727,2.2699999809265137,18730000.0
2020-12-17,2.2699999809265137,2.319999933242798,2.2300000190734863,2.2699999809265137,16930000.0
2020-12-18,2.319999933242798,2.450000047683716,2.319999933242798,2.4100000858306885,53480070.0
2020-12-21,2.4800000190734863,2.5199999809265137,2.440000057220459,2.509999990463257,50157012.0
2020-12-22,2.5,2.509999990463257,2.3399999141693115,2.3499999046325684,27041755.0
2020-12-23,2.359999895095825,2.4000000953674316,2.309999942779541,2.3499999046325684,13727360.0
2020-12-24,2.380000114440918,2.380000114440918,2.380000114440918,2.380000114440918,0.0
2020-12-28,2.4100000858306885,2.490000009536743,2.4000000953674316,2.4200000762939453,14098460.0
2020-12-29,2.440000057220459,2.450000047683716,2.3299999237060547,2.369999885559082,18987844.0
2020-12-30,2.359999895095825,2.4000000953674316,2.3299999237060547,2.369999885559082,11477769.0
2020-12-31,2.3299999237060547,2.3299999237060547,2.3299999237060547,2.3299999237060547,0.0
2021-01-04,2.359999895095825,2.380000114440918,2.259999990463257,2.359999895095825,20626000.0
2021-01-05,2.369999885559082,2.380000114440918,2.309999942779541,2.3499999046325684,10193570.0
2021-01-06,2.3499999046325684,2.359999895095825,2.299999952316284,2.3399999141693115,13483634.0
2021-01-07,2.3399999141693115,2.509999990463257,2.3399999141693115,2.440000057220459,35281242.0
2021-01-08,2.4600000381469727,2.5,2.390000104904175,2.430000066757202,20402000.0
2021-01-11,2.4600000381469727,2.4600000381469727,2.3299999237060547,2.359999895095825,11865802.0
2021-01-12,2.3499999046325684,2.450000047683716,2.3399999141693115,2.4200000762939453,20452784.0
2021-01-13,2.430000066757202,2.5,2.4100000858306885,2.4700000286102295,22259721.0
2021-01-14,2.5,2.509999990463257,2.450000047683716,2.4800000190734863,20304443.0
2021-01-15,2.4800000190734863,2.5899999141693115,2.440000057220459,2.490000009536743,19684212.0
2021-01-18,2.5199999809265137,2.569999933242798,2.440000057220459,2.569999933242798,26457962.0
2021-01-19,2.569999933242798,2.6500000953674316,2.5299999713897705,2.5899999141693115,35738882.0
2021-01-20,2.5999999046325684,2.609999895095825,2.509999990463257,2.569999933242798,14878920.0
2021-01-21,2.559999942779541,2.6500000953674316,2.5299999713897705,2.5899999141693115,25068880.0
2021-01-22,2.5899999141693115,2.5899999141693115,2.430000066757202,2.440000057220459,20181000.0
2021-01-25,2.4600000381469727,2.4700000286102295,2.4000000953674316,2.440000057220459,11781000.0
2021-01-26,2.4100000858306885,2.4700000286102295,2.3499999046325684,2.4000000953674316,17075962.0
2021-01-27,2.380000114440918,2.4200000762939453,2.3499999046325684,2.369999885559082,7046789.0
2021-01-28,2.3299999237060547,2.359999895095825,2.2699999809265137,2.2799999713897705,13833000.0
2021-01-29,2.309999942779541,2.319999933242798,2.2100000381469727,2.25,18213300.0
2021-02-01,2.2699999809265137,2.2699999809265137,2.200000047683716,2.259999990463257,9073000.0
2021-02-02,2.259999990463257,2.299999952316284,2.2200000286102295,2.240000009536743,8743000.0
2021-02-03,2.25,2.2799999713897705,2.2300000190734863,2.25,7130520.0
2021-02-04,2.25,2.2699999809265137,2.1600000858306885,2.190000057220459,10830051.0
2021-02-05,2.190000057220459,2.2100000381469727,2.1500000953674316,2.1700000762939453,9371000.0
2021-02-08,2.1700000762939453,2.2100000381469727,2.140000104904175,2.1500000953674316,10778940.0
2021-02-09,2.1600000858306885,2.240000009536743,2.1600000858306885,2.240000009536743,6338000.0
2021-02-10,2.25,2.25,2.190000057220459,2.2300000190734863,6174000.0
2021-02-11,2.2300000190734863,2.2300000190734863,2.2300000190734863,2.2300000190734863,0.0
2021-02-16,2.240000009536743,2.4000000953674316,2.240000009536743,2.369999885559082,14749846.0
2021-02-17,2.369999885559082,2.4000000953674316,2.3299999237060547,2.390000104904175,6356202.0
2021-02-18,2.359999895095825,2.4600000381469727,2.3299999237060547,2.430000066757202,31688677.0
2021-02-19,2.430000066757202,2.490000009536743,2.4000000953674316,2.4800000190734863,18283000.0
2021-02-22,2.5999999046325684,2.940000057220459,2.5999999046325684,2.809999942779541,111519787.0
2021-02-23,2.819999933242798,2.9600000381469727,2.700000047683716,2.809999942779541,68812387.0
2021-02-24,2.8299999237060547,2.950000047683716,2.809999942779541,2.8499999046325684,59247000.0
2021-02-25,2.9100000858306885,3.319999933242798,2.9100000858306885,3.200000047683716,114671627.0
2021-02-26,3.049999952316284,3.2699999809265137,3.0399999618530273,3.190000057220459,43826503.0
2021-03-01,3.200000047683716,3.430000066757202,3.190000057220459,3.2899999618530273,74381855.0
2021-03-02,3.309999942779541,3.5,3.240000009536743,3.299999952316284,51134826.0
2021-03-03,3.2699999809265137,3.4600000381469727,3.2699999809265137,3.4000000953674316,36598162.0
2021-03-04,3.4000000953674316,3.5,3.319999933242798,3.319999933242798,35551998.0
2021-03-05,3.359999895095825,3.380000114440918,3.2100000381469727,3.2300000190734863,47873001.0
2021-03-08,3.319999933242798,3.430000066757202,3.200000047683716,3.2300000190734863,38131020.0
2021-03-09,3.2899999618530273,3.299999952316284,3.0899999141693115,3.180000066757202,60048000.0
2021-03-10,3.240000009536743,3.2899999618530273,3.130000114440918,3.240000009536743,21205008.0
2021-03-11,3.2799999713897705,3.3499999046325684,3.2300000190734863,3.3499999046325684,14606229.0
2021-03-12,3.380000114440918,3.450000047683716,3.25,3.369999885559082,32946000.0
2021-03-15,3.380000114440918,3.549999952316284,3.3399999141693115,3.450000047683716,29151210.0
2021-03-16,3.4700000286102295,3.5,3.2799999713897705,3.4200000762939453,29175440.0
2021-03-17,3.430000066757202,3.4600000381469727,3.3399999141693115,3.430000066757202,23518000.0
2021-03-18,3.4600000381469727,3.4700000286102295,3.4000000953674316,3.440000057220459,14144664.0
2021-03-19,3.4000000953674316,3.5799999237060547,3.3499999046325684,3.3499999046325684,44606030.0
2021-03-22,3.4000000953674316,3.4800000190734863,3.3299999237060547,3.390000104904175,11347923.0
2021-03-23,3.4000000953674316,3.430000066757202,3.2799999713897705,3.359999895095825,32087541.0
2021-03-24,3.2899999618530273,3.309999942779541,3.140000104904175,3.2100000381469727,28281197.0
2021-03-25,3.200000047683716,3.5199999809265137,3.200000047683716,3.5,53908331.0
2021-03-26,3.5399999618530273,3.5399999618530273,3.380000114440918,3.4700000286102295,20896591.0
2021-03-29,3.5999999046325684,3.7799999713897705,3.5,3.609999895095825,60365302.0
2021-03-30,3.609999895095825,3.6700000762939453,3.549999952316284,3.6500000953674316,18922000.0
2021-03-31,3.690000057220459,3.700000047683716,3.5299999713897705,3.5799999237060547,16403000.0
2021-04-01,3.5899999141693115,3.640000104904175,3.490000009536743,3.640000104904175,13806686.0
2021-04-07,3.5299999713897705,3.630000114440918,3.490000009536743,3.5799999237060547,21611688.0
2021-04-08,3.990000009536743,3.990000009536743,3.6500000953674316,3.680000066757202,84650086.0
2021-04-09,3.6600000858306885,3.859999895095825,3.6500000953674316,3.7899999618530273,27557406.0
2021-04-12,3.740000009536743,3.819999933242798,3.6600000858306885,3.7200000286102295,22644006.0
2021-04-13,3.7200000286102295,3.7799999713897705,3.6700000762939453,3.759999990463257,14451380.0
2021-04-14,3.759999990463257,3.8399999141693115,3.7200000286102295,3.819999933242798,14956900.0
2021-04-15,3.8499999046325684,3.990000009536743,3.799999952316284,3.859999895095825,19514485.0
2021-04-16,3.890000104904175,4.079999923706055,3.8399999141693115,4.010000228881836,43804931.0
2021-04-19,4.019999980926514,4.159999847412109,3.9800000190734863,4.019999980926514,31123931.0
2021-04-20,4.019999980926514,4.039999961853027,3.880000114440918,3.950000047683716,21414460.0
2021-04-21,3.930000066757202,4.010000228881836,3.7799999713897705,3.9700000286102295,27617000.0
2021-04-22,4.010000228881836,4.050000190734863,3.930000066757202,3.990000009536743,19104000.0
2021-04-23,3.990000009536743,4.21999979019165,3.9700000286102295,4.199999809265137,55383033.0
2021-04-26,4.199999809265137,4.28000020980835,4.159999847412109,4.230000019073486,37284000.0
2021-04-27,4.230000019073486,4.289999961853027,4.070000171661377,4.190000057220459,30807988.0
2021-04-28,4.150000095367432,4.230000019073486,4.139999866485596,4.170000076293945,16490600.0
2021-04-29,4.199999809265137,4.369999885559082,4.179999828338623,4.289999961853027,19540620.0
2021-04-30,4.300000190734863,4.349999904632568,4.170000076293945,4.210000038146973,12229258.0
2021-05-03,4.21999979019165,4.239999771118164,4.119999885559082,4.239999771118164,7555000.0
2021-05-04,4.300000190734863,4.369999885559082,4.25,4.329999923706055,9266353.0
2021-05-05,4.320000171661377,4.429999828338623,4.300000190734863,4.349999904632568,8559406.0
2021-05-06,4.349999904632568,4.630000114440918,4.349999904632568,4.619999885559082,45651558.0
2021-05-07,4.619999885559082,4.849999904632568,4.599999904632568,4.739999771118164,56716905.0
2021-05-10,4.840000152587891,5.019999980926514,4.78000020980835,4.960000038146973,60630414.0
2021-05-11,4.840000152587891,5.0,4.699999809265137,4.909999847412109,40193626.0
2021-05-12,4.940000057220459,5.099999904632568,4.880000114440918,5.050000190734863,39777607.0
2021-05-13,4.820000171661377,4.849999904632568,4.550000190734863,4.619999885559082,33588000.0
2021-05-14,4.599999904632568,4.679999828338623,4.329999923706055,4.489999771118164,39753588.0
2021-05-17,4.53000020980835,4.789999961853027,4.489999771118164,4.78000020980835,34722070.0
2021-05-18,4.840000152587891,4.909999847412109,4.690000057220459,4.849999904632568,28928796.0
2021-05-20,4.489999771118164,4.489999771118164,4.130000114440918,4.400000095367432,65450723.0
2021-05-21,4.400000095367432,4.610000133514404,4.349999904632568,4.599999904632568,31326984.0
2021-05-24,4.599999904632568,4.670000076293945,4.369999885559082,4.429999828338623,22849450.0
2021-05-25,4.449999809265137,4.559999942779541,4.300000190734863,4.53000020980835,18410387.0
2021-05-26,4.519999980926514,4.550000190734863,4.400000095367432,4.400000095367432,9697750.0
2021-05-27,4.429999828338623,4.630000114440918,4.389999866485596,4.619999885559082,18245826.0
2021-05-28,4.650000095367432,4.730000019073486,4.590000152587891,4.710000038146973,21360250.0
2021-05-31,4.710000038146973,4.739999771118164,4.579999923706055,4.659999847412109,15972697.0
2021-06-01,4.670000076293945,4.809999942779541,4.550000190734863,4.78000020980835,13979544.0
2021-06-02,4.820000171661377,4.96999979019165,4.789999961853027,4.869999885559082,14707202.0
2021-06-03,4.900000095367432,5.070000171661377,4.869999885559082,4.940000057220459,24520208.0
2021-06-04,4.940000057220459,4.960000038146973,4.699999809265137,4.789999961853027,13499400.0
2021-06-07,4.699999809265137,4.940000057220459,4.699999809265137,4.820000171661377,8402056.0
2021-06-08,4.900000095367432,4.900000095367432,4.659999847412109,4.769999980926514,9651000.0
2021-06-09,4.769999980926514,5.03000020980835,4.739999771118164,4.840000152587891,37720375.0
2021-06-10,4.840000152587891,5.019999980926514,4.820000171661377,4.960000038146973,13633202.0
2021-06-11,5.0,5.019999980926514,4.929999828338623,5.010000228881836,9601774.0
2021-06-15,5.050000190734863,5.199999809265137,4.880000114440918,5.090000152587891,30979541.0
2021-06-16,5.099999904632568,5.199999809265137,4.920000076293945,4.920000076293945,32411070.0
2021-06-17,4.900000095367432,5.119999885559082,4.860000133514404,5.03000020980835,19151141.0
2021-06-18,5.039999961853027,5.050000190734863,4.679999828338623,4.739999771118164,24440772.0
2021-06-21,4.679999828338623,4.849999904632568,4.519999980926514,4.800000190734863,15953279.0
2021-06-22,4.860000133514404,4.920000076293945,4.739999771118164,4.78000020980835,13452100.0
2021-06-23,4.789999961853027,5.039999961853027,4.789999961853027,5.0,33577000.0
2021-06-24,5.0,5.110000133514404,4.940000057220459,5.0,14996689.0
2021-06-25,5.079999923706055,5.099999904632568,4.889999866485596,4.96999979019165,18613736.0
2021-06-28,4.989999771118164,4.989999771118164,4.489999771118164,4.579999923706055,25312000.0
2021-06-29,4.579999923706055,4.690000057220459,4.400000095367432,4.489999771118164,30766494.0
2021-06-30,4.489999771118164,4.690000057220459,4.480000019073486,4.630000114440918,20684330.0
2021-07-02,4.630000114440918,4.630000114440918,4.510000228881836,4.550000190734863,16016279.0
2021-07-05,4.539999961853027,4.699999809265137,4.539999961853027,4.650000095367432,9379080.0
2021-07-06,4.690000057220459,4.730000019073486,4.610000133514404,4.670000076293945,9457836.0
2021-07-07,4.670000076293945,4.670000076293945,4.429999828338623,4.539999961853027,13205483.0
2021-07-08,4.579999923706055,4.619999885559082,4.360000133514404,4.380000114440918,13382324.0
2021-07-09,4.409999847412109,4.46999979019165,4.329999923706055,4.380000114440918,15398480.0
2021-07-12,4.409999847412109,4.519999980926514,4.380000114440918,4.440000057220459,12540000.0
2021-07-13,4.46999979019165,4.679999828338623,4.440000057220459,4.610000133514404,17578063.0
2021-07-14,4.650000095367432,4.860000133514404,4.610000133514404,4.809999942779541,36318634.0
2021-07-15,4.900000095367432,5.079999923706055,4.820000171661377,4.880000114440918,45152252.0
2021-07-16,4.929999828338623,5.070000171661377,4.889999866485596,4.980000019073486,44837389.0
2021-07-19,4.980000019073486,5.110000133514404,4.940000057220459,5.0,19152083.0
2021-07-20,4.980000019073486,4.980000019073486,4.829999923706055,4.880000114440918,9974386.0
2021-07-21,4.880000114440918,4.940000057220459,4.699999809265137,4.800000190734863,11770000.0
2021-07-22,4.860000133514404,4.949999809265137,4.760000228881836,4.929999828338623,9570000.0
2021-07-23,4.900000095367432,5.050000190734863,4.730000019073486,4.730000019073486,15030000.0
2021-07-26,4.800000190734863,4.800000190734863,4.449999809265137,4.550000190734863,17484024.0
2021-07-27,4.639999866485596,4.730000019073486,4.28000020980835,4.349999904632568,30077014.0
2021-07-28,4.409999847412109,4.510000228881836,4.21999979019165,4.380000114440918,19390735.0
2021-07-29,4.440000057220459,4.559999942779541,4.349999904632568,4.539999961853027,16672642.0
2021-07-30,4.539999961853027,4.71999979019165,4.519999980926514,4.670000076293945,30661542.0
2021-08-02,4.550000190734863,4.570000171661377,4.340000152587891,4.5,24998200.0
2021-08-03,4.5,4.5,4.320000171661377,4.349999904632568,17633246.0
2021-08-04,4.380000114440918,4.610000133514404,4.340000152587891,4.599999904632568,23377646.0
2021-08-05,4.619999885559082,4.679999828338623,4.460000038146973,4.46999979019165,6962646.0
2021-08-06,4.5,4.539999961853027,4.429999828338623,4.460000038146973,10203000.0
2021-08-09,4.429999828338623,4.539999961853027,4.400000095367432,4.420000076293945,8635840.0
2021-08-10,4.440000057220459,4.440000057220459,4.340000152587891,4.420000076293945,23269041.0
2021-08-11,4.460000038146973,4.71999979019165,4.449999809265137,4.679999828338623,31037025.0
2021-08-12,4.730000019073486,4.800000190734863,4.630000114440918,4.75,10182000.0
2021-08-13,4.739999771118164,4.739999771118164,4.630000114440918,4.679999828338623,6577559.0
2021-08-16,4.730000019073486,4.849999904632568,4.650000095367432,4.670000076293945,12840000.0
2021-08-17,4.650000095367432,4.699999809265137,4.400000095367432,4.449999809265137,18066000.0
2021-08-18,4.480000019073486,4.53000020980835,4.389999866485596,4.429999828338623,13118810.0
2021-08-19,4.369999885559082,4.400000095367432,4.269999980926514,4.340000152587891,17270926.0
2021-08-20,4.380000114440918,4.380000114440918,4.150000095367432,4.230000019073486,66510000.0
2021-08-23,4.369999885559082,4.5,4.320000171661377,4.489999771118164,30905000.0
2021-08-24,4.590000152587891,4.639999866485596,4.519999980926514,4.610000133514404,17318250.0
2021-08-25,4.679999828338623,4.840000152587891,4.599999904632568,4.809999942779541,26331648.0
2021-08-26,4.889999866485596,5.039999961853027,4.849999904632568,4.880000114440918,41884584.0
2021-08-27,4.800000190734863,5.090000152587891,4.75,5.050000190734863,39476000.0
2021-08-30,5.090000152587891,5.320000171661377,5.090000152587891,5.28000020980835,43683058.0
2021-08-31,5.269999980926514,5.559999942779541,5.260000228881836,5.559999942779541,48288526.0
2021-09-01,5.559999942779541,5.71999979019165,5.190000057220459,5.449999809265137,38198000.0
2021-09-02,5.449999809265137,5.71999979019165,5.400000095367432,5.599999904632568,31922904.0
2021-09-03,5.650000095367432,5.71999979019165,5.489999771118164,5.659999847412109,24988232.0
2021-09-06,5.75,5.869999885559082,5.559999942779541,5.71999979019165,27412000.0
2021-09-07,5.820000171661377,5.989999771118164,5.699999809265137,5.809999942779541,27597893.0
2021-09-08,5.829999923706055,6.019999980926514,5.75,5.940000057220459,26867928.0
2021-09-09,5.940000057220459,6.349999904632568,5.840000152587891,6.179999828338623,70308140.0
2021-09-10,6.179999828338623,6.179999828338623,5.840000152587891,5.869999885559082,32338740.0
2021-09-13,5.809999942779541,6.380000114440918,5.800000190734863,6.320000171661377,49853670.0
2021-09-14,6.260000228881836,6.340000152587891,6.019999980926514,6.119999885559082,40316302.0
2021-09-15,6.079999923706055,6.349999904632568,6.010000228881836,6.28000020980835,29901000.0
2021-09-16,6.400000095367432,6.800000190734863,6.239999771118164,6.289999961853027,33957978.0
2021-09-17,6.099999904632568,6.369999885559082,5.880000114440918,5.96999979019165,28562351.0
2021-09-20,5.960000038146973,5.96999979019165,5.559999942779541,5.650000095367432,17119000.0
2021-09-21,5.5,5.75,5.480000019073486,5.679999828338623,12889972.0
2021-09-23,6.119999885559082,6.340000152587891,5.800000190734863,5.96999979019165,56982020.0
2021-09-24,6.010000228881836,6.039999961853027,5.690000057220459,5.739999771118164,27150400.0
2021-09-27,5.900000095367432,5.929999828338623,5.480000019073486,5.53000020980835,27397000.0
2021-09-28,5.690000057220459,5.96999979019165,5.579999923706055,5.96999979019165,24991606.0
2021-09-29,6.0,6.090000152587891,5.639999866485596,5.710000038146973,20614423.0
2021-09-30,5.659999847412109,5.960000038146973,5.570000171661377,5.949999809265137,22553599.0
2021-10-04,6.010000228881836,6.170000076293945,5.909999847412109,6.079999923706055,21096000.0
2021-10-05,6.090000152587891,6.480000019073486,6.039999961853027,6.409999847412109,23335156.0
2021-10-06,6.670000076293945,6.670000076293945,6.409999847412109,6.519999980926514,19399097.0
2021-10-07,6.510000228881836,6.869999885559082,6.400000095367432,6.730000019073486,28805515.0
2021-10-08,6.679999828338623,6.699999809265137,5.78000020980835,5.860000133514404,73032684.0
2021-10-11,6.070000171661377,6.139999866485596,5.820000171661377,5.96999979019165,28523254.0
2021-10-12,6.090000152587891,6.349999904632568,6.0,6.260000228881836,50138842.0
2021-10-15,5.610000133514404,5.800000190734863,5.269999980926514,5.650000095367432,120278225.0
2021-10-18,5.659999847412109,6.0,5.599999904632568,5.96999979019165,44953462.0
2021-10-19,5.980000019073486,6.210000038146973,5.840000152587891,5.849999904632568,46527511.0
2021-10-20,5.380000114440918,5.570000171661377,5.349999904632568,5.510000228881836,51172610.0
2021-10-21,5.590000152587891,5.809999942779541,5.53000020980835,5.539999961853027,48825500.0
2021-10-22,5.570000171661377,5.650000095367432,5.320000171661377,5.360000133514404,43729000.0
2021-10-25,5.429999828338623,5.550000190734863,5.320000171661377,5.400000095367432,18631189.0
2021-10-26,5.449999809265137,5.449999809265137,5.170000076293945,5.260000228881836,33045729.0
2021-10-27,5.260000228881836,5.260000228881836,4.980000019073486,5.079999923706055,45166560.0
2021-10-28,4.980000019073486,4.980000019073486,4.550000190734863,4.820000171661377,57267729.0
2021-10-29,4.820000171661377,4.869999885559082,4.639999866485596,4.739999771118164,28310796.0
2021-11-01,4.679999828338623,4.840000152587891,4.570000171661377,4.800000190734863,22931204.0
2021-11-02,4.889999866485596,4.889999866485596,4.5,4.610000133514404,21161900.0
2021-11-03,4.579999923706055,4.800000190734863,4.579999923706055,4.730000019073486,21698500.0
2021-11-04,4.75,4.800000190734863,4.610000133514404,4.710000038146973,15106890.0
2021-11-05,4.639999866485596,4.659999847412109,4.409999847412109,4.489999771118164,25667292.0
2021-11-08,4.489999771118164,4.599999904632568,4.440000057220459,4.559999942779541,14730000.0
2021-11-09,4.480000019073486,4.53000020980835,4.409999847412109,4.489999771118164,13622000.0
2021-11-10,4.449999809265137,4.480000019073486,4.300000190734863,4.449999809265137,20891100.0
2021-11-11,4.440000057220459,4.489999771118164,4.389999866485596,4.449999809265137,28178381.0
2021-11-12,4.519999980926514,4.519999980926514,4.260000228881836,4.28000020980835,29046100.0
2021-11-15,4.230000019073486,4.340000152587891,4.170000076293945,4.309999942779541,20928400.0
2021-11-16,4.320000171661377,4.349999904632568,4.260000228881836,4.329999923706055,10450260.0
2021-11-17,4.320000171661377,4.320000171661377,4.179999828338623,4.190000057220459,24481790.0
2021-11-18,4.230000019073486,4.329999923706055,4.119999885559082,4.150000095367432,23975864.0
2021-11-19,4.150000095367432,4.210000038146973,4.119999885559082,4.179999828338623,15320000.0
2021-11-22,4.179999828338623,4.269999980926514,4.059999942779541,4.090000152587891,28934119.0
2021-11-23,4.079999923706055,4.269999980926514,4.059999942779541,4.190000057220459,22579000.0
2021-11-24,4.210000038146973,4.28000020980835,4.119999885559082,4.260000228881836,28740000.0
2021-11-25,4.300000190734863,4.369999885559082,4.090000152587891,4.130000114440918,28499189.0
2021-11-26,4.099999904632568,4.190000057220459,4.03000020980835,4.059999942779541,21988460.0
2021-11-29,4.039999961853027,4.179999828338623,3.9600000381469727,4.070000171661377,21772460.0
2021-11-30,4.099999904632568,4.179999828338623,3.9200000762939453,3.9200000762939453,202525251.0
2021-12-01,3.9600000381469727,4.199999809265137,3.940000057220459,4.150000095367432,24594019.0
2021-12-02,4.130000114440918,4.230000019073486,4.090000152587891,4.190000057220459,28373036.0
2021-12-03,4.190000057220459,4.590000152587891,4.110000133514404,4.46999979019165,56335876.0
2021-12-06,4.5,4.630000114440918,4.420000076293945,4.420000076293945,28239843.0
2021-12-07,4.519999980926514,4.570000171661377,4.409999847412109,4.5,26494396.0
2021-12-08,4.5,4.599999904632568,4.460000038146973,4.590000152587891,21691354.0
2021-12-09,4.590000152587891,4.639999866485596,4.519999980926514,4.630000114440918,19214730.0
2021-12-10,4.670000076293945,4.670000076293945,4.440000057220459,4.480000019073486,18560582.0
2021-12-13,4.539999961853027,4.570000171661377,4.440000057220459,4.519999980926514,17254162.0
2021-12-14,4.510000228881836,4.510000228881836,4.320000171661377,4.380000114440918,15913948.0
2021-12-15,4.380000114440918,4.519999980926514,4.349999904632568,4.480000019073486,14203056.0
2021-12-16,4.480000019073486,5.03000020980835,4.480000019073486,5.019999980926514,95076500.0
2021-12-17,5.099999904632568,5.179999828338623,4.809999942779541,4.809999942779541,61884345.0
2021-12-20,4.840000152587891,4.949999809265137,4.690000057220459,4.730000019073486,22228552.0
2021-12-21,4.730000019073486,4.849999904632568,4.639999866485596,4.710000038146973,19220240.0
2021-12-22,4.760000228881836,4.909999847412109,4.739999771118164,4.869999885559082,19737379.0
2021-12-23,4.849999904632568,4.980000019073486,4.849999904632568,4.920000076293945,13553110.0
2021-12-24,4.929999828338623,4.949999809265137,4.809999942779541,4.840000152587891,4987000.0
2021-12-28,4.789999961853027,4.800000190734863,4.519999980926514,4.559999942779541,21739000.0
2021-12-29,4.579999923706055,4.610000133514404,4.5,4.53000020980835,3735840.0
2021-12-30,4.53000020980835,4.550000190734863,4.460000038146973,4.510000228881836,4923578.0
2021-12-31,4.550000190734863,4.550000190734863,4.449999809265137,4.5,3793069.0
2022-01-03,4.610000133514404,4.800000190734863,4.610000133514404,4.730000019073486,9080000.0
2022-01-04,4.730000019073486,4.78000020980835,4.539999961853027,4.570000171661377,16481000.0
2022-01-05,4.590000152587891,4.699999809265137,4.510000228881836,4.639999866485596,12488280.0
2022-01-06,4.630000114440918,4.630000114440918,4.46999979019165,4.599999904632568,15133039.0
2022-01-07,4.599999904632568,4.760000228881836,4.550000190734863,4.699999809265137,14809802.0
2022-01-10,4.699999809265137,4.889999866485596,4.670000076293945,4.880000114440918,25561677.0
2022-01-11,4.840000152587891,4.940000057220459,4.820000171661377,4.860000133514404,16133223.0
2022-01-12,4.860000133514404,4.940000057220459,4.789999961853027,4.920000076293945,12918971.0
2022-01-13,4.920000076293945,5.110000133514404,4.920000076293945,5.010000228881836,31883154.0
2022-01-14,4.96999979019165,5.039999961853027,4.860000133514404,4.949999809265137,16598000.0
2022-01-17,4.579999923706055,4.75,4.550000190734863,4.619999885559082,38744006.0
2022-01-18,4.619999885559082,4.789999961853027,4.579999923706055,4.690000057220459,38037734.0
2022-01-19,4.690000057220459,4.869999885559082,4.650000095367432,4.690000057220459,45399599.0
2022-01-20,4.699999809265137,4.840000152587891,4.650000095367432,4.800000190734863,32447191.0
2022-01-21,4.809999942779541,4.900000095367432,4.739999771118164,4.900000095367432,23414071.0
2022-01-24,4.900000095367432,4.949999809265137,4.739999771118164,4.909999847412109,21579721.0
2022-01-25,4.880000114440918,4.880000114440918,4.630000114440918,4.679999828338623,18675250.0
2022-01-26,4.679999828338623,4.739999771118164,4.639999866485596,4.659999847412109,8328639.0
2022-01-27,4.659999847412109,4.710000038146973,4.539999961853027,4.590000152587891,9412000.0
2022-01-28,4.570000171661377,4.610000133514404,4.340000152587891,4.46999979019165,13888285.0
2022-01-31,4.329999923706055,4.329999923706055,4.329999923706055,4.329999923706055,0.0
2022-02-04,4.46999979019165,4.599999904632568,4.409999847412109,4.559999942779541,6649418.0
2022-02-07,4.559999942779541,4.769999980926514,4.53000020980835,4.739999771118164,22540213.0
2022-02-08,4.789999961853027,4.929999828338623,4.789999961853027,4.909999847412109,30100216.0
2022-02-09,4.960000038146973,5.090000152587891,4.880000114440918,4.929999828338623,43385416.0
2022-02-10,4.960000038146973,5.070000171661377,4.900000095367432,5.050000190734863,25825888.0
2022-02-11,5.03000020980835,5.25,5.0,5.099999904632568,29406898.0
2022-02-14,5.050000190734863,5.199999809265137,5.039999961853027,5.090000152587891,21445400.0
2022-02-15,5.090000152587891,5.099999904632568,4.860000133514404,4.880000114440918,16366076.0
2022-02-16,4.949999809265137,5.03000020980835,4.920000076293945,4.989999771118164,11840959.0
2022-02-17,4.96999979019165,5.050000190734863,4.909999847412109,4.980000019073486,10931678.0
2022-02-18,5.019999980926514,5.170000076293945,4.949999809265137,5.119999885559082,28089221.0
2022-02-21,5.139999866485596,5.369999885559082,5.090000152587891,5.349999904632568,37449376.0
2022-02-22,5.300000190734863,5.440000057220459,5.159999847412109,5.21999979019165,24173665.0
2022-02-23,5.300000190734863,5.300000190734863,5.010000228881836,5.050000190734863,24274751.0
2022-02-24,5.010000228881836,5.090000152587891,4.880000114440918,4.980000019073486,20807364.0
2022-02-25,4.980000019073486,5.03000020980835,4.599999904632568,4.679999828338623,42943084.0
2022-02-28,4.71999979019165,4.869999885559082,4.690000057220459,4.869999885559082,37585035.0
2022-03-01,4.880000114440918,5.019999980926514,4.800000190734863,4.989999771118164,26758607.0
2022-03-02,5.079999923706055,5.190000057220459,5.070000171661377,5.130000114440918,27655264.0
2022-03-03,5.130000114440918,5.559999942779541,5.130000114440918,5.550000190734863,61817084.0
2022-03-04,5.630000114440918,5.699999809265137,5.409999847412109,5.579999923706055,46432485.0
2022-03-07,5.789999961853027,5.900000095367432,5.46999979019165,5.539999961853027,43906254.0
2022-03-08,5.489999771118164,5.559999942779541,5.090000152587891,5.119999885559082,30646131.0
2022-03-09,5.159999847412109,5.360000133514404,4.960000038146973,5.199999809265137,30744084.0
2022-03-10,5.079999923706055,5.239999771118164,5.019999980926514,5.159999847412109,12706500.0
2022-03-11,5.199999809265137,5.199999809265137,4.900000095367432,4.960000038146973,32428847.0
2022-03-14,4.929999828338623,4.989999771118164,4.53000020980835,4.590000152587891,39587417.0
2022-03-15,4.579999923706055,4.579999923706055,4.110000133514404,4.179999828338623,44265465.0
2022-03-16,4.309999942779541,4.460000038146973,4.139999866485596,4.389999866485596,44709834.0
2022-03-17,4.550000190734863,4.78000020980835,4.369999885559082,4.760000228881836,39283003.0
2022-03-18,4.71999979019165,4.949999809265137,4.650000095367432,4.909999847412109,28794003.0
2022-03-21,4.96999979019165,5.260000228881836,4.909999847412109,5.050000190734863,28873173.0
2022-03-22,5.099999904632568,5.46999979019165,5.079999923706055,5.460000038146973,33690577.0
2022-03-23,5.5,5.5,5.309999942779541,5.46999979019165,23116356.0
2022-03-24,5.46999979019165,5.730000019073486,5.46999979019165,5.630000114440918,20001391.0
2022-03-25,5.630000114440918,5.730000019073486,5.409999847412109,5.46999979019165,29589334.0
2022-03-28,5.570000171661377,5.840000152587891,5.5,5.829999923706055,35509924.0
2022-03-29,5.75,6.0,5.659999847412109,5.960000038146973,31944000.0
2022-03-30,5.909999847412109,6.0,5.71999979019165,5.849999904632568,20359896.0
2022-03-31,5.760000228881836,6.0,5.760000228881836,5.889999866485596,16066847.0
2022-04-01,5.889999866485596,6.03000020980835,5.820000171661377,5.96999979019165,15157561.0
2022-04-04,6.0,6.010000228881836,5.829999923706055,5.920000076293945,8890470.0
2022-04-06,5.869999885559082,5.949999809265137,5.690000057220459,5.869999885559082,20011491.0
2022-04-07,5.809999942779541,5.96999979019165,5.75,5.769999980926514,18682758.0
2022-04-08,5.840000152587891,6.050000190734863,5.800000190734863,6.0,31154069.0
2022-04-11,6.0,6.059999942779541,5.840000152587891,5.920000076293945,13345977.0
2022-04-12,6.659999847412109,6.989999771118164,6.550000190734863,6.75,84982717.0
2022-04-13,6.769999980926514,7.269999980926514,6.650000095367432,7.139999866485596,72114261.0
2022-04-14,7.21999979019165,7.5,7.039999961853027,7.360000133514404,58450891.0
2022-04-19,7.099999904632568,7.300000190734863,6.949999809265137,7.159999847412109,34750786.0
2022-04-20,7.019999980926514,7.110000133514404,6.619999885559082,6.639999866485596,47431387.0
2022-04-21,6.659999847412109,6.820000171661377,6.400000095367432,6.449999809265137,45878554.0
2022-04-22,6.289999961853027,6.599999904632568,6.260000228881836,6.590000152587891,25907162.0
2022-04-25,6.369999885559082,6.369999885559082,6.050000190734863,6.119999885559082,32239228.0
2022-04-26,6.199999809265137,6.199999809265137,5.949999809265137,6.039999961853027,23621172.0
2022-04-27,6.050000190734863,6.309999942779541,6.010000228881836,6.25,23155387.0
2022-04-28,6.5,6.909999847412109,6.349999904632568,6.889999866485596,32403943.0
2022-04-29,6.96999979019165,6.96999979019165,6.53000020980835,6.690000057220459,19952769.0
2022-05-03,6.610000133514404,6.78000020980835,6.559999942779541,6.639999866485596,10048311.0
2022-05-04,6.75,6.75,6.460000038146973,6.570000171661377,7064040.0
2022-05-05,6.639999866485596,6.800000190734863,6.5,6.610000133514404,16433584.0
2022-05-06,6.420000076293945,6.639999866485596,6.380000114440918,6.400000095367432,18431605.0
2022-05-10,6.099999904632568,6.099999904632568,5.860000133514404,6.079999923706055,24880935.0
2022-05-11,6.079999923706055,6.300000190734863,6.010000228881836,6.199999809265137,15069572.0
2022-05-12,6.199999809265137,6.320000171661377,5.929999828338623,6.010000228881836,21219933.0
2022-05-13,6.019999980926514,6.429999828338623,6.019999980926514,6.340000152587891,18122272.0
2022-05-16,6.409999847412109,6.489999771118164,6.340000152587891,6.400000095367432,8459532.0
2022-05-17,6.360000133514404,6.550000190734863,6.309999942779541,6.409999847412109,12524397.0
2022-05-18,6.46999979019165,6.46999979019165,6.309999942779541,6.389999866485596,10767471.0
2022-05-19,6.199999809265137,6.409999847412109,6.190000057220459,6.269999980926514,13801768.0
2022-05-20,6.320000171661377,6.730000019073486,6.320000171661377,6.650000095367432,24446287.0
2022-05-23,6.650000095367432,6.980000019073486,6.650000095367432,6.800000190734863,29760579.0
2022-05-24,6.75,7.099999904632568,6.75,6.889999866485596,24829316.0
2022-05-25,7.0,7.130000114440918,6.820000171661377,7.110000133514404,25537123.0
2022-05-26,7.110000133514404,7.239999771118164,6.96999979019165,7.159999847412109,16648391.0
2022-05-27,7.239999771118164,7.409999847412109,7.159999847412109,7.289999961853027,22803740.0
2022-05-30,7.400000095367432,7.400000095367432,7.059999942779541,7.110000133514404,13672479.0
2022-05-31,7.099999904632568,7.320000171661377,7.079999923706055,7.199999809265137,24010718.0
2022-06-01,7.199999809265137,7.389999866485596,7.099999904632568,7.380000114440918,14844397.0
2022-06-02,7.380000114440918,7.409999847412109,7.239999771118164,7.269999980926514,11617020.0
2022-06-06,7.269999980926514,7.400000095367432,7.139999866485596,7.380000114440918,19857819.0
2022-06-07,7.389999866485596,7.599999904632568,7.269999980926514,7.449999809265137,14712596.0
2022-06-08,7.5,7.989999771118164,7.5,7.960000038146973,30474331.0
2022-06-09,7.960000038146973,8.100000381469727,7.809999942779541,7.889999866485596,18274696.0
2022-06-10,7.869999885559082,7.989999771118164,7.75,7.849999904632568,17354576.0
2022-06-13,7.800000190734863,7.860000133514404,7.590000152587891,7.78000020980835,12607813.0
2022-06-14,7.610000133514404,7.949999809265137,7.599999904632568,7.829999923706055,18637377.0
2022-06-15,7.760000228881836,8.0600004196167,7.679999828338623,7.710000038146973,14103463.0
2022-06-16,7.739999771118164,7.75,7.159999847412109,7.239999771118164,21655991.0
2022-06-17,6.75,6.980000019073486,6.679999828338623,6.800000190734863,15240456.0
2022-06-20,6.699999809265137,6.699999809265137,6.21999979019165,6.340000152587891,29993902.0
2022-06-21,6.380000114440918,6.510000228881836,6.300000190734863,6.440000057220459,12529870.0
2022-06-22,6.460000038146973,6.550000190734863,6.210000038146973,6.269999980926514,22024152.0
2022-06-23,6.460000038146973,6.460000038146973,6.239999771118164,6.449999809265137,11248300.0
2022-06-24,6.400000095367432,6.460000038146973,6.260000228881836,6.289999961853027,12962754.0
2022-06-27,6.369999885559082,6.639999866485596,6.329999923706055,6.590000152587891,13103037.0
2022-06-28,6.630000114440918,7.010000228881836,6.619999885559082,6.860000133514404,22794363.0
2022-06-29,6.869999885559082,7.0,6.690000057220459,6.710000038146973,12126100.0
2022-06-30,6.699999809265137,6.800000190734863,6.630000114440918,6.650000095367432,9344061.0
2022-07-04,6.630000114440918,6.78000020980835,6.5,6.650000095367432,11674781.0
2022-07-05,6.679999828338623,6.980000019073486,6.679999828338623,6.860000133514404,10193000.0
2022-07-06,6.769999980926514,6.769999980926514,6.239999771118164,6.389999866485596,24992039.0
2022-07-07,6.320000171661377,6.480000019073486,6.21999979019165,6.480000019073486,13623968.0
2022-07-08,6.550000190734863,6.71999979019165,6.519999980926514,6.559999942779541,17455354.0
2022-07-11,6.559999942779541,6.559999942779541,6.369999885559082,6.5,7147653.0
2022-07-12,6.409999847412109,6.559999942779541,6.409999847412109,6.460000038146973,11333352.0
2022-07-13,6.400000095367432,6.420000076293945,6.25,6.329999923706055,16299268.0
2022-07-14,6.389999866485596,6.440000057220459,6.099999904632568,6.260000228881836,23047070.0
2022-07-15,6.260000228881836,6.409999847412109,6.010000228881836,6.090000152587891,32917040.0
2022-07-18,6.139999866485596,6.409999847412109,6.139999866485596,6.400000095367432,13981945.0
2022-07-19,6.349999904632568,6.460000038146973,6.329999923706055,6.440000057220459,11274932.0
2022-07-20,6.440000057220459,6.489999771118164,6.369999885559082,6.389999866485596,6505401.0
2022-07-21,6.360000133514404,6.429999828338623,6.050000190734863,6.119999885559082,14590672.0
2022-07-22,6.150000095367432,6.179999828338623,5.989999771118164,6.099999904632568,9094050.0
2022-07-25,6.059999942779541,6.170000076293945,6.019999980926514,6.079999923706055,9661335.0
2022-07-26,6.099999904632568,6.320000171661377,6.079999923706055,6.309999942779541,11781034.0
2022-07-27,6.300000190734863,6.340000152587891,6.179999828338623,6.260000228881836,6907860.0
2022-07-28,6.309999942779541,6.389999866485596,6.179999828338623,6.340000152587891,8743190.0
2022-07-29,6.360000133514404,6.389999866485596,6.099999904632568,6.099999904632568,9547146.0
2022-08-01,6.170000076293945,6.170000076293945,6.010000228881836,6.079999923706055,8216544.0
2022-08-02,5.929999828338623,6.019999980926514,5.860000133514404,5.949999809265137,11558763.0
2022-08-03,5.920000076293945,6.03000020980835,5.880000114440918,5.960000038146973,6965216.0
2022-08-04,5.949999809265137,6.059999942779541,5.920000076293945,5.989999771118164,4367969.0
2022-08-05,5.989999771118164,5.989999771118164,5.800000190734863,5.840000152587891,8071803.0
2022-08-08,5.829999923706055,6.059999942779541,5.809999942779541,6.0,7450912.0
2022-08-09,6.050000190734863,6.400000095367432,6.0,6.329999923706055,20220329.0
2022-08-10,6.329999923706055,6.429999828338623,6.199999809265137,6.230000019073486,7181293.0
2022-08-11,6.329999923706055,6.510000228881836,6.300000190734863,6.409999847412109,12512621.0
2022-08-12,6.480000019073486,6.639999866485596,6.400000095367432,6.519999980926514,21627000.0
2022-08-15,6.519999980926514,6.650000095367432,6.380000114440918,6.389999866485596,24541000.0
2022-08-16,6.389999866485596,6.420000076293945,6.269999980926514,6.380000114440918,11879448.0
2022-08-17,6.380000114440918,6.5,6.360000133514404,6.420000076293945,12482721.0
2022-08-18,6.420000076293945,6.559999942779541,6.289999961853027,6.300000190734863,7321097.0
2022-08-19,6.389999866485596,6.630000114440918,6.340000152587891,6.610000133514404,14273523.0
2022-08-22,6.599999904632568,6.929999828338623,6.539999961853027,6.800000190734863,19080940.0
2022-08-23,6.820000171661377,7.039999961853027,6.75,7.019999980926514,19630200.0
2022-08-24,7.059999942779541,7.150000095367432,6.869999885559082,6.949999809265137,10106242.0
2022-08-25,7.039999961853027,7.400000095367432,7.039999961853027,7.349999904632568,18648700.0
2022-08-26,7.409999847412109,7.429999828338623,7.130000114440918,7.21999979019165,16028457.0
2022-08-29,7.190000057220459,7.630000114440918,7.079999923706055,7.610000133514404,26663000.0
2022-08-30,7.619999885559082,7.639999866485596,7.190000057220459,7.260000228881836,20618889.0
2022-08-31,7.090000152587891,7.170000076293945,6.980000019073486,7.010000228881836,27815234.0
2022-09-01,7.010000228881836,7.320000171661377,6.980000019073486,7.170000076293945,20668157.0
2022-09-02,7.179999828338623,7.239999771118164,7.0,7.099999904632568,11885000.0
2022-09-05,7.099999904632568,7.690000057220459,7.099999904632568,7.690000057220459,34353672.0
2022-09-06,7.699999809265137,7.800000190734863,7.599999904632568,7.730000019073486,18080554.0
2022-09-07,7.75,7.829999923706055,7.619999885559082,7.670000076293945,16384372.0
2022-09-08,7.630000114440918,7.670000076293945,7.449999809265137,7.5,17501942.0
2022-09-09,7.5,7.690000057220459,7.460000038146973,7.570000171661377,10155396.0
2022-09-13,7.630000114440918,7.690000057220459,7.380000114440918,7.440000057220459,17746295.0
2022-09-14,7.389999866485596,7.46999979019165,7.300000190734863,7.389999866485596,12025020.0
2022-09-15,7.460000038146973,7.590000152587891,7.25,7.349999904632568,17093580.0
2022-09-16,7.289999961853027,7.369999885559082,7.019999980926514,7.070000171661377,23162905.0
2022-09-19,7.039999961853027,7.269999980926514,6.96999979019165,7.110000133514404,14010187.0
2022-09-20,7.130000114440918,7.360000133514404,7.059999942779541,7.340000152587891,25189924.0
2022-09-21,7.320000171661377,7.579999923706055,7.260000228881836,7.519999980926514,20099018.0
2022-09-22,7.409999847412109,7.989999771118164,7.369999885559082,7.920000076293945,32999285.0
2022-09-23,7.900000095367432,8.130000114440918,7.579999923706055,7.659999847412109,42992340.0
2022-09-26,7.519999980926514,7.610000133514404,7.159999847412109,7.21999979019165,29211604.0
2022-09-27,7.119999885559082,7.300000190734863,7.050000190734863,7.179999828338623,17253352.0
2022-09-28,7.199999809265137,7.300000190734863,6.909999847412109,6.920000076293945,17114507.0
2022-09-29,7.050000190734863,7.320000171661377,7.050000190734863,7.090000152587891,9063253.0
2022-09-30,7.059999942779541,7.300000190734863,7.059999942779541,7.119999885559082,12145593.0
2022-10-03,7.119999885559082,7.190000057220459,7.010000228881836,7.190000057220459,5476703.0
2022-10-05,7.420000076293945,7.829999923706055,7.349999904632568,7.800000190734863,16057468.0
2022-10-06,7.800000190734863,8.039999961853027,7.75,7.920000076293945,11782379.0
2022-10-07,7.920000076293945,8.0,7.78000020980835,7.829999923706055,7003000.0
2022-10-10,7.659999847412109,7.849999904632568,7.579999923706055,7.670000076293945,25619691.0
2022-10-11,7.679999828338623,7.760000228881836,7.460000038146973,7.599999904632568,13090185.0
2022-10-12,7.519999980926514,7.679999828338623,7.449999809265137,7.579999923706055,19358532.0
2022-10-13,7.619999885559082,7.619999885559082,7.010000228881836,7.110000133514404,31398610.0
2022-10-14,7.21999979019165,7.230000019073486,6.929999828338623,6.96999979019165,28715636.0
2022-10-17,6.929999828338623,6.940000057220459,6.599999904632568,6.869999885559082,15082266.0
2022-10-18,6.949999809265137,6.96999979019165,6.760000228881836,6.829999923706055,8758300.0
2022-10-19,6.849999904632568,7.050000190734863,6.730000019073486,6.829999923706055,17032257.0
2022-10-20,6.829999923706055,6.829999923706055,6.670000076293945,6.730000019073486,10444899.0
2022-10-21,6.730000019073486,6.869999885559082,6.699999809265137,6.800000190734863,10005073.0
2022-10-24,6.800000190734863,6.800000190734863,6.28000020980835,6.340000152587891,24301046.0
2022-10-25,6.400000095367432,6.579999923706055,6.320000171661377,6.550000190734863,20785573.0
2022-10-26,6.579999923706055,6.590000152587891,6.28000020980835,6.360000133514404,15251195.0
2022-10-27,6.349999904632568,6.53000020980835,6.349999904632568,6.360000133514404,11490268.0
2022-10-28,6.349999904632568,6.449999809265137,6.099999904632568,6.139999866485596,18890358.0
2022-10-31,6.159999847412109,6.159999847412109,5.71999979019165,5.78000020980835,24807051.0
2022-11-01,5.809999942779541,6.010000228881836,5.699999809265137,5.960000038146973,15322949.0
2022-11-02,5.960000038146973,6.130000114440918,5.860000133514404,6.059999942779541,16035054.0
2022-11-03,6.039999961853027,6.059999942779541,5.909999847412109,5.96999979019165,10903826.0
2022-11-04,5.980000019073486,6.300000190734863,5.980000019073486,6.230000019073486,14438869.0
2022-11-07,6.269999980926514,6.449999809265137,6.230000019073486,6.389999866485596,9583724.0
2022-11-08,6.369999885559082,6.440000057220459,6.260000228881836,6.309999942779541,7621000.0
2022-11-09,6.28000020980835,6.429999828338623,6.21999979019165,6.269999980926514,15074351.0
2022-11-10,6.25,6.269999980926514,6.010000228881836,6.260000228881836,9449649.0
2022-11-11,6.400000095367432,6.46999979019165,6.260000228881836,6.429999828338623,14446005.0
2022-11-14,6.460000038146973,6.599999904632568,6.329999923706055,6.389999866485596,17667613.0
2022-11-15,6.409999847412109,6.619999885559082,6.369999885559082,6.53000020980835,14348073.0
2022-11-16,6.5,6.619999885559082,6.489999771118164,6.590000152587891,10300476.0
2022-11-17,6.519999980926514,6.559999942779541,6.239999771118164,6.369999885559082,16362834.0
2022-11-18,6.389999866485596,6.480000019073486,6.300000190734863,6.389999866485596,14798556.0
2022-11-21,6.320000171661377,6.340000152587891,6.230000019073486,6.300000190734863,6635199.0
2022-11-22,6.269999980926514,6.599999904632568,6.269999980926514,6.46999979019165,11407722.0
2022-11-23,6.570000171661377,6.860000133514404,6.570000171661377,6.75,22143144.0
2022-11-24,6.75,6.829999923706055,6.610000133514404,6.699999809265137,12401500.0
2022-11-25,6.699999809265137,6.929999828338623,6.639999866485596,6.920000076293945,18467734.0
2022-11-28,6.800000190734863,6.829999923706055,6.639999866485596,6.659999847412109,16372072.0
2022-11-29,6.730000019073486,6.989999771118164,6.710000038146973,6.960000038146973,17680065.0
2022-11-30,6.880000114440918,7.190000057220459,6.860000133514404,7.159999847412109,37646647.0
2022-12-01,7.190000057220459,7.25,7.039999961853027,7.119999885559082,19089385.0
2022-12-02,7.150000095367432,7.150000095367432,6.769999980926514,6.800000190734863,18131005.0
2022-12-05,6.860000133514404,7.059999942779541,6.820000171661377,7.03000020980835,13700587.0
2022-12-06,6.989999771118164,7.050000190734863,6.920000076293945,7.019999980926514,15173476.0
2022-12-07,6.960000038146973,7.039999961853027,6.739999771118164,6.739999771118164,12892900.0
2022-12-08,6.739999771118164,6.820000171661377,6.619999885559082,6.679999828338623,9285500.0
2022-12-09,6.710000038146973,6.769999980926514,6.639999866485596,6.670000076293945,10608530.0
2022-12-12,6.639999866485596,6.730000019073486,6.590000152587891,6.730000019073486,8140726.0
2022-12-13,6.730000019073486,6.769999980926514,6.639999866485596,6.679999828338623,6751024.0
2022-12-14,6.769999980926514,6.929999828338623,6.699999809265137,6.860000133514404,8180936.0
2022-12-15,6.860000133514404,6.940000057220459,6.650000095367432,6.71999979019165,7561715.0
2022-12-16,6.75,6.900000095367432,6.670000076293945,6.809999942779541,14119385.0
2022-12-19,6.739999771118164,6.809999942779541,6.519999980926514,6.610000133514404,14026860.0
2022-12-20,6.599999904632568,6.71999979019165,6.559999942779541,6.639999866485596,6768958.0
2022-12-21,6.639999866485596,6.71999979019165,6.550000190734863,6.639999866485596,3695503.0
2022-12-22,6.679999828338623,6.699999809265137,6.420000076293945,6.480000019073486,7401500.0
2022-12-23,6.480000019073486,6.5,6.349999904632568,6.369999885559082,7160048.0
2022-12-28,6.420000076293945,6.590000152587891,6.420000076293945,6.5,10268000.0
2022-12-29,6.480000019073486,6.480000019073486,6.320000171661377,6.340000152587891,6314000.0
2022-12-30,6.389999866485596,6.449999809265137,6.289999961853027,6.349999904632568,8208974.0
2023-01-03,6.289999961853027,6.480000019073486,6.239999771118164,6.440000057220459,8927903.0
2023-01-04,6.440000057220459,6.460000038146973,6.199999809265137,6.210000038146973,16469310.0
2023-01-05,6.239999771118164,6.260000228881836,6.079999923706055,6.21999979019165,12893261.0
2023-01-06,6.21999979019165,6.28000020980835,6.179999828338623,6.179999828338623,13930029.0
2023-01-09,6.21999979019165,6.309999942779541,6.119999885559082,6.28000020980835,18109434.0
2023-01-10,6.25,6.309999942779541,6.179999828338623,6.260000228881836,8760332.0
2023-01-11,6.239999771118164,6.650000095367432,6.239999771118164,6.559999942779541,23271613.0
2023-01-12,6.630000114440918,6.630000114440918,6.46999979019165,6.570000171661377,12643593.0
2023-01-13,6.570000171661377,6.769999980926514,6.570000171661377,6.619999885559082,15696001.0
2023-01-16,6.679999828338623,6.699999809265137,6.599999904632568,6.630000114440918,6710000.0
2023-01-17,6.630000114440918,6.630000114440918,6.440000057220459,6.46999979019165,10771450.0
2023-01-18,6.480000019073486,6.570000171661377,6.420000076293945,6.46999979019165,9267000.0
2023-01-19,6.440000057220459,6.510000228881836,6.309999942779541,6.349999904632568,8825120.0
2023-01-20,6.349999904632568,6.610000133514404,6.349999904632568,6.610000133514404,16595514.0
2023-01-26,6.599999904632568,6.679999828338623,6.489999771118164,6.539999961853027,7930165.0
2023-01-27,6.539999961853027,6.579999923706055,6.420000076293945,6.5,6690000.0
2023-01-30,6.519999980926514,6.599999904632568,6.340000152587891,6.349999904632568,11561670.0
2023-01-31,6.309999942779541,6.329999923706055,6.199999809265137,6.269999980926514,21446676.0
2023-02-01,6.21999979019165,6.340000152587891,6.159999847412109,6.340000152587891,18850235.0
2023-02-02,6.349999904632568,6.380000114440918,6.25,6.300000190734863,14633000.0
2023-02-03,6.269999980926514,6.289999961853027,6.079999923706055,6.110000133514404,20834059.0
2023-02-06,6.099999904632568,6.099999904632568,6.0,6.039999961853027,14705472.0
2023-02-07,6.059999942779541,6.159999847412109,6.03000020980835,6.119999885559082,17772834.0
2023-02-08,6.110000133514404,6.269999980926514,6.059999942779541,6.099999904632568,10239651.0
2023-02-09,6.099999904632568,6.099999904632568,5.980000019073486,6.0,17724178.0
2023-02-10,6.0,6.019999980926514,5.889999866485596,5.960000038146973,18615998.0
2023-02-13,5.960000038146973,6.010000228881836,5.909999847412109,5.989999771118164,10295962.0
2023-02-14,5.980000019073486,6.099999904632568,5.929999828338623,6.070000171661377,9432549.0
2023-02-15,6.070000171661377,6.090000152587891,5.900000095367432,5.929999828338623,16994088.0
2023-02-16,5.940000057220459,6.070000171661377,5.900000095367432,5.949999809265137,9351026.0
2023-02-17,5.949999809265137,6.119999885559082,5.949999809265137,6.079999923706055,13508131.0
2023-02-20,6.019999980926514,6.239999771118164,6.019999980926514,6.170000076293945,14440070.0
2023-02-21,6.170000076293945,6.349999904632568,6.159999847412109,6.309999942779541,15457000.0
2023-02-22,6.309999942779541,6.340000152587891,6.25,6.320000171661377,13465369.0
2023-02-23,6.480000019073486,6.550000190734863,6.400000095367432,6.440000057220459,22136690.0
2023-02-24,6.46999979019165,6.46999979019165,6.28000020980835,6.289999961853027,14060800.0
2023-02-27,6.300000190734863,6.420000076293945,6.210000038146973,6.21999979019165,9220000.0
2023-02-28,6.21999979019165,6.28000020980835,6.059999942779541,6.070000171661377,12693000.0
2023-03-01,6.21999979019165,6.25,6.110000133514404,6.230000019073486,9968478.0
2023-03-02,6.239999771118164,6.320000171661377,6.199999809265137,6.289999961853027,5245657.0
2023-03-03,6.340000152587891,6.400000095367432,6.239999771118164,6.360000133514404,7513150.0
2023-03-06,6.369999885559082,6.449999809265137,6.300000190734863,6.429999828338623,20268876.0
2023-03-07,6.400000095367432,6.670000076293945,6.389999866485596,6.579999923706055,32677969.0
2023-03-08,6.510000228881836,6.510000228881836,6.260000228881836,6.309999942779541,21645000.0
2023-03-09,6.260000228881836,6.420000076293945,6.190000057220459,6.210000038146973,11398801.0
2023-03-10,6.199999809265137,6.199999809265137,6.079999923706055,6.139999866485596,14254446.0
2023-03-13,6.099999904632568,6.360000133514404,6.099999904632568,6.329999923706055,13555560.0
2023-03-14,6.28000020980835,6.449999809265137,6.260000228881836,6.289999961853027,14231390.0
2023-03-15,6.309999942779541,6.400000095367432,6.269999980926514,6.369999885559082,10762123.0
2023-03-16,6.289999961853027,6.289999961853027,6.070000171661377,6.110000133514404,18018000.0
2023-03-17,6.159999847412109,6.340000152587891,6.139999866485596,6.269999980926514,17966606.0
2023-03-20,6.21999979019165,6.369999885559082,6.21999979019165,6.309999942779541,17451182.0
2023-03-21,6.320000171661377,6.340000152587891,6.199999809265137,6.300000190734863,11577534.0
2023-03-22,6.329999923706055,6.429999828338623,6.269999980926514,6.380000114440918,11698534.0
2023-03-23,6.389999866485596,6.519999980926514,6.360000133514404,6.460000038146973,12013330.0
2023-03-24,6.300000190734863,6.300000190734863,5.900000095367432,5.909999847412109,67818010.0
2023-03-27,5.949999809265137,6.050000190734863,5.849999904632568,5.880000114440918,39869000.0
2023-03-28,5.949999809265137,5.980000019073486,5.849999904632568,5.889999866485596,11336000.0
2023-03-29,5.929999828338623,5.940000057220459,5.800000190734863,5.829999923706055,19400166.0
2023-03-30,5.900000095367432,6.039999961853027,5.78000020980835,6.019999980926514,40136070.0
2023-03-31,6.039999961853027,6.039999961853027,5.920000076293945,5.949999809265137,17131550.0
2023-04-03,6.039999961853027,6.090000152587891,5.929999828338623,5.960000038146973,23530000.0
2023-04-04,6.010000228881836,6.059999942779541,5.949999809265137,6.0,11875125.0
2023-04-06,5.96999979019165,5.989999771118164,5.860000133514404,5.889999866485596,10071463.0
2023-04-11,5.889999866485596,5.889999866485596,5.760000228881836,5.800000190734863,26065200.0
2023-04-12,5.800000190734863,5.909999847412109,5.800000190734863,5.849999904632568,10141100.0
2023-04-13,5.829999923706055,5.980000019073486,5.829999923706055,5.929999828338623,10166690.0
2023-04-14,5.929999828338623,6.079999923706055,5.880000114440918,6.039999961853027,20545108.0
2023-04-17,6.039999961853027,6.25,5.989999771118164,6.239999771118164,18779799.0
2023-04-18,6.25,6.519999980926514,6.230000019073486,6.5,35567485.0
2023-04-19,6.489999771118164,6.75,6.440000057220459,6.710000038146973,44272862.0
2023-04-20,6.710000038146973,6.730000019073486,6.559999942779541,6.699999809265137,25627140.0
2023-04-21,6.650000095367432,6.789999961853027,6.650000095367432,6.710000038146973,19201000.0
2023-04-24,6.710000038146973,6.730000019073486,6.550000190734863,6.599999904632568,10059545.0
2023-04-25,6.559999942779541,6.650000095367432,6.460000038146973,6.539999961853027,15224492.0
2023-04-26,6.519999980926514,6.590000152587891,6.369999885559082,6.5,11410957.0
2023-04-27,6.449999809265137,6.579999923706055,6.400000095367432,6.570000171661377,9842558.0
2023-04-28,6.599999904632568,6.769999980926514,6.550000190734863,6.71999979019165,22980800.0
2023-05-02,6.730000019073486,6.78000020980835,6.570000171661377,6.699999809265137,4096300.0
2023-05-03,6.599999904632568,6.639999866485596,6.550000190734863,6.610000133514404,3497143.0
2023-05-04,6.599999904632568,6.760000228881836,6.539999961853027,6.699999809265137,11320000.0
2023-05-05,6.659999847412109,6.789999961853027,6.639999866485596,6.699999809265137,9186000.0
2023-05-08,6.670000076293945,7.050000190734863,6.670000076293945,7.010000228881836,23275151.0
2023-05-09,7.010000228881836,7.190000057220459,6.949999809265137,7.019999980926514,19306515.0
2023-05-10,7.010000228881836,7.03000020980835,6.900000095367432,6.900000095367432,9200858.0
2023-05-11,6.980000019073486,6.989999771118164,6.820000171661377,6.940000057220459,8770779.0
2023-05-12,6.880000114440918,6.96999979019165,6.760000228881836,6.760000228881836,12944000.0
2023-05-15,6.760000228881836,7.099999904632568,6.710000038146973,7.059999942779541,21473000.0
2023-05-16,7.059999942779541,7.139999866485596,6.949999809265137,6.960000038146973,12009500.0
2023-05-17,7.019999980926514,7.050000190734863,6.849999904632568,6.869999885559082,6389000.0
2023-05-18,6.949999809265137,7.019999980926514,6.889999866485596,6.949999809265137,3735000.0
2023-05-19,6.949999809265137,7.0,6.809999942779541,6.940000057220459,16210000.0
2023-05-22,6.940000057220459,7.050000190734863,6.869999885559082,6.929999828338623,13560126.0
2023-05-23,6.929999828338623,7.050000190734863,6.909999847412109,6.929999828338623,14067000.0
2023-05-24,6.900000095367432,6.940000057220459,6.690000057220459,6.710000038146973,25146233.0
2023-05-25,6.690000057220459,6.75,6.579999923706055,6.659999847412109,19726500.0
2023-05-29,6.489999771118164,6.489999771118164,6.25,6.269999980926514,33009000.0
2023-05-30,6.28000020980835,6.369999885559082,6.239999771118164,6.25,22359000.0
2023-05-31,6.199999809265137,6.230000019073486,5.829999923706055,5.920000076293945,48375284.0
2023-06-01,5.949999809265137,6.090000152587891,5.949999809265137,6.010000228881836,25808625.0
2023-06-02,6.059999942779541,6.210000038146973,6.019999980926514,6.159999847412109,30719000.0
2023-06-05,6.260000228881836,6.320000171661377,6.059999942779541,6.269999980926514,27731075.0
2023-06-06,6.269999980926514,6.46999979019165,6.230000019073486,6.320000171661377,13103697.0
2023-06-07,6.300000190734863,6.489999771118164,6.289999961853027,6.429999828338623,17908000.0
2023-06-08,6.46999979019165,6.539999961853027,6.329999923706055,6.460000038146973,19004000.0
2023-06-09,6.389999866485596,6.590000152587891,6.389999866485596,6.550000190734863,18528000.0
2023-06-12,6.5,6.579999923706055,6.380000114440918,6.420000076293945,7869914.0
2023-06-13,6.380000114440918,6.449999809265137,6.289999961853027,6.340000152587891,11542205.0
2023-06-14,6.380000114440918,6.420000076293945,6.21999979019165,6.239999771118164,13264000.0
2023-06-15,6.289999961853027,6.320000171661377,6.150000095367432,6.28000020980835,15658224.0
2023-06-16,5.949999809265137,5.989999771118164,5.860000133514404,5.889999866485596,18754888.0
2023-06-19,5.849999904632568,5.909999847412109,5.829999923706055,5.900000095367432,7577949.0
2023-06-20,5.949999809265137,5.949999809265137,5.699999809265137,5.710000038146973,12376000.0
2023-06-21,5.619999885559082,5.75,5.619999885559082,5.71999979019165,10646000.0
2023-06-23,5.78000020980835,5.78000020980835,5.539999961853027,5.539999961853027,4991798.0
2023-06-26,5.570000171661377,5.599999904632568,5.5,5.519999980926514,15171352.0
2023-06-27,5.550000190734863,5.650000095367432,5.53000020980835,5.630000114440918,8779000.0
2023-06-28,5.610000133514404,5.730000019073486,5.599999904632568,5.710000038146973,9141000.0
2023-06-29,5.739999771118164,5.739999771118164,5.610000133514404,5.639999866485596,10068000.0
2023-06-30,5.659999847412109,5.840000152587891,5.630000114440918,5.820000171661377,8315500.0
2023-07-03,5.809999942779541,5.949999809265137,5.809999942779541,5.920000076293945,8178767.0
2023-07-04,5.929999828338623,5.96999979019165,5.860000133514404,5.909999847412109,13187160.0
2023-07-05,5.940000057220459,6.010000228881836,5.820000171661377,5.889999866485596,37097000.0
2023-07-06,5.849999904632568,5.889999866485596,5.739999771118164,5.789999961853027,9641288.0
2023-07-07,5.809999942779541,5.849999904632568,5.739999771118164,5.769999980926514,10852000.0
2023-07-10,5.829999923706055,5.869999885559082,5.78000020980835,5.820000171661377,6102000.0
2023-07-11,5.820000171661377,5.840000152587891,5.760000228881836,5.820000171661377,9116531.0
2023-07-12,5.849999904632568,5.869999885559082,5.760000228881836,5.769999980926514,10963657.0
2023-07-13,5.820000171661377,5.889999866485596,5.800000190734863,5.840000152587891,9113000.0
2023-07-14,5.860000133514404,5.889999866485596,5.829999923706055,5.869999885559082,4702373.0
2023-07-18,5.869999885559082,5.869999885559082,5.699999809265137,5.730000019073486,12459450.0
2023-07-19,5.730000019073486,5.800000190734863,5.730000019073486,5.789999961853027,6211341.0
2023-07-20,5.809999942779541,5.849999904632568,5.730000019073486,5.769999980926514,12305000.0
2023-07-21,5.789999961853027,5.800000190734863,5.710000038146973,5.78000020980835,9273420.0
2023-07-24,5.800000190734863,5.800000190734863,5.619999885559082,5.619999885559082,8251001.0
2023-07-25,5.710000038146973,5.829999923706055,5.699999809265137,5.809999942779541,8001000.0
2023-07-26,5.820000171661377,5.849999904632568,5.71999979019165,5.769999980926514,12460000.0
2023-07-27,5.789999961853027,5.840000152587891,5.679999828338623,5.699999809265137,17512720.0
2023-07-28,5.679999828338623,5.769999980926514,5.650000095367432,5.690000057220459,12368000.0
2023-07-31,5.760000228881836,5.809999942779541,5.619999885559082,5.630000114440918,19953760.0
2023-08-01,5.670000076293945,5.71999979019165,5.590000152587891,5.619999885559082,11296400.0
2023-08-02,5.630000114440918,5.679999828338623,5.510000228881836,5.510000228881836,14737298.0
2023-08-03,5.519999980926514,5.559999942779541,5.480000019073486,5.510000228881836,11143209.0
2023-08-04,5.579999923706055,5.599999904632568,5.440000057220459,5.460000038146973,9759000.0
2023-08-07,5.460000038146973,5.570000171661377,5.420000076293945,5.53000020980835,7833000.0
2023-08-08,5.539999961853027,5.610000133514404,5.489999771118164,5.53000020980835,5835000.0
2023-08-09,5.53000020980835,5.579999923706055,5.519999980926514,5.559999942779541,6873767.0
2023-08-10,5.590000152587891,5.840000152587891,5.590000152587891,5.739999771118164,23263204.0
2023-08-11,5.769999980926514,5.78000020980835,5.619999885559082,5.630000114440918,7037288.0
2023-08-14,5.610000133514404,5.610000133514404,5.519999980926514,5.550000190734863,6721503.0
2023-08-15,5.550000190734863,5.579999923706055,5.5,5.5,7098976.0
2023-08-16,5.5,5.519999980926514,5.46999979019165,5.480000019073486,5431000.0
2023-08-17,5.480000019073486,5.480000019073486,5.369999885559082,5.460000038146973,5998800.0
2023-08-18,5.489999771118164,5.570000171661377,5.46999979019165,5.46999979019165,6571000.0
2023-08-21,5.46999979019165,5.46999979019165,5.369999885559082,5.400000095367432,8180080.0
2023-08-22,5.440000057220459,5.539999961853027,5.389999866485596,5.519999980926514,7733579.0
2023-08-23,5.519999980926514,5.639999866485596,5.5,5.539999961853027,8510950.0
2023-08-24,5.579999923706055,5.610000133514404,5.489999771118164,5.519999980926514,10167000.0
2023-08-25,5.480000019073486,5.480000019073486,5.349999904632568,5.360000133514404,23545000.0
2023-08-28,5.53000020980835,5.550000190734863,5.400000095367432,5.420000076293945,16814000.0
2023-08-29,5.440000057220459,5.480000019073486,5.409999847412109,5.440000057220459,19065000.0
2023-08-30,5.440000057220459,5.480000019073486,5.349999904632568,5.369999885559082,17009400.0
2023-08-31,5.400000095367432,5.400000095367432,5.309999942779541,5.349999904632568,14176000.0
2023-09-04,5.510000228881836,5.679999828338623,5.510000228881836,5.650000095367432,42202000.0
2023-09-05,5.670000076293945,5.739999771118164,5.590000152587891,5.710000038146973,14159000.0
2023-09-06,5.710000038146973,5.820000171661377,5.639999866485596,5.75,27372698.0
2023-09-07,5.820000171661377,5.900000095367432,5.71999979019165,5.75,24551000.0
2023-09-11,5.75,5.789999961853027,5.639999866485596,5.670000076293945,19454356.0
2023-09-12,5.710000038146973,5.75,5.510000228881836,5.510000228881836,17360103.0
2023-09-13,5.550000190734863,5.659999847412109,5.550000190734863,5.579999923706055,12295074.0
2023-09-14,5.610000133514404,5.949999809265137,5.599999904632568,5.929999828338623,32607670.0
2023-09-15,5.96999979019165,6.090000152587891,5.900000095367432,5.920000076293945,24798514.0
2023-09-18,6.0,6.090000152587891,5.96999979019165,6.059999942779541,21851000.0
2023-09-19,6.059999942779541,6.21999979019165,6.059999942779541,6.210000038146973,21115700.0
2023-09-20,6.190000057220459,6.260000228881836,6.130000114440918,6.190000057220459,14360000.0
2023-09-21,6.199999809265137,6.199999809265137,6.059999942779541,6.090000152587891,11488162.0
2023-09-22,6.059999942779541,6.099999904632568,5.980000019073486,6.079999923706055,10911696.0
2023-09-25,6.090000152587891,6.150000095367432,6.050000190734863,6.070000171661377,12311852.0
2023-09-26,6.070000171661377,6.119999885559082,5.980000019073486,6.0,9373000.0
2023-09-27,6.010000228881836,6.059999942779541,5.96999979019165,5.980000019073486,6067861.0
2023-09-28,6.099999904632568,6.190000057220459,6.070000171661377,6.099999904632568,12196000.0
2023-09-29,6.099999904632568,6.199999809265137,6.099999904632568,6.139999866485596,3575473.0
2023-10-03,6.099999904632568,6.099999904632568,5.860000133514404,5.929999828338623,7098900.0
2023-10-04,5.869999885559082,5.900000095367432,5.809999942779541,5.849999904632568,4361241.0
2023-10-05,5.809999942779541,5.849999904632568,5.75,5.75,4051000.0
2023-10-06,5.75,5.840000152587891,5.75,5.820000171661377,1852000.0
2023-10-09,5.909999847412109,6.079999923706055,5.909999847412109,6.059999942779541,7428670.0
2023-10-10,6.090000152587891,6.130000114440918,5.960000038146973,6.010000228881836,5732510.0
2023-10-11,6.079999923706055,6.079999923706055,5.929999828338623,5.960000038146973,13550813.0
2023-10-12,5.989999771118164,6.010000228881836,5.920000076293945,5.929999828338623,9115800.0
2023-10-13,5.929999828338623,5.96999979019165,5.900000095367432,5.920000076293945,4821000.0
2023-10-16,5.989999771118164,6.050000190734863,5.929999828338623,6.0,9336854.0
2023-10-17,6.079999923706055,6.170000076293945,5.980000019073486,6.119999885559082,16642140.0
2023-10-18,6.130000114440918,6.230000019073486,6.119999885559082,6.130000114440918,14514652.0
2023-10-19,6.119999885559082,6.119999885559082,5.949999809265137,5.980000019073486,9730300.0
2023-10-20,6.010000228881836,6.070000171661377,5.949999809265137,6.019999980926514,7962000.0
2023-10-24,5.96999979019165,6.070000171661377,5.880000114440918,6.010000228881836,12913719.0
2023-10-25,6.079999923706055,6.260000228881836,6.059999942779541,6.079999923706055,23277760.0
2023-10-26,6.079999923706055,6.159999847412109,5.949999809265137,6.119999885559082,19930500.0
2023-10-27,6.159999847412109,6.289999961853027,6.119999885559082,6.170000076293945,15273524.0
2023-10-30,6.170000076293945,6.21999979019165,6.039999961853027,6.050000190734863,10570000.0
2023-10-31,6.070000171661377,6.139999866485596,6.0,6.139999866485596,13189000.0
2023-11-01,6.130000114440918,6.119999885559082,6.039999961853027,6.059999942779541,4972000.0
2023-11-02,6.150000095367432,6.150000095367432,6.050000190734863,6.059999942779541,5275895.0
2023-11-03,6.039999961853027,6.119999885559082,6.039999961853027,6.070000171661377,5228000.0
2023-11-06,6.099999904632568,6.099999904632568,5.909999847412109,5.929999828338623,12148674.0
2023-11-07,5.920000076293945,5.980000019073486,5.900000095367432,5.960000038146973,8063152.0
2023-11-08,5.900000095367432,5.929999828338623,5.840000152587891,5.900000095367432,11049848.0
2023-11-09,5.929999828338623,6.079999923706055,5.889999866485596,6.050000190734863,6879000.0
2023-11-10,6.019999980926514,6.119999885559082,5.989999771118164,6.110000133514404,6195823.0
2023-11-13,6.119999885559082,6.139999866485596,6.039999961853027,6.110000133514404,5008288.0
2023-11-14,6.130000114440918,6.130000114440918,6.010000228881836,6.010000228881836,7515900.0
2023-11-15,6.090000152587891,6.130000114440918,6.059999942779541,6.099999904632568,7374000.0
2023-11-16,6.119999885559082,6.199999809265137,6.070000171661377,6.199999809265137,13104056.0
2023-11-17,6.170000076293945,6.21999979019165,6.110000133514404,6.130000114440918,6395000.0
2023-11-20,6.159999847412109,6.159999847412109,6.090000152587891,6.139999866485596,8011000.0
2023-11-21,6.159999847412109,6.28000020980835,6.159999847412109,6.199999809265137,12002802.0
2023-11-22,6.179999828338623,6.269999980926514,6.179999828338623,6.269999980926514,6156512.0
2023-11-23,6.25,6.340000152587891,6.25,6.340000152587891,5193626.0
2023-11-24,6.340000152587891,6.420000076293945,6.329999923706055,6.400000095367432,9923945.0
2023-11-27,6.440000057220459,6.5,6.389999866485596,6.429999828338623,10713000.0
2023-11-28,6.440000057220459,6.480000019073486,6.340000152587891,6.460000038146973,10946000.0
2023-11-29,6.480000019073486,6.610000133514404,6.480000019073486,6.570000171661377,18127000.0
2023-11-30,6.570000171661377,6.619999885559082,6.519999980926514,6.619999885559082,13278735.0
2023-12-01,6.630000114440918,6.829999923706055,6.570000171661377,6.739999771118164,27122973.0
2023-12-04,6.71999979019165,6.96999979019165,6.659999847412109,6.920000076293945,31147897.0
2023-12-05,6.920000076293945,6.960000038146973,6.710000038146973,6.760000228881836,23730547.0
2023-12-06,6.71999979019165,6.929999828338623,6.670000076293945,6.889999866485596,19254887.0
2023-12-07,6.880000114440918,6.900000095367432,6.659999847412109,6.800000190734863,14763556.0
2023-12-08,6.739999771118164,6.78000020980835,6.650000095367432,6.699999809265137,8638500.0
2023-12-11,6.679999828338623,6.860000133514404,6.590000152587891,6.829999923706055,18060136.0
2023-12-12,6.869999885559082,6.869999885559082,6.670000076293945,6.800000190734863,14586022.0
2023-12-13,6.71999979019165,6.75,6.550000190734863,6.630000114440918,20949973.0
2023-12-14,6.650000095367432,6.679999828338623,6.559999942779541,6.630000114440918,9666484.0
2023-12-15,6.670000076293945,6.730000019073486,6.630000114440918,6.650000095367432,11522874.0
2023-12-18,6.659999847412109,6.739999771118164,6.630000114440918,6.690000057220459,7311732.0
2023-12-19,6.690000057220459,6.71999979019165,6.619999885559082,6.639999866485596,4655000.0
2023-12-20,6.650000095367432,6.739999771118164,6.630000114440918,6.650000095367432,8802133.0
2023-12-21,6.619999885559082,6.710000038146973,6.610000133514404,6.690000057220459,7972370.0
2023-12-22,6.690000057220459,6.889999866485596,6.690000057220459,6.809999942779541,16859657.0
2023-12-27,6.940000057220459,7.179999828338623,6.920000076293945,7.150000095367432,36050886.0
2023-12-28,7.190000057220459,7.190000057220459,6.949999809265137,7.050000190734863,14134000.0
2023-12-29,7.039999961853027,7.119999885559082,6.949999809265137,7.099999904632568,14876286.0
2024-01-02,7.099999904632568,7.460000038146973,7.099999904632568,7.420000076293945,28638803.0
2024-01-03,7.420000076293945,7.539999961853027,7.360000133514404,7.480000019073486,16674693.0
2024-01-04,7.480000019073486,7.599999904632568,7.480000019073486,7.570000171661377,19091501.0
2024-01-05,7.590000152587891,7.670000076293945,7.53000020980835,7.559999942779541,21117801.0
2024-01-08,7.599999904632568,7.610000133514404,7.349999904632568,7.46999979019165,18038643.0
2024-01-09,7.46999979019165,7.610000133514404,7.389999866485596,7.489999771118164,10979000.0
2024-01-10,7.5,7.630000114440918,7.400000095367432,7.460000038146973,10871006.0
2024-01-11,7.480000019073486,7.480000019073486,7.25,7.269999980926514,15885613.0
2024-01-12,7.269999980926514,7.400000095367432,7.269999980926514,7.380000114440918,6578436.0
2024-01-15,7.409999847412109,7.550000190734863,7.400000095367432,7.519999980926514,10141182.0
2024-01-16,7.519999980926514,7.570000171661377,7.449999809265137,7.480000019073486,7115000.0
2024-01-17,7.480000019073486,7.510000228881836,7.21999979019165,7.28000020980835,18599263.0
2024-01-18,7.28000020980835,7.300000190734863,7.079999923706055,7.28000020980835,14594082.0
2024-01-19,7.28000020980835,7.329999923706055,7.079999923706055,7.179999828338623,11756000.0
2024-01-22,7.190000057220459,7.230000019073486,6.920000076293945,7.070000171661377,14450293.0
2024-01-23,6.880000114440918,7.25,6.880000114440918,7.150000095367432,9491500.0
2024-01-24,7.170000076293945,7.71999979019165,7.170000076293945,7.690000057220459,27908084.0
2024-01-25,7.800000190734863,8.640000343322754,7.769999980926514,8.569999694824219,73081613.0
2024-01-26,8.569999694824219,8.699999809265137,8.460000038146973,8.600000381469727,32120586.0
2024-01-29,8.600000381469727,8.859999656677246,8.529999732971191,8.770000457763672,25236015.0
2024-01-30,8.699999809265137,8.770000457763672,8.430000305175781,8.489999771118164,23899777.0
2024-01-31,8.529999732971191,8.710000038146973,8.460000038146973,8.5600004196167,31086970.0
2024-02-01,8.569999694824219,8.569999694824219,8.260000228881836,8.369999885559082,22680741.0
2024-02-02,8.369999885559082,8.5600004196167,8.270000457763672,8.449999809265137,14944470.0
2024-02-05,8.449999809265137,8.510000228881836,8.270000457763672,8.460000038146973,17818070.0
2024-02-06,8.449999809265137,8.609999656677246,8.289999961853027,8.5,22052070.0
2024-02-07,8.479999542236328,8.649999618530273,8.399999618530273,8.600000381469727,13816135.0
2024-02-08,8.600000381469727,8.640000343322754,8.449999809265137,8.529999732971191,11055772.0
2024-02-09,8.399999618530273,8.489999771118164,8.359999656677246,8.489999771118164,1131304.0
2024-02-14,8.460000038146973,8.569999694824219,8.350000381469727,8.539999961853027,3138144.0
2024-02-15,8.539999961853027,8.539999961853027,8.319999694824219,8.40999984741211,2614045.0
2024-02-16,8.40999984741211,8.479999542236328,8.359999656677246,8.479999542236328,3615000.0
2024-02-19,8.489999771118164,9.09000015258789,8.479999542236328,8.90999984741211,24941100.0
2024-02-20,8.970000267028809,9.010000228881836,8.710000038146973,8.850000381469727,16128117.0
2024-02-21,8.800000190734863,8.920000076293945,8.710000038146973,8.800000190734863,13674032.0
2024-02-22,8.800000190734863,9.260000228881836,8.720000267028809,9.149999618530273,37227019.0
2024-02-23,9.100000381469727,9.170000076293945,8.880000114440918,8.880000114440918,12777360.0
2024-02-26,8.880000114440918,8.949999809265137,8.550000190734863,8.670000076293945,23052774.0
2024-02-27,8.609999656677246,8.760000228881836,8.550000190734863,8.680000305175781,13021112.0
2024-02-28,8.609999656677246,8.779999732971191,8.40999984741211,8.649999618530273,16276000.0
2024-02-29,8.649999618530273,8.649999618530273,8.40999984741211,8.449999809265137,20175881.0
2024-03-01,8.460000038146973,8.619999885559082,8.449999809265137,8.510000228881836,12145970.0
2024-03-04,8.510000228881836,8.8100004196167,8.460000038146973,8.739999771118164,21796699.0
2024-03-05,8.739999771118164,8.869999885559082,8.600000381469727,8.65999984741211,13078996.0
2024-03-06,8.670000076293945,8.90999984741211,8.649999618530273,8.720000267028809,15764000.0
2024-03-07,8.850000381469727,8.9399995803833,8.75,8.819999694824219,19485329.0
2024-03-08,8.819999694824219,8.949999809265137,8.529999732971191,8.579999923706055,39169000.0
2024-03-11,8.579999923706055,8.640000343322754,8.180000305175781,8.289999961853027,28257000.0
2024-03-12,8.300000190734863,8.34000015258789,8.039999961853027,8.239999771118164,29991881.0
2024-03-13,8.239999771118164,8.319999694824219,8.119999885559082,8.3100004196167,21314990.0
2024-03-14,8.220000267028809,8.430000305175781,8.220000267028809,8.279999732971191,24496944.0
2024-03-15,8.350000381469727,8.350000381469727,8.0600004196167,8.260000228881836,33993213.0
2024-03-18,8.180000305175781,8.25,8.079999923706055,8.15999984741211,22028091.0
2024-03-19,8.119999885559082,8.390000343322754,8.050000190734863,8.229999542236328,18676843.0
2024-03-20,8.260000228881836,8.270000457763672,8.0,8.149999618530273,25446748.0
2024-03-21,7.96999979019165,7.96999979019165,7.559999942779541,7.760000228881836,92644000.0
2024-03-22,7.760000228881836,7.880000114440918,7.559999942779541,7.610000133514404,34478874.0
2024-03-25,7.579999923706055,7.769999980926514,7.349999904632568,7.590000152587891,40194000.0
2024-03-26,7.590000152587891,7.659999847412109,7.320000171661377,7.400000095367432,26763000.0
2024-03-27,7.360000133514404,7.630000114440918,7.360000133514404,7.559999942779541,20896514.0
2024-03-28,7.550000190734863,7.679999828338623,7.420000076293945,7.619999885559082,16026749.0
2024-04-02,7.659999847412109,7.800000190734863,7.5,7.590000152587891,30139818.0
2024-04-03,7.599999904632568,7.880000114440918,7.599999904632568,7.880000114440918,31716000.0
2024-04-05,7.889999866485596,7.889999866485596,7.380000114440918,7.619999885559082,12010000.0
2024-04-08,7.679999828338623,7.909999847412109,7.659999847412109,7.800000190734863,23823000.0
2024-04-09,7.860000133514404,7.960000038146973,7.730000019073486,7.820000171661377,13077000.0
2024-04-10,7.880000114440918,8.0,7.809999942779541,7.840000152587891,17730883.0
2024-04-11,7.800000190734863,8.119999885559082,7.739999771118164,8.050000190734863,22871185.0
2024-04-12,8.050000190734863,8.119999885559082,7.920000076293945,7.96999979019165,16151915.0
2024-04-15,7.949999809265137,8.319999694824219,7.929999828338623,8.25,30433000.0
2024-04-16,8.25,8.40999984741211,8.180000305175781,8.350000381469727,25849000.0
2024-04-17,8.319999694824219,8.369999885559082,8.210000038146973,8.300000190734863,14816200.0
2024-04-18,8.350000381469727,8.470000267028809,8.289999961853027,8.350000381469727,20055061.0
2024-04-19,8.430000305175781,8.489999771118164,8.279999732971191,8.40999984741211,16954876.0
2024-04-22,8.4399995803833,8.470000267028809,7.840000152587891,7.900000095367432,50553264.0
2024-04-23,7.889999866485596,7.889999866485596,7.630000114440918,7.699999809265137,34708669.0
2024-04-24,7.78000020980835,7.78000020980835,7.550000190734863,7.630000114440918,34291255.0
2024-04-25,7.710000038146973,7.940000057220459,7.710000038146973,7.809999942779541,29616000.0
2024-04-26,7.809999942779541,7.920000076293945,7.639999866485596,7.650000095367432,37378000.0
2024-04-29,7.679999828338623,7.760000228881836,7.590000152587891,7.710000038146973,18266000.0
2024-04-30,7.710000038146973,8.029999732971191,7.699999809265137,7.900000095367432,27629268.0
2024-05-02,7.909999847412109,7.909999847412109,7.659999847412109,7.710000038146973,10002590.0
2024-05-03,7.699999809265137,7.869999885559082,7.679999828338623,7.840000152587891,4900864.0
2024-05-06,7.869999885559082,8.050000190734863,7.789999961853027,8.020000457763672,21297247.0
2024-05-07,8.039999961853027,8.1899995803833,8.020000457763672,8.15999984741211,13556895.0
2024-05-08,8.180000305175781,8.75,8.130000114440918,8.5600004196167,47834441.0
2024-05-09,8.579999923706055,8.6899995803833,8.399999618530273,8.460000038146973,16767190.0
2024-05-10,8.600000381469727,8.880000114440918,8.59000015258789,8.850000381469727,29781997.0
2024-05-13,8.84000015258789,8.9399995803833,8.729999542236328,8.850000381469727,21114008.0
2024-05-14,8.8100004196167,8.859999656677246,8.460000038146973,8.539999961853027,24763879.0
2024-05-16,8.579999923706055,8.710000038146973,8.550000190734863,8.609999656677246,17508192.0
2024-05-17,8.609999656677246,8.800000190734863,8.539999961853027,8.6899995803833,12133000.0
2024-05-20,8.729999542236328,9.079999923706055,8.729999542236328,9.020000457763672,20229700.0
2024-05-21,9.020000457763672,9.079999923706055,8.90999984741211,8.949999809265137,15704787.0
2024-05-22,8.989999771118164,9.199999809265137,8.960000038146973,8.970000267028809,19270922.0
2024-05-23,8.930000305175781,8.979999542236328,8.800000190734863,8.960000038146973,15867842.0
2024-05-24,8.859999656677246,9.109999656677246,8.84000015258789,9.010000228881836,15999996.0
2024-05-27,8.9399995803833,9.289999961853027,8.920000076293945,9.09000015258789,19003302.0
2024-05-28,9.119999885559082,9.4399995803833,9.100000381469727,9.3100004196167,24805630.0
2024-05-29,9.300000190734863,9.670000076293945,9.220000267028809,9.630000114440918,39118974.0
2024-05-30,9.5,9.680000305175781,9.300000190734863,9.369999885559082,29648017.0
2024-05-31,9.710000038146973,9.979999542236328,9.670000076293945,9.850000381469727,70616856.0
2024-06-03,9.949999809265137,10.0,9.6899995803833,9.710000038146973,26734656.0
2024-06-04,9.680000305175781,9.6899995803833,9.420000076293945,9.539999961853027,26237275.0
2024-06-05,9.5,9.619999885559082,9.289999961853027,9.359999656677246,16178000.0
2024-06-06,9.359999656677246,9.8100004196167,9.270000457763672,9.699999809265137,17750900.0
2024-06-07,9.680000305175781,9.829999923706055,9.649999618530273,9.819999694824219,23625586.0
2024-06-11,9.800000190734863,9.800000190734863,9.25,9.359999656677246,38273366.0
2024-06-12,9.399999618530273,9.859999656677246,9.369999885559082,9.800000190734863,25364680.0
2024-06-13,9.789999961853027,9.9399995803833,9.680000305175781,9.789999961853027,10658540.0
2024-06-14,9.8100004196167,10.039999961853027,9.699999809265137,9.800000190734863,17494008.0
2024-06-17,9.739999771118164,9.800000190734863,9.34000015258789,9.4399995803833,26263111.0
2024-06-18,9.479999542236328,9.550000190734863,9.25,9.449999809265137,13651003.0
2024-06-19,9.4399995803833,9.579999923706055,9.359999656677246,9.529999732971191,19903686.0
2024-06-20,9.609999656677246,9.989999771118164,9.609999656677246,9.960000038146973,33590936.0
2024-06-21,9.960000038146973,9.960000038146973,9.579999923706055,9.609999656677246,20103780.0
2024-06-24,9.579999923706055,9.640000343322754,9.289999961853027,9.369999885559082,19296428.0
2024-06-25,9.350000381469727,9.449999809265137,9.220000267028809,9.4399995803833,15494800.0
2024-06-26,9.4399995803833,9.539999961853027,9.0600004196167,9.220000267028809,25586491.0
2024-06-27,9.270000457763672,9.270000457763672,8.90999984741211,8.970000267028809,36147045.0
2024-06-28,8.970000267028809,9.279999732971191,8.899999618530273,9.119999885559082,22080000.0
2024-07-02,9.350000381469727,9.569999694824219,9.260000228881836,9.399999618530273,29284338.0
2024-07-03,9.399999618530273,9.579999923706055,9.329999923706055,9.430000305175781,20175685.0
2024-07-04,8.9399995803833,9.069999694824219,8.890000343322754,8.979999542236328,17030630.0
2024-07-05,8.970000267028809,9.039999961853027,8.739999771118164,8.880000114440918,12796503.0
2024-07-08,8.960000038146973,8.960000038146973,8.729999542236328,8.779999732971191,11186523.0
2024-07-09,8.739999771118164,8.869999885559082,8.6899995803833,8.8100004196167,8992500.0
2024-07-10,8.789999961853027,8.800000190734863,8.239999771118164,8.3100004196167,38318590.0
2024-07-11,8.34000015258789,8.390000343322754,8.1899995803833,8.279999732971191,15073129.0
2024-07-12,8.279999732971191,8.420000076293945,8.029999732971191,8.140000343322754,19076115.0
2024-07-15,8.140000343322754,8.289999961853027,8.09000015258789,8.260000228881836,16383000.0
2024-07-16,8.260000228881836,8.300000190734863,8.100000381469727,8.180000305175781,10620046.0
2024-07-17,8.220000267028809,8.220000267028809,7.769999980926514,7.869999885559082,29275158.0
2024-07-18,7.78000020980835,7.980000019073486,7.78000020980835,7.949999809265137,19329000.0
2024-07-19,7.989999771118164,7.989999771118164,7.75,7.829999923706055,15586400.0
2024-07-22,7.829999923706055,7.829999923706055,7.5,7.78000020980835,20045000.0
2024-07-23,7.829999923706055,7.909999847412109,7.670000076293945,7.679999828338623,12436600.0
2024-07-24,7.679999828338623,7.840000152587891,7.610000133514404,7.800000190734863,12212955.0
2024-07-25,7.699999809265137,7.789999961853027,7.489999771118164,7.510000228881836,18123950.0
2024-07-26,7.559999942779541,7.670000076293945,7.480000019073486,7.53000020980835,10499420.0
2024-07-29,7.5,7.699999809265137,7.5,7.610000133514404,13479948.0
2024-07-30,7.679999828338623,7.679999828338623,7.480000019073486,7.550000190734863,18974556.0
2024-07-31,7.639999866485596,7.96999979019165,7.550000190734863,7.920000076293945,19998600.0
2024-08-01,7.949999809265137,8.100000381469727,7.889999866485596,7.920000076293945,12105261.0
2024-08-02,7.920000076293945,8.050000190734863,7.769999980926514,8.039999961853027,14952538.0
2024-08-05,8.029999732971191,8.029999732971191,7.690000057220459,7.789999961853027,20995120.0
2024-08-06,7.829999923706055,7.96999979019165,7.679999828338623,7.710000038146973,12414000.0
2024-08-07,7.699999809265137,8.050000190734863,7.699999809265137,7.980000019073486,15407362.0
2024-08-08,8.029999732971191,8.079999923706055,7.900000095367432,7.949999809265137,8518352.0
2024-08-09,8.069999694824219,8.229999542236328,7.980000019073486,8.09000015258789,14355987.0
2024-08-12,8.09000015258789,8.350000381469727,8.0600004196167,8.300000190734863,21172544.0
2024-08-13,8.300000190734863,8.539999961853027,8.300000190734863,8.460000038146973,18875943.0
2024-08-14,8.460000038146973,8.600000381469727,8.369999885559082,8.489999771118164,14170952.0
2024-08-15,8.479999542236328,8.760000228881836,8.420000076293945,8.710000038146973,22996100.0
2024-08-16,8.75,9.020000457763672,8.720000267028809,8.90999984741211,22892000.0
2024-08-19,8.880000114440918,9.029999732971191,8.710000038146973,8.890000343322754,25100772.0
2024-08-20,8.859999656677246,8.859999656677246,8.449999809265137,8.770000457763672,36887512.0
2024-08-21,8.770000457763672,8.920000076293945,8.569999694824219,8.800000190734863,23183568.0
2024-08-22,8.899999618530273,8.899999618530273,8.59000015258789,8.819999694824219,27282000.0
2024-08-23,8.739999771118164,9.050000190734863,8.739999771118164,8.90999984741211,24995042.0
2024-08-26,8.949999809265137,9.260000228881836,8.90999984741211,9.15999984741211,26794795.0
2024-08-27,9.119999885559082,9.470000267028809,9.0600004196167,9.350000381469727,26232562.0
2024-08-28,9.420000076293945,9.430000305175781,9.229999542236328,9.289999961853027,14736832.0
2024-08-29,9.300000190734863,9.300000190734863,9.09000015258789,9.260000228881836,15427788.0
2024-08-30,9.319999694824219,9.380000114440918,9.140000343322754,9.319999694824219,19008115.0
2024-09-02,9.319999694824219,9.649999618530273,9.140000343322754,9.520000457763672,25623357.0
2024-09-03,9.520000457763672,9.609999656677246,9.140000343322754,9.300000190734863,20628814.0
2024-09-04,9.199999809265137,9.199999809265137,8.930000305175781,9.0600004196167,19256319.0
2024-09-05,9.039999961853027,9.170000076293945,8.829999923706055,9.029999732971191,19401342.0
2024-09-09,8.600000381469727,8.75,8.329999923706055,8.4399995803833,21098147.0
2024-09-10,8.5,8.520000457763672,8.1899995803833,8.329999923706055,21041670.0
2024-09-11,8.260000228881836,8.260000228881836,7.849999904632568,8.09000015258789,34652730.0
2024-09-12,8.15999984741211,8.3100004196167,8.100000381469727,8.220000267028809,20788206.0
2024-09-13,8.220000267028809,8.380000114440918,8.140000343322754,8.229999542236328,17654923.0
2024-09-16,8.229999542236328,8.34000015258789,8.119999885559082,8.300000190734863,2403130.0
2024-09-17,8.390000343322754,8.390000343322754,8.319999694824219,8.329999923706055,2694161.0
2024-09-19,8.479999542236328,8.539999961853027,8.180000305175781,8.430000305175781,16948604.0
2024-09-20,8.449999809265137,8.6899995803833,8.380000114440918,8.539999961853027,22139308.0
2024-09-23,8.569999694824219,9.010000228881836,8.539999961853027,8.779999732971191,26492224.0
2024-09-24,8.880000114440918,9.1899995803833,8.819999694824219,9.15999984741211,34356004.0
2024-09-25,9.4399995803833,9.880000114440918,9.109999656677246,9.170000076293945,54407623.0
2024-09-26,9.170000076293945,9.550000190734863,9.130000114440918,9.550000190734863,38196930.0
2024-09-27,9.569999694824219,9.6899995803833,9.260000228881836,9.579999923706055,31979632.0
2024-09-30,9.779999732971191,9.779999732971191,9.109999656677246,9.699999809265137,73214165.0
2024-10-02,9.779999732971191,10.100000381469727,9.420000076293945,10.079999923706055,18773886.0
2024-10-03,10.079999923706055,10.119999885559082,9.800000190734863,10.079999923706055,16615273.0
2024-10-04,10.0600004196167,10.600000381469727,10.0,10.399999618530273,12053415.0
2024-10-07,10.640000343322754,10.739999771118164,10.5,10.619999885559082,12454906.0
2024-10-08,10.65999984741211,10.760000228881836,9.65999984741211,9.850000381469727,69277141.0
2024-10-09,9.970000267028809,9.970000267028809,9.1899995803833,9.34000015258789,48685788.0
2024-10-10,9.390000343322754,10.239999771118164,9.390000343322754,10.079999923706055,45644880.0
2024-10-14,10.100000381469727,10.180000305175781,9.739999771118164,9.930000305175781,26214016.0
2024-10-15,9.949999809265137,10.079999923706055,9.550000190734863,9.619999885559082,16297000.0
2024-10-16,9.699999809265137,9.859999656677246,9.550000190734863,9.670000076293945,17284042.0
2024-10-17,9.720000267028809,10.0,9.5,9.550000190734863,15388169.0
2024-10-18,9.600000381469727,9.789999961853027,9.539999961853027,9.75,14559473.0
2024-10-21,9.800000190734863,9.880000114440918,9.489999771118164,9.5600004196167,18274000.0
2024-10-22,9.479999542236328,9.760000228881836,9.449999809265137,9.630000114440918,11966211.0
2024-10-23,9.630000114440918,9.65999984741211,9.380000114440918,9.449999809265137,22608734.0
2024-10-24,9.510000228881836,9.970000267028809,9.399999618530273,9.949999809265137,28621072.0
2024-10-25,9.979999542236328,10.0600004196167,9.720000267028809,9.84000015258789,14822680.0
2024-10-28,9.960000038146973,10.020000457763672,9.710000038146973,9.890000343322754,16201680.0
2024-10-29,9.890000343322754,9.979999542236328,9.699999809265137,9.720000267028809,16174500.0
2024-10-30,9.710000038146973,9.720000267028809,9.449999809265137,9.59000015258789,17067399.0
2024-10-31,9.59000015258789,9.739999771118164,9.529999732971191,9.699999809265137,15038583.0
2024-11-01,9.699999809265137,10.0600004196167,9.699999809265137,9.800000190734863,21777000.0
2024-11-04,9.800000190734863,9.949999809265137,9.600000381469727,9.729999542236328,13305736.0
2024-11-05,9.710000038146973,9.829999923706055,9.619999885559082,9.800000190734863,15159095.0
2024-11-06,9.8100004196167,9.899999618530273,9.640000343322754,9.720000267028809,15931000.0
2024-11-07,9.710000038146973,9.979999542236328,9.609999656677246,9.960000038146973,19141000.0
2024-11-08,9.979999542236328,10.100000381469727,9.460000038146973,9.539999961853027,23341211.0
2024-11-11,9.579999923706055,9.579999923706055,9.25,9.3100004196167,24887224.0
2024-11-12,9.289999961853027,9.319999694824219,8.9399995803833,9.010000228881836,33332751.0
2024-11-13,8.9399995803833,9.149999618530273,8.9399995803833,9.010000228881836,9024008.0
2024-11-14,8.949999809265137,9.130000114440918,8.90999984741211,8.989999771118164,12099964.0
2024-11-15,9.100000381469727,9.34000015258789,9.0,9.210000038146973,20641000.0
2024-11-18,9.210000038146973,9.720000267028809,9.210000038146973,9.579999923706055,31289069.0
2024-11-19,9.640000343322754,9.720000267028809,9.4399995803833,9.579999923706055,16689189.0
2024-11-20,9.569999694824219,9.710000038146973,9.520000457763672,9.6899995803833,17554988.0
2024-11-21,9.699999809265137,9.970000267028809,9.680000305175781,9.800000190734863,22116304.0
2024-11-22,9.859999656677246,9.930000305175781,9.510000228881836,9.579999923706055,14585908.0
2024-11-25,9.579999923706055,9.760000228881836,9.539999961853027,9.539999961853027,22842271.0
2024-11-26,9.5,9.539999961853027,9.3100004196167,9.329999923706055,14583062.0
2024-11-27,9.329999923706055,9.430000305175781,9.260000228881836,9.380000114440918,16637085.0
2024-11-28,9.319999694824219,9.399999618530273,9.199999809265137,9.220000267028809,8122678.0
2024-11-29,9.289999961853027,9.34000015258789,9.149999618530273,9.229999542236328,11711748.0
2024-12-02,9.229999542236328,9.25,9.029999732971191,9.1899995803833,22406278.0
2024-12-03,9.1899995803833,9.369999885559082,9.119999885559082,9.3100004196167,14461908.0
2024-12-04,9.3100004196167,9.779999732971191,9.279999732971191,9.680000305175781,16599895.0
2024-12-05,9.6899995803833,9.720000267028809,9.579999923706055,9.65999984741211,8461400.0
2024-12-06,9.65999984741211,9.800000190734863,9.630000114440918,9.75,10838693.0
2024-12-09,9.75,9.890000343322754,9.619999885559082,9.890000343322754,13636771.0
2024-12-10,9.890000343322754,9.989999771118164,9.65999984741211,9.75,11808460.0
2024-12-11,9.75,9.979999542236328,9.699999809265137,9.880000114440918,13486264.0
2024-12-12,9.880000114440918,10.0600004196167,9.850000381469727,9.949999809265137,17151311.0
2024-12-13,9.880000114440918,9.9399995803833,9.65999984741211,9.65999984741211,16518904.0
2024-12-16,9.65999984741211,9.770000457763672,9.550000190734863,9.6899995803833,23309000.0
2024-12-17,9.609999656677246,9.800000190734863,9.470000267028809,9.59000015258789,14817654.0
2024-12-18,9.600000381469727,9.819999694824219,9.59000015258789,9.770000457763672,22334000.0
2024-12-19,9.6899995803833,9.770000457763672,9.550000190734863,9.579999923706055,20058405.0
2024-12-20,9.609999656677246,9.640000343322754,8.970000267028809,8.970000267028809,49290032.0
2024-12-23,8.960000038146973,9.069999694824219,8.890000343322754,9.010000228881836,20434734.0
2024-12-24,9.0,9.0,9.0,9.0,0.0
2024-12-27,9.0,9.09000015258789,8.8100004196167,8.920000076293945,27463000.0
2024-12-30,8.920000076293945,9.119999885559082,8.90999984741211,9.039999961853027,20076119.0
2024-12-31,9.270000457763672,9.270000457763672,9.270000457763672,9.270000457763672,0.0
2025-01-02,9.289999961853027,9.329999923706055,9.010000228881836,9.149999618530273,13349000.0
2025-01-03,9.15999984741211,9.220000267028809,9.0600004196167,9.119999885559082,11457849.0
2025-01-06,9.119999885559082,9.220000267028809,8.979999542236328,9.180000305175781,17212937.0
2025-01-07,9.09000015258789,9.229999542236328,8.890000343322754,8.9399995803833,20783336.0
2025-01-08,8.979999542236328,8.979999542236328,8.789999961853027,8.899999618530273,20027537.0
2025-01-09,8.899999618530273,8.899999618530273,8.619999885559082,8.75,18624524.0
2025-01-10,8.75,8.84000015258789,8.619999885559082,8.75,20559317.0
2025-01-13,8.770000457763672,8.949999809265137,8.739999771118164,8.819999694824219,14356578.0
2025-01-14,8.819999694824219,8.880000114440918,8.75,8.829999923706055,13423126.0
2025-01-15,8.779999732971191,8.9399995803833,8.760000228881836,8.8100004196167,13077103.0
2025-01-16,8.850000381469727,9.010000228881836,8.8100004196167,8.899999618530273,9826716.0
2025-01-17,8.880000114440918,9.079999923706055,8.850000381469727,9.029999732971191,13891374.0
2025-01-20,9.039999961853027,9.079999923706055,8.760000228881836,8.850000381469727,16542020.0
2025-01-21,8.899999618530273,8.90999984741211,8.699999809265137,8.75,12297515.0
2025-01-22,8.710000038146973,8.75,8.609999656677246,8.640000343322754,13005242.0
2025-01-23,8.649999618530273,8.84000015258789,8.649999618530273,8.819999694824219,13110873.0
2025-01-24,8.850000381469727,9.050000190734863,8.800000190734863,8.979999542236328,11651353.0
2025-01-27,9.0,9.130000114440918,9.0,9.069999694824219,8618763.0
2025-01-28,8.9399995803833,8.9399995803833,8.9399995803833,8.9399995803833,0.0
2025-02-03,8.9399995803833,9.0600004196167,8.779999732971191,9.050000190734863,6774421.0
2025-02-04,9.0,9.09000015258789,8.920000076293945,9.0600004196167,6923123.0
2025-02-05,9.0600004196167,9.0600004196167,8.800000190734863,8.9399995803833,27058735.0
2025-02-06,8.9399995803833,9.0,8.859999656677246,8.9399995803833,7536400.0
2025-02-07,8.869999885559082,8.9399995803833,8.770000457763672,8.890000343322754,27266644.0
2025-02-10,8.819999694824219,8.960000038146973,8.619999885559082,8.699999809265137,22350657.0
2025-02-11,8.699999809265137,8.739999771118164,8.550000190734863,8.609999656677246,17706704.0
2025-02-12,8.609999656677246,8.65999984741211,8.539999961853027,8.630000114440918,15640005.0
2025-02-13,8.59000015258789,8.65999984741211,8.510000228881836,8.539999961853027,22619100.0
2025-02-14,8.539999961853027,8.609999656677246,8.34000015258789,8.510000228881836,29264508.0
2025-02-17,8.449999809265137,8.510000228881836,8.34000015258789,8.40999984741211,19722191.0
2025-02-18,8.380000114440918,8.380000114440918,8.210000038146973,8.25,35235971.0
2025-02-19,8.25,8.270000457763672,8.079999923706055,8.130000114440918,26103266.0
2025-02-20,8.130000114440918,8.210000038146973,8.050000190734863,8.149999618530273,13872262.0
2025-02-21,8.149999618530273,8.15999984741211,7.960000038146973,8.020000457763672,31104183.0
2025-02-24,7.980000019073486,8.149999618530273,7.889999866485596,8.0600004196167,25455299.0
2025-02-25,8.0600004196167,8.1899995803833,7.989999771118164,8.100000381469727,24409610.0
2025-02-26,8.079999923706055,8.180000305175781,7.989999771118164,8.149999618530273,25338838.0
2025-02-27,8.119999885559082,8.170000076293945,7.949999809265137,8.119999885559082,19672780.0
2025-02-28,8.119999885559082,8.149999618530273,7.940000057220459,8.029999732971191,23213222.0
2025-03-03,8.010000228881836,8.130000114440918,7.960000038146973,8.079999923706055,25474364.0
2025-03-04,8.069999694824219,8.069999694824219,7.849999904632568,8.010000228881836,27809759.0
2025-03-05,8.010000228881836,8.100000381469727,7.869999885559082,7.960000038146973,28245668.0
2025-03-06,7.949999809265137,7.960000038146973,7.809999942779541,7.920000076293945,29383004.0
2025-03-07,7.920000076293945,8.1899995803833,7.869999885559082,8.109999656677246,29541000.0
2025-03-10,8.109999656677246,8.289999961853027,8.050000190734863,8.25,22483000.0
2025-03-11,8.170000076293945,8.279999732971191,8.09000015258789,8.180000305175781,19760773.0
2025-03-12,8.119999885559082,8.199999809265137,8.100000381469727,8.1899995803833,12436615.0
2025-03-13,8.180000305175781,8.59000015258789,8.130000114440918,8.510000228881836,41623104.0
2025-03-14,8.510000228881836,8.5600004196167,8.34000015258789,8.4399995803833,18584000.0
2025-03-17,8.4399995803833,8.550000190734863,8.350000381469727,8.380000114440918,15810392.0
2025-03-18,8.380000114440918,8.470000267028809,8.239999771118164,8.420000076293945,20077884.0
2025-03-19,8.390000343322754,8.430000305175781,8.300000190734863,8.350000381469727,14485813.0
2025-03-20,8.350000381469727,8.460000038146973,8.25,8.279999732971191,16857100.0
2025-03-21,8.279999732971191,8.34000015258789,8.039999961853027,8.119999885559082,41224897.0
2025-03-24,8.130000114440918,8.319999694824219,7.96999979019165,8.260000228881836,34689962.0
2025-03-25,8.260000228881836,8.270000457763672,8.119999885559082,8.15999984741211,22557738.0
2025-03-26,8.15999984741211,8.220000267028809,8.069999694824219,8.149999618530273,18313583.0
2025-03-27,8.149999618530273,8.229999542236328,8.069999694824219,8.15999984741211,14090406.0
2025-03-28,8.149999618530273,8.149999618530273,7.96999979019165,8.0,14705215.0
2025-03-31,8.0,8.050000190734863,7.900000095367432,7.929999828338623,14826552.0
2025-04-01,8.0,8.170000076293945,7.989999771118164,8.149999618530273,13716000.0
2025-04-02,8.130000114440918,8.210000038146973,8.09000015258789,8.170000076293945,10842965.0
2025-04-03,8.100000381469727,8.220000267028809,7.920000076293945,8.050000190734863,44856304.0
2025-04-07,7.349999904632568,7.71999979019165,7.159999847412109,7.159999847412109,45428484.0
2025-04-08,7.329999923706055,7.579999923706055,7.289999961853027,7.559999942779541,23681400.0
2025-04-09,7.480000019073486,7.590000152587891,7.300000190734863,7.570000171661377,12250085.0
2025-04-10,7.639999866485596,7.75,7.570000171661377,7.610000133514404,16818114.0
2025-04-11,7.610000133514404,7.690000057220459,7.46999979019165,7.579999923706055,12157362.0
2025-04-14,7.699999809265137,7.900000095367432,7.610000133514404,7.829999923706055,11209888.0
2025-04-15,7.849999904632568,7.989999771118164,7.809999942779541,7.960000038146973,11428341.0
2025-04-16,7.909999847412109,8.199999809265137,7.880000114440918,8.180000305175781,22819684.0
2025-04-17,8.180000305175781,8.210000038146973,8.010000228881836,8.029999732971191,9569374.0
2025-04-22,8.010000228881836,8.149999618530273,7.889999866485596,7.940000057220459,15187918.0
2025-04-23,7.940000057220459,8.140000343322754,7.900000095367432,8.109999656677246,10331126.0
2025-04-24,8.069999694824219,8.170000076293945,8.0600004196167,8.130000114440918,8748891.0
2025-04-25,8.100000381469727,8.170000076293945,8.039999961853027,8.039999961853027,13677974.0
2025-04-28,7.889999866485596,8.109999656677246,7.789999961853027,8.09000015258789,17416354.0
2025-04-29,8.109999656677246,8.109999656677246,7.900000095367432,7.960000038146973,9789490.0
2025-04-30,7.960000038146973,8.0600004196167,7.929999828338623,8.010000228881836,10786200.0
2025-05-02,8.010000228881836,8.180000305175781,8.0,8.09000015258789,3037400.0
2025-05-06,8.09000015258789,8.09000015258789,7.949999809265137,8.029999732971191,11273653.0
2025-05-07,8.079999923706055,8.229999542236328,8.050000190734863,8.149999618530273,17021089.0
2025-05-08,8.149999618530273,8.15999984741211,8.09000015258789,8.149999618530273,12022270.0
2025-05-09,8.149999618530273,8.180000305175781,8.119999885559082,8.149999618530273,11640880.0
2025-05-12,8.029999732971191,8.229999542236328,8.029999732971191,8.15999984741211,24520199.0
2025-05-13,8.170000076293945,8.279999732971191,8.109999656677246,8.149999618530273,58193869.0
2025-05-14,8.149999618530273,8.550000190734863,8.149999618530273,8.550000190734863,26972000.0
2025-05-15,8.550000190734863,8.5600004196167,8.210000038146973,8.300000190734863,49810344.0
2025-05-16,8.300000190734863,8.399999618530273,8.279999732971191,8.319999694824219,13228000.0
2025-05-19,8.319999694824219,8.630000114440918,8.210000038146973,8.600000381469727,22980186.0
2025-05-20,8.619999885559082,8.670000076293945,8.520000457763672,8.609999656677246,18712984.0
2025-05-21,8.59000015258789,8.899999618530273,8.539999961853027,8.890000343322754,26420700.0
2025-05-22,8.869999885559082,8.890000343322754,8.75,8.770000457763672,17306999.0
2025-05-23,8.84000015258789,8.84000015258789,8.760000228881836,8.819999694824219,18249062.0
2025-05-26,8.65999984741211,8.949999809265137,8.65999984741211,8.869999885559082,20846356.0
2025-05-27,8.880000114440918,8.920000076293945,8.720000267028809,8.829999923706055,15654190.0
2025-05-28,8.800000190734863,8.869999885559082,8.720000267028809,8.850000381469727,11862068.0
2025-05-29,8.800000190734863,8.920000076293945,8.760000228881836,8.859999656677246,23971100.0
2025-05-30,8.84000015258789,8.84000015258789,8.699999809265137,8.779999732971191,21140155.0
2025-06-02,8.779999732971191,8.800000190734863,8.449999809265137,8.470000267028809,9208544.0
2025-06-03,8.550000190734863,8.630000114440918,8.34000015258789,8.420000076293945,34161352.0
2025-06-04,8.399999618530273,8.680000305175781,8.399999618530273,8.649999618530273,15128703.0
2025-06-05,8.649999618530273,8.739999771118164,8.5,8.550000190734863,14435871.0
2025-06-06,8.5600004196167,8.670000076293945,8.510000228881836,8.550000190734863,17030000.0
2025-06-09,8.630000114440918,8.630000114440918,8.380000114440918,8.399999618530273,23661010.0
2025-06-10,8.420000076293945,8.720000267028809,8.399999618530273,8.699999809265137,29045700.0
2025-06-11,8.699999809265137,8.770000457763672,8.630000114440918,8.720000267028809,21239371.0
2025-06-12,8.720000267028809,8.800000190734863,8.609999656677246,8.630000114440918,22257018.0
2025-06-13,8.609999656677246,8.800000190734863,8.609999656677246,8.739999771118164,14993975.0
2025-06-16,8.739999771118164,8.789999961853027,8.65999984741211,8.710000038146973,15571880.0
2025-06-17,8.710000038146973,8.920000076293945,8.579999923706055,8.920000076293945,19578251.0
2025-06-18,8.9399995803833,9.010000228881836,8.6899995803833,8.800000190734863,34934840.0
2025-06-19,8.779999732971191,8.880000114440918,8.579999923706055,8.680000305175781,27253000.0
2025-06-20,8.6899995803833,9.100000381469727,8.680000305175781,9.0,33820340.0
2025-06-23,9.079999923706055,9.079999923706055,8.850000381469727,8.970000267028809,31369330.0
2025-06-24,8.960000038146973,9.09000015258789,8.760000228881836,9.050000190734863,32540225.0
2025-06-25,9.029999732971191,9.140000343322754,8.949999809265137,9.0,28770972.0
2025-06-26,9.0,9.100000381469727,8.930000305175781,9.029999732971191,51401428.0
2025-06-27,9.0600004196167,9.229999542236328,9.039999961853027,9.180000305175781,48052360.0
2025-06-30,9.199999809265137,9.199999809265137,9.0600004196167,9.079999923706055,41961464.0
2025-07-02,9.09000015258789,9.449999809265137,9.09000015258789,9.350000381469727,52996977.0
2025-07-03,9.069999694824219,9.25,9.029999732971191,9.079999923706055,42735206.0
2025-07-04,9.079999923706055,9.300000190734863,9.069999694824219,9.270000457763672,23090819.0
2025-07-07,9.270000457763672,9.369999885559082,9.15999984741211,9.25,29214000.0
2025-07-08,9.25,9.430000305175781,9.25,9.329999923706055,29531051.0
2025-07-09,9.350000381469727,9.430000305175781,9.3100004196167,9.329999923706055,29920000.0
2025-07-10,9.329999923706055,9.550000190734863,9.329999923706055,9.520000457763672,22801787.0
2025-07-11,9.4399995803833,9.579999923706055,9.430000305175781,9.489999771118164,21004427.0
2025-07-14,9.489999771118164,9.720000267028809,9.40999984741211,9.5,19349190.0
2025-07-15,9.510000228881836,9.510000228881836,9.180000305175781,9.300000190734863,42914393.0
2025-07-16,9.300000190734863,9.300000190734863,9.130000114440918,9.199999809265137,20327500.0
2025-07-17,9.199999809265137,9.25,9.15999984741211,9.210000038146973,16950510.0
2025-07-18,9.210000038146973,9.430000305175781,9.210000038146973,9.329999923706055,14408728.0
2025-07-21,9.4399995803833,9.59000015258789,9.279999732971191,9.579999923706055,26776527.0
2025-07-22,9.59000015258789,10.420000076293945,9.5600004196167,10.279999732971191,69617021.0
2025-07-23,10.5,10.579999923706055,10.140000343322754,10.279999732971191,33605194.0
2025-07-24,10.180000305175781,10.380000114440918,10.0600004196167,10.359999656677246,18112137.0
2025-07-25,10.420000076293945,10.539999961853027,10.15999984741211,10.319999694824219,14097740.0
2025-07-28,10.180000305175781,10.300000190734863,9.930000305175781,10.0600004196167,13779240.0
2025-07-29,9.960000038146973,10.039999961853027,9.829999923706055,9.979999542236328,10663928.0
2025-07-30,9.970000267028809,10.34000015258789,9.960000038146973,10.15999984741211,30408220.0
2025-07-31,10.15999984741211,10.15999984741211,9.640000343322754,9.65999984741211,18171530.0
2025-08-01,9.649999618530273,9.699999809265137,9.5,9.619999885559082,14799200.0
2025-08-04,9.619999885559082,9.859999656677246,9.470000267028809,9.829999923706055,13081642.0
2025-08-05,9.899999618530273,10.039999961853027,9.770000457763672,10.029999732971191,16407454.0
2025-08-06,10.140000343322754,10.5,10.029999732971191,10.420000076293945,48628460.0
2025-08-07,10.380000114440918,10.449999809265137,10.210000038146973,10.34000015258789,17876545.0
2025-08-08,10.399999618530273,10.399999618530273,10.140000343322754,10.229999542236328,14142458.0
2025-08-11,10.3100004196167,10.319999694824219,10.050000190734863,10.180000305175781,16569000.0
2025-08-12,10.25,10.5,10.25,10.479999542236328,21455661.0
2025-08-13,10.479999542236328,10.630000114440918,10.300000190734863,10.4399995803833,13578634.0
2025-08-14,10.4399995803833,10.4399995803833,10.09000015258789,10.180000305175781,16570397.0
2025-08-15,10.119999885559082,10.229999542236328,9.960000038146973,10.050000190734863,10481557.0
2025-08-18,10.020000457763672,10.09000015258789,9.649999618530273,9.6899995803833,26317680.0
2025-08-19,9.680000305175781,9.850000381469727,9.65999984741211,9.800000190734863,11086886.0
2025-08-20,9.630000114440918,9.760000228881836,9.550000190734863,9.619999885559082,11382331.0
2025-08-21,9.609999656677246,9.949999809265137,9.600000381469727,9.880000114440918,18962680.0
2025-08-22,9.859999656677246,9.899999618530273,9.59000015258789,9.680000305175781,12097341.0
2025-08-25,9.770000457763672,9.920000076293945,9.670000076293945,9.869999885559082,26100000.0
2025-08-26,9.850000381469727,9.890000343322754,9.550000190734863,9.680000305175781,28653034.0
2025-08-27,9.600000381469727,9.75,9.430000305175781,9.520000457763672,21407828.0
2025-08-28,9.550000190734863,9.609999656677246,9.460000038146973,9.5,12041981.0
2025-08-29,9.489999771118164,9.680000305175781,9.449999809265137,9.460000038146973,14262099.0
2025-09-01,9.460000038146973,9.59000015258789,9.380000114440918,9.510000228881836,17955350.0
2025-09-02,9.569999694824219,9.579999923706055,9.399999618530273,9.5,13548316.0
2025-09-03,9.5,9.529999732971191,9.399999618530273,9.470000267028809,11136155.0
2025-09-04,9.5,9.5,9.270000457763672,9.359999656677246,22776400.0
2025-09-05,9.210000038146973,9.390000343322754,9.170000076293945,9.390000343322754,15525268.0
2025-09-08,9.390000343322754,9.670000076293945,9.270000457763672,9.539999961853027,20705246.0
2025-09-09,9.520000457763672,9.619999885559082,9.470000267028809,9.539999961853027,11381833.0
2025-09-10,9.470000267028809,9.630000114440918,9.470000267028809,9.510000228881836,10476531.0
2025-09-11,9.510000228881836,9.569999694824219,9.460000038146973,9.520000457763672,10314462.0
2025-09-12,9.520000457763672,9.600000381469727,9.380000114440918,9.470000267028809,11963537.0
2025-09-15,9.470000267028809,9.609999656677246,9.390000343322754,9.569999694824219,16448500.0
2025-09-16,9.609999656677246,9.890000343322754,9.479999542236328,9.539999961853027,19019746.0
2025-09-17,9.619999885559082,10.15999984741211,9.600000381469727,10.0,33813338.0
2025-09-18,9.9399995803833,9.989999771118164,9.460000038146973,9.520000457763672,17102010.0
2025-09-19,9.619999885559082,9.970000267028809,9.569999694824219,9.869999885559082,29951153.0
2025-09-22,9.899999618530273,9.960000038146973,9.470000267028809,9.529999732971191,24260437.0
2025-09-23,9.539999961853027,9.729999542236328,9.460000038146973,9.579999923706055,18131005.0
2025-09-24,9.619999885559082,9.699999809265137,9.479999542236328,9.510000228881836,19197690.0
2025-09-25,9.510000228881836,9.59000015258789,9.329999923706055,9.380000114440918,21141994.0
2025-09-26,9.3100004196167,9.5,9.3100004196167,9.430000305175781,19420217.0
2025-09-29,9.470000267028809,9.479999542236328,9.319999694824219,9.460000038146973,19523925.0
2025-09-30,9.460000038146973,9.489999771118164,9.210000038146973,9.289999961853027,21822769.0
2025-10-02,9.260000228881836,9.359999656677246,9.140000343322754,9.3100004196167,4786512.0
2025-10-03,9.25,9.470000267028809,9.25,9.399999618530273,1761858.0
2025-10-06,9.470000267028809,9.640000343322754,9.350000381469727,9.420000076293945,2617701.0
2025-10-08,9.420000076293945,9.420000076293945,9.300000190734863,9.390000343322754,3399025.0
2025-10-09,9.359999656677246,9.819999694824219,9.3100004196167,9.779999732971191,27055585.0
2025-10-10,9.779999732971191,10.09000015258789,9.600000381469727,9.9399995803833,20995877.0
2025-10-13,9.699999809265137,10.0,9.65999984741211,9.989999771118164,18428229.0
2025-10-14,10.0,10.210000038146973,9.869999885559082,10.020000457763672,28278285.0
2025-10-15,10.100000381469727,10.350000381469727,10.029999732971191,10.329999923706055,25194385.0
2025-10-16,10.329999923706055,11.079999923706055,10.229999542236328,11.079999923706055,58293467.0
2025-10-17,11.0,11.039999961853027,10.680000305175781,10.800000190734863,27080635.0
2025-10-20,11.020000457763672,11.170000076293945,10.829999923706055,11.100000381469727,25222682.0
2025-10-21,11.050000190734863,11.119999885559082,10.819999694824219,11.039999961853027,22281979.0
2025-10-22,10.850000381469727,11.020000457763672,10.649999618530273,10.8100004196167,22937273.0
2025-10-23,10.859999656677246,11.100000381469727,10.800000190734863,11.0600004196167,21890681.0
2025-10-24,11.0600004196167,11.119999885559082,10.8100004196167,10.989999771118164,17148713.0
2025-10-27,10.819999694824219,11.319999694824219,10.699999809265137,11.100000381469727,37578800.0
2025-10-28,11.100000381469727,11.279999732971191,10.899999618530273,10.979999542236328,17158064.0
2025-10-30,11.130000114440918,11.3100004196167,10.949999809265137,11.229999542236328,31639181.0
2025-10-31,11.15999984741211,11.289999961853027,10.899999618530273,10.949999809265137,8945231.0
2025-11-03,11.15999984741211,11.449999809265137,11.039999961853027,11.40999984741211,17838733.0
2025-11-04,11.350000381469727,11.789999961853027,11.3100004196167,11.470000267028809,25694611.0
2025-11-05,11.430000305175781,11.979999542236328,11.329999923706055,11.84000015258789,30072446.0
2025-11-06,11.84000015258789,12.079999923706055,11.729999542236328,12.029999732971191,15151068.0
2025-11-07,12.029999732971191,12.270000457763672,11.859999656677246,11.989999771118164,11039257.0
2025-11-10,11.979999542236328,12.3100004196167,11.90999984741211,12.050000190734863,22169271.0
2025-11-11,12.050000190734863,12.199999809265137,11.489999771118164,11.84000015258789,33135299.0
2025-11-12,11.779999732971191,11.880000114440918,11.680000305175781,11.869999885559082,14326593.0
2025-11-13,11.850000381469727,11.90999984741211,11.539999961853027,11.84000015258789,18540880.0
2025-11-14,11.84000015258789,11.869999885559082,11.449999809265137,11.529999732971191,14686134.0
2025-11-17,11.520000457763672,11.819999694824219,11.300000190734863,11.75,21968152.0
2025-11-18,11.75,11.800000190734863,11.050000190734863,11.130000114440918,36395988.0
2025-11-19,11.180000305175781,11.399999618530273,11.09000015258789,11.380000114440918,12514021.0
2025-11-20,11.1899995803833,11.369999885559082,10.800000190734863,10.859999656677246,21245824.0
2025-11-21,10.84000015258789,10.84000015258789,10.510000228881836,10.609999656677246,19531236.0
2025-11-24,10.680000305175781,10.739999771118164,10.40999984741211,10.670000076293945,22643343.0
2025-11-25,10.779999732971191,10.789999961853027,10.539999961853027,10.729999542236328,16539771.0
2025-11-26,10.670000076293945,10.729999542236328,10.520000457763672,10.649999618530273,15078444.0
2025-11-27,10.649999618530273,10.680000305175781,10.449999809265137,10.539999961853027,14664135.0
2025-11-28,10.59000015258789,10.630000114440918,10.390000343322754,10.510000228881836,6418000.0
2025-12-01,10.550000190734863,10.710000038146973,10.479999542236328,10.600000381469727,13148691.0
2025-12-02,10.550000190734863,10.84000015258789,10.550000190734863,10.75,31770108.0
2025-12-03,10.739999771118164,10.899999618530273,10.6899995803833,10.789999961853027,11299287.0
2025-12-04,10.800000190734863,10.899999618530273,10.670000076293945,10.729999542236328,9379216.0
2025-12-05,10.720000267028809,10.819999694824219,10.600000381469727,10.770000457763672,15711082.0
2025-12-08,10.819999694824219,10.819999694824219,10.229999542236328,10.25,27047000.0
2025-12-09,10.279999732971191,10.300000190734863,10.039999961853027,10.119999885559082,17862043.0
2025-12-10,10.140000343322754,10.25,9.949999809265137,10.229999542236328,12764055.0
2025-12-11,10.289999961853027,10.289999961853027,10.119999885559082,10.170000076293945,8738338.0
2025-12-12,10.119999885559082,10.220000267028809,10.0,10.180000305175781,22697000.0
2025-12-15,10.130000114440918,10.329999923706055,10.029999732971191,10.170000076293945,27251364.0
2025-12-16,10.109999656677246,10.229999542236328,10.079999923706055,10.170000076293945,20488403.0
2025-12-17,10.1899995803833,10.289999961853027,10.109999656677246,10.239999771118164,13910366.0
2025-12-18,10.3100004196167,10.420000076293945,10.170000076293945,10.399999618530273,16239000.0
2025-12-19,10.449999809265137,10.449999809265137,10.220000267028809,10.350000381469727,15229991.0
2025-12-22,10.300000190734863,10.430000305175781,10.069999694824219,10.380000114440918,14075638.0
2025-12-23,10.390000343322754,10.489999771118164,10.319999694824219,10.399999618530273,6860000.0
2025-12-24,10.109999656677246,10.109999656677246,10.109999656677246,10.109999656677246,0.0
2025-12-29,10.170000076293945,10.170000076293945,9.970000267028809,10.100000381469727,10402550.0
2025-12-30,10.010000228881836,10.140000343322754,9.979999542236328,10.0,8106150.0
2025-12-31,9.920000076293945,9.920000076293945,9.920000076293945,9.920000076293945,0.0
2026-01-02,9.9399995803833,10.100000381469727,9.890000343322754,10.100000381469727,2208000.0
2026-01-05,10.100000381469727,10.130000114440918,9.890000343322754,9.920000076293945,18105491.0
2026-01-06,10.010000228881836,10.470000267028809,9.899999618530273,10.399999618530273,20788846.0
2026-01-07,10.449999809265137,10.949999809265137,10.40999984741211,10.90999984741211,24307827.0
2026-01-08,10.960000038146973,11.0600004196167,10.770000457763672,11.020000457763672,16717902.0
2026-01-09,10.9399995803833,11.199999809265137,10.829999923706055,11.079999923706055,11441507.0
2026-01-12,11.130000114440918,11.220000267028809,10.880000114440918,11.0,12132552.0
2026-01-13,11.079999923706055,11.079999923706055,10.899999618530273,10.989999771118164,11335260.0
2026-01-14,10.899999618530273,11.050000190734863,10.699999809265137,11.0,19755570.0
2026-01-15,11.0,11.15999984741211,10.8100004196167,10.859999656677246,9231198.0
2026-01-16,10.989999771118164,11.0,10.630000114440918,10.729999542236328,12199206.0
2026-01-19,10.819999694824219,11.020000457763672,10.710000038146973,10.960000038146973,14655627.0
2026-01-20,10.850000381469727,11.149999618530273,10.640000343322754,11.100000381469727,16886411.0
2026-01-21,11.100000381469727,11.260000228881836,11.020000457763672,11.149999618530273,16753620.0
2026-01-22,11.149999618530273,11.4399995803833,11.149999618530273,11.25,9289458.0
2026-01-23,11.25,11.300000190734863,10.920000076293945,11.0,11157752.0
2026-01-26,10.84000015258789,11.300000190734863,10.84000015258789,11.25,11944428.0
2026-01-27,11.260000228881836,11.34000015258789,10.960000038146973,11.020000457763672,10472002.0
2026-01-28,11.0600004196167,11.420000076293945,10.890000343322754,11.350000381469727,20287292.0
2026-01-29,11.359999656677246,11.680000305175781,11.220000267028809,11.5600004196167,20633296.0
2026-01-30,11.569999694824219,11.770000457763672,11.289999961853027,11.430000305175781,20159514.0
2026-02-02,11.25,11.289999961853027,10.680000305175781,10.949999809265137,27364020.0
2026-02-03,10.949999809265137,11.069999694824219,10.75,10.970000267028809,10040494.0
2026-02-04,11.109999656677246,11.979999542236328,10.90999984741211,11.850000381469727,46952938.0
2026-02-05,11.699999809265137,11.899999618530273,11.569999694824219,11.84000015258789,21078537.0
2026-02-06,11.84000015258789,11.84000015258789,11.369999885559082,11.670000076293945,9262198.0
2026-02-09,11.65999984741211,12.069999694824219,11.65999984741211,12.010000228881836,17452312.0
2026-02-10,12.010000228881836,12.380000114440918,11.9399995803833,12.319999694824219,22150502.0
2026-02-11,12.319999694824219,12.670000076293945,12.130000114440918,12.630000114440918,19397040.0
2026-02-12,12.630000114440918,12.760000228881836,12.390000343322754,12.510000228881836,17128359.0
2026-02-13,12.350000381469727,12.449999809265137,12.029999732971191,12.140000343322754,13715839.0
2026-02-16,12.220000267028809,12.220000267028809,12.220000267028809,12.220000267028809,0.0
2026-02-20,12.34000015258789,12.34000015258789,11.609999656677246,12.180000305175781,3918704.0
2026-02-23,12.0,12.34000015258789,12.0,12.220000267028809,3351864.0
2026-02-24,12.260000228881836,12.600000381469727,12.09000015258789,12.5,16295707.0
2026-02-25,12.619999885559082,12.640000343322754,12.3100004196167,12.399999618530273,9069927.0
2026-02-26,12.350000381469727,12.510000228881836,12.010000228881836,12.170000076293945,14140387.0
2026-02-27,12.010000228881836,13.0,12.010000228881836,13.0,31632690.0
2026-03-02,13.5,13.680000305175781,13.199999809265137,13.5,56251111.0
2026-03-03,13.609999656677246,13.84000015258789,13.170000076293945,13.390000343322754,51955713.0
2026-03-04,13.399999618530273,13.539999961853027,12.760000228881836,13.420000076293945,44270270.0
2026-03-05,13.350000381469727,13.449999809265137,12.949999809265137,13.199999809265137,31407253.0
2026-03-06,13.199999809265137,13.680000305175781,12.890000343322754,13.680000305175781,47273730.0
2026-03-09,14.399999618530273,14.59000015258789,13.6899995803833,13.829999923706055,78908753.0
2026-03-10,13.069999694824219,13.65999984741211,12.850000381469727,13.399999618530273,29875527.0
2026-03-11,13.550000190734863,14.300000190734863,13.260000228881836,14.1899995803833,27259586.0
2026-03-12,14.479999542236328,15.149999618530273,14.239999771118164,14.880000114440918,54457332.0
2026-03-13,15.0,15.239999771118164,14.260000228881836,14.479999542236328,34021934.0
2026-03-16,14.640000343322754,14.75,13.8100004196167,14.1899995803833,42084152.0
2026-03-17,14.140000343322754,14.279999732971191,13.859999656677246,14.010000228881836,18645784.0
2026-03-18,14.0,14.34000015258789,13.789999961853027,14.119999885559082,21557381.0
2026-03-19,14.550000190734863,14.600000381469727,14.25,14.460000038146973,34461585.0
2026-03-20,14.390000343322754,14.619999885559082,13.960000038146973,14.520000457763672,23205847.0
2026-03-23,14.529999732971191,14.880000114440918,14.15999984741211,14.329999923706055,58161693.0
2026-03-24,14.180000305175781,14.399999618530273,13.90999984741211,13.979999542236328,33605474.0
2026-03-25,13.710000038146973,14.069999694824219,13.520000457763672,13.979999542236328,41662348.0
2026-03-26,14.0,14.239999771118164,13.720000267028809,14.100000381469727,18166140.0
2026-03-27,14.119999885559082,14.460000038146973,13.789999961853027,14.319999694824219,27043366.0
2026-03-30,14.579999923706055,14.579999923706055,13.680000305175781,13.899999618530273,38798721.0
2026-03-31,13.8100004196167,13.880000114440918,12.819999694824219,13.199999809265137,73282076.0
2026-04-01,13.09000015258789,13.489999771118164,12.979999542236328,13.100000381469727,32017423.0
2026-04-02,13.100000381469727,13.65999984741211,13.069999694824219,13.59000015258789,17774135.0
2026-04-08,13.199999809265137,13.420000076293945,12.84000015258789,13.3100004196167,31400719.0
2026-04-09,13.3100004196167,13.399999618530273,13.0600004196167,13.210000038146973,20377160.0
2026-04-10,13.300000190734863,13.329999923706055,13.109999656677246,13.300000190734863,11167818.0
2026-04-13,13.5,13.5600004196167,13.180000305175781,13.4399995803833,22050450.0
2026-04-14,13.4399995803833,13.630000114440918,13.34000015258789,13.489999771118164,10918350.0
2026-04-15,13.460000038146973,13.640000343322754,12.9399995803833,13.529999732971191,21368205.0
2026-04-16,13.539999961853027,13.65999984741211,13.390000343322754,13.5,15498060.0
2026-04-17,13.539999961853027,13.720000267028809,13.079999923706055,13.390000343322754,21652492.0
2026-04-20,13.34000015258789,13.479999542236328,12.779999732971191,12.84000015258789,42390460.0
2026-04-21,12.890000343322754,13.430000305175781,12.850000381469727,13.350000381469727,25216330.0
2026-04-22,13.270000457763672,13.539999961853027,13.130000114440918,13.279999732971191,23043035.0
2026-04-23,13.15999984741211,13.90999984741211,13.15999984741211,13.800000190734863,30842000.0
2026-04-24,13.800000190734863,14.050000190734863,13.619999885559082,13.829999923706055,21874262.0
2026-04-27,13.819999694824219,14.069999694824219,13.529999732971191,13.609999656677246,28119115.0
2026-04-28,13.789999961853027,14.579999923706055,13.34000015258789,14.579999923706055,45754191.0
2026-04-29,14.3100004196167,14.850000381469727,14.3100004196167,14.670000076293945,19611250.0
2026-04-30,14.8100004196167,14.979999542236328,14.449999809265137,14.619999885559082,17488473.0
2026-05-04,14.800000190734863,14.800000190734863,14.25,14.4399995803833,5572011.0
2026-05-05,14.4399995803833,14.520000457763672,14.140000343322754,14.3100004196167,4211067.0
2026-05-06,14.3100004196167,14.369999885559082,13.399999618530273,13.65999984741211,39082236.0
2026-05-07,13.529999732971191,13.550000190734863,12.880000114440918,12.970000267028809,29525872.0
2026-05-08,13.0,13.229999542236328,12.779999732971191,12.850000381469727,14332454.0
2026-05-11,13.029999732971191,13.079999923706055,12.600000381469727,12.680000305175781,19122726.0
2026-05-12,12.720000267028809,12.859999656677246,12.59000015258789,12.65999984741211,8566913.0
2026-05-13,12.75,12.770000457763672,12.4399995803833,12.510000228881836,13264968.0
2026-05-14,12.600000381469727,12.630000114440918,12.369999885559082,12.5,11807760.0
2026-05-15,12.5,12.760000228881836,12.220000267028809,12.600000381469727,15651250.0
2026-05-18,12.600000381469727,13.069999694824219,12.489999771118164,12.989999771118164,27496195.0
2026-05-19,12.880000114440918,13.039999961853027,12.770000457763672,12.890000343322754,14394948.0
2026-05-20,12.880000114440918,13.079999923706055,12.739999771118164,12.84000015258789,13772000.0
2026-05-21,12.75,12.75,12.34000015258789,12.420000076293945,19220742.0
2026-05-22,12.5,12.5,12.069999694824219,12.199999809265137,17642400.0
2026-05-26,12.180000305175781,12.520000457763672,12.09000015258789,12.449999809265137,18453703.0
2026-05-27,12.479999542236328,12.600000381469727,12.229999542236328,12.430000305175781,16593327.0
2026-05-28,12.4399995803833,12.729999542236328,12.300000190734863,12.399999618530273,22191958.0
2026-05-29,12.449999809265137,12.8100004196167,12.229999542236328,12.640000343322754,20951907.0
2026-06-01,12.640000343322754,13.720000267028809,12.5,13.539999961853027,44506648.0
2026-06-02,13.5,13.6899995803833,12.970000267028809,13.050000190734863,27132678.0
2026-06-03,13.050000190734863,13.380000114440918,12.850000381469727,13.220000267028809,25638073.0
2026-06-04,13.220000267028809,13.420000076293945,12.8100004196167,13.260000228881836,22803983.0
2026-06-05,13.239999771118164,13.239999771118164,12.6899995803833,12.75,28703679.0
2026-06-08,12.859999656677246,12.949999809265137,12.510000228881836,12.800000190734863,12328554.0
2026-06-09,12.579999923706055,12.680000305175781,12.300000190734863,12.479999542236328,20886170.0
2026-06-10,12.359999656677246,12.40999984741211,11.760000228881836,11.9399995803833,33562867.0
2026-06-11,12.010000228881836,12.199999809265137,11.84000015258789,12.130000114440918,20218265.0
2026-06-12,12.100000381469727,12.229999542236328,11.960000038146973,12.1899995803833,12911606.0
2026-06-15,12.0600004196167,12.0600004196167,11.270000457763672,11.5,26868210.0
2026-06-16,11.460000038146973,11.520000457763672,11.149999618530273,11.329999923706055,11291023.0
2026-06-17,11.300000190734863,11.350000381469727,11.050000190734863,11.300000190734863,15547300.0
2026-06-18,11.079999923706055,11.229999542236328,10.850000381469727,10.949999809265137,39853390.0
2026-06-22,10.960000038146973,11.199999809265137,10.699999809265137,11.09000015258789,18594666.0
2026-06-23,11.079999923706055,11.220000267028809,10.869999885559082,10.960000038146973,18510076.0
2026-06-24,10.880000114440918,10.989999771118164,10.649999618530273,10.859999656677246,18608260.0
2026-06-25,10.680000305175781,10.720000267028809,10.260000228881836,10.359999656677246,16802727.0
2026-06-26,10.380000114440918,10.5600004196167,9.979999542236328,10.0600004196167,26516799.0
2026-06-29,10.319999694824219,10.350000381469727,9.859999656677246,10.329999923706055,22760186.0
2026-06-30,10.350000381469727,10.350000381469727,9.710000038146973,9.850000381469727,25304755.0
2026-07-02,9.850000381469727,10.020000457763672,9.699999809265137,9.899999618530273,18735700.0
2026-07-03,10.300000190734863,10.300000190734863,9.90999984741211,10.020000457763672,11948915.0
2026-07-06,10.020000457763672,10.34000015258789,9.949999809265137,10.270000457763672,13192320.0
2026-07-07,10.289999961853027,10.289999961853027,9.869999885559082,10.079999923706055,11204407.0
2026-07-08,10.239999771118164,10.239999771118164,10.010000228881836,10.130000114440918,10462000.0
2026-07-09,10.180000305175781,10.25,9.9399995803833,9.989999771118164,9987883.0
2026-07-10,9.920000076293945,10.010000228881836,9.829999923706055,9.920000076293945,15297225.0
2026-07-13,10.029999732971191,10.149999618530273,9.800000190734863,9.960000038146973,23888454.0
2026-07-14,10.100000381469727,10.270000457763672,9.979999542236328,10.239999771118164,18575730.0
2026-07-15,10.289999961853027,10.289999961853027,10.050000190734863,10.229999542236328,21831522.0
2026-07-16,10.15999984741211,10.229999542236328,9.930000305175781,10.029999732971191,22034400.0
2026-07-17,10.119999885559082,10.119999885559082,9.8100004196167,9.979999542236328,18648000.0
2026-07-20,10.100000381469727,10.970000267028809,10.100000381469727,10.800000190734863,55999100.0
2026-07-21,10.779999732971191,10.779999732971191,10.489999771118164,10.5600004196167,19855969.0
2026-07-22,10.600000381469727,10.90999984741211,10.600000381469727,10.90999984741211,22698093.0
2026-07-23,10.930000305175781,11.279999732971191,10.90999984741211,11.170000076293945,29312158.0
2026-07-24,11.170000076293945,11.289999961853027,10.880000114440918,10.960000038146973,17772170.0
2026-07-27,10.800000190734863,10.890000343322754,10.539999961853027,10.800000190734863,17907599.0
2026-07-28,10.779999732971191,10.899999618530273,10.609999656677246,10.710000038146973,17380000.0
2026-07-29,10.880000114440918,10.9399995803833,10.630000114440918,10.859999656677246,9299337.0
2026-07-30,10.859999656677246,10.979999542236328,10.779999732971191,10.930000305175781,7290330.0
2026-07-31,10.649999618530273,10.779999732971191,10.569999694824219,10.710000038146973,9727980.0
2026-08-03,10.649999618530273,10.710000038146973,10.4399995803833,10.520000457763672,12497024.0
2026-08-04,10.640000343322754,10.640000343322754,10.34000015258789,10.470000267028809,9960091.0
2026-08-05,10.430000305175781,10.520000457763672,10.279999732971191,10.4399995803833,10773498.0
2026-08-06,10.359999656677246,10.920000076293945,10.359999656677246,10.75,17860110.0
2026-08-07,10.890000343322754,10.890000343322754,10.600000381469727,10.739999771118164,9609485.0
2026-08-10,10.859999656677246,11.319999694824219,10.819999694824219,11.229999542236328,17922705.0
2026-08-11,11.329999923706055,11.40999984741211,11.09000015258789,11.199999809265137,8040377.0
2026-08-12,11.119999885559082,11.239999771118164,10.890000343322754,10.930000305175781,7841233.0
2026-08-13,10.890000343322754,10.949999809265137,10.729999542236328,10.8100004196167,6805032.0
2026-08-14,10.819999694824219,11.039999961853027,10.710000038146973,10.979999542236328,10273305.0
2026-08-17,10.989999771118164,11.199999809265137,10.989999771118164,11.069999694824219,8475000.0
2026-08-18,11.069999694824219,11.399999618530273,11.069999694824219,11.279999732971191,11654375.0
2026-08-19,11.300000190734863,11.380000114440918,11.140000343322754,11.260000228881836,11557228.0
2026-08-20,11.380000114440918,11.460000038146973,11.109999656677246,11.210000038146973,7279114.0
2026-08-21,11.300000190734863,11.399999618530273,11.079999923706055,11.1899995803833,23578500.0
2026-08-24,11.300000190734863,11.649999618530273,11.300000190734863,11.529999732971191,20700047.0
2026-08-25,11.640000343322754,11.800000190734863,11.479999542236328,11.640000343322754,21060298.0
2026-08-26,11.600000381469727,11.6899995803833,11.4399995803833,11.59000015258789,7266000.0
2026-08-27,11.59000015258789,11.930000305175781,11.579999923706055,11.859999656677246,20328020.0
2026-08-28,11.84000015258789,12.069999694824219,11.710000038146973,11.979999542236328,15198614.0
