date,open,high,low,close,volume
2018-06-11,16.761110305786133,20.11111068725586,16.761110305786133,20.11111068725586,141892.0
2018-06-12,22.122222900390625,22.122222900390625,22.122222900390625,22.122222900390625,47842.0
2018-06-13,24.333332061767578,24.333332061767578,24.333332061767578,24.333332061767578,81054.0
2018-06-14,26.766666412353516,26.766666412353516,26.766666412353516,26.766666412353516,133680.0
2018-06-15,29.44444465637207,29.44444465637207,29.44444465637207,29.44444465637207,461718.0
2018-06-19,32.38888931274414,32.38888931274414,32.38888931274414,32.38888931274414,2011370.0
2018-06-20,35.627777099609375,35.627777099609375,35.627777099609375,35.627777099609375,2358687.0
2018-06-21,39.18888854980469,39.18888854980469,39.18888854980469,39.18888854980469,2216988.0
2018-06-22,40.0,40.39444351196289,35.272220611572266,36.97222137451172,230707078.0
2018-06-25,37.88888931274414,39.77777862548828,37.344444274902344,38.43888854980469,125967598.0
2018-06-26,37.71666717529297,41.97222137451172,37.27777862548828,41.21110916137695,112596384.0
2018-06-27,41.04999923706055,41.627777099609375,39.872222900390625,41.161109924316406,79449951.0
2018-06-28,40.72222137451172,41.883331298828125,37.46666717529297,37.89444351196289,95545765.0
2018-06-29,38.155555725097656,41.27777862548828,37.650001525878906,39.97777557373047,82257435.0
2018-07-02,39.06111145019531,39.71110916137695,38.39444351196289,38.88888931274414,58446327.0
2018-07-03,39.0,39.54999923706055,36.58333206176758,38.49444580078125,61038115.0
2018-07-04,37.86111068725586,37.86111068725586,36.38888931274414,36.622222900390625,47307954.0
2018-07-05,36.11111068725586,39.93333435058594,36.0444450378418,38.22777557373047,61808009.0
2018-07-06,38.22777557373047,41.38888931274414,38.166664123535156,39.377777099609375,88584168.0
2018-07-09,39.33333206176758,39.761112213134766,38.39444351196289,39.75,55924162.0
2018-07-10,41.666664123535156,42.161109924316406,39.81111145019531,40.22222137451172,65671921.0
2018-07-11,38.88888931274414,43.85555648803711,38.655555725097656,42.8055534362793,87061053.0
2018-07-12,42.238887786865234,47.094444274902344,42.0,47.094444274902344,77553381.0
2018-07-13,45.5555534362793,49.150001525878906,45.016666412353516,45.94444274902344,86763699.0
2018-07-16,45.94444274902344,47.08333206176758,44.5,46.61111068725586,53127352.0
2018-07-17,46.17222213745117,46.761112213134766,44.25555419921875,45.71110916137695,51507628.0
2018-07-18,45.71110916137695,46.872222900390625,44.50555419921875,45.71110916137695,48804910.0
2018-07-19,45.5555534362793,47.3055534362793,44.81666564941406,46.04999923706055,45134069.0
2018-07-20,45.83333206176758,50.655555725097656,45.56111145019531,50.516666412353516,76852143.0
2018-07-23,49.44444274902344,50.29999923706055,48.63888931274414,49.233333587646484,45025833.0
2018-07-24,49.166664123535156,51.64444351196289,48.61111068725586,50.983333587646484,47701845.0
2018-07-25,50.5555534362793,52.82222366333008,45.883331298828125,45.883331298828125,82294826.0
2018-07-26,44.72222137451172,45.88888931274414,42.5555534362793,43.44444274902344,70716598.0
2018-07-27,43.33333206176758,43.68888854980469,42.03888702392578,42.25,41057251.0
2018-07-30,42.5,42.96666717529297,41.666664123535156,42.69444274902344,32475322.0
2018-07-31,42.655555725097656,42.661109924316406,39.17222213745117,40.122222900390625,50630952.0
2018-08-01,40.0,40.905555725097656,39.4555549621582,39.67777633666992,32280568.0
2018-08-02,39.11111068725586,40.71666717529297,38.916664123535156,40.31111145019531,35736352.0
2018-08-03,39.86666488647461,40.633331298828125,38.14444351196289,38.666664123535156,31119960.0
2018-08-06,38.33333206176758,39.488887786865234,37.5555534362793,38.69444274902344,28272501.0
2018-08-07,39.155555725097656,41.36666488647461,38.88888931274414,40.99444580078125,35936904.0
2018-08-08,40.83333206176758,40.877777099609375,39.50555419921875,39.733333587646484,26587470.0
2018-08-09,39.666664123535156,42.03333282470703,39.0555534362793,41.14444351196289,33254755.0
2018-08-10,40.88888931274414,41.383331298828125,40.56666564941406,41.35555648803711,21012948.0
2018-08-13,40.5555534362793,41.21666717529297,40.016666412353516,41.11666488647461,19709202.0
2018-08-14,41.0,41.04999923706055,39.68888854980469,39.761112213134766,21124112.0
2018-08-15,39.43333435058594,40.016666412353516,38.33333206176758,38.39444351196289,23250069.0
2018-08-16,37.77777862548828,38.82222366333008,36.78333282470703,38.32777786254883,19287527.0
2018-08-17,38.83333206176758,39.17222213745117,37.83333206176758,37.86666488647461,14804706.0
2018-08-20,37.71110916137695,38.39444351196289,36.666664123535156,38.3055534362793,19661272.0
2018-08-21,38.31666564941406,39.32222366333008,37.78888702392578,38.650001525878906,18375910.0
2018-08-22,38.36666488647461,39.02777862548828,37.33888626098633,37.483333587646484,16199850.0
2018-08-23,37.58333206176758,38.69444274902344,37.266666412353516,38.38888931274414,21947644.0
2018-08-24,37.67222213745117,39.5555534362793,37.61111068725586,38.22222137451172,24049677.0
2018-08-27,38.099998474121094,39.43333435058594,37.71666717529297,39.14444351196289,23247165.0
2018-08-28,39.22777557373047,41.28888702392578,39.11111068725586,40.56111145019531,33865131.0
2018-08-29,40.33333206176758,40.83333206176758,39.89444351196289,40.56666564941406,18600906.0
2018-08-30,40.661109924316406,41.11111068725586,38.68333435058594,38.883331298828125,24627256.0
2018-08-31,38.04999923706055,38.44444274902344,36.11666488647461,36.38888931274414,28622183.0
2018-09-03,36.0,36.0,33.88888931274414,35.14444351196289,28639449.0
2018-09-04,35.11111068725586,35.69444274902344,34.86666488647461,35.47222137451172,14521604.0
2018-09-05,35.33333206176758,35.5444450378418,34.10555648803711,34.10555648803711,17440705.0
2018-09-06,33.666664123535156,34.8055534362793,33.511112213134766,34.35555648803711,15937331.0
2018-09-07,34.71666717529297,36.0444450378418,34.56111145019531,35.17777633666992,22947454.0
2018-09-10,35.31111145019531,35.43888854980469,33.88888931274414,34.08333206176758,11781180.0
2018-09-11,34.11111068725586,35.08888626098633,34.11111068725586,34.761112213134766,11932788.0
2018-09-12,34.88888931274414,36.25,34.78333282470703,35.83333206176758,21808774.0
2018-09-13,36.46666717529297,36.72222137451172,35.21666717529297,36.0,17733664.0
2018-09-14,36.83333206176758,38.33333206176758,36.58888626098633,36.61111068725586,28497290.0
2018-09-17,35.872222900390625,36.377777099609375,35.32777786254883,35.39444351196289,12836548.0
2018-09-18,35.0,36.89444351196289,34.99444580078125,36.86666488647461,14020619.0
2018-09-19,36.661109924316406,38.08888626098633,36.36111068725586,37.405555725097656,17104669.0
2018-09-20,37.22777557373047,38.83333206176758,37.22777557373047,37.772220611572266,18361290.0
2018-09-21,38.127777099609375,38.83333206176758,37.70000076293945,38.43888854980469,13946772.0
2018-09-25,38.0,38.5,37.61666488647461,37.96110916137695,7567543.0
2018-09-26,38.14444351196289,40.83333206176758,38.14444351196289,40.49444580078125,28910833.0
2018-09-27,40.13888931274414,41.63888931274414,39.83333206176758,40.3055534362793,24650400.0
2018-09-28,40.06111145019531,41.71666717529297,40.06111145019531,40.5555534362793,21457976.0
2018-10-08,39.93333435058594,39.93333435058594,37.666664123535156,38.02777862548828,23610103.0
2018-10-09,38.28333282470703,38.42222213745117,35.61111068725586,36.0555534362793,24100878.0
2018-10-10,36.45000076293945,36.5555534362793,35.33333206176758,36.0555534362793,12893783.0
2018-10-11,34.377777099609375,35.261112213134766,33.06111145019531,33.58333206176758,23057037.0
2018-10-12,33.58333206176758,35.08888626098633,33.5444450378418,34.92222213745117,15480567.0
2018-10-15,38.22222137451172,38.416664123535156,37.71110916137695,38.416664123535156,35642676.0
2018-10-16,38.88888931274414,39.08888626098633,37.74444580078125,38.25,18813954.0
2018-10-17,38.761112213134766,39.877777099609375,38.45000076293945,38.88888931274414,25617897.0
2018-10-18,38.166664123535156,39.666664123535156,36.400001525878906,37.7944450378418,19459623.0
2018-10-19,37.22777557373047,41.25555419921875,37.22777557373047,40.983333587646484,25425201.0
2018-10-22,41.161109924316406,45.0555534362793,41.161109924316406,43.94444274902344,32591451.0
2018-10-23,43.38888931274414,44.42222213745117,42.27777862548828,43.33333206176758,22925928.0
2018-10-24,43.24444580078125,44.150001525878906,42.28888702392578,42.77777862548828,18077045.0
2018-10-25,41.666664123535156,45.32222366333008,41.39444351196289,44.95000076293945,24069972.0
2018-10-26,44.82777786254883,44.82777786254883,40.56111145019531,41.44444274902344,31845063.0
2018-10-29,41.633331298828125,41.88888931274414,39.22222137451172,39.31111145019531,22895587.0
2018-10-30,39.25,41.86111068725586,38.82222366333008,41.666664123535156,23197597.0
2018-10-31,41.82777786254883,43.016666412353516,41.22222137451172,41.38888931274414,17629831.0
2018-11-01,41.77777862548828,42.67777633666992,40.67222213745117,40.89444351196289,17503126.0
2018-11-02,42.29999923706055,43.68333435058594,42.25,43.599998474121094,24670609.0
2018-11-05,43.599998474121094,45.82222366333008,43.22222137451172,44.10555648803711,23514330.0
2018-11-06,43.905555725097656,45.77777862548828,42.22222137451172,45.31666564941406,21898501.0
2018-11-07,44.5555534362793,45.766666412353516,43.45000076293945,43.911109924316406,22785717.0
2018-11-08,44.35555648803711,44.655555725097656,42.71666717529297,42.95000076293945,14480758.0
2018-11-09,42.77777862548828,43.916664123535156,42.58888626098633,43.19444274902344,10915086.0
2018-11-12,42.77777862548828,46.5555534362793,42.61111068725586,46.25,26801852.0
2018-11-13,45.5555534362793,45.83888626098633,44.33333206176758,45.349998474121094,25716612.0
2018-11-14,44.67222213745117,46.11111068725586,44.3055534362793,45.0,19423287.0
2018-11-15,44.67222213745117,45.666664123535156,44.38888931274414,45.19444274902344,13638342.0
2018-11-16,45.377777099609375,45.42222213745117,43.67777633666992,44.50555419921875,17656934.0
2018-11-19,44.21666717529297,45.266666412353516,43.88888931274414,44.08333206176758,13066201.0
2018-11-20,43.72777557373047,44.0,43.08888626098633,43.2055549621582,13899772.0
2018-11-21,43.0555534362793,44.3055534362793,42.5,43.69444274902344,13166692.0
2018-11-22,43.44444274902344,44.133331298828125,43.11111068725586,43.28333282470703,7329182.0
2018-11-23,43.28333282470703,43.3055534362793,41.0555534362793,41.099998474121094,18726739.0
2018-11-26,41.0,41.599998474121094,40.44444274902344,41.4555549621582,13698023.0
2018-11-27,41.488887786865234,42.69444274902344,40.97777557373047,42.0,14315997.0
2018-11-28,42.08333206176758,44.155555725097656,41.8055534362793,43.71110916137695,17853912.0
2018-11-29,44.166664123535156,45.27777862548828,43.349998474121094,43.349998474121094,17525251.0
2018-11-30,43.33888626098633,44.99444580078125,43.33888626098633,44.46110916137695,16321638.0
2018-12-03,45.844444274902344,46.383331298828125,44.75555419921875,44.916664123535156,22761406.0
2018-12-04,44.5555534362793,46.155555725097656,44.46666717529297,45.72222137451172,17243397.0
2018-12-05,45.0,45.88888931274414,44.77777862548828,45.2055549621582,13304797.0
2018-12-06,44.88888931274414,45.71110916137695,43.88888931274414,43.89444351196289,20493718.0
2018-12-07,43.988887786865234,44.70000076293945,43.988887786865234,44.27777862548828,10155839.0
2018-12-10,44.13888931274414,44.650001525878906,42.666664123535156,43.49444580078125,13692295.0
2018-12-11,43.61111068725586,43.988887786865234,43.233333587646484,43.64444351196289,6210111.0
2018-12-12,44.483333587646484,45.5444450378418,44.266666412353516,45.27777862548828,17050469.0
2018-12-13,45.511112213134766,45.7055549621582,44.766666412353516,45.61666488647461,13039970.0
2018-12-14,45.516666412353516,45.82222366333008,44.06111145019531,44.07777786254883,12762923.0
2018-12-17,43.77777862548828,44.71666717529297,42.77777862548828,44.53333282470703,12356065.0
2018-12-18,43.88888931274414,44.772220611572266,43.71110916137695,44.19444274902344,8794060.0
2018-12-19,43.97777557373047,45.38888931274414,43.522220611572266,44.166664123535156,12766775.0
2018-12-20,44.099998474121094,44.10555648803711,42.349998474121094,42.96666717529297,17592728.0
2018-12-21,43.07777786254883,43.61111068725586,42.0,43.61111068725586,15972737.0
2018-12-24,43.155555725097656,44.022220611572266,42.78333282470703,43.349998474121094,10689845.0
2018-12-25,42.79999923706055,43.18888854980469,42.02777862548828,42.88888931274414,11858950.0
2018-12-26,42.88888931274414,43.27777862548828,41.96110916137695,42.166664123535156,8865507.0
2018-12-27,42.88888931274414,43.0444450378418,42.099998474121094,42.099998474121094,8786647.0
2018-12-28,42.04999923706055,42.56666564941406,41.0,41.0,10132630.0
2019-01-02,41.25,41.650001525878906,40.849998474121094,40.92222213745117,7909372.0
2019-01-03,40.28333282470703,41.411109924316406,40.28333282470703,41.016666412353516,8090825.0
2019-01-04,40.738887786865234,42.911109924316406,40.68333435058594,42.75555419921875,14229595.0
2019-01-07,42.74444580078125,43.13888931274414,42.38888931274414,43.011112213134766,10745206.0
2019-01-08,42.900001525878906,44.13888931274414,42.88888931274414,44.07222366333008,15434982.0
2019-01-09,42.77777862548828,43.45000076293945,41.766666412353516,43.32222366333008,22283782.0
2019-01-10,43.133331298828125,43.25,42.233333587646484,42.377777099609375,15109691.0
2019-01-11,42.5555534362793,42.63888931274414,41.5555534362793,41.82777786254883,11046065.0
2019-01-14,41.83333206176758,42.405555725097656,41.27777862548828,42.266666412353516,8727831.0
2019-01-15,42.22222137451172,43.0444450378418,41.58333206176758,42.983333587646484,10572543.0
2019-01-16,42.72222137451172,42.88888931274414,42.45000076293945,42.594444274902344,4632951.0
2019-01-17,42.75,43.161109924316406,42.45000076293945,42.58888626098633,6693856.0
2019-01-18,42.86666488647461,42.86666488647461,41.11111068725586,41.88888931274414,11707068.0
2019-01-21,41.68333435058594,42.016666412353516,41.25555419921875,41.79999923706055,9434086.0
2019-01-22,41.666664123535156,42.03888702392578,41.127777099609375,41.261112213134766,7665944.0
2019-01-23,41.25555419921875,42.03333282470703,41.11666488647461,41.911109924316406,8792636.0
2019-01-24,41.666664123535156,42.14444351196289,41.5,41.761112213134766,6837152.0
2019-01-25,42.022220611572266,43.772220611572266,41.761112213134766,43.022220611572266,16414120.0
2019-01-28,43.38888931274414,43.47777557373047,42.233333587646484,42.261112213134766,8332007.0
2019-01-29,42.36666488647461,42.99444580078125,41.166664123535156,42.599998474121094,9425363.0
2019-01-30,41.2944450378418,42.97777557373047,40.89444351196289,42.33333206176758,13874007.0
2019-01-31,42.372222900390625,43.2055549621582,42.25,42.28888702392578,7942959.0
2019-02-01,42.594444274902344,43.983333587646484,42.33333206176758,43.5555534362793,11185939.0
2019-02-11,43.883331298828125,45.21110916137695,43.877777099609375,45.0,15017988.0
2019-02-12,44.72222137451172,45.33333206176758,44.46110916137695,45.0,8980417.0
2019-02-13,44.88888931274414,46.42777633666992,44.650001525878906,45.38888931274414,14178918.0
2019-02-14,45.27777862548828,49.377777099609375,45.19444274902344,47.06666564941406,22901965.0
2019-02-15,46.88888931274414,47.77777862548828,45.77777862548828,45.78888702392578,18927563.0
2019-02-18,46.19444274902344,47.155555725097656,45.86666488647461,46.92222213745117,15801696.0
2019-02-19,47.03333282470703,47.099998474121094,45.44444274902344,45.71666717529297,16966414.0
2019-02-20,46.0,46.94444274902344,45.61111068725586,46.2055549621582,10921395.0
2019-02-21,45.94444274902344,47.150001525878906,45.72222137451172,46.2944450378418,14811789.0
2019-02-22,46.11111068725586,47.38888931274414,45.61666488647461,46.872222900390625,16128064.0
2019-02-25,47.650001525878906,50.92222213745117,47.650001525878906,50.733333587646484,27740343.0
2019-02-26,50.0,50.44444274902344,48.71110916137695,49.166664123535156,20383579.0
2019-02-27,48.72222137451172,49.661109924316406,47.38888931274414,47.8055534362793,16386822.0
2019-02-28,47.78333282470703,49.5444450378418,47.78333282470703,48.72222137451172,13031852.0
2019-03-01,50.61111068725586,51.599998474121094,49.666664123535156,50.016666412353516,17314711.0
2019-03-04,50.83333206176758,52.86666488647461,50.405555725097656,51.32777786254883,25266504.0
2019-03-05,51.32222366333008,51.655555725097656,50.666664123535156,51.44444274902344,15508245.0
2019-03-06,51.733333587646484,52.11111068725586,49.655555725097656,50.666664123535156,18779259.0
2019-03-07,50.47222137451172,50.47222137451172,48.155555725097656,48.82777786254883,24672866.0
2019-03-08,47.77777862548828,49.0555534362793,47.06666564941406,47.2055549621582,19925393.0
2019-03-11,47.07222366333008,48.988887786865234,46.97222137451172,48.844444274902344,16838384.0
2019-03-12,50.88888931274414,52.13888931274414,49.56111145019531,50.594444274902344,26574183.0
2019-03-13,50.54999923706055,50.54999923706055,48.72777557373047,48.93333435058594,13639897.0
2019-03-14,48.877777099609375,50.266666412353516,48.511112213134766,49.416664123535156,14368635.0
2019-03-15,50.00555419921875,50.77777862548828,49.42777633666992,49.905555725097656,14078777.0
2019-03-18,49.93888854980469,50.0,48.83333206176758,49.599998474121094,13096371.0
2019-03-19,49.52777862548828,51.0444450378418,48.88888931274414,49.22222137451172,12270650.0
2019-03-20,49.166664123535156,49.166664123535156,47.67777633666992,48.42777633666992,15865412.0
2019-03-21,48.33333206176758,49.11111068725586,47.75,48.400001525878906,14644728.0
2019-03-22,48.400001525878906,48.400001525878906,47.33888626098633,48.099998474121094,10834185.0
2019-03-25,48.872222900390625,50.32222366333008,48.344444274902344,49.44444274902344,23383162.0
2019-03-26,48.900001525878906,49.161109924316406,47.166664123535156,47.38888931274414,17495609.0
2019-03-27,47.5,48.07777786254883,45.72222137451172,46.33888626098633,17085819.0
2019-03-28,46.29999923706055,46.86666488647461,45.61111068725586,46.22222137451172,10542947.0
2019-03-29,46.344444274902344,47.22222137451172,45.916664123535156,47.22222137451172,12823426.0
2019-04-01,47.31111145019531,48.31111145019531,47.22222137451172,47.97222137451172,16630362.0
2019-04-02,47.97222137451172,48.016666412353516,46.849998474121094,47.21110916137695,18434388.0
2019-04-03,47.11111068725586,47.33333206176758,46.599998474121094,46.93333435058594,12931268.0
2019-04-04,47.016666412353516,47.31111145019531,46.666664123535156,46.761112213134766,12023296.0
2019-04-08,47.06111145019531,47.166664123535156,45.0555534362793,45.71666717529297,20478562.0
2019-04-09,47.08888626098633,47.36111068725586,46.0555534362793,46.61666488647461,21496078.0
2019-04-10,46.56111145019531,46.56111145019531,45.38888931274414,45.68888854980469,19513506.0
2019-04-11,45.69444274902344,45.88888931274414,44.766666412353516,44.844444274902344,16116777.0
2019-04-12,44.9555549621582,45.89444351196289,44.95000076293945,45.5444450378418,10684211.0
2019-04-15,46.0,46.11666488647461,44.97222137451172,44.983333587646484,10791108.0
2019-04-16,44.72222137451172,45.7055549621582,44.650001525878906,45.7055549621582,10293699.0
2019-04-17,46.38888931274414,47.93333435058594,46.38888931274414,47.83888626098633,36900860.0
2019-04-18,47.844444274902344,47.94444274902344,46.900001525878906,47.02777862548828,12711205.0
2019-04-19,46.9555549621582,47.21666717529297,46.0555534362793,46.22222137451172,11334195.0
2019-04-22,46.22777557373047,46.44444274902344,45.016666412353516,45.127777099609375,11968612.0
2019-04-23,44.72222137451172,44.8055534362793,41.67222213745117,43.42777633666992,20746684.0
2019-04-24,43.43333435058594,44.36666488647461,43.0,44.32222366333008,9241873.0
2019-04-25,43.661109924316406,44.92222213745117,43.38888931274414,43.94444274902344,9535165.0
2019-04-26,43.88888931274414,44.63888931274414,43.877777099609375,44.08333206176758,6285241.0
2019-05-06,42.7055549621582,43.14444351196289,41.70000076293945,42.0555534362793,11777590.0
2019-05-07,42.22222137451172,43.011112213134766,42.011112213134766,42.13888931274414,6681492.0
2019-05-08,41.61111068725586,42.31666564941406,40.94444274902344,41.45000076293945,6299245.0
2019-05-09,41.11111068725586,41.71666717529297,40.349998474121094,40.38888931274414,8664161.0
2019-05-10,40.82222366333008,41.383331298828125,39.28888702392578,41.166664123535156,9733363.0
2019-05-13,40.58333206176758,40.70000076293945,39.58888626098633,39.772220611572266,8338897.0
2019-05-14,39.9555549621582,40.655555725097656,39.95000076293945,40.08888626098633,7799387.0
2019-05-15,40.27777862548828,41.75,40.27777862548828,41.655555725097656,11915161.0
2019-05-16,41.5555534362793,41.5555534362793,41.0555534362793,41.2944450378418,6726880.0
2019-05-17,41.50555419921875,41.50555419921875,39.9555549621582,40.13888931274414,6480552.0
2019-05-20,39.650001525878906,40.0444450378418,38.099998474121094,38.71666717529297,8142744.0
2019-05-21,39.011112213134766,39.5444450378418,38.82222366333008,38.97222137451172,5750888.0
2019-05-22,39.28888702392578,39.400001525878906,38.47222137451172,38.53888702392578,5008296.0
2019-05-23,38.22222137451172,38.47222137451172,37.38888931274414,37.488887786865234,7923034.0
2019-05-24,37.67777633666992,37.88888931274414,37.21666717529297,37.69444274902344,5276001.0
2019-05-27,37.772220611572266,38.68888854980469,37.599998474121094,38.44444274902344,7864237.0
2019-05-28,38.44444274902344,39.93333435058594,38.22222137451172,39.93333435058594,9572632.0
2019-05-29,39.00555419921875,39.60555648803711,38.916664123535156,39.2055549621582,5931203.0
2019-05-30,39.161109924316406,39.161109924316406,38.27777862548828,38.78333282470703,5170759.0
2019-05-31,39.0555534362793,39.150001525878906,38.53333282470703,38.57777786254883,4530022.0
2019-06-03,38.11111068725586,38.7055549621582,37.77777862548828,37.86666488647461,5855106.0
2019-06-04,38.0,38.0,37.11111068725586,37.150001525878906,5700020.0
2019-06-05,37.42777633666992,38.52777862548828,37.42222213745117,38.372222900390625,9016765.0
2019-06-06,38.22777557373047,38.272220611572266,37.03333282470703,37.18888854980469,6747274.0
2019-06-10,37.69444274902344,39.03888702392578,37.17222213745117,37.5555534362793,15921439.0
2019-06-11,35.56666564941406,38.29999923706055,35.5555534362793,37.883331298828125,43392799.0
2019-06-12,37.372222900390625,38.61111068725586,37.372222900390625,38.13888931274414,27631450.0
2019-06-13,38.11111068725586,40.14444351196289,37.72222137451172,39.45000076293945,38787753.0
2019-06-14,39.483333587646484,41.21110916137695,39.33333206176758,40.099998474121094,36779934.0
2019-06-17,40.13888931274414,41.016666412353516,39.5,39.97777557373047,21726880.0
2019-06-18,39.94444274902344,40.21110916137695,39.11111068725586,39.47222137451172,14724194.0
2019-06-19,40.5444450378418,40.68888854980469,38.400001525878906,38.71110916137695,25706694.0
2019-06-20,38.71110916137695,39.022220611572266,37.916664123535156,38.36666488647461,23068998.0
2019-06-21,39.44444274902344,39.44444274902344,38.25,38.383331298828125,21273454.0
2019-06-24,38.383331298828125,38.405555725097656,37.72777557373047,38.25555419921875,11890530.0
2019-06-25,38.24444580078125,38.44444274902344,37.67222213745117,38.238887786865234,13749822.0
2019-06-26,38.022220611572266,39.20000076293945,37.93888854980469,38.877777099609375,17007057.0
2019-06-27,38.78888702392578,39.28333282470703,38.58333206176758,38.849998474121094,19708023.0
2019-06-28,38.27777862548828,38.57222366333008,37.77777862548828,38.266666412353516,10298187.0
2019-07-01,38.88888931274414,39.44444274902344,38.50555419921875,39.06666564941406,23539014.0
2019-07-02,39.0444450378418,40.21110916137695,38.86666488647461,39.46666717529297,29253592.0
2019-07-03,39.72777557373047,40.56111145019531,39.0444450378418,39.88888931274414,39780302.0
2019-07-04,39.99444580078125,40.155555725097656,39.19444274902344,39.47222137451172,14551945.0
2019-07-05,39.5,39.72222137451172,38.900001525878906,39.488887786865234,16008748.0
2019-07-08,39.18333435058594,39.18333435058594,37.71666717529297,38.25555419921875,14947794.0
2019-07-09,38.266666412353516,39.383331298828125,38.0555534362793,39.36666488647461,17284912.0
2019-07-10,39.5,40.81666564941406,39.44444274902344,40.13888931274414,28676721.0
2019-07-11,40.83333206176758,40.844444274902344,39.94444274902344,40.233333587646484,12721102.0
2019-07-12,40.43888854980469,41.238887786865234,40.28333282470703,41.0444450378418,16950969.0
2019-07-15,41.39444351196289,41.43333435058594,40.5555534362793,40.92222213745117,20288685.0
2019-07-16,40.78333282470703,40.92222213745117,39.61666488647461,40.4555549621582,17292673.0
2019-07-17,40.25,41.022220611572266,40.155555725097656,40.54999923706055,7771026.0
2019-07-18,40.25555419921875,40.44444274902344,39.627777099609375,39.72222137451172,8130679.0
2019-07-19,39.83888626098633,40.52777862548828,39.761112213134766,40.27777862548828,10324537.0
2019-07-22,40.27777862548828,40.88888931274414,39.72777557373047,40.599998474121094,15778263.0
2019-07-23,40.77777862548828,42.75,40.344444274902344,42.150001525878906,29647269.0
2019-07-24,42.33333206176758,42.738887786865234,41.88888931274414,42.0444450378418,21543386.0
2019-07-25,42.0555534362793,42.63888931274414,41.83333206176758,42.11666488647461,21312192.0
2019-07-26,41.86666488647461,43.2055549621582,41.86666488647461,42.58888626098633,20747431.0
2019-07-29,42.511112213134766,43.0,42.22777557373047,42.599998474121094,12667672.0
2019-07-30,42.72222137451172,43.60555648803711,42.29999923706055,43.20000076293945,17362594.0
2019-07-31,43.11111068725586,43.11111068725586,42.22222137451172,42.22222137451172,11919823.0
2019-08-01,42.166664123535156,42.738887786865234,41.82222366333008,42.11111068725586,12150586.0
2019-08-02,41.10555648803711,42.0,40.97222137451172,41.82222366333008,12898818.0
2019-08-05,41.5,41.77777862548828,40.488887786865234,40.5555534362793,16185000.0
2019-08-06,39.33333206176758,40.383331298828125,39.17222213745117,40.08333206176758,15288885.0
2019-08-07,40.27777862548828,41.416664123535156,40.24444580078125,40.738887786865234,15488818.0
2019-08-08,41.11111068725586,41.21110916137695,40.44444274902344,40.599998474121094,6973912.0
2019-08-09,41.094444274902344,41.094444274902344,39.72777557373047,39.96110916137695,8518840.0
2019-08-12,39.89444351196289,40.77777862548828,39.738887786865234,40.761112213134766,7656498.0
2019-08-13,40.4555549621582,41.272220611572266,40.32222366333008,40.81666564941406,9557082.0
2019-08-14,41.11111068725586,41.71666717529297,40.83333206176758,40.83333206176758,11384755.0
2019-08-15,39.97222137451172,41.22222137451172,39.83888626098633,41.2055549621582,8320021.0
2019-08-16,41.11111068725586,41.22222137451172,40.57222366333008,40.67777633666992,12517245.0
2019-08-19,40.94444274902344,42.33333206176758,40.67777633666992,42.33333206176758,18922113.0
2019-08-20,42.32222366333008,42.416664123535156,41.75555419921875,41.905555725097656,12274315.0
2019-08-21,41.78888702392578,42.75,41.78888702392578,42.11111068725586,11759565.0
2019-08-22,42.22222137451172,42.22222137451172,41.666664123535156,42.0,8851498.0
2019-08-23,41.99444580078125,41.99444580078125,39.9555549621582,41.0555534362793,29817325.0
2019-08-26,40.49444580078125,40.96110916137695,40.27777862548828,40.42777633666992,16430207.0
2019-08-27,40.75555419921875,41.405555725097656,40.61666488647461,40.72222137451172,17289397.0
2019-08-28,41.2055549621582,41.261112213134766,40.20000076293945,40.28888702392578,15552147.0
2019-08-29,40.28333282470703,40.2944450378418,39.46110916137695,39.488887786865234,18136944.0
2019-08-30,39.70000076293945,40.488887786865234,39.20000076293945,40.150001525878906,21414094.0
2019-09-02,40.10555648803711,40.633331298828125,39.93888854980469,40.53333282470703,17652027.0
2019-09-03,40.39444351196289,40.5,39.35555648803711,39.5555534362793,23435033.0
2019-09-04,39.377777099609375,39.655555725097656,38.83333206176758,39.5444450378418,21079177.0
2019-09-05,39.56111145019531,40.21666717529297,39.56111145019531,39.61111068725586,22142865.0
2019-09-06,39.69444274902344,40.166664123535156,39.69444274902344,39.92222213745117,14925956.0
2019-09-09,40.28333282470703,42.77777862548828,40.03333282470703,42.77777862548828,46445306.0
2019-09-10,42.96110916137695,43.19444274902344,42.47222137451172,42.900001525878906,33890180.0
2019-09-11,43.27777862548828,45.0444450378418,42.97777557373047,43.2055549621582,38215101.0
2019-09-12,43.44444274902344,44.27777862548828,42.94444274902344,43.33333206176758,27728622.0
2019-09-16,43.883331298828125,44.0555534362793,42.400001525878906,42.61111068725586,24350257.0
2019-09-17,42.5444450378418,42.5444450378418,41.22777557373047,41.400001525878906,25771678.0
2019-09-18,41.69444274902344,41.92222213745117,41.36111068725586,41.43888854980469,18154074.0
2019-09-19,41.43888854980469,42.22222137451172,41.43888854980469,41.877777099609375,25438145.0
2019-09-20,41.9555549621582,42.28888702392578,41.44444274902344,41.58888626098633,23044933.0
2019-09-23,41.594444274902344,41.599998474121094,40.166664123535156,40.54999923706055,22157791.0
2019-09-24,40.633331298828125,41.06666564941406,40.03333282470703,40.405555725097656,23116806.0
2019-09-25,40.33333206176758,40.988887786865234,39.916664123535156,40.53333282470703,24111585.0
2019-09-26,40.666664123535156,40.75,39.4555549621582,39.69444274902344,23566251.0
2019-09-27,39.69444274902344,39.93888854980469,39.47777557373047,39.70000076293945,12858712.0
2019-09-30,39.88888931274414,40.03888702392578,39.53333282470703,39.72222137451172,12169272.0
2019-10-08,39.78333282470703,39.988887786865234,39.0,39.03333282470703,15724278.0
2019-10-09,38.89444351196289,38.905555725097656,37.988887786865234,38.38888931274414,23799342.0
2019-10-10,38.92777633666992,39.79999923706055,38.75555419921875,39.38888931274414,22113277.0
2019-10-11,39.53888702392578,40.07777786254883,39.07222366333008,39.70000076293945,17086611.0
2019-10-14,39.94444274902344,40.0,39.166664123535156,39.36111068725586,21966458.0
2019-10-15,39.36111068725586,40.0555534362793,39.25555419921875,39.42777633666992,16083138.0
2019-10-16,39.45000076293945,39.627777099609375,38.61111068725586,38.71666717529297,14622642.0
2019-10-17,38.72222137451172,38.872222900390625,38.272220611572266,38.5,13041907.0
2019-10-18,38.666664123535156,39.06666564941406,38.53333282470703,38.93888854980469,13730828.0
2019-10-21,39.0444450378418,39.0444450378418,38.33333206176758,38.68888854980469,9077702.0
2019-10-22,38.88888931274414,39.400001525878906,38.88888931274414,39.28888702392578,12469244.0
2019-10-23,39.27777862548828,39.52777862548828,38.916664123535156,39.31111145019531,11371766.0
2019-10-24,39.405555725097656,39.97222137451172,39.377777099609375,39.7944450378418,16277846.0
2019-10-25,39.83333206176758,39.86111068725586,39.20000076293945,39.4555549621582,9701485.0
2019-10-28,38.916664123535156,39.344444274902344,38.71110916137695,39.33888626098633,17939314.0
2019-10-29,39.383331298828125,39.383331298828125,38.405555725097656,38.488887786865234,17758173.0
2019-10-30,38.33333206176758,38.733333587646484,37.988887786865234,38.622222900390625,13610460.0
2019-10-31,38.5444450378418,38.7944450378418,38.155555725097656,38.17222213745117,10128250.0
2019-11-01,38.06666564941406,38.5555534362793,38.011112213134766,38.516666412353516,10104285.0
2019-11-04,38.666664123535156,38.883331298828125,38.38888931274414,38.849998474121094,14915881.0
2019-11-05,39.06111145019531,41.3055534362793,38.849998474121094,40.82222366333008,42808559.0
2019-11-06,42.372222900390625,43.82222366333008,41.86111068725586,42.166664123535156,79466670.0
2019-11-07,41.83333206176758,42.72777557373047,41.18333435058594,41.83333206176758,38994001.0
2019-11-08,42.166664123535156,42.88888931274414,41.666664123535156,42.011112213134766,34264508.0
2019-11-11,41.5444450378418,41.88888931274414,40.94444274902344,40.94444274902344,17984417.0
2019-11-12,41.11111068725586,41.83333206176758,40.86111068725586,41.36111068725586,16351691.0
2019-11-13,41.5555534362793,41.60555648803711,40.99444580078125,41.07777786254883,12123433.0
2019-11-14,41.33333206176758,41.58333206176758,41.00555419921875,41.166664123535156,12106575.0
2019-11-15,41.272220611572266,41.272220611572266,39.77777862548828,40.33333206176758,19299691.0
2019-11-18,40.488887786865234,40.661109924316406,40.08333206176758,40.483333587646484,8091912.0
2019-11-19,40.71110916137695,42.761112213134766,40.488887786865234,42.74444580078125,33536430.0
2019-11-20,42.68333435058594,43.38888931274414,42.33333206176758,42.38888931274414,20244256.0
2019-11-21,42.61111068725586,43.38888931274414,42.38888931274414,42.86111068725586,22396440.0
2019-11-22,45.5555534362793,47.0,44.14444351196289,44.72222137451172,76224913.0
2019-11-25,45.19444274902344,46.47222137451172,45.0,46.43333435058594,50550782.0
2019-11-26,46.10555648803711,49.77777862548828,45.5,48.88888931274414,70467044.0
2019-11-27,48.58333206176758,49.36666488647461,47.761112213134766,48.47222137451172,34999693.0
2019-11-28,48.166664123535156,49.77777862548828,47.86111068725586,48.56111145019531,26140435.0
2019-11-29,48.400001525878906,49.38888931274414,47.43333435058594,48.56111145019531,23259952.0
2019-12-02,49.0,49.06666564941406,47.666664123535156,48.38888931274414,21423092.0
2019-12-03,48.33333206176758,48.47222137451172,46.99444580078125,48.0,28240992.0
2019-12-04,47.97777557373047,49.31111145019531,47.32222366333008,48.166664123535156,30381469.0
2019-12-05,48.344444274902344,51.92222213745117,48.31111145019531,51.11111068725586,47453374.0
2019-12-06,50.94444274902344,51.883331298828125,50.61111068725586,51.666664123535156,24187924.0
2019-12-09,51.94444274902344,51.94444274902344,50.5,51.60555648803711,26549825.0
2019-12-10,51.11111068725586,52.46666717529297,50.72222137451172,51.86111068725586,22850838.0
2019-12-11,51.86111068725586,52.32777786254883,50.27777862548828,50.82777786254883,23985939.0
2019-12-12,50.81111145019531,51.61111068725586,49.56666564941406,49.83333206176758,26781647.0
2019-12-13,50.849998474121094,51.88888931274414,50.17777633666992,51.666664123535156,32921668.0
2019-12-16,51.411109924316406,51.594444274902344,50.71110916137695,51.27777862548828,32792184.0
2019-12-17,52.666664123535156,53.99444580078125,52.46666717529297,52.99444580078125,49930844.0
2019-12-18,52.47777557373047,52.5,51.2055549621582,51.772220611572266,33552966.0
2019-12-19,51.94444274902344,51.988887786865234,50.844444274902344,51.8055534362793,19518028.0
2019-12-20,51.79999923706055,52.71110916137695,51.50555419921875,51.5444450378418,18644304.0
2019-12-23,51.11111068725586,52.99444580078125,50.86666488647461,51.61111068725586,25457220.0
2019-12-24,51.77777862548828,55.60555648803711,51.77777862548828,55.27777862548828,53467902.0
2019-12-25,55.19444274902344,58.599998474121094,54.52777862548828,58.5,41953887.0
2019-12-26,58.33333206176758,59.43333435058594,57.0444450378418,58.400001525878906,26715018.0
2019-12-27,58.400001525878906,61.11111068725586,57.3055534362793,57.88888931274414,43298926.0
2019-12-30,59.2055549621582,61.38888931274414,58.33333206176758,61.11111068725586,42440335.0
2019-12-31,61.03333282470703,61.3055534362793,58.633331298828125,59.11111068725586,38701260.0
2020-01-02,59.56111145019531,60.47222137451172,58.72222137451172,59.733333587646484,37100860.0
2020-01-03,59.733333587646484,61.21666717529297,58.872222900390625,60.86111068725586,32551520.0
2020-01-06,61.83333206176758,63.61111068725586,59.88888931274414,60.60555648803711,47700360.0
2020-01-07,60.56111145019531,60.911109924316406,59.67222213745117,60.27777862548828,24313579.0
2020-01-08,60.56111145019531,61.94444274902344,59.5,60.88888931274414,34603322.0
2020-01-09,62.22222137451172,64.16666412353516,61.11666488647461,63.88888931274414,36295831.0
2020-01-10,63.44444274902344,63.44444274902344,62.0444450378418,62.95000076293945,25970412.0
2020-01-13,64.44444274902344,65.82221984863281,63.44444274902344,64.94444274902344,38875401.0
2020-01-14,66.39444732666016,67.08333587646484,63.988887786865234,64.27777862548828,39183251.0
2020-01-15,64.27777862548828,65.32221984863281,62.33888626098633,64.05555725097656,31965696.0
2020-01-16,64.44444274902344,64.72222137451172,63.25,64.66666412353516,23281484.0
2020-01-17,64.64444732666016,65.31111145019531,63.33333206176758,63.93333435058594,26392332.0
2020-01-20,63.883331298828125,69.4888916015625,62.72222137451172,68.44444274902344,44805960.0
2020-01-21,68.06111145019531,68.33333587646484,66.9222183227539,67.58333587646484,25680794.0
2020-01-22,67.58333587646484,74.34444427490234,66.32221984863281,74.34444427490234,62984809.0
2020-01-23,73.61111450195312,76.11111450195312,69.5,72.22222137451172,64302312.0
2020-02-03,70.31111145019531,79.71111297607422,70.27777862548828,75.19999694824219,94742283.0
2020-02-04,80.98332977294922,82.72222137451172,77.78333282470703,82.72222137451172,64644449.0
2020-02-05,87.87222290039062,90.99444580078125,86.83333587646484,90.99444580078125,95548287.0
2020-02-06,86.11666870117188,94.38333129882812,84.99444580078125,94.38333129882812,104254187.0
2020-02-07,92.22222137451172,94.07221984863281,88.30555725097656,89.0,81899064.0
2020-02-10,89.44444274902344,93.65555572509766,88.88888549804688,91.81111145019531,67573657.0
2020-02-11,92.88888549804688,93.33333587646484,87.55555725097656,88.0,61190206.0
2020-02-12,85.30555725097656,89.9111099243164,84.46111297607422,88.69444274902344,58655170.0
2020-02-13,86.6611099243164,88.54444122314453,85.38333129882812,86.85555267333984,56449728.0
2020-02-14,88.27777862548828,88.83333587646484,82.69999694824219,83.27777862548828,79131335.0
2020-02-17,82.77777862548828,86.75555419921875,82.71111297607422,85.61111450195312,62004839.0
2020-02-18,85.61111450195312,88.33333587646484,84.91666412353516,87.0111083984375,50814923.0
2020-02-19,91.66666412353516,91.72222137451172,84.93888854980469,85.11111450195312,75270209.0
2020-02-20,86.94444274902344,91.66666412353516,85.0,88.88888549804688,93319236.0
2020-02-21,87.66666412353516,90.27777862548828,86.23332977294922,88.83333587646484,60849246.0
2020-02-24,87.22222137451172,88.80555725097656,84.71111297607422,85.78333282470703,65741545.0
2020-02-25,83.18888854980469,91.94444274902344,82.68888854980469,89.91666412353516,92884734.0
2020-02-26,88.16666412353516,89.36111450195312,83.72222137451172,84.9222183227539,60890374.0
2020-02-27,86.16666412353516,87.03333282470703,82.66666412353516,83.04444122314453,59760441.0
2020-02-28,77.77222442626953,80.55555725097656,75.28333282470703,75.37222290039062,91520494.0
2020-03-02,77.11111450195312,78.86111450195312,74.97222137451172,77.77222442626953,57267003.0
2020-03-03,81.11111450195312,83.1611099243164,79.94444274902344,80.9888916015625,53443909.0
2020-03-04,79.99444580078125,81.04444122314453,77.65555572509766,79.83333587646484,37070305.0
2020-03-05,81.4111099243164,82.12777709960938,78.88888549804688,80.67778015136719,40433990.0
2020-03-06,78.89444732666016,81.83333587646484,78.61111450195312,79.73332977294922,28765564.0
2020-03-09,77.21666717529297,78.27777862548828,73.88888549804688,74.21666717529297,52604242.0
2020-03-10,74.22777557373047,78.71666717529297,73.89444732666016,78.05555725097656,52220106.0
2020-03-11,79.44444274902344,82.54444122314453,77.11111450195312,78.20555877685547,60591630.0
2020-03-12,75.66666412353516,75.98332977294922,72.95555877685547,74.57777404785156,59658226.0
2020-03-13,70.05555725097656,74.33333587646484,70.00555419921875,73.22222137451172,48754231.0
2020-03-16,71.11111450195312,71.5999984741211,66.05000305175781,66.18333435058594,87855633.0
2020-03-17,67.22222137451172,68.29444122314453,61.8055534362793,65.55555725097656,70094813.0
2020-03-18,66.05555725097656,68.61111450195312,64.44444274902344,65.21111297607422,55937656.0
2020-03-19,66.11111450195312,66.38888549804688,62.04999923706055,63.99444580078125,59226946.0
2020-03-20,65.55555725097656,66.5,62.900001525878906,64.55000305175781,39662512.0
2020-03-23,61.5555534362793,61.983333587646484,58.33888626098633,59.44444274902344,54419059.0
2020-03-24,61.44444274902344,62.71110916137695,59.44444274902344,62.22777557373047,51611752.0
2020-03-25,64.55555725097656,67.87777709960938,64.44444274902344,67.21111297607422,68667440.0
2020-03-26,66.11666870117188,67.97222137451172,65.72222137451172,66.44444274902344,34693273.0
2020-03-27,67.89444732666016,68.51666259765625,65.19999694824219,65.96111297607422,31210338.0
2020-03-30,64.44444274902344,67.02222442626953,61.5,66.27222442626953,46761285.0
2020-03-31,66.81666564941406,68.40555572509766,65.47777557373047,66.61666870117188,34636532.0
2020-04-01,68.38888549804688,69.75555419921875,66.15555572509766,66.88333129882812,53540258.0
2020-04-02,65.27777862548828,68.62777709960938,64.8388900756836,68.60555267333984,37032724.0
2020-04-03,69.25,69.44444274902344,66.55555725097656,67.37222290039062,32427927.0
2020-04-07,68.66666412353516,70.05000305175781,68.34444427490234,69.18888854980469,32512577.0
2020-04-08,68.83333587646484,69.71666717529297,68.11111450195312,68.31111145019531,21098471.0
2020-04-09,68.87777709960938,69.15555572509766,66.56111145019531,66.78888702392578,28479020.0
2020-04-10,67.30555725097656,68.37222290039062,65.51666259765625,65.80555725097656,26024497.0
2020-04-13,63.83333206176758,64.99444580078125,62.82222366333008,63.72777557373047,22195504.0
2020-04-14,65.55555725097656,70.0888900756836,65.27777862548828,70.0888900756836,69912685.0
2020-04-15,72.11111450195312,73.27222442626953,70.68333435058594,71.30555725097656,57921285.0
2020-04-16,71.2611083984375,74.28333282470703,70.45555877685547,73.61111450195312,38350458.0
2020-04-17,75.5999984741211,78.0999984741211,75.05555725097656,75.90555572509766,51999087.0
2020-04-20,75.77777862548828,75.97222137451172,73.26666259765625,74.71666717529297,33400719.0
2020-04-21,73.32777404785156,73.81111145019531,70.55555725097656,72.5888900756836,34597643.0
2020-04-22,70.7388916015625,73.5,70.72222137451172,72.9888916015625,25745553.0
2020-04-23,73.83333587646484,73.83333587646484,71.44444274902344,72.10555267333984,22317582.0
2020-04-24,72.22222137451172,75.55555725097656,72.22222137451172,73.13888549804688,30291238.0
2020-04-27,73.9000015258789,75.55555725097656,73.37777709960938,74.46111297607422,25285590.0
2020-04-28,76.11111450195312,77.83333587646484,73.12222290039062,76.82221984863281,40532671.0
2020-04-29,75.62777709960938,77.88333129882812,75.56111145019531,77.06666564941406,21337034.0
2020-04-30,80.0,82.50555419921875,80.0,80.1500015258789,41613157.0
2020-05-06,77.22222137451172,81.55555725097656,77.08333587646484,80.99444580078125,34143103.0
2020-05-07,81.27777862548828,81.77777862548828,78.33333587646484,79.60555267333984,28685871.0
2020-05-08,79.44444274902344,80.67778015136719,78.27222442626953,80.02777862548828,25239384.0
2020-05-11,80.11111450195312,81.0999984741211,75.03333282470703,76.46111297607422,51046975.0
2020-05-12,77.25555419921875,77.71111297607422,75.40555572509766,77.16666412353516,28281862.0
2020-05-13,76.29444122314453,77.58333587646484,76.04444122314453,76.81111145019531,21623808.0
2020-05-14,76.58333587646484,76.80555725097656,75.27777862548828,75.36666870117188,20227658.0
2020-05-15,77.74444580078125,82.05000305175781,77.19999694824219,80.72222137451172,57510745.0
2020-05-18,80.55555725097656,80.55555725097656,77.60555267333984,78.80000305175781,28678935.0
2020-05-19,79.55555725097656,81.0,79.17778015136719,79.67778015136719,18356873.0
2020-05-20,83.33333587646484,86.33333587646484,82.78333282470703,82.96111297607422,58910572.0
2020-05-21,84.3388900756836,85.30555725097656,81.43333435058594,82.1611099243164,27400683.0
2020-05-22,81.45555877685547,81.5888900756836,78.33333587646484,79.32221984863281,26173422.0
2020-05-25,79.26666259765625,80.22777557373047,78.08333587646484,80.05555725097656,17931789.0
2020-05-26,80.98332977294922,83.56111145019531,80.66666412353516,83.3388900756836,30969136.0
2020-05-27,83.31111145019531,86.11111450195312,83.27777862548828,84.10555267333984,32346210.0
2020-05-28,83.32777404785156,83.83333587646484,79.72222137451172,82.12777709960938,31083136.0
2020-05-29,81.66666412353516,82.12777709960938,80.27777862548828,80.94444274902344,24402628.0
2020-06-01,81.92778015136719,85.01666259765625,81.31111145019531,83.84444427490234,27065451.0
2020-06-02,85.55555725097656,86.05000305175781,81.65555572509766,83.05555725097656,24449990.0
2020-06-03,83.33333587646484,83.95555877685547,82.11666870117188,82.32221984863281,20154198.0
2020-06-04,83.22222137451172,85.62777709960938,82.55555725097656,83.23332977294922,24527152.0
2020-06-05,83.08333587646484,84.08333587646484,81.81111145019531,83.9888916015625,17354106.0
2020-06-08,85.4111099243164,85.86111450195312,83.5888900756836,84.00555419921875,18832410.0
2020-06-09,85.83333587646484,86.6500015258789,85.05555725097656,85.38333129882812,26926245.0
2020-06-10,88.83333587646484,88.83333587646484,85.27777862548828,86.97777557373047,35350318.0
2020-06-11,88.88888549804688,94.4888916015625,87.8499984741211,90.58333587646484,65652006.0
2020-06-12,88.9888916015625,90.27777862548828,88.26666259765625,88.57221984863281,44895319.0
2020-06-15,86.79444122314453,89.5888900756836,86.39444732666016,87.61111450195312,28296903.0
2020-06-16,89.44444274902344,90.71111297607422,87.78333282470703,88.86666870117188,23324088.0
2020-06-17,88.35555267333984,89.16666412353516,86.6722183227539,87.66666412353516,22335721.0
2020-06-18,87.66666412353516,88.6500015258789,86.66666412353516,88.30555725097656,17082205.0
2020-06-19,88.87777709960938,93.77777862548828,88.41666412353516,92.16666412353516,43662441.0
2020-06-22,92.08333587646484,95.16666412353516,91.38888549804688,91.84444427490234,33722506.0
2020-06-23,92.22222137451172,93.96111297607422,90.84444427490234,93.82777404785156,28374908.0
2020-06-24,94.73332977294922,96.43333435058594,94.05555725097656,95.32221984863281,25737728.0
2020-06-29,94.72222137451172,95.83333587646484,93.89444732666016,94.95555877685547,20696128.0
2020-06-30,96.11111450195312,99.70555877685547,96.11111450195312,96.94444274902344,29008868.0
2020-07-01,99.16666412353516,101.05555725097656,93.26666259765625,94.19444274902344,50692460.0
2020-07-02,95.55555725097656,95.65555572509766,91.39444732666016,93.01666259765625,48175005.0
2020-07-03,94.44444274902344,94.85555267333984,92.79444122314453,93.22222137451172,42365604.0
2020-07-06,93.44444274902344,100.0,93.10555267333984,98.75,54944582.0
2020-07-07,104.44444274902344,108.65555572509766,104.16666412353516,108.65555572509766,45437801.0
2020-07-08,109.99444580078125,110.45555877685547,105.54444122314453,109.76666259765625,51299344.0
2020-07-09,109.44444274902344,114.87222290039062,108.88888549804688,113.87777709960938,49804416.0
2020-07-10,112.76666259765625,115.0888900756836,111.44444274902344,113.1500015258789,29880239.0
2020-07-13,117.55555725097656,124.60555267333984,117.55555725097656,124.50555419921875,54138382.0
2020-07-14,118.88888549804688,122.61111450195312,116.03333282470703,119.9888916015625,59582926.0
2020-07-15,121.66666412353516,122.53888702392578,112.28333282470703,114.87222290039062,48909398.0
2020-07-16,115.55555725097656,118.26666259765625,109.11111450195312,109.30555725097656,48620611.0
2020-07-17,109.44999694824219,111.76666259765625,104.4888916015625,108.71111297607422,54384643.0
2020-07-20,113.38333129882812,117.28333282470703,110.60555267333984,114.04444122314453,51730574.0
2020-07-21,116.6611099243164,116.6611099243164,112.77777862548828,115.0,33163549.0
2020-07-22,113.88888549804688,117.32777404785156,112.79444122314453,115.4222183227539,34249622.0
2020-07-23,115.0,119.72777557373047,114.44444274902344,118.5,45569977.0
2020-07-24,116.11111450195312,116.61111450195312,108.80555725097656,110.4111099243164,61477225.0
2020-07-27,110.0,111.65555572509766,105.55000305175781,106.18888854980469,44918911.0
2020-07-28,108.91666412353516,111.38888549804688,108.61666870117188,109.74444580078125,35896662.0
2020-07-29,109.73332977294922,113.88888549804688,108.48332977294922,113.39444732666016,33874725.0
2020-07-30,113.88888549804688,114.9888916015625,112.44444274902344,114.06666564941406,25565349.0
2020-07-31,114.44444274902344,119.61111450195312,114.16666412353516,117.88888549804688,36952128.0
2020-08-03,118.82221984863281,119.88888549804688,116.69444274902344,119.7388916015625,26878998.0
2020-08-04,119.05555725097656,123.87777709960938,116.84444427490234,117.8499984741211,34393899.0
2020-08-05,117.07777404785156,118.22222137451172,114.75,116.72777557373047,22614327.0
2020-08-06,120.4888916015625,121.04444122314453,115.55555725097656,117.45555877685547,26017718.0
2020-08-07,116.11111450195312,119.05555725097656,112.28333282470703,113.49444580078125,32023526.0
2020-08-10,113.44444274902344,114.05555725097656,110.04444122314453,111.4111099243164,23310439.0
2020-08-11,111.52777862548828,113.66666412353516,110.07221984863281,110.2388916015625,21632306.0
2020-08-12,111.05555725097656,111.25555419921875,104.55555725097656,108.72222137451172,45187084.0
2020-08-13,111.55555725097656,112.21111297607422,108.03888702392578,108.86111450195312,23283243.0
2020-08-14,109.83333587646484,111.36111450195312,108.88333129882812,111.19444274902344,21026206.0
2020-08-17,111.11111450195312,111.31666564941406,107.88888549804688,109.22222137451172,35077215.0
2020-08-18,110.88888549804688,113.88888549804688,108.82221984863281,110.75,39602215.0
2020-08-19,109.88888549804688,109.88888549804688,105.55555725097656,105.62777709960938,33329894.0
2020-08-20,103.88888549804688,106.11111450195312,102.77777862548828,104.66666412353516,23250700.0
2020-08-21,106.31111145019531,107.74444580078125,105.55555725097656,106.71111297607422,26071149.0
2020-08-24,107.88888549804688,115.55555725097656,106.80000305175781,112.22777557373047,46082793.0
2020-08-25,112.22777557373047,114.44444274902344,110.53333282470703,111.0888900756836,25898706.0
2020-08-26,110.56111145019531,111.0999984741211,107.18888854980469,107.94444274902344,27201997.0
2020-08-27,112.5,115.83333587646484,110.55555725097656,113.81111145019531,50756310.0
2020-08-28,114.62222290039062,116.38888549804688,113.15555572509766,115.69444274902344,30083439.0
2020-08-31,116.47777557373047,117.0888900756836,113.89444732666016,114.13888549804688,23778145.0
2020-09-01,114.72222137451172,119.44444274902344,113.89444732666016,119.05000305175781,34972844.0
2020-09-02,118.53333282470703,118.96111297607422,115.55555725097656,117.38888549804688,26107826.0
2020-09-03,116.66666412353516,117.22222137451172,114.38333129882812,116.5999984741211,22125940.0
2020-09-04,112.34444427490234,114.25555419921875,111.43333435058594,113.66666412353516,26274443.0
2020-09-07,112.72222137451172,113.80555725097656,100.0,103.56111145019531,80128418.0
2020-09-08,102.77777862548828,104.44444274902344,99.72777557373047,103.88333129882812,39441321.0
2020-09-09,99.38888549804688,104.16666412353516,99.00555419921875,102.3388900756836,33773522.0
2020-09-10,102.77777862548828,105.27777862548828,102.5,102.78888702392578,26517817.0
2020-09-11,103.33333587646484,105.16666412353516,101.87222290039062,104.05000305175781,20804830.0
2020-09-14,105.83333587646484,108.32221984863281,105.55555725097656,107.09444427490234,25535766.0
2020-09-15,108.61111450195312,109.44444274902344,107.12222290039062,108.23332977294922,20729736.0
2020-09-16,109.32777404785156,109.38888549804688,105.83333587646484,106.7388916015625,21120595.0
2020-09-17,106.80000305175781,112.19444274902344,106.11111450195312,110.23332977294922,32340459.0
2020-09-18,110.50555419921875,111.11111450195312,108.46111297607422,110.58333587646484,18265548.0
2020-09-21,112.16666412353516,115.55555725097656,109.36666870117188,109.96666717529297,28736674.0
2020-09-22,111.11111450195312,113.44444274902344,109.96111297607422,111.38888549804688,21964042.0
2020-09-23,110.88888549804688,111.0111083984375,106.16666412353516,109.50555419921875,28019752.0
2020-09-24,107.58333587646484,108.77777862548828,105.61666870117188,106.02777862548828,18950810.0
2020-09-25,107.55555725097656,108.16666412353516,105.88333129882812,106.49444580078125,12051552.0
2020-09-28,107.47222137451172,109.41666412353516,106.56111145019531,107.1722183227539,14712161.0
2020-09-29,108.60555267333984,114.58333587646484,108.57221984863281,113.41666412353516,35672889.0
2020-09-30,114.05555725097656,117.22777557373047,113.22222137451172,116.18333435058594,28281126.0
2020-10-09,122.21666717529297,127.15555572509766,122.09444427490234,124.96666717529297,42773833.0
2020-10-12,126.66666412353516,130.55555725097656,126.27777862548828,130.18333435058594,33577599.0
2020-10-13,129.72222900390625,132.54444885253906,127.23332977294922,130.9888916015625,19170466.0
2020-10-14,131.6666717529297,135.54444885253906,130.44444274902344,131.6666717529297,24448469.0
2020-10-15,133.9499969482422,135.61111450195312,131.6666717529297,132.6666717529297,17664899.0
2020-10-16,133.05555725097656,133.3333282470703,124.61666870117188,126.8388900756836,36183337.0
2020-10-19,128.51666259765625,131.1666717529297,126.66666412353516,127.45555877685547,23248472.0
2020-10-20,128.12777709960938,134.10000610351562,127.18888854980469,134.0833282470703,24008601.0
2020-10-21,133.36666870117188,133.68333435058594,126.4888916015625,129.10000610351562,28907145.0
2020-10-22,127.88888549804688,129.88888549804688,126.11111450195312,128.25,15980142.0
2020-10-23,129.17222595214844,132.5,124.69444274902344,125.94444274902344,20509533.0
2020-10-26,125.53888702392578,129.79444885253906,121.8499984741211,129.522216796875,19207751.0
2020-10-27,130.55555725097656,132.55555725097656,128.88888549804688,131.77777099609375,16117810.0
2020-10-28,126.47222137451172,136.37222290039062,125.9222183227539,133.36666870117188,39962206.0
2020-10-29,131.6777801513672,135.56666564941406,129.06666564941406,133.7111053466797,31042854.0
2020-10-30,133.89999389648438,142.55555725097656,132.38888549804688,137.33888244628906,40831533.0
2020-11-02,137.22222900390625,147.5,135.83888244628906,144.522216796875,34103035.0
2020-11-03,144.44444274902344,144.44444274902344,137.3222198486328,142.23333740234375,33221997.0
2020-11-04,141.6666717529297,144.44444274902344,138.88888549804688,141.97222900390625,19911009.0
2020-11-05,145.0,149.1666717529297,144.977783203125,149.1666717529297,28432663.0
2020-11-06,150.76666259765625,152.90554809570312,144.44444274902344,146.38888549804688,28185093.0
2020-11-09,148.88888549804688,151.61111450195312,145.05555725097656,148.01666259765625,23811426.0
2020-11-10,147.39999389648438,151.04444885253906,141.97222900390625,147.73333740234375,25951579.0
2020-11-11,146.727783203125,148.60000610351562,139.35556030273438,139.35556030273438,28365116.0
2020-11-12,144.44444274902344,144.44444274902344,140.3222198486328,141.25,17490355.0
2020-11-13,143.39999389648438,144.87222290039062,140.55555725097656,140.67222595214844,20479820.0
2020-11-16,141.0500030517578,143.1666717529297,137.4611053466797,141.61111450195312,22161717.0
2020-11-17,142.94444274902344,144.44444274902344,136.94444274902344,139.26666259765625,24614735.0
2020-11-18,138.95555114746094,140.03334045410156,131.56666564941406,133.61111450195312,34709977.0
2020-11-19,133.89443969726562,135.30555725097656,131.727783203125,134.5,17564418.0
2020-11-20,135.82777404785156,140.88888549804688,135.8222198486328,140.04444885253906,22146231.0
2020-11-23,140.04444885253906,144.27777099609375,138.94444274902344,140.55555725097656,21764327.0
2020-11-24,143.3333282470703,143.94444274902344,138.89443969726562,141.5,17625538.0
2020-11-25,142.55555725097656,142.7111053466797,135.77777099609375,136.7888946533203,21077809.0
2020-11-26,137.0,137.0,132.88888549804688,136.3000030517578,15533073.0
2020-11-27,136.3444366455078,138.20555114746094,132.22222900390625,134.44444274902344,15179797.0
2020-11-30,135.55555725097656,135.55555725097656,130.0111083984375,134.88888549804688,22799224.0
2020-12-01,132.6666717529297,137.02777099609375,132.22222900390625,136.7611083984375,17085547.0
2020-12-02,136.6666717529297,136.6666717529297,131.44444274902344,135.38333129882812,21537558.0
2020-12-03,135.38333129882812,137.20555114746094,132.4277801513672,136.66111755371094,19239409.0
2020-12-04,136.14443969726562,139.61111450195312,135.75,138.73333740234375,16620811.0
2020-12-07,139.38888549804688,147.12777709960938,139.38888549804688,145.25555419921875,30803317.0
2020-12-08,147.5,149.9388885498047,146.94444274902344,147.79444885253906,20945084.0
2020-12-09,149.29444885253906,151.44444274902344,145.60000610351562,147.77777099609375,27654568.0
2020-12-10,146.19444274902344,148.61111450195312,143.88888549804688,147.12222290039062,17974195.0
2020-12-11,146.28334045410156,148.62222290039062,145.38888549804688,148.08888244628906,23208611.0
2020-12-14,148.0944366455078,149.29444885253906,145.61111450195312,147.77777099609375,19303408.0
2020-12-15,148.88888549804688,155.20555114746094,146.9166717529297,154.72222900390625,32006269.0
2020-12-16,155.6666717529297,159.05555725097656,153.88888549804688,158.92222595214844,25719845.0
2020-12-17,157.88888549804688,159.88888549804688,156.67222595214844,158.227783203125,15862186.0
2020-12-18,158.61111450195312,162.75,157.3444366455078,161.10556030273438,17122712.0
2020-12-21,164.86111450195312,180.55555725097656,162.94444274902344,180.55555725097656,35658714.0
2020-12-22,177.772216796875,183.51666259765625,173.1666717529297,174.24444580078125,30373920.0
2020-12-23,174.2611083984375,182.94444274902344,170.65554809570312,176.6666717529297,31302576.0
2020-12-24,176.11111450195312,177.03334045410156,171.38888549804688,172.77777099609375,17061472.0
2020-12-25,171.6666717529297,175.11111450195312,170.00555419921875,173.772216796875,17171881.0
2020-12-28,175.11111450195312,177.77777099609375,172.77777099609375,175.9888916015625,21551511.0
2020-12-29,175.99444580078125,177.11111450195312,168.54444885253906,171.11111450195312,21914623.0
2020-12-30,177.77777099609375,193.3000030517578,177.77777099609375,188.88888549804688,41187027.0
2020-12-31,191.65554809570312,196.61111450195312,189.83888244628906,195.0611114501953,27360937.0
2021-01-04,198.94444274902344,228.39443969726562,198.94444274902344,224.5,40465452.0
2021-01-05,219.44444274902344,224.3333282470703,214.4499969482422,223.3333282470703,40941361.0
2021-01-06,226.6666717529297,231.11111450195312,217.227783203125,225.98333740234375,33602605.0
2021-01-07,222.772216796875,230.55555725097656,220.4888916015625,229.5722198486328,31301076.0
2021-01-08,232.77777099609375,236.10556030273438,220.77777099609375,224.72222900390625,37812033.0
2021-01-11,227.7111053466797,227.7111053466797,214.44444274902344,216.6666717529297,41409068.0
2021-01-12,214.1666717529297,224.6666717529297,211.11111450195312,222.87222290039062,29807407.0
2021-01-13,222.22222900390625,228.05555725097656,207.2111053466797,213.88888549804688,49071540.0
2021-01-14,208.44444274902344,213.3333282470703,204.45555114746094,205.00555419921875,35291824.0
2021-01-15,204.4388885498047,213.3222198486328,202.77777099609375,211.4166717529297,35681270.0
2021-01-18,209.3000030517578,217.6666717529297,208.7611083984375,213.27777099609375,25562120.0
2021-01-19,213.3333282470703,214.44444274902344,202.52777099609375,203.39443969726562,29315989.0
2021-01-20,207.6666717529297,218.54444885253906,206.0611114501953,217.44444274902344,38414903.0
2021-01-21,215.0,221.6666717529297,211.11111450195312,217.38888549804688,31462498.0
2021-01-22,217.5,227.93333435058594,217.5,226.6666717529297,34279480.0
2021-01-25,225.72222900390625,232.41111755371094,217.96665954589844,220.52777099609375,39134565.0
2021-01-26,220.4499969482422,220.4499969482422,213.1999969482422,214.1666717529297,27187873.0
2021-01-27,217.77777099609375,218.44444274902344,206.6666717529297,216.95555114746094,26709319.0
2021-01-28,211.11111450195312,212.78334045410156,204.44444274902344,205.5,32727648.0
2021-01-29,208.89443969726562,209.44444274902344,190.3111114501953,196.727783203125,49682386.0
2021-02-01,196.11111450195312,198.27777099609375,192.3333282470703,194.62777709960938,31545145.0
2021-02-02,195.5611114501953,205.5500030517578,187.4277801513672,204.3333282470703,45155655.0
2021-02-03,210.55555725097656,215.3111114501953,208.36111450195312,211.65554809570312,37993129.0
2021-02-04,213.83888244628906,218.77777099609375,210.8333282470703,215.8333282470703,38934313.0
2021-02-05,219.44444274902344,220.5500030517578,207.13888549804688,207.47222900390625,33141051.0
2021-02-08,208.3333282470703,224.88888549804688,207.227783203125,224.44444274902344,43924784.0
2021-02-09,228.44444274902344,230.55555725097656,222.6666717529297,227.88888549804688,29166742.0
2021-02-10,229.99444580078125,231.44444274902344,225.55555725097656,229.25555419921875,29309322.0
2021-02-18,234.44444274902344,234.44444274902344,214.93333435058594,220.55555725097656,42884872.0
2021-02-19,216.6666717529297,220.0,207.88888549804688,215.27777099609375,33642637.0
2021-02-22,215.27777099609375,219.88888549804688,208.27777099609375,208.3333282470703,30096631.0
2021-02-23,205.55555725097656,209.1888885498047,200.4888916015625,209.1888885498047,24488542.0
2021-02-24,208.3333282470703,210.0,188.55555725097656,192.77777099609375,54489751.0
2021-02-25,196.5833282470703,196.5833282470703,186.11111450195312,187.27777099609375,44236263.0
2021-02-26,179.44444274902344,185.0,176.5500030517578,179.01666259765625,41311143.0
2021-03-01,184.17222595214844,192.0111083984375,182.37777709960938,191.44444274902344,36970923.0
2021-03-02,196.11111450195312,196.22222900390625,189.477783203125,194.22222900390625,27506035.0
2021-03-03,192.25,194.2388916015625,189.08888244628906,194.2388916015625,18835979.0
2021-03-04,191.6666717529297,191.6666717529297,179.39443969726562,180.87222290039062,32586125.0
2021-03-05,173.89443969726562,181.60000610351562,171.29444885253906,177.77777099609375,31153213.0
2021-03-08,179.44444274902344,185.95555114746094,167.15554809570312,169.44444274902344,38331925.0
2021-03-09,166.6666717529297,172.5,160.55555725097656,166.6666717529297,49243894.0
2021-03-10,175.55555725097656,179.04444885253906,173.88888549804688,174.72222900390625,42774782.0
2021-03-11,175.55555725097656,185.26666259765625,172.94444274902344,184.04444885253906,37735705.0
2021-03-12,187.17222595214844,191.6666717529297,184.05555725097656,189.6999969482422,34113673.0
2021-03-15,188.88888549804688,188.88888549804688,170.55555725097656,173.5,41472633.0
2021-03-16,176.11111450195312,180.5500030517578,174.1666717529297,179.44444274902344,24682314.0
2021-03-17,176.60000610351562,186.77777099609375,173.94444274902344,185.0,26410640.0
2021-03-18,185.55555725097656,190.61666870117188,185.28334045410156,186.55555725097656,20460520.0
2021-03-19,180.55555725097656,184.99444580078125,172.77777099609375,175.8333282470703,34148862.0
2021-03-22,177.22222900390625,178.3333282470703,166.0500030517578,171.0,41709389.0
2021-03-23,169.44444274902344,172.57777404785156,166.73333740234375,168.83888244628906,27210461.0
2021-03-24,169.44444274902344,169.5,158.3333282470703,160.4388885498047,45374734.0
2021-03-25,155.83888244628906,162.97222900390625,155.5833282470703,161.97222900390625,33191800.0
2021-03-26,163.88888549804688,174.47222900390625,162.77777099609375,174.23333740234375,42678513.0
2021-03-29,174.1666717529297,177.64999389648438,169.4499969482422,173.11111450195312,28013837.0
2021-03-30,173.11666870117188,178.3222198486328,171.11111450195312,177.2111053466797,22752694.0
2021-03-31,177.16111755371094,181.1999969482422,173.88888549804688,178.98333740234375,28898195.0
2021-04-01,179.88888549804688,186.38333129882812,179.61111450195312,183.32777404785156,20400863.0
2021-04-02,184.97222900390625,186.76666259765625,181.60000610351562,184.6666717529297,16673203.0
2021-04-06,186.11111450195312,187.77777099609375,177.272216796875,181.0,18834870.0
2021-04-07,184.9499969482422,184.9499969482422,173.4166717529297,177.77777099609375,24107664.0
2021-04-08,174.44444274902344,178.6999969482422,172.77777099609375,177.69444274902344,14167751.0
2021-04-09,180.00555419921875,180.00555419921875,172.22222900390625,173.3333282470703,16782634.0
2021-04-12,176.8111114501953,180.57777404785156,173.94444274902344,175.00555419921875,25307182.0
2021-04-13,174.05555725097656,185.0,173.94444274902344,180.3333282470703,24990777.0
2021-04-14,184.03334045410156,193.0500030517578,182.60000610351562,192.22222900390625,33307821.0
2021-04-15,188.86666870117188,189.72222900390625,185.0944366455078,187.22222900390625,22453446.0
2021-04-16,188.88888549804688,189.11111450195312,180.3333282470703,185.46665954589844,20765284.0
2021-04-19,186.11111450195312,202.5,184.0833282470703,202.22222900390625,36985827.0
2021-04-20,198.87777709960938,204.88333129882812,196.38888549804688,199.44444274902344,25710181.0
2021-04-21,195.08888244628906,198.8333282470703,193.22222900390625,197.60556030273438,22319357.0
2021-04-22,203.3333282470703,203.6666717529297,196.4611053466797,201.3111114501953,19424422.0
2021-04-23,201.3111114501953,207.22222900390625,200.00555419921875,206.38888549804688,20765768.0
2021-04-26,207.55555725097656,211.11111450195312,192.88888549804688,193.88888549804688,46122597.0
2021-04-27,194.44444274902344,194.88888549804688,189.03334045410156,193.6666717529297,27325762.0
2021-04-28,196.11666870117188,208.3333282470703,195.55555725097656,203.90554809570312,42538705.0
2021-04-29,206.00555419921875,212.1666717529297,204.37222290039062,211.10556030273438,32555376.0
2021-04-30,207.22222900390625,217.77777099609375,204.39999389648438,215.64999389648438,46557190.0
2021-05-06,216.6666717529297,216.6666717529297,204.72222900390625,213.3333282470703,34142446.0
2021-05-07,213.3333282470703,215.30555725097656,203.40554809570312,204.04444885253906,27249352.0
2021-05-10,202.6666717529297,207.772216796875,200.0,204.5611114501953,22419504.0
2021-05-11,201.11111450195312,205.5,196.11111450195312,203.6666717529297,20541751.0
2021-05-12,203.88888549804688,205.0388946533203,197.5500030517578,200.8333282470703,24048288.0
2021-05-13,196.8333282470703,199.3222198486328,194.27777099609375,195.05555725097656,20425689.0
2021-05-14,196.39999389648438,200.27777099609375,190.64999389648438,199.44444274902344,31783788.0
2021-05-17,200.0,208.8222198486328,199.99444580078125,207.3222198486328,34795652.0
2021-05-18,206.6666717529297,210.6666717529297,203.58888244628906,205.05555725097656,16131618.0
2021-05-19,203.61111450195312,211.11111450195312,201.6666717529297,208.36111450195312,21143583.0
2021-05-20,209.88888549804688,213.272216796875,205.61111450195312,209.85556030273438,23119144.0
2021-05-21,212.64999389648438,215.15554809570312,204.98333740234375,208.64999389648438,25301874.0
2021-05-24,211.11111450195312,215.86111450195312,208.9888916015625,215.53334045410156,30530066.0
2021-05-25,216.35556030273438,220.0,214.27777099609375,219.7388916015625,26923869.0
2021-05-26,219.44444274902344,222.2111053466797,213.6999969482422,214.12222290039062,22857930.0
2021-05-27,215.28334045410156,216.6666717529297,212.13888549804688,213.3333282470703,14327708.0
2021-05-28,216.6666717529297,234.1666717529297,216.6666717529297,227.55555725097656,49887091.0
2021-05-31,231.11111450195312,241.98333740234375,230.0,241.1666717529297,36011361.0
2021-06-01,233.3333282470703,239.44444274902344,231.39999389648438,236.3000030517578,28575642.0
2021-06-02,238.38888549804688,240.9388885498047,232.9277801513672,235.8333282470703,20828188.0
2021-06-03,236.6666717529297,237.93333435058594,227.77777099609375,230.43333435058594,22276783.0
2021-06-04,232.77777099609375,244.1666717529297,230.64443969726562,240.11666870117188,32418270.0
2021-06-07,235.47222900390625,235.5500030517578,222.22222900390625,226.38888549804688,38753004.0
2021-06-08,224.44444274902344,236.02777099609375,224.44444274902344,227.5500030517578,29937042.0
2021-06-09,227.22222900390625,231.11111450195312,223.88888549804688,227.4277801513672,16844830.0
2021-06-10,227.82777404785156,247.03334045410156,227.82777404785156,241.4611053466797,34830415.0
2021-06-11,246.11111450195312,254.35556030273438,238.92222595214844,251.10000610351562,35632913.0
2021-06-15,251.6666717529297,253.27777099609375,241.94444274902344,247.22222900390625,18453875.0
2021-06-16,244.9499969482422,246.55555725097656,231.67222595214844,233.43333435058594,25144857.0
2021-06-17,235.69444274902344,243.1888885498047,235.69444274902344,241.39443969726562,18490316.0
2021-06-18,242.88333129882812,252.88888549804688,242.88333129882812,250.0,28080075.0
2021-06-21,251.0,253.27777099609375,244.56666564941406,251.55555725097656,21748165.0
2021-06-22,250.10000610351562,252.21665954589844,244.56666564941406,250.12777709960938,15924609.0
2021-06-23,252.26666259765625,262.227783203125,250.8333282470703,260.25,22402258.0
2021-06-24,262.8500061035156,263.8222351074219,256.6722106933594,259.6111145019531,16583842.0
2021-06-25,262.77777099609375,265.0,255.0,264.5722351074219,17919961.0
2021-06-28,264.5666809082031,279.4333190917969,260.1722106933594,274.3888854980469,26359068.0
2021-06-29,285.3611145019531,288.6666564941406,280.1222229003906,282.50555419921875,27612324.0
2021-06-30,282.7833251953125,301.1111145019531,276.6666564941406,297.1111145019531,26020227.0
2021-07-01,298.22222900390625,300.0,287.7833251953125,294.1666564941406,20384460.0
2021-07-02,291.1833190917969,297.31109619140625,283.1444396972656,288.6611022949219,24969092.0
2021-07-05,286.1111145019531,293.71112060546875,282.2611083984375,288.48333740234375,25832698.0
2021-07-06,288.8888854980469,300.53887939453125,278.8388977050781,286.2388916015625,32499972.0
2021-07-07,288.8888854980469,301.3888854980469,281.7388916015625,301.3888854980469,32662243.0
2021-07-08,306.1055603027344,317.5,301.4666748046875,310.6444396972656,28582221.0
2021-07-09,310.54998779296875,310.54998779296875,296.97222900390625,303.26666259765625,28189314.0
2021-07-12,308.95001220703125,320.5555419921875,308.95001220703125,314.3277893066406,27857361.0
2021-07-13,311.1111145019531,322.0,306.6666564941406,312.7833251953125,24546717.0
2021-07-14,308.3333435058594,312.1555480957031,300.5555419921875,306.3166809082031,22658167.0
2021-07-15,302.77777099609375,316.04443359375,300.5833435058594,315.5555419921875,24720024.0
2021-07-16,315.0,315.0,293.4055480957031,295.0,32129087.0
2021-07-19,300.0,300.9333190917969,286.6666564941406,290.8333435058594,32423301.0
2021-07-20,286.1111145019531,299.5944519042969,286.1111145019531,293.3555603027344,23400984.0
2021-07-21,294.45556640625,308.9333190917969,292.227783203125,308.76666259765625,32768839.0
2021-07-22,309.22222900390625,313.1611022949219,303.1611022949219,309.4888916015625,19590478.0
2021-07-23,308.3333435058594,313.3277893066406,303.3333435058594,303.8944396972656,16799171.0
2021-07-26,302.22222900390625,307.1833190917969,290.27777099609375,299.8777770996094,22912164.0
2021-07-27,301.6777648925781,310.6611022949219,275.0,275.0,32122859.0
2021-07-28,275.5555419921875,296.27777099609375,275.5555419921875,291.6944580078125,39104537.0
2021-07-29,303.3333435058594,309.8555603027344,293.8888854980469,309.3333435058594,33516448.0
2021-07-30,313.8888854980469,323.4444580078125,300.0,305.77777099609375,36325823.0
2021-08-02,309.4444580078125,319.4388732910156,296.04443359375,306.6666564941406,32935102.0
2021-08-03,308.3333435058594,308.8888854980469,290.5555419921875,295.0,22028954.0
2021-08-04,296.6666564941406,317.2166748046875,291.6666564941406,316.1111145019531,31320775.0
2021-08-05,314.4444580078125,314.4444580078125,303.6277770996094,309.4444580078125,23362619.0
2021-08-06,313.772216796875,315.0,299.4444580078125,302.1555480957031,25868241.0
2021-08-09,295.5555419921875,295.8333435058594,279.4388732910156,286.6666564941406,33449599.0
2021-08-10,283.8944396972656,288.4388732910156,277.22222900390625,283.6111145019531,32430335.0
2021-08-11,283.3333435058594,290.5555419921875,280.4888916015625,287.3611145019531,20225581.0
2021-08-12,284.45001220703125,284.99444580078125,274.4444580078125,278.8888854980469,30809131.0
2021-08-13,266.6666564941406,294.3888854980469,266.6666564941406,278.9166564941406,49906373.0
2021-08-16,274.4444580078125,279.9388732910156,261.04443359375,265.0,39679164.0
2021-08-17,269.4444580078125,274.8888854980469,265.1333312988281,266.6666564941406,28099148.0
2021-08-18,270.29998779296875,279.3888854980469,265.227783203125,275.0,28723465.0
2021-08-19,278.8888854980469,283.1833190917969,268.8888854980469,279.4444580078125,26016332.0
2021-08-20,277.22222900390625,277.3333435058594,268.0555419921875,274.50555419921875,22549690.0
2021-08-23,280.5555419921875,290.6777648925781,278.8944396972656,289.9444580078125,29203975.0
2021-08-24,286.8888854980469,300.0555419921875,286.1777648925781,290.5555419921875,23964681.0
2021-08-25,291.1111145019531,295.6666564941406,284.0,294.5777893066406,17154624.0
2021-08-26,299.9888916015625,310.522216796875,289.3833312988281,289.4444580078125,30236859.0
2021-08-27,288.8888854980469,291.1111145019531,278.8888854980469,281.9444580078125,21524682.0
2021-08-30,281.9166564941406,292.1111145019531,277.1444396972656,280.6888732910156,28285799.0
2021-08-31,284.4111022949219,284.4111022949219,269.9166564941406,274.9277648925781,26571756.0
2021-09-01,273.3333435058594,274.4444580078125,261.9444580078125,271.50555419921875,26032815.0
2021-09-02,273.3333435058594,275.6166687011719,269.8777770996094,274.1666564941406,20636796.0
2021-09-03,276.6666564941406,279.9333190917969,267.1555480957031,270.27777099609375,20307641.0
2021-09-06,273.8888854980469,287.77777099609375,268.3333435058594,286.72222900390625,26625522.0
2021-09-07,286.1111145019531,292.5888977050781,283.3333435058594,285.56109619140625,16960017.0
2021-09-08,288.3333435058594,290.8777770996094,277.77777099609375,279.4444580078125,17530911.0
2021-09-09,283.0555419921875,288.3222351074219,272.6666564941406,281.77777099609375,19829176.0
2021-09-10,274.1333312988281,279.8777770996094,272.6000061035156,278.9444580078125,20334484.0
2021-09-13,278.9444580078125,284.5,275.5555419921875,279.3333435058594,16144138.0
2021-09-14,281.73333740234375,300.5555419921875,279.3999938964844,294.3888854980469,42090582.0
2021-09-15,294.4444580078125,295.54998779296875,284.3388977050781,291.8611145019531,18902617.0
2021-09-16,290.5555419921875,290.5555419921875,276.6666564941406,276.6666564941406,20268734.0
2021-09-17,276.1111145019531,282.77777099609375,273.4055480957031,279.4444580078125,14748906.0
2021-09-22,274.77777099609375,278.3333435058594,271.1666564941406,274.06109619140625,11563056.0
2021-09-23,280.477783203125,280.477783203125,273.22222900390625,273.8833312988281,14348557.0
2021-09-24,274.9277648925781,284.727783203125,272.5,277.76666259765625,18472485.0
2021-09-27,280.5555419921875,288.77777099609375,277.6611022949219,285.27777099609375,26093275.0
2021-09-28,284.4444580078125,287.75,276.77777099609375,278.01666259765625,16600509.0
2021-09-29,275.5555419921875,284.3333435058594,274.4444580078125,279.1722106933594,16911835.0
2021-09-30,280.5555419921875,295.8333435058594,278.8944396972656,292.0722351074219,30085623.0
2021-10-08,296.6666564941406,305.5944519042969,290.5,296.6666564941406,22530465.0
2021-10-11,297.22222900390625,298.6666564941406,287.81109619140625,289.4444580078125,14095598.0
2021-10-12,289.76666259765625,290.3444519042969,277.1555480957031,280.5555419921875,17263229.0
2021-10-13,280.5555419921875,290.27777099609375,280.0,290.1444396972656,13774039.0
2021-10-14,291.6666564941406,297.1555480957031,291.6666564941406,295.72222900390625,14114797.0
2021-10-15,295.5555419921875,321.5944519042969,293.3888854980469,316.1111145019531,41312338.0
2021-10-18,322.77777099609375,330.6888732910156,316.6666564941406,330.5666809082031,33606388.0
2021-10-19,335.5555419921875,341.6555480957031,325.0,328.1111145019531,27160119.0
2021-10-20,330.5555419921875,340.76666259765625,326.1111145019531,327.5,22439849.0
2021-10-21,327.77777099609375,332.77777099609375,322.22222900390625,331.1111145019531,18256134.0
2021-10-22,336.6555480957031,336.6555480957031,327.96112060546875,334.1111145019531,19838885.0
2021-10-25,340.0,347.31109619140625,335.1833190917969,339.3166809082031,25293762.0
2021-10-26,340.8944396972656,342.6666564941406,331.0722351074219,332.2166748046875,26689845.0
2021-10-27,333.3333435058594,341.6888732910156,330.2833251953125,341.6888732910156,24387433.0
2021-10-28,347.22222900390625,352.77777099609375,334.96112060546875,337.3333435058594,31109162.0
2021-10-29,341.8277893066406,358.6055603027344,332.74444580078125,355.1222229003906,36483663.0
2021-11-01,356.1111145019531,377.22222900390625,350.6277770996094,361.1111145019531,39923386.0
2021-11-02,363.8888854980469,369.8666687011719,360.0,365.5555419921875,23653420.0
2021-11-03,361.6666564941406,364.45556640625,348.8888854980469,355.5555419921875,22969134.0
2021-11-04,360.0,363.8888854980469,353.3611145019531,359.3611145019531,16561816.0
2021-11-05,355.0,360.9888916015625,352.2166748046875,352.272216796875,15399153.0
2021-11-08,353.8888854980469,369.4333190917969,350.5555419921875,367.1111145019531,22085217.0
2021-11-09,370.9666748046875,371.1111145019531,362.8500061035156,368.4888916015625,12014249.0
2021-11-10,361.7388916015625,364.70556640625,352.77777099609375,360.0,22931686.0
2021-11-11,361.6666564941406,369.51666259765625,361.1666564941406,364.3611145019531,13862543.0
2021-11-12,365.0,367.70001220703125,352.1777648925781,356.1111145019531,20556270.0
2021-11-15,356.1055603027344,356.1055603027344,337.75555419921875,344.4444580078125,25213678.0
2021-11-16,344.4444580078125,347.28887939453125,337.22222900390625,341.6499938964844,15180323.0
2021-11-17,346.1111145019531,350.2388916015625,343.0888977050781,347.71112060546875,13610957.0
2021-11-18,347.71112060546875,353.70001220703125,340.8833312988281,347.77777099609375,13549093.0
2021-11-19,350.5555419921875,355.0,344.47222900390625,355.0,15222222.0
2021-11-22,358.3277893066406,378.3333435058594,356.727783203125,378.3333435058594,27556183.0
2021-11-23,377.95001220703125,377.95001220703125,370.0,373.3333435058594,17876113.0
2021-11-24,372.3166809082031,375.4444580078125,361.29998779296875,366.0,15390637.0
2021-11-25,362.77777099609375,365.8333435058594,358.49444580078125,363.3333435058594,10479650.0
2021-11-26,361.6666564941406,371.5555419921875,361.6666564941406,365.5555419921875,10530399.0
2021-11-29,363.3333435058594,380.27777099609375,362.77777099609375,377.6666564941406,20637469.0
2021-11-30,380.4222106933594,380.9222106933594,374.0722351074219,377.77777099609375,12938635.0
2021-12-01,377.77777099609375,380.54998779296875,368.95001220703125,373.3333435058594,12572227.0
2021-12-02,373.3222351074219,382.8888854980469,371.6666564941406,382.22222900390625,16522120.0
2021-12-03,382.75555419921875,384.4444580078125,372.77777099609375,381.6666564941406,14540695.0
2021-12-06,375.6111145019531,377.8888854980469,364.4444580078125,365.1555480957031,20270187.0
2021-12-07,367.77777099609375,368.3333435058594,340.1111145019531,349.4444580078125,39850464.0
2021-12-08,352.6611022949219,358.21112060546875,347.9166564941406,355.0,21395883.0
2021-12-09,355.0,355.5555419921875,346.0555419921875,352.1111145019531,24168976.0
2021-12-10,345.6777648925781,362.977783203125,345.1000061035156,355.52777099609375,38491952.0
2021-12-13,355.5,367.0333251953125,350.04443359375,365.75555419921875,28949000.0
2021-12-14,365.1888732910156,365.1888732910156,357.76666259765625,361.6722106933594,15805944.0
2021-12-15,360.79443359375,367.22222900390625,359.4166564941406,360.5555419921875,12686428.0
2021-12-16,365.1666564941406,365.1666564941406,359.4888916015625,363.9222106933594,11070399.0
2021-12-17,361.6722106933594,363.3277893066406,355.3888854980469,361.772216796875,24568345.0
2021-12-20,360.5555419921875,360.5555419921875,337.6000061035156,339.00555419921875,27920433.0
2021-12-21,336.6666564941406,341.49444580078125,330.04443359375,335.5944519042969,22618404.0
2021-12-22,338.22222900390625,342.77777099609375,335.0,339.022216796875,15051312.0
2021-12-23,344.25555419921875,346.9444580078125,342.29443359375,345.5944519042969,14349274.0
2021-12-24,346.6666564941406,347.3611145019531,312.77777099609375,320.4444580078125,44294551.0
2021-12-27,319.0,326.6611022949219,318.6111145019531,321.4444580078125,18330377.0
2021-12-28,321.1111145019531,326.26666259765625,316.6166687011719,325.0,17387233.0
2021-12-29,325.0,325.54998779296875,316.54443359375,319.75,17935133.0
2021-12-30,320.5555419921875,331.272216796875,319.7611083984375,327.77777099609375,22357702.0
2021-12-31,332.3888854980469,336.6611022949219,323.3333435058594,326.6666564941406,16868010.0
2022-01-04,336.6666564941406,337.22222900390625,311.6666564941406,316.04443359375,31422321.0
2022-01-05,314.6666564941406,314.9333190917969,300.0,304.1666564941406,29984185.0
2022-01-06,299.1722106933594,303.8888854980469,295.4388732910156,300.8166809082031,24988683.0
2022-01-07,305.5555419921875,308.8888854980469,293.3333435058594,299.9444580078125,23705042.0
2022-01-10,297.21112060546875,305.0,291.24444580078125,299.1111145019531,26753230.0
2022-01-11,300.6166687011719,305.5,298.00555419921875,298.1666564941406,15250098.0
2022-01-12,306.1111145019531,316.6444396972656,306.0555419921875,313.9111022949219,34495493.0
2022-01-13,317.22222900390625,323.3333435058594,308.1888732910156,313.8888854980469,25019535.0
2022-01-14,309.477783203125,322.6666564941406,308.8888854980469,320.77777099609375,20903072.0
2022-01-17,327.1444396972656,338.0555419921875,321.5555419921875,337.1388854980469,25835119.0
2022-01-18,337.1388854980469,337.6499938964844,325.5555419921875,326.0,19263009.0
2022-01-19,327.5,330.5555419921875,310.27777099609375,316.6611022949219,26077390.0
2022-01-20,314.4444580078125,321.1111145019531,312.97222900390625,316.1833190917969,14517649.0
2022-01-21,312.77777099609375,322.0,306.6666564941406,316.3833312988281,17851316.0
2022-01-24,313.3333435058594,329.0333251953125,310.56109619140625,322.772216796875,20811832.0
2022-01-25,318.45001220703125,324.0722351074219,313.8888854980469,314.22222900390625,12958612.0
2022-01-26,317.6666564941406,328.1111145019531,314.72222900390625,326.3888854980469,20886616.0
2022-01-27,325.0,330.54998779296875,316.6666564941406,319.4388732910156,23306738.0
2022-01-28,330.3333435058594,335.5555419921875,316.9111022949219,329.22222900390625,43797121.0
2022-02-07,336.6666564941406,338.8777770996094,318.9888916015625,321.9111022949219,26151946.0
2022-02-08,321.9111022949219,321.9111022949219,289.8999938964844,300.477783203125,37170534.0
2022-02-09,299.4444580078125,306.0555419921875,292.77777099609375,304.0,20690481.0
2022-02-10,306.5555419921875,306.6666564941406,277.7166748046875,287.8333435058594,52620456.0
2022-02-11,281.1111145019531,285.3222351074219,271.6666564941406,272.2166748046875,43163724.0
2022-02-14,270.0,284.9388732910156,269.477783203125,282.22222900390625,35331415.0
2022-02-15,288.3333435058594,294.6277770996094,283.8888854980469,292.77777099609375,27271490.0
2022-02-16,293.3333435058594,301.3500061035156,291.1055603027344,294.8888854980469,22872229.0
2022-02-17,294.4333190917969,301.9444580078125,291.9888916015625,297.22222900390625,19344994.0
2022-02-18,294.4444580078125,297.22222900390625,290.54443359375,293.0555419921875,20492602.0
2022-02-21,292.5,292.5,280.8166809082031,283.3333435058594,28135135.0
2022-02-22,281.47222900390625,282.22222900390625,273.53887939453125,280.0,24539131.0
2022-02-23,281.1111145019531,288.3611145019531,279.1555480957031,288.3333435058594,27779814.0
2022-02-24,282.22222900390625,289.76666259765625,278.3333435058594,282.0555419921875,29088041.0
2022-02-25,289.4444580078125,297.22222900390625,289.3833312988281,293.77777099609375,30541028.0
2022-02-28,291.1111145019531,298.0555419921875,291.1111145019531,296.31109619140625,17938261.0
2022-03-01,299.5555419921875,304.4888916015625,294.4444580078125,297.8777770996094,17548257.0
2022-03-02,295.0,295.4388732910156,282.71112060546875,285.4666748046875,24143277.0
2022-03-03,287.3333435058594,288.22222900390625,281.6499938964844,284.99444580078125,15658068.0
2022-03-04,280.5555419921875,282.77777099609375,271.1111145019531,273.2166748046875,29310030.0
2022-03-07,263.8888854980469,269.4444580078125,252.227783203125,252.71665954589844,44278675.0
2022-03-08,257.76666259765625,259.1444396972656,246.11666870117188,253.02777099609375,40957308.0
2022-03-09,253.3333282470703,263.3333435058594,248.88888549804688,263.03887939453125,42223354.0
2022-03-10,272.22222900390625,280.8611145019531,269.6166687011719,272.6722106933594,43131047.0
2022-03-11,267.1277770996094,275.0,263.3888854980469,274.1944580078125,30783909.0
2022-03-14,268.3333435058594,270.6833190917969,257.22222900390625,257.22222900390625,29323825.0
2022-03-15,256.1111145019531,267.3833312988281,250.3333282470703,257.3333435058594,38283638.0
2022-03-16,264.5555419921875,279.70556640625,260.272216796875,279.5,50802575.0
2022-03-17,287.5,297.22222900390625,286.1666564941406,291.3888854980469,49734142.0
2022-03-18,288.3333435058594,291.3722229003906,280.0,283.6111145019531,29505252.0
2022-03-21,288.8888854980469,296.77777099609375,287.5555419921875,288.8888854980469,24541336.0
2022-03-22,288.8888854980469,288.8888854980469,281.6666564941406,285.0,18410862.0
2022-03-23,288.8888854980469,290.54443359375,283.27777099609375,286.272216796875,15139738.0
2022-03-24,283.3055419921875,287.6000061035156,276.8777770996094,285.5555419921875,15265044.0
2022-03-25,284.3999938964844,287.8777770996094,278.8888854980469,278.9277648925781,16710550.0
2022-03-28,282.71112060546875,282.71112060546875,265.6000061035156,270.5555419921875,26903721.0
2022-03-29,270.5555419921875,277.77777099609375,267.77777099609375,270.5,20224704.0
2022-03-30,273.3333435058594,288.3333435058594,273.3333435058594,288.3333435058594,29190562.0
2022-03-31,286.1944580078125,287.77777099609375,279.52777099609375,284.6111145019531,17323059.0
2022-04-01,282.22222900390625,291.3888854980469,280.6277770996094,288.27777099609375,17132833.0
2022-04-06,286.95556640625,287.77777099609375,279.4444580078125,282.3166809082031,15377058.0
2022-04-07,278.0833435058594,280.5555419921875,270.5833435058594,275.1222229003906,21524547.0
2022-04-08,273.72222900390625,280.48333740234375,271.6666564941406,275.0,16842834.0
2022-04-11,264.03887939453125,265.5555419921875,251.1666717529297,255.0,37328769.0
2022-04-12,255.98333740234375,262.6555480957031,255.8333282470703,262.22222900390625,22496761.0
2022-04-13,258.8277893066406,267.6666564941406,256.6666564941406,258.8888854980469,17141619.0
2022-04-14,263.8888854980469,264.4444580078125,252.22222900390625,255.44444274902344,24754266.0
2022-04-15,250.63333129882812,253.88333129882812,240.4277801513672,250.477783203125,35980387.0
2022-04-18,245.55555725097656,251.10000610351562,241.8333282470703,250.55555725097656,21523710.0
2022-04-19,250.25555419921875,255.3222198486328,243.5833282470703,244.58888244628906,25887839.0
2022-04-20,243.89443969726562,246.11111450195312,225.43333435058594,226.11111450195312,56159307.0
2022-04-21,228.8222198486328,231.94444274902344,221.61111450195312,227.28334045410156,38009822.0
2022-04-22,226.6666717529297,235.10000610351562,225.0,230.68333435058594,35505939.0
2022-04-25,221.0,225.61111450195312,216.6666717529297,216.72222900390625,38369714.0
2022-04-26,214.50555419921875,217.77777099609375,209.44444274902344,209.44444274902344,33318918.0
2022-04-27,203.88888549804688,227.08888244628906,203.74444580078125,226.13888549804688,56902330.0
2022-04-28,222.2111053466797,223.61111450195312,212.22222900390625,215.27777099609375,46651908.0
2022-04-29,218.88888549804688,227.76666259765625,208.3444366455078,227.4166717529297,60565782.0
2022-05-05,202.77777099609375,214.04444885253906,196.11111450195312,208.88888549804688,108498972.0
2022-05-06,201.11111450195312,214.85000610351562,201.0111083984375,208.88333129882812,43344171.0
2022-05-09,207.77777099609375,209.42222595214844,202.0611114501953,204.72222900390625,30002457.0
2022-05-10,199.61111450195312,213.88888549804688,198.41111755371094,210.64999389648438,43988023.0
2022-05-11,211.0944366455078,232.65554809570312,210.8333282470703,227.63888549804688,57157153.0
2022-05-12,224.6666717529297,227.3333282470703,221.04444885253906,224.17222595214844,24157449.0
2022-05-13,226.11111450195312,232.47222900390625,222.50555419921875,230.44444274902344,26738343.0
2022-05-16,231.66111755371094,237.6666717529297,226.11666870117188,226.11666870117188,25898056.0
2022-05-17,227.76666259765625,235.87777709960938,226.80555725097656,234.75555419921875,25001735.0
2022-05-18,235.8000030517578,236.6666717529297,230.24444580078125,232.77777099609375,19281625.0
2022-05-19,230.25,234.38888549804688,227.03334045410156,232.77777099609375,22739320.0
2022-05-20,237.77777099609375,240.0,231.94444274902344,237.1666717529297,28488157.0
2022-05-23,237.1666717529297,237.1666717529297,227.77777099609375,231.5,24825189.0
2022-05-24,229.8111114501953,229.81666564941406,223.2388916015625,223.35556030273438,27022824.0
2022-05-25,224.72222900390625,225.58888244628906,219.1666717529297,221.65554809570312,25082787.0
2022-05-26,221.38333129882812,223.2388916015625,216.04444885253906,216.67222595214844,25307658.0
2022-05-27,220.0,227.3000030517578,217.85000610351562,219.11111450195312,33804343.0
2022-05-30,223.49444580078125,226.22222900390625,221.55555725097656,223.22222900390625,22553179.0
2022-05-31,222.1666717529297,228.88333129882812,218.61111450195312,226.6666717529297,32039139.0
2022-06-01,227.8333282470703,239.44444274902344,225.55555725097656,236.12777709960938,34521226.0
2022-06-02,234.87777709960938,246.54444885253906,233.89443969726562,242.6666717529297,31405993.0
2022-06-06,242.77777099609375,260.56109619140625,242.77777099609375,258.8833312988281,34268050.0
2022-06-07,258.4388732910156,259.4388732910156,250.44444274902344,255.0,22967116.0
2022-06-08,253.3333282470703,255.55555725097656,236.66111755371094,255.55555725097656,72974570.0
2022-06-09,247.227783203125,248.88888549804688,239.1666717529297,239.63888549804688,36460328.0
2022-06-10,237.7611083984375,253.22222900390625,237.7611083984375,252.22222900390625,44579404.0
2022-06-13,246.67222595214844,252.3222198486328,243.477783203125,246.12777709960938,33518847.0
2022-06-14,243.45555114746094,245.88888549804688,238.1666717529297,245.45555114746094,31465922.0
2022-06-15,251.11111450195312,265.5555419921875,247.83888244628906,258.70001220703125,68151504.0
2022-06-16,258.8888854980469,263.3944396972656,252.50555419921875,255.72222900390625,43236406.0
2022-06-17,251.27777099609375,272.6000061035156,250.6777801513672,270.0333251953125,50928964.0
2022-06-20,274.3500061035156,286.727783203125,274.3500061035156,281.3999938964844,45205713.0
2022-06-21,280.0,284.9333190917969,275.6166687011719,282.1388854980469,26219894.0
2022-06-22,285.5555419921875,290.1388854980469,281.6111145019531,281.6666564941406,26393711.0
2022-06-23,286.1111145019531,298.3166809082031,284.3777770996094,298.3166809082031,31884951.0
2022-06-24,304.4444580078125,313.0555419921875,294.3277893066406,313.0555419921875,34742223.0
2022-06-27,313.3277893066406,313.8722229003906,302.772216796875,305.0,29923169.0
2022-06-28,302.77777099609375,305.20001220703125,291.72222900390625,302.22222900390625,33557880.0
2022-06-29,296.1055603027344,301.3888854980469,292.2166748046875,295.8555603027344,26249374.0
2022-06-30,295.8444519042969,299.8888854980469,292.5944519042969,296.6666564941406,23537014.0
2022-07-01,296.1000061035156,297.77777099609375,287.6111145019531,290.3555603027344,22127004.0
2022-07-04,283.3388977050781,292.03887939453125,283.3333435058594,290.0,21947776.0
2022-07-05,291.3888854980469,297.8722229003906,284.8222351074219,291.03887939453125,27826927.0
2022-07-06,292.8388977050781,296.3777770996094,285.8777770996094,290.0,23546433.0
2022-07-07,295.47222900390625,308.0833435058594,295.0,305.5555419921875,44282584.0
2022-07-08,308.3333435058594,313.8722229003906,297.3500061035156,300.5555419921875,29838616.0
2022-07-11,296.79998779296875,297.5,286.8333435058594,288.0555419921875,24852675.0
2022-07-12,288.3333435058594,291.8333435058594,277.5666809082031,279.8277893066406,27234444.0
2022-07-13,282.3888854980469,301.79443359375,278.7611083984375,299.4444580078125,44216049.0
2022-07-14,297.5,312.22222900390625,294.5833435058594,308.8944396972656,35920159.0
2022-07-15,305.27777099609375,313.02777099609375,296.1111145019531,296.1111145019531,28553074.0
2022-07-18,301.1111145019531,306.6944580078125,294.6388854980469,306.477783203125,25867899.0
2022-07-19,305.8666687011719,305.8666687011719,291.1111145019531,291.45001220703125,29355679.0
2022-07-20,294.4333190917969,297.29998779296875,290.477783203125,292.22222900390625,14104630.0
2022-07-21,290.5555419921875,298.9166564941406,287.8999938964844,289.4444580078125,15852758.0
2022-07-22,298.73333740234375,302.2166748046875,292.24444580078125,295.5555419921875,25707144.0
2022-07-25,295.5555419921875,296.6388854980469,288.3333435058594,289.8611145019531,15567944.0
2022-07-26,289.8777770996094,293.3333435058594,286.25,290.0,14344684.0
2022-07-27,289.72222900390625,290.0555419921875,284.0,286.22222900390625,16803950.0
2022-07-28,288.0555419921875,292.6111145019531,285.0111083984375,286.4444580078125,16681528.0
2022-07-29,291.0833435058594,291.1111145019531,279.50555419921875,282.5555419921875,21442467.0
2022-08-01,282.1499938964844,297.6666564941406,280.3333435058594,297.1777648925781,29338606.0
2022-08-02,290.1555480957031,295.79998779296875,288.5833435058594,291.03887939453125,21857407.0
2022-08-03,291.1111145019531,296.6000061035156,277.1111145019531,280.0,30646024.0
2022-08-04,281.6666564941406,282.8277893066406,275.0555419921875,278.27777099609375,20457131.0
2022-08-05,277.77777099609375,285.5,275.0,280.9166564941406,21929533.0
2022-08-08,275.5555419921875,281.21112060546875,271.6666564941406,278.6111145019531,16136447.0
2022-08-09,278.3333435058594,288.1111145019531,276.3888854980469,284.20001220703125,20354166.0
2022-08-10,283.3888854980469,284.8888854980469,277.77777099609375,279.9888916015625,14488349.0
2022-08-11,280.0777893066406,285.0111083984375,274.4444580078125,283.3333435058594,17641278.0
2022-08-12,283.4444580078125,284.4444580078125,276.6222229003906,278.8888854980469,13290849.0
2022-08-15,280.49444580078125,290.5555419921875,279.3777770996094,286.72222900390625,24763573.0
2022-08-16,288.8333435058594,298.8888854980469,287.8777770996094,291.0,28975260.0
2022-08-17,293.04443359375,305.53887939453125,291.1000061035156,303.8888854980469,33031182.0
2022-08-18,303.8888854980469,311.1111145019531,301.3611145019531,302.6666564941406,25704079.0
2022-08-19,305.0,305.3833312988281,294.45556640625,295.5555419921875,19385294.0
2022-08-22,296.6666564941406,308.70001220703125,292.8888854980469,306.4055480957031,25749649.0
2022-08-23,305.54443359375,313.70001220703125,303.02777099609375,309.3833312988281,23681118.0
2022-08-24,318.3500061035156,319.4444580078125,290.0,291.1111145019531,54123109.0
2022-08-25,291.6666564941406,292.51666259765625,280.6055603027344,285.5555419921875,32431541.0
2022-08-26,285.0,288.3222351074219,279.4444580078125,281.54443359375,21990571.0
2022-08-29,279.4388732910156,281.54443359375,275.73333740234375,278.8888854980469,20269787.0
2022-08-30,278.8888854980469,278.8888854980469,269.8888854980469,273.0555419921875,28108942.0
2022-08-31,267.6055603027344,272.1111145019531,263.6222229003906,268.3333435058594,31410284.0
2022-09-01,266.6666564941406,269.4444580078125,259.25555419921875,259.74444580078125,27857806.0
2022-09-02,263.8222351074219,264.4444580078125,256.54443359375,259.0333251953125,20809578.0
2022-09-05,256.6722106933594,262.22222900390625,255.00555419921875,260.20001220703125,16398016.0
2022-09-06,260.0,260.20001220703125,246.60000610351562,252.88888549804688,49544220.0
2022-09-07,250.82777404785156,264.7166748046875,250.0,263.28887939453125,39019881.0
2022-09-08,260.1944580078125,261.6666564941406,249.1666717529297,249.72222900390625,38794735.0
2022-09-09,251.44444274902344,252.4611053466797,248.05555725097656,251.23333740234375,22044153.0
2022-09-13,255.0,255.6666717529297,248.25,253.83888244628906,18365202.0
2022-09-14,250.0,251.6666717529297,237.93333435058594,241.27777099609375,46608814.0
2022-09-15,241.27777099609375,241.6666717529297,228.44444274902344,230.19444274902344,45690469.0
2022-09-16,230.1666717529297,232.38888549804688,227.22222900390625,227.77777099609375,26933774.0
2022-09-19,227.5722198486328,234.22222900390625,227.24444580078125,229.81666564941406,25135846.0
2022-09-20,232.22222900390625,238.88888549804688,230.55555725097656,233.89443969726562,29824254.0
2022-09-21,231.6666717529297,235.25555419921875,229.64999389648438,233.5,15857749.0
2022-09-22,230.72222900390625,233.3333282470703,225.55555725097656,230.5500030517578,17355769.0
2022-09-23,231.08888244628906,236.0,227.80555725097656,231.85556030273438,21633278.0
2022-09-26,229.46665954589844,241.6666717529297,229.46665954589844,238.14443969726562,33903271.0
2022-09-27,241.0500030517578,241.85000610351562,235.00555419921875,238.61111450195312,20811470.0
2022-09-28,237.22222900390625,238.2388916015625,229.32777404785156,231.5500030517578,19255393.0
2022-09-29,235.6777801513672,236.38888549804688,230.60000610351562,232.77777099609375,16010600.0
2022-09-30,232.93333435058594,233.44444274902344,222.5,222.71665954589844,21265219.0
2022-10-10,223.3333282470703,224.72222900390625,217.35000610351562,218.25555419921875,20637635.0
2022-10-11,224.44444274902344,231.27777099609375,223.82777404785156,231.27777099609375,33199448.0
2022-10-12,231.11111450195312,243.4888916015625,229.71665954589844,243.2388916015625,33326544.0
2022-10-13,241.11111450195312,243.4888916015625,238.33888244628906,240.0,18798139.0
2022-10-14,243.3333282470703,245.74444580078125,238.10000610351562,242.727783203125,24417619.0
2022-10-17,240.55555725097656,240.55555725097656,233.75,238.52777099609375,18967064.0
2022-10-18,240.5722198486328,243.8222198486328,238.022216796875,238.63333129882812,16383456.0
2022-10-19,238.89999389648438,245.55555725097656,238.7111053466797,239.63333129882812,22199479.0
2022-10-20,233.4888916015625,235.37222290039062,224.44444274902344,230.55555725097656,30816329.0
2022-10-21,226.6666717529297,231.64443969726562,226.22222900390625,229.44444274902344,14867787.0
2022-10-24,225.89999389648438,230.0,221.67222595214844,224.45555114746094,26158908.0
2022-10-25,223.88888549804688,226.70555114746094,217.76666259765625,223.1666717529297,25270290.0
2022-10-26,225.0,226.977783203125,221.15554809570312,222.8111114501953,25330294.0
2022-10-27,221.11111450195312,223.37222290039062,216.6666717529297,216.8333282470703,27507124.0
2022-10-28,214.05555725097656,215.27777099609375,202.77777099609375,203.05555725097656,43328205.0
2022-10-31,200.0,211.23333740234375,198.10000610351562,207.15554809570312,29798280.0
2022-11-01,209.1666717529297,216.04444885253906,204.5111083984375,214.55555725097656,35849674.0
2022-11-02,213.88888549804688,220.21665954589844,211.11666870117188,217.5,25680544.0
2022-11-03,216.6666717529297,218.88888549804688,211.68333435058594,213.39999389648438,26491411.0
2022-11-04,214.3333282470703,226.83888244628906,213.3333282470703,224.6666717529297,37748053.0
2022-11-07,226.6666717529297,230.3000030517578,225.0,228.05555725097656,26600601.0
2022-11-08,228.05555725097656,234.88888549804688,224.1666717529297,227.6666717529297,21745580.0
2022-11-09,225.55555725097656,226.43333435058594,219.44444274902344,220.58888244628906,19693963.0
2022-11-10,218.3333282470703,218.88888549804688,213.3333282470703,214.05555725097656,23263520.0
2022-11-11,222.77777099609375,225.38333129882812,219.0111083984375,223.60000610351562,35067544.0
2022-11-14,224.5,226.6666717529297,214.19444274902344,215.10000610351562,33267061.0
2022-11-15,215.64443969726562,220.8222198486328,210.0,220.10000610351562,31093176.0
2022-11-16,218.33888244628906,218.9888916015625,212.93333435058594,213.37222290039062,24486593.0
2022-11-17,212.0111083984375,212.21665954589844,205.5611114501953,208.39999389648438,25590895.0
2022-11-18,210.0,215.0,206.11111450195312,211.5500030517578,29533201.0
2022-11-21,208.39999389648438,214.36111450195312,207.94444274902344,212.44444274902344,14469676.0
2022-11-22,211.11111450195312,212.70555114746094,207.22222900390625,208.3333282470703,17705233.0
2022-11-23,208.3333282470703,212.71665954589844,207.5,210.8444366455078,15892968.0
2022-11-24,212.8444366455078,212.89999389648438,208.33888244628906,209.23333740234375,15383754.0
2022-11-25,207.25555419921875,208.3333282470703,206.11111450195312,206.77777099609375,11050101.0
2022-11-28,202.77777099609375,206.83888244628906,200.0111083984375,205.727783203125,20005291.0
2022-11-29,206.67222595214844,211.88888549804688,204.1666717529297,209.94444274902344,21090999.0
2022-11-30,210.55555725097656,213.88888549804688,206.7611083984375,213.88888549804688,25275520.0
2022-12-01,220.63888549804688,223.4166717529297,219.39999389648438,219.5833282470703,37687496.0
2022-12-02,220.55555725097656,221.82777404785156,217.6666717529297,217.7111053466797,14926618.0
2022-12-05,217.7111053466797,220.48333740234375,215.55555725097656,217.9499969482422,21777253.0
2022-12-06,216.1777801513672,224.46665954589844,216.11111450195312,222.23333740234375,24590095.0
2022-12-07,222.22222900390625,234.26666259765625,221.6666717529297,232.39443969726562,43939510.0
2022-12-08,232.39999389648438,236.11111450195312,230.00555419921875,233.5944366455078,18780748.0
2022-12-09,234.2111053466797,236.5,233.61111450195312,235.88888549804688,16837092.0
2022-12-12,233.94444274902344,235.29444885253906,230.07777404785156,230.19444274902344,15821915.0
2022-12-13,230.55555725097656,231.05555725097656,223.36111450195312,225.227783203125,20287272.0
2022-12-14,227.77777099609375,228.86111450195312,221.8222198486328,223.5,16555107.0
2022-12-15,223.39443969726562,235.64999389648438,222.77777099609375,235.44444274902344,31137795.0
2022-12-16,232.50555419921875,234.88888549804688,229.93333435058594,232.227783203125,16096048.0
2022-12-19,232.77777099609375,238.94444274902344,232.25555419921875,233.55555725097656,18190548.0
2022-12-20,233.3333282470703,233.6666717529297,227.22222900390625,227.5111083984375,14617431.0
2022-12-21,227.77777099609375,229.14999389648438,224.727783203125,226.0111083984375,9725493.0
2022-12-22,228.32777404785156,228.32777404785156,222.22222900390625,223.3333282470703,13302828.0
2022-12-23,220.5,223.79444885253906,218.94444274902344,221.37777709960938,13294368.0
2022-12-26,221.37777709960938,226.25,217.27777099609375,224.39999389648438,20722221.0
2022-12-27,223.4611053466797,225.5500030517578,220.36666870117188,224.20555114746094,14651478.0
2022-12-28,221.14443969726562,221.27777099609375,211.26666259765625,218.88888549804688,33352779.0
2022-12-29,217.22222900390625,221.0,216.88888549804688,218.86666870117188,17815449.0
2022-12-30,221.38888549804688,223.3333282470703,218.3333282470703,218.56666564941406,13329448.0
2023-01-03,217.77777099609375,218.0944366455078,212.06666564941406,216.46665954589844,18867664.0
2023-01-04,214.72222900390625,215.0,212.25,213.33888244628906,35284071.0
2023-01-05,215.55555725097656,227.87222290039062,213.89443969726562,226.39443969726562,46877868.0
2023-01-06,225.55555725097656,236.10000610351562,224.477783203125,231.477783203125,33106491.0
2023-01-09,234.93333435058594,234.93333435058594,230.0,231.44444274902344,23112543.0
2023-01-10,232.03334045410156,241.6666717529297,229.61111450195312,240.0,32869173.0
2023-01-11,239.1666717529297,242.22222900390625,235.55555725097656,237.6999969482422,22035250.0
2023-01-12,240.0,243.76666259765625,238.7111053466797,240.8333282470703,20046236.0
2023-01-13,246.6666717529297,251.39999389648438,238.88888549804688,244.1666717529297,37363492.0
2023-01-16,243.61111450195312,249.72222900390625,241.727783203125,248.12777709960938,30256378.0
2023-01-17,248.29444885253906,251.0388946533203,246.4499969482422,247.5611114501953,17812441.0
2023-01-18,249.17222595214844,250.4888916015625,246.17222595214844,249.1666717529297,13219785.0
2023-01-19,247.40554809570312,250.8333282470703,245.66111755371094,248.20555114746094,13157982.0
2023-01-20,248.20555114746094,251.22222900390625,246.8111114501953,251.11111450195312,19378170.0
2023-01-30,266.3166809082031,272.5333251953125,259.70556640625,261.47222900390625,38113752.0
2023-01-31,261.04443359375,265.27777099609375,256.9111022949219,258.4444580078125,25117261.0
2023-02-01,261.6611022949219,266.31109619140625,261.3777770996094,264.8888854980469,20703900.0
2023-02-02,266.03887939453125,266.5,258.26666259765625,258.9444580078125,24220281.0
2023-02-03,257.77777099609375,259.0,250.76666259765625,253.44444274902344,21636001.0
2023-02-06,251.11111450195312,251.95555114746094,245.0500030517578,250.3333282470703,19355252.0
2023-02-07,250.272216796875,252.11111450195312,247.03334045410156,248.94444274902344,12980226.0
2023-02-08,249.77777099609375,251.9166717529297,247.22222900390625,248.4499969482422,13193735.0
2023-02-09,248.4499969482422,253.32777404785156,245.27777099609375,251.66111755371094,14456592.0
2023-02-10,251.6666717529297,253.15554809570312,247.227783203125,247.75,15116022.0
2023-02-13,250.54444885253906,256.4277648925781,248.33888244628906,255.55555725097656,24153377.0
2023-02-14,260.5555419921875,260.72222900390625,247.66111755371094,250.5833282470703,23061942.0
2023-02-15,251.72222900390625,253.88888549804688,248.88888549804688,249.22222900390625,13992096.0
2023-02-16,251.10556030273438,252.5,243.3333282470703,246.22222900390625,18163924.0
2023-02-17,245.55555725097656,245.55555725097656,233.3333282470703,233.4388885498047,38645191.0
2023-02-20,231.11111450195312,234.37777709960938,225.7388916015625,233.5944366455078,30293769.0
2023-02-21,231.93333435058594,234.71665954589844,228.88888549804688,230.5611114501953,23732272.0
2023-02-22,227.22222900390625,230.05555725097656,225.9277801513672,227.48333740234375,22255056.0
2023-02-23,227.77777099609375,230.62777709960938,226.3333282470703,229.5722198486328,17167077.0
2023-02-24,228.3333282470703,228.77777099609375,224.45555114746094,225.22222900390625,17980898.0
2023-02-27,223.7388916015625,225.26666259765625,222.27777099609375,222.8333282470703,16597139.0
2023-02-28,224.4388885498047,226.8333282470703,223.05555725097656,224.38888549804688,16781565.0
2023-03-01,223.94444274902344,230.10000610351562,223.90554809570312,228.76666259765625,22683609.0
2023-03-02,227.5,228.3333282470703,220.11111450195312,222.6666717529297,29061486.0
2023-03-03,223.5,225.39443969726562,222.22222900390625,223.5111083984375,14765562.0
2023-03-06,223.4277801513672,227.14999389648438,217.78334045410156,226.89999389648438,29927991.0
2023-03-07,224.44444274902344,227.21665954589844,223.2388916015625,223.44444274902344,17853030.0
2023-03-08,222.227783203125,223.85000610351562,219.50555419921875,220.9611053466797,14632871.0
2023-03-09,220.11111450195312,222.93333435058594,215.6888885498047,220.5611114501953,14646031.0
2023-03-10,223.16111755371094,227.7388916015625,219.94444274902344,225.4388885498047,34456672.0
2023-03-13,223.90554809570312,225.92222595214844,216.6666717529297,217.77777099609375,33899754.0
2023-03-14,217.15554809570312,217.22222900390625,210.0,215.12777709960938,33272393.0
2023-03-15,218.3333282470703,219.85556030273438,213.12222290039062,215.55555725097656,23342923.0
2023-03-16,213.3333282470703,216.61666870117188,213.05555725097656,213.9499969482422,18203679.0
2023-03-17,216.11111450195312,216.66111755371094,208.61111450195312,208.87777709960938,36260544.0
2023-03-20,208.07777404785156,213.6666717529297,204.44444274902344,211.0833282470703,28506553.0
2023-03-21,212.3333282470703,218.9888916015625,210.38888549804688,218.76666259765625,31126271.0
2023-03-22,221.522216796875,227.03334045410156,220.56666564941406,221.77777099609375,31837033.0
2023-03-23,221.11111450195312,223.2888946533203,219.12777709960938,221.3222198486328,18051960.0
2023-03-24,221.3333282470703,223.477783203125,216.6666717529297,218.65554809570312,21177453.0
2023-03-27,217.28334045410156,221.44444274902344,213.56666564941406,220.27777099609375,29008297.0
2023-03-28,218.88888549804688,220.10000610351562,216.77777099609375,218.11111450195312,13663009.0
2023-03-29,219.5611114501953,224.60000610351562,218.35000610351562,222.3222198486328,24758299.0
2023-03-30,222.772216796875,223.3333282470703,220.75,222.28334045410156,15627459.0
2023-03-31,224.72222900390625,230.54444885253906,224.72222900390625,225.5833282470703,35293629.0
2023-04-03,225.61666870117188,226.0,220.0,221.50555419921875,30173792.0
2023-04-04,222.21665954589844,222.21665954589844,212.11666870117188,215.55555725097656,36161461.0
2023-04-06,213.3333282470703,216.4166717529297,211.19444274902344,215.56666564941406,19046860.0
2023-04-07,214.52777099609375,218.88888549804688,213.53334045410156,216.9499969482422,18104605.0
2023-04-10,218.82777404785156,223.39443969726562,215.55555725097656,223.33888244628906,31028293.0
2023-04-11,222.227783203125,227.70555114746094,221.11111450195312,222.19444274902344,25859329.0
2023-04-12,222.22222900390625,222.22222900390625,217.77777099609375,217.78334045410156,15726119.0
2023-04-13,216.6666717529297,217.42222595214844,213.88888549804688,215.6999969482422,18083601.0
2023-04-14,215.5,223.5388946533203,215.27777099609375,220.71665954589844,28662577.0
2023-04-17,220.18333435058594,227.77777099609375,219.88888549804688,226.60000610351562,31793684.0
2023-04-18,226.60556030273438,232.22222900390625,226.272216796875,227.22222900390625,25308930.0
2023-04-19,230.27777099609375,230.46665954589844,225.55555725097656,227.98333740234375,20920239.0
2023-04-20,227.94444274902344,227.94444274902344,220.0,220.0,28518822.0
2023-04-21,224.72222900390625,230.5111083984375,221.6666717529297,224.99444580078125,45496760.0
2023-04-24,225.05555725097656,225.55555725097656,218.26666259765625,220.4888916015625,31279291.0
2023-04-25,221.11111450195312,221.11111450195312,211.11111450195312,214.38888549804688,30418072.0
2023-04-26,213.0,227.9499969482422,210.00999450683594,224.5,39707529.0
2023-04-27,224.0,232.47999572753906,222.30999755859375,231.0,33969078.0
2023-04-28,234.0,237.3300018310547,226.88999938964844,230.85000610351562,27104800.0
2023-05-04,231.0,232.5,224.5500030517578,225.52000427246094,19409080.0
2023-05-05,225.0,230.0,223.72000122070312,227.0,16740879.0
2023-05-08,230.0,233.7899932861328,226.05999755859375,230.80999755859375,22753135.0
2023-05-09,230.3800048828125,230.3800048828125,224.0500030517578,225.8300018310547,19653772.0
2023-05-10,225.8000030517578,234.25,221.2100067138672,232.52000427246094,28956810.0
2023-05-11,232.5500030517578,242.97999572753906,231.1999969482422,240.39999389648438,34747371.0
2023-05-12,241.99000549316406,244.55999755859375,237.97999572753906,237.97999572753906,22309979.0
2023-05-15,241.00999450683594,244.0,235.10000610351562,238.2899932861328,26706471.0
2023-05-16,238.39999389648438,240.97000122070312,236.77000427246094,239.0,13973953.0
2023-05-17,239.0,241.67999267578125,236.05999755859375,240.0,18246432.0
2023-05-18,241.3000030517578,241.3699951171875,231.0399932861328,232.39999389648438,24123880.0
2023-05-19,231.75,234.17999267578125,230.0,230.0,19472168.0
2023-05-22,229.0,232.5,227.0,230.3000030517578,14679114.0
2023-05-23,230.8800048828125,231.7100067138672,225.14999389648438,225.4199981689453,19613196.0
2023-05-24,224.8000030517578,228.50999450683594,223.72000122070312,225.25,14785735.0
2023-05-25,224.85000610351562,227.67999267578125,222.49000549316406,224.08999633789062,13753272.0
2023-05-26,224.1999969482422,224.5,217.5,220.0,18211695.0
2023-05-29,222.1999969482422,222.22000122070312,215.60000610351562,217.05999755859375,16537161.0
2023-05-30,217.0,224.99000549316406,216.00999450683594,224.99000549316406,26467083.0
2023-05-31,225.0500030517578,226.88999938964844,220.16000366210938,221.1699981689453,18869744.0
2023-06-01,222.63999938964844,228.0,221.50999450683594,222.89999389648438,15941049.0
2023-06-02,224.89999389648438,229.99000549316406,224.0,228.44000244140625,23181483.0
2023-06-05,225.89999389648438,225.89999389648438,216.38999938964844,219.8000030517578,33595114.0
2023-06-06,218.00999450683594,222.3000030517578,216.97999572753906,219.27999877929688,17242526.0
2023-06-07,216.3800048828125,216.5,204.4499969482422,207.3000030517578,50093939.0
2023-06-08,212.75,213.3000030517578,207.0,208.00999450683594,23857940.0
2023-06-09,208.5500030517578,213.1300048828125,208.5500030517578,212.0399932861328,24261728.0
2023-06-12,211.9499969482422,214.0,208.89999389648438,211.9499969482422,18131632.0
2023-06-13,211.00999450683594,213.92999267578125,210.67999267578125,213.10000610351562,13243699.0
2023-06-14,217.14999389648438,217.6300048828125,213.0,213.39999389648438,16362927.0
2023-06-15,214.99000549316406,230.8800048828125,214.88999938964844,230.8800048828125,50495682.0
2023-06-16,232.0,234.1699981689453,228.3000030517578,231.10000610351562,29639828.0
2023-06-19,232.99000549316406,232.99000549316406,226.0,227.8800048828125,18707081.0
2023-06-20,227.8699951171875,231.30999755859375,225.77000427246094,228.0,17960501.0
2023-06-21,228.80999755859375,230.5,224.89999389648438,224.91000366210938,17118438.0
2023-06-26,219.91000366210938,226.9499969482422,219.67999267578125,225.1699981689453,15910609.0
2023-06-27,223.97999572753906,226.3000030517578,221.17999267578125,223.47000122070312,13420648.0
2023-06-28,222.22000122070312,226.5,222.0,224.5,13558644.0
2023-06-29,223.50999450683594,226.91000366210938,222.5,222.5,9930233.0
2023-06-30,223.99000549316406,229.99000549316406,220.35000610351562,228.7899932861328,21551522.0
2023-07-03,231.9499969482422,233.9499969482422,228.5500030517578,229.8800048828125,15554352.0
2023-07-04,228.5,230.0500030517578,227.67999267578125,229.25,10155673.0
2023-07-05,229.25999450683594,230.41000366210938,225.5,227.50999450683594,8636414.0
2023-07-06,227.0,228.47999572753906,223.97000122070312,224.85000610351562,10283568.0
2023-07-07,224.8000030517578,224.85000610351562,221.60000610351562,222.25,9808377.0
2023-07-10,223.0,230.0,223.0,228.8000030517578,16093831.0
2023-07-11,229.64999389648438,229.99000549316406,226.5800018310547,229.08999633789062,9158787.0
2023-07-12,228.5,229.39999389648438,226.5,226.99000549316406,8693260.0
2023-07-13,228.2100067138672,235.0,228.2100067138672,230.0,22257672.0
2023-07-14,230.14999389648438,230.92999267578125,226.5500030517578,228.27999877929688,13004091.0
2023-07-17,227.00999450683594,228.0,223.60000610351562,225.64999389648438,10452522.0
2023-07-18,227.8000030517578,227.8800048828125,224.5,225.5,8575776.0
2023-07-19,224.0,224.9499969482422,218.5800018310547,219.5,17600182.0
2023-07-20,219.0,226.69000244140625,219.0,221.0500030517578,14441648.0
2023-07-21,220.85000610351562,222.97999572753906,219.75999450683594,221.58999633789062,8393526.0
2023-07-24,217.14999389648438,220.8800048828125,214.13999938964844,218.97999572753906,13719339.0
2023-07-25,224.89999389648438,227.63999938964844,221.02000427246094,226.35000610351562,19286245.0
2023-07-26,225.1199951171875,227.0,223.66000366210938,226.66000366210938,15456786.0
2023-07-27,231.0,232.8800048828125,226.8800048828125,226.97999572753906,20859235.0
2023-07-28,226.97999572753906,231.0,225.0500030517578,230.0500030517578,18803095.0
2023-07-31,234.0,239.5,233.10000610351562,237.75,29902754.0
2023-08-01,237.39999389648438,239.10000610351562,234.5,235.5,15615168.0
2023-08-02,237.0,239.49000549316406,235.5,236.5,14147185.0
2023-08-03,236.0,239.97000122070312,235.52999877929688,239.13999938964844,16180526.0
2023-08-04,245.0,249.9600067138672,241.11000061035156,245.50999450683594,31569675.0
2023-08-07,244.5,246.94000244140625,243.30999755859375,246.49000549316406,14927749.0
2023-08-08,245.97999572753906,249.3300018310547,244.8800048828125,247.13999938964844,15066676.0
2023-08-09,245.5,247.67999267578125,243.13999938964844,247.0,11684661.0
2023-08-10,247.89999389648438,251.3300018310547,244.1199951171875,246.5,14040964.0
2023-08-11,248.9499969482422,248.9499969482422,241.5,241.5,17204064.0
2023-08-14,239.1999969482422,239.97999572753906,230.2100067138672,232.89999389648438,25693218.0
2023-08-15,232.8800048828125,234.60000610351562,229.39999389648438,231.3000030517578,14610073.0
2023-08-16,231.52000427246094,234.3800048828125,230.11000061035156,232.60000610351562,14009045.0
2023-08-17,234.99000549316406,236.5,228.8800048828125,235.25,20442773.0
2023-08-18,235.2899932861328,239.1199951171875,234.4199981689453,235.8699951171875,16769998.0
2023-08-21,233.99000549316406,235.8699951171875,232.1999969482422,232.9600067138672,10780439.0
2023-08-22,234.8000030517578,235.17999267578125,227.50999450683594,230.75,15188941.0
2023-08-23,230.6999969482422,231.89999389648438,227.0,227.5,11874911.0
2023-08-24,228.8800048828125,231.5399932861328,226.5,228.9499969482422,14157716.0
2023-08-25,227.92999267578125,229.97000122070312,225.80999755859375,228.33999633789062,11185129.0
2023-08-28,241.5,243.9600067138672,229.5,230.5,22311515.0
2023-08-29,231.1999969482422,243.0,230.9199981689453,238.5,29174995.0
2023-08-30,239.39999389648438,242.0,237.5,237.5,14591637.0
2023-08-31,237.10000610351562,238.5,236.1300048828125,236.5500030517578,9671527.0
2023-09-01,236.60000610351562,239.50999450683594,234.60000610351562,236.39999389648438,9101132.0
2023-09-04,238.2100067138672,238.75999450683594,233.39999389648438,237.64999389648438,14052387.0
2023-09-05,237.0,239.5,236.16000366210938,236.82000732421875,11581665.0
2023-09-06,236.0500030517578,237.1699981689453,232.8000030517578,234.4199981689453,12474783.0
2023-09-07,233.0,233.75,226.50999450683594,226.50999450683594,19266090.0
2023-09-08,225.0,227.1999969482422,220.5,222.94000244140625,16499443.0
2023-09-11,222.89999389648438,223.5500030517578,219.67999267578125,221.52999877929688,17060897.0
2023-09-12,222.0,222.41000366210938,217.5399932861328,217.92999267578125,18231209.0
2023-09-13,217.0,219.14999389648438,215.02999877929688,216.60000610351562,15135693.0
2023-09-14,213.67999267578125,216.3000030517578,213.02999877929688,214.92999267578125,18294104.0
2023-09-15,212.0,214.0,206.60000610351562,207.75999450683594,33679992.0
2023-09-18,206.0,214.69000244140625,206.0,213.05999755859375,26593485.0
2023-09-19,213.05999755859375,213.47999572753906,210.60000610351562,212.32000732421875,15024395.0
2023-09-20,213.0,213.3300018310547,208.67999267578125,209.89999389648438,13087485.0
2023-09-21,210.00999450683594,210.9499969482422,206.6699981689453,206.72999572753906,16214929.0
2023-09-22,205.5,211.4499969482422,205.5,210.92999267578125,22509065.0
2023-09-25,213.02000427246094,213.6199951171875,208.7100067138672,209.27999877929688,13605355.0
2023-09-26,206.6699981689453,207.35000610351562,203.5,204.5,20253782.0
2023-09-27,206.3000030517578,208.49000549316406,202.4499969482422,203.66000366210938,21848959.0
2023-09-28,204.0,206.5,202.5800018310547,203.02999877929688,15809524.0
2023-10-09,201.0,201.27999877929688,193.0,195.5,33742826.0
2023-10-10,197.8800048828125,198.0,194.72000122070312,194.72000122070312,19865460.0
2023-10-11,197.8699951171875,198.60000610351562,194.10000610351562,194.77000427246094,20248245.0
2023-10-12,195.00999450683594,197.8000030517578,194.0,195.94000244140625,24205912.0
2023-10-13,193.85000610351562,194.8300018310547,189.60000610351562,190.60000610351562,28422238.0
2023-10-16,190.33999633789062,190.52999877929688,183.91000366210938,184.75999450683594,24683649.0
2023-10-17,185.50999450683594,189.3000030517578,184.57000732421875,185.44000244140625,21558300.0
2023-10-18,185.10000610351562,188.25,183.60000610351562,186.3000030517578,17651925.0
2023-10-19,184.41000366210938,185.67999267578125,182.27999877929688,182.6999969482422,17454160.0
2023-10-20,179.0,187.69000244140625,179.0,181.0,30026893.0
2023-10-23,180.3000030517578,180.3000030517578,175.8000030517578,177.25999450683594,20223321.0
2023-10-24,178.0,179.1999969482422,175.3000030517578,176.4199981689453,24379459.0
2023-10-25,178.1999969482422,179.5,175.67999267578125,175.97999572753906,21534181.0
2023-10-26,174.0,178.3000030517578,168.80999755859375,178.07000732421875,41420567.0
2023-10-27,177.85000610351562,185.8800048828125,176.02000427246094,184.72000122070312,47795283.0
2023-10-30,187.0,189.8800048828125,184.8000030517578,188.02000427246094,32259492.0
2023-10-31,186.67999267578125,187.22000122070312,184.60000610351562,185.60000610351562,18152535.0
2023-11-01,185.7899932861328,190.3000030517578,184.5,187.5399932861328,19727265.0
2023-11-02,188.5,189.8800048828125,185.57000732421875,185.57000732421875,13762677.0
2023-11-03,186.0,188.67999267578125,184.60000610351562,187.44000244140625,14365450.0
2023-11-06,188.57000732421875,197.10000610351562,188.4499969482422,197.0800018310547,34968430.0
2023-11-07,195.99000549316406,196.11000061035156,190.1199951171875,191.24000549316406,26080293.0
2023-11-08,190.17999267578125,192.94000244140625,190.0,191.83999633789062,14652166.0
2023-11-09,190.6300048828125,192.5800018310547,190.52999877929688,191.4499969482422,10997097.0
2023-11-10,189.0,189.97000122070312,188.0500030517578,189.02999877929688,11609956.0
2023-11-13,192.0,192.1999969482422,187.02000427246094,187.85000610351562,12519595.0
2023-11-14,187.85000610351562,188.8000030517578,183.0,183.67999267578125,23488284.0
2023-11-15,186.88999938964844,188.58999633789062,183.5800018310547,184.47999572753906,23807191.0
2023-11-16,185.47999572753906,185.49000549316406,180.10000610351562,181.14999389648438,17466200.0
2023-11-17,179.85000610351562,181.25,179.49000549316406,180.72999572753906,11084035.0
2023-11-20,180.74000549316406,181.8000030517578,179.00999450683594,180.3000030517578,12408719.0
2023-11-21,182.0,184.0,180.00999450683594,180.61000061035156,19766221.0
2023-11-22,179.5500030517578,181.3000030517578,177.0,177.0,18688569.0
2023-11-23,176.00999450683594,177.6999969482422,174.88999938964844,177.6999969482422,15720253.0
2023-11-24,177.02999877929688,178.1999969482422,174.5,175.0,16621248.0
2023-11-27,174.2899932861328,174.5,170.60000610351562,170.6999969482422,18422007.0
2023-11-28,170.02999877929688,171.97000122070312,168.8699951171875,171.9199981689453,20210730.0
2023-11-29,171.0,171.3800048828125,166.3699951171875,166.85000610351562,25188527.0
2023-11-30,165.22000122070312,168.66000366210938,164.49000549316406,167.0,23027161.0
2023-12-01,167.2899932861328,167.6999969482422,164.42999267578125,165.5,16962209.0
2023-12-04,163.5,164.44000244140625,161.24000549316406,161.64999389648438,23930401.0
2023-12-05,160.14999389648438,162.3699951171875,158.64999389648438,158.80999755859375,24807739.0
2023-12-06,158.64999389648438,166.86000061035156,158.22000122070312,162.8800048828125,36769276.0
2023-12-07,162.0,166.36000061035156,161.60000610351562,164.49000549316406,26908427.0
2023-12-08,165.0,166.3300018310547,163.1199951171875,163.58999633789062,24502047.0
2023-12-11,162.00999450683594,165.69000244140625,160.16000366210938,165.35000610351562,21489569.0
2023-12-12,164.0,165.22000122070312,162.97999572753906,163.6300048828125,14733877.0
2023-12-13,162.5500030517578,163.58999633789062,158.7100067138672,159.35000610351562,25259399.0
2023-12-14,160.8800048828125,161.49000549316406,156.44000244140625,156.6300048828125,22751400.0
2023-12-15,157.1999969482422,158.67999267578125,154.60000610351562,155.0,20204635.0
2023-12-18,153.11000061035156,153.69000244140625,146.27999877929688,146.97000122070312,42912920.0
2023-12-19,146.30999755859375,149.97999572753906,146.27000427246094,149.0,25185181.0
2023-12-20,149.1999969482422,151.1999969482422,148.32000732421875,148.4499969482422,21249368.0
2023-12-21,147.57000732421875,155.3300018310547,147.57000732421875,154.38999938964844,42131501.0
2023-12-22,153.5,158.41000366210938,152.1999969482422,156.2899932861328,28032127.0
2023-12-25,155.5,157.8800048828125,154.8000030517578,157.5399932861328,13005608.0
2023-12-26,156.97000122070312,157.5,154.74000549316406,156.1300048828125,12767252.0
2023-12-27,157.52999877929688,158.0,153.8699951171875,154.3300018310547,17356460.0
2023-12-28,154.22000122070312,163.16000366210938,153.57000732421875,162.99000549316406,37850179.0
2023-12-29,163.97999572753906,165.0,162.0,163.25999450683594,22683782.0
2024-01-02,162.22000122070312,162.52999877929688,156.6199951171875,156.8300018310547,21403268.0
2024-01-03,156.10000610351562,157.27999877929688,154.39999389648438,155.8000030517578,19757581.0
2024-01-04,155.5,155.72000122070312,149.77000427246094,151.1999969482422,27241762.0
2024-01-05,150.99000549316406,154.72999572753906,149.49000549316406,150.89999389648438,21035318.0
2024-01-08,150.1999969482422,153.38999938964844,149.0800018310547,150.0,19385405.0
2024-01-09,149.9600067138672,151.3699951171875,145.75,148.6999969482422,23391625.0
2024-01-10,146.94000244140625,153.11000061035156,146.5500030517578,150.66000366210938,23211960.0
2024-01-11,150.66000366210938,157.77000427246094,148.50999450683594,154.82000732421875,32801802.0
2024-01-12,154.0,157.3300018310547,152.1999969482422,154.6300048828125,25462228.0
2024-01-15,153.5,153.6999969482422,149.35000610351562,151.6999969482422,17272193.0
2024-01-16,151.66000366210938,157.25,150.55999755859375,156.9499969482422,28469270.0
2024-01-17,156.86000061035156,156.86000061035156,151.75,152.24000549316406,21761525.0
2024-01-18,150.10000610351562,155.1999969482422,150.00999450683594,154.61000061035156,30778779.0
2024-01-19,153.8000030517578,157.88999938964844,153.39999389648438,154.89999389648438,26594908.0
2024-01-22,153.5,159.9499969482422,150.64999389648438,155.66000366210938,40488810.0
2024-01-23,155.0,158.8000030517578,153.19000244140625,153.91000366210938,32305895.0
2024-01-24,154.5,154.99000549316406,149.50999450683594,153.47999572753906,24870983.0
2024-01-25,152.0,155.10000610351562,149.7100067138672,155.0,29479609.0
2024-01-26,152.5,154.47999572753906,150.0,150.0,27181270.0
2024-01-29,149.44000244140625,150.77999877929688,147.02000427246094,147.02000427246094,21767500.0
2024-01-30,145.5,147.44000244140625,140.39999389648438,140.75,32727425.0
2024-01-31,145.0,152.9600067138672,144.0,151.58999633789062,59522108.0
2024-02-01,151.5800018310547,152.52000427246094,148.5800018310547,149.02000427246094,27968844.0
2024-02-02,148.0,149.0,143.3699951171875,146.0,30706037.0
2024-02-05,142.61000061035156,154.5,142.3000030517578,151.94000244140625,47132613.0
2024-02-06,151.19000244140625,159.25999450683594,150.82000732421875,158.3300018310547,43745926.0
2024-02-07,158.0,159.7899932861328,156.0,159.60000610351562,36607040.0
2024-02-08,159.5,165.0,158.8800048828125,162.83999633789062,30901156.0
2024-02-19,164.9600067138672,164.9600067138672,159.08999633789062,160.08999633789062,27092476.0
2024-02-20,161.8800048828125,161.8800048828125,156.07000732421875,158.3300018310547,22194791.0
2024-02-21,157.3800048828125,163.3000030517578,156.33999633789062,161.1999969482422,25782663.0
2024-02-22,161.3300018310547,161.3300018310547,158.8800048828125,160.35000610351562,20955947.0
2024-02-23,161.97000122070312,162.0,159.05999755859375,160.5,21017639.0
2024-02-26,159.22999572753906,159.99000549316406,154.6999969482422,156.0,36066425.0
2024-02-27,155.0800018310547,157.85000610351562,154.5399932861328,157.8300018310547,29040075.0
2024-02-28,158.17999267578125,163.3000030517578,157.00999450683594,157.00999450683594,40091711.0
2024-02-29,156.10000610351562,163.77000427246094,155.66000366210938,163.50999450683594,39167504.0
2024-03-01,163.52999877929688,165.55999755859375,162.39999389648438,164.5500030517578,28101336.0
2024-03-04,165.0,167.86000061035156,162.77000427246094,163.89999389648438,26808577.0
2024-03-05,162.10000610351562,165.1999969482422,160.0,164.64999389648438,27549599.0
2024-03-06,162.5800018310547,166.89999389648438,161.6999969482422,163.63999938964844,18718009.0
2024-03-07,163.0,164.1699981689453,159.47999572753906,160.14999389648438,22145021.0
2024-03-08,159.1300048828125,160.8000030517578,156.64999389648438,158.0,20217023.0
2024-03-11,165.0,181.64999389648438,164.10000610351562,180.85000610351562,76335047.0
2024-03-12,183.33999633789062,186.42999267578125,180.0,185.83999633789062,62164900.0
2024-03-13,187.0,187.69000244140625,183.3000030517578,185.17999267578125,34795798.0
2024-03-14,184.88999938964844,187.9600067138672,182.9600067138672,183.80999755859375,30535646.0
2024-03-15,183.6300048828125,183.89999389648438,176.85000610351562,181.0,35483644.0
2024-03-18,190.0399932861328,193.75999450683594,188.9499969482422,190.9600067138672,48305173.0
2024-03-19,190.49000549316406,192.3000030517578,186.60000610351562,187.25,26957576.0
2024-03-20,185.50999450683594,191.24000549316406,185.50999450683594,189.47999572753906,21031584.0
2024-03-21,189.50999450683594,191.8800048828125,189.0800018310547,189.0800018310547,18756720.0
2024-03-22,189.08999633789062,189.91000366210938,184.99000549316406,186.50999450683594,19103367.0
2024-03-25,185.57000732421875,188.1999969482422,184.47999572753906,184.8000030517578,16413365.0
2024-03-26,185.6999969482422,193.1300048828125,185.69000244140625,191.8000030517578,30247308.0
2024-03-27,191.74000549316406,191.75,188.0,188.0,20645704.0
2024-03-28,188.07000732421875,191.6999969482422,186.60000610351562,188.77999877929688,20036725.0
2024-03-29,190.3000030517578,195.0,190.0,190.16000366210938,11091250.0
2024-04-01,194.0,199.8300018310547,193.39999389648438,197.83999633789062,27513187.0
2024-04-02,198.10000610351562,201.57000732421875,196.5,199.6999969482422,24038110.0
2024-04-03,198.94000244140625,198.9499969482422,194.60000610351562,197.64999389648438,23489041.0
2024-04-08,197.64999389648438,199.89999389648438,194.60000610351562,194.60000610351562,18957556.0
2024-04-09,194.0,196.5,193.7100067138672,196.0,14570001.0
2024-04-10,194.11000061035156,195.0,191.52999877929688,192.74000549316406,17961495.0
2024-04-11,190.80999755859375,194.3000030517578,187.0,192.60000610351562,19295444.0
2024-04-12,191.0,191.97999572753906,188.00999450683594,188.38999938964844,16625645.0
2024-04-15,193.85000610351562,197.13999938964844,191.86000061035156,197.13999938964844,30548250.0
2024-04-16,199.0,199.3000030517578,194.9199981689453,197.14999389648438,27623120.0
2024-04-17,195.35000610351562,196.92999267578125,193.02000427246094,195.99000549316406,21619164.0
2024-04-18,193.97000122070312,197.4499969482422,191.38999938964844,195.55999755859375,19539576.0
2024-04-19,193.05999755859375,194.4600067138672,189.50999450683594,190.8000030517578,18491472.0
2024-04-22,192.8000030517578,194.88999938964844,190.57000732421875,190.60000610351562,15098743.0
2024-04-23,191.1300048828125,192.5,187.8800048828125,189.92999267578125,11113796.0
2024-04-24,192.0,192.39999389648438,186.39999389648438,189.60000610351562,15154279.0
2024-04-25,188.57000732421875,194.35000610351562,187.88999938964844,193.1999969482422,16418323.0
2024-04-26,192.00999450683594,198.8800048828125,192.00999450683594,198.47999572753906,22488071.0
2024-04-29,200.57000732421875,213.5,200.0,209.6300048828125,43863035.0
2024-04-30,205.75999450683594,205.75999450683594,202.0,202.60000610351562,21433024.0
2024-05-06,211.0,211.6999969482422,206.02999877929688,206.97999572753906,27099899.0
2024-05-07,206.17999267578125,207.8800048828125,205.14999389648438,206.8800048828125,13179902.0
2024-05-08,207.0,207.8000030517578,203.11000061035156,203.22999572753906,12432997.0
2024-05-09,206.27000427246094,210.50999450683594,206.1999969482422,209.39999389648438,21921628.0
2024-05-10,209.39999389648438,209.39999389648438,203.0,203.5,22801132.0
2024-05-13,196.3000030517578,201.77000427246094,195.50999450683594,199.35000610351562,22196723.0
2024-05-14,200.60000610351562,201.1999969482422,198.1199951171875,199.00999450683594,10694712.0
2024-05-15,199.00999450683594,203.3300018310547,197.5,197.88999938964844,13074116.0
2024-05-16,198.8000030517578,201.63999938964844,196.97999572753906,199.6699981689453,15378204.0
2024-05-17,199.6999969482422,203.0,198.5800018310547,203.0,18496201.0
2024-05-20,207.1999969482422,207.8800048828125,203.00999450683594,203.4499969482422,19917171.0
2024-05-21,203.6699981689453,204.5800018310547,200.55999755859375,201.55999755859375,12296358.0
2024-05-22,202.5,207.0,201.60000610351562,204.88999938964844,25236561.0
2024-05-23,204.1999969482422,205.64999389648438,203.1300048828125,204.33999633789062,17654820.0
2024-05-24,202.8000030517578,204.86000061035156,200.7899932861328,200.97999572753906,15510693.0
2024-05-27,201.8000030517578,201.8000030517578,198.5,200.00999450683594,16361785.0
2024-05-28,199.4600067138672,200.5800018310547,197.60000610351562,197.8000030517578,12689994.0
2024-05-29,198.00999450683594,202.5,197.8000030517578,198.7899932861328,13338755.0
2024-05-30,199.0500030517578,200.8800048828125,197.66000366210938,199.35000610351562,12784004.0
2024-05-31,199.35000610351562,202.25,197.75999450683594,197.75999450683594,13808627.0
2024-06-03,197.75999450683594,203.60000610351562,195.8000030517578,202.5,18718068.0
2024-06-04,201.99000549316406,207.24000549316406,201.0,205.97000122070312,17714939.0
2024-06-05,205.6999969482422,207.85000610351562,204.00999450683594,204.1199951171875,11777390.0
2024-06-06,203.97999572753906,206.8800048828125,202.1999969482422,204.7899932861328,12412570.0
2024-06-07,198.86000061035156,202.4499969482422,187.58999633789062,193.1999969482422,51686760.0
2024-06-11,189.0,192.0,184.61000061035156,188.77000427246094,42072363.0
2024-06-12,186.0,189.75999450683594,185.47999572753906,185.60000610351562,20310392.0
2024-06-13,187.0,190.00999450683594,185.1199951171875,185.17999267578125,22117637.0
2024-06-14,186.10000610351562,186.5800018310547,178.5800018310547,184.88999938964844,37184949.0
2024-06-17,182.5500030517578,190.5,182.30999755859375,188.1999969482422,26929318.0
2024-06-18,188.14999389648438,190.47000122070312,187.02000427246094,190.3300018310547,15652909.0
2024-06-19,190.60000610351562,190.6999969482422,187.67999267578125,189.00999450683594,10753975.0
2024-06-20,189.99000549316406,190.11000061035156,187.10000610351562,187.99000549316406,11562370.0
2024-06-21,188.30999755859375,188.9600067138672,182.3699951171875,185.16000366210938,18467717.0
2024-06-24,183.0,187.99000549316406,183.0,186.97999572753906,18035490.0
2024-06-25,187.0,189.1999969482422,185.60000610351562,186.32000732421875,14414412.0
2024-06-26,185.1199951171875,186.6300048828125,183.1999969482422,185.50999450683594,10481398.0
2024-06-27,185.50999450683594,185.8800048828125,183.00999450683594,185.0,12653577.0
2024-06-28,183.8000030517578,185.47999572753906,179.83999633789062,180.02999877929688,19420506.0
2024-07-01,179.19000244140625,179.27999877929688,171.1699981689453,176.07000732421875,26995744.0
2024-07-02,173.85000610351562,176.9600067138672,172.11000061035156,176.0800018310547,14415586.0
2024-07-03,177.0,182.5,176.30999755859375,179.5,16205321.0
2024-07-04,180.38999938964844,182.99000549316406,179.1999969482422,179.60000610351562,11834646.0
2024-07-05,181.0,182.49000549316406,176.5,177.6199951171875,13524707.0
2024-07-08,176.00999450683594,178.3699951171875,175.00999450683594,175.91000366210938,10806397.0
2024-07-09,175.3000030517578,177.3000030517578,173.08999633789062,175.77000427246094,16443915.0
2024-07-10,175.00999450683594,180.08999633789062,173.0500030517578,173.0500030517578,17772919.0
2024-07-11,175.0,178.97999572753906,173.49000549316406,177.00999450683594,20811148.0
2024-07-12,177.85000610351562,181.77000427246094,177.0,179.8000030517578,19550460.0
2024-07-15,178.3000030517578,179.9499969482422,177.11000061035156,178.1199951171875,11469696.0
2024-07-16,177.5,180.5,177.3000030517578,179.3000030517578,15148737.0
2024-07-17,178.0,182.66000366210938,175.94000244140625,180.88999938964844,18590141.0
2024-07-18,180.0,189.10000610351562,179.67999267578125,188.35000610351562,31994401.0
2024-07-19,186.35000610351562,190.08999633789062,186.1999969482422,189.44000244140625,20847631.0
2024-07-22,191.19000244140625,194.17999267578125,187.39999389648438,189.52000427246094,17168252.0
2024-07-23,189.00999450683594,189.6999969482422,186.1999969482422,186.1999969482422,11903104.0
2024-07-24,186.0,189.08999633789062,185.38999938964844,186.32000732421875,14468136.0
2024-07-25,186.1199951171875,190.72999572753906,185.05999755859375,187.72999572753906,20595888.0
2024-07-26,190.0,193.3000030517578,188.0500030517578,189.35000610351562,23347718.0
2024-07-29,187.0,187.0,180.0,184.52999877929688,21362366.0
2024-07-30,183.22000122070312,185.3300018310547,183.22000122070312,184.88999938964844,12725163.0
2024-07-31,182.0,186.8800048828125,182.0,186.30999755859375,19896940.0
2024-08-01,185.0,186.0,180.10000610351562,180.3000030517578,23012659.0
2024-08-02,179.0,180.0,176.74000549316406,177.08999633789062,15493685.0
2024-08-05,175.00999450683594,180.19000244140625,175.0,177.0,19347659.0
2024-08-06,178.41000366210938,179.38999938964844,173.7100067138672,174.9499969482422,15768703.0
2024-08-07,174.9499969482422,176.22999572753906,173.6699981689453,173.6699981689453,12753959.0
2024-08-08,173.00999450683594,173.60000610351562,170.1199951171875,172.39999389648438,14658996.0
2024-08-09,173.60000610351562,174.8699951171875,170.0,170.0,15412989.0
2024-08-12,170.57000732421875,171.1199951171875,166.8000030517578,169.0,17415581.0
2024-08-13,168.88999938964844,174.9600067138672,168.3800048828125,173.77999877929688,19389256.0
2024-08-14,172.99000549316406,174.4499969482422,171.72000122070312,172.2100067138672,9966285.0
2024-08-15,172.0,174.60000610351562,171.2899932861328,173.39999389648438,14481202.0
2024-08-16,173.39999389648438,176.0,172.8800048828125,173.6199951171875,11150641.0
2024-08-19,173.35000610351562,177.94000244140625,173.14999389648438,175.60000610351562,14035843.0
2024-08-20,175.0,176.0,173.66000366210938,174.8699951171875,8436955.0
2024-08-21,174.0,175.41000366210938,172.0,174.00999450683594,11147405.0
2024-08-22,174.97999572753906,179.97000122070312,174.3000030517578,178.8000030517578,19901136.0
2024-08-23,177.0,182.52000427246094,177.0,181.8000030517578,18415176.0
2024-08-26,181.89999389648438,184.55999755859375,181.0,183.9199981689453,14838749.0
2024-08-27,182.52000427246094,184.49000549316406,181.5,183.5,9976992.0
2024-08-28,182.8000030517578,183.69000244140625,181.27999877929688,182.82000732421875,10639015.0
2024-08-29,179.1699981689453,182.99000549316406,179.1699981689453,180.8000030517578,15670242.0
2024-08-30,180.8000030517578,185.9600067138672,180.8000030517578,184.33999633789062,25429171.0
2024-09-02,184.44000244140625,185.58999633789062,181.0,181.19000244140625,12985176.0
2024-09-03,180.3000030517578,186.6999969482422,180.02000427246094,185.64999389648438,18196886.0
2024-09-04,185.32000732421875,189.0,184.85000610351562,187.14999389648438,16564524.0
2024-09-05,187.14999389648438,189.5500030517578,185.8000030517578,186.8000030517578,12318215.0
2024-09-06,186.1199951171875,188.5,185.39999389648438,185.9499969482422,7525486.0
2024-09-09,185.11000061035156,188.66000366210938,183.47000122070312,185.14999389648438,13475355.0
2024-09-10,185.5,185.5,181.0500030517578,181.16000366210938,15424413.0
2024-09-11,182.39999389648438,187.77999877929688,181.16000366210938,186.55999755859375,21197083.0
2024-09-12,188.0,192.16000366210938,186.7100067138672,189.35000610351562,20709986.0
2024-09-13,188.8800048828125,188.8800048828125,183.5,183.5,17287288.0
2024-09-18,183.60000610351562,187.42999267578125,183.2899932861328,186.39999389648438,11377895.0
2024-09-19,187.0,188.22000122070312,183.60000610351562,186.89999389648438,15769409.0
2024-09-20,186.89999389648438,187.89999389648438,183.67999267578125,185.60000610351562,15502703.0
2024-09-23,186.66000366210938,189.42999267578125,185.5,188.1999969482422,15792549.0
2024-09-24,191.9600067138672,198.1699981689453,188.88999938964844,197.52000427246094,35451735.0
2024-09-25,207.38999938964844,207.39999389648438,202.58999633789062,203.10000610351562,42010119.0
2024-09-26,203.6999969482422,207.3300018310547,198.92999267578125,205.50999450683594,35489346.0
2024-09-27,212.0,231.67999267578125,211.6699981689453,226.80999755859375,70181326.0
2024-09-30,233.02000427246094,255.0,232.0,251.88999938964844,91361145.0
2024-10-08,296.0,301.5,267.6600036621094,299.0,137646479.0
2024-10-09,279.8999938964844,279.989990234375,255.0,255.0,108691594.0
2024-10-10,255.0,265.989990234375,250.16000366210938,258.0,60833833.0
2024-10-11,255.5,255.5,237.92999267578125,241.7899932861328,47640230.0
2024-10-14,249.99000549316406,252.8000030517578,244.94000244140625,249.72000122070312,46759863.0
2024-10-15,249.80999755859375,250.83999633789062,241.1300048828125,241.22000122070312,32765334.0
2024-10-16,238.82000732421875,238.82000732421875,233.3300018310547,233.85000610351562,33585954.0
2024-10-17,234.0,238.8800048828125,230.86000061035156,231.5,26164672.0
2024-10-18,230.0,258.8800048828125,229.60000610351562,249.88999938964844,68013787.0
2024-10-21,259.0,262.5299987792969,251.75,253.36000061035156,58455809.0
2024-10-22,254.0,254.55999755859375,247.25999450683594,250.5500030517578,27876033.0
2024-10-23,247.80999755859375,254.94000244140625,246.86000061035156,249.3000030517578,32154122.0
2024-10-24,249.77000427246094,251.5,245.0,246.16000366210938,21465790.0
2024-10-25,252.33999633789062,265.0,246.3000030517578,258.8800048828125,57898551.0
2024-10-28,256.1300048828125,258.6099853515625,253.0,256.239990234375,27601935.0
2024-10-29,256.239990234375,257.7099914550781,251.24000549316406,251.77999877929688,26994808.0
2024-10-30,250.0,252.3000030517578,244.5,248.02999877929688,27134374.0
2024-10-31,246.99000549316406,250.5,244.0,245.97999572753906,25500279.0
2024-11-01,246.52999877929688,249.82000732421875,245.17999267578125,246.1999969482422,25915829.0
2024-11-04,244.0,254.3000030517578,244.0,251.1999969482422,24247222.0
2024-11-05,250.5800018310547,262.82000732421875,249.1300048828125,261.3900146484375,48482094.0
2024-11-06,258.989990234375,269.5,253.5,256.5,45239310.0
2024-11-07,258.0,262.79998779296875,253.8800048828125,262.79998779296875,33571027.0
2024-11-08,269.6600036621094,272.0,257.1000061035156,257.5,40294127.0
2024-11-11,252.35000610351562,268.989990234375,251.00999450683594,267.5,49153907.0
2024-11-12,278.2799987792969,285.20001220703125,270.9800109863281,273.0199890136719,74403008.0
2024-11-13,269.0,288.20001220703125,266.7699890136719,282.0,55773688.0
2024-11-14,283.0,284.989990234375,274.6600036621094,275.0,42657210.0
2024-11-15,269.5,275.0,265.55999755859375,265.55999755859375,35198317.0
2024-11-18,265.55999755859375,270.95001220703125,261.0,262.9200134277344,30650010.0
2024-11-19,262.0199890136719,272.0,258.0,268.7200012207031,34812887.0
2024-11-20,266.95001220703125,269.8999938964844,264.6000061035156,267.54998779296875,22708778.0
2024-11-21,265.6600036621094,271.42999267578125,263.6600036621094,268.260009765625,20550827.0
2024-11-22,267.92999267578125,269.0,258.8800048828125,259.1000061035156,22555101.0
2024-11-25,263.05999755859375,266.55999755859375,261.17999267578125,264.1000061035156,26239071.0
2024-11-26,261.57000732421875,263.9700012207031,255.66000366210938,256.7200012207031,27360405.0
2024-11-27,254.6999969482422,260.8999938964844,251.47000122070312,259.8999938964844,27400665.0
2024-11-28,259.20001220703125,259.5299987792969,253.5,254.6999969482422,22355598.0
2024-11-29,251.22999572753906,267.989990234375,251.22999572753906,261.239990234375,31366272.0
2024-12-02,258.6400146484375,263.54998779296875,257.2099914550781,262.19000244140625,20647547.0
2024-12-03,261.0,262.989990234375,259.0,261.8399963378906,17310789.0
2024-12-04,260.0,262.0,257.5,258.9700012207031,16181395.0
2024-12-05,257.989990234375,258.95001220703125,255.00999450683594,256.0,16021580.0
2024-12-06,256.0,269.8999938964844,255.0,266.54998779296875,33038136.0
2024-12-09,266.989990234375,269.6600036621094,264.4100036621094,268.04998779296875,22456090.0
2024-12-10,281.2799987792969,281.5,269.3299865722656,270.57000732421875,32904436.0
2024-12-11,273.9599914550781,279.5,266.5199890136719,267.1000061035156,19400821.0
2024-12-12,265.8999938964844,275.3800048828125,265.20001220703125,273.7099914550781,22329514.0
2024-12-13,269.8800048828125,272.0,266.0,267.0299987792969,28316441.0
2024-12-16,266.2200012207031,269.5,264.04998779296875,267.20001220703125,16257508.0
2024-12-17,267.0,278.0,266.5400085449219,273.79998779296875,28214610.0
2024-12-18,274.30999755859375,274.7300109863281,270.30999755859375,271.4100036621094,15085329.0
2024-12-19,269.260009765625,272.3500061035156,266.6199951171875,269.7900085449219,15346018.0
2024-12-20,269.7900085449219,270.79998779296875,260.32000732421875,262.7099914550781,27740098.0
2024-12-23,262.7099914550781,268.8800048828125,262.7099914550781,263.5,20639383.0
2024-12-24,263.0,268.25,263.0,268.2300109863281,19615352.0
2024-12-25,268.9100036621094,270.9100036621094,266.260009765625,267.9700012207031,11413810.0
2024-12-26,267.20001220703125,267.20001220703125,261.0,261.25,22443762.0
2024-12-27,260.57000732421875,263.4200134277344,255.0,262.0,24351918.0
2024-12-30,260.8800048828125,267.5,260.510009765625,266.5799865722656,22631352.0
2024-12-31,265.0899963378906,270.5,265.0899963378906,266.0,24933952.0
2025-01-02,266.25,266.29998779296875,257.0,258.7799987792969,23354576.0
2025-01-03,258.7799987792969,263.0,257.2099914550781,257.6300048828125,18523758.0
2025-01-06,258.0,260.0,253.0,256.75,17289077.0
2025-01-07,243.0,252.0,241.0800018310547,249.4499969482422,40103599.0
2025-01-08,245.99000549316406,248.30999755859375,243.32000732421875,245.33999633789062,27185752.0
2025-01-09,241.35000610351562,250.25,241.16000366210938,247.3300018310547,16932878.0
2025-01-10,246.5,249.9499969482422,244.67999267578125,246.0,14729433.0
2025-01-13,243.5,250.0,242.0,246.91000366210938,18092226.0
2025-01-14,247.7100067138672,257.0,245.2100067138672,256.20001220703125,20246734.0
2025-01-15,256.20001220703125,256.3999938964844,249.6699981689453,250.8699951171875,15062665.0
2025-01-16,252.10000610351562,252.16000366210938,248.25999450683594,249.92999267578125,16188378.0
2025-01-17,248.5,253.5,248.0800018310547,251.5,11106600.0
2025-01-20,256.5,267.6099853515625,256.30999755859375,265.5199890136719,34283497.0
2025-01-21,268.5,268.760009765625,263.2200012207031,264.17999267578125,13893306.0
2025-01-22,262.0,264.8999938964844,254.2100067138672,258.0,25040737.0
2025-01-23,259.8500061035156,262.5,256.9800109863281,257.5,16553688.0
2025-01-24,256.010009765625,264.7799987792969,256.010009765625,260.6199951171875,22439796.0
2025-01-27,260.6300048828125,262.9700012207031,257.0,257.0,17102637.0
2025-02-05,260.0,262.0,251.0500030517578,252.1199951171875,24048140.0
2025-02-06,251.0,253.49000549316406,249.1999969482422,253.10000610351562,24896101.0
2025-02-07,257.0,262.55999755859375,251.6199951171875,261.2799987792969,34441254.0
2025-02-10,261.2799987792969,261.4700012207031,255.17999267578125,258.45001220703125,22926710.0
2025-02-11,260.44000244140625,260.5,251.05999755859375,251.8000030517578,24791980.0
2025-02-12,250.00999450683594,256.0,247.0800018310547,255.3000030517578,27382214.0
2025-02-13,255.99000549316406,263.989990234375,255.10000610351562,261.3900146484375,37534967.0
2025-02-14,261.5299987792969,273.0,261.5299987792969,269.7099914550781,38780030.0
2025-02-17,274.8999938964844,274.8999938964844,266.0199890136719,269.3999938964844,24182960.0
2025-02-18,272.9599914550781,275.5,269.0,270.7699890136719,23845755.0
2025-02-19,268.57000732421875,276.0,268.54998779296875,273.54998779296875,20445539.0
2025-02-20,272.79998779296875,272.79998779296875,267.0,270.20001220703125,19589001.0
2025-02-21,268.5799865722656,276.8800048828125,267.7799987792969,275.54998779296875,30951906.0
2025-02-24,273.010009765625,274.70001220703125,268.1600036621094,271.5,27753762.0
2025-02-25,267.4800109863281,274.0,264.510009765625,269.4800109863281,23209375.0
2025-02-26,271.45001220703125,272.8800048828125,267.17999267578125,268.6199951171875,21173074.0
2025-02-27,270.2699890136719,271.70001220703125,267.6700134277344,270.0,23185110.0
2025-02-28,269.6000061035156,271.30999755859375,263.6099853515625,264.29998779296875,22265458.0
2025-03-03,265.0,279.29998779296875,262.239990234375,273.5299987792969,38736403.0
2025-03-04,270.0,271.0,262.7300109863281,263.0,26836542.0
2025-03-05,263.0,263.8900146484375,258.5,260.989990234375,20869610.0
2025-03-06,262.25,265.5299987792969,261.0,264.30999755859375,25027321.0
2025-03-07,262.9599914550781,263.5799865722656,258.67999267578125,260.760009765625,22287108.0
2025-03-10,261.79998779296875,261.8599853515625,253.61000061035156,256.5,28675074.0
2025-03-11,253.07000732421875,255.5,253.0500030517578,255.1999969482422,17135077.0
2025-03-12,256.010009765625,256.6199951171875,251.49000549316406,254.5,19914690.0
2025-03-13,254.0,259.20001220703125,253.0,253.22000122070312,16885150.0
2025-03-14,253.0,264.8500061035156,252.64999389648438,262.0,35108935.0
2025-03-17,263.1000061035156,265.4700012207031,255.74000549316406,256.0,33515486.0
2025-03-18,258.0,260.7799987792969,255.5,257.0,22576732.0
2025-03-19,257.20001220703125,266.9700012207031,256.7799987792969,265.3900146484375,36954120.0
2025-03-20,265.3900146484375,266.5,261.0199890136719,262.1499938964844,14424653.0
2025-03-21,262.67999267578125,264.5299987792969,255.6699981689453,256.0,19432006.0
2025-03-24,257.70001220703125,258.9800109863281,256.2799987792969,258.1600036621094,16730217.0
2025-03-25,257.7099914550781,260.0,255.2899932861328,259.4800109863281,12785778.0
2025-03-26,259.3999938964844,262.70001220703125,256.70001220703125,256.9200134277344,12904626.0
2025-03-27,256.19000244140625,262.79998779296875,254.25,258.8800048828125,14179206.0
2025-03-28,256.1099853515625,258.8800048828125,255.8000030517578,256.79998779296875,11242068.0
2025-03-31,256.05999755859375,257.9800109863281,252.1199951171875,252.94000244140625,19463355.0
2025-04-01,252.94000244140625,254.5,248.5800018310547,249.05999755859375,19416208.0
2025-04-02,250.1999969482422,252.4600067138672,247.55999755859375,249.13999938964844,13732112.0
2025-04-03,245.0,247.6999969482422,242.5500030517578,243.0800018310547,23281639.0
2025-04-07,226.08999633789062,230.0,209.11000061035156,215.22000122070312,72364582.0
2025-04-08,219.9499969482422,225.0,216.39999389648438,219.0500030517578,47659421.0
2025-04-09,212.9199981689453,218.75,210.08999633789062,211.38999938964844,53602339.0
2025-04-10,221.0,222.7899932861328,215.4600067138672,217.97999572753906,37274119.0
2025-04-11,216.0,225.5500030517578,214.6999969482422,224.0,30299115.0
2025-04-14,227.14999389648438,228.0,222.67999267578125,224.0,20696504.0
2025-04-15,226.0,230.4499969482422,225.1199951171875,228.14999389648438,26686542.0
2025-04-16,227.0,227.17999267578125,221.5500030517578,224.88999938964844,21655096.0
2025-04-17,223.0,227.3300018310547,222.22000122070312,226.0,15737659.0
2025-04-18,225.2100067138672,226.5,223.66000366210938,225.4600067138672,11512794.0
2025-04-21,225.4600067138672,235.0,224.17999267578125,231.36000061035156,22008191.0
2025-04-22,230.0,231.16000366210938,227.1999969482422,230.69000244140625,16935423.0
2025-04-23,235.0,238.75,233.0,233.35000610351562,19197980.0
2025-04-24,234.5,238.66000366210938,232.25,236.8699951171875,18155439.0
2025-04-25,237.1999969482422,237.9199981689453,235.08999633789062,236.60000610351562,12761989.0
2025-04-28,238.25,238.25999450683594,233.1999969482422,234.85000610351562,14312432.0
2025-04-29,234.0,234.8000030517578,230.72000122070312,232.02999877929688,16742435.0
2025-04-30,233.0500030517578,234.3800048828125,231.5,231.5,15632835.0
2025-05-06,233.91000366210938,236.3000030517578,231.1999969482422,231.6300048828125,19687679.0
2025-05-07,236.4499969482422,240.8800048828125,236.0800018310547,238.61000061035156,31280985.0
2025-05-08,239.49000549316406,248.67999267578125,237.97999572753906,244.57000732421875,31285640.0
2025-05-09,246.07000732421875,249.77000427246094,244.64999389648438,248.27000427246094,23693317.0
2025-05-12,255.0,257.989990234375,253.0,257.0,30231506.0
2025-05-13,262.0,262.0,255.02000427246094,258.7699890136719,20480591.0
2025-05-14,258.7699890136719,264.4599914550781,256.010009765625,262.6000061035156,23146307.0
2025-05-15,262.6199951171875,262.8699951171875,259.6000061035156,260.17999267578125,14111893.0
2025-05-16,259.1400146484375,261.7300109863281,257.7300109863281,259.3599853515625,18900058.0
2025-05-19,260.5,260.5400085449219,257.2699890136719,260.0,16974017.0
2025-05-20,264.44000244140625,265.5,255.1999969482422,263.0,34642364.0
2025-05-21,266.989990234375,279.989990234375,265.79998779296875,274.0799865722656,56524517.0
2025-05-22,277.79998779296875,277.94000244140625,268.2699890136719,270.3699951171875,27608118.0
2025-05-23,272.260009765625,272.2699890136719,266.95001220703125,266.989990234375,23000352.0
2025-05-26,265.0,266.3800048828125,252.89999389648438,255.89999389648438,33012215.0
2025-05-27,255.88999938964844,257.2099914550781,252.38999938964844,253.99000549316406,17667995.0
2025-05-28,255.61000061035156,258.2699890136719,253.32000732421875,253.60000610351562,15456265.0
2025-05-29,253.0,253.97999572753906,249.0,251.85000610351562,21788285.0
2025-05-30,250.89999389648438,252.64999389648438,247.47000122070312,250.0,20433747.0
2025-06-03,252.0,253.89999389648438,250.44000244140625,251.14999389648438,15841166.0
2025-06-04,252.5,253.60000610351562,250.6999969482422,251.0500030517578,13040195.0
2025-06-05,251.36000061035156,252.44000244140625,248.27000427246094,251.5,13525851.0
2025-06-06,252.0,253.3300018310547,248.5,248.8800048828125,16551474.0
2025-06-09,248.8800048828125,250.8800048828125,245.5,245.5800018310547,18549757.0
2025-06-10,245.0,246.86000061035156,242.22000122070312,243.13999938964844,13932459.0
2025-06-11,246.08999633789062,252.44000244140625,244.8000030517578,250.5,27993404.0
2025-06-12,252.0,252.5,248.77000427246094,249.80999755859375,17569617.0
2025-06-13,248.10000610351562,250.41000366210938,246.3699951171875,248.1999969482422,17403245.0
2025-06-16,248.0,248.6999969482422,245.8000030517578,246.66000366210938,12217571.0
2025-06-17,246.9600067138672,248.42999267578125,245.22000122070312,246.25999450683594,9765024.0
2025-06-18,246.97999572753906,249.5800018310547,245.57000732421875,245.57000732421875,10460561.0
2025-06-19,245.3000030517578,246.16000366210938,241.60000610351562,242.10000610351562,14798456.0
2025-06-20,241.05999755859375,243.1199951171875,239.5,240.25999450683594,13688340.0
2025-06-23,239.3000030517578,240.60000610351562,238.02999877929688,239.61000061035156,12709927.0
2025-06-24,240.5800018310547,248.0800018310547,240.5800018310547,245.9199981689453,23501081.0
2025-06-25,246.5,255.8800048828125,246.0,254.89999389648438,31537723.0
2025-06-26,255.8800048828125,256.2900085449219,252.36000061035156,252.7899932861328,19914530.0
2025-06-27,256.5,257.45001220703125,250.11000061035156,250.99000549316406,23620067.0
2025-06-30,251.5,253.5,249.6999969482422,252.22000122070312,17623370.0
2025-07-01,252.5,252.74000549316406,249.8800048828125,251.5,9532258.0
2025-07-02,251.5,252.00999450683594,249.19000244140625,250.4499969482422,11571374.0
2025-07-03,251.47000122070312,263.2099914550781,250.58999633789062,262.5899963378906,33803747.0
2025-07-04,265.010009765625,269.9800109863281,260.9800109863281,265.79998779296875,27206013.0
2025-07-07,265.79998779296875,268.8800048828125,258.8800048828125,260.8900146484375,17466498.0
2025-07-08,260.70001220703125,265.8999938964844,259.82000732421875,263.30999755859375,15592292.0
2025-07-09,262.20001220703125,274.4599914550781,262.1000061035156,270.79998779296875,29388371.0
2025-07-10,274.989990234375,274.989990234375,268.5,272.0,24239349.0
2025-07-11,271.5,274.0,270.1000061035156,271.5,21328153.0
2025-07-14,271.0,271.32000732421875,266.1000061035156,268.5,14978884.0
2025-07-15,268.5,272.5,266.0,267.75,16952649.0
2025-07-16,268.5,268.70001220703125,263.0400085449219,264.3999938964844,15626479.0
2025-07-17,265.3699951171875,267.75,264.3599853515625,265.5,14511017.0
2025-07-18,268.70001220703125,272.45001220703125,265.79998779296875,271.20001220703125,22186558.0
2025-07-21,277.0,282.0,273.54998779296875,279.6600036621094,32486275.0
2025-07-22,280.0,290.0,279.17999267578125,286.6600036621094,33309029.0
2025-07-23,288.1600036621094,290.75,286.5899963378906,287.0199890136719,20018974.0
2025-07-24,289.0,289.20001220703125,282.9100036621094,285.20001220703125,22389114.0
2025-07-25,285.20001220703125,285.20001220703125,281.75,282.79998779296875,13432601.0
2025-07-28,283.0199890136719,289.0899963378906,281.29998779296875,286.29998779296875,23897336.0
2025-07-29,286.70001220703125,292.0,286.67999267578125,291.82000732421875,23394555.0
2025-07-30,292.20001220703125,292.20001220703125,276.3599853515625,277.0899963378906,41594301.0
2025-07-31,280.79998779296875,281.9800109863281,264.6199951171875,264.6199951171875,44710355.0
2025-08-01,264.79998779296875,266.6000061035156,262.75,263.07000732421875,25250002.0
2025-08-04,263.0,268.0,261.70001220703125,266.4800109863281,23768168.0
2025-08-05,267.5,269.0,263.5,265.70001220703125,21976040.0
2025-08-06,265.2200012207031,266.8999938964844,263.2300109863281,265.0,15323311.0
2025-08-07,265.0,266.489990234375,262.20001220703125,263.04998779296875,16548104.0
2025-08-08,264.0,266.1600036621094,262.010009765625,263.4800109863281,17428216.0
2025-08-11,263.4800109863281,266.1499938964844,262.5,263.6600036621094,21330876.0
2025-08-12,263.5,265.17999267578125,257.7200012207031,263.25,22240739.0
2025-08-13,264.7699890136719,275.0,264.510009765625,273.6000061035156,39466769.0
2025-08-14,276.8900146484375,282.0,274.4800109863281,279.8900146484375,37170757.0
2025-08-15,278.3800048828125,282.29998779296875,276.1000061035156,280.6700134277344,24109169.0
2025-08-18,280.6700134277344,285.4800109863281,278.0199890136719,283.0,28528793.0
2025-08-19,283.0,284.0,276.2200012207031,277.79998779296875,24428585.0
2025-08-20,277.5,279.989990234375,272.04998779296875,279.20001220703125,23353492.0
2025-08-21,279.2699890136719,281.79998779296875,278.0,279.0,18269814.0
2025-08-22,278.92999267578125,289.3500061035156,278.6000061035156,287.17999267578125,26421851.0
2025-08-25,290.0,293.8800048828125,286.7799987792969,290.2799987792969,31229720.0
2025-08-26,287.0199890136719,290.989990234375,285.5799865722656,289.5,23024462.0
2025-08-27,289.0,289.5400085449219,278.19000244140625,278.29998779296875,38258429.0
2025-08-28,276.05999755859375,278.989990234375,272.7200012207031,277.4100036621094,30466401.0
2025-08-29,278.30999755859375,316.6600036621094,277.95001220703125,306.17999267578125,78013892.0
2025-09-01,306.5,306.8999938964844,299.29998779296875,304.0,42996421.0
2025-09-02,304.0299987792969,311.1000061035156,299.0299987792969,302.8699951171875,37116889.0
2025-09-03,303.5,311.6499938964844,303.0299987792969,309.0,50897473.0
2025-09-04,313.4700012207031,323.3299865722656,300.6300048828125,304.0299987792969,65754754.0
2025-09-05,299.8999938964844,325.1099853515625,299.82000732421875,325.1099853515625,70819779.0
2025-09-08,334.0,337.6499938964844,323.5,325.3699951171875,58834578.0
2025-09-09,322.79998779296875,334.5799865722656,317.1600036621094,320.0,43402397.0
2025-09-10,317.989990234375,322.0,313.0,316.0400085449219,36752683.0
2025-09-11,315.54998779296875,322.9800109863281,309.0400085449219,322.54998779296875,38034460.0
2025-09-12,325.8999938964844,329.8999938964844,322.20001220703125,325.0,33871316.0
2025-09-15,346.010009765625,371.5199890136719,344.0199890136719,354.70001220703125,71841023.0
2025-09-16,356.1099853515625,359.0,348.5,353.4200134277344,37744465.0
2025-09-17,356.79998779296875,381.8800048828125,354.0,377.1000061035156,54377100.0
2025-09-18,374.5899963378906,380.0,360.79998779296875,366.8900146484375,51889690.0
2025-09-19,365.0,375.7099914550781,361.7200012207031,368.489990234375,33914886.0
2025-09-22,370.5,372.7200012207031,362.7799987792969,370.04998779296875,28527763.0
2025-09-23,368.0,376.9599914550781,360.0,368.1499938964844,34849315.0
2025-09-24,371.0,380.0,366.05999755859375,379.92999267578125,38314548.0
2025-09-25,376.6000061035156,402.5899963378906,376.4700012207031,392.8500061035156,46639338.0
2025-09-26,392.0199890136719,399.989990234375,380.0,380.3999938964844,36263326.0
2025-09-29,386.3399963378906,399.8900146484375,386.010009765625,397.3699951171875,38964745.0
2025-09-30,396.0,408.8800048828125,396.0,402.0,33031310.0
2025-10-09,399.9800109863281,424.3599853515625,399.739990234375,409.8900146484375,41208823.0
2025-10-10,401.0,403.79998779296875,379.010009765625,381.95001220703125,53311798.0
2025-10-13,362.8599853515625,384.6000061035156,362.8599853515625,374.5,47150998.0
2025-10-14,381.0,385.79998779296875,355.7699890136719,358.0,49639939.0
2025-10-15,358.5,369.7099914550781,354.760009765625,369.29998779296875,36993355.0
2025-10-16,367.5,373.8999938964844,364.5,368.5,27629467.0
2025-10-17,367.5,375.0,356.989990234375,358.1400146484375,31905761.0
2025-10-20,365.0,368.8900146484375,359.5299987792969,366.5,28432420.0
2025-10-21,373.0,381.3500061035156,363.1000061035156,375.8999938964844,44632870.0
2025-10-22,375.8999938964844,378.8800048828125,368.20001220703125,372.8599853515625,21945879.0
2025-10-23,373.79998779296875,378.79998779296875,369.0,376.45001220703125,23998098.0
2025-10-24,379.9700012207031,387.79998779296875,378.0,385.7699890136719,32041578.0
2025-10-27,393.0,393.0,376.57000732421875,386.17999267578125,40451018.0
2025-10-28,386.1600036621094,393.79998779296875,383.0199890136719,386.4800109863281,28708295.0
2025-10-29,386.0,400.0400085449219,384.70001220703125,400.0,34474046.0
2025-10-30,405.9800109863281,409.0799865722656,396.8299865722656,398.2900085449219,34306088.0
2025-10-31,398.0,406.79998779296875,388.20001220703125,388.7699890136719,34048350.0
2025-11-03,387.0,391.9100036621094,375.7699890136719,386.8599853515625,26368177.0
2025-11-04,383.05999755859375,386.5,374.0,378.95001220703125,23939074.0
2025-11-05,372.8500061035156,393.0,372.0,388.70001220703125,31142532.0
2025-11-06,390.0,399.489990234375,388.70001220703125,394.67999267578125,23447477.0
2025-11-07,393.5,397.510009765625,388.8800048828125,395.3699951171875,16554892.0
2025-11-10,398.3999938964844,400.30999755859375,383.32000732421875,384.510009765625,23895991.0
2025-11-11,386.0,394.7699890136719,384.5,385.6000061035156,19303175.0
2025-11-12,390.7799987792969,392.989990234375,383.9800109863281,386.3800048828125,21299825.0
2025-11-13,385.04998779296875,421.29998779296875,385.04998779296875,415.6000061035156,56265449.0
2025-11-14,407.0,414.6000061035156,403.8800048828125,404.1199951171875,24172120.0
2025-11-17,388.0,392.3999938964844,382.5,390.7799987792969,47685503.0
2025-11-18,389.0,398.6300048828125,381.0,385.0,39565814.0
2025-11-19,385.5,398.44000244140625,384.9599914550781,391.1000061035156,29266686.0
2025-11-20,394.8999938964844,395.0,377.010009765625,379.3900146484375,33674285.0
2025-11-21,375.0,383.0,370.0,370.0,31631335.0
2025-11-24,373.79998779296875,374.8999938964844,367.17999267578125,370.54998779296875,22845819.0
2025-11-25,375.0,379.6600036621094,370.5899963378906,372.3599853515625,20633246.0
2025-11-26,375.5,375.5,370.07000732421875,372.82000732421875,18910660.0
2025-11-27,373.0,378.8800048828125,370.0,371.20001220703125,22200259.0
2025-11-28,370.5,375.4800109863281,366.1600036621094,373.20001220703125,20340263.0
2025-12-01,374.760009765625,382.9700012207031,374.0299987792969,382.9700012207031,26751013.0
2025-12-02,383.5,384.9800109863281,377.3999938964844,380.0799865722656,16348461.0
2025-12-03,380.0899963378906,383.3699951171875,375.0,376.0799865722656,13991135.0
2025-12-04,379.19000244140625,383.6000061035156,375.1499938964844,383.3500061035156,19165809.0
2025-12-05,387.20001220703125,389.30999755859375,382.0,389.0899963378906,23291559.0
2025-12-08,390.42999267578125,395.3800048828125,385.5,392.5,21659758.0
2025-12-09,391.5,392.260009765625,386.0,387.5899963378906,18691773.0
2025-12-10,385.04998779296875,388.0,377.260009765625,382.3800048828125,19433405.0
2025-12-11,384.8999938964844,398.8599853515625,383.3800048828125,388.989990234375,28215378.0
2025-12-12,392.0,393.3900146484375,385.5,391.79998779296875,24002022.0
2025-12-15,391.5,394.9700012207031,385.2099914550781,385.5,18274993.0
2025-12-16,386.0,389.0799865722656,378.0299987792969,378.4100036621094,19121676.0
2025-12-17,376.45001220703125,384.5,375.05999755859375,383.4200134277344,22257408.0
2025-12-18,379.57000732421875,380.95001220703125,370.010009765625,372.0,29639283.0
2025-12-19,374.0799865722656,377.67999267578125,370.79998779296875,374.0,17559945.0
2025-12-22,376.0,377.989990234375,368.1000061035156,371.8399963378906,25493538.0
2025-12-23,372.0,380.5,371.6000061035156,378.1000061035156,23604086.0
2025-12-24,378.0799865722656,378.0799865722656,372.0,375.6000061035156,21088387.0
2025-12-25,374.2099914550781,374.2099914550781,369.1199951171875,373.010009765625,20343144.0
2025-12-26,372.9599914550781,378.0,370.1000061035156,374.42999267578125,25723689.0
2025-12-29,374.0,374.42999267578125,368.0,369.30999755859375,24124072.0
2025-12-30,367.1000061035156,371.0,366.55999755859375,369.20001220703125,19030821.0
2025-12-31,369.7900085449219,372.0,367.1499938964844,367.260009765625,16026597.0
2026-01-05,370.0,378.0,368.19000244140625,377.5,33688135.0
2026-01-06,380.0,380.5,369.0400085449219,373.989990234375,34147710.0
2026-01-07,372.95001220703125,375.4800109863281,368.489990234375,371.010009765625,26228535.0
2026-01-08,368.0,373.3299865722656,367.0,369.2099914550781,26959035.0
2026-01-09,369.1700134277344,377.6300048828125,367.010009765625,369.2300109863281,31477187.0
2026-01-12,368.0,368.0,351.6600036621094,361.67999267578125,48830739.0
2026-01-13,366.25,367.7699890136719,357.0,359.0,29670920.0
2026-01-14,360.0299987792969,361.2200012207031,351.7099914550781,353.9800109863281,38083365.0
2026-01-15,352.75,358.2799987792969,351.79998779296875,353.75,32370912.0
2026-01-16,357.989990234375,361.7200012207031,351.510009765625,352.32000732421875,31981842.0
2026-01-19,351.4700012207031,355.3399963378906,345.3299865722656,348.8999938964844,33864284.0
2026-01-20,350.0,356.9100036621094,347.8999938964844,349.6000061035156,35440589.0
2026-01-21,351.94000244140625,357.69000244140625,349.0,349.80999755859375,39393573.0
2026-01-22,351.0299987792969,353.7300109863281,339.5,345.79998779296875,45994818.0
2026-01-23,348.010009765625,350.0,343.25,347.0,33976127.0
2026-01-26,352.0199890136719,352.54998779296875,341.2099914550781,342.04998779296875,33291386.0
2026-01-27,344.8900146484375,344.8999938964844,334.0199890136719,339.3999938964844,32294885.0
2026-01-28,337.8800048828125,344.0,333.010009765625,339.989990234375,46308171.0
2026-01-29,340.5,345.1600036621094,338.1600036621094,341.8900146484375,33844419.0
2026-01-30,348.3999938964844,353.760009765625,344.1000061035156,350.0,48650115.0
2026-02-02,357.0,357.989990234375,344.1300048828125,348.9800109863281,39191747.0
2026-02-03,349.0,352.79998779296875,343.5,347.9100036621094,26516325.0
2026-02-04,350.9599914550781,366.6499938964844,347.510009765625,365.0299987792969,48531685.0
2026-02-05,365.7699890136719,366.75,356.0199890136719,362.94000244140625,28427157.0
2026-02-06,359.32000732421875,372.8800048828125,358.010009765625,369.1099853515625,39372618.0
2026-02-09,370.5,372.5,362.6000061035156,368.82000732421875,27448630.0
2026-02-10,365.1700134277344,370.79998779296875,364.0,364.9700012207031,18563499.0
2026-02-11,366.8999938964844,370.989990234375,364.5,368.0,19653459.0
2026-02-12,370.0,377.8800048828125,368.0299987792969,375.8699951171875,27754580.0
2026-02-13,375.6099853515625,377.0,365.010009765625,365.3399963378906,22314532.0
2026-02-24,372.6400146484375,373.5,361.95001220703125,361.95001220703125,22695131.0
2026-02-25,363.69000244140625,366.6000061035156,360.1000061035156,362.17999267578125,18716639.0
2026-02-26,356.04998779296875,358.20001220703125,343.5,346.0,43541381.0
2026-02-27,347.1199951171875,348.94000244140625,342.010009765625,342.010009765625,25446620.0
2026-03-02,341.0,344.8999938964844,336.67999267578125,340.2200012207031,28351326.0
2026-03-03,346.3299865722656,354.3500061035156,344.0299987792969,344.07000732421875,40007479.0
2026-03-04,341.1000061035156,342.0199890136719,334.20001220703125,338.8999938964844,25080441.0
2026-03-05,344.5799865722656,353.8500061035156,342.6600036621094,350.25,31006068.0
2026-03-06,349.0,357.0199890136719,344.6600036621094,354.7699890136719,20963113.0
2026-03-09,348.8399963378906,359.8500061035156,345.05999755859375,357.5,31797613.0
2026-03-10,375.0,379.7699890136719,366.5,376.29998779296875,50741728.0
2026-03-11,379.5799865722656,403.54998779296875,378.9800109863281,396.79998779296875,57598685.0
2026-03-12,400.0,400.8999938964844,392.70001220703125,395.5,29150375.0
2026-03-13,397.95001220703125,403.1199951171875,395.9700012207031,397.0,35582639.0
2026-03-16,401.7699890136719,413.1700134277344,398.0,408.3999938964844,37352104.0
2026-03-17,415.7799987792969,420.0,404.55999755859375,405.0,35980678.0
2026-03-18,405.3599853515625,406.0,396.7699890136719,402.0199890136719,26529996.0
2026-03-19,401.94000244140625,414.0,400.0,400.5,29286635.0
2026-03-20,405.0799865722656,422.0799865722656,400.1300048828125,413.0,53729677.0
2026-03-23,417.3299865722656,417.3599853515625,398.75,401.989990234375,44614145.0
2026-03-24,405.0,411.8999938964844,388.0,396.989990234375,36410525.0
2026-03-25,393.0,400.5,387.79998779296875,397.80999755859375,26752828.0
2026-03-26,393.8399963378906,413.7200012207031,392.0,402.5,26763697.0
2026-03-27,406.1199951171875,418.3299865722656,401.7300109863281,416.17999267578125,30258043.0
2026-03-30,413.0,418.8500061035156,405.6000061035156,413.0,25348419.0
2026-03-31,413.0,416.95001220703125,401.5799865722656,401.70001220703125,24925645.0
2026-04-01,409.7300109863281,409.8699951171875,396.0,405.7099914550781,23170073.0
2026-04-02,407.8999938964844,411.989990234375,397.20001220703125,401.1700134277344,22305638.0
2026-04-03,400.0,400.79998779296875,385.1300048828125,386.4599914550781,24751501.0
2026-04-07,389.9800109863281,393.20001220703125,381.489990234375,384.5899963378906,17257622.0
2026-04-08,396.5,397.6499938964844,388.2200012207031,391.29998779296875,36418443.0
2026-04-09,394.1000061035156,394.2799987792969,386.6600036621094,389.989990234375,25955199.0
2026-04-10,394.0,419.0,392.67999267578125,416.0,50788702.0
2026-04-13,418.0,433.3299865722656,416.0,427.1300048828125,41239924.0
2026-04-14,421.5,432.489990234375,414.3999938964844,430.7900085449219,44220826.0
2026-04-15,438.8800048828125,439.4599914550781,427.07000732421875,431.0,37353628.0
2026-04-16,441.0,460.0,433.0199890136719,453.9800109863281,63506218.0
2026-04-17,455.9599914550781,457.6400146484375,441.010009765625,444.20001220703125,36535848.0
2026-04-20,433.0,437.8999938964844,426.010009765625,432.5,52927821.0
2026-04-21,435.0,450.1300048828125,425.1000061035156,447.6000061035156,57774562.0
2026-04-22,441.010009765625,447.9700012207031,433.1300048828125,436.3500061035156,46025432.0
2026-04-23,443.5,443.6000061035156,435.0,438.8999938964844,35430966.0
2026-04-24,442.0,448.45001220703125,438.0,444.8999938964844,39542497.0
2026-04-27,444.6300048828125,448.760009765625,433.79998779296875,434.8800048828125,33061283.0
2026-04-28,426.19000244140625,433.29998779296875,423.0,427.6700134277344,35012113.0
2026-04-29,432.0,445.1499938964844,428.0,445.0,37633560.0
2026-04-30,446.5,449.5,436.0,436.0,29812094.0
2026-05-06,457.5,465.8800048828125,448.6300048828125,460.0,47372718.0
2026-05-07,468.75,468.75,447.0,451.6400146484375,38621274.0
2026-05-08,449.0,455.5,436.20001220703125,437.0,36604851.0
2026-05-11,440.0,450.510009765625,435.1000061035156,446.1099853515625,34190101.0
2026-05-12,446.5899963378906,446.8500061035156,429.2900085449219,431.25,34151497.0
2026-05-13,431.010009765625,436.5799865722656,427.0799865722656,434.04998779296875,31685823.0
2026-05-14,449.3800048828125,450.45001220703125,427.0,427.0,34704614.0
2026-05-15,428.0799865722656,431.5,421.0,423.6000061035156,29704893.0
2026-05-18,420.5799865722656,422.8999938964844,414.0,417.2300109863281,28498347.0
2026-05-19,415.8599853515625,419.8999938964844,406.79998779296875,417.9200134277344,26087668.0
2026-05-20,417.0,422.989990234375,412.6600036621094,414.75,28119031.0
2026-05-21,419.8699951171875,427.6199951171875,411.4200134277344,411.6300048828125,33867172.0
2026-05-22,414.70001220703125,416.5,410.0,411.1600036621094,27788381.0
2026-05-25,411.2799987792969,414.5,400.0,402.8800048828125,38197710.0
2026-05-26,406.19000244140625,408.7699890136719,400.3599853515625,402.5,35062703.0
2026-05-27,413.9200134277344,428.8999938964844,411.2900085449219,414.79998779296875,53372888.0
2026-05-28,420.0,420.5799865722656,406.20001220703125,415.67999267578125,32777149.0
2026-05-29,423.0,430.8599853515625,416.54998779296875,424.0,49811891.0
2026-06-01,432.1000061035156,438.239990234375,418.17999267578125,420.1000061035156,38600452.0
2026-06-02,425.0,437.75,423.0,433.8900146484375,38798160.0
2026-06-03,437.0,437.0,420.1000061035156,426.4200134277344,38552608.0
2026-06-04,426.4200134277344,426.8999938964844,407.17999267578125,408.20001220703125,43115462.0
2026-06-05,407.8900146484375,412.6499938964844,402.70001220703125,403.0,28738930.0
2026-06-08,395.79998779296875,402.67999267578125,390.70001220703125,393.0199890136719,28652636.0
2026-06-09,399.989990234375,401.8699951171875,388.0,399.5,27735147.0
2026-06-10,395.2799987792969,399.0,385.1199951171875,388.5,24435715.0
2026-06-11,386.9800109863281,391.3399963378906,380.0299987792969,382.20001220703125,26865447.0
2026-06-12,389.989990234375,399.5400085449219,383.29998779296875,394.8500061035156,41420838.0
2026-06-15,402.0,407.8999938964844,393.4100036621094,398.1000061035156,34074882.0
2026-06-16,408.8800048828125,409.0199890136719,398.5,403.5299987792969,34839262.0
2026-06-17,400.0,403.29998779296875,395.5799865722656,399.0,25009264.0
2026-06-18,400.3900146484375,409.8900146484375,389.9200134277344,391.54998779296875,38548105.0
2026-06-22,393.0,413.3299865722656,386.0,408.9800109863281,59464844.0
2026-06-23,411.0,414.0400085449219,390.7300109863281,392.510009765625,37374094.0
2026-06-24,392.0,399.2699890136719,386.6600036621094,395.3599853515625,34427057.0
2026-06-25,399.8800048828125,402.54998779296875,392.5799865722656,401.8999938964844,32404638.0
2026-06-26,401.0,409.80999755859375,381.0,381.0,46525303.0
2026-06-29,386.9599914550781,396.0,378.20001220703125,392.3599853515625,42525908.0
2026-06-30,392.489990234375,402.3599853515625,390.0,393.010009765625,27038346.0
2026-07-01,390.0,391.0,370.0,383.8399963378906,44088579.0
2026-07-02,387.67999267578125,390.989990234375,380.3900146484375,382.3500061035156,34075435.0
2026-07-03,381.9599914550781,387.95001220703125,379.0,380.0,25884940.0
2026-07-06,379.2300109863281,381.8900146484375,374.04998779296875,374.510009765625,21648005.0
2026-07-07,376.0,378.8800048828125,370.760009765625,372.489990234375,20848582.0
2026-07-08,374.0,376.67999267578125,361.0,361.0,27051874.0
2026-07-09,361.0,376.6600036621094,360.07000732421875,375.5,37794162.0
2026-07-10,375.0,375.20001220703125,346.1600036621094,348.760009765625,55601355.0
2026-07-13,349.0,362.0,348.0,359.05999755859375,46290681.0
2026-07-14,352.6000061035156,364.6300048828125,352.489990234375,364.010009765625,43631637.0
2026-07-15,368.010009765625,379.989990234375,363.0799865722656,373.0,35849258.0
2026-07-16,369.4800109863281,375.0199890136719,364.5,366.20001220703125,25186882.0
2026-07-17,372.29998779296875,375.239990234375,360.0,360.0,51245336.0
2026-07-20,354.0,377.6000061035156,353.79998779296875,376.42999267578125,44790768.0
2026-07-21,372.6700134277344,391.0,372.5,382.20001220703125,44036045.0
2026-07-22,382.8500061035156,385.0,369.8699951171875,372.260009765625,31193761.0
2026-07-23,373.0,386.0,366.010009765625,385.989990234375,35940928.0
2026-07-24,383.17999267578125,390.8599853515625,382.6499938964844,383.010009765625,25454224.0
2026-07-27,398.010009765625,403.79998779296875,394.0,400.0,47327210.0
2026-07-28,396.260009765625,399.989990234375,390.8599853515625,390.8599853515625,37191082.0
2026-07-29,390.0,401.8599853515625,381.3800048828125,396.8399963378906,40435873.0
2026-07-30,390.0,403.79998779296875,389.79998779296875,401.8800048828125,45239048.0
2026-07-31,395.54998779296875,400.20001220703125,389.0,395.29998779296875,39414948.0
2026-08-03,392.6000061035156,395.8800048828125,389.6000061035156,394.3999938964844,21522258.0
2026-08-04,395.0,397.8599853515625,391.2200012207031,395.1000061035156,26165417.0
2026-08-05,400.0199890136719,407.8999938964844,398.0,405.20001220703125,30011167.0
2026-08-06,410.0,410.0,384.1600036621094,388.0,45320103.0
2026-08-07,387.989990234375,388.8800048828125,384.0199890136719,388.07000732421875,25519302.0
2026-08-10,385.6099853515625,394.6199951171875,384.6300048828125,393.8699951171875,23160930.0
2026-08-11,395.0,395.2799987792969,389.5199890136719,390.3999938964844,16299162.0
2026-08-12,388.42999267578125,395.9100036621094,387.5199890136719,393.92999267578125,20236434.0
2026-08-13,393.0400085449219,399.3900146484375,391.0400085449219,396.29998779296875,24429304.0
2026-08-14,395.0,400.989990234375,393.67999267578125,393.92999267578125,15930154.0
2026-08-17,393.92999267578125,400.5,390.5,399.9800109863281,20399838.0
2026-08-18,399.0,400.75,394.5,396.260009765625,16933180.0
2026-08-19,394.0,396.989990234375,388.3299865722656,389.0,21157158.0
2026-08-20,391.510009765625,392.0899963378906,384.0,385.0,17909645.0
2026-08-21,386.0,397.8299865722656,383.04998779296875,391.1499938964844,20449615.0
2026-08-24,391.1499938964844,394.3999938964844,386.67999267578125,387.8900146484375,13972968.0
2026-08-25,391.0,391.1499938964844,376.05999755859375,376.7300109863281,26064594.0
2026-08-26,379.8999938964844,385.5,373.7099914550781,379.0,20716240.0
2026-08-27,376.5,378.6600036621094,370.04998779296875,373.0,23373782.0
2026-08-28,368.0,371.25,364.1300048828125,368.5,26376977.0
