date,open,high,low,close,volume
2016-08-29,8.83680534362793,8.964119911193848,8.738425254821777,8.778935432434082,28713363.0
2016-08-30,8.796296119689941,8.865739822387695,8.74421215057373,8.778935432434082,15491606.0
2016-08-31,8.796296119689941,8.883101463317871,8.692129135131836,8.784722328186035,18524054.0
2016-09-01,8.738425254821777,9.074073791503906,8.721063613891602,8.917823791503906,46718525.0
2016-09-02,8.888888359069824,9.363425254821777,8.888888359069824,9.21875,71959434.0
2016-09-05,9.21875,9.276619911193848,9.0625,9.120369911193848,28587028.0
2016-09-06,9.120369911193848,9.334489822387695,9.091435432434082,9.241897583007812,54943500.0
2016-09-07,9.259259223937988,9.334489822387695,9.201388359069824,9.23611068725586,36045309.0
2016-09-08,9.23611068725586,9.473379135131836,9.23611068725586,9.317129135131836,45747942.0
2016-09-09,9.317129135131836,9.346063613891602,9.0625,9.074073791503906,37130368.0
2016-09-12,8.90046215057373,9.068286895751953,8.842592239379883,9.045138359069824,52780467.0
2016-09-13,9.021989822387695,9.108796119689941,8.964119911193848,9.07986068725586,22698029.0
2016-09-14,9.050925254821777,9.103009223937988,8.940972328186035,9.033563613891602,20695799.0
2016-09-19,9.016202926635742,9.23611068725586,9.016202926635742,9.201388359069824,27511130.0
2016-09-20,9.201388359069824,9.21875,9.114583015441895,9.189813613891602,20440705.0
2016-09-21,9.201388359069824,9.484952926635742,9.201388359069824,9.432869911193848,46458577.0
2016-09-22,9.444443702697754,9.508101463317871,9.346063613891602,9.467592239379883,32883359.0
2016-09-23,9.490739822387695,9.490739822387695,9.398147583007812,9.427083015441895,18474467.0
2016-09-26,9.421296119689941,9.519675254821777,9.23611068725586,9.241897583007812,29124769.0
2016-09-27,9.207175254821777,9.311342239379883,9.143518447875977,9.270833015441895,16960494.0
2016-09-28,9.293980598449707,9.328702926635742,9.172452926635742,9.184026718139648,13390475.0
2016-09-29,9.201388359069824,9.247685432434082,9.160879135131836,9.184026718139648,12813902.0
2016-09-30,9.155092239379883,9.473379135131836,9.155092239379883,9.444443702697754,21889040.0
2016-10-10,9.421296119689941,9.577546119689941,9.363425254821777,9.53125,26596859.0
2016-10-11,9.490739822387695,9.7511568069458,9.473379135131836,9.670138359069824,33821725.0
2016-10-12,9.70486068725586,9.884259223937988,9.612268447875977,9.635416030883789,39077653.0
2016-10-13,9.670138359069824,9.722222328186035,9.577546119689941,9.629629135131836,18422805.0
2016-10-14,9.693286895751953,9.693286895751953,9.537036895751953,9.635416030883789,15806641.0
2016-10-17,9.658563613891602,9.658563613891602,9.46180534362793,9.537036895751953,19978368.0
2016-10-18,9.54861068725586,9.756943702697754,9.53125,9.7511568069458,31586447.0
2016-10-19,9.756943702697754,9.826388359069824,9.646989822387695,9.739583015441895,20679943.0
2016-10-20,9.722222328186035,9.77430534362793,9.623842239379883,9.675925254821777,16363432.0
2016-10-21,9.664351463317871,9.664351463317871,9.473379135131836,9.490739822387695,23924676.0
2016-10-24,9.554397583007812,9.658563613891602,9.490739822387695,9.54861068725586,24095708.0
2016-10-25,9.646989822387695,9.716435432434082,9.560185432434082,9.710647583007812,25725610.0
2016-10-26,9.710647583007812,9.716435432434082,9.54861068725586,9.61805534362793,18957167.0
2016-10-27,9.612268447875977,9.612268447875977,9.479166030883789,9.54861068725586,21651762.0
2016-10-28,9.54861068725586,9.61805534362793,9.519675254821777,9.537036895751953,17924687.0
2016-10-31,9.537036895751953,9.54861068725586,8.703702926635742,8.854166030883789,94332392.0
2016-11-01,8.854166030883789,9.05671215057373,8.8136568069458,9.010416030883789,34925238.0
2016-11-02,8.975693702697754,9.0625,8.912036895751953,8.981480598449707,21042599.0
2016-11-03,8.987268447875977,8.99305534362793,8.75,8.871526718139648,27811147.0
2016-11-04,8.854166030883789,8.975693702697754,8.726851463317871,8.74421215057373,27950609.0
2016-11-07,8.755786895751953,8.854166030883789,8.692129135131836,8.796296119689941,21785226.0
2016-11-08,8.831018447875977,8.883101463317871,8.773147583007812,8.825230598449707,13034993.0
2016-11-09,8.819443702697754,8.819443702697754,8.59375,8.6574068069458,28193928.0
2016-11-10,8.755786895751953,8.784722328186035,8.732638359069824,8.784722328186035,17406102.0
2016-11-11,8.784722328186035,8.917823791503906,8.76736068725586,8.871526718139648,25473586.0
2016-11-14,8.848379135131836,9.010416030883789,8.8136568069458,8.90046215057373,27926432.0
2016-11-15,8.952546119689941,9.537036895751953,8.802083015441895,9.36921215057373,68954217.0
2016-11-16,9.276619911193848,9.340276718139648,9.172452926635742,9.21296215057373,29612172.0
2016-11-17,9.160879135131836,9.577546119689941,9.108796119689941,9.357638359069824,50487857.0
2016-11-18,9.328702926635742,9.432869911193848,9.293980598449707,9.357638359069824,20521382.0
2016-11-21,9.398147583007812,9.398147583007812,9.1261568069458,9.195601463317871,28724578.0
2016-11-22,9.172452926635742,9.265046119689941,9.120369911193848,9.143518447875977,29665884.0
2016-11-23,9.224536895751953,9.230323791503906,9.05671215057373,9.120369911193848,27340416.0
2016-11-24,9.07986068725586,9.108796119689941,8.831018447875977,8.90625,43407028.0
2016-11-25,8.946759223937988,8.946759223937988,8.8136568069458,8.90625,28187205.0
2016-11-28,8.9699068069458,9.108796119689941,8.958333015441895,9.016202926635742,41455575.0
2016-11-29,9.004629135131836,9.155092239379883,8.958333015441895,8.981480598449707,26060911.0
2016-11-30,8.981480598449707,9.021989822387695,8.90046215057373,8.946759223937988,16347151.0
2016-12-01,8.946759223937988,9.05671215057373,8.917823791503906,8.958333015441895,17481892.0
2016-12-02,8.964119911193848,9.108796119689941,8.940972328186035,9.027776718139648,29723084.0
2016-12-05,8.946759223937988,9.178239822387695,8.859952926635742,9.160879135131836,36866847.0
2016-12-06,9.195601463317871,9.421296119689941,9.114583015441895,9.30555534362793,54554421.0
2016-12-07,9.351851463317871,9.375,9.241897583007812,9.346063613891602,31822246.0
2016-12-08,9.398147583007812,9.398147583007812,9.160879135131836,9.189813613891602,30902883.0
2016-12-09,9.131943702697754,9.23611068725586,9.068286895751953,9.14930534362793,31085505.0
2016-12-12,9.166666030883789,9.21296215057373,8.929397583007812,9.120369911193848,49304956.0
2016-12-13,9.074073791503906,9.114583015441895,8.848379135131836,8.883101463317871,37047070.0
2016-12-14,8.935185432434082,9.77430534362793,8.90046215057373,9.467592239379883,138242125.0
2016-12-15,9.4386568069458,9.589119911193848,9.276619911193848,9.537036895751953,75418653.0
2016-12-16,9.560185432434082,9.612268447875977,9.375,9.415509223937988,49455819.0
2016-12-19,9.432869911193848,9.623842239379883,9.39236068725586,9.456018447875977,39999268.0
2016-12-20,9.479166030883789,9.484952926635742,9.074073791503906,9.207175254821777,47428160.0
2016-12-21,9.230323791503906,9.415509223937988,9.207175254821777,9.328702926635742,45045343.0
2016-12-22,9.537036895751953,9.768518447875977,9.4386568069458,9.646989822387695,84226974.0
2016-12-23,9.577546119689941,9.768518447875977,9.519675254821777,9.7511568069458,65043535.0
2016-12-26,9.699073791503906,9.70486068725586,9.4386568069458,9.68171215057373,60513899.0
2016-12-27,9.664351463317871,9.924768447875977,9.589119911193848,9.710647583007812,75663916.0
2016-12-28,9.664351463317871,9.762730598449707,9.565972328186035,9.623842239379883,28991908.0
2016-12-29,9.623842239379883,9.623842239379883,9.623842239379883,9.623842239379883,0.0
2016-12-30,9.623842239379883,9.623842239379883,9.623842239379883,9.623842239379883,0.0
2017-01-03,9.623842239379883,9.623842239379883,9.623842239379883,9.623842239379883,0.0
2017-01-04,9.623842239379883,9.623842239379883,9.623842239379883,9.623842239379883,0.0
2017-01-05,9.623842239379883,9.623842239379883,9.623842239379883,9.623842239379883,0.0
2017-01-06,9.623842239379883,9.623842239379883,9.623842239379883,9.623842239379883,0.0
2017-01-09,9.623842239379883,9.623842239379883,9.623842239379883,9.623842239379883,0.0
2017-01-10,9.623842239379883,9.623842239379883,9.623842239379883,9.623842239379883,0.0
2017-01-11,9.623842239379883,9.623842239379883,9.623842239379883,9.623842239379883,0.0
2017-01-12,9.623842239379883,9.623842239379883,9.623842239379883,9.623842239379883,0.0
2017-01-13,9.623842239379883,9.623842239379883,9.623842239379883,9.623842239379883,0.0
2017-01-16,9.623842239379883,9.623842239379883,9.623842239379883,9.623842239379883,0.0
2017-01-17,9.623842239379883,9.623842239379883,9.623842239379883,9.623842239379883,0.0
2017-01-18,9.623842239379883,9.623842239379883,9.623842239379883,9.623842239379883,0.0
2017-01-19,9.623842239379883,9.623842239379883,9.623842239379883,9.623842239379883,0.0
2017-01-20,9.623842239379883,9.623842239379883,9.623842239379883,9.623842239379883,0.0
2017-01-23,9.623842239379883,9.623842239379883,9.623842239379883,9.623842239379883,0.0
2017-01-24,9.623842239379883,9.623842239379883,9.623842239379883,9.623842239379883,0.0
2017-01-25,9.623842239379883,9.623842239379883,9.623842239379883,9.623842239379883,0.0
2017-01-26,9.623842239379883,9.623842239379883,9.623842239379883,9.623842239379883,0.0
2017-02-03,9.623842239379883,9.623842239379883,9.623842239379883,9.623842239379883,0.0
2017-02-06,9.623842239379883,9.623842239379883,9.623842239379883,9.623842239379883,0.0
2017-02-07,9.623842239379883,9.623842239379883,9.623842239379883,9.623842239379883,0.0
2017-02-08,9.623842239379883,9.623842239379883,9.623842239379883,9.623842239379883,0.0
2017-02-09,9.623842239379883,9.623842239379883,9.623842239379883,9.623842239379883,0.0
2017-02-10,9.623842239379883,9.623842239379883,9.623842239379883,9.623842239379883,0.0
2017-02-13,9.623842239379883,9.623842239379883,9.623842239379883,9.623842239379883,0.0
2017-02-14,9.623842239379883,9.623842239379883,9.623842239379883,9.623842239379883,0.0
2017-02-15,9.623842239379883,9.623842239379883,9.623842239379883,9.623842239379883,0.0
2017-02-16,9.623842239379883,9.623842239379883,9.623842239379883,9.623842239379883,0.0
2017-02-17,9.623842239379883,9.623842239379883,9.623842239379883,9.623842239379883,0.0
2017-02-20,9.623842239379883,9.623842239379883,9.623842239379883,9.623842239379883,0.0
2017-02-21,9.623842239379883,9.623842239379883,9.623842239379883,9.623842239379883,0.0
2017-02-22,9.623842239379883,9.623842239379883,9.623842239379883,9.623842239379883,0.0
2017-02-23,9.623842239379883,9.623842239379883,9.623842239379883,9.623842239379883,0.0
2017-02-24,9.623842239379883,9.623842239379883,9.623842239379883,9.623842239379883,0.0
2017-02-27,9.623842239379883,9.623842239379883,9.623842239379883,9.623842239379883,0.0
2017-02-28,9.623842239379883,9.623842239379883,9.623842239379883,9.623842239379883,0.0
2017-03-01,9.623842239379883,9.623842239379883,9.623842239379883,9.623842239379883,0.0
2017-03-02,9.623842239379883,9.623842239379883,9.623842239379883,9.623842239379883,0.0
2017-03-03,9.623842239379883,9.623842239379883,9.623842239379883,9.623842239379883,0.0
2017-03-06,9.623842239379883,9.623842239379883,9.623842239379883,9.623842239379883,0.0
2017-03-07,9.623842239379883,9.623842239379883,9.623842239379883,9.623842239379883,0.0
2017-03-08,9.623842239379883,9.623842239379883,9.623842239379883,9.623842239379883,0.0
2017-03-09,9.623842239379883,9.623842239379883,9.623842239379883,9.623842239379883,0.0
2017-03-10,9.623842239379883,9.623842239379883,9.623842239379883,9.623842239379883,0.0
2017-03-13,9.623842239379883,9.623842239379883,9.623842239379883,9.623842239379883,0.0
2017-03-14,9.623842239379883,9.623842239379883,9.623842239379883,9.623842239379883,0.0
2017-03-15,9.623842239379883,9.623842239379883,9.623842239379883,9.623842239379883,0.0
2017-03-16,9.623842239379883,9.623842239379883,9.623842239379883,9.623842239379883,0.0
2017-03-17,9.623842239379883,9.623842239379883,9.623842239379883,9.623842239379883,0.0
2017-03-20,9.623842239379883,9.623842239379883,9.623842239379883,9.623842239379883,0.0
2017-03-21,9.623842239379883,9.623842239379883,9.623842239379883,9.623842239379883,0.0
2017-03-22,9.623842239379883,9.623842239379883,9.623842239379883,9.623842239379883,0.0
2017-03-23,9.623842239379883,9.623842239379883,9.623842239379883,9.623842239379883,0.0
2017-03-24,9.623842239379883,9.623842239379883,9.623842239379883,9.623842239379883,0.0
2017-03-27,9.623842239379883,9.623842239379883,9.623842239379883,9.623842239379883,0.0
2017-03-28,9.623842239379883,9.623842239379883,9.623842239379883,9.623842239379883,0.0
2017-03-29,9.623842239379883,9.623842239379883,9.623842239379883,9.623842239379883,0.0
2017-03-30,9.623842239379883,9.623842239379883,9.623842239379883,9.623842239379883,0.0
2017-03-31,9.623842239379883,9.623842239379883,9.623842239379883,9.623842239379883,0.0
2017-04-05,9.623842239379883,9.623842239379883,9.623842239379883,9.623842239379883,0.0
2017-04-06,9.623842239379883,9.623842239379883,9.623842239379883,9.623842239379883,0.0
2017-04-07,9.623842239379883,9.623842239379883,9.623842239379883,9.623842239379883,0.0
2017-04-10,9.623842239379883,9.623842239379883,9.623842239379883,9.623842239379883,0.0
2017-04-11,9.623842239379883,9.623842239379883,9.623842239379883,9.623842239379883,0.0
2017-04-12,9.623842239379883,9.623842239379883,9.623842239379883,9.623842239379883,0.0
2017-04-13,9.623842239379883,9.623842239379883,9.623842239379883,9.623842239379883,0.0
2017-04-14,9.623842239379883,9.623842239379883,9.623842239379883,9.623842239379883,0.0
2017-04-17,9.623842239379883,9.623842239379883,9.623842239379883,9.623842239379883,0.0
2017-04-18,9.623842239379883,9.623842239379883,9.623842239379883,9.623842239379883,0.0
2017-04-19,9.623842239379883,9.623842239379883,9.623842239379883,9.623842239379883,0.0
2017-04-20,9.623842239379883,9.623842239379883,9.623842239379883,9.623842239379883,0.0
2017-04-21,9.623842239379883,9.623842239379883,9.623842239379883,9.623842239379883,0.0
2017-04-24,9.623842239379883,9.623842239379883,9.623842239379883,9.623842239379883,0.0
2017-04-25,9.623842239379883,9.623842239379883,9.623842239379883,9.623842239379883,0.0
2017-04-26,9.623842239379883,9.623842239379883,9.623842239379883,9.623842239379883,0.0
2017-04-27,9.623842239379883,9.623842239379883,9.623842239379883,9.623842239379883,0.0
2017-04-28,9.623842239379883,9.623842239379883,9.623842239379883,9.623842239379883,0.0
2017-05-02,9.623842239379883,9.623842239379883,9.623842239379883,9.623842239379883,0.0
2017-05-03,9.623842239379883,9.623842239379883,9.623842239379883,9.623842239379883,0.0
2017-05-04,9.623842239379883,9.623842239379883,9.623842239379883,9.623842239379883,0.0
2017-05-05,9.623842239379883,9.623842239379883,9.623842239379883,9.623842239379883,0.0
2017-05-08,9.623842239379883,9.623842239379883,9.623842239379883,9.623842239379883,0.0
2017-05-09,9.623842239379883,9.623842239379883,9.623842239379883,9.623842239379883,0.0
2017-05-10,9.623842239379883,9.623842239379883,9.623842239379883,9.623842239379883,0.0
2017-05-11,9.623842239379883,9.623842239379883,9.623842239379883,9.623842239379883,0.0
2017-05-12,9.623842239379883,9.623842239379883,9.623842239379883,9.623842239379883,0.0
2017-05-15,9.623842239379883,9.623842239379883,9.623842239379883,9.623842239379883,0.0
2017-05-16,9.623842239379883,9.623842239379883,9.623842239379883,9.623842239379883,0.0
2017-05-17,9.623842239379883,9.623842239379883,9.623842239379883,9.623842239379883,0.0
2017-05-18,9.623842239379883,9.623842239379883,9.623842239379883,9.623842239379883,0.0
2017-05-19,9.623842239379883,9.623842239379883,9.623842239379883,9.623842239379883,0.0
2017-05-22,9.623842239379883,9.623842239379883,9.623842239379883,9.623842239379883,0.0
2017-05-23,9.623842239379883,9.623842239379883,9.623842239379883,9.623842239379883,0.0
2017-05-24,9.623842239379883,9.623842239379883,9.623842239379883,9.623842239379883,0.0
2017-05-25,9.623842239379883,9.623842239379883,9.623842239379883,9.623842239379883,0.0
2017-05-26,9.623842239379883,9.623842239379883,9.623842239379883,9.623842239379883,0.0
2017-05-31,9.623842239379883,9.623842239379883,9.623842239379883,9.623842239379883,0.0
2017-06-01,9.623842239379883,9.623842239379883,9.623842239379883,9.623842239379883,0.0
2017-06-02,9.623842239379883,9.623842239379883,9.623842239379883,9.623842239379883,0.0
2017-06-05,9.623842239379883,9.623842239379883,9.623842239379883,9.623842239379883,0.0
2017-06-06,9.623842239379883,9.623842239379883,9.623842239379883,9.623842239379883,0.0
2017-06-07,9.623842239379883,9.623842239379883,9.623842239379883,9.623842239379883,0.0
2017-06-08,10.127313613891602,10.127313613891602,9.108796119689941,9.386573791503906,337177223.0
2017-06-09,9.496526718139648,10.324073791503906,9.496526718139648,10.324073791503906,229039569.0
2017-06-12,10.549768447875977,10.79861068725586,10.387730598449707,10.509259223937988,205149699.0
2017-06-13,10.445601463317871,10.561342239379883,10.231480598449707,10.509259223937988,90273225.0
2017-06-14,10.46875,10.526619911193848,10.248842239379883,10.283563613891602,62820658.0
2017-06-15,10.289351463317871,10.32986068725586,9.9074068069458,9.99421215057373,87373942.0
2017-06-16,9.947916030883789,10.046296119689941,9.814813613891602,9.953702926635742,52947069.0
2017-06-19,9.953702926635742,9.953702926635742,9.953702926635742,9.953702926635742,0.0
2017-06-20,10.121526718139648,10.121526718139648,9.791666030883789,9.849536895751953,51688927.0
2017-06-21,9.890046119689941,9.988425254821777,9.693286895751953,9.953702926635742,65053091.0
2017-06-22,9.756943702697754,9.924768447875977,9.606480598449707,9.809026718139648,65947696.0
2017-06-23,9.745369911193848,9.745369911193848,9.375,9.479166030883789,88936928.0
2017-06-26,9.427083015441895,10.289351463317871,9.421296119689941,10.0636568069458,122863514.0
2017-06-27,10.104166030883789,10.364583015441895,9.99421215057373,10.046296119689941,63634025.0
2017-06-28,10.005786895751953,10.144675254821777,9.9074068069458,10.034722328186035,37005429.0
2017-06-29,10.040509223937988,10.202546119689941,9.936342239379883,10.0,39441460.0
2017-06-30,10.023147583007812,10.260416030883789,9.913193702697754,10.214119911193848,50138939.0
2017-07-03,10.2199068069458,10.335647583007812,10.104166030883789,10.144675254821777,43170138.0
2017-07-04,10.127313613891602,10.2199068069458,9.965276718139648,10.185185432434082,41189931.0
2017-07-05,10.15046215057373,10.55555534362793,10.098379135131836,10.497685432434082,72524901.0
2017-07-06,10.509259223937988,10.613425254821777,10.318286895751953,10.46875,51326961.0
2017-07-07,10.422452926635742,10.682869911193848,10.381943702697754,10.497685432434082,54517542.0
2017-07-10,10.422452926635742,10.515046119689941,10.225693702697754,10.248842239379883,42549646.0
2017-07-11,10.202546119689941,10.347222328186035,10.023147583007812,10.0636568069458,34639183.0
2017-07-12,10.057869911193848,10.17361068725586,9.664351463317871,9.762730598449707,64610953.0
2017-07-13,9.780092239379883,9.947916030883789,9.733796119689941,9.9074068069458,32451582.0
2017-07-14,9.924768447875977,9.988425254821777,9.797452926635742,9.942129135131836,18337190.0
2017-07-17,9.942129135131836,10.0,9.583333015441895,9.872685432434082,48624589.0
2017-07-18,9.83796215057373,9.99421215057373,9.641202926635742,9.93055534362793,37406555.0
2017-07-19,9.942129135131836,10.208333015441895,9.878472328186035,10.109952926635742,49016406.0
2017-07-20,10.046296119689941,10.214119911193848,9.99421215057373,10.202546119689941,34895945.0
2017-07-21,10.17361068725586,10.300925254821777,10.104166030883789,10.133101463317871,27999103.0
2017-07-24,10.115739822387695,10.324073791503906,10.023147583007812,10.196759223937988,32830729.0
2017-07-25,10.127313613891602,10.190972328186035,9.878472328186035,9.901619911193848,41497659.0
2017-07-26,9.872685432434082,9.971063613891602,9.7511568069458,9.884259223937988,29204876.0
2017-07-27,9.884259223937988,9.936342239379883,9.756943702697754,9.918980598449707,27308351.0
2017-07-28,9.918980598449707,10.179397583007812,9.866897583007812,10.104166030883789,26210642.0
2017-07-31,10.30671215057373,10.347222328186035,10.011573791503906,10.069443702697754,54201655.0
2017-08-01,10.144675254821777,10.277776718139648,9.971063613891602,10.069443702697754,58090646.0
2017-08-02,9.982638359069824,10.046296119689941,9.820601463317871,9.884259223937988,48262789.0
2017-08-03,9.9074068069458,9.9074068069458,9.664351463317871,9.780092239379883,46454504.0
2017-08-04,9.77430534362793,9.83796215057373,9.606480598449707,9.629629135131836,41252868.0
2017-08-07,9.612268447875977,9.7511568069458,9.600693702697754,9.641202926635742,30211444.0
2017-08-08,9.70486068725586,9.70486068725586,9.542823791503906,9.589119911193848,27445862.0
2017-08-09,9.600693702697754,9.809026718139648,9.600693702697754,9.756943702697754,34645862.0
2017-08-10,9.728009223937988,9.780092239379883,9.508101463317871,9.716435432434082,35472352.0
2017-08-11,9.641202926635742,9.814813613891602,9.583333015441895,9.762730598449707,33206580.0
2017-08-14,9.814813613891602,9.849536895751953,9.728009223937988,9.84375,26959125.0
2017-08-15,9.878472328186035,9.924768447875977,9.733796119689941,9.762730598449707,26576982.0
2017-08-16,9.762730598449707,9.785879135131836,9.635416030883789,9.716435432434082,18698392.0
2017-08-17,9.670138359069824,9.947916030883789,9.670138359069824,9.803239822387695,28248004.0
2017-08-18,9.913193702697754,10.115739822387695,9.756943702697754,10.057869911193848,60794591.0
2017-08-21,10.121526718139648,10.277776718139648,10.005786895751953,10.034722328186035,49321122.0
2017-08-22,10.069443702697754,10.167823791503906,9.971063613891602,10.092592239379883,40756777.0
2017-08-23,10.057869911193848,10.0636568069458,9.83796215057373,9.9074068069458,32170811.0
2017-08-24,9.884259223937988,9.890046119689941,9.70486068725586,9.728009223937988,23123453.0
2017-08-25,9.716435432434082,9.866897583007812,9.68171215057373,9.780092239379883,31155724.0
2017-08-28,9.785879135131836,9.866897583007812,9.768518447875977,9.797452926635742,35844648.0
2017-08-29,9.826388359069824,9.83796215057373,9.658563613891602,9.722222328186035,35323776.0
2017-08-30,9.728009223937988,9.785879135131836,9.658563613891602,9.699073791503906,30587381.0
2017-08-31,9.675925254821777,9.809026718139648,9.670138359069824,9.791666030883789,29836200.0
2017-09-01,9.791666030883789,9.820601463317871,9.699073791503906,9.710647583007812,27965796.0
2017-09-04,9.699073791503906,9.716435432434082,9.496526718139648,9.629629135131836,56759171.0
2017-09-05,9.606480598449707,9.623842239379883,9.473379135131836,9.484952926635742,47091792.0
2017-09-06,9.496526718139648,9.496526718139648,9.346063613891602,9.398147583007812,51765241.0
2017-09-07,9.375,9.513888359069824,9.357638359069824,9.398147583007812,34904141.0
2017-09-08,9.432869911193848,9.623842239379883,9.432869911193848,9.508101463317871,40049439.0
2017-09-11,9.513888359069824,9.6875,9.479166030883789,9.565972328186035,51887200.0
2017-09-12,9.606480598449707,9.803239822387695,9.583333015441895,9.635416030883789,75410167.0
2017-09-13,9.612268447875977,9.658563613891602,9.467592239379883,9.508101463317871,34929339.0
2017-09-14,9.508101463317871,9.508101463317871,9.363425254821777,9.386573791503906,47785337.0
2017-09-15,9.39236068725586,9.490739822387695,9.322916030883789,9.4386568069458,29031955.0
2017-09-18,9.444443702697754,9.484952926635742,9.363425254821777,9.432869911193848,30988802.0
2017-09-19,9.456018447875977,9.46180534362793,9.328702926635742,9.375,35590045.0
2017-09-20,9.363425254821777,9.375,9.270833015441895,9.357638359069824,28226479.0
2017-09-21,9.346063613891602,9.467592239379883,9.293980598449707,9.421296119689941,31977068.0
2017-09-22,9.386573791503906,9.479166030883789,9.36921215057373,9.456018447875977,23589422.0
2017-09-25,9.456018447875977,9.490739822387695,9.346063613891602,9.450230598449707,34507945.0
2017-09-26,9.403935432434082,9.450230598449707,9.380786895751953,9.403935432434082,14886652.0
2017-09-27,9.39236068725586,9.554397583007812,9.386573791503906,9.508101463317871,22831663.0
2017-09-28,9.542823791503906,9.577546119689941,9.467592239379883,9.52546215057373,23762887.0
2017-09-29,9.53125,9.629629135131836,9.519675254821777,9.560185432434082,28647846.0
2017-10-09,9.6875,9.7511568069458,9.577546119689941,9.699073791503906,47628250.0
2017-10-10,9.745369911193848,9.745369911193848,9.560185432434082,9.710647583007812,35495813.0
2017-10-11,9.6875,9.756943702697754,9.635416030883789,9.710647583007812,27551591.0
2017-10-12,9.733796119689941,9.733796119689941,9.565972328186035,9.61805534362793,25472401.0
2017-10-13,9.652776718139648,9.658563613891602,9.577546119689941,9.635416030883789,19404168.0
2017-10-16,9.6875,9.768518447875977,9.629629135131836,9.699073791503906,34385843.0
2017-10-17,9.699073791503906,9.820601463317871,9.675925254821777,9.745369911193848,40346610.0
2017-10-18,9.70486068725586,9.9074068069458,9.70486068725586,9.890046119689941,44234429.0
2017-10-19,9.890046119689941,9.890046119689941,9.890046119689941,9.890046119689941,0.0
2017-10-20,9.890046119689941,9.890046119689941,9.890046119689941,9.890046119689941,0.0
2017-10-23,9.890046119689941,9.890046119689941,9.890046119689941,9.890046119689941,0.0
2017-10-24,9.890046119689941,9.890046119689941,9.890046119689941,9.890046119689941,0.0
2017-10-25,9.890046119689941,9.890046119689941,9.890046119689941,9.890046119689941,0.0
2017-10-26,9.936342239379883,10.069443702697754,9.652776718139648,9.722222328186035,72885267.0
2017-10-27,9.693286895751953,9.884259223937988,9.52546215057373,9.565972328186035,57116494.0
2017-10-30,9.54861068725586,9.809026718139648,9.403935432434082,9.785879135131836,42611151.0
2017-10-31,9.728009223937988,9.849536895751953,9.728009223937988,9.791666030883789,31715492.0
2017-11-01,9.814813613891602,10.46296215057373,9.797452926635742,10.127313613891602,94076930.0
2017-11-02,10.185185432434082,10.300925254821777,10.028935432434082,10.208333015441895,43848858.0
2017-11-03,10.225693702697754,10.271989822387695,10.069443702697754,10.260416030883789,42917727.0
2017-11-06,10.208333015441895,10.393518447875977,10.127313613891602,10.324073791503906,58881029.0
2017-11-07,10.318286895751953,10.46296215057373,10.144675254821777,10.196759223937988,60152792.0
2017-11-08,10.231480598449707,10.32986068725586,10.098379135131836,10.104166030883789,52241659.0
2017-11-09,10.15625,10.925925254821777,10.092592239379883,10.885416030883789,156363191.0
2017-11-10,10.879629135131836,11.973379135131836,10.833333015441895,11.863425254821777,244878282.0
2017-11-13,11.846063613891602,11.956018447875977,11.620369911193848,11.793980598449707,113970582.0
2017-11-14,11.793980598449707,11.828702926635742,11.452546119689941,11.64930534362793,92056545.0
2017-11-15,11.5625,11.730323791503906,11.168980598449707,11.302083015441895,132845558.0
2017-11-16,11.226851463317871,11.89236068725586,11.203702926635742,11.875,107094813.0
2017-11-17,11.851851463317871,12.193286895751953,11.660879135131836,11.967592239379883,118074428.0
2017-11-20,11.822916030883789,12.245369911193848,11.40625,12.210647583007812,75993375.0
2017-11-21,12.27430534362793,12.65625,11.996526718139648,12.02546215057373,87880712.0
2017-11-22,12.002313613891602,12.210647583007812,11.747685432434082,12.060185432434082,76171833.0
2017-11-23,12.03125,12.03125,11.342592239379883,11.388888359069824,80046085.0
2017-11-24,11.342592239379883,11.545138359069824,11.116897583007812,11.417823791503906,52368137.0
2017-11-27,11.458333015441895,11.475693702697754,11.134259223937988,11.435185432434082,35349692.0
2017-11-28,11.319443702697754,11.55671215057373,11.226851463317871,11.487268447875977,31402536.0
2017-11-29,11.388888359069824,11.660879135131836,10.93171215057373,10.978009223937988,58278902.0
2017-11-30,10.983796119689941,11.105323791503906,10.821759223937988,10.972222328186035,39060398.0
2017-12-01,10.9375,11.151619911193848,10.925925254821777,11.035879135131836,36494931.0
2017-12-04,11.035879135131836,11.163193702697754,10.821759223937988,10.949073791503906,46914771.0
2017-12-05,10.949073791503906,11.273147583007812,10.885416030883789,11.209489822387695,66783681.0
2017-12-06,11.128472328186035,11.429397583007812,11.006943702697754,11.24421215057373,55779369.0
2017-12-07,11.255786895751953,11.359952926635742,10.850693702697754,10.925925254821777,47067640.0
2017-12-08,10.879629135131836,10.925925254821777,10.648147583007812,10.787036895751953,43227862.0
2017-12-11,10.902776718139648,11.192129135131836,10.804397583007812,11.151619911193848,41981511.0
2017-12-12,11.186342239379883,11.186342239379883,10.9375,10.949073791503906,24336749.0
2017-12-13,11.0011568069458,11.331018447875977,10.908563613891602,11.261573791503906,42954734.0
2017-12-14,11.26736068725586,11.26736068725586,10.607638359069824,10.746526718139648,62324588.0
2017-12-15,10.752313613891602,10.908563613891602,10.677083015441895,10.706018447875977,32922799.0
2017-12-18,10.758101463317871,10.769675254821777,10.439813613891602,10.659722328186035,42653243.0
2017-12-19,10.613425254821777,10.787036895751953,10.590276718139648,10.6886568069458,40207285.0
2017-12-20,10.746526718139648,10.787036895751953,10.526619911193848,10.601851463317871,28976078.0
2017-12-21,10.636573791503906,10.943286895751953,10.590276718139648,10.833333015441895,53443108.0
2017-12-22,10.821759223937988,11.006943702697754,10.752313613891602,10.758101463317871,36467812.0
2017-12-25,10.763888359069824,10.873842239379883,10.277776718139648,10.353009223937988,60199125.0
2017-12-26,10.3761568069458,10.5324068069458,10.277776718139648,10.46296215057373,39643877.0
2017-12-27,10.48611068725586,10.491897583007812,10.248842239379883,10.289351463317871,34240396.0
2017-12-28,10.300925254821777,10.46875,10.260416030883789,10.335647583007812,26219382.0
2017-12-29,10.353009223937988,10.590276718139648,10.3125,10.578702926635742,28476703.0
2018-01-02,10.596063613891602,10.671296119689941,10.46296215057373,10.61921215057373,43599451.0
2018-01-03,10.64236068725586,10.908563613891602,10.509259223937988,10.763888359069824,53772989.0
2018-01-04,10.763888359069824,10.908563613891602,10.61921215057373,10.6886568069458,52292941.0
2018-01-05,10.653935432434082,10.677083015441895,10.428239822387695,10.497685432434082,55985463.0
2018-01-08,10.497685432434082,10.497685432434082,10.300925254821777,10.39930534362793,40053115.0
2018-01-09,10.405092239379883,10.491897583007812,10.289351463317871,10.422452926635742,46145121.0
2018-01-10,10.434026718139648,10.457175254821777,10.254629135131836,10.300925254821777,27043476.0
2018-01-11,10.3125,10.509259223937988,10.260416030883789,10.480323791503906,36052416.0
2018-01-12,10.474536895751953,10.480323791503906,10.133101463317871,10.138888359069824,55456539.0
2018-01-15,10.08680534362793,10.098379135131836,9.444443702697754,9.68171215057373,95721492.0
2018-01-16,9.612268447875977,9.699073791503906,9.450230598449707,9.664351463317871,42506878.0
2018-01-17,9.658563613891602,9.878472328186035,9.606480598449707,9.693286895751953,33263051.0
2018-01-18,9.641202926635742,9.913193702697754,9.583333015441895,9.901619911193848,35252651.0
2018-01-19,9.918980598449707,10.381943702697754,9.901619911193848,10.190972328186035,72297686.0
2018-01-22,10.15625,10.324073791503906,10.115739822387695,10.225693702697754,32921252.0
2018-01-23,10.231480598449707,10.381943702697754,10.202546119689941,10.30671215057373,31333369.0
2018-01-24,10.318286895751953,10.405092239379883,10.2199068069458,10.341435432434082,21465523.0
2018-01-25,10.358796119689941,10.659722328186035,10.30671215057373,10.39930534362793,43320032.0
2018-01-26,10.30671215057373,10.457175254821777,10.190972328186035,10.225693702697754,19035965.0
2018-01-29,10.127313613891602,10.353009223937988,10.104166030883789,10.289351463317871,24176893.0
2018-01-30,10.214119911193848,10.491897583007812,10.214119911193848,10.451388359069824,26528207.0
2018-01-31,10.358796119689941,10.358796119689941,9.537036895751953,9.797452926635742,89819433.0
2018-02-01,9.7511568069458,9.93055534362793,9.623842239379883,9.918980598449707,54035736.0
2018-02-02,9.890046119689941,9.890046119689941,9.61805534362793,9.820601463317871,31537384.0
2018-02-05,9.577546119689941,9.745369911193848,9.467592239379883,9.479166030883789,29146094.0
2018-02-06,9.259259223937988,9.484952926635742,9.178239822387695,9.479166030883789,47090702.0
2018-02-07,9.496526718139648,9.600693702697754,9.241897583007812,9.421296119689941,32842457.0
2018-02-08,9.328702926635742,9.456018447875977,9.276619911193848,9.409722328186035,17646494.0
2018-02-09,9.247685432434082,9.346063613891602,8.506943702697754,8.935185432434082,49646794.0
2018-02-12,8.935185432434082,9.068286895751953,8.75,9.033563613891602,29657613.0
2018-02-13,9.05671215057373,9.241897583007812,8.981480598449707,8.998842239379883,22838495.0
2018-02-14,9.027776718139648,9.201388359069824,9.016202926635742,9.143518447875977,14105289.0
2018-02-22,9.253472328186035,9.427083015441895,9.160879135131836,9.375,14218640.0
2018-02-23,9.403935432434082,9.444443702697754,9.288193702697754,9.380786895751953,15270024.0
2018-02-26,9.415509223937988,9.583333015441895,9.409722328186035,9.54861068725586,26000218.0
2018-02-27,9.5949068069458,9.61805534362793,9.39236068725586,9.54861068725586,31737286.0
2018-02-28,9.432869911193848,9.450230598449707,9.334489822387695,9.39236068725586,23354315.0
2018-03-01,9.346063613891602,9.560185432434082,9.317129135131836,9.542823791503906,24584178.0
2018-03-02,9.490739822387695,9.710647583007812,9.450230598449707,9.467592239379883,18066245.0
2018-03-05,9.54861068725586,9.571759223937988,9.39236068725586,9.554397583007812,13373686.0
2018-03-06,9.53125,9.5949068069458,9.473379135131836,9.577546119689941,16001798.0
2018-03-07,9.600693702697754,9.7511568069458,9.519675254821777,9.589119911193848,21256992.0
2018-03-08,9.623842239379883,9.641202926635742,9.53125,9.600693702697754,12221233.0
2018-03-09,9.606480598449707,9.797452926635742,9.583333015441895,9.7511568069458,20799946.0
2018-03-12,9.780092239379883,10.040509223937988,9.7511568069458,9.942129135131836,27348098.0
2018-03-13,9.947916030883789,9.982638359069824,9.826388359069824,9.890046119689941,16625609.0
2018-03-14,9.913193702697754,10.057869911193848,9.791666030883789,9.803239822387695,18457460.0
2018-03-15,9.785879135131836,9.791666030883789,9.554397583007812,9.61805534362793,18454423.0
2018-03-16,9.606480598449707,9.820601463317871,9.571759223937988,9.664351463317871,16933112.0
2018-03-19,9.70486068725586,9.70486068725586,9.54861068725586,9.606480598449707,14348273.0
2018-03-20,9.600693702697754,9.924768447875977,9.496526718139648,9.693286895751953,19133561.0
2018-03-21,9.785879135131836,9.947916030883789,9.756943702697754,9.791666030883789,33672898.0
2018-03-22,9.722222328186035,10.283563613891602,9.456018447875977,9.797452926635742,54148540.0
2018-03-23,9.4386568069458,9.826388359069824,9.322916030883789,9.797452926635742,64665088.0
2018-03-26,9.612268447875977,9.7511568069458,9.502313613891602,9.722222328186035,24226909.0
2018-03-27,9.86111068725586,9.924768447875977,9.693286895751953,9.7511568069458,34748680.0
2018-03-28,9.768518447875977,9.9074068069458,9.54861068725586,9.658563613891602,28050577.0
2018-03-29,9.675925254821777,9.710647583007812,9.571759223937988,9.6875,17944087.0
2018-03-30,9.68171215057373,9.745369911193848,9.589119911193848,9.728009223937988,20961621.0
2018-04-02,9.739583015441895,9.814813613891602,9.641202926635742,9.641202926635742,19413812.0
2018-04-03,9.664351463317871,9.84375,9.61805534362793,9.814813613891602,39258597.0
2018-04-04,9.809026718139648,9.814813613891602,9.664351463317871,9.716435432434082,23569358.0
2018-04-09,9.670138359069824,9.693286895751953,9.375,9.54861068725586,31704505.0
2018-04-10,9.54861068725586,9.641202926635742,9.4386568069458,9.54861068725586,20787585.0
2018-04-11,9.577546119689941,9.768518447875977,9.502313613891602,9.733796119689941,20187038.0
2018-04-12,9.70486068725586,9.918980598449707,9.675925254821777,9.83796215057373,29550313.0
2018-04-13,9.976851463317871,10.15046215057373,9.976851463317871,9.99421215057373,47616242.0
2018-04-16,9.942129135131836,10.005786895751953,9.722222328186035,9.832175254821777,29634847.0
2018-04-17,9.83796215057373,9.890046119689941,9.5949068069458,9.612268447875977,17790935.0
2018-04-18,9.70486068725586,9.728009223937988,9.484952926635742,9.675925254821777,19879007.0
2018-04-19,9.722222328186035,9.872685432434082,9.670138359069824,9.797452926635742,20274508.0
2018-04-20,9.826388359069824,9.849536895751953,9.68171215057373,9.791666030883789,26533082.0
2018-04-23,9.780092239379883,9.832175254821777,9.693286895751953,9.780092239379883,20538173.0
2018-04-24,9.780092239379883,9.976851463317871,9.780092239379883,9.953702926635742,25265782.0
2018-04-25,9.971063613891602,10.040509223937988,9.866897583007812,10.0,15969607.0
2018-04-26,10.0,10.057869911193848,9.849536895751953,10.0,18680576.0
2018-04-27,9.982638359069824,10.046296119689941,9.84375,10.011573791503906,21143647.0
2018-05-02,10.0,10.300925254821777,9.936342239379883,10.208333015441895,41735867.0
2018-05-03,10.179397583007812,10.480323791503906,10.167823791503906,10.387730598449707,41118891.0
2018-05-04,10.381943702697754,10.630786895751953,10.347222328186035,10.439813613891602,29130359.0
2018-05-07,10.445601463317871,10.763888359069824,10.416666030883789,10.700230598449707,35736292.0
2018-05-08,10.706018447875977,10.752313613891602,10.55555534362793,10.596063613891602,28383509.0
2018-05-09,10.596063613891602,10.758101463317871,10.578702926635742,10.694443702697754,22954171.0
2018-05-10,10.653935432434082,10.95486068725586,10.653935432434082,10.885416030883789,25413324.0
2018-05-11,10.908563613891602,10.949073791503906,10.61921215057373,10.636573791503906,22163120.0
2018-05-14,10.625,10.752313613891602,10.5324068069458,10.659722328186035,20616928.0
2018-05-15,10.6886568069458,10.6886568069458,10.358796119689941,10.46296215057373,24456622.0
2018-05-16,10.503472328186035,10.729166030883789,10.46875,10.601851463317871,24994227.0
2018-05-17,10.601851463317871,10.671296119689941,10.353009223937988,10.434026718139648,18215324.0
2018-05-18,10.439813613891602,10.543980598449707,10.387730598449707,10.457175254821777,13705854.0
2018-05-21,10.503472328186035,10.677083015441895,10.497685432434082,10.538193702697754,15951695.0
2018-05-22,10.596063613891602,10.596063613891602,10.225693702697754,10.271989822387695,26447551.0
2018-05-23,10.271989822387695,10.387730598449707,10.190972328186035,10.271989822387695,16109615.0
2018-05-24,10.300925254821777,10.318286895751953,10.0,10.040509223937988,20286675.0
2018-05-25,10.057869911193848,10.133101463317871,9.924768447875977,10.075230598449707,13095165.0
2018-05-28,10.057869911193848,10.098379135131836,9.895833015441895,9.918980598449707,14040670.0
2018-05-29,9.924768447875977,10.011573791503906,9.855323791503906,9.971063613891602,14150965.0
2018-05-30,9.84375,9.895833015441895,9.739583015441895,9.7511568069458,19078828.0
2018-05-31,9.7511568069458,9.93055534362793,9.7511568069458,9.878472328186035,11273575.0
2018-06-01,9.884259223937988,9.884259223937988,9.519675254821777,9.589119911193848,17177781.0
2018-06-04,9.577546119689941,9.6875,9.36921215057373,9.513888359069824,19214229.0
2018-06-05,9.635416030883789,9.809026718139648,9.537036895751953,9.7511568069458,15965487.0
2018-06-06,9.7511568069458,9.965276718139648,9.745369911193848,9.901619911193848,16366717.0
2018-06-07,9.936342239379883,10.069443702697754,9.872685432434082,9.971063613891602,14265797.0
2018-06-08,9.965276718139648,9.982638359069824,9.762730598449707,9.965276718139648,14130875.0
2018-06-11,9.918980598449707,9.942129135131836,9.762730598449707,9.884259223937988,13680550.0
2018-06-12,9.884259223937988,9.890046119689941,9.70486068725586,9.872685432434082,12553695.0
2018-06-13,9.803239822387695,9.982638359069824,9.733796119689941,9.872685432434082,13076140.0
2018-06-14,9.820601463317871,9.913193702697754,9.785879135131836,9.872685432434082,8151416.0
2018-06-15,9.86111068725586,9.878472328186035,9.490739822387695,9.866897583007812,18497806.0
2018-06-19,9.762730598449707,9.982638359069824,9.68171215057373,9.924768447875977,75667727.0
2018-06-20,9.820601463317871,9.83796215057373,9.537036895751953,9.670138359069824,15008632.0
2018-06-21,9.675925254821777,9.756943702697754,9.542823791503906,9.554397583007812,10137313.0
2018-06-22,9.565972328186035,9.652776718139648,9.299768447875977,9.432869911193848,16085319.0
2018-06-25,9.519675254821777,9.571759223937988,9.299768447875977,9.299768447875977,7143897.0
2018-06-26,9.265046119689941,9.265046119689941,9.050925254821777,9.120369911193848,16385749.0
2018-06-27,9.143518447875977,9.195601463317871,8.958333015441895,9.143518447875977,10987042.0
2018-06-28,9.143518447875977,9.224536895751953,9.050925254821777,9.14930534362793,8261006.0
2018-06-29,9.05671215057373,9.178239822387695,8.946759223937988,9.143518447875977,8273558.0
2018-07-02,9.137730598449707,9.21875,8.9699068069458,9.033563613891602,11353312.0
2018-07-03,9.010416030883789,9.016202926635742,8.807869911193848,8.912036895751953,17716480.0
2018-07-04,8.958333015441895,8.958333015441895,8.449073791503906,8.512730598449707,21538866.0
2018-07-05,8.570601463317871,8.6574068069458,8.27546215057373,8.640046119689941,22806973.0
2018-07-06,8.59375,8.645833015441895,8.350693702697754,8.553239822387695,11753057.0
2018-07-09,8.506943702697754,8.726851463317871,8.506943702697754,8.68055534362793,11180904.0
2018-07-10,8.784722328186035,8.854166030883789,8.663193702697754,8.807869911193848,11073312.0
2018-07-11,8.732638359069824,8.784722328186035,8.582175254821777,8.74421215057373,7040326.0
2018-07-12,8.755786895751953,9.021989822387695,8.692129135131836,8.917823791503906,13503174.0
2018-07-13,8.987268447875977,9.1261568069458,8.92361068725586,9.074073791503906,13293785.0
2018-07-16,9.1261568069458,9.1261568069458,8.952546119689941,9.039351463317871,6699900.0
2018-07-17,8.987268447875977,9.0625,8.854166030883789,9.010416030883789,8366535.0
2018-07-18,8.998842239379883,9.114583015441895,8.888888359069824,8.917823791503906,6547732.0
2018-07-19,8.99305534362793,8.99305534362793,8.726851463317871,8.75,7818092.0
2018-07-20,8.74421215057373,9.05671215057373,8.645833015441895,8.940972328186035,12652186.0
2018-07-23,8.917823791503906,9.114583015441895,8.894675254821777,9.050925254821777,10842206.0
2018-07-24,9.120369911193848,9.415509223937988,9.05671215057373,9.351851463317871,15985271.0
2018-07-25,9.340276718139648,9.4386568069458,9.224536895751953,9.265046119689941,10980356.0
2018-07-26,9.259259223937988,9.346063613891602,9.160879135131836,9.224536895751953,9890957.0
2018-07-27,9.317129135131836,9.317129135131836,9.114583015441895,9.14930534362793,5463835.0
2018-07-30,9.160879135131836,9.409722328186035,9.097222328186035,9.155092239379883,11212693.0
2018-07-31,9.131943702697754,9.230323791503906,9.004629135131836,9.195601463317871,9193074.0
2018-08-01,9.155092239379883,9.189813613891602,8.9699068069458,8.987268447875977,9427862.0
2018-08-02,8.946759223937988,9.021989822387695,8.6574068069458,8.686342239379883,21414431.0
2018-08-03,8.773147583007812,9.016202926635742,8.6574068069458,8.674768447875977,23766606.0
2018-08-06,8.726851463317871,8.831018447875977,8.628472328186035,8.697916030883789,10179476.0
2018-08-07,8.738425254821777,8.796296119689941,8.616897583007812,8.76736068725586,10085878.0
2018-08-08,8.755786895751953,9.010416030883789,8.721063613891602,8.894675254821777,16356226.0
2018-08-09,8.854166030883789,9.114583015441895,8.842592239379883,9.07986068725586,11036003.0
2018-08-10,9.068286895751953,9.14930534362793,9.021989822387695,9.05671215057373,8706496.0
2018-08-13,8.946759223937988,9.050925254821777,8.825230598449707,8.877313613891602,12578015.0
2018-08-14,8.888888359069824,8.998842239379883,8.865739822387695,8.975693702697754,14260000.0
2018-08-15,9.004629135131836,9.004629135131836,8.8136568069458,8.871526718139648,10006571.0
2018-08-16,8.796296119689941,8.9699068069458,8.75,8.825230598449707,7051518.0
2018-08-17,8.935185432434082,8.946759223937988,8.761573791503906,8.76736068725586,9058991.0
2018-08-20,8.848379135131836,8.848379135131836,8.651619911193848,8.8136568069458,8134095.0
2018-08-21,8.8136568069458,8.917823791503906,8.76736068725586,8.842592239379883,4902491.0
2018-08-22,8.842592239379883,8.883101463317871,8.697916030883789,8.848379135131836,7255792.0
2018-08-23,8.848379135131836,8.883101463317871,8.726851463317871,8.831018447875977,8483346.0
2018-08-24,8.778935432434082,8.831018447875977,8.518518447875977,8.576388359069824,20333790.0
2018-08-27,8.61111068725586,8.709489822387695,8.564813613891602,8.703702926635742,16677912.0
2018-08-28,8.888888359069824,9.2824068069458,8.859952926635742,9.224536895751953,32744741.0
2018-08-29,9.230323791503906,9.375,9.160879135131836,9.328702926635742,20976062.0
2018-08-30,9.375,9.490739822387695,9.230323791503906,9.299768447875977,18810767.0
2018-08-31,9.432869911193848,9.456018447875977,9.259259223937988,9.299768447875977,26377818.0
2018-09-03,9.311342239379883,9.36921215057373,9.14930534362793,9.195601463317871,15959757.0
2018-09-04,9.247685432434082,9.409722328186035,9.21296215057373,9.328702926635742,15479166.0
2018-09-05,9.30555534362793,9.357638359069824,9.21296215057373,9.247685432434082,9349753.0
2018-09-06,9.166666030883789,9.299768447875977,9.021989822387695,9.05671215057373,16628407.0
2018-09-07,9.178239822387695,9.2824068069458,9.085647583007812,9.207175254821777,11089557.0
2018-09-10,9.83796215057373,10.121526718139648,9.542823791503906,9.54861068725586,78084857.0
2018-09-11,9.658563613891602,9.658563613891602,9.386573791503906,9.46180534362793,27304824.0
2018-09-12,9.490739822387695,9.519675254821777,9.317129135131836,9.334489822387695,18084843.0
2018-09-13,9.421296119689941,9.664351463317871,9.21875,9.635416030883789,22802017.0
2018-09-14,9.583333015441895,9.7511568069458,9.577546119689941,9.61805534362793,22980400.0
2018-09-17,9.606480598449707,9.722222328186035,9.519675254821777,9.623842239379883,12264632.0
2018-09-18,9.61805534362793,10.005786895751953,9.577546119689941,9.982638359069824,36017834.0
2018-09-19,9.947916030883789,10.15046215057373,9.878472328186035,9.936342239379883,24185233.0
2018-09-20,9.913193702697754,10.08680534362793,9.849536895751953,9.93055534362793,13924108.0
2018-09-21,9.884259223937988,10.011573791503906,9.809026718139648,9.982638359069824,25234576.0
2018-09-25,9.855323791503906,10.028935432434082,9.855323791503906,9.982638359069824,13899202.0
2018-09-26,9.971063613891602,10.32986068725586,9.971063613891602,10.127313613891602,28212822.0
2018-09-27,10.15625,10.24305534362793,10.075230598449707,10.138888359069824,11490614.0
2018-09-28,10.138888359069824,10.214119911193848,10.0,10.214119911193848,14900701.0
2018-10-08,10.17361068725586,10.17361068725586,9.768518447875977,9.83796215057373,16926686.0
2018-10-09,9.791666030883789,9.988425254821777,9.699073791503906,9.832175254821777,15754687.0
2018-10-10,9.866897583007812,9.99421215057373,9.7511568069458,9.866897583007812,21203318.0
2018-10-11,9.664351463317871,9.855323791503906,9.265046119689941,9.432869911193848,31206693.0
2018-10-12,9.334489822387695,9.675925254821777,9.317129135131836,9.641202926635742,19512755.0
2018-10-15,9.641202926635742,9.849536895751953,9.565972328186035,9.589119911193848,18437049.0
2018-10-16,9.641202926635742,9.780092239379883,9.375,9.415509223937988,17776836.0
2018-10-17,9.54861068725586,9.884259223937988,9.496526718139648,9.7511568069458,27601261.0
2018-10-18,9.722222328186035,9.722222328186035,9.46180534362793,9.479166030883789,17461344.0
2018-10-19,9.36921215057373,9.924768447875977,9.299768447875977,9.83796215057373,33124337.0
2018-10-22,9.901619911193848,10.283563613891602,9.901619911193848,10.023147583007812,36835895.0
2018-10-23,10.08680534362793,10.185185432434082,9.982638359069824,10.034722328186035,24416603.0
2018-10-24,10.028935432434082,10.318286895751953,10.005786895751953,10.2199068069458,30247304.0
2018-10-25,10.0,10.300925254821777,9.953702926635742,10.283563613891602,23466153.0
2018-10-26,10.24305534362793,10.364583015441895,10.0,10.121526718139648,26421178.0
2018-10-29,10.075230598449707,10.387730598449707,9.976851463317871,10.040509223937988,36467789.0
2018-10-30,10.057869911193848,10.15625,9.901619911193848,10.052083015441895,28519839.0
2018-10-31,10.028935432434082,10.104166030883789,9.895833015441895,10.040509223937988,22971216.0
2018-11-01,10.32986068725586,10.457175254821777,10.162036895751953,10.237268447875977,36411005.0
2018-11-02,10.324073791503906,10.509259223937988,10.225693702697754,10.48611068725586,29098374.0
2018-11-05,10.451388359069824,10.451388359069824,10.196759223937988,10.318286895751953,27538500.0
2018-11-06,10.283563613891602,10.324073791503906,10.098379135131836,10.271989822387695,13821302.0
2018-11-07,10.277776718139648,10.410879135131836,10.185185432434082,10.185185432434082,13615383.0
2018-11-08,10.214119911193848,10.237268447875977,10.028935432434082,10.040509223937988,13363783.0
2018-11-09,10.0,10.214119911193848,10.0,10.133101463317871,10366527.0
2018-11-12,10.133101463317871,10.410879135131836,10.081018447875977,10.387730598449707,20896075.0
2018-11-13,10.248842239379883,10.39930534362793,10.225693702697754,10.271989822387695,19961555.0
2018-11-14,10.295138359069824,10.491897583007812,10.237268447875977,10.445601463317871,29135842.0
2018-11-15,10.439813613891602,10.46296215057373,10.300925254821777,10.3761568069458,18509713.0
2018-11-16,10.39930534362793,10.5324068069458,10.32986068725586,10.358796119689941,18376395.0
2018-11-19,10.335647583007812,10.46296215057373,10.277776718139648,10.434026718139648,22958145.0
2018-11-20,10.381943702697754,10.381943702697754,10.214119911193848,10.283563613891602,15302520.0
2018-11-21,10.24305534362793,10.24305534362793,10.144675254821777,10.190972328186035,10896194.0
2018-11-22,10.289351463317871,10.300925254821777,10.115739822387695,10.15625,7399669.0
2018-11-23,10.15625,10.225693702697754,9.890046119689941,9.895833015441895,17765258.0
2018-11-26,9.895833015441895,10.104166030883789,9.895833015441895,10.011573791503906,12957653.0
2018-11-27,10.109952926635742,10.109952926635742,9.93055534362793,9.942129135131836,7658509.0
2018-11-28,9.976851463317871,10.098379135131836,9.83796215057373,10.040509223937988,14107246.0
2018-11-29,10.109952926635742,10.17361068725586,10.005786895751953,10.127313613891602,15924883.0
2018-11-30,10.162036895751953,10.17361068725586,9.895833015441895,10.17361068725586,15475637.0
2018-12-03,10.208333015441895,10.439813613891602,10.202546119689941,10.324073791503906,24361865.0
2018-12-04,10.300925254821777,10.416666030883789,10.277776718139648,10.381943702697754,9198703.0
2018-12-05,10.277776718139648,10.567129135131836,10.277776718139648,10.549768447875977,28035607.0
2018-12-06,10.55555534362793,10.682869911193848,10.405092239379883,10.422452926635742,28026216.0
2018-12-07,10.370369911193848,10.682869911193848,10.370369911193848,10.578702926635742,19033679.0
2018-12-10,10.567129135131836,10.920138359069824,10.538193702697754,10.891202926635742,42031142.0
2018-12-11,10.885416030883789,10.995369911193848,10.787036895751953,10.86805534362793,26669912.0
2018-12-12,10.995369911193848,10.995369911193848,10.740739822387695,10.77546215057373,25101202.0
2018-12-13,10.8449068069458,11.053239822387695,10.79861068725586,10.862268447875977,22411048.0
2018-12-14,10.821759223937988,11.082175254821777,10.821759223937988,10.879629135131836,21567508.0
2018-12-17,10.827546119689941,10.978009223937988,10.78125,10.815972328186035,19504516.0
2018-12-18,10.86805534362793,10.978009223937988,10.596063613891602,10.787036895751953,23230685.0
2018-12-19,10.833333015441895,10.95486068725586,10.474536895751953,10.607638359069824,24074305.0
2018-12-20,10.6886568069458,10.734952926635742,10.387730598449707,10.601851463317871,19357111.0
2018-12-21,10.503472328186035,10.706018447875977,10.422452926635742,10.55555534362793,15084263.0
2018-12-24,10.422452926635742,10.648147583007812,10.422452926635742,10.561342239379883,10348648.0
2018-12-25,10.520833015441895,10.5324068069458,10.358796119689941,10.46875,17274447.0
2018-12-26,10.584489822387695,11.041666030883789,10.474536895751953,10.601851463317871,28941553.0
2018-12-27,10.723379135131836,10.758101463317871,10.434026718139648,10.46296215057373,16618590.0
2018-12-28,10.46296215057373,10.734952926635742,10.358796119689941,10.723379135131836,18934577.0
2019-01-02,10.729166030883789,10.758101463317871,10.266202926635742,10.48611068725586,22564806.0
2019-01-03,10.416666030883789,10.5324068069458,10.341435432434082,10.520833015441895,15096632.0
2019-01-04,10.457175254821777,10.821759223937988,10.370369911193848,10.78125,27937927.0
2019-01-07,10.457175254821777,11.388888359069824,10.370369911193848,11.307869911193848,49645032.0
2019-01-08,11.221063613891602,11.307869911193848,11.02430534362793,11.08796215057373,26395156.0
2019-01-09,11.128472328186035,11.197916030883789,11.012730598449707,11.041666030883789,24755409.0
2019-01-10,11.012730598449707,11.24421215057373,10.966435432434082,11.197916030883789,25794839.0
2019-01-11,11.168980598449707,11.192129135131836,10.93171215057373,11.09375,17744655.0
2019-01-14,11.140046119689941,11.1574068069458,10.885416030883789,10.943286895751953,14891605.0
2019-01-15,10.972222328186035,11.278935432434082,10.908563613891602,11.18055534362793,22627886.0
2019-01-16,11.18055534362793,11.255786895751953,10.995369911193848,11.047452926635742,18599564.0
2019-01-17,11.099536895751953,11.1574068069458,10.908563613891602,10.966435432434082,14489069.0
2019-01-18,11.012730598449707,11.25,10.995369911193848,11.221063613891602,25330240.0
2019-01-21,11.284722328186035,11.365739822387695,11.203702926635742,11.26736068725586,22844668.0
2019-01-22,11.209489822387695,11.238425254821777,11.053239822387695,11.064813613891602,14966774.0
2019-01-23,11.059026718139648,11.440972328186035,11.030092239379883,11.278935432434082,22681143.0
2019-01-24,11.296296119689941,11.394675254821777,11.203702926635742,11.342592239379883,16651203.0
2019-01-25,11.342592239379883,11.435185432434082,11.209489822387695,11.284722328186035,15525418.0
2019-01-28,11.296296119689941,11.5625,11.238425254821777,11.40625,22450158.0
2019-01-29,11.331018447875977,11.440972328186035,11.226851463317871,11.394675254821777,11960701.0
2019-01-30,11.371526718139648,11.464119911193848,11.116897583007812,11.151619911193848,18140032.0
2019-01-31,11.070601463317871,11.226851463317871,11.0011568069458,11.082175254821777,12343767.0
2019-02-01,11.053239822387695,11.429397583007812,11.053239822387695,11.383101463317871,15424551.0
2019-02-11,11.458333015441895,11.521989822387695,11.348379135131836,11.40046215057373,24143012.0
2019-02-12,11.49305534362793,11.545138359069824,11.284722328186035,11.458333015441895,33369833.0
2019-02-13,11.452546119689941,11.533563613891602,11.26736068725586,11.4699068069458,39760196.0
2019-02-14,11.429397583007812,11.603009223937988,11.255786895751953,11.458333015441895,35605611.0
2019-02-15,11.417823791503906,11.684026718139648,11.383101463317871,11.440972328186035,34712181.0
2019-02-18,11.504629135131836,11.759259223937988,11.504629135131836,11.631943702697754,48810491.0
2019-02-19,11.631943702697754,11.660879135131836,11.331018447875977,11.446759223937988,38974030.0
2019-02-20,11.388888359069824,11.40046215057373,11.0011568069458,11.128472328186035,49557011.0
2019-02-21,11.140046119689941,11.331018447875977,11.02430534362793,11.116897583007812,35942168.0
2019-02-22,11.151619911193848,11.3136568069458,11.09375,11.3136568069458,28574145.0
2019-02-25,11.452546119689941,11.637730598449707,11.134259223937988,11.6261568069458,80873391.0
2019-02-26,11.574073791503906,11.574073791503906,11.226851463317871,11.290509223937988,70374923.0
2019-02-27,11.238425254821777,11.24421215057373,10.526619911193848,10.653935432434082,103137879.0
2019-02-28,10.549768447875977,10.850693702697754,10.549768447875977,10.694443702697754,44269454.0
2019-03-01,10.769675254821777,10.77546215057373,10.625,10.740739822387695,29706167.0
2019-03-04,10.9375,11.365739822387695,10.9375,11.09375,91885166.0
2019-03-05,11.11111068725586,11.174768447875977,10.93171215057373,11.064813613891602,49407312.0
2019-03-06,11.053239822387695,11.163193702697754,10.943286895751953,11.059026718139648,46366233.0
2019-03-07,10.989583015441895,11.053239822387695,10.740739822387695,10.856480598449707,56208485.0
2019-03-08,10.706018447875977,11.163193702697754,10.648147583007812,10.960647583007812,61484140.0
2019-03-11,10.960647583007812,10.960647583007812,10.960647583007812,10.960647583007812,0.0
2019-03-12,10.960647583007812,10.960647583007812,10.960647583007812,10.960647583007812,0.0
2019-03-13,13.310185432434082,14.565972328186035,13.310185432434082,13.541666030883789,316804701.0
2019-03-14,13.310185432434082,13.310185432434082,12.1875,12.239583015441895,184384130.0
2019-03-15,12.239583015441895,12.835647583007812,12.239583015441895,12.442129135131836,100926984.0
2019-03-18,12.442129135131836,12.789351463317871,11.956018447875977,12.592592239379883,93025060.0
2019-03-19,12.5,13.177083015441895,12.465276718139648,12.887730598449707,87796778.0
2019-03-20,12.789351463317871,13.101851463317871,12.51736068725586,12.65046215057373,61719916.0
2019-03-21,12.609952926635742,13.159722328186035,12.609952926635742,12.783563613891602,73601986.0
2019-03-22,12.67361068725586,12.789351463317871,12.384259223937988,12.581018447875977,48355614.0
2019-03-25,12.366897583007812,12.49421215057373,12.002313613891602,12.077546119689941,50601136.0
2019-03-26,12.0949068069458,12.378472328186035,11.979166030883789,12.042823791503906,36214012.0
2019-03-27,12.27430534362793,12.34375,11.996526718139648,12.1875,27710738.0
2019-03-28,12.141202926635742,12.309026718139648,11.956018447875977,11.979166030883789,32542585.0
2019-03-29,11.984952926635742,12.256943702697754,11.80555534362793,12.216435432434082,55623644.0
2019-04-01,12.355323791503906,12.65625,12.158563613891602,12.552083015441895,59571097.0
2019-04-02,12.511573791503906,12.82986068725586,12.511573791503906,12.598379135131836,59136324.0
2019-04-03,12.424768447875977,12.424768447875977,11.921296119689941,12.280092239379883,77484237.0
2019-04-04,12.112268447875977,12.546296119689941,12.100693702697754,12.384259223937988,64613903.0
2019-04-08,12.43055534362793,12.471063613891602,11.990739822387695,12.0949068069458,59158257.0
2019-04-09,12.060185432434082,12.233796119689941,11.86921215057373,12.193286895751953,36835305.0
2019-04-10,12.152776718139648,12.1875,11.950230598449707,12.0949068069458,34916249.0
2019-04-11,12.106480598449707,12.7199068069458,12.106480598449707,12.436342239379883,71100246.0
2019-04-12,12.482638359069824,12.731480598449707,12.228009223937988,12.528935432434082,68120782.0
2019-04-15,12.760416030883789,12.847222328186035,12.20486068725586,12.245369911193848,45218710.0
2019-04-16,12.285879135131836,12.33796215057373,11.9386568069458,12.309026718139648,42689367.0
2019-04-17,12.210647583007812,12.662036895751953,12.152776718139648,12.575230598449707,58798154.0
2019-04-18,12.546296119689941,12.581018447875977,12.34375,12.459489822387695,30714519.0
2019-04-19,12.604166030883789,12.644675254821777,12.297452926635742,12.5,28779368.0
2019-04-22,12.58680534362793,12.58680534362793,12.152776718139648,12.245369911193848,28640739.0
2019-04-23,12.384259223937988,12.534722328186035,12.216435432434082,12.297452926635742,37314670.0
2019-04-24,12.27430534362793,12.465276718139648,12.065972328186035,12.332175254821777,31493086.0
2019-04-25,12.424768447875977,12.552083015441895,12.20486068725586,12.228009223937988,47880063.0
2019-04-26,12.233796119689941,12.366897583007812,11.446759223937988,11.498842239379883,62379256.0
2019-05-06,11.284722328186035,11.417823791503906,10.653935432434082,10.8449068069458,48645885.0
2019-05-07,10.995369911193848,11.08796215057373,10.729166030883789,10.972222328186035,26384890.0
2019-05-08,10.821759223937988,10.920138359069824,10.601851463317871,10.706018447875977,26236804.0
2019-05-09,10.590276718139648,10.804397583007812,10.55555534362793,10.636573791503906,19100530.0
2019-05-10,10.71180534362793,10.972222328186035,10.543980598449707,10.960647583007812,21857668.0
2019-05-13,10.86805534362793,10.885416030883789,10.578702926635742,10.659722328186035,22929542.0
2019-05-14,10.543980598449707,10.706018447875977,10.520833015441895,10.648147583007812,15421921.0
2019-05-15,10.746526718139648,10.925925254821777,10.61921215057373,10.914351463317871,25697670.0
2019-05-16,10.925925254821777,11.504629135131836,10.833333015441895,11.354166030883789,35126669.0
2019-05-17,11.3136568069458,11.3136568069458,11.053239822387695,11.082175254821777,26983245.0
2019-05-20,11.1574068069458,11.1574068069458,10.706018447875977,10.914351463317871,24968736.0
2019-05-21,10.9375,11.099536895751953,10.827546119689941,10.989583015441895,20504038.0
2019-05-22,11.035879135131836,11.226851463317871,10.93171215057373,11.064813613891602,19799334.0
2019-05-23,11.064813613891602,11.1574068069458,10.769675254821777,11.053239822387695,18675721.0
2019-05-24,10.966435432434082,11.047452926635742,10.856480598449707,11.02430534362793,13027502.0
2019-05-27,10.943286895751953,11.11111068725586,10.79861068725586,11.070601463317871,19516923.0
2019-05-28,11.099536895751953,11.388888359069824,11.08796215057373,11.383101463317871,31198219.0
2019-05-29,11.226851463317871,11.284722328186035,11.116897583007812,11.215276718139648,16820842.0
2019-05-30,11.116897583007812,11.145833015441895,10.61921215057373,10.723379135131836,40963610.0
2019-05-31,10.746526718139648,10.752313613891602,10.543980598449707,10.590276718139648,24926204.0
2019-06-03,10.601851463317871,10.636573791503906,9.93055534362793,10.127313613891602,56450518.0
2019-06-04,10.127313613891602,10.127313613891602,9.768518447875977,9.99421215057373,32295737.0
2019-06-05,10.057869911193848,10.115739822387695,9.913193702697754,10.0,18907883.0
2019-06-06,10.0,10.052083015441895,9.895833015441895,9.976851463317871,14251507.0
2019-06-10,10.040509223937988,10.202546119689941,9.942129135131836,10.109952926635742,20885065.0
2019-06-11,10.109952926635742,10.422452926635742,10.057869911193848,10.381943702697754,28242355.0
2019-06-12,10.381943702697754,10.46875,10.300925254821777,10.381943702697754,21650046.0
2019-06-13,10.3761568069458,10.387730598449707,10.231480598449707,10.289351463317871,13691353.0
2019-06-14,10.3125,10.358796119689941,10.104166030883789,10.289351463317871,21937307.0
2019-06-17,10.324073791503906,10.324073791503906,10.104166030883789,10.190972328186035,12500987.0
2019-06-18,10.24305534362793,10.266202926635742,10.15046215057373,10.179397583007812,10672103.0
2019-06-19,10.381943702697754,10.572916030883789,10.364583015441895,10.422452926635742,27618433.0
2019-06-20,10.509259223937988,10.787036895751953,10.445601463317871,10.723379135131836,28890983.0
2019-06-21,10.862268447875977,11.041666030883789,10.763888359069824,10.86805534362793,30366608.0
2019-06-24,10.879629135131836,10.989583015441895,10.787036895751953,10.95486068725586,14180799.0
2019-06-25,10.839119911193848,10.93171215057373,10.706018447875977,10.763888359069824,13369423.0
2019-06-26,10.752313613891602,10.943286895751953,10.700230598449707,10.856480598449707,16016218.0
2019-06-27,10.902776718139648,10.989583015441895,10.79861068725586,10.925925254821777,16358626.0
2019-06-28,10.95486068725586,10.95486068725586,10.694443702697754,10.787036895751953,10026256.0
2019-07-01,10.925925254821777,11.070601463317871,10.8449068069458,10.920138359069824,16735365.0
2019-07-02,10.949073791503906,11.041666030883789,10.86805534362793,10.95486068725586,17231662.0
2019-07-03,10.9375,11.1574068069458,10.86805534362793,11.012730598449707,18642859.0
2019-07-04,11.006943702697754,11.140046119689941,10.972222328186035,11.082175254821777,14367264.0
2019-07-05,11.145833015441895,11.151619911193848,10.914351463317871,10.995369911193848,12111263.0
2019-07-08,10.995369911193848,11.006943702697754,10.665509223937988,10.769675254821777,12998596.0
2019-07-09,10.734952926635742,10.810185432434082,10.48611068725586,10.648147583007812,13946765.0
2019-07-10,10.740739822387695,10.925925254821777,10.694443702697754,10.856480598449707,15077653.0
2019-07-11,10.873842239379883,10.949073791503906,10.706018447875977,10.740739822387695,11519637.0
2019-07-12,10.740739822387695,10.827546119689941,10.694443702697754,10.717592239379883,8730745.0
2019-07-15,10.665509223937988,10.79861068725586,10.549768447875977,10.706018447875977,12692870.0
2019-07-16,10.787036895751953,10.804397583007812,10.578702926635742,10.61921215057373,12328362.0
2019-07-17,10.590276718139648,10.671296119689941,10.549768447875977,10.607638359069824,12665616.0
2019-07-18,10.567129135131836,10.590276718139648,10.416666030883789,10.422452926635742,8461324.0
2019-07-19,10.445601463317871,10.538193702697754,10.381943702697754,10.457175254821777,9887109.0
2019-07-22,10.445601463317871,10.763888359069824,10.3125,10.543980598449707,17936214.0
2019-07-23,10.30671215057373,10.561342239379883,10.30671215057373,10.46875,22019992.0
2019-07-24,10.526619911193848,11.047452926635742,10.515046119689941,10.815972328186035,39929502.0
2019-07-25,10.9375,10.95486068725586,10.804397583007812,10.86805534362793,16358122.0
2019-07-26,10.815972328186035,10.93171215057373,10.804397583007812,10.850693702697754,19322112.0
2019-07-29,10.960647583007812,11.02430534362793,10.856480598449707,10.95486068725586,13077405.0
2019-07-30,10.949073791503906,11.053239822387695,10.885416030883789,10.902776718139648,12055174.0
2019-07-31,10.902776718139648,11.006943702697754,10.862268447875977,10.914351463317871,12447126.0
2019-08-01,10.95486068725586,10.95486068725586,10.758101463317871,10.821759223937988,11721272.0
2019-08-02,10.677083015441895,10.746526718139648,10.5324068069458,10.561342239379883,13677401.0
2019-08-05,10.451388359069824,10.572916030883789,10.30671215057373,10.30671215057373,16977162.0
2019-08-06,10.144675254821777,10.300925254821777,9.924768447875977,10.15046215057373,17999352.0
2019-08-07,10.3125,10.410879135131836,10.15625,10.335647583007812,12000197.0
2019-08-08,10.341435432434082,10.387730598449707,10.185185432434082,10.318286895751953,14084648.0
2019-08-09,10.405092239379883,10.405092239379883,10.133101463317871,10.15625,10508771.0
2019-08-12,10.208333015441895,10.353009223937988,10.162036895751953,10.300925254821777,9185700.0
2019-08-13,10.254629135131836,10.387730598449707,10.185185432434082,10.32986068725586,8532568.0
2019-08-14,10.416666030883789,10.474536895751953,10.3761568069458,10.393518447875977,15204018.0
2019-08-15,10.300925254821777,10.451388359069824,10.271989822387695,10.370369911193848,15290420.0
2019-08-16,10.439813613891602,10.445601463317871,10.248842239379883,10.289351463317871,15179503.0
2019-08-19,10.39930534362793,10.5324068069458,10.295138359069824,10.520833015441895,22066644.0
2019-08-20,10.549768447875977,10.567129135131836,10.451388359069824,10.497685432434082,10294947.0
2019-08-21,10.445601463317871,10.503472328186035,10.231480598449707,10.3125,24815445.0
2019-08-22,10.24305534362793,10.353009223937988,10.179397583007812,10.248842239379883,14039956.0
2019-08-23,10.248842239379883,10.283563613891602,10.0,10.069443702697754,24467455.0
2019-08-26,9.901619911193848,10.011573791503906,9.895833015441895,9.971063613891602,11221120.0
2019-08-27,10.011573791503906,10.237268447875977,10.011573791503906,10.069443702697754,22690093.0
2019-08-28,10.069443702697754,10.144675254821777,10.0,10.069443702697754,10654464.0
2019-08-29,10.01736068725586,10.081018447875977,10.0,10.011573791503906,8477087.0
2019-08-30,10.052083015441895,10.098379135131836,9.982638359069824,10.011573791503906,11667174.0
2019-09-02,9.93055534362793,10.497685432434082,9.93055534362793,10.416666030883789,27932245.0
2019-09-03,10.439813613891602,10.752313613891602,10.358796119689941,10.734952926635742,30789536.0
2019-09-04,10.763888359069824,11.168980598449707,10.734952926635742,11.09375,52683003.0
2019-09-05,11.11111068725586,11.510416030883789,11.11111068725586,11.284722328186035,51535111.0
2019-09-06,11.307869911193848,11.666666030883789,11.307869911193848,11.516202926635742,58534973.0
2019-09-09,11.776619911193848,12.008101463317871,11.5625,11.689813613891602,52207991.0
2019-09-10,11.950230598449707,11.979166030883789,11.603009223937988,11.724536895751953,30256749.0
2019-09-11,11.863425254821777,11.886573791503906,11.57986068725586,11.631943702697754,27076541.0
2019-09-12,11.71875,11.747685432434082,11.452546119689941,11.585647583007812,29736640.0
2019-09-16,11.655092239379883,11.672452926635742,11.371526718139648,11.568286895751953,22889435.0
2019-09-17,11.574073791503906,11.660879135131836,11.226851463317871,11.284722328186035,29027391.0
2019-09-18,11.458333015441895,11.689813613891602,11.412036895751953,11.4699068069458,36284153.0
2019-09-19,11.603009223937988,11.6261568069458,11.296296119689941,11.429397583007812,24436617.0
2019-09-20,11.516202926635742,12.008101463317871,11.458333015441895,11.846063613891602,71258498.0
2019-09-23,11.979166030883789,12.04861068725586,11.724536895751953,11.967592239379883,56586772.0
2019-09-24,11.915509223937988,12.546296119689941,11.863425254821777,12.442129135131836,56332324.0
2019-09-25,12.390046119689941,12.644675254821777,12.1875,12.239583015441895,30281382.0
2019-09-26,12.320601463317871,12.326388359069824,11.834489822387695,11.932869911193848,32477982.0
2019-09-27,12.037036895751953,12.04861068725586,11.695601463317871,11.932869911193848,25972558.0
2019-09-30,11.822916030883789,12.02546215057373,11.64930534362793,11.834489822387695,18114845.0
2019-10-08,11.689813613891602,12.112268447875977,11.689813613891602,11.886573791503906,21441870.0
2019-10-09,11.886573791503906,12.326388359069824,11.776619911193848,12.20486068725586,26179015.0
2019-10-10,12.199073791503906,12.633101463317871,12.152776718139648,12.528935432434082,34564852.0
2019-10-11,12.5,12.65625,12.390046119689941,12.5,19606162.0
2019-10-14,12.65625,13.576388359069824,12.65625,13.020833015441895,45937670.0
2019-10-15,13.020833015441895,13.020833015441895,12.51736068725586,12.592592239379883,19738104.0
2019-10-16,12.789351463317871,12.881943702697754,12.447916030883789,12.615739822387695,22020576.0
2019-10-17,12.789351463317871,13.003472328186035,12.569443702697754,12.638888359069824,15930642.0
2019-10-18,12.96296215057373,13.061342239379883,12.436342239379883,12.592592239379883,19675806.0
2019-10-21,12.488425254821777,12.679397583007812,12.210647583007812,12.285879135131836,21563756.0
2019-10-22,12.413193702697754,12.592592239379883,12.222222328186035,12.471063613891602,20948486.0
2019-10-23,12.384259223937988,12.49421215057373,12.233796119689941,12.268518447875977,14679925.0
2019-10-24,12.291666030883789,12.378472328186035,12.0949068069458,12.164351463317871,14959596.0
2019-10-25,12.216435432434082,12.314813613891602,11.932869911193848,12.268518447875977,15160267.0
2019-10-28,12.314813613891602,12.575230598449707,12.106480598449707,12.488425254821777,32163708.0
2019-10-29,12.488425254821777,12.488425254821777,12.280092239379883,12.378472328186035,20287666.0
2019-10-30,12.123842239379883,12.65625,12.0949068069458,12.523147583007812,23695894.0
2019-10-31,12.581018447875977,12.8125,12.5,12.702546119689941,18639562.0
2019-11-01,12.835647583007812,13.020833015441895,12.714119911193848,12.96296215057373,19304566.0
2019-11-04,13.049768447875977,13.252313613891602,12.858796119689941,12.945601463317871,27158749.0
2019-11-05,12.991897583007812,13.246526718139648,12.951388359069824,12.991897583007812,21317167.0
2019-11-06,12.991897583007812,13.107638359069824,12.818286895751953,12.858796119689941,18794846.0
2019-11-07,12.916666030883789,13.177083015441895,12.870369911193848,13.05555534362793,14772829.0
2019-11-08,13.11921215057373,13.223379135131836,12.997685432434082,13.026619911193848,20723084.0
2019-11-11,13.009259223937988,13.28125,12.824073791503906,13.020833015441895,18861579.0
2019-11-12,13.090276718139648,13.327546119689941,13.0324068069458,13.321759223937988,22374828.0
2019-11-13,13.396989822387695,13.396989822387695,12.974536895751953,13.125,20043849.0
2019-11-14,13.21180534362793,13.871526718139648,13.11921215057373,13.640046119689941,43680764.0
2019-11-15,13.715276718139648,14.021989822387695,13.541666030883789,13.715276718139648,31823178.0
2019-11-18,13.697916030883789,14.091435432434082,13.45486068725586,13.99305534362793,27482813.0
2019-11-19,13.952546119689941,14.074073791503906,13.773147583007812,13.917823791503906,27146152.0
2019-11-20,14.027776718139648,14.027776718139648,13.732638359069824,13.859952926635742,21879054.0
2019-11-21,13.819443702697754,13.946759223937988,13.68055534362793,13.819443702697754,30525422.0
2019-11-22,13.894675254821777,13.935185432434082,13.460647583007812,13.59375,20381640.0
2019-11-25,13.582175254821777,13.877313613891602,13.506943702697754,13.616897583007812,25731416.0
2019-11-26,13.74421215057373,13.74421215057373,13.36805534362793,13.535879135131836,30699893.0
2019-11-27,13.645833015441895,13.651619911193848,13.310185432434082,13.425925254821777,19762641.0
2019-11-28,13.4375,13.640046119689941,13.310185432434082,13.425925254821777,11159640.0
2019-11-29,13.414351463317871,13.512730598449707,13.148147583007812,13.287036895751953,12823888.0
2019-12-02,13.29861068725586,13.831018447875977,13.258101463317871,13.310185432434082,27135423.0
2019-12-03,13.252313613891602,13.391202926635742,12.89930534362793,12.997685432434082,37627051.0
2019-12-04,13.038193702697754,13.049768447875977,11.851851463317871,12.0949068069458,85160954.0
2019-12-05,12.164351463317871,12.372685432434082,11.655092239379883,11.944443702697754,83023731.0
2019-12-06,11.944443702697754,12.054397583007812,11.834489822387695,11.979166030883789,38915467.0
2019-12-09,12.0949068069458,12.228009223937988,11.950230598449707,12.04861068725586,37984546.0
2019-12-10,12.037036895751953,12.037036895751953,11.80555534362793,11.921296119689941,21444713.0
2019-12-11,11.86921215057373,12.314813613891602,11.73611068725586,11.950230598449707,47899978.0
2019-12-12,11.967592239379883,11.967592239379883,11.660879135131836,11.71296215057373,35257617.0
2019-12-13,11.799768447875977,12.1875,11.71875,11.932869911193848,58860400.0
2019-12-16,12.008101463317871,12.228009223937988,11.956018447875977,12.18171215057373,35817704.0
2019-12-17,12.216435432434082,12.609952926635742,12.0949068069458,12.442129135131836,40259624.0
2019-12-18,12.51736068725586,12.528935432434082,12.27430534362793,12.384259223937988,38093692.0
2019-12-19,12.795138359069824,13.304397583007812,12.5636568069458,12.65625,62954831.0
2019-12-20,12.771989822387695,12.783563613891602,12.245369911193848,12.256943702697754,37613270.0
2019-12-23,12.170138359069824,12.355323791503906,12.135416030883789,12.262730598449707,17764076.0
2019-12-24,12.18171215057373,12.291666030883789,11.984952926635742,12.158563613891602,14571074.0
2019-12-25,12.152776718139648,12.615739822387695,12.123842239379883,12.546296119689941,21126624.0
2019-12-26,12.546296119689941,12.615739822387695,12.34375,12.5,14266590.0
2019-12-27,12.488425254821777,12.615739822387695,12.372685432434082,12.395833015441895,16253785.0
2019-12-30,12.355323791503906,12.453702926635742,12.210647583007812,12.349536895751953,21635992.0
2019-12-31,12.34375,12.436342239379883,12.106480598449707,12.256943702697754,26731264.0
2020-01-02,12.384259223937988,12.922452926635742,12.332175254821777,12.67361068725586,34534124.0
2020-01-03,12.67361068725586,12.847222328186035,12.615739822387695,12.714119911193848,18931643.0
2020-01-06,12.662036895751953,12.951388359069824,12.598379135131836,12.702546119689941,24876101.0
2020-01-07,12.702546119689941,12.841435432434082,12.662036895751953,12.80671215057373,15166192.0
2020-01-08,12.49421215057373,12.49421215057373,12.49421215057373,12.49421215057373,20128832.0
2020-01-09,12.615739822387695,12.731480598449707,12.51736068725586,12.627313613891602,17122947.0
2020-01-10,12.690972328186035,12.690972328186035,12.1875,12.36111068725586,39205164.0
2020-01-13,12.418980598449707,12.418980598449707,12.418980598449707,12.418980598449707,24527242.0
2020-01-14,12.34375,12.34375,12.34375,12.34375,23294924.0
2020-01-15,12.320601463317871,12.34375,12.077546119689941,12.152776718139648,25747248.0
2020-01-16,12.112268447875977,12.146989822387695,11.539351463317871,11.666666030883789,63844701.0
2020-01-17,11.608796119689941,11.608796119689941,10.497685432434082,10.648147583007812,195190411.0
2020-01-20,10.746526718139648,11.145833015441895,10.706018447875977,11.105323791503906,97747646.0
2020-01-21,11.105323791503906,11.18055534362793,10.86805534362793,10.885416030883789,48875673.0
2020-01-22,10.960647583007812,11.041666030883789,10.729166030883789,10.920138359069824,45005348.0
2020-01-23,10.839119911193848,10.983796119689941,10.422452926635742,10.515046119689941,43785881.0
2020-02-03,9.46180534362793,9.606480598449707,9.46180534362793,9.519675254821777,66370950.0
2020-02-04,9.508101463317871,10.01736068725586,9.508101463317871,9.982638359069824,47581677.0
2020-02-05,10.104166030883789,10.295138359069824,9.878472328186035,9.976851463317871,61625257.0
2020-02-06,10.034722328186035,10.202546119689941,9.901619911193848,10.115739822387695,43776312.0
2020-02-07,10.0636568069458,10.2199068069458,9.947916030883789,10.15625,32589559.0
2020-02-10,10.144675254821777,10.815972328186035,10.138888359069824,10.792823791503906,69241773.0
2020-02-11,10.850693702697754,10.856480598449707,10.682869911193848,10.787036895751953,37327523.0
2020-02-12,10.856480598449707,11.030092239379883,10.740739822387695,10.995369911193848,35418624.0
2020-02-13,11.0011568069458,11.09375,10.902776718139648,10.920138359069824,34017378.0
2020-02-14,10.95486068725586,11.359952926635742,10.95486068725586,11.134259223937988,40600042.0
2020-02-17,11.134259223937988,11.331018447875977,11.006943702697754,11.221063613891602,55044584.0
2020-02-18,11.11111068725586,11.232638359069824,10.9375,11.192129135131836,44760622.0
2020-02-19,11.232638359069824,11.342592239379883,11.140046119689941,11.192129135131836,39377638.0
2020-02-20,11.24421215057373,11.458333015441895,11.11111068725586,11.371526718139648,49312418.0
2020-02-21,11.354166030883789,11.915509223937988,11.342592239379883,11.689813613891602,61547247.0
2020-02-24,11.631943702697754,11.788193702697754,11.4699068069458,11.64930534362793,46893088.0
2020-02-25,11.440972328186035,11.440972328186035,10.833333015441895,11.174768447875977,60716271.0
2020-02-26,11.006943702697754,11.273147583007812,10.914351463317871,11.012730598449707,39559985.0
2020-02-27,11.134259223937988,11.921296119689941,11.035879135131836,11.73611068725586,88248973.0
2020-02-28,11.388888359069824,11.89236068725586,11.203702926635742,11.475693702697754,78831394.0
2020-03-02,11.585647583007812,12.488425254821777,11.585647583007812,12.309026718139648,71503083.0
2020-03-03,12.65625,12.760416030883789,11.96180534362793,12.141202926635742,62591519.0
2020-03-04,11.996526718139648,12.303239822387695,11.875,12.083333015441895,31439667.0
2020-03-05,12.702546119689941,12.934026718139648,12.401619911193848,12.5,78282274.0
2020-03-06,12.615739822387695,12.96296215057373,12.256943702697754,12.349536895751953,77449277.0
2020-03-09,12.355323791503906,12.8761568069458,12.065972328186035,12.488425254821777,80448278.0
2020-03-10,12.158563613891602,12.731480598449707,11.915509223937988,12.662036895751953,66116946.0
2020-03-11,12.841435432434082,12.922452926635742,12.326388359069824,12.378472328186035,54639192.0
2020-03-12,12.390046119689941,13.05555534362793,12.384259223937988,12.51736068725586,84535947.0
2020-03-13,11.89236068725586,13.136573791503906,11.765046119689941,12.922452926635742,129401993.0
2020-03-16,13.113425254821777,13.113425254821777,11.921296119689941,12.0949068069458,96107079.0
2020-03-17,12.233796119689941,12.436342239379883,11.49305534362793,12.326388359069824,78723121.0
2020-03-18,12.447916030883789,12.67361068725586,11.863425254821777,11.909722328186035,74154116.0
2020-03-19,11.643518447875977,12.002313613891602,11.099536895751953,11.57986068725586,89183673.0
2020-03-20,11.707175254821777,11.851851463317871,11.331018447875977,11.49305534362793,46769849.0
2020-03-23,11.18055534362793,11.86921215057373,11.11111068725586,11.574073791503906,52330710.0
2020-03-24,11.811342239379883,12.0949068069458,11.689813613891602,12.04861068725586,50376396.0
2020-03-25,12.390046119689941,12.604166030883789,11.793980598449707,11.984952926635742,65639446.0
2020-03-26,11.840276718139648,11.840276718139648,11.521989822387695,11.574073791503906,46065989.0
2020-03-27,11.73611068725586,11.747685432434082,11.504629135131836,11.574073791503906,33008675.0
2020-03-30,11.284722328186035,11.770833015441895,11.255786895751953,11.603009223937988,31671013.0
2020-03-31,11.741897583007812,11.747685432434082,11.40625,11.429397583007812,22522294.0
2020-04-01,11.545138359069824,11.730323791503906,11.053239822387695,11.168980598449707,36908619.0
2020-04-02,11.11111068725586,11.319443702697754,11.053239822387695,11.290509223937988,30642812.0
2020-04-03,11.278935432434082,11.365739822387695,11.08796215057373,11.174768447875977,22291651.0
2020-04-07,11.40625,11.689813613891602,11.388888359069824,11.597222328186035,32102319.0
2020-04-08,11.516202926635742,11.71875,11.464119911193848,11.608796119689941,17027129.0
2020-04-09,11.64930534362793,12.083333015441895,11.64930534362793,11.875,33871457.0
2020-04-10,11.89236068725586,12.008101463317871,11.707175254821777,11.811342239379883,20783272.0
2020-04-13,11.71875,11.973379135131836,11.603009223937988,11.655092239379883,18696178.0
2020-04-14,11.753472328186035,12.141202926635742,11.6261568069458,12.02546215057373,41689556.0
2020-04-15,12.083333015441895,12.233796119689941,11.909722328186035,11.967592239379883,39278692.0
2020-04-16,11.863425254821777,12.540509223937988,11.811342239379883,12.366897583007812,56832779.0
2020-04-17,12.355323791503906,12.476851463317871,12.083333015441895,12.1875,43508878.0
2020-04-20,12.239583015441895,12.546296119689941,12.239583015441895,12.488425254821777,41473893.0
2020-04-21,12.43055534362793,12.447916030883789,12.02546215057373,12.158563613891602,37551558.0
2020-04-22,12.02546215057373,12.476851463317871,11.932869911193848,12.285879135131836,36364958.0
2020-04-23,12.314813613891602,12.36111068725586,11.863425254821777,11.932869911193848,46345881.0
2020-04-24,11.857638359069824,11.915509223937988,11.417823791503906,11.435185432434082,50568252.0
2020-04-27,11.435185432434082,11.672452926635742,11.273147583007812,11.3136568069458,33015454.0
2020-04-28,11.319443702697754,11.446759223937988,10.885416030883789,11.325230598449707,41576170.0
2020-04-29,11.3136568069458,11.42361068725586,11.168980598449707,11.302083015441895,18535065.0
2020-04-30,11.504629135131836,11.741897583007812,11.504629135131836,11.631943702697754,35758513.0
2020-05-06,11.504629135131836,11.64930534362793,11.359952926635742,11.585647583007812,64020803.0
2020-05-07,11.591435432434082,11.776619911193848,11.510416030883789,11.57986068725586,44010354.0
2020-05-08,11.631943702697754,11.689813613891602,11.533563613891602,11.574073791503906,44406071.0
2020-05-11,11.631943702697754,11.660879135131836,11.388888359069824,11.42361068725586,47121422.0
2020-05-12,11.412036895751953,11.49305534362793,11.325230598449707,11.435185432434082,37275346.0
2020-05-13,11.40046215057373,11.643518447875977,11.331018447875977,11.603009223937988,48771548.0
2020-05-14,11.574073791503906,11.73611068725586,11.42361068725586,11.568286895751953,41475302.0
2020-05-15,11.620369911193848,11.71875,11.4699068069458,11.49305534362793,27484028.0
2020-05-18,11.516202926635742,11.527776718139648,11.238425254821777,11.25,42805129.0
2020-05-19,11.319443702697754,11.377313613891602,11.168980598449707,11.3136568069458,31248417.0
2020-05-20,11.331018447875977,11.371526718139648,11.145833015441895,11.209489822387695,25946046.0
2020-05-21,11.25,11.25,10.995369911193848,11.035879135131836,29800688.0
2020-05-22,11.09375,11.09375,10.740739822387695,10.8449068069458,24404632.0
2020-05-25,10.8449068069458,10.8449068069458,10.64236068725586,10.746526718139648,22474594.0
2020-05-26,10.77546215057373,10.9375,10.734952926635742,10.850693702697754,19161104.0
2020-05-27,10.839119911193848,10.920138359069824,10.734952926635742,10.792823791503906,16421097.0
2020-05-28,10.79861068725586,10.972222328186035,10.694443702697754,10.821759223937988,24963413.0
2020-05-29,10.804397583007812,10.862268447875977,10.694443702697754,10.71180534362793,21414805.0
2020-06-01,10.763888359069824,11.163193702697754,10.763888359069824,11.134259223937988,37088229.0
2020-06-02,11.174768447875977,11.24421215057373,11.11111068725586,11.215276718139648,21041570.0
2020-06-03,11.226851463317871,11.261573791503906,11.145833015441895,11.203702926635742,22598980.0
2020-06-04,11.215276718139648,11.25,10.995369911193848,11.064813613891602,17404609.0
2020-06-05,11.186342239379883,11.186342239379883,10.943286895751953,10.995369911193848,22846276.0
2020-06-08,11.041666030883789,11.151619911193848,10.908563613891602,11.11111068725586,31945591.0
2020-06-09,11.11111068725586,11.116897583007812,10.972222328186035,10.983796119689941,21353478.0
2020-06-10,10.983796119689941,11.053239822387695,10.815972328186035,11.035879135131836,30565216.0
2020-06-11,10.995369911193848,11.186342239379883,10.920138359069824,11.082175254821777,37613477.0
2020-06-12,10.93171215057373,11.643518447875977,10.862268447875977,11.631943702697754,66324503.0
2020-06-15,11.574073791503906,11.724536895751953,11.49305534362793,11.545138359069824,31740031.0
2020-06-16,11.851851463317871,12.065972328186035,11.574073791503906,11.585647583007812,53077158.0
2020-06-17,11.707175254821777,11.759259223937988,11.527776718139648,11.574073791503906,34233755.0
2020-06-18,11.643518447875977,11.840276718139648,11.539351463317871,11.759259223937988,28248606.0
2020-06-19,11.799768447875977,11.857638359069824,11.672452926635742,11.701388359069824,30014881.0
2020-06-22,11.747685432434082,11.921296119689941,11.504629135131836,11.707175254821777,48811047.0
2020-06-23,11.828702926635742,12.112268447875977,11.753472328186035,11.996526718139648,62037360.0
2020-06-24,12.03125,12.135416030883789,11.886573791503906,11.996526718139648,27661827.0
2020-06-29,11.990739822387695,11.990739822387695,11.568286895751953,11.753472328186035,36722977.0
2020-06-30,11.857638359069824,11.921296119689941,11.660879135131836,11.71875,27640668.0
2020-07-01,11.753472328186035,11.80555534362793,11.568286895751953,11.724536895751953,28458710.0
2020-07-02,11.73611068725586,12.071759223937988,11.701388359069824,11.886573791503906,51239542.0
2020-07-03,11.9386568069458,12.18171215057373,11.886573791503906,12.123842239379883,52842884.0
2020-07-06,12.378472328186035,12.575230598449707,12.1875,12.447916030883789,59136613.0
2020-07-07,12.615739822387695,12.777776718139648,12.465276718139648,12.540509223937988,81306941.0
2020-07-08,12.615739822387695,12.858796119689941,12.49421215057373,12.858796119689941,67456817.0
2020-07-09,12.731480598449707,12.853009223937988,12.569443702697754,12.841435432434082,65979161.0
2020-07-10,12.847222328186035,12.847222328186035,12.488425254821777,12.731480598449707,60393377.0
2020-07-13,12.662036895751953,12.8125,12.557869911193848,12.74305534362793,64133071.0
2020-07-14,12.74305534362793,13.067129135131836,12.609952926635742,12.96296215057373,71687764.0
2020-07-15,13.078702926635742,13.148147583007812,12.546296119689941,12.731480598449707,56550609.0
2020-07-16,12.754629135131836,12.951388359069824,12.222222328186035,12.285879135131836,48721533.0
2020-07-17,12.262730598449707,12.372685432434082,11.886573791503906,12.152776718139648,43013249.0
2020-07-20,12.314813613891602,13.350693702697754,12.239583015441895,13.28125,103882608.0
2020-07-21,13.425925254821777,13.530092239379883,13.153935432434082,13.304397583007812,55134395.0
2020-07-22,13.310185432434082,13.396989822387695,13.009259223937988,13.107638359069824,50537513.0
2020-07-23,12.96296215057373,13.107638359069824,12.685185432434082,12.870369911193848,39090361.0
2020-07-24,12.870369911193848,13.101851463317871,11.979166030883789,12.100693702697754,58089394.0
2020-07-27,12.216435432434082,12.33796215057373,11.898147583007812,12.02546215057373,37893469.0
2020-07-28,12.100693702697754,12.193286895751953,11.9386568069458,12.037036895751953,34772065.0
2020-07-29,11.973379135131836,12.239583015441895,11.863425254821777,12.233796119689941,37705582.0
2020-07-30,12.152776718139648,12.303239822387695,12.077546119689941,12.233796119689941,29978963.0
2020-07-31,12.233796119689941,12.528935432434082,12.146989822387695,12.297452926635742,37355017.0
2020-08-03,12.314813613891602,12.592592239379883,12.303239822387695,12.5636568069458,42409611.0
2020-08-04,12.546296119689941,12.7199068069458,12.436342239379883,12.604166030883789,36371498.0
2020-08-05,12.604166030883789,12.847222328186035,12.49421215057373,12.766202926635742,37586693.0
2020-08-06,12.748842239379883,12.8761568069458,12.471063613891602,12.505786895751953,43084199.0
2020-08-07,12.557869911193848,12.7199068069458,12.372685432434082,12.65625,34923413.0
2020-08-10,12.581018447875977,12.702546119689941,12.424768447875977,12.5636568069458,26423114.0
2020-08-11,12.528935432434082,12.638888359069824,12.042823791503906,12.089119911193848,36624083.0
2020-08-12,12.100693702697754,12.210647583007812,11.828702926635742,12.199073791503906,28627827.0
2020-08-13,12.146989822387695,12.384259223937988,12.100693702697754,12.100693702697754,19887863.0
2020-08-14,12.106480598449707,12.297452926635742,12.008101463317871,12.256943702697754,19025530.0
2020-08-17,12.297452926635742,12.82986068725586,12.297452926635742,12.748842239379883,36035601.0
2020-08-18,12.783563613891602,13.107638359069824,12.725693702697754,12.974536895751953,35907587.0
2020-08-19,12.96296215057373,13.408563613891602,12.847222328186035,13.107638359069824,53049893.0
2020-08-20,13.078702926635742,13.246526718139648,12.893518447875977,12.98611068725586,28374014.0
2020-08-21,13.177083015441895,13.194443702697754,12.795138359069824,12.957175254821777,24494707.0
2020-08-24,13.038193702697754,13.379629135131836,12.980323791503906,13.194443702697754,33985225.0
2020-08-25,13.252313613891602,13.634259223937988,13.206018447875977,13.339119911193848,43745061.0
2020-08-26,13.3449068069458,13.478009223937988,12.939813613891602,13.217592239379883,31743166.0
2020-08-27,13.171296119689941,13.171296119689941,12.893518447875977,13.026619911193848,18287797.0
2020-08-28,12.945601463317871,13.425925254821777,12.945601463317871,13.391202926635742,25193329.0
2020-08-31,13.36805534362793,13.674768447875977,12.905092239379883,12.96296215057373,36481999.0
2020-09-01,12.951388359069824,13.229166030883789,12.951388359069824,13.136573791503906,24933692.0
2020-09-02,13.223379135131836,13.5011568069458,13.009259223937988,13.327546119689941,35842010.0
2020-09-03,13.333333015441895,13.449073791503906,12.910879135131836,12.980323791503906,36582924.0
2020-09-04,12.731480598449707,12.783563613891602,12.384259223937988,12.465276718139648,42140749.0
2020-09-07,12.424768447875977,12.5,12.054397583007812,12.065972328186035,39498921.0
2020-09-08,12.11805534362793,12.245369911193848,11.979166030883789,12.11805534362793,29687152.0
2020-09-09,11.984952926635742,12.089119911193848,11.689813613891602,11.707175254821777,45819214.0
2020-09-10,11.799768447875977,11.846063613891602,11.574073791503906,11.689813613891602,32403908.0
2020-09-11,11.643518447875977,11.655092239379883,11.377313613891602,11.516202926635742,32117102.0
2020-09-14,11.631943702697754,11.71875,11.458333015441895,11.672452926635742,29512743.0
2020-09-15,11.672452926635742,11.86921215057373,11.574073791503906,11.71296215057373,33103563.0
2020-09-16,11.660879135131836,11.828702926635742,11.608796119689941,11.799768447875977,21486921.0
2020-09-17,11.730323791503906,11.822916030883789,11.620369911193848,11.707175254821777,20585448.0
2020-09-18,11.73611068725586,11.834489822387695,11.591435432434082,11.822916030883789,25501963.0
2020-09-21,11.898147583007812,11.932869911193848,11.655092239379883,11.678239822387695,22515997.0
2020-09-22,11.678239822387695,11.71296215057373,11.429397583007812,11.4699068069458,26888758.0
2020-09-23,11.527776718139648,11.545138359069824,11.388888359069824,11.464119911193848,16115191.0
2020-09-24,11.429397583007812,11.608796119689941,11.168980598449707,11.186342239379883,28617916.0
2020-09-25,11.238425254821777,11.417823791503906,11.197916030883789,11.383101463317871,18806207.0
2020-09-28,11.475693702697754,11.5625,11.42361068725586,11.4699068069458,14360421.0
2020-09-29,11.446759223937988,11.545138359069824,11.284722328186035,11.354166030883789,21702641.0
2020-09-30,11.371526718139648,11.487268447875977,11.307869911193848,11.412036895751953,25091434.0
2020-10-09,11.516202926635742,11.678239822387695,11.498842239379883,11.631943702697754,34127635.0
2020-10-12,11.724536895751953,12.0949068069458,11.689813613891602,12.0949068069458,47401592.0
2020-10-13,12.060185432434082,12.060185432434082,11.898147583007812,12.060185432434082,20124415.0
2020-10-14,12.152776718139648,12.228009223937988,12.042823791503906,12.210647583007812,32061692.0
2020-10-15,12.1875,12.20486068725586,12.04861068725586,12.123842239379883,14497887.0
2020-10-16,12.146989822387695,12.233796119689941,11.89236068725586,11.921296119689941,20934307.0
2020-10-19,12.083333015441895,12.0949068069458,11.834489822387695,11.950230598449707,14127473.0
2020-10-20,11.89236068725586,12.008101463317871,11.817129135131836,11.944443702697754,18584368.0
2020-10-21,11.921296119689941,11.967592239379883,11.504629135131836,11.5625,25687851.0
2020-10-22,11.603009223937988,11.944443702697754,11.458333015441895,11.915509223937988,26404524.0
2020-10-23,11.967592239379883,12.013888359069824,11.689813613891602,11.741897583007812,16653558.0
2020-10-26,11.822916030883789,11.944443702697754,11.655092239379883,11.875,13377282.0
2020-10-27,11.840276718139648,11.880786895751953,11.689813613891602,11.863425254821777,12853498.0
2020-10-28,11.898147583007812,12.447916030883789,11.834489822387695,12.34375,49065943.0
2020-10-29,12.239583015441895,12.5,12.239583015441895,12.280092239379883,25324430.0
2020-10-30,12.280092239379883,12.355323791503906,11.863425254821777,12.013888359069824,29688465.0
2020-11-02,12.210647583007812,12.82986068725586,12.1875,12.731480598449707,53720183.0
2020-11-03,12.8761568069458,12.89930534362793,12.621526718139648,12.748842239379883,32886190.0
2020-11-04,12.789351463317871,12.905092239379883,12.540509223937988,12.627313613891602,33707147.0
2020-11-05,12.789351463317871,12.98611068725586,12.67361068725586,12.800925254821777,46381503.0
2020-11-06,12.835647583007812,13.206018447875977,12.731480598449707,12.934026718139648,48515018.0
2020-11-09,13.136573791503906,13.408563613891602,12.991897583007812,13.396989822387695,64125426.0
2020-11-10,13.339119911193848,13.45486068725586,13.11921215057373,13.171296119689941,41359707.0
2020-11-11,13.217592239379883,13.391202926635742,13.171296119689941,13.240739822387695,33856137.0
2020-11-12,13.304397583007812,13.645833015441895,13.0324068069458,13.518518447875977,40566191.0
2020-11-13,13.478009223937988,13.692129135131836,13.350693702697754,13.6574068069458,38521942.0
2020-11-16,13.773147583007812,13.825230598449707,13.535879135131836,13.807869911193848,41666529.0
2020-11-17,13.773147583007812,14.016202926635742,13.634259223937988,13.854166030883789,46538383.0
2020-11-18,13.831018447875977,13.865739822387695,13.420138359069824,13.622685432434082,48514674.0
2020-11-19,13.58796215057373,13.692129135131836,13.43171215057373,13.599536895751953,26016596.0
2020-11-20,13.640046119689941,13.946759223937988,13.553239822387695,13.859952926635742,34878007.0
2020-11-23,13.883101463317871,14.160879135131836,13.75,13.998842239379883,40913062.0
2020-11-24,13.998842239379883,15.081018447875977,13.998842239379883,14.872685432434082,96246209.0
2020-11-25,14.866897583007812,14.866897583007812,14.351851463317871,14.36921215057373,57596187.0
2020-11-26,14.346063613891602,14.346063613891602,13.27546215057373,13.385416030883789,71865582.0
2020-11-27,13.483796119689941,14.010416030883789,13.425925254821777,13.888888359069824,65062204.0
2020-11-30,13.894675254821777,13.894675254821777,13.506943702697754,13.651619911193848,32635258.0
2020-12-01,13.616897583007812,13.686342239379883,13.333333015441895,13.564813613891602,37616609.0
2020-12-02,13.518518447875977,13.559026718139648,13.159722328186035,13.21180534362793,40271097.0
2020-12-03,13.21180534362793,13.27546215057373,12.957175254821777,13.05555534362793,35965696.0
2020-12-04,13.026619911193848,13.125,12.893518447875977,13.043980598449707,25580916.0
2020-12-07,12.96875,13.206018447875977,12.916666030883789,13.020833015441895,23718662.0
2020-12-08,12.980323791503906,13.165509223937988,12.980323791503906,13.090276718139648,19701622.0
2020-12-09,13.223379135131836,13.362268447875977,12.89930534362793,12.934026718139648,27988606.0
2020-12-10,12.98611068725586,13.061342239379883,12.80671215057373,12.98611068725586,18414423.0
2020-12-11,12.980323791503906,13.020833015441895,12.725693702697754,12.916666030883789,27623294.0
2020-12-14,12.818286895751953,12.916666030883789,12.65046215057373,12.783563613891602,17472953.0
2020-12-15,12.8125,13.1886568069458,12.766202926635742,13.177083015441895,26316327.0
2020-12-16,13.240739822387695,13.90046215057373,13.136573791503906,13.443286895751953,46525238.0
2020-12-17,13.506943702697754,13.692129135131836,13.373842239379883,13.58796215057373,29816159.0
2020-12-18,13.802083015441895,14.004629135131836,13.645833015441895,13.975693702697754,41522889.0
2020-12-21,13.975693702697754,14.583333015441895,13.90046215057373,14.571759223937988,52266506.0
2020-12-22,14.583333015441895,14.855323791503906,14.166666030883789,14.259259223937988,56464340.0
2020-12-23,14.450230598449707,15.104166030883789,14.351851463317871,14.988425254821777,60233167.0
2020-12-24,15.115739822387695,15.2199068069458,14.756943702697754,14.965276718139648,24035997.0
2020-12-25,14.959489822387695,15.335647583007812,14.768518447875977,14.936342239379883,28912372.0
2020-12-28,15.081018447875977,15.671296119689941,15.0636568069458,15.497685432434082,50560649.0
2020-12-29,15.39930534362793,15.497685432434082,15.040509223937988,15.24305534362793,29772031.0
2020-12-30,15.2199068069458,15.509259223937988,15.01736068725586,15.167823791503906,28533997.0
2020-12-31,15.109952926635742,15.387730598449707,14.959489822387695,15.3761568069458,27506309.0
2021-01-04,15.520833015441895,16.018518447875977,15.428239822387695,15.445601463317871,43405727.0
2021-01-05,15.393518447875977,15.700230598449707,15.104166030883789,15.694443702697754,45104323.0
2021-01-06,15.625,15.694443702697754,14.976851463317871,15.214119911193848,50067042.0
2021-01-07,15.127313613891602,15.740739822387695,15.092592239379883,15.740739822387695,45340079.0
2021-01-08,15.914351463317871,16.481481552124023,15.78125,16.099536895751953,58307649.0
2021-01-11,16.203702926635742,16.464120864868164,15.405092239379883,15.497685432434082,69360217.0
2021-01-12,15.567129135131836,15.920138359069824,15.364583015441895,15.86805534362793,38799247.0
2021-01-13,15.960647583007812,16.232637405395508,15.526619911193848,15.914351463317871,43556367.0
2021-01-14,15.914351463317871,16.331018447875977,15.64236068725586,15.920138359069824,52435418.0
2021-01-15,15.827546119689941,16.116897583007812,15.393518447875977,15.567129135131836,32086321.0
2021-01-18,15.480323791503906,17.123842239379883,15.358796119689941,16.71875,96564403.0
2021-01-19,16.834489822387695,17.013887405395508,16.585647583007812,16.96180534362793,69095251.0
2021-01-20,16.793981552124023,17.43055534362793,16.712961196899414,17.03125,40771740.0
2021-01-21,17.245370864868164,17.581018447875977,16.89236068725586,17.245370864868164,42185909.0
2021-01-22,17.505786895751953,18.414350509643555,17.193286895751953,17.997684478759766,63449998.0
2021-01-25,17.82986068725586,18.512731552124023,17.638887405395508,18.4375,60214987.0
2021-01-26,18.466434478759766,18.501157760620117,17.581018447875977,17.864582061767578,49363283.0
2021-01-27,17.731481552124023,18.22916603088379,17.476850509643555,18.177082061767578,35493667.0
2021-01-28,17.748842239379883,17.853008270263672,16.89236068725586,17.025461196899414,49716818.0
2021-01-29,17.245370864868164,17.41319465637207,16.724536895751953,17.025461196899414,30419877.0
2021-02-01,17.216434478759766,17.453702926635742,16.811342239379883,17.1875,31915786.0
2021-02-02,17.1875,17.748842239379883,17.013887405395508,17.60416603088379,33888101.0
2021-02-03,17.60416603088379,17.818286895751953,17.395832061767578,17.51736068725586,31950426.0
2021-02-04,17.53472137451172,17.64467430114746,16.724536895751953,17.106481552124023,44075484.0
2021-02-05,17.193286895751953,17.390045166015625,16.75347137451172,16.921295166015625,47324924.0
2021-02-08,16.956018447875977,17.93402671813965,16.724536895751953,17.928239822387695,42439032.0
2021-02-09,18.026620864868164,19.32291603088379,18.00347137451172,19.317129135131836,62314441.0
2021-02-10,19.259258270263672,19.63541603088379,18.929397583007812,19.54861068725586,35662785.0
2021-02-18,19.872684478759766,20.115739822387695,18.825231552124023,19.02777671813965,46197628.0
2021-02-19,19.155092239379883,19.16666603088379,18.58217430114746,18.807870864868164,40399955.0
2021-02-22,18.744211196899414,18.83680534362793,17.858795166015625,17.893518447875977,40275259.0
2021-02-23,17.835647583007812,18.026620864868164,17.25694465637207,17.320600509643555,42665033.0
2021-02-24,17.442129135131836,17.442129135131836,16.388887405395508,16.660879135131836,39966746.0
2021-02-25,16.851850509643555,16.94444465637207,16.31944465637207,16.33680534362793,36119252.0
2021-02-26,16.157407760620117,16.6898136138916,15.966435432434082,16.429397583007812,45915092.0
2021-03-01,16.655092239379883,17.3148136138916,16.63194465637207,16.950231552124023,46825903.0
2021-03-02,17.476850509643555,18.645832061767578,17.476850509643555,18.26967430114746,99259031.0
2021-03-03,17.9398136138916,17.9398136138916,17.03125,17.216434478759766,79435491.0
2021-03-04,16.84027671813965,17.025461196899414,16.203702926635742,16.458332061767578,39493424.0
2021-03-05,16.290508270263672,17.0023136138916,16.261573791503906,16.68402671813965,30506673.0
2021-03-08,16.75347137451172,16.8460636138916,15.428239822387695,15.480323791503906,53827746.0
2021-03-09,15.480323791503906,16.145832061767578,15.046296119689941,15.416666030883789,49169963.0
2021-03-10,15.914351463317871,16.047452926635742,15.457175254821777,15.509259223937988,25737113.0
2021-03-11,15.590276718139648,15.827546119689941,15.451388359069824,15.804397583007812,22321199.0
2021-03-12,15.804397583007812,16.608795166015625,15.677083015441895,16.568286895751953,46202681.0
2021-03-15,16.325231552124023,16.782407760620117,16.209489822387695,16.55092430114746,35036632.0
2021-03-16,16.660879135131836,17.592592239379883,16.660879135131836,17.303239822387695,54594418.0
2021-03-17,17.129629135131836,17.731481552124023,16.880786895751953,17.696758270263672,37898222.0
2021-03-18,17.581018447875977,17.835647583007812,17.355323791503906,17.702545166015625,28645536.0
2021-03-19,17.36111068725586,17.56944465637207,16.898147583007812,17.01967430114746,30241168.0
2021-03-22,17.262731552124023,18.489582061767578,17.233795166015625,18.35069465637207,44517620.0
2021-03-23,18.431711196899414,18.692129135131836,18.130786895751953,18.518518447875977,32492826.0
2021-03-24,18.177082061767578,18.489582061767578,17.696758270263672,17.82986068725586,31598131.0
2021-03-25,17.650461196899414,18.391202926635742,17.494211196899414,17.997684478759766,22105217.0
2021-03-26,17.997684478759766,18.634258270263672,17.945600509643555,18.292823791503906,25160573.0
2021-03-29,18.460647583007812,19.137731552124023,18.460647583007812,18.813657760620117,26300956.0
2021-03-30,18.547452926635742,18.773147583007812,18.14236068725586,18.217592239379883,33706388.0
2021-03-31,18.31597137451172,18.31597137451172,17.62152671813965,18.020832061767578,27775870.0
2021-04-01,17.9398136138916,18.778934478759766,17.870370864868164,18.38541603088379,19773009.0
2021-04-02,18.431711196899414,18.692129135131836,18.15972137451172,18.24652671813965,14300271.0
2021-04-06,18.223379135131836,18.489582061767578,17.853008270263672,18.391202926635742,14192544.0
2021-04-07,18.344907760620117,18.356481552124023,17.89930534362793,18.22916603088379,19974473.0
2021-04-08,18.05555534362793,18.576387405395508,17.922452926635742,18.40277671813965,16273521.0
2021-04-09,18.518518447875977,19.137731552124023,18.333332061767578,18.4085636138916,25960046.0
2021-04-12,18.686342239379883,18.773147583007812,17.633100509643555,17.69097137451172,40625561.0
2021-04-13,17.476850509643555,17.754629135131836,17.1585636138916,17.62152671813965,23731621.0
2021-04-14,17.436342239379883,18.11342430114746,17.233795166015625,17.951387405395508,21446360.0
2021-04-15,17.870370864868164,17.870370864868164,17.303239822387695,17.754629135131836,22436256.0
2021-04-16,17.731481552124023,17.84722137451172,17.228008270263672,17.476850509643555,26863094.0
2021-04-19,17.65625,18.119211196899414,17.30902671813965,18.05555534362793,21803741.0
2021-04-20,18.05555534362793,18.518518447875977,17.945600509643555,18.40277671813965,16204408.0
2021-04-21,18.310184478759766,18.634258270263672,18.125,18.4085636138916,20772828.0
2021-04-22,18.501157760620117,18.570600509643555,18.03819465637207,18.22916603088379,13930349.0
2021-04-23,18.136573791503906,19.427082061767578,18.00347137451172,18.97569465637207,40584846.0
2021-04-26,18.987268447875977,19.16666603088379,18.344907760620117,18.478008270263672,28762482.0
2021-04-27,18.38541603088379,18.460647583007812,17.708332061767578,17.870370864868164,29823192.0
2021-04-28,17.962961196899414,18.674768447875977,17.870370864868164,18.622684478759766,27889109.0
2021-04-29,18.52430534362793,18.81944465637207,18.344907760620117,18.553239822387695,23068815.0
2021-04-30,18.802082061767578,18.802082061767578,18.22916603088379,18.50694465637207,22260108.0
2021-05-06,18.22916603088379,18.489582061767578,17.714120864868164,17.864582061767578,30780476.0
2021-05-07,17.887731552124023,18.200231552124023,17.1875,17.245370864868164,27953297.0
2021-05-10,17.30902671813965,17.58680534362793,16.834489822387695,17.141202926635742,26095481.0
2021-05-11,17.06597137451172,17.06597137451172,16.52777671813965,17.042823791503906,22462826.0
2021-05-12,16.915508270263672,17.083332061767578,16.73611068725586,17.013887405395508,17003433.0
2021-05-13,16.811342239379883,16.973379135131836,16.498842239379883,16.637731552124023,19096297.0
2021-05-14,16.637731552124023,17.22222137451172,16.608795166015625,17.129629135131836,28794845.0
2021-05-17,17.1875,17.424768447875977,16.875,17.042823791503906,22682852.0
2021-05-18,17.04861068725586,17.262731552124023,16.782407760620117,16.956018447875977,12525649.0
2021-05-19,16.78819465637207,17.042823791503906,16.68402671813965,16.950231552124023,13167838.0
2021-05-20,17.390045166015625,17.563657760620117,17.164350509643555,17.401620864868164,28406583.0
2021-05-21,17.401620864868164,17.453702926635742,16.80555534362793,16.80555534362793,24597063.0
2021-05-24,16.637731552124023,16.782407760620117,15.914351463317871,16.105323791503906,55867280.0
2021-05-25,16.076387405395508,16.66666603088379,15.902776718139648,16.66666603088379,36921384.0
2021-05-26,16.660879135131836,17.41319465637207,16.608795166015625,17.170137405395508,30719005.0
2021-05-27,17.280092239379883,17.679397583007812,16.967592239379883,17.65625,28326856.0
2021-05-28,17.67361068725586,17.771989822387695,17.320600509643555,17.51736068725586,18424141.0
2021-05-31,17.714120864868164,18.00347137451172,17.476850509643555,18.00347137451172,22302340.0
2021-06-01,18.026620864868164,18.043981552124023,17.3148136138916,17.53472137451172,22193483.0
2021-06-02,17.505786895751953,17.754629135131836,17.36111068725586,17.523147583007812,15335137.0
2021-06-03,17.366897583007812,17.598379135131836,17.077545166015625,17.083332061767578,15849069.0
2021-06-04,17.083332061767578,18.107637405395508,16.96180534362793,17.9398136138916,31099484.0
2021-06-07,17.9398136138916,17.9398136138916,17.245370864868164,17.320600509643555,21436743.0
2021-06-08,17.285879135131836,18.263887405395508,17.285879135131836,18.0960636138916,39644553.0
2021-06-09,17.9398136138916,18.188657760620117,17.662036895751953,17.893518447875977,19766220.0
2021-06-10,17.922452926635742,17.93402671813965,17.476850509643555,17.609952926635742,27860595.0
2021-06-11,17.563657760620117,17.598379135131836,16.695600509643555,16.94444465637207,50892169.0
2021-06-15,16.938657760620117,16.938657760620117,16.40625,16.655092239379883,27710643.0
2021-06-16,16.59722137451172,16.66666603088379,16.28472137451172,16.388887405395508,19271983.0
2021-06-17,16.498842239379883,16.603008270263672,16.04166603088379,16.134258270263672,27620706.0
2021-06-18,16.186342239379883,16.776620864868164,16.145832061767578,16.585647583007812,24489998.0
2021-06-21,16.504629135131836,16.51041603088379,16.099536895751953,16.40625,26063517.0
2021-06-22,16.464120864868164,16.47569465637207,16.186342239379883,16.26736068725586,18756899.0
2021-06-23,16.11111068725586,16.576387405395508,16.10416603088379,16.23611068725586,20058406.0
2021-06-24,16.18055534362793,16.59027671813965,15.75,16.458332061767578,29082250.0
2021-06-25,16.47916603088379,16.74305534362793,16.3125,16.56944465637207,21899743.0
2021-06-28,16.583332061767578,16.80555534362793,16.22222137451172,16.35416603088379,23126152.0
2021-06-29,16.44444465637207,16.47222137451172,16.04166603088379,16.22916603088379,20838358.0
2021-06-30,16.138887405395508,16.19444465637207,15.916666030883789,16.138887405395508,18641534.0
2021-07-01,16.263887405395508,16.66666603088379,16.16666603088379,16.208332061767578,24574651.0
2021-07-02,16.35416603088379,16.55555534362793,16.11111068725586,16.458332061767578,34604317.0
2021-07-05,16.41666603088379,16.770832061767578,16.29861068725586,16.763887405395508,25486584.0
2021-07-06,16.763887405395508,16.763887405395508,16.41666603088379,16.5625,17358736.0
2021-07-07,16.55555534362793,17.388887405395508,16.458332061767578,17.270832061767578,37697734.0
2021-07-08,17.29166603088379,17.65277671813965,17.13194465637207,17.36805534362793,27161532.0
2021-07-09,17.43055534362793,17.63194465637207,17.201387405395508,17.56944465637207,25676464.0
2021-07-12,17.638887405395508,18.333332061767578,17.36111068725586,18.125,34460683.0
2021-07-13,18.36805534362793,18.48611068725586,17.9375,18.270832061767578,25025368.0
2021-07-14,18.270832061767578,18.451387405395508,17.91666603088379,18.25694465637207,22287623.0
2021-07-15,18.22916603088379,18.73611068725586,18.09027671813965,18.52777671813965,20418037.0
2021-07-16,18.47222137451172,18.576387405395508,17.9375,17.98611068725586,24036791.0
2021-07-19,18.00694465637207,18.513887405395508,17.81944465637207,18.020832061767578,19671629.0
2021-07-20,17.888887405395508,18.333332061767578,17.71527671813965,18.22222137451172,18017769.0
2021-07-21,18.30555534362793,18.85416603088379,18.02777671813965,18.71527671813965,27823504.0
2021-07-22,18.75,18.888887405395508,18.11111068725586,18.333332061767578,27213209.0
2021-07-23,18.29861068725586,19.44444465637207,18.201387405395508,19.09722137451172,40828281.0
2021-07-26,19.11111068725586,21.00694465637207,19.11111068725586,20.701387405395508,87565312.0
2021-07-27,20.67361068725586,20.68055534362793,19.458332061767578,19.59722137451172,61555720.0
2021-07-28,18.94444465637207,19.96527671813965,18.90972137451172,19.1875,50721360.0
2021-07-29,19.61805534362793,20.55555534362793,19.44444465637207,20.0,50333175.0
2021-07-30,20.13194465637207,22.0,20.09722137451172,21.77777671813965,82561106.0
2021-08-02,22.56944465637207,22.84722137451172,20.75,22.25694465637207,78836296.0
2021-08-03,22.03472137451172,23.020832061767578,21.54861068725586,21.80555534362793,46249466.0
2021-08-04,21.80555534362793,22.326387405395508,21.22222137451172,22.24305534362793,43133973.0
2021-08-05,22.36111068725586,22.43055534362793,21.09722137451172,21.458332061767578,43628045.0
2021-08-06,21.076387405395508,21.85416603088379,21.02777671813965,21.16666603088379,35170535.0
2021-08-09,21.18055534362793,21.18055534362793,20.451387405395508,20.97916603088379,31678315.0
2021-08-10,20.86805534362793,21.9375,20.75,21.13194465637207,39794866.0
2021-08-11,21.52777671813965,22.16666603088379,21.0625,22.03472137451172,52919141.0
2021-08-12,21.96527671813965,22.34027671813965,21.31944465637207,21.63194465637207,30589731.0
2021-08-13,21.638887405395508,22.22222137451172,21.36805534362793,21.80555534362793,29430378.0
2021-08-16,21.49305534362793,21.66666603088379,20.25,20.326387405395508,51124203.0
2021-08-17,20.24305534362793,21.09722137451172,20.19444465637207,20.34027671813965,43204616.0
2021-08-18,20.65972137451172,21.61805534362793,20.34722137451172,21.23611068725586,38660299.0
2021-08-19,21.72222137451172,21.72222137451172,20.86805534362793,21.40277671813965,33885237.0
2021-08-20,21.395832061767578,21.71527671813965,20.81944465637207,21.5625,36000358.0
2021-08-23,21.61111068725586,22.576387405395508,21.35416603088379,22.5,49711548.0
2021-08-24,22.67361068725586,23.458332061767578,22.22916603088379,22.645832061767578,48240377.0
2021-08-25,22.56944465637207,23.59722137451172,22.3125,23.513887405395508,34315362.0
2021-08-26,23.60416603088379,23.6875,22.125,22.145832061767578,31816578.0
2021-08-27,22.145832061767578,22.35416603088379,21.52777671813965,21.97916603088379,28986242.0
2021-08-30,22.201387405395508,23.0625,22.145832061767578,22.71527671813965,35370390.0
2021-08-31,22.40277671813965,24.98611068725586,22.24305534362793,24.3125,65930114.0
2021-09-01,24.65277671813965,25.833332061767578,22.99305534362793,23.22222137451172,104288137.0
2021-09-02,23.61111068725586,25.54166603088379,23.47222137451172,25.54166603088379,99835797.0
2021-09-03,25.833332061767578,27.083332061767578,24.53472137451172,24.86111068725586,97400246.0
2021-09-06,25.138887405395508,25.34722137451172,22.520832061767578,23.61111068725586,78385906.0
2021-09-07,23.68055534362793,23.74305534362793,22.77777671813965,23.25,64569893.0
2021-09-08,23.15277671813965,23.79861068725586,21.60416603088379,22.15277671813965,101760485.0
2021-09-09,22.083332061767578,22.083332061767578,20.81944465637207,21.50694465637207,86704155.0
2021-09-10,21.93055534362793,23.125,21.79166603088379,22.3125,107565783.0
2021-09-13,22.77777671813965,23.23611068725586,22.201387405395508,22.36111068725586,59117518.0
2021-09-14,22.583332061767578,22.66666603088379,21.60416603088379,22.0,37650538.0
2021-09-15,22.0,22.763887405395508,21.63194465637207,22.708332061767578,41889198.0
2021-09-16,23.29861068725586,23.72916603088379,22.701387405395508,23.11111068725586,58947420.0
2021-09-17,22.90972137451172,25.34722137451172,22.78472137451172,24.72916603088379,69820954.0
2021-09-22,24.36805534362793,26.875,24.36805534362793,26.04166603088379,70469627.0
2021-09-23,25.78472137451172,26.81944465637207,24.28472137451172,24.54166603088379,92004308.0
2021-09-24,24.29861068725586,24.5,23.35416603088379,23.99305534362793,54772267.0
2021-09-27,24.38194465637207,25.29166603088379,23.583332061767578,23.75,50760979.0
2021-09-28,23.68055534362793,24.80555534362793,23.49305534362793,24.54861068725586,45061178.0
2021-09-29,24.16666603088379,24.8125,23.47916603088379,23.75,41975530.0
2021-09-30,23.61111068725586,25.13194465637207,23.61111068725586,24.9375,53347200.0
2021-10-08,25.22916603088379,25.72222137451172,24.0,24.67361068725586,54323595.0
2021-10-11,24.5,24.84722137451172,22.8125,22.833332061767578,63554189.0
2021-10-12,23.1875,23.458332061767578,21.97916603088379,22.42361068725586,39626406.0
2021-10-13,22.22222137451172,22.79861068725586,21.94444465637207,22.56944465637207,24294600.0
2021-10-14,22.56944465637207,23.47916603088379,22.36805534362793,23.263887405395508,21600535.0
2021-10-15,23.05555534362793,24.13194465637207,22.576387405395508,23.84722137451172,37703604.0
2021-10-18,23.84722137451172,25.36805534362793,23.66666603088379,25.30555534362793,50552949.0
2021-10-19,24.78472137451172,25.520832061767578,24.69444465637207,25.24305534362793,30984971.0
2021-10-20,25.458332061767578,25.68055534362793,25.06944465637207,25.451387405395508,31322250.0
2021-10-21,25.458332061767578,26.09722137451172,25.020832061767578,25.80555534362793,32974178.0
2021-10-22,25.99305534362793,25.99305534362793,24.72222137451172,25.34722137451172,26997609.0
2021-10-25,25.40972137451172,27.88194465637207,25.40972137451172,27.88194465637207,77592598.0
2021-10-26,27.638887405395508,28.263887405395508,26.770832061767578,27.27777671813965,60691714.0
2021-10-27,27.5,27.98611068725586,26.77777671813965,27.43055534362793,39555476.0
2021-10-28,27.47916603088379,27.90277671813965,26.94444465637207,27.701387405395508,36795371.0
2021-10-29,27.74305534362793,27.90972137451172,26.388887405395508,27.03472137451172,45239041.0
2021-11-01,27.208332061767578,27.29166603088379,24.72222137451172,25.54861068725586,78867185.0
2021-11-02,25.54861068725586,25.763887405395508,24.8125,25.27777671813965,39681698.0
2021-11-03,25.27777671813965,25.583332061767578,24.72222137451172,25.3125,35133851.0
2021-11-04,25.888887405395508,26.86111068725586,25.625,26.23611068725586,44338756.0
2021-11-05,26.208332061767578,26.208332061767578,25.0,25.68055534362793,29559090.0
2021-11-08,26.04166603088379,26.79166603088379,25.35416603088379,26.18055534362793,30417219.0
2021-11-09,26.36111068725586,26.72222137451172,25.958332061767578,26.49305534362793,23837378.0
2021-11-10,26.388887405395508,26.388887405395508,24.84027671813965,25.020832061767578,37076787.0
2021-11-11,24.93055534362793,25.451387405395508,24.49305534362793,25.263887405395508,36447913.0
2021-11-12,26.04166603088379,27.77777671813965,25.55555534362793,27.083332061767578,81999920.0
2021-11-15,27.98611068725586,29.61111068725586,26.86111068725586,26.958332061767578,105165568.0
2021-11-16,27.22222137451172,27.36111068725586,26.31944465637207,26.47222137451172,41211128.0
2021-11-17,26.5,27.56944465637207,25.71527671813965,27.3125,49679720.0
2021-11-18,26.8125,28.44444465637207,26.56944465637207,28.04166603088379,41385290.0
2021-11-19,27.77777671813965,28.44444465637207,27.36111068725586,27.86111068725586,37862900.0
2021-11-22,28.05555534362793,28.326387405395508,27.458332061767578,27.86111068725586,42426568.0
2021-11-23,27.875,28.99305534362793,27.576387405395508,28.40277671813965,40186847.0
2021-11-24,28.05555534362793,28.72916603088379,27.77777671813965,28.40972137451172,27050245.0
2021-11-25,28.47222137451172,31.25,28.47222137451172,31.25,95162781.0
2021-11-26,30.90277671813965,31.31944465637207,29.520832061767578,31.18055534362793,83890863.0
2021-11-29,30.513887405395508,32.38888931274414,29.8125,29.88194465637207,78037112.0
2021-11-30,29.86805534362793,30.02777671813965,28.54166603088379,28.75694465637207,81461869.0
2021-12-01,28.576387405395508,28.99305534362793,27.96527671813965,28.625,60907921.0
2021-12-02,28.42361068725586,29.34027671813965,28.04861068725586,29.208332061767578,42063340.0
2021-12-03,28.888887405395508,29.458332061767578,28.1875,29.28472137451172,31513577.0
2021-12-06,29.138887405395508,30.388887405395508,28.88194465637207,29.10416603088379,38460144.0
2021-12-07,29.02777671813965,29.50694465637207,28.388887405395508,28.84027671813965,40747158.0
2021-12-08,28.97916603088379,30.03472137451172,28.50694465637207,29.8125,40296726.0
2021-12-09,29.79861068725586,30.06944465637207,28.40277671813965,28.49305534362793,56351340.0
2021-12-10,28.47222137451172,28.77777671813965,27.90277671813965,28.23611068725586,50735738.0
2021-12-13,28.451387405395508,31.0625,28.451387405395508,30.46527671813965,113940908.0
2021-12-14,30.16666603088379,32.0,29.708332061767578,31.31944465637207,72410624.0
2021-12-15,31.21527671813965,33.2430534362793,30.71527671813965,31.50694465637207,89512260.0
2021-12-16,31.79861068725586,31.93055534362793,30.701387405395508,31.3125,37812324.0
2021-12-17,30.951387405395508,31.72222137451172,30.125,30.208332061767578,58551439.0
2021-12-20,29.98611068725586,30.0625,29.23611068725586,29.375,44356602.0
2021-12-21,29.16666603088379,30.21527671813965,28.90277671813965,30.10416603088379,39378486.0
2021-12-22,30.10416603088379,30.48611068725586,29.4375,29.75694465637207,26474581.0
2021-12-23,29.93055534362793,31.47222137451172,29.40972137451172,31.458332061767578,53652506.0
2021-12-24,31.24305534362793,31.92361068725586,30.55555534362793,31.04166603088379,37193588.0
2021-12-27,30.90277671813965,31.875,27.9375,28.74305534362793,97416793.0
2021-12-28,28.81944465637207,29.201387405395508,27.75,28.763887405395508,66486864.0
2021-12-29,28.78472137451172,29.22222137451172,26.77777671813965,27.50694465637207,86992220.0
2021-12-30,27.84027671813965,28.68055534362793,27.43055534362793,27.951387405395508,52853254.0
2021-12-31,28.47222137451172,28.54166603088379,27.43055534362793,27.79861068725586,33491272.0
2022-01-04,27.833332061767578,27.97222137451172,26.66666603088379,26.88194465637207,57693499.0
2022-01-05,26.81944465637207,27.013887405395508,25.68055534362793,26.138887405395508,63287115.0
2022-01-06,25.75,26.31944465637207,25.34722137451172,26.11805534362793,67886930.0
2022-01-07,26.076387405395508,26.38194465637207,25.4375,25.52777671813965,47462885.0
2022-01-10,25.513887405395508,26.04166603088379,24.895832061767578,25.72916603088379,48931109.0
2022-01-11,25.67361068725586,26.44444465637207,25.43055534362793,26.21527671813965,51914782.0
2022-01-12,27.520832061767578,28.19444465637207,26.91666603088379,27.22222137451172,93117680.0
2022-01-13,27.47916603088379,27.52777671813965,26.94444465637207,27.40972137451172,51516876.0
2022-01-14,27.083332061767578,27.22222137451172,26.3125,26.55555534362793,44814221.0
2022-01-17,26.55555534362793,27.19444465637207,25.958332061767578,26.13194465637207,45494736.0
2022-01-18,26.145832061767578,27.35416603088379,26.00694465637207,27.15277671813965,52586657.0
2022-01-19,27.395832061767578,28.625,27.083332061767578,28.0,62465064.0
2022-01-20,28.05555534362793,28.61111068725586,27.083332061767578,27.49305534362793,34307989.0
2022-01-21,27.56944465637207,27.638887405395508,26.22916603088379,26.520832061767578,35093386.0
2022-01-24,26.3125,26.94444465637207,26.15277671813965,26.458332061767578,23992551.0
2022-01-25,26.145832061767578,26.53472137451172,24.79861068725586,24.98611068725586,47090540.0
2022-01-26,25.34722137451172,26.59722137451172,25.28472137451172,26.583332061767578,49585605.0
2022-01-27,26.833332061767578,26.833332061767578,25.47222137451172,25.520832061767578,41411727.0
2022-01-28,25.833332061767578,25.9375,23.888887405395508,24.30555534362793,63123560.0
2022-02-07,25.0,25.17361068725586,24.375,24.81944465637207,32457376.0
2022-02-08,24.91666603088379,24.92361068725586,23.61111068725586,23.98611068725586,41485043.0
2022-02-09,23.85416603088379,24.00694465637207,22.826387405395508,23.97222137451172,55573548.0
2022-02-10,23.8125,23.92361068725586,22.91666603088379,23.333332061767578,39519342.0
2022-02-11,23.19444465637207,23.333332061767578,22.4375,22.513887405395508,57282667.0
2022-02-14,22.24305534362793,22.54861068725586,21.90277671813965,22.18055534362793,44749959.0
2022-02-15,22.40972137451172,23.25694465637207,22.18055534362793,23.145832061767578,37887527.0
2022-02-16,23.5,23.5,22.770832061767578,22.826387405395508,33306814.0
2022-02-17,22.94444465637207,23.93055534362793,22.74305534362793,23.763887405395508,59375338.0
2022-02-18,23.60416603088379,23.68055534362793,23.0625,23.43055534362793,30754094.0
2022-02-21,23.53472137451172,24.09722137451172,23.06944465637207,23.513887405395508,43165162.0
2022-02-22,23.22222137451172,23.36805534362793,22.77777671813965,23.29861068725586,29243653.0
2022-02-23,23.29861068725586,24.27777671813965,23.145832061767578,24.25694465637207,39185801.0
2022-02-24,23.958332061767578,24.770832061767578,23.645832061767578,24.02777671813965,44065707.0
2022-02-25,24.38194465637207,24.951387405395508,24.06944465637207,24.23611068725586,27892340.0
2022-02-28,24.23611068725586,24.68055534362793,23.9375,24.54861068725586,28881295.0
2022-03-01,24.895832061767578,25.03472137451172,24.44444465637207,24.513887405395508,29356498.0
2022-03-02,24.395832061767578,24.71527671813965,23.61111068725586,23.74305534362793,44357160.0
2022-03-03,23.96527671813965,24.21527671813965,23.23611068725586,23.31944465637207,30278013.0
2022-03-04,23.05555534362793,23.52777671813965,22.91666603088379,23.21527671813965,29159706.0
2022-03-07,23.21527671813965,23.22916603088379,22.29166603088379,22.50694465637207,42525725.0
2022-03-08,22.72916603088379,23.3125,22.38194465637207,22.708332061767578,51589028.0
2022-03-09,23.0625,23.763887405395508,22.513887405395508,23.645832061767578,66794207.0
2022-03-10,24.47916603088379,24.91666603088379,24.0,24.65972137451172,57718825.0
2022-03-11,24.40972137451172,24.65277671813965,23.833332061767578,24.47222137451172,42289865.0
2022-03-14,24.06944465637207,24.47222137451172,23.74305534362793,23.78472137451172,33255126.0
2022-03-15,23.55555534362793,24.19444465637207,22.36111068725586,22.53472137451172,51710395.0
2022-03-16,22.826387405395508,22.97916603088379,20.28472137451172,20.770832061767578,153726946.0
2022-03-17,21.145832061767578,22.201387405395508,20.81944465637207,21.583332061767578,103518848.0
2022-03-18,21.52777671813965,21.52777671813965,20.388887405395508,21.388887405395508,57826176.0
2022-03-21,21.35416603088379,22.020832061767578,21.11805534362793,21.72222137451172,34598396.0
2022-03-22,21.67361068725586,21.97916603088379,20.92361068725586,21.125,33255106.0
2022-03-23,21.48611068725586,22.40277671813965,21.22222137451172,22.17361068725586,54847319.0
2022-03-24,22.013887405395508,22.1875,21.701387405395508,22.04861068725586,27927123.0
2022-03-25,22.04861068725586,22.125,21.36111068725586,21.42361068725586,28052867.0
2022-03-28,21.0,21.41666603088379,20.81944465637207,21.03472137451172,23951381.0
2022-03-29,21.04166603088379,21.18055534362793,20.5,20.61111068725586,36543866.0
2022-03-30,20.888887405395508,21.86805534362793,20.701387405395508,21.85416603088379,49388700.0
2022-03-31,21.84027671813965,21.97916603088379,21.28472137451172,21.86805534362793,41300092.0
2022-04-01,21.71527671813965,21.875,21.31944465637207,21.395832061767578,29867182.0
2022-04-06,21.52777671813965,21.63194465637207,20.72222137451172,20.90277671813965,30100998.0
2022-04-07,20.833332061767578,21.28472137451172,20.708332061767578,20.90277671813965,24037348.0
2022-04-08,20.9375,21.34722137451172,20.701387405395508,20.92361068725586,19954203.0
2022-04-11,20.6875,20.6875,19.3125,19.44444465637207,46575692.0
2022-04-12,19.79166603088379,20.30555534362793,19.54861068725586,20.138887405395508,31818032.0
2022-04-13,20.13194465637207,20.138887405395508,19.44444465637207,19.79166603088379,23105764.0
2022-04-14,19.84722137451172,20.40277671813965,19.72222137451172,20.15277671813965,21618655.0
2022-04-15,19.96527671813965,20.09722137451172,19.638887405395508,19.8125,16451771.0
2022-04-18,19.583332061767578,20.53472137451172,19.520832061767578,20.34722137451172,18755485.0
2022-04-19,20.513887405395508,20.68055534362793,19.9375,20.0,17941183.0
2022-04-20,19.98611068725586,20.09722137451172,19.46527671813965,19.5,23421450.0
2022-04-21,19.11805534362793,19.47916603088379,18.48611068725586,18.645832061767578,32319698.0
2022-04-22,18.47222137451172,18.8125,18.263887405395508,18.59722137451172,24127061.0
2022-04-25,18.22916603088379,18.451387405395508,17.951387405395508,18.05555534362793,35060950.0
2022-04-26,18.09027671813965,18.27777671813965,17.763887405395508,17.93055534362793,34741095.0
2022-04-27,18.22222137451172,19.72222137451172,18.125,19.72222137451172,59245349.0
2022-04-28,19.86111068725586,20.53472137451172,19.72222137451172,20.29861068725586,43270607.0
2022-04-29,21.0,22.31944465637207,20.24305534362793,22.22222137451172,58064348.0
2022-05-05,23.326387405395508,23.326387405395508,21.53472137451172,21.770832061767578,50445328.0
2022-05-06,21.29166603088379,22.395832061767578,21.201387405395508,21.86805534362793,26996819.0
2022-05-09,21.52777671813965,22.333332061767578,21.47222137451172,22.15972137451172,17093956.0
2022-05-10,22.375,22.86805534362793,21.875,22.23611068725586,47536824.0
2022-05-11,22.23611068725586,23.013887405395508,22.013887405395508,22.638887405395508,39878497.0
2022-05-12,22.395832061767578,23.30555534362793,22.326387405395508,23.19444465637207,34416331.0
2022-05-13,23.25694465637207,23.263887405395508,22.61111068725586,22.875,22899892.0
2022-05-16,23.11805534362793,23.47222137451172,22.74305534362793,23.11111068725586,14309239.0
2022-05-17,23.17361068725586,23.79166603088379,22.80555534362793,23.75,23132960.0
2022-05-18,23.79861068725586,23.85416603088379,23.03472137451172,23.36805534362793,26194544.0
2022-05-19,23.03472137451172,23.74305534362793,22.86111068725586,23.50694465637207,15836529.0
2022-05-20,23.708332061767578,24.16666603088379,23.09027671813965,24.09722137451172,43820582.0
2022-05-23,23.90972137451172,23.90972137451172,22.79861068725586,23.513887405395508,33510382.0
2022-05-24,23.333332061767578,23.645832061767578,22.53472137451172,22.55555534362793,32885981.0
2022-05-25,22.5,23.5625,22.15972137451172,23.388887405395508,34630588.0
2022-05-26,23.145832061767578,23.47222137451172,22.61111068725586,23.23611068725586,23995408.0
2022-05-27,23.34722137451172,23.93055534362793,22.98611068725586,23.125,17423726.0
2022-05-30,23.208332061767578,23.71527671813965,22.826387405395508,23.625,23635766.0
2022-05-31,24.28472137451172,24.513887405395508,23.625,23.78472137451172,54239336.0
2022-06-01,23.75,24.54861068725586,23.61111068725586,24.46527671813965,42311478.0
2022-06-02,24.84722137451172,24.84722137451172,24.03472137451172,24.48611068725586,30890404.0
2022-06-06,24.3125,24.54861068725586,23.71527671813965,24.00694465637207,46430997.0
2022-06-07,23.85416603088379,23.958332061767578,23.125,23.75,35917964.0
2022-06-08,23.61111068725586,23.74305534362793,22.60416603088379,23.201387405395508,51669554.0
2022-06-09,23.29861068725586,23.708332061767578,22.91666603088379,23.1875,30874531.0
2022-06-10,22.84027671813965,23.41666603088379,22.77777671813965,23.40277671813965,30543137.0
2022-06-13,23.05555534362793,23.375,22.763887405395508,23.13194465637207,30135244.0
2022-06-14,22.71527671813965,22.90972137451172,21.54861068725586,22.28472137451172,47595990.0
2022-06-15,22.083332061767578,22.63194465637207,21.86805534362793,22.138887405395508,31343660.0
2022-06-16,22.13194465637207,22.77777671813965,22.09722137451172,22.5625,27809447.0
2022-06-17,22.60416603088379,23.17361068725586,22.29166603088379,22.88194465637207,31098271.0
2022-06-20,23.13194465637207,23.31944465637207,22.59722137451172,22.68055534362793,36511084.0
2022-06-21,22.84722137451172,22.98611068725586,22.30555534362793,22.69444465637207,29085710.0
2022-06-22,22.66666603088379,22.866666793823242,22.008333206176758,22.049999237060547,25291662.0
2022-06-23,22.0,23.491666793823242,21.758333206176758,23.308332443237305,37903138.0
2022-06-24,23.649999618530273,23.825000762939453,23.216665267944336,23.633333206176758,27396676.0
2022-06-27,23.883333206176758,23.883333206176758,23.216665267944336,23.450000762939453,32950023.0
2022-06-28,23.508333206176758,23.508333206176758,22.833332061767578,23.316665649414062,24469977.0
2022-06-29,23.333332061767578,23.383333206176758,22.25,22.299999237060547,42514268.0
2022-06-30,22.25,22.733333587646484,22.25,22.5,19885419.0
2022-07-01,22.5,22.875,22.399999618530273,22.566665649414062,16895427.0
2022-07-04,22.341665267944336,23.308332443237305,22.266666412353516,23.29166603088379,41431942.0
2022-07-05,23.40833282470703,23.725000381469727,23.083332061767578,23.583332061767578,45664686.0
2022-07-06,23.566665649414062,24.16666603088379,22.91666603088379,23.241666793823242,37673011.0
2022-07-07,23.258333206176758,24.383333206176758,22.924999237060547,24.149999618530273,45690643.0
2022-07-08,24.383333206176758,24.583332061767578,23.66666603088379,23.808332443237305,46125160.0
2022-07-11,24.066665649414062,24.825000762939453,23.774999618530273,24.25,65947707.0
2022-07-12,24.066665649414062,25.0,23.950000762939453,24.008333206176758,53928852.0
2022-07-13,23.833332061767578,24.950000762939453,23.78333282470703,24.766666412353516,65401833.0
2022-07-14,24.758333206176758,25.274999618530273,24.333332061767578,24.641666412353516,46231550.0
2022-07-15,24.649999618530273,25.741666793823242,24.583332061767578,25.116666793823242,60531625.0
2022-07-18,25.116666793823242,25.41666603088379,24.583332061767578,25.16666603088379,44707562.0
2022-07-19,25.174999237060547,25.174999237060547,24.174999237060547,24.258333206176758,40158313.0
2022-07-20,24.399999618530273,24.475000381469727,24.04166603088379,24.266666412353516,22770554.0
2022-07-21,24.16666603088379,24.983333587646484,23.924999237060547,24.433332443237305,32818011.0
2022-07-22,24.433332443237305,25.083332061767578,24.433332443237305,24.79166603088379,28699040.0
2022-07-25,24.66666603088379,24.691665649414062,23.558332443237305,23.691665649414062,30035606.0
2022-07-26,23.54166603088379,24.125,23.516666412353516,24.04166603088379,18203876.0
2022-07-27,24.03333282470703,24.174999237060547,23.41666603088379,24.141666412353516,30930078.0
2022-07-28,24.133333206176758,24.241666793823242,23.66666603088379,23.708332061767578,20158381.0
2022-07-29,24.0,25.558332443237305,24.0,24.316665649414062,59851635.0
2022-08-01,24.399999618530273,24.399999618530273,23.5,24.216665267944336,29366734.0
2022-08-02,23.883333206176758,23.891666412353516,23.0,23.433332443237305,33409398.0
2022-08-03,23.716665267944336,24.458332061767578,23.566665649414062,23.79166603088379,36376792.0
2022-08-04,24.29166603088379,24.899999618530273,24.03333282470703,24.375,36808074.0
2022-08-05,24.333332061767578,24.366666793823242,23.79166603088379,24.149999618530273,22204935.0
2022-08-08,23.899999618530273,24.29166603088379,23.649999618530273,24.091665267944336,17032741.0
2022-08-09,24.075000762939453,24.53333282470703,23.833332061767578,23.941665649414062,23000886.0
2022-08-10,23.841665267944336,23.958332061767578,23.54166603088379,23.75,15883707.0
2022-08-11,24.024999618530273,24.024999618530273,23.600000381469727,23.850000381469727,20233569.0
2022-08-12,23.808332443237305,24.016666412353516,23.399999618530273,23.41666603088379,23175692.0
2022-08-15,23.40833282470703,23.875,23.350000381469727,23.833332061767578,21152643.0
2022-08-16,23.841665267944336,24.475000381469727,23.79166603088379,23.808332443237305,28318836.0
2022-08-17,24.091665267944336,24.5,23.891666412353516,24.108333587646484,34490299.0
2022-08-18,24.083332061767578,24.53333282470703,23.975000381469727,24.141666412353516,30632449.0
2022-08-19,24.049999237060547,24.141666412353516,23.566665649414062,23.875,20810628.0
2022-08-22,24.008333206176758,24.233333587646484,23.833332061767578,24.058332443237305,19106158.0
2022-08-23,24.0,24.441665649414062,23.774999618530273,24.266666412353516,32247650.0
2022-08-24,24.316665649414062,24.649999618530273,23.625,23.649999618530273,31808142.0
2022-08-25,23.774999618530273,23.816665649414062,22.29166603088379,22.691665649414062,38369626.0
2022-08-26,22.75,23.558332443237305,22.75,23.216665267944336,27452700.0
2022-08-29,22.950000762939453,24.03333282470703,22.75,24.0,28892308.0
2022-08-30,24.149999618530273,24.383333206176758,23.758333206176758,23.816665649414062,21496419.0
2022-08-31,23.591665267944336,23.75,22.875,22.875,38495823.0
2022-09-01,23.058332443237305,23.458332061767578,22.625,22.758333206176758,22416806.0
2022-09-02,22.591665267944336,22.766666412353516,21.75,21.966665267944336,29183178.0
2022-09-05,21.966665267944336,22.15833282470703,21.5,21.774999618530273,18277513.0
2022-09-06,21.883333206176758,22.29166603088379,21.591665267944336,22.125,18932248.0
2022-09-07,21.79166603088379,22.200000762939453,21.79166603088379,22.083332061767578,21357645.0
2022-09-08,22.125,22.15833282470703,21.774999618530273,21.79166603088379,17142009.0
2022-09-09,21.90833282470703,22.29166603088379,21.66666603088379,22.066665649414062,24030038.0
2022-09-13,22.075000762939453,22.216665267944336,21.758333206176758,21.966665267944336,15296026.0
2022-09-14,21.733333587646484,21.825000762939453,21.008333206176758,21.233333587646484,32784322.0
2022-09-15,21.341665267944336,21.40833282470703,20.274999618530273,20.5,35244636.0
2022-09-16,20.54166603088379,20.941665649414062,20.25,20.375,25464418.0
2022-09-19,20.375,20.891666412353516,20.299999237060547,20.66666603088379,15774040.0
2022-09-20,20.683332443237305,20.816665649414062,20.583332061767578,20.700000762939453,12326570.0
2022-09-21,20.641666412353516,20.924999237060547,20.333332061767578,20.575000762939453,15732583.0
2022-09-22,20.233333587646484,20.733333587646484,19.833332061767578,20.575000762939453,18574129.0
2022-09-23,20.641666412353516,20.875,20.549999237060547,20.774999618530273,19172955.0
2022-09-26,20.583332061767578,20.858333587646484,20.233333587646484,20.25,17113359.0
2022-09-27,20.325000762939453,20.774999618530273,20.316665649414062,20.708332061767578,16455661.0
2022-09-28,20.691665649414062,20.691665649414062,19.799999237060547,19.875,19204522.0
2022-09-29,19.958332061767578,20.65833282470703,19.958332061767578,20.524999618530273,22882658.0
2022-09-30,20.40833282470703,20.883333206176758,20.40833282470703,20.725000381469727,19190022.0
2022-10-10,21.40833282470703,21.40833282470703,20.383333206176758,20.399999618530273,20011339.0
2022-10-11,20.341665267944336,20.91666603088379,20.341665267944336,20.866666793823242,17983836.0
2022-10-12,21.058332443237305,21.41666603088379,20.716665267944336,21.41666603088379,19568330.0
2022-10-13,21.350000381469727,21.491666793823242,21.083332061767578,21.333332061767578,14651694.0
2022-10-14,21.583332061767578,21.733333587646484,21.341665267944336,21.54166603088379,19555342.0
2022-10-17,21.458332061767578,21.54166603088379,21.0,21.241666793823242,19438880.0
2022-10-18,21.325000762939453,21.549999237060547,21.149999618530273,21.350000381469727,11571729.0
2022-10-19,21.399999618530273,21.649999618530273,21.208332061767578,21.25,13592745.0
2022-10-20,21.16666603088379,21.5,20.833332061767578,21.341665267944336,15673918.0
2022-10-21,21.28333282470703,21.66666603088379,21.241666793823242,21.316665649414062,13211176.0
2022-10-24,21.208332061767578,21.641666412353516,20.875,21.04166603088379,19027821.0
2022-10-25,21.04166603088379,21.40833282470703,20.66666603088379,21.133333206176758,21390139.0
2022-10-26,21.141666412353516,21.883333206176758,20.966665267944336,21.733333587646484,23014921.0
2022-10-27,21.875,22.058332443237305,21.399999618530273,21.441665649414062,17104468.0
2022-10-28,21.333332061767578,21.733333587646484,20.25,20.549999237060547,25134709.0
2022-10-31,20.083332061767578,20.649999618530273,19.841665267944336,20.333332061767578,24565824.0
2022-11-01,20.733333587646484,21.75,20.458332061767578,21.716665267944336,38803918.0
2022-11-02,21.758333206176758,22.233333587646484,21.299999237060547,21.875,30336866.0
2022-11-03,21.825000762939453,22.03333282470703,21.583332061767578,21.833332061767578,20297192.0
2022-11-04,21.774999618530273,22.649999618530273,21.674999237060547,22.25,35367463.0
2022-11-07,22.25,22.458332061767578,22.024999618530273,22.208332061767578,21091765.0
2022-11-08,22.216665267944336,22.350000381469727,21.899999618530273,22.28333282470703,24387464.0
2022-11-09,22.28333282470703,22.299999237060547,21.66666603088379,21.825000762939453,18875871.0
2022-11-10,21.716665267944336,21.75,21.058332443237305,21.350000381469727,26866436.0
2022-11-11,21.816665649414062,21.991666793823242,21.53333282470703,21.78333282470703,22588218.0
2022-11-14,22.075000762939453,22.233333587646484,21.40833282470703,21.491666793823242,20682145.0
2022-11-15,21.274999618530273,21.65833282470703,21.191665649414062,21.475000381469727,24336574.0
2022-11-16,21.483333587646484,21.491666793823242,20.841665267944336,20.975000381469727,29774905.0
2022-11-17,20.91666603088379,21.133333206176758,20.833332061767578,21.125,15281293.0
2022-11-18,21.16666603088379,22.208332061767578,21.091665267944336,22.0,43994877.0
2022-11-21,22.0,22.91666603088379,21.975000381469727,22.341665267944336,52172911.0
2022-11-22,22.54166603088379,22.600000381469727,21.708332061767578,22.149999618530273,21779558.0
2022-11-23,21.941665649414062,22.716665267944336,21.924999237060547,22.625,25016132.0
2022-11-24,22.708332061767578,22.833332061767578,22.375,22.475000381469727,14993508.0
2022-11-25,22.333332061767578,22.625,22.0,22.458332061767578,17066392.0
2022-11-28,22.458332061767578,22.741666793823242,22.125,22.424999237060547,27780255.0
2022-11-29,22.233333587646484,22.616666793823242,22.149999618530273,22.40833282470703,21944232.0
2022-11-30,22.491666793823242,22.491666793823242,21.75,22.141666412353516,37375867.0
2022-12-01,22.100000381469727,22.200000762939453,21.65833282470703,21.741666793823242,42666291.0
2022-12-02,21.66666603088379,22.008333206176758,21.575000762939453,21.858333587646484,21459132.0
2022-12-05,21.958332061767578,22.058332443237305,21.716665267944336,21.983333587646484,24662270.0
2022-12-06,21.933332443237305,22.299999237060547,21.858333587646484,22.274999618530273,28408651.0
2022-12-07,22.274999618530273,22.466665267944336,22.083332061767578,22.258333206176758,21542755.0
2022-12-08,22.075000762939453,22.441665649414062,21.924999237060547,22.133333206176758,25309482.0
2022-12-09,21.958332061767578,22.125,21.399999618530273,22.0,80350270.0
2022-12-12,21.66666603088379,21.833332061767578,21.29166603088379,21.78333282470703,32579398.0
2022-12-13,21.649999618530273,21.983333587646484,21.299999237060547,21.383333206176758,20061984.0
2022-12-14,21.25,21.458332061767578,20.66666603088379,20.66666603088379,35822094.0
2022-12-15,20.66666603088379,21.0,20.66666603088379,21.0,20171234.0
2022-12-16,20.858333587646484,21.233333587646484,20.833332061767578,21.16666603088379,18159404.0
2022-12-19,21.108333587646484,21.149999618530273,20.875,20.983333587646484,11472831.0
2022-12-20,20.833332061767578,21.058332443237305,20.549999237060547,20.66666603088379,12574999.0
2022-12-21,20.566665649414062,20.75,20.266666412353516,20.391666412353516,16736804.0
2022-12-22,20.53333282470703,20.649999618530273,20.125,20.358333587646484,18214112.0
2022-12-23,20.308332443237305,20.633333206176758,20.233333587646484,20.391666412353516,8834170.0
2022-12-26,20.41666603088379,21.458332061767578,20.41666603088379,21.366666793823242,22480448.0
2022-12-27,21.424999237060547,21.53333282470703,21.149999618530273,21.216665267944336,9269930.0
2022-12-28,21.208332061767578,21.308332443237305,20.899999618530273,21.016666412353516,14571648.0
2022-12-29,20.774999618530273,21.133333206176758,20.774999618530273,20.975000381469727,11055207.0
2022-12-30,20.991666793823242,21.149999618530273,20.316665649414062,20.333332061767578,32637220.0
2023-01-03,20.258333206176758,21.04166603088379,20.200000762939453,20.933332443237305,29175852.0
2023-01-04,20.975000381469727,21.016666412353516,19.983333587646484,20.133333206176758,35047443.0
2023-01-05,20.15833282470703,20.458332061767578,20.083332061767578,20.350000381469727,36158686.0
2023-01-06,20.241666793823242,20.725000381469727,20.133333206176758,20.466665267944336,38788756.0
2023-01-09,20.774999618530273,21.625,20.774999618530273,21.524999618530273,58312837.0
2023-01-10,21.458332061767578,22.083332061767578,21.191665649414062,21.833332061767578,34607083.0
2023-01-11,21.825000762939453,22.066665649414062,21.54166603088379,21.600000381469727,17924157.0
2023-01-12,21.608333587646484,22.29166603088379,21.608333587646484,22.083332061767578,28316916.0
2023-01-13,22.03333282470703,22.149999618530273,21.79166603088379,22.083332061767578,22654106.0
2023-01-16,22.16666603088379,22.575000762939453,22.0,22.325000762939453,28036459.0
2023-01-17,22.633333206176758,23.008333206176758,22.5,22.66666603088379,26021593.0
2023-01-18,22.79166603088379,22.899999618530273,22.391666412353516,22.524999618530273,18069380.0
2023-01-19,22.66666603088379,22.66666603088379,22.225000381469727,22.433332443237305,25514926.0
2023-01-20,22.41666603088379,22.549999237060547,22.183332443237305,22.325000762939453,29026538.0
2023-01-30,22.66666603088379,22.66666603088379,21.933332443237305,21.966665267944336,31170484.0
2023-01-31,21.91666603088379,22.16666603088379,21.816665649414062,21.991666793823242,22212645.0
2023-02-01,22.04166603088379,22.149999618530273,21.708332061767578,22.083332061767578,20221837.0
2023-02-02,22.083332061767578,22.183332443237305,21.833332061767578,21.858333587646484,21157747.0
2023-02-03,21.841665267944336,21.950000762939453,21.54166603088379,21.774999618530273,23239794.0
2023-02-06,21.941665649414062,22.125,21.516666412353516,21.683332443237305,23993774.0
2023-02-07,21.78333282470703,21.899999618530273,21.583332061767578,21.79166603088379,13870203.0
2023-02-08,21.875,21.966665267944336,21.674999237060547,21.741666793823242,12158886.0
2023-02-09,21.633333206176758,21.850000381469727,21.566665649414062,21.741666793823242,16597993.0
2023-02-10,21.608333587646484,21.674999237060547,21.266666412353516,21.358333587646484,23866444.0
2023-02-13,21.399999618530273,21.483333587646484,21.258333206176758,21.325000762939453,18863911.0
2023-02-14,21.458332061767578,22.149999618530273,21.391666412353516,22.149999618530273,40227060.0
2023-02-15,22.274999618530273,22.274999618530273,21.75,22.008333206176758,23828618.0
2023-02-16,21.91666603088379,21.950000762939453,21.191665649414062,21.375,29562417.0
2023-02-17,21.375,21.450000762939453,21.083332061767578,21.16666603088379,19501759.0
2023-02-20,21.200000762939453,21.399999618530273,20.858333587646484,21.350000381469727,20140104.0
2023-02-21,21.341665267944336,21.708332061767578,21.299999237060547,21.625,19864045.0
2023-02-22,21.566665649414062,21.625,21.41666603088379,21.433332443237305,12768583.0
2023-02-23,21.433332443237305,21.583332061767578,21.274999618530273,21.5,11688670.0
2023-02-24,21.5,21.866666793823242,21.441665649414062,21.583332061767578,24523077.0
2023-02-27,21.5,22.049999237060547,21.458332061767578,21.875,23721339.0
2023-02-28,21.875,21.991666793823242,21.591665267944336,21.875,14284350.0
2023-03-01,21.91666603088379,22.04166603088379,21.708332061767578,21.883333206176758,19229972.0
2023-03-02,21.833332061767578,22.083332061767578,21.825000762939453,21.966665267944336,15966338.0
2023-03-03,22.04166603088379,22.424999237060547,21.883333206176758,22.208332061767578,30864160.0
2023-03-06,22.225000381469727,22.458332061767578,21.850000381469727,22.399999618530273,34045318.0
2023-03-07,22.40833282470703,22.524999618530273,22.049999237060547,22.133333206176758,21898780.0
2023-03-08,22.0,22.241666793823242,21.833332061767578,22.049999237060547,15960076.0
2023-03-09,22.15833282470703,22.15833282470703,21.758333206176758,21.78333282470703,13106635.0
2023-03-10,21.774999618530273,21.933332443237305,21.633333206176758,21.716665267944336,15980781.0
2023-03-13,21.66666603088379,22.333332061767578,21.566665649414062,22.25,23981085.0
2023-03-14,22.16666603088379,22.25,21.691665649414062,21.875,20840404.0
2023-03-15,22.024999618530273,22.424999237060547,21.924999237060547,22.174999237060547,17768446.0
2023-03-16,22.083332061767578,22.258333206176758,21.508333206176758,21.591665267944336,23705066.0
2023-03-17,21.799999237060547,22.883333206176758,21.766666412353516,22.799999237060547,57612664.0
2023-03-20,22.78333282470703,23.024999618530273,22.600000381469727,22.883333206176758,31741572.0
2023-03-21,23.016666412353516,23.049999237060547,22.633333206176758,22.758333206176758,21491487.0
2023-03-22,22.833332061767578,22.875,22.441665649414062,22.600000381469727,16800778.0
2023-03-23,22.5,22.633333206176758,22.25,22.475000381469727,19294713.0
2023-03-24,22.583332061767578,23.141666412353516,22.316665649414062,22.983333587646484,35083068.0
2023-03-27,22.758333206176758,23.274999618530273,22.583332061767578,23.016666412353516,30448767.0
2023-03-28,23.15833282470703,23.575000762939453,22.941665649414062,23.049999237060547,35067937.0
2023-03-29,23.200000762939453,23.350000381469727,22.799999237060547,22.816665649414062,16288906.0
2023-03-30,22.733333587646484,22.983333587646484,22.625,22.958332061767578,15084457.0
2023-03-31,22.841665267944336,22.958332061767578,22.433332443237305,22.591665267944336,18673544.0
2023-04-03,22.75,22.75,22.458332061767578,22.591665267944336,15533673.0
2023-04-04,22.633333206176758,22.641666412353516,22.0,22.41666603088379,21303402.0
2023-04-06,22.333332061767578,22.399999618530273,22.049999237060547,22.216665267944336,14793410.0
2023-04-07,22.216665267944336,22.641666412353516,22.091665267944336,22.641666412353516,13085815.0
2023-04-10,22.5,22.733333587646484,22.216665267944336,22.566665649414062,17735929.0
2023-04-11,22.366666793823242,22.53333282470703,22.016666412353516,22.383333206176758,17668446.0
2023-04-12,22.5,22.616666793823242,22.16666603088379,22.25,16127908.0
2023-04-13,22.25,22.53333282470703,22.066665649414062,22.441665649414062,23743130.0
2023-04-14,22.5,22.566665649414062,22.149999618530273,22.375,19909437.0
2023-04-17,22.316665649414062,22.575000762939453,22.149999618530273,22.241666793823242,19977823.0
2023-04-18,22.299999237060547,23.0,22.299999237060547,22.65833282470703,30018285.0
2023-04-19,22.66666603088379,22.708332061767578,22.258333206176758,22.350000381469727,18078124.0
2023-04-20,22.358333587646484,22.424999237060547,22.083332061767578,22.208332061767578,16394468.0
2023-04-21,22.208332061767578,22.333332061767578,21.65833282470703,21.733333587646484,19594041.0
2023-04-24,21.66666603088379,21.90833282470703,21.53333282470703,21.708332061767578,14007768.0
2023-04-25,21.708332061767578,21.79166603088379,20.91666603088379,21.15833282470703,25058114.0
2023-04-26,21.333332061767578,21.641666412353516,21.241666793823242,21.333332061767578,14393414.0
2023-04-27,21.316665649414062,21.424999237060547,21.016666412353516,21.266666412353516,17017306.0
2023-04-28,21.641666412353516,21.90833282470703,21.350000381469727,21.766666412353516,18093646.0
2023-05-04,21.766666412353516,22.149999618530273,21.649999618530273,22.066665649414062,19166860.0
2023-05-05,22.0,22.04166603088379,21.649999618530273,21.725000381469727,12194550.0
2023-05-08,21.733333587646484,22.233333587646484,21.733333587646484,21.891666412353516,20198276.0
2023-05-09,21.79166603088379,22.04166603088379,21.424999237060547,21.883333206176758,20350201.0
2023-05-10,21.833332061767578,22.950000762939453,21.816665649414062,22.5,35336108.0
2023-05-11,22.53333282470703,22.741666793823242,22.341665267944336,22.633333206176758,19534710.0
2023-05-12,22.53333282470703,22.75,22.383333206176758,22.466665267944336,10799157.0
2023-05-15,22.700000762939453,23.024999618530273,22.491666793823242,22.841665267944336,20057690.0
2023-05-16,23.0,23.483333587646484,22.91666603088379,23.233333587646484,32454882.0
2023-05-17,23.25,23.458332061767578,22.966665267944336,23.233333587646484,19505382.0
2023-05-18,23.25,23.458332061767578,23.049999237060547,23.183332443237305,18756434.0
2023-05-19,23.333332061767578,23.566665649414062,23.049999237060547,23.258333206176758,18551768.0
2023-05-22,23.241666793823242,23.54166603088379,23.024999618530273,23.183332443237305,19587528.0
2023-05-23,23.316665649414062,23.316665649414062,22.524999618530273,22.54166603088379,21598806.0
2023-05-24,22.649999618530273,22.741666793823242,22.40833282470703,22.483333587646484,17329177.0
2023-05-25,22.341665267944336,22.708332061767578,22.16666603088379,22.41666603088379,14245290.0
2023-05-26,22.358333587646484,22.41666603088379,22.116666793823242,22.366666793823242,7818849.0
2023-05-29,22.325000762939453,22.54166603088379,22.233333587646484,22.383333206176758,12364064.0
2023-05-30,22.375,23.091665267944336,22.375,22.933332443237305,21579176.0
2023-05-31,23.116666793823242,23.141666412353516,22.616666793823242,22.866666793823242,16812457.0
2023-06-01,22.825000762939453,23.091665267944336,22.441665649414062,22.483333587646484,20183523.0
2023-06-02,22.53333282470703,22.774999618530273,22.299999237060547,22.350000381469727,15842960.0
2023-06-05,22.483333587646484,22.558332443237305,22.174999237060547,22.29166603088379,10558777.0
2023-06-06,22.29166603088379,22.54166603088379,22.258333206176758,22.316665649414062,14388144.0
2023-06-07,22.266666412353516,22.391666412353516,21.91666603088379,22.03333282470703,14912565.0
2023-06-08,22.03333282470703,22.083332061767578,21.725000381469727,21.924999237060547,16407132.0
2023-06-09,21.924999237060547,22.308332443237305,21.708332061767578,22.233333587646484,19727005.0
2023-06-12,22.233333587646484,22.375,22.008333206176758,22.04166603088379,11727186.0
2023-06-13,22.049999237060547,22.25,21.66666603088379,22.174999237060547,13120189.0
2023-06-14,22.174999237060547,22.29166603088379,21.966665267944336,21.975000381469727,15144987.0
2023-06-15,22.174999237060547,22.899999618530273,22.03333282470703,22.850000381469727,27159908.0
2023-06-16,22.91666603088379,23.274999618530273,22.841665267944336,23.200000762939453,20133219.0
2023-06-19,23.16666603088379,23.75,23.083332061767578,23.375,27686343.0
2023-06-20,23.491666793823242,23.649999618530273,23.216665267944336,23.308332443237305,12732585.0
2023-06-21,22.979999542236328,23.170000076293945,22.75,22.790000915527344,15646594.0
2023-06-26,23.209999084472656,23.209999084472656,22.34000015258789,22.670000076293945,20132154.0
2023-06-27,22.780000686645508,22.969999313354492,22.399999618530273,22.670000076293945,15011645.0
2023-06-28,22.670000076293945,22.979999542236328,22.5,22.959999084472656,13223428.0
2023-06-29,22.93000030517578,23.389999389648438,22.81999969482422,23.290000915527344,15421343.0
2023-06-30,23.290000915527344,23.450000762939453,23.100000381469727,23.100000381469727,12649062.0
2023-07-03,23.149999618530273,23.520000457763672,23.059999465942383,23.09000015258789,12215316.0
2023-07-04,23.09000015258789,23.59000015258789,23.079999923706055,23.43000030517578,16170517.0
2023-07-05,23.670000076293945,24.25,23.649999618530273,23.75,23807526.0
2023-07-06,23.920000076293945,24.09000015258789,23.399999618530273,23.450000762939453,12186338.0
2023-07-07,23.6299991607666,23.90999984741211,23.34000015258789,23.5,16863473.0
2023-07-10,23.559999465942383,23.81999969482422,23.219999313354492,23.559999465942383,13486868.0
2023-07-11,23.350000381469727,23.6299991607666,23.31999969482422,23.5,10351699.0
2023-07-12,23.799999237060547,24.100000381469727,23.65999984741211,23.8700008392334,20419566.0
2023-07-13,23.860000610351562,24.25,23.799999237060547,24.18000030517578,23809536.0
2023-07-14,24.100000381469727,24.40999984741211,23.600000381469727,23.6299991607666,18202612.0
2023-07-17,23.639999389648438,24.3700008392334,23.450000762939453,24.34000015258789,21763404.0
2023-07-18,24.280000686645508,24.469999313354492,24.200000762939453,24.459999084472656,23109738.0
2023-07-19,24.459999084472656,24.84000015258789,24.31999969482422,24.600000381469727,22336667.0
2023-07-20,24.600000381469727,24.850000381469727,24.139999389648438,24.229999542236328,18775151.0
2023-07-21,24.149999618530273,24.31999969482422,23.899999618530273,24.059999465942383,13032289.0
2023-07-24,23.889999389648438,23.979999542236328,23.719999313354492,23.829999923706055,11873469.0
2023-07-25,24.059999465942383,24.06999969482422,23.5,23.780000686645508,19499179.0
2023-07-26,23.6200008392334,23.950000762939453,23.530000686645508,23.920000076293945,19328637.0
2023-07-27,23.950000762939453,24.270000457763672,23.639999389648438,23.700000762939453,14001930.0
2023-07-28,23.690000534057617,23.989999771118164,23.420000076293945,23.989999771118164,17749871.0
2023-07-31,24.149999618530273,24.40999984741211,23.90999984741211,24.31999969482422,20570476.0
2023-08-01,24.280000686645508,24.420000076293945,23.549999237060547,23.989999771118164,23713934.0
2023-08-02,23.920000076293945,24.1200008392334,23.229999542236328,23.520000457763672,21513734.0
2023-08-03,23.469999313354492,23.850000381469727,23.399999618530273,23.84000015258789,16039494.0
2023-08-04,23.8799991607666,24.010000228881836,23.649999618530273,23.81999969482422,12791474.0
2023-08-07,23.799999237060547,24.299999237060547,23.75,24.299999237060547,17312214.0
2023-08-08,24.200000762939453,24.670000076293945,24.079999923706055,24.399999618530273,16535656.0
2023-08-09,24.459999084472656,24.459999084472656,24.0,24.15999984741211,14822753.0
2023-08-10,24.200000762939453,24.469999313354492,24.15999984741211,24.389999389648438,10204579.0
2023-08-11,24.219999313354492,24.34000015258789,23.59000015258789,23.59000015258789,14122155.0
2023-08-14,23.510000228881836,23.709999084472656,23.239999771118164,23.399999618530273,9942285.0
2023-08-15,23.40999984741211,23.860000610351562,23.350000381469727,23.56999969482422,11803875.0
2023-08-16,23.579999923706055,23.670000076293945,23.200000762939453,23.43000030517578,9433896.0
2023-08-17,23.25,23.440000534057617,23.010000228881836,23.18000030517578,11268920.0
2023-08-18,23.290000915527344,23.389999389648438,23.010000228881836,23.010000228881836,7816945.0
2023-08-21,23.010000228881836,23.239999771118164,22.799999237060547,22.799999237060547,12624820.0
2023-08-22,22.850000381469727,23.329999923706055,22.850000381469727,23.110000610351562,17007849.0
2023-08-23,23.15999984741211,23.31999969482422,22.56999969482422,22.639999389648438,13757886.0
2023-08-24,22.600000381469727,22.8799991607666,22.510000228881836,22.700000762939453,9613970.0
2023-08-25,22.520000457763672,22.790000915527344,22.479999542236328,22.579999923706055,12416143.0
2023-08-28,23.3799991607666,23.510000228881836,22.719999313354492,22.8700008392334,19182091.0
2023-08-29,22.75,23.520000457763672,22.75,23.399999618530273,18611223.0
2023-08-30,23.5,23.799999237060547,23.40999984741211,23.65999984741211,13475615.0
2023-08-31,23.670000076293945,23.979999542236328,23.5,23.81999969482422,16783645.0
2023-09-01,23.700000762939453,23.790000915527344,23.1200008392334,23.239999771118164,10732515.0
2023-09-04,23.389999389648438,23.600000381469727,23.31999969482422,23.56999969482422,14633344.0
2023-09-05,23.56999969482422,23.65999984741211,23.399999618530273,23.510000228881836,10607300.0
2023-09-06,23.360000610351562,23.530000686645508,23.270000457763672,23.3700008392334,7244428.0
2023-09-07,23.31999969482422,23.420000076293945,22.959999084472656,23.010000228881836,12141870.0
2023-09-08,23.100000381469727,23.200000762939453,22.8700008392334,23.0,6901630.0
2023-09-11,22.889999389648438,23.329999923706055,22.889999389648438,23.15999984741211,13608050.0
2023-09-12,23.06999969482422,23.260000228881836,23.020000457763672,23.200000762939453,9148525.0
2023-09-13,23.209999084472656,23.209999084472656,22.670000076293945,22.760000228881836,12790121.0
2023-09-14,22.780000686645508,23.100000381469727,22.739999771118164,22.950000762939453,12429879.0
2023-09-15,22.950000762939453,23.049999237060547,22.3700008392334,23.049999237060547,36628060.0
2023-09-18,22.739999771118164,22.799999237060547,22.459999084472656,22.549999237060547,21068882.0
2023-09-19,22.549999237060547,22.649999618530273,22.329999923706055,22.6299991607666,11893884.0
2023-09-20,22.690000534057617,22.690000534057617,22.190000534057617,22.219999313354492,13419739.0
2023-09-21,22.079999923706055,22.3700008392334,22.030000686645508,22.030000686645508,16338935.0
2023-09-22,22.219999313354492,22.780000686645508,22.049999237060547,22.780000686645508,23928696.0
2023-09-25,22.950000762939453,22.950000762939453,22.579999923706055,22.709999084472656,12719771.0
2023-09-26,22.760000228881836,22.93000030517578,22.420000076293945,22.459999084472656,10195962.0
2023-09-27,22.1200008392334,22.56999969482422,21.90999984741211,22.040000915527344,19988761.0
2023-09-28,22.219999313354492,22.260000228881836,22.059999465942383,22.190000534057617,11915161.0
2023-10-09,22.190000534057617,22.579999923706055,22.06999969482422,22.290000915527344,14883827.0
2023-10-10,22.559999465942383,22.559999465942383,22.200000762939453,22.3799991607666,10701579.0
2023-10-11,22.579999923706055,22.790000915527344,22.31999969482422,22.329999923706055,18658202.0
2023-10-12,22.649999618530273,22.670000076293945,22.350000381469727,22.600000381469727,10610238.0
2023-10-13,22.350000381469727,22.440000534057617,22.030000686645508,22.1299991607666,11501593.0
2023-10-16,22.110000610351562,22.18000030517578,21.670000076293945,21.780000686645508,13418675.0
2023-10-17,21.899999618530273,22.200000762939453,21.700000762939453,22.139999389648438,9929855.0
2023-10-18,22.0,22.350000381469727,21.959999084472656,22.329999923706055,15770341.0
2023-10-19,22.260000228881836,22.600000381469727,22.200000762939453,22.43000030517578,20296054.0
2023-10-20,22.399999618530273,22.479999542236328,21.979999542236328,22.100000381469727,13088621.0
2023-10-23,22.049999237060547,22.049999237060547,21.5,21.65999984741211,13688456.0
2023-10-24,21.290000915527344,21.649999618530273,21.0,21.579999923706055,19390842.0
2023-10-25,21.860000610351562,22.18000030517578,21.5,21.690000534057617,18048247.0
2023-10-26,21.649999618530273,22.149999618530273,21.559999465942383,22.09000015258789,17477011.0
2023-10-27,21.950000762939453,22.6299991607666,21.950000762939453,22.540000915527344,13728195.0
2023-10-30,22.420000076293945,22.709999084472656,22.329999923706055,22.5,10655325.0
2023-10-31,22.5,22.65999984741211,22.299999237060547,22.549999237060547,11819885.0
2023-11-01,22.43000030517578,22.780000686645508,22.200000762939453,22.65999984741211,17181699.0
2023-11-02,22.850000381469727,22.940000534057617,22.610000610351562,22.670000076293945,8730197.0
2023-11-03,22.649999618530273,22.81999969482422,22.520000457763672,22.579999923706055,10773249.0
2023-11-06,22.6200008392334,23.0,22.579999923706055,22.65999984741211,17094062.0
2023-11-07,22.6200008392334,22.719999313354492,22.459999084472656,22.6200008392334,8721977.0
2023-11-08,22.610000610351562,22.729999542236328,22.450000762939453,22.510000228881836,9192152.0
2023-11-09,22.649999618530273,22.709999084472656,22.420000076293945,22.670000076293945,9282095.0
2023-11-10,22.520000457763672,22.719999313354492,22.489999771118164,22.520000457763672,8225276.0
2023-11-13,22.59000015258789,22.709999084472656,22.25,22.31999969482422,13466301.0
2023-11-14,22.43000030517578,22.559999465942383,21.93000030517578,22.010000228881836,16438644.0
2023-11-15,22.149999618530273,22.649999618530273,22.059999465942383,22.43000030517578,22606132.0
2023-11-16,22.3700008392334,22.479999542236328,22.020000457763672,22.209999084472656,21627281.0
2023-11-17,22.049999237060547,22.290000915527344,22.010000228881836,22.200000762939453,14890837.0
2023-11-20,22.299999237060547,22.579999923706055,22.190000534057617,22.459999084472656,11938021.0
2023-11-21,22.6299991607666,22.6299991607666,22.209999084472656,22.219999313354492,17427774.0
2023-11-22,22.100000381469727,22.34000015258789,22.059999465942383,22.059999465942383,8870296.0
2023-11-23,22.030000686645508,22.280000686645508,22.030000686645508,22.239999771118164,10169017.0
2023-11-24,22.200000762939453,22.239999771118164,22.040000915527344,22.059999465942383,7490477.0
2023-11-27,22.010000228881836,22.139999389648438,21.850000381469727,22.100000381469727,11560351.0
2023-11-28,22.139999389648438,22.139999389648438,21.8799991607666,22.010000228881836,11186030.0
2023-11-29,22.06999969482422,22.06999969482422,21.790000915527344,21.899999618530273,10620972.0
2023-11-30,21.969999313354492,22.290000915527344,21.8799991607666,22.010000228881836,14546772.0
2023-12-01,22.010000228881836,22.020000457763672,21.549999237060547,21.979999542236328,22145409.0
2023-12-04,21.979999542236328,22.170000076293945,21.899999618530273,21.989999771118164,13287020.0
2023-12-05,22.110000610351562,22.110000610351562,21.600000381469727,21.600000381469727,14837532.0
2023-12-06,21.549999237060547,21.700000762939453,21.40999984741211,21.40999984741211,13638382.0
2023-12-07,21.389999389648438,21.459999084472656,21.200000762939453,21.309999465942383,15126825.0
2023-12-08,21.309999465942383,21.450000762939453,21.139999389648438,21.260000228881836,18910088.0
2023-12-11,20.200000762939453,21.3700008392334,20.079999923706055,21.31999969482422,21046813.0
2023-12-12,21.219999313354492,21.280000686645508,21.0,21.209999084472656,11457429.0
2023-12-13,21.200000762939453,21.219999313354492,20.8799991607666,20.8799991607666,12971929.0
2023-12-14,20.8799991607666,21.299999237060547,20.850000381469727,21.100000381469727,16399693.0
2023-12-15,21.200000762939453,21.350000381469727,20.649999618530273,20.649999618530273,22381994.0
2023-12-18,20.68000030517578,21.049999237060547,20.450000762939453,20.84000015258789,17324346.0
2023-12-19,20.81999969482422,21.280000686645508,20.719999313354492,21.139999389648438,15324768.0
2023-12-20,20.979999542236328,21.329999923706055,20.979999542236328,21.020000457763672,10987861.0
2023-12-21,20.959999084472656,21.3799991607666,20.90999984741211,21.31999969482422,15467705.0
2023-12-22,21.309999465942383,21.65999984741211,21.079999923706055,21.59000015258789,17868949.0
2023-12-25,21.649999618530273,21.760000228881836,21.399999618530273,21.549999237060547,9438690.0
2023-12-26,21.549999237060547,21.579999923706055,21.280000686645508,21.450000762939453,7397009.0
2023-12-27,21.510000228881836,21.700000762939453,21.270000457763672,21.649999618530273,14231151.0
2023-12-28,21.649999618530273,21.959999084472656,21.549999237060547,21.8799991607666,17767488.0
2023-12-29,22.0,22.34000015258789,21.8799991607666,22.31999969482422,25305967.0
2024-01-02,22.219999313354492,22.31999969482422,21.989999771118164,22.100000381469727,16461818.0
2024-01-03,22.100000381469727,22.459999084472656,22.010000228881836,22.399999618530273,16604748.0
2024-01-04,22.59000015258789,22.600000381469727,22.110000610351562,22.3799991607666,22272368.0
2024-01-05,22.290000915527344,22.520000457763672,22.020000457763672,22.190000534057617,18225288.0
2024-01-08,22.420000076293945,22.420000076293945,21.90999984741211,21.920000076293945,18938484.0
2024-01-09,22.100000381469727,22.100000381469727,21.6200008392334,21.829999923706055,18348858.0
2024-01-10,21.770000457763672,21.959999084472656,21.549999237060547,21.6299991607666,14152249.0
2024-01-11,21.549999237060547,21.690000534057617,21.059999465942383,21.100000381469727,19867388.0
2024-01-12,20.940000534057617,21.15999984741211,20.610000610351562,20.969999313354492,23684409.0
2024-01-15,20.809999465942383,21.360000610351562,20.809999465942383,21.1299991607666,16008800.0
2024-01-16,21.219999313354492,21.350000381469727,20.81999969482422,21.190000534057617,21713424.0
2024-01-17,21.18000030517578,21.239999771118164,20.790000915527344,20.790000915527344,22696420.0
2024-01-18,20.799999237060547,21.389999389648438,20.40999984741211,21.190000534057617,37757692.0
2024-01-19,21.079999923706055,21.260000228881836,20.860000610351562,21.020000457763672,31233287.0
2024-01-22,20.940000534057617,21.219999313354492,20.610000610351562,20.8700008392334,30191319.0
2024-01-23,20.65999984741211,20.989999771118164,20.350000381469727,20.549999237060547,28078895.0
2024-01-24,20.739999771118164,20.739999771118164,20.239999771118164,20.65999984741211,25308362.0
2024-01-25,20.700000762939453,21.290000915527344,20.549999237060547,21.239999771118164,26942518.0
2024-01-26,21.190000534057617,21.299999237060547,20.90999984741211,21.15999984741211,22494135.0
2024-01-29,21.190000534057617,21.549999237060547,21.1200008392334,21.389999389648438,23723315.0
2024-01-30,21.299999237060547,21.549999237060547,20.920000076293945,20.950000762939453,25162136.0
2024-01-31,21.200000762939453,21.34000015258789,20.860000610351562,21.010000228881836,25671749.0
2024-02-01,20.899999618530273,21.34000015258789,20.829999923706055,20.8799991607666,25127533.0
2024-02-02,20.8799991607666,21.010000228881836,20.200000762939453,20.600000381469727,23799870.0
2024-02-05,20.65999984741211,21.420000076293945,20.3700008392334,21.149999618530273,30030593.0
2024-02-06,20.950000762939453,22.219999313354492,20.920000076293945,22.139999389648438,35899489.0
2024-02-07,22.209999084472656,22.450000762939453,21.950000762939453,22.450000762939453,37109660.0
2024-02-08,22.34000015258789,22.950000762939453,22.260000228881836,22.469999313354492,34146655.0
2024-02-19,22.799999237060547,22.829999923706055,22.3700008392334,22.690000534057617,25490556.0
2024-02-20,22.700000762939453,22.940000534057617,22.530000686645508,22.889999389648438,13293062.0
2024-02-21,22.540000915527344,22.950000762939453,22.540000915527344,22.559999465942383,26169995.0
2024-02-22,22.420000076293945,22.850000381469727,22.350000381469727,22.760000228881836,16230743.0
2024-02-23,22.520000457763672,22.790000915527344,22.1299991607666,22.719999313354492,28060077.0
2024-02-26,22.719999313354492,23.139999389648438,22.6299991607666,22.75,17878872.0
2024-02-27,22.68000030517578,22.950000762939453,22.600000381469727,22.90999984741211,12302672.0
2024-02-28,23.0,23.049999237060547,22.6200008392334,22.780000686645508,20668842.0
2024-02-29,22.760000228881836,23.219999313354492,22.739999771118164,23.18000030517578,19352131.0
2024-03-01,23.030000686645508,23.399999618530273,22.93000030517578,23.299999237060547,17136416.0
2024-03-04,23.299999237060547,24.100000381469727,23.290000915527344,23.860000610351562,26195727.0
2024-03-05,23.700000762939453,24.68000030517578,23.65999984741211,24.530000686645508,36405649.0
2024-03-06,24.530000686645508,25.469999313354492,24.530000686645508,25.010000228881836,39481960.0
2024-03-07,25.010000228881836,25.1299991607666,24.770000457763672,24.889999389648438,24403436.0
2024-03-08,24.670000076293945,25.040000915527344,24.489999771118164,24.850000381469727,31532701.0
2024-03-11,24.850000381469727,25.329999923706055,24.770000457763672,25.020000457763672,26216725.0
2024-03-12,25.209999084472656,25.239999771118164,24.6299991607666,24.65999984741211,25055950.0
2024-03-13,24.299999237060547,24.90999984741211,24.239999771118164,24.540000915527344,25722781.0
2024-03-14,24.610000610351562,24.610000610351562,24.200000762939453,24.31999969482422,26987483.0
2024-03-15,24.200000762939453,24.3700008392334,23.760000228881836,24.100000381469727,28718455.0
2024-03-18,24.170000076293945,24.649999618530273,24.0,24.579999923706055,24930558.0
2024-03-19,24.600000381469727,24.649999618530273,24.280000686645508,24.329999923706055,16921073.0
2024-03-20,24.469999313354492,24.68000030517578,24.200000762939453,24.59000015258789,20055686.0
2024-03-21,24.799999237060547,24.899999618530273,24.510000228881836,24.600000381469727,18583650.0
2024-03-22,24.65999984741211,24.670000076293945,24.260000228881836,24.510000228881836,24159291.0
2024-03-25,24.670000076293945,24.760000228881836,24.450000762939453,24.559999465942383,16139254.0
2024-03-26,24.43000030517578,24.799999237060547,24.299999237060547,24.360000610351562,16870983.0
2024-03-27,24.3799991607666,24.479999542236328,24.079999923706055,24.079999923706055,20520987.0
2024-03-28,24.079999923706055,24.450000762939453,23.899999618530273,24.110000610351562,19474482.0
2024-03-29,24.110000610351562,24.450000762939453,24.049999237060547,24.34000015258789,5068740.0
2024-04-01,24.360000610351562,24.920000076293945,24.270000457763672,24.43000030517578,18680115.0
2024-04-02,24.389999389648438,24.459999084472656,24.06999969482422,24.260000228881836,26185530.0
2024-04-03,24.1200008392334,24.25,23.600000381469727,23.6200008392334,23848524.0
2024-04-08,23.6299991607666,24.3799991607666,23.600000381469727,23.8700008392334,26117141.0
2024-04-09,23.969999313354492,24.030000686645508,23.540000915527344,23.670000076293945,14554320.0
2024-04-10,23.700000762939453,23.790000915527344,23.420000076293945,23.479999542236328,12868477.0
2024-04-11,23.450000762939453,24.6200008392334,23.389999389648438,24.510000228881836,32581167.0
2024-04-12,24.399999618530273,25.049999237060547,24.3799991607666,24.700000762939453,29183912.0
2024-04-15,24.459999084472656,25.459999084472656,24.459999084472656,25.100000381469727,33648955.0
2024-04-16,24.90999984741211,25.360000610351562,24.760000228881836,25.030000686645508,26575417.0
2024-04-17,24.770000457763672,25.700000762939453,24.68000030517578,25.549999237060547,30488382.0
2024-04-18,25.5,26.299999237060547,25.420000076293945,26.049999237060547,36956470.0
2024-04-19,25.799999237060547,26.040000915527344,25.329999923706055,25.510000228881836,24712642.0
2024-04-22,25.68000030517578,25.93000030517578,25.450000762939453,25.579999923706055,18513153.0
2024-04-23,25.600000381469727,25.799999237060547,25.1200008392334,25.469999313354492,22786434.0
2024-04-24,25.579999923706055,25.899999618530273,25.469999313354492,25.780000686645508,19361846.0
2024-04-25,25.549999237060547,25.729999542236328,25.110000610351562,25.18000030517578,18976847.0
2024-04-26,25.299999237060547,25.3700008392334,24.020000457763672,24.100000381469727,54504276.0
2024-04-29,24.0,24.25,23.549999237060547,23.649999618530273,53012375.0
2024-04-30,23.649999618530273,23.799999237060547,22.899999618530273,23.540000915527344,56449843.0
2024-05-06,24.010000228881836,24.049999237060547,22.93000030517578,23.139999389648438,87235636.0
2024-05-07,23.139999389648438,23.489999771118164,22.969999313354492,23.229999542236328,40712512.0
2024-05-08,22.950000762939453,23.239999771118164,22.8700008392334,22.950000762939453,34769573.0
2024-05-09,22.940000534057617,23.5,22.940000534057617,23.270000457763672,39709678.0
2024-05-10,23.270000457763672,23.610000610351562,22.979999542236328,23.40999984741211,47501804.0
2024-05-13,23.420000076293945,24.350000381469727,23.25,24.219999313354492,76983667.0
2024-05-14,24.219999313354492,24.469999313354492,23.850000381469727,24.149999618530273,48193811.0
2024-05-15,24.139999389648438,24.399999618530273,23.520000457763672,23.549999237060547,30570449.0
2024-05-16,23.3799991607666,23.5,22.979999542236328,23.010000228881836,49555137.0
2024-05-17,23.0,23.149999618530273,22.8700008392334,23.079999923706055,26335274.0
2024-05-20,23.079999923706055,23.170000076293945,22.700000762939453,22.799999237060547,55638283.0
2024-05-21,22.719999313354492,22.799999237060547,22.440000534057617,22.510000228881836,34750783.0
2024-05-22,22.489999771118164,22.600000381469727,22.350000381469727,22.459999084472656,28459946.0
2024-05-23,22.450000762939453,22.450000762939453,22.149999618530273,22.239999771118164,24408130.0
2024-05-24,22.200000762939453,22.68000030517578,22.149999618530273,22.239999771118164,40391248.0
2024-05-27,22.260000228881836,23.1200008392334,22.25,23.0,64724092.0
2024-05-28,22.959999084472656,23.229999542236328,22.899999618530273,23.0,35064920.0
2024-05-29,22.899999618530273,23.219999313354492,22.709999084472656,22.90999984741211,27907355.0
2024-05-30,23.0,23.5,23.0,23.139999389648438,41924443.0
2024-05-31,23.15999984741211,23.209999084472656,22.510000228881836,22.510000228881836,47232503.0
2024-06-03,22.399999618530273,23.049999237060547,22.280000686645508,22.889999389648438,35147189.0
2024-06-04,22.829999923706055,24.15999984741211,22.770000457763672,24.079999923706055,66963742.0
2024-06-05,24.079999923706055,24.5,23.729999542236328,23.809999465942383,47818313.0
2024-06-06,23.700000762939453,24.450000762939453,23.700000762939453,23.950000762939453,33721139.0
2024-06-07,24.0,24.149999618530273,23.600000381469727,23.770000457763672,27531870.0
2024-06-11,23.600000381469727,23.950000762939453,23.549999237060547,23.65999984741211,23224933.0
2024-06-12,23.709999084472656,23.8799991607666,23.43000030517578,23.600000381469727,25033303.0
2024-06-13,23.690000534057617,24.329999923706055,23.600000381469727,24.139999389648438,39248372.0
2024-06-14,23.700000762939453,24.229999542236328,23.420000076293945,23.899999618530273,41701110.0
2024-06-17,23.889999389648438,24.969999313354492,23.809999465942383,24.700000762939453,64599176.0
2024-06-18,24.649999618530273,24.920000076293945,24.360000610351562,24.799999237060547,30518163.0
2024-06-19,24.799999237060547,25.049999237060547,24.389999389648438,24.520000457763672,25170511.0
2024-06-20,24.540000915527344,24.760000228881836,24.299999237060547,24.530000686645508,24592587.0
2024-06-21,24.68000030517578,24.780000686645508,24.200000762939453,24.56999969482422,29183560.0
2024-06-24,24.5,25.100000381469727,24.40999984741211,24.790000915527344,36108937.0
2024-06-25,24.780000686645508,24.8799991607666,24.1200008392334,24.329999923706055,31585377.0
2024-06-26,24.280000686645508,24.469999313354492,24.0,24.360000610351562,19420021.0
2024-06-27,24.31999969482422,24.360000610351562,24.049999237060547,24.209999084472656,20846033.0
2024-06-28,24.209999084472656,25.200000762939453,24.149999618530273,24.959999084472656,41381508.0
2024-07-01,24.93000030517578,25.020000457763672,24.549999237060547,24.850000381469727,21441416.0
2024-07-02,24.670000076293945,24.790000915527344,24.110000610351562,24.420000076293945,24844385.0
2024-07-03,24.309999465942383,24.440000534057617,24.149999618530273,24.34000015258789,13134352.0
2024-07-04,24.450000762939453,25.100000381469727,24.360000610351562,24.700000762939453,23921012.0
2024-07-05,24.700000762939453,24.700000762939453,24.700000762939453,24.700000762939453,0.0
2024-07-08,24.6299991607666,25.1200008392334,24.600000381469727,24.790000915527344,27935394.0
2024-07-09,24.729999542236328,25.280000686645508,24.5,25.200000762939453,29455803.0
2024-07-10,25.170000076293945,25.450000762939453,24.479999542236328,24.690000534057617,29001772.0
2024-07-11,24.639999389648438,24.790000915527344,24.299999237060547,24.540000915527344,24418671.0
2024-07-12,24.600000381469727,24.600000381469727,24.1200008392334,24.350000381469727,25651286.0
2024-07-15,24.329999923706055,24.440000534057617,23.899999618530273,24.149999618530273,23673495.0
2024-07-16,24.15999984741211,24.3700008392334,23.809999465942383,24.229999542236328,22602444.0
2024-07-17,24.229999542236328,24.280000686645508,23.719999313354492,24.209999084472656,22828834.0
2024-07-18,24.209999084472656,25.040000915527344,24.079999923706055,24.719999313354492,33599084.0
2024-07-19,24.649999618530273,24.8700008392334,24.1200008392334,24.799999237060547,37259782.0
2024-07-22,24.790000915527344,25.100000381469727,24.420000076293945,24.489999771118164,27925843.0
2024-07-23,24.600000381469727,24.729999542236328,23.81999969482422,24.079999923706055,27745190.0
2024-07-24,23.959999084472656,24.280000686645508,23.8700008392334,24.020000457763672,16556364.0
2024-07-25,24.0,24.059999465942383,23.59000015258789,23.959999084472656,21025125.0
2024-07-26,23.8799991607666,24.489999771118164,23.719999313354492,24.389999389648438,23183368.0
2024-07-29,24.649999618530273,25.0,24.270000457763672,24.40999984741211,23217847.0
2024-07-30,24.260000228881836,24.290000915527344,23.770000457763672,24.049999237060547,19558811.0
2024-07-31,23.959999084472656,24.25,23.530000686645508,24.020000457763672,29776630.0
2024-08-01,24.0,24.399999618530273,23.760000228881836,23.799999237060547,24819536.0
2024-08-02,23.790000915527344,24.079999923706055,23.520000457763672,23.670000076293945,15673810.0
2024-08-05,23.700000762939453,24.0,23.559999465942383,23.719999313354492,21814846.0
2024-08-06,23.780000686645508,23.899999618530273,23.239999771118164,23.530000686645508,26144132.0
2024-08-07,23.549999237060547,24.030000686645508,23.549999237060547,23.81999969482422,23185707.0
2024-08-08,23.709999084472656,23.889999389648438,23.360000610351562,23.649999618530273,21925699.0
2024-08-09,23.600000381469727,24.030000686645508,23.43000030517578,23.530000686645508,12349694.0
2024-08-12,23.700000762939453,23.850000381469727,23.510000228881836,23.530000686645508,10114232.0
2024-08-13,23.530000686645508,24.049999237060547,23.510000228881836,23.799999237060547,19312099.0
2024-08-14,23.969999313354492,23.969999313354492,23.350000381469727,23.350000381469727,19256158.0
2024-08-15,23.309999465942383,23.75,23.030000686645508,23.670000076293945,15839369.0
2024-08-16,23.6299991607666,23.760000228881836,23.450000762939453,23.6299991607666,16088000.0
2024-08-19,23.690000534057617,23.940000534057617,23.549999237060547,23.690000534057617,11026899.0
2024-08-20,23.829999923706055,23.829999923706055,23.219999313354492,23.399999618530273,15935713.0
2024-08-21,23.389999389648438,23.5,23.209999084472656,23.479999542236328,13108932.0
2024-08-22,23.469999313354492,24.030000686645508,23.350000381469727,23.899999618530273,18783318.0
2024-08-23,23.709999084472656,24.18000030517578,23.6299991607666,23.760000228881836,13407652.0
2024-08-26,23.760000228881836,23.889999389648438,23.450000762939453,23.579999923706055,12518111.0
2024-08-27,23.459999084472656,23.600000381469727,23.1200008392334,23.31999969482422,15359145.0
2024-08-28,23.40999984741211,23.649999618530273,22.989999771118164,23.299999237060547,17793106.0
2024-08-29,23.299999237060547,23.829999923706055,22.850000381469727,23.760000228881836,26868228.0
2024-08-30,23.639999389648438,24.75,23.639999389648438,24.6200008392334,38075699.0
2024-09-02,24.579999923706055,24.979999542236328,24.530000686645508,24.719999313354492,27099569.0
2024-09-03,24.649999618530273,25.469999313354492,24.559999465942383,25.34000015258789,27762439.0
2024-09-04,25.290000915527344,25.469999313354492,24.90999984741211,25.3799991607666,22284332.0
2024-09-05,25.43000030517578,25.479999542236328,24.790000915527344,25.209999084472656,22136314.0
2024-09-06,25.309999465942383,25.450000762939453,25.100000381469727,25.110000610351562,12574325.0
2024-09-09,25.3799991607666,25.399999618530273,24.81999969482422,25.139999389648438,27797852.0
2024-09-10,25.190000534057617,25.270000457763672,24.969999313354492,25.18000030517578,20112718.0
2024-09-11,25.170000076293945,25.68000030517578,25.110000610351562,25.559999465942383,18380213.0
2024-09-12,25.600000381469727,26.049999237060547,25.5,25.600000381469727,20698319.0
2024-09-13,25.600000381469727,25.989999771118164,25.399999618530273,25.84000015258789,16936608.0
2024-09-18,25.84000015258789,26.3799991607666,25.75,26.06999969482422,16959919.0
2024-09-19,26.3700008392334,26.3700008392334,25.5,25.709999084472656,29890562.0
2024-09-20,25.649999618530273,25.899999618530273,25.40999984741211,25.739999771118164,23666506.0
2024-09-23,25.6200008392334,26.030000686645508,25.579999923706055,25.639999389648438,11659810.0
2024-09-24,26.059999465942383,26.09000015258789,25.239999771118164,25.690000534057617,37482682.0
2024-09-25,26.110000610351562,26.989999771118164,25.770000457763672,26.469999313354492,46398021.0
2024-09-26,26.989999771118164,27.0,25.600000381469727,26.049999237060547,55381220.0
2024-09-27,26.18000030517578,27.0,25.200000762939453,26.1200008392334,42836964.0
2024-09-30,26.639999389648438,27.90999984741211,26.360000610351562,27.670000076293945,106252330.0
2024-10-08,30.440000534057617,30.440000534057617,27.5,27.899999618530273,119692401.0
2024-10-09,27.6299991607666,28.639999389648438,26.93000030517578,27.149999618530273,90232262.0
2024-10-10,27.18000030517578,27.989999771118164,26.889999389648438,27.1200008392334,69974789.0
2024-10-11,27.200000762939453,27.25,26.360000610351562,26.649999618530273,32840639.0
2024-10-14,27.020000457763672,27.25,26.3700008392334,26.8799991607666,34782926.0
2024-10-15,26.75,26.84000015258789,25.90999984741211,25.940000534057617,40917227.0
2024-10-16,25.75,26.280000686645508,25.510000228881836,25.989999771118164,26969657.0
2024-10-17,26.139999389648438,26.270000457763672,25.65999984741211,25.760000228881836,24798292.0
2024-10-18,25.850000381469727,26.719999313354492,25.68000030517578,26.360000610351562,35149655.0
2024-10-21,26.540000915527344,26.540000915527344,25.799999237060547,25.889999389648438,41250110.0
2024-10-22,25.899999618530273,26.979999542236328,25.899999618530273,26.690000534057617,38218219.0
2024-10-23,26.790000915527344,27.09000015258789,26.510000228881836,26.56999969482422,28542883.0
2024-10-24,26.670000076293945,26.670000076293945,26.350000381469727,26.479999542236328,13681304.0
2024-10-25,26.450000762939453,26.469999313354492,26.100000381469727,26.299999237060547,20472950.0
2024-10-28,26.270000457763672,27.010000228881836,26.020000457763672,26.969999313354492,33670341.0
2024-10-29,26.950000762939453,27.56999969482422,26.8799991607666,27.350000381469727,28938572.0
2024-10-30,27.299999237060547,27.65999984741211,26.65999984741211,26.90999984741211,26585685.0
2024-10-31,26.899999618530273,26.969999313354492,25.809999465942383,25.959999084472656,41988074.0
2024-11-01,25.959999084472656,26.739999771118164,25.829999923706055,26.540000915527344,29174209.0
2024-11-04,26.600000381469727,27.030000686645508,26.420000076293945,26.639999389648438,21931331.0
2024-11-05,26.5,27.030000686645508,26.3799991607666,27.0,26440596.0
2024-11-06,26.950000762939453,27.360000610351562,26.709999084472656,26.829999923706055,24034521.0
2024-11-07,26.84000015258789,27.3700008392334,26.84000015258789,27.260000228881836,23055186.0
2024-11-08,27.389999389648438,27.8799991607666,27.209999084472656,27.299999237060547,33213572.0
2024-11-11,26.850000381469727,27.270000457763672,26.84000015258789,27.020000457763672,28307607.0
2024-11-12,26.670000076293945,27.520000457763672,26.190000534057617,26.239999771118164,47752565.0
2024-11-13,26.239999771118164,26.989999771118164,26.209999084472656,26.899999618530273,34427261.0
2024-11-14,26.670000076293945,27.149999618530273,26.360000610351562,26.420000076293945,23013253.0
2024-11-15,26.209999084472656,26.670000076293945,25.90999984741211,26.209999084472656,26045987.0
2024-11-18,26.209999084472656,26.65999984741211,26.1299991607666,26.31999969482422,20266142.0
2024-11-19,26.329999923706055,26.739999771118164,26.1200008392334,26.389999389648438,15973900.0
2024-11-20,26.40999984741211,26.549999237060547,26.1200008392334,26.469999313354492,15357993.0
2024-11-21,26.549999237060547,26.790000915527344,26.399999618530273,26.75,22760920.0
2024-11-22,26.84000015258789,26.850000381469727,25.799999237060547,25.809999465942383,27937454.0
2024-11-25,25.799999237060547,25.90999984741211,25.030000686645508,25.06999969482422,33095788.0
2024-11-26,25.0,25.239999771118164,24.809999465942383,24.93000030517578,19687723.0
2024-11-27,24.93000030517578,25.030000686645508,24.59000015258789,25.0,20678426.0
2024-11-28,25.020000457763672,25.020000457763672,24.510000228881836,24.610000610351562,23129428.0
2024-11-29,24.780000686645508,24.979999542236328,24.510000228881836,24.68000030517578,19322189.0
2024-12-02,24.809999465942383,24.809999465942383,24.43000030517578,24.639999389648438,27331276.0
2024-12-03,24.670000076293945,25.1299991607666,24.540000915527344,25.020000457763672,34934169.0
2024-12-04,25.0,25.079999923706055,24.6200008392334,24.889999389648438,19617089.0
2024-12-05,24.799999237060547,24.81999969482422,24.530000686645508,24.579999923706055,19715712.0
2024-12-06,24.600000381469727,25.0,24.530000686645508,24.860000610351562,20740560.0
2024-12-09,24.860000610351562,25.079999923706055,24.719999313354492,24.920000076293945,17784077.0
2024-12-10,25.299999237060547,25.440000534057617,24.81999969482422,24.90999984741211,28005637.0
2024-12-11,25.030000686645508,25.030000686645508,24.709999084472656,24.950000762939453,22852466.0
2024-12-12,24.860000610351562,25.059999465942383,24.75,25.049999237060547,19644128.0
2024-12-13,24.809999465942383,24.969999313354492,24.43000030517578,24.459999084472656,31522781.0
2024-12-16,24.469999313354492,24.829999923706055,24.0,24.079999923706055,31457388.0
2024-12-17,24.010000228881836,24.75,23.950000762939453,24.510000228881836,25485741.0
2024-12-18,24.649999618530273,24.780000686645508,24.450000762939453,24.549999237060547,15264326.0
2024-12-19,24.530000686645508,25.139999389648438,24.329999923706055,25.079999923706055,27177087.0
2024-12-20,25.09000015258789,25.18000030517578,24.610000610351562,24.850000381469727,21964854.0
2024-12-23,24.770000457763672,25.110000610351562,24.700000762939453,24.719999313354492,19518015.0
2024-12-24,24.850000381469727,25.260000228881836,24.729999542236328,25.239999771118164,26496950.0
2024-12-25,25.239999771118164,25.440000534057617,24.899999618530273,25.0,14730853.0
2024-12-26,25.010000228881836,25.190000534057617,24.780000686645508,25.059999465942383,12464739.0
2024-12-27,24.90999984741211,25.18000030517578,24.809999465942383,25.06999969482422,14578278.0
2024-12-30,25.030000686645508,25.479999542236328,25.0,25.100000381469727,17339245.0
2024-12-31,25.030000686645508,25.420000076293945,24.899999618530273,25.219999313354492,30603214.0
2025-01-02,25.200000762939453,25.25,24.06999969482422,24.219999313354492,34958507.0
2025-01-03,24.149999618530273,24.440000534057617,23.780000686645508,23.860000610351562,20012527.0
2025-01-06,24.049999237060547,24.149999618530273,23.6299991607666,23.790000915527344,19349689.0
2025-01-07,23.780000686645508,24.149999618530273,23.6299991607666,23.75,17162707.0
2025-01-08,23.760000228881836,23.860000610351562,23.290000915527344,23.600000381469727,18787600.0
2025-01-09,23.549999237060547,24.059999465942383,23.350000381469727,23.709999084472656,19512873.0
2025-01-10,23.850000381469727,23.850000381469727,23.450000762939453,23.450000762939453,12794465.0
2025-01-13,23.34000015258789,23.6200008392334,23.079999923706055,23.200000762939453,16463640.0
2025-01-14,23.200000762939453,23.8700008392334,22.889999389648438,23.700000762939453,22053864.0
2025-01-15,23.600000381469727,23.760000228881836,23.219999313354492,23.239999771118164,18797470.0
2025-01-16,23.270000457763672,23.530000686645508,22.760000228881836,22.899999618530273,28536410.0
2025-01-17,22.899999618530273,23.270000457763672,22.65999984741211,22.969999313354492,23202785.0
2025-01-20,23.229999542236328,23.520000457763672,22.809999465942383,22.8700008392334,32823196.0
2025-01-21,23.049999237060547,23.600000381469727,22.93000030517578,23.420000076293945,29885895.0
2025-01-22,23.700000762939453,23.81999969482422,23.079999923706055,23.530000686645508,27015013.0
2025-01-23,23.59000015258789,23.709999084472656,22.739999771118164,22.84000015258789,41525865.0
2025-01-24,22.780000686645508,23.56999969482422,22.739999771118164,23.31999969482422,36466265.0
2025-01-27,23.329999923706055,23.540000915527344,23.079999923706055,23.079999923706055,19953829.0
2025-02-05,23.229999542236328,23.260000228881836,22.809999465942383,22.899999618530273,26950823.0
2025-02-06,22.81999969482422,23.06999969482422,22.809999465942383,23.059999465942383,29075300.0
2025-02-07,23.079999923706055,23.40999984741211,22.8700008392334,23.1299991607666,38198775.0
2025-02-10,23.149999618530273,23.350000381469727,23.0,23.219999313354492,32769287.0
2025-02-11,23.219999313354492,23.25,22.920000076293945,23.059999465942383,22186212.0
2025-02-12,23.079999923706055,23.260000228881836,22.969999313354492,23.139999389648438,34893822.0
2025-02-13,23.18000030517578,23.34000015258789,23.020000457763672,23.049999237060547,32445596.0
2025-02-14,23.020000457763672,23.75,23.010000228881836,23.690000534057617,53151494.0
2025-02-17,23.959999084472656,23.969999313354492,23.450000762939453,23.6200008392334,31337943.0
2025-02-18,23.600000381469727,23.8799991607666,23.389999389648438,23.5,24948245.0
2025-02-19,23.399999618530273,23.510000228881836,23.219999313354492,23.329999923706055,30111228.0
2025-02-20,23.329999923706055,23.34000015258789,23.010000228881836,23.219999313354492,26539547.0
2025-02-21,23.399999618530273,23.780000686645508,23.25,23.6200008392334,42365813.0
2025-02-24,23.65999984741211,23.729999542236328,23.350000381469727,23.469999313354492,32913485.0
2025-02-25,23.290000915527344,23.479999542236328,23.100000381469727,23.139999389648438,33646455.0
2025-02-26,23.100000381469727,23.200000762939453,22.950000762939453,23.170000076293945,32005738.0
2025-02-27,23.1200008392334,23.239999771118164,22.969999313354492,23.149999618530273,32461605.0
2025-02-28,23.149999618530273,24.040000915527344,23.06999969482422,23.450000762939453,60306511.0
2025-03-03,23.559999465942383,23.920000076293945,23.5,23.59000015258789,32766651.0
2025-03-04,23.450000762939453,23.8799991607666,23.420000076293945,23.6200008392334,24132910.0
2025-03-05,23.510000228881836,23.790000915527344,23.450000762939453,23.479999542236328,26246566.0
2025-03-06,23.59000015258789,23.59000015258789,23.229999542236328,23.299999237060547,37690604.0
2025-03-07,23.260000228881836,23.299999237060547,22.8700008392334,22.899999618530273,44568169.0
2025-03-10,22.899999618530273,22.93000030517578,22.329999923706055,22.389999389648438,54079805.0
2025-03-11,22.100000381469727,22.450000762939453,22.100000381469727,22.3799991607666,32741284.0
2025-03-12,22.469999313354492,22.479999542236328,22.1200008392334,22.399999618530273,38175842.0
2025-03-13,22.290000915527344,22.610000610351562,22.260000228881836,22.399999618530273,30937890.0
2025-03-14,22.450000762939453,22.780000686645508,22.399999618530273,22.559999465942383,50507379.0
2025-03-17,22.610000610351562,22.719999313354492,22.420000076293945,22.479999542236328,33275963.0
2025-03-18,22.559999465942383,22.670000076293945,22.3799991607666,22.450000762939453,27969897.0
2025-03-19,22.469999313354492,22.5,22.25,22.350000381469727,29363819.0
2025-03-20,22.309999465942383,22.559999465942383,22.190000534057617,22.489999771118164,28395085.0
2025-03-21,22.440000534057617,22.670000076293945,22.149999618530273,22.149999618530273,37008193.0
2025-03-24,22.15999984741211,22.43000030517578,22.100000381469727,22.25,27776427.0
2025-03-25,22.239999771118164,22.700000762939453,22.149999618530273,22.5,34788453.0
2025-03-26,22.450000762939453,22.68000030517578,22.280000686645508,22.459999084472656,26988341.0
2025-03-27,22.399999618530273,22.520000457763672,22.290000915527344,22.479999542236328,19226722.0
2025-03-28,22.469999313354492,22.540000915527344,22.25,22.329999923706055,23453414.0
2025-03-31,22.270000457763672,22.3700008392334,21.899999618530273,21.899999618530273,31796410.0
2025-04-01,21.8799991607666,22.139999389648438,21.719999313354492,22.110000610351562,25037610.0
2025-04-02,22.06999969482422,22.219999313354492,21.899999618530273,21.899999618530273,19401856.0
2025-04-03,21.600000381469727,22.420000076293945,21.600000381469727,22.329999923706055,41989439.0
2025-04-07,21.700000762939453,22.43000030517578,21.309999465942383,21.860000610351562,88717354.0
2025-04-08,22.0,23.25,21.899999618530273,23.170000076293945,116117868.0
2025-04-09,23.200000762939453,23.959999084472656,23.0,23.959999084472656,99436440.0
2025-04-10,24.600000381469727,24.649999618530273,23.299999237060547,23.360000610351562,65248955.0
2025-04-11,23.940000534057617,23.959999084472656,23.010000228881836,23.360000610351562,44675032.0
2025-04-14,23.3799991607666,23.479999542236328,23.079999923706055,23.40999984741211,28312475.0
2025-04-15,23.450000762939453,23.540000915527344,23.229999542236328,23.510000228881836,23075594.0
2025-04-16,23.520000457763672,23.639999389648438,23.170000076293945,23.6299991607666,30400956.0
2025-04-17,23.56999969482422,23.600000381469727,23.329999923706055,23.600000381469727,21706526.0
2025-04-18,23.399999618530273,23.43000030517578,23.260000228881836,23.299999237060547,15092029.0
2025-04-21,23.209999084472656,23.389999389648438,23.100000381469727,23.170000076293945,15551620.0
2025-04-22,23.170000076293945,23.3799991607666,23.049999237060547,23.059999465942383,17164915.0
2025-04-23,23.209999084472656,23.209999084472656,22.81999969482422,22.899999618530273,23407649.0
2025-04-24,22.899999618530273,23.200000762939453,22.8700008392334,23.1299991607666,17820779.0
2025-04-25,23.200000762939453,23.280000686645508,22.850000381469727,22.8799991607666,23290781.0
2025-04-28,22.8799991607666,23.18000030517578,22.8799991607666,23.100000381469727,15480760.0
2025-04-29,22.959999084472656,23.0,22.149999618530273,22.209999084472656,52989695.0
2025-04-30,22.209999084472656,22.290000915527344,22.100000381469727,22.149999618530273,23574754.0
2025-05-06,22.1299991607666,22.31999969482422,22.030000686645508,22.31999969482422,32377764.0
2025-05-07,22.709999084472656,22.709999084472656,22.299999237060547,22.600000381469727,38832149.0
2025-05-08,22.5,22.959999084472656,22.3799991607666,22.920000076293945,30193684.0
2025-05-09,22.920000076293945,22.979999542236328,22.739999771118164,22.889999389648438,18044363.0
2025-05-12,22.959999084472656,23.18000030517578,22.790000915527344,22.959999084472656,21573682.0
2025-05-13,22.989999771118164,23.049999237060547,22.719999313354492,22.989999771118164,21062554.0
2025-05-14,22.93000030517578,23.100000381469727,22.780000686645508,23.040000915527344,19260808.0
2025-05-15,22.969999313354492,23.100000381469727,22.799999237060547,22.829999923706055,14947909.0
2025-05-16,22.799999237060547,22.8799991607666,22.549999237060547,22.65999984741211,19286997.0
2025-05-19,22.719999313354492,22.940000534057617,22.6200008392334,22.899999618530273,13419309.0
2025-05-20,22.950000762939453,22.979999542236328,22.719999313354492,22.920000076293945,19988710.0
2025-05-21,22.8700008392334,22.979999542236328,22.770000457763672,22.770000457763672,15112440.0
2025-05-22,22.739999771118164,23.09000015258789,22.739999771118164,23.079999923706055,22477686.0
2025-05-23,22.989999771118164,22.989999771118164,22.450000762939453,22.450000762939453,26972000.0
2025-05-26,22.440000534057617,22.719999313354492,22.18000030517578,22.239999771118164,21448887.0
2025-05-27,22.239999771118164,22.329999923706055,22.110000610351562,22.110000610351562,15902360.0
2025-05-28,22.139999389648438,22.299999237060547,22.040000915527344,22.040000915527344,16808414.0
2025-05-29,22.110000610351562,22.260000228881836,22.0,22.18000030517578,16175091.0
2025-05-30,22.110000610351562,22.299999237060547,21.8700008392334,22.190000534057617,27584205.0
2025-06-03,21.969999313354492,22.1200008392334,21.799999237060547,21.850000381469727,41870023.0
2025-06-04,21.850000381469727,21.989999771118164,21.719999313354492,21.860000610351562,40219355.0
2025-06-05,21.979999542236328,22.139999389648438,21.8799991607666,22.110000610351562,33974828.0
2025-06-06,22.139999389648438,22.469999313354492,22.030000686645508,22.3700008392334,34727227.0
2025-06-09,22.3700008392334,22.440000534057617,22.149999618530273,22.299999237060547,26791527.0
2025-06-10,22.309999465942383,22.389999389648438,22.100000381469727,22.18000030517578,26964021.0
2025-06-11,22.18000030517578,22.34000015258789,22.1299991607666,22.270000457763672,27467131.0
2025-06-12,22.280000686645508,22.579999923706055,22.229999542236328,22.389999389648438,22413723.0
2025-06-13,22.389999389648438,22.5,22.309999465942383,22.3799991607666,22935623.0
2025-06-16,22.350000381469727,22.489999771118164,22.15999984741211,22.450000762939453,22218633.0
2025-06-17,22.450000762939453,22.559999465942383,22.3799991607666,22.540000915527344,17883639.0
2025-06-18,22.5,22.790000915527344,22.489999771118164,22.579999923706055,21167333.0
2025-06-19,22.540000915527344,22.760000228881836,22.350000381469727,22.479999542236328,38874991.0
2025-06-20,22.610000610351562,22.93000030517578,22.489999771118164,22.81999969482422,29590175.0
2025-06-23,22.700000762939453,22.829999923706055,22.389999389648438,22.760000228881836,22339518.0
2025-06-24,22.770000457763672,22.829999923706055,22.549999237060547,22.6200008392334,29100260.0
2025-06-25,22.6200008392334,22.90999984741211,22.469999313354492,22.829999923706055,26175190.0
2025-06-26,22.770000457763672,22.93000030517578,22.729999542236328,22.729999542236328,21677656.0
2025-06-27,22.3700008392334,22.3799991607666,22.170000076293945,22.260000228881836,20841676.0
2025-06-30,22.299999237060547,22.459999084472656,22.18000030517578,22.40999984741211,23565288.0
2025-07-01,22.420000076293945,22.43000030517578,22.18000030517578,22.209999084472656,20887891.0
2025-07-02,22.200000762939453,22.270000457763672,22.059999465942383,22.18000030517578,16682085.0
2025-07-03,22.110000610351562,22.18000030517578,22.0,22.06999969482422,20402049.0
2025-07-04,22.059999465942383,22.149999618530273,21.969999313354492,22.030000686645508,17367584.0
2025-07-07,22.079999923706055,22.229999542236328,22.040000915527344,22.15999984741211,17331616.0
2025-07-08,22.200000762939453,22.270000457763672,22.049999237060547,22.09000015258789,34006220.0
2025-07-09,22.09000015258789,22.190000534057617,22.030000686645508,22.09000015258789,23883318.0
2025-07-10,22.09000015258789,22.170000076293945,21.8700008392334,21.8700008392334,41183591.0
2025-07-11,21.899999618530273,22.010000228881836,21.84000015258789,21.860000610351562,41137300.0
2025-07-14,21.8700008392334,22.030000686645508,21.829999923706055,21.850000381469727,36077460.0
2025-07-15,21.889999389648438,21.950000762939453,21.719999313354492,21.81999969482422,25483058.0
2025-07-16,21.799999237060547,21.81999969482422,21.709999084472656,21.709999084472656,23898100.0
2025-07-17,21.75,21.899999618530273,21.700000762939453,21.899999618530273,21553702.0
2025-07-18,21.899999618530273,21.920000076293945,21.670000076293945,21.790000915527344,34169380.0
2025-07-21,22.799999237060547,23.079999923706055,22.459999084472656,22.93000030517578,200404686.0
2025-07-22,23.270000457763672,23.989999771118164,22.6200008392334,23.639999389648438,215002278.0
2025-07-23,23.989999771118164,23.989999771118164,22.530000686645508,22.649999618530273,185229139.0
2025-07-24,22.5,22.549999237060547,22.25,22.440000534057617,86775115.0
2025-07-25,22.389999389648438,22.56999969482422,22.219999313354492,22.219999313354492,62614335.0
2025-07-28,22.270000457763672,22.299999237060547,22.1200008392334,22.139999389648438,47837512.0
2025-07-29,22.09000015258789,22.15999984741211,21.969999313354492,22.100000381469727,50204260.0
2025-07-30,22.100000381469727,22.15999984741211,21.959999084472656,22.0,44950501.0
2025-07-31,21.969999313354492,22.030000686645508,21.8700008392334,21.8799991607666,44601547.0
2025-08-01,21.920000076293945,21.920000076293945,21.719999313354492,21.799999237060547,40408923.0
2025-08-04,21.729999542236328,21.889999389648438,21.700000762939453,21.889999389648438,25913858.0
2025-08-05,21.899999618530273,21.940000534057617,21.799999237060547,21.920000076293945,28032015.0
2025-08-06,21.90999984741211,21.969999313354492,21.81999969482422,21.959999084472656,24324920.0
2025-08-07,21.969999313354492,22.139999389648438,21.920000076293945,22.100000381469727,38382093.0
2025-08-08,22.100000381469727,22.1299991607666,22.0,22.079999923706055,33405136.0
2025-08-11,22.09000015258789,22.100000381469727,21.979999542236328,22.010000228881836,34668720.0
2025-08-12,21.989999771118164,22.020000457763672,21.90999984741211,21.93000030517578,29589014.0
2025-08-13,21.93000030517578,21.969999313354492,21.850000381469727,21.8700008392334,46772567.0
2025-08-14,21.8799991607666,21.969999313354492,21.760000228881836,21.780000686645508,41798821.0
2025-08-15,21.709999084472656,21.8799991607666,21.709999084472656,21.790000915527344,40069400.0
2025-08-18,21.790000915527344,22.030000686645508,21.760000228881836,21.790000915527344,79614558.0
2025-08-19,21.84000015258789,21.979999542236328,21.799999237060547,21.809999465942383,46235172.0
2025-08-20,21.809999465942383,21.81999969482422,21.709999084472656,21.809999465942383,50832478.0
2025-08-21,21.84000015258789,21.989999771118164,21.829999923706055,21.959999084472656,64884824.0
2025-08-22,21.950000762939453,21.950000762939453,21.75,21.860000610351562,76683929.0
2025-08-25,21.920000076293945,22.34000015258789,21.90999984741211,22.280000686645508,110999531.0
2025-08-26,22.34000015258789,22.5,22.170000076293945,22.350000381469727,65062330.0
2025-08-27,22.3799991607666,22.450000762939453,22.0,22.0,82032024.0
2025-08-28,22.010000228881836,22.280000686645508,21.850000381469727,22.09000015258789,79471423.0
2025-08-29,22.09000015258789,22.200000762939453,21.729999542236328,21.75,122725052.0
2025-09-01,21.829999923706055,21.8700008392334,21.579999923706055,21.600000381469727,86842230.0
2025-09-02,21.610000610351562,21.780000686645508,21.510000228881836,21.690000534057617,58573211.0
2025-09-03,21.690000534057617,21.729999542236328,21.25,21.3799991607666,86208398.0
2025-09-04,21.209999084472656,21.469999313354492,21.079999923706055,21.299999237060547,86808753.0
2025-09-05,21.1200008392334,21.479999542236328,21.1200008392334,21.43000030517578,50548643.0
2025-09-08,21.489999771118164,22.280000686645508,21.440000534057617,22.25,127980184.0
2025-09-09,22.219999313354492,22.299999237060547,22.049999237060547,22.219999313354492,74595619.0
2025-09-10,22.229999542236328,22.280000686645508,22.0,22.209999084472656,59004545.0
2025-09-11,22.209999084472656,22.440000534057617,22.149999618530273,22.40999984741211,83342872.0
2025-09-12,22.389999389648438,22.450000762939453,22.219999313354492,22.239999771118164,45229452.0
2025-09-15,22.25,22.649999618530273,22.25,22.440000534057617,59217698.0
2025-09-16,22.43000030517578,22.440000534057617,22.010000228881836,22.170000076293945,43563501.0
2025-09-17,22.139999389648438,22.440000534057617,22.139999389648438,22.420000076293945,48720578.0
2025-09-18,22.450000762939453,22.59000015258789,22.209999084472656,22.290000915527344,57267157.0
2025-09-19,22.290000915527344,22.549999237060547,22.110000610351562,22.299999237060547,80855417.0
2025-09-22,22.309999465942383,22.530000686645508,22.209999084472656,22.31999969482422,41307480.0
2025-09-23,22.3799991607666,22.530000686645508,22.049999237060547,22.31999969482422,59085574.0
2025-09-24,22.290000915527344,22.290000915527344,22.06999969482422,22.229999542236328,39012087.0
2025-09-25,22.219999313354492,22.649999618530273,22.15999984741211,22.600000381469727,72307689.0
2025-09-26,22.690000534057617,23.139999389648438,22.579999923706055,22.84000015258789,83239905.0
2025-09-29,22.84000015258789,22.899999618530273,22.389999389648438,22.690000534057617,64610218.0
2025-09-30,22.600000381469727,23.100000381469727,22.520000457763672,22.959999084472656,83077657.0
2025-10-09,23.299999237060547,23.479999542236328,23.0,23.3799991607666,96825109.0
2025-10-10,23.3799991607666,23.84000015258789,23.229999542236328,23.530000686645508,85036577.0
2025-10-13,23.020000457763672,23.56999969482422,22.979999542236328,23.489999771118164,71406980.0
2025-10-14,23.600000381469727,23.979999542236328,23.34000015258789,23.530000686645508,78108645.0
2025-10-15,23.440000534057617,23.739999771118164,23.18000030517578,23.690000534057617,62613371.0
2025-10-16,24.040000915527344,24.139999389648438,23.56999969482422,23.899999618530273,85709375.0
2025-10-17,23.729999542236328,23.829999923706055,23.0,23.010000228881836,73649697.0
2025-10-20,23.200000762939453,23.43000030517578,22.969999313354492,23.1299991607666,41156506.0
2025-10-21,23.149999618530273,23.600000381469727,23.0,23.459999084472656,45150230.0
2025-10-22,23.450000762939453,23.450000762939453,22.979999542236328,23.010000228881836,37396520.0
2025-10-23,22.899999618530273,23.049999237060547,22.6200008392334,23.010000228881836,38768389.0
2025-10-24,23.079999923706055,23.299999237060547,23.030000686645508,23.1200008392334,28661948.0
2025-10-27,23.25,23.729999542236328,23.25,23.549999237060547,45677726.0
2025-10-28,23.459999084472656,23.6299991607666,23.350000381469727,23.520000457763672,38867374.0
2025-10-29,23.520000457763672,24.989999771118164,23.459999084472656,24.93000030517578,110219764.0
2025-10-30,24.979999542236328,25.0,24.200000762939453,24.34000015258789,67206090.0
2025-10-31,24.420000076293945,25.059999465942383,24.190000534057617,24.229999542236328,68446731.0
2025-11-03,24.270000457763672,24.510000228881836,23.920000076293945,24.479999542236328,55738586.0
2025-11-04,24.530000686645508,24.989999771118164,24.139999389648438,24.170000076293945,54852475.0
2025-11-05,23.969999313354492,25.149999618530273,23.760000228881836,24.729999542236328,110071106.0
2025-11-06,24.940000534057617,25.850000381469727,24.940000534057617,25.350000381469727,136198264.0
2025-11-07,25.290000915527344,25.860000610351562,25.0,25.149999618530273,87010434.0
2025-11-10,25.40999984741211,25.469999313354492,24.8799991607666,25.049999237060547,62149040.0
2025-11-11,25.329999923706055,25.559999465942383,24.899999618530273,25.010000228881836,60145556.0
2025-11-12,24.940000534057617,24.969999313354492,23.860000610351562,24.100000381469727,76979163.0
2025-11-13,24.030000686645508,24.450000762939453,23.8799991607666,24.399999618530273,50120207.0
2025-11-14,24.280000686645508,24.280000686645508,23.780000686645508,23.799999237060547,46433880.0
2025-11-17,23.770000457763672,23.850000381469727,23.40999984741211,23.690000534057617,39658144.0
2025-11-18,23.690000534057617,23.690000534057617,23.149999618530273,23.270000457763672,34607606.0
2025-11-19,23.239999771118164,23.3700008392334,23.010000228881836,23.079999923706055,31241742.0
2025-11-20,23.1200008392334,23.260000228881836,22.75,22.790000915527344,40070817.0
2025-11-21,22.610000610351562,22.739999771118164,22.229999542236328,22.239999771118164,49603721.0
2025-11-24,22.469999313354492,22.530000686645508,22.100000381469727,22.149999618530273,41140954.0
2025-11-25,22.239999771118164,22.420000076293945,22.15999984741211,22.190000534057617,46199742.0
2025-11-26,22.15999984741211,22.25,22.030000686645508,22.1200008392334,33435409.0
2025-11-27,22.139999389648438,22.270000457763672,22.059999465942383,22.09000015258789,34180917.0
2025-11-28,22.079999923706055,22.239999771118164,21.979999542236328,22.15999984741211,37394988.0
2025-12-01,22.270000457763672,22.440000534057617,22.239999771118164,22.3700008392334,40263384.0
2025-12-02,22.3700008392334,22.420000076293945,22.219999313354492,22.31999969482422,27910721.0
2025-12-03,22.329999923706055,22.360000610351562,22.1299991607666,22.280000686645508,30418987.0
2025-12-04,22.290000915527344,22.56999969482422,22.25,22.40999984741211,33601269.0
2025-12-05,22.420000076293945,22.739999771118164,22.299999237060547,22.700000762939453,44919555.0
2025-12-08,22.75,22.940000534057617,22.670000076293945,22.729999542236328,36703838.0
2025-12-09,22.729999542236328,22.729999542236328,22.43000030517578,22.469999313354492,28398128.0
2025-12-10,22.450000762939453,22.639999389648438,22.329999923706055,22.6200008392334,23588225.0
2025-12-11,22.610000610351562,23.1299991607666,22.600000381469727,22.719999313354492,39102062.0
2025-12-12,22.719999313354492,23.299999237060547,22.670000076293945,23.219999313354492,55757020.0
2025-12-15,23.299999237060547,23.469999313354492,23.0,23.020000457763672,44761190.0
2025-12-16,22.950000762939453,23.020000457763672,22.68000030517578,22.84000015258789,33891256.0
2025-12-17,22.729999542236328,23.100000381469727,22.68000030517578,23.059999465942383,33492337.0
2025-12-18,22.920000076293945,22.989999771118164,22.799999237060547,22.899999618530273,23192737.0
2025-12-19,22.899999618530273,23.100000381469727,22.81999969482422,22.84000015258789,31517822.0
2025-12-22,22.75,23.030000686645508,22.75,22.959999084472656,28974109.0
2025-12-23,22.959999084472656,23.049999237060547,22.729999542236328,23.0,29177603.0
2025-12-24,22.950000762939453,23.139999389648438,22.75,23.049999237060547,27087869.0
2025-12-25,23.020000457763672,23.09000015258789,22.889999389648438,22.950000762939453,22576030.0
2025-12-26,22.93000030517578,23.010000228881836,22.709999084472656,22.770000457763672,33808563.0
2025-12-29,22.799999237060547,22.969999313354492,22.68000030517578,22.739999771118164,41589403.0
2025-12-30,22.649999618530273,22.81999969482422,22.540000915527344,22.579999923706055,30706000.0
2025-12-31,22.600000381469727,22.6200008392334,22.40999984741211,22.479999542236328,24595431.0
2026-01-05,22.579999923706055,23.260000228881836,22.579999923706055,23.149999618530273,62243843.0
2026-01-06,23.229999542236328,23.5,23.049999237060547,23.459999084472656,44219782.0
2026-01-07,23.5,23.850000381469727,23.3799991607666,23.479999542236328,46092147.0
2026-01-08,23.479999542236328,23.850000381469727,23.329999923706055,23.610000610351562,37476695.0
2026-01-09,23.59000015258789,23.93000030517578,23.520000457763672,23.68000030517578,41159576.0
2026-01-12,23.729999542236328,23.940000534057617,23.559999465942383,23.75,66025738.0
2026-01-13,23.799999237060547,24.84000015258789,23.360000610351562,24.399999618530273,155628610.0
2026-01-14,24.40999984741211,24.469999313354492,23.549999237060547,23.719999313354492,136116235.0
2026-01-15,23.68000030517578,24.18000030517578,23.579999923706055,23.799999237060547,92155349.0
2026-01-16,25.649999618530273,25.790000915527344,24.239999771118164,24.399999618530273,301809553.0
2026-01-19,24.8799991607666,26.84000015258789,24.8700008392334,26.200000762939453,334501661.0
2026-01-20,26.399999618530273,26.899999618530273,25.920000076293945,26.25,311547600.0
2026-01-21,26.149999618530273,26.3700008392334,25.510000228881836,25.639999389648438,187548749.0
2026-01-22,25.850000381469727,26.170000076293945,25.1299991607666,25.299999237060547,123221692.0
2026-01-23,25.309999465942383,25.760000228881836,25.209999084472656,25.420000076293945,131939069.0
2026-01-26,25.549999237060547,26.350000381469727,25.549999237060547,25.829999923706055,160321067.0
2026-01-27,25.729999542236328,25.799999237060547,25.219999313354492,25.3799991607666,111649488.0
2026-01-28,25.469999313354492,26.030000686645508,25.40999984741211,25.510000228881836,114191218.0
2026-01-29,25.450000762939453,25.530000686645508,24.829999923706055,25.1200008392334,115005629.0
2026-01-30,25.010000228881836,25.329999923706055,24.549999237060547,25.200000762939453,96133729.0
2026-02-02,25.5,26.09000015258789,25.309999465942383,25.479999542236328,144938018.0
2026-02-03,25.6299991607666,25.959999084472656,25.280000686645508,25.940000534057617,100586837.0
2026-02-04,25.799999237060547,26.170000076293945,25.559999465942383,25.8700008392334,66344241.0
2026-02-05,25.670000076293945,25.81999969482422,25.079999923706055,25.239999771118164,75494612.0
2026-02-06,25.09000015258789,25.399999618530273,24.90999984741211,25.209999084472656,52461221.0
2026-02-09,25.420000076293945,25.639999389648438,25.170000076293945,25.56999969482422,63339375.0
2026-02-10,25.56999969482422,25.799999237060547,25.299999237060547,25.75,61421624.0
2026-02-11,25.739999771118164,26.049999237060547,25.600000381469727,25.780000686645508,57442976.0
2026-02-12,26.18000030517578,26.760000228881836,25.6299991607666,26.5,131948131.0
2026-02-13,26.3700008392334,26.3700008392334,25.829999923706055,26.1299991607666,69567113.0
2026-02-24,26.3799991607666,27.059999465942383,26.31999969482422,26.860000610351562,87747669.0
2026-02-25,26.8799991607666,27.399999618530273,26.670000076293945,26.979999542236328,103040765.0
2026-02-26,26.969999313354492,27.649999618530273,26.719999313354492,27.440000534057617,88491568.0
2026-02-27,27.239999771118164,27.540000915527344,27.030000686645508,27.299999237060547,68883906.0
2026-03-02,27.040000915527344,28.68000030517578,27.010000228881836,28.329999923706055,143387713.0
2026-03-03,28.350000381469727,28.530000686645508,27.5,27.700000762939453,114398746.0
2026-03-04,27.190000534057617,28.899999618530273,27.1299991607666,28.600000381469727,131448907.0
2026-03-05,28.950000762939453,29.959999084472656,28.729999542236328,29.510000228881836,178972221.0
2026-03-06,29.219999313354492,30.729999542236328,29.09000015258789,30.010000228881836,160674149.0
2026-03-09,30.280000686645508,32.060001373291016,30.270000457763672,31.520000457763672,212526473.0
2026-03-10,31.0,31.40999984741211,30.540000915527344,30.799999237060547,169277775.0
2026-03-11,30.799999237060547,31.350000381469727,30.020000457763672,30.700000762939453,165703449.0
2026-03-12,30.510000228881836,30.780000686645508,29.850000381469727,30.219999313354492,136855488.0
2026-03-13,30.0,30.18000030517578,29.100000381469727,29.209999084472656,139643162.0
2026-03-16,29.219999313354492,29.479999542236328,28.600000381469727,28.700000762939453,102719932.0
2026-03-17,28.90999984741211,29.09000015258789,28.049999237060547,28.079999923706055,105815954.0
2026-03-18,28.100000381469727,28.450000762939453,27.75,28.229999542236328,91655953.0
2026-03-19,27.93000030517578,28.139999389648438,27.68000030517578,27.809999465942383,72079841.0
2026-03-20,27.979999542236328,28.09000015258789,27.34000015258789,27.399999618530273,85150752.0
2026-03-23,27.0,27.829999923706055,26.8700008392334,27.09000015258789,111305463.0
2026-03-24,27.420000076293945,27.5,26.5,26.979999542236328,83730823.0
2026-03-25,27.09000015258789,27.770000457763672,27.09000015258789,27.520000457763672,89294391.0
2026-03-26,27.690000534057617,27.700000762939453,26.90999984741211,26.989999771118164,61904219.0
2026-03-27,26.709999084472656,27.350000381469727,26.670000076293945,27.1299991607666,53731661.0
2026-03-30,26.799999237060547,26.8700008392334,26.219999313354492,26.6299991607666,63091923.0
2026-03-31,26.65999984741211,26.850000381469727,25.989999771118164,25.989999771118164,64987179.0
2026-04-01,26.350000381469727,26.450000762939453,26.149999618530273,26.420000076293945,54015212.0
2026-04-02,26.450000762939453,26.65999984741211,25.920000076293945,26.09000015258789,53972823.0
2026-04-03,26.09000015258789,26.700000762939453,25.90999984741211,26.0,59716193.0
2026-04-07,25.969999313354492,25.989999771118164,25.450000762939453,25.540000915527344,53210252.0
2026-04-08,26.0,26.610000610351562,26.0,26.579999923706055,83300042.0
2026-04-09,26.450000762939453,26.450000762939453,25.850000381469727,25.959999084472656,65467579.0
2026-04-10,26.110000610351562,26.579999923706055,26.049999237060547,26.360000610351562,60710220.0
2026-04-13,26.0,26.0,25.559999465942383,25.889999389648438,68331800.0
2026-04-14,26.149999618530273,26.25,25.829999923706055,26.170000076293945,58652801.0
2026-04-15,26.3700008392334,27.309999465942383,26.329999923706055,26.860000610351562,130686319.0
2026-04-16,27.0,27.059999465942383,26.40999984741211,26.8700008392334,84556432.0
2026-04-17,26.940000534057617,27.079999923706055,26.6299991607666,26.809999465942383,71154137.0
2026-04-20,26.860000610351562,27.299999237060547,26.670000076293945,27.239999771118164,100772964.0
2026-04-21,27.290000915527344,27.350000381469727,26.899999618530273,27.030000686645508,67187380.0
2026-04-22,27.059999465942383,27.31999969482422,26.84000015258789,27.010000228881836,99119692.0
2026-04-23,27.200000762939453,27.469999313354492,26.600000381469727,26.950000762939453,99598162.0
2026-04-24,26.829999923706055,27.139999389648438,26.530000686645508,26.540000915527344,66678788.0
2026-04-27,26.520000457763672,26.520000457763672,26.170000076293945,26.229999542236328,56543790.0
2026-04-28,26.149999618530273,26.350000381469727,25.860000610351562,26.06999969482422,64408364.0
2026-04-29,26.260000228881836,26.639999389648438,26.239999771118164,26.6200008392334,86431328.0
2026-04-30,26.59000015258789,26.59000015258789,25.90999984741211,25.969999313354492,97852463.0
2026-05-06,25.989999771118164,26.559999465942383,25.989999771118164,26.219999313354492,133987112.0
2026-05-07,26.290000915527344,26.469999313354492,26.059999465942383,26.440000534057617,111444741.0
2026-05-08,26.5,26.510000228881836,25.8799991607666,26.079999923706055,109511942.0
2026-05-11,26.209999084472656,27.81999969482422,26.200000762939453,26.850000381469727,245722533.0
2026-05-12,26.860000610351562,27.360000610351562,26.700000762939453,26.899999618530273,178898014.0
2026-05-13,26.889999389648438,28.399999618530273,26.860000610351562,28.020000457763672,247854979.0
2026-05-14,28.40999984741211,28.479999542236328,27.260000228881836,27.270000457763672,185762343.0
2026-05-15,27.280000686645508,27.549999237060547,26.34000015258789,26.479999542236328,147833738.0
2026-05-18,26.459999084472656,26.700000762939453,26.200000762939453,26.489999771118164,81067115.0
2026-05-19,26.510000228881836,27.139999389648438,26.299999237060547,26.969999313354492,108439302.0
2026-05-20,26.979999542236328,27.239999771118164,26.459999084472656,26.530000686645508,89405638.0
2026-05-21,26.520000457763672,26.65999984741211,25.6299991607666,25.65999984741211,119694959.0
2026-05-22,25.65999984741211,25.920000076293945,25.510000228881836,25.829999923706055,60740230.0
2026-05-25,26.149999618530273,26.690000534057617,26.149999618530273,26.260000228881836,84292308.0
2026-05-26,26.270000457763672,26.299999237060547,25.270000457763672,25.479999542236328,105487341.0
2026-05-27,25.489999771118164,25.700000762939453,25.0,25.56999969482422,104368842.0
2026-05-28,25.579999923706055,25.59000015258789,24.93000030517578,25.100000381469727,80011644.0
2026-05-29,25.110000610351562,25.260000228881836,24.700000762939453,24.899999618530273,78816141.0
2026-06-01,24.959999084472656,25.459999084472656,24.920000076293945,25.219999313354492,94146752.0
2026-06-02,25.229999542236328,25.25,24.5,24.639999389648438,90389306.0
2026-06-03,24.450000762939453,24.479999542236328,24.059999465942383,24.25,84399284.0
2026-06-04,24.200000762939453,24.200000762939453,23.719999313354492,23.799999237060547,81987591.0
2026-06-05,23.559999465942383,23.81999969482422,23.420000076293945,23.450000762939453,67817130.0
2026-06-08,23.030000686645508,23.329999923706055,22.65999984741211,22.860000610351562,74712327.0
2026-06-09,23.0,23.09000015258789,22.6299991607666,23.040000915527344,53748133.0
2026-06-10,22.799999237060547,22.860000610351562,22.549999237060547,22.68000030517578,49329988.0
2026-06-11,22.649999618530273,23.06999969482422,22.600000381469727,22.850000381469727,52953793.0
2026-06-12,23.049999237060547,23.360000610351562,22.850000381469727,23.239999771118164,70418480.0
2026-06-15,23.489999771118164,23.799999237060547,23.309999465942383,23.459999084472656,65476572.0
2026-06-16,23.5,23.670000076293945,23.280000686645508,23.540000915527344,60651577.0
2026-06-17,23.540000915527344,23.559999465942383,23.1200008392334,23.31999969482422,62670398.0
2026-06-18,23.299999237060547,23.3700008392334,22.969999313354492,23.059999465942383,60888211.0
2026-06-22,23.18000030517578,23.959999084472656,22.899999618530273,23.950000762939453,109557734.0
2026-06-23,23.950000762939453,23.950000762939453,23.059999465942383,23.170000076293945,80770614.0
2026-06-24,23.56999969482422,23.579999923706055,22.899999618530273,22.950000762939453,60155705.0
2026-06-25,22.8799991607666,23.030000686645508,22.68000030517578,22.829999923706055,61778533.0
2026-06-26,23.149999618530273,23.270000457763672,22.610000610351562,22.739999771118164,66808409.0
2026-06-29,22.700000762939453,23.479999542236328,22.600000381469727,23.399999618530273,82014100.0
2026-06-30,23.030000686645508,23.030000686645508,22.559999465942383,22.850000381469727,57313681.0
2026-07-01,22.8700008392334,22.93000030517578,22.3700008392334,22.670000076293945,69809308.0
2026-07-02,22.6200008392334,22.920000076293945,22.540000915527344,22.670000076293945,57777780.0
2026-07-03,22.68000030517578,23.110000610351562,22.65999984741211,22.889999389648438,58409406.0
2026-07-06,22.93000030517578,23.299999237060547,22.770000457763672,23.15999984741211,60536313.0
2026-07-07,23.200000762939453,23.280000686645508,22.719999313354492,22.790000915527344,45359152.0
2026-07-08,22.709999084472656,22.780000686645508,22.479999542236328,22.510000228881836,35785342.0
2026-07-09,22.399999618530273,22.450000762939453,21.260000228881836,21.68000030517578,111000952.0
2026-07-10,21.739999771118164,22.290000915527344,21.530000686645508,22.040000915527344,70265588.0
2026-07-13,22.040000915527344,22.079999923706055,21.610000610351562,21.700000762939453,53045986.0
2026-07-14,21.719999313354492,22.0,21.420000076293945,21.989999771118164,42757200.0
2026-07-15,21.93000030517578,22.290000915527344,21.81999969482422,22.15999984741211,36652002.0
2026-07-16,22.049999237060547,22.219999313354492,21.899999618530273,22.100000381469727,34549510.0
2026-07-17,22.049999237060547,22.610000610351562,22.020000457763672,22.190000534057617,87903577.0
2026-07-20,22.43000030517578,23.56999969482422,22.420000076293945,23.559999465942383,160496760.0
2026-07-21,23.600000381469727,23.93000030517578,23.229999542236328,23.799999237060547,134540206.0
2026-07-22,23.65999984741211,23.799999237060547,23.299999237060547,23.75,73843937.0
2026-07-23,23.75,24.5,23.43000030517578,24.3700008392334,124013806.0
2026-07-24,24.190000534057617,24.3700008392334,23.540000915527344,23.579999923706055,88639842.0
2026-07-27,24.280000686645508,24.3700008392334,23.600000381469727,23.899999618530273,55306496.0
2026-07-28,23.670000076293945,23.760000228881836,23.3799991607666,23.559999465942383,50469390.0
2026-07-29,23.899999618530273,24.049999237060547,23.5,23.93000030517578,58984274.0
2026-07-30,23.8799991607666,24.360000610351562,23.799999237060547,24.31999969482422,75921057.0
2026-07-31,23.989999771118164,24.420000076293945,23.93000030517578,24.350000381469727,61604499.0
2026-08-03,24.479999542236328,25.09000015258789,24.459999084472656,25.06999969482422,99005382.0
2026-08-04,25.209999084472656,25.34000015258789,24.719999313354492,24.969999313354492,74154289.0
2026-08-05,24.899999618530273,24.899999618530273,24.40999984741211,24.540000915527344,79591264.0
2026-08-06,24.450000762939453,24.469999313354492,23.979999542236328,24.170000076293945,67923633.0
2026-08-07,24.139999389648438,24.190000534057617,23.90999984741211,24.1200008392334,52439714.0
2026-08-10,24.059999465942383,24.270000457763672,23.979999542236328,24.139999389648438,42829152.0
2026-08-11,24.1200008392334,24.1299991607666,23.889999389648438,23.989999771118164,38841320.0
2026-08-12,23.989999771118164,24.100000381469727,23.760000228881836,24.059999465942383,44414903.0
2026-08-13,23.950000762939453,24.040000915527344,23.670000076293945,23.690000534057617,51328472.0
2026-08-14,23.670000076293945,23.670000076293945,23.15999984741211,23.229999542236328,56699737.0
2026-08-17,23.399999618530273,23.559999465942383,23.229999542236328,23.549999237060547,42612864.0
2026-08-18,23.59000015258789,23.65999984741211,23.309999465942383,23.540000915527344,35176899.0
2026-08-19,23.450000762939453,23.610000610351562,23.25,23.510000228881836,41574796.0
2026-08-20,23.450000762939453,23.65999984741211,23.06999969482422,23.06999969482422,41462982.0
2026-08-21,23.049999237060547,23.200000762939453,22.93000030517578,23.170000076293945,24899230.0
2026-08-24,23.170000076293945,23.299999237060547,23.079999923706055,23.270000457763672,29267555.0
2026-08-25,23.270000457763672,23.309999465942383,23.030000686645508,23.149999618530273,22104099.0
2026-08-26,23.100000381469727,23.450000762939453,23.030000686645508,23.420000076293945,30084421.0
2026-08-27,23.18000030517578,23.200000762939453,22.700000762939453,23.059999465942383,64008642.0
2026-08-28,23.0,23.139999389648438,22.8700008392334,23.010000228881836,27766906.0
