date,open,high,low,close,volume
2016-08-29,15.178570747375488,15.257142066955566,15.092857360839844,15.164284706115723,4259175.0
2016-08-30,15.207141876220703,15.271428108215332,15.149999618530273,15.199999809265137,3568387.0
2016-08-31,15.242856979370117,15.485713958740234,15.221427917480469,15.40714168548584,11480896.0
2016-09-01,15.421427726745605,15.471427917480469,15.121427536010742,15.135713577270508,6917916.0
2016-09-02,15.078571319580078,15.121427536010742,14.964284896850586,15.050000190734863,7879956.0
2016-09-05,15.050000190734863,15.128570556640625,14.90714168548584,14.949999809265137,5114334.0
2016-09-06,14.957141876220703,15.128570556640625,14.64285659790039,15.114285469055176,10080421.0
2016-09-07,15.071428298950195,15.207141876220703,15.01428508758545,15.107142448425293,7339952.0
2016-09-08,15.135713577270508,15.185713768005371,14.985713958740234,15.05714225769043,5395870.0
2016-09-09,15.071428298950195,15.114285469055176,14.821428298950195,14.857142448425293,7214177.0
2016-09-12,14.64285659790039,14.685713768005371,14.035714149475098,14.05714225769043,13080354.0
2016-09-13,14.15714168548584,14.29285717010498,14.050000190734863,14.14285659790039,4939264.0
2016-09-14,14.114285469055176,14.128570556640625,13.978570938110352,14.01428508758545,4474615.0
2016-09-19,13.992856979370117,14.178570747375488,13.992856979370117,14.171427726745605,4326373.0
2016-09-20,14.164284706115723,14.199999809265137,14.04285717010498,14.100000381469727,3488114.0
2016-09-21,14.15714168548584,14.164284706115723,14.035714149475098,14.121427536010742,3839914.0
2016-09-22,14.185713768005371,14.342857360839844,14.135713577270508,14.207141876220703,7773634.0
2016-09-23,14.257142066955566,14.278571128845215,14.064285278320312,14.085714340209961,4485738.0
2016-09-26,14.05714225769043,14.05714225769043,13.5,13.54285717010498,9909551.0
2016-09-27,13.54285717010498,13.76428508758545,13.5,13.75,5123858.0
2016-09-28,13.814285278320312,13.871427536010742,13.707141876220703,13.785714149475098,4502008.0
2016-09-29,13.785714149475098,13.878570556640625,13.707141876220703,13.778571128845215,3744329.0
2016-09-30,13.735713958740234,14.14285659790039,13.735713958740234,13.949999809265137,6429082.0
2016-10-10,14.007142066955566,14.185713768005371,13.878570556640625,14.164284706115723,8668300.0
2016-10-11,14.15714168548584,14.164284706115723,14.035714149475098,14.135713577270508,5565366.0
2016-10-12,14.107142448425293,14.199999809265137,14.05714225769043,14.14285659790039,5505249.0
2016-10-13,14.14285659790039,14.164284706115723,14.01428508758545,14.028571128845215,4986604.0
2016-10-14,13.992856979370117,14.100000381469727,13.949999809265137,14.085714340209961,4685758.0
2016-10-17,14.078571319580078,14.79285717010498,14.078571319580078,14.621427536010742,19673780.0
2016-10-18,14.571428298950195,15.485713958740234,14.571428298950195,15.300000190734863,33213675.0
2016-10-19,15.214284896850586,15.600000381469727,15.14285659790039,15.39285659790039,16682822.0
2016-10-20,15.300000190734863,15.5,15.178570747375488,15.421427726745605,9724054.0
2016-10-21,15.357142448425293,15.471427917480469,15.04285717010498,15.285714149475098,10512777.0
2016-10-24,15.29285717010498,15.428570747375488,15.221427917480469,15.300000190734863,10390391.0
2016-10-25,15.300000190734863,15.871427536010742,15.300000190734863,15.850000381469727,21405588.0
2016-10-26,15.942856788635254,17.435714721679688,15.942856788635254,16.714284896850586,41467312.0
2016-10-27,16.44285774230957,16.75,16.30714225769043,16.55714225769043,14110307.0
2016-10-28,16.41428565979004,16.64285659790039,16.14285659790039,16.264284133911133,12625187.0
2016-10-31,16.264284133911133,16.264284133911133,16.264284133911133,16.264284133911133,0.0
2016-11-01,16.149999618530273,17.05714225769043,16.021427154541016,17.014284133911133,18577378.0
2016-11-02,16.921428680419922,16.964284896850586,16.542856216430664,16.621427536010742,10933165.0
2016-11-03,16.371427536010742,16.799999237060547,16.157142639160156,16.571428298950195,10161394.0
2016-11-04,16.5285701751709,16.571428298950195,16.19285774230957,16.321428298950195,7636809.0
2016-11-07,16.235713958740234,16.33571434020996,16.042856216430664,16.14285659790039,8061632.0
2016-11-08,16.214284896850586,16.871427536010742,16.214284896850586,16.549999237060547,14596117.0
2016-11-09,16.428571701049805,16.5,16.0,16.28571319580078,11248918.0
2016-11-10,16.41428565979004,16.5,16.25714111328125,16.457141876220703,12739003.0
2016-11-11,16.428571701049805,16.428571701049805,15.985713958740234,16.25,16455007.0
2016-11-14,16.200000762939453,16.428571701049805,16.14285659790039,16.342857360839844,11679298.0
2016-11-15,16.33571434020996,16.78571319580078,16.178571701049805,16.64285659790039,15081857.0
2016-11-16,16.628570556640625,16.64285659790039,16.350000381469727,16.378570556640625,6652727.0
2016-11-17,16.47142791748047,16.47142791748047,16.071428298950195,16.16428565979004,6109556.0
2016-11-18,16.092857360839844,16.185714721679688,15.957141876220703,16.0,4747026.0
2016-11-21,16.071428298950195,16.214284896850586,15.685713768005371,15.914284706115723,9045880.0
2016-11-22,15.857142448425293,16.071428298950195,15.75,16.049999237060547,6725170.0
2016-11-23,16.071428298950195,16.171428680419922,15.949999809265137,16.157142639160156,7110940.0
2016-11-24,16.128570556640625,16.628570556640625,16.00714111328125,16.514284133911133,16121522.0
2016-11-25,16.428571701049805,16.53571319580078,16.08571434020996,16.264284133911133,8450405.0
2016-11-28,16.28571319580078,16.421428680419922,16.107141494750977,16.128570556640625,8865204.0
2016-11-29,16.071428298950195,16.700000762939453,16.0,16.485713958740234,22122620.0
2016-11-30,16.5,16.700000762939453,16.25714111328125,16.30714225769043,14609600.0
2016-12-01,16.428571701049805,16.678571701049805,16.271427154541016,16.571428298950195,10685474.0
2016-12-02,16.7785701751709,16.907142639160156,16.171428680419922,16.385713577270508,10118435.0
2016-12-05,16.16428565979004,16.549999237060547,15.985713958740234,16.128570556640625,7689551.0
2016-12-06,16.214284896850586,16.342857360839844,15.985713958740234,16.22857093811035,5969549.0
2016-12-07,16.235713958740234,16.235713958740234,15.992856979370117,16.157142639160156,4059160.0
2016-12-08,16.16428565979004,17.571428298950195,16.128570556640625,16.878570556640625,20026140.0
2016-12-09,16.91428565979004,17.200000762939453,16.700000762939453,16.86428451538086,19312400.0
2016-12-12,16.857141494750977,17.107141494750977,16.071428298950195,16.107141494750977,14445544.0
2016-12-13,15.992856979370117,17.321428298950195,15.871427536010742,17.299999237060547,25024462.0
2016-12-14,17.157142639160156,18.16428565979004,17.042856216430664,17.799999237060547,33539244.0
2016-12-15,17.649999618530273,17.83571434020996,17.271427154541016,17.649999618530273,16531198.0
2016-12-16,17.61428451538086,17.771427154541016,17.314285278320312,17.707141876220703,12080430.0
2016-12-19,17.571428298950195,18.14285659790039,17.41428565979004,17.58571434020996,13307677.0
2016-12-20,17.600000381469727,17.628570556640625,17.0,17.128570556640625,13164608.0
2016-12-21,17.185714721679688,17.28571319580078,16.89285659790039,17.214284896850586,8351940.0
2016-12-22,17.207141876220703,17.207141876220703,16.58571434020996,16.678571701049805,10780519.0
2016-12-23,16.635713577270508,16.7785701751709,16.28571319580078,16.421428680419922,10167207.0
2016-12-26,16.214284896850586,16.75714111328125,16.171428680419922,16.700000762939453,7903043.0
2016-12-27,16.657142639160156,17.078571319580078,16.657142639160156,16.80714225769043,6814969.0
2016-12-28,16.828571319580078,17.014284133911133,16.72142791748047,16.764284133911133,5052516.0
2016-12-29,16.75714111328125,17.350000381469727,16.707141876220703,17.207141876220703,8065692.0
2016-12-30,17.14285659790039,18.107141494750977,17.092857360839844,17.871427536010742,17773344.0
2017-01-03,18.071428298950195,18.25,17.700000762939453,17.91428565979004,16513383.0
2017-01-04,17.907142639160156,18.75,17.700000762939453,18.72142791748047,19851102.0
2017-01-05,18.72857093811035,19.064285278320312,18.44285774230957,18.64285659790039,13443390.0
2017-01-06,18.571428298950195,18.89285659790039,18.357141494750977,18.407142639160156,10875233.0
2017-01-09,18.271427154541016,18.5,18.05714225769043,18.321428298950195,10244467.0
2017-01-10,18.30714225769043,18.91428565979004,18.185714721679688,18.185714721679688,11049851.0
2017-01-11,18.11428451538086,18.407142639160156,17.72142791748047,18.100000381469727,7657633.0
2017-01-12,18.100000381469727,18.28571319580078,18.0,18.242856979370117,5024016.0
2017-01-13,18.200000762939453,18.321428298950195,17.828571319580078,18.22142791748047,7692482.0
2017-01-16,18.0,18.621427536010742,17.78571319580078,18.571428298950195,14372134.0
2017-01-17,18.357141494750977,18.964284896850586,18.28571319580078,18.871427536010742,12068681.0
2017-01-18,18.735713958740234,19.05714225769043,18.571428298950195,18.878570556640625,11335812.0
2017-01-19,18.871427536010742,18.878570556640625,18.107141494750977,18.14285659790039,8603981.0
2017-01-20,18.03571319580078,18.357141494750977,17.871427536010742,18.100000381469727,8569008.0
2017-01-23,18.100000381469727,18.485713958740234,17.464284896850586,17.72142791748047,12586401.0
2017-01-24,17.64285659790039,17.86428451538086,17.55714225769043,17.742856979370117,5974561.0
2017-01-25,17.678571701049805,18.0,17.39285659790039,17.7785701751709,6043868.0
2017-01-26,17.7785701751709,17.964284896850586,17.621427536010742,17.671428680419922,5241751.0
2017-02-03,17.671428680419922,17.821428298950195,17.564285278320312,17.671428680419922,3114696.0
2017-02-06,17.64285659790039,17.75714111328125,17.47142791748047,17.5285701751709,5150271.0
2017-02-07,17.521427154541016,17.821428298950195,17.464284896850586,17.814285278320312,4747653.0
2017-02-08,17.842857360839844,17.928571701049805,17.592857360839844,17.850000381469727,4091866.0
2017-02-09,17.83571434020996,18.271427154541016,17.735713958740234,18.03571319580078,7228732.0
2017-02-10,18.428571701049805,19.071428298950195,17.78571319580078,17.814285278320312,20055155.0
2017-02-13,17.97142791748047,18.821428298950195,17.600000381469727,18.635713577270508,20100180.0
2017-02-14,18.5285701751709,19.428571701049805,18.378570556640625,19.22857093811035,19764997.0
2017-02-15,19.214284896850586,20.0,19.107141494750977,19.25714111328125,18985687.0
2017-02-16,19.2785701751709,19.371427536010742,18.89285659790039,19.214284896850586,10456311.0
2017-02-17,19.25,19.91428565979004,19.157142639160156,19.407142639160156,16667217.0
2017-02-20,19.25,20.628570556640625,19.178571701049805,20.485713958740234,24684739.0
2017-02-21,20.28571319580078,20.649999618530273,20.14285659790039,20.399999618530273,12626609.0
2017-02-22,20.542856216430664,22.357141494750977,20.542856216430664,22.021427154541016,35866644.0
2017-02-23,22.08571434020996,23.75,21.799999237060547,22.25,28096049.0
2017-02-24,22.25,22.25,22.25,22.25,0.0
2017-02-27,22.021427154541016,22.03571319580078,20.72857093811035,21.014284133911133,22011581.0
2017-02-28,21.05714225769043,21.292856216430664,20.878570556640625,21.214284896850586,9488004.0
2017-03-01,21.03571319580078,21.935714721679688,21.03571319580078,21.22857093811035,15820670.0
2017-03-02,21.214284896850586,22.14285659790039,21.071428298950195,22.121427536010742,15944539.0
2017-03-03,22.0,23.200000762939453,21.821428298950195,22.30714225769043,19617393.0
2017-03-06,22.071428298950195,22.64285659790039,21.571428298950195,22.149999618530273,16165860.0
2017-03-07,22.014284133911133,22.821428298950195,21.850000381469727,22.66428565979004,17452740.0
2017-03-08,22.5,22.700000762939453,22.22142791748047,22.450000762939453,10640191.0
2017-03-09,22.428571701049805,22.61428451538086,21.53571319580078,21.935714721679688,11551177.0
2017-03-10,21.964284896850586,22.69285774230957,21.80714225769043,22.107141494750977,15050467.0
2017-03-13,22.071428298950195,22.821428298950195,21.857141494750977,22.47142791748047,17395002.0
2017-03-14,22.435714721679688,22.97142791748047,21.928571701049805,22.25714111328125,12562799.0
2017-03-15,22.171428680419922,22.421428680419922,22.042856216430664,22.25,8333992.0
2017-03-16,22.371427536010742,22.50714111328125,21.871427536010742,22.078571319580078,13441820.0
2017-03-17,22.071428298950195,22.428571701049805,21.907142639160156,22.14285659790039,8986140.0
2017-03-20,22.135713577270508,22.428571701049805,21.678571701049805,22.092857360839844,10205151.0
2017-03-21,21.957141876220703,23.342857360839844,21.950000762939453,23.2785701751709,24376576.0
2017-03-22,22.928571701049805,23.264284133911133,22.58571434020996,23.19285774230957,17146344.0
2017-03-23,23.092857360839844,23.092857360839844,22.350000381469727,22.542856216430664,15034335.0
2017-03-24,22.542856216430664,22.928571701049805,22.121427536010742,22.242856979370117,11001025.0
2017-03-27,22.185714721679688,22.39285659790039,21.39285659790039,21.621427536010742,13906646.0
2017-03-28,21.607141494750977,21.878570556640625,21.421428680419922,21.69285774230957,6671980.0
2017-03-29,21.69285774230957,21.89285659790039,21.50714111328125,21.521427154541016,6780967.0
2017-03-30,21.44285774230957,21.61428451538086,20.714284896850586,20.950000762939453,10592737.0
2017-03-31,21.0,21.11428451538086,20.771427154541016,20.921428680419922,5441487.0
2017-04-05,20.89285659790039,21.450000762939453,20.764284133911133,21.299999237060547,10025846.0
2017-04-06,21.357141494750977,21.58571434020996,20.885713577270508,21.549999237060547,9543986.0
2017-04-07,21.55714225769043,21.55714225769043,21.214284896850586,21.378570556640625,6292805.0
2017-04-10,21.385713577270508,21.435714721679688,20.657142639160156,20.885713577270508,10893706.0
2017-04-11,20.735713958740234,20.992856979370117,20.30714225769043,20.850000381469727,11528645.0
2017-04-12,20.771427154541016,21.850000381469727,20.47857093811035,21.514284133911133,15007732.0
2017-04-13,21.47142791748047,22.25,21.28571319580078,22.078571319580078,12133027.0
2017-04-14,21.97142791748047,22.185714721679688,21.64285659790039,21.707141876220703,4556993.0
2017-04-17,21.14285659790039,22.135713577270508,21.14285659790039,21.50714111328125,6275115.0
2017-04-18,21.53571319580078,22.464284896850586,21.178571701049805,22.421428680419922,16760090.0
2017-04-19,22.421428680419922,22.821428298950195,21.921428680419922,22.44285774230957,15158684.0
2017-04-20,22.357141494750977,23.707141876220703,22.25,23.47857093811035,20960119.0
2017-04-21,23.47142791748047,24.342857360839844,22.91428565979004,23.16428565979004,17756537.0
2017-04-24,22.885713577270508,23.03571319580078,22.05714225769043,22.55714225769043,8031518.0
2017-04-25,22.521427154541016,23.14285659790039,22.214284896850586,22.850000381469727,15721603.0
2017-04-26,22.78571319580078,23.2785701751709,21.985713958740234,22.0285701751709,20039542.0
2017-04-27,21.428571701049805,22.72142791748047,21.11428451538086,22.678571701049805,28991111.0
2017-04-28,22.94285774230957,23.321428298950195,21.928571701049805,22.149999618530273,17172481.0
2017-05-02,21.78571319580078,22.399999618530273,21.66428565979004,22.128570556640625,6701269.0
2017-05-03,22.042856216430664,22.771427154541016,22.042856216430664,22.47142791748047,9338581.0
2017-05-04,22.357141494750977,23.05714225769043,22.271427154541016,22.66428565979004,12028567.0
2017-05-05,22.64285659790039,22.842857360839844,21.64285659790039,22.149999618530273,11650394.0
2017-05-08,22.05714225769043,22.11428451538086,21.549999237060547,21.628570556640625,8432153.0
2017-05-09,21.521427154541016,21.714284896850586,20.799999237060547,21.649999618530273,12618048.0
2017-05-10,21.5,21.899999618530273,20.921428680419922,20.935714721679688,9307670.0
2017-05-11,20.678571701049805,21.107141494750977,20.521427154541016,20.921428680419922,7019983.0
2017-05-12,20.907142639160156,21.178571701049805,20.571428298950195,20.657142639160156,8682620.0
2017-05-15,20.678571701049805,21.464284896850586,20.678571701049805,21.2785701751709,9014279.0
2017-05-16,21.14285659790039,22.25,21.121427536010742,22.19285774230957,14029738.0
2017-05-17,22.19285774230957,22.428571701049805,21.985713958740234,22.121427536010742,9497440.0
2017-05-18,21.907142639160156,22.5,21.857141494750977,22.107141494750977,5788937.0
2017-05-19,22.014284133911133,22.28571319580078,21.549999237060547,21.78571319580078,8725539.0
2017-05-22,21.771427154541016,21.78571319580078,20.871427536010742,21.092857360839844,13744362.0
2017-05-23,21.049999237060547,23.064285278320312,20.97142791748047,22.992856979370117,26142123.0
2017-05-24,22.857141494750977,22.857141494750977,21.91428565979004,22.428571701049805,14213795.0
2017-05-25,22.22142791748047,22.799999237060547,22.014284133911133,22.485713958740234,11744658.0
2017-05-26,22.571428298950195,23.064285278320312,22.200000762939453,22.53571319580078,13874030.0
2017-05-31,22.149999618530273,22.47142791748047,21.72857093811035,22.078571319580078,12407925.0
2017-06-01,22.0285701751709,22.571428298950195,21.885713577270508,22.178571701049805,8804446.0
2017-06-02,22.03571319580078,22.128570556640625,21.571428298950195,21.878570556640625,7262511.0
2017-06-05,21.75,21.935714721679688,21.628570556640625,21.86428451538086,3899050.0
2017-06-06,21.792856216430664,22.66428565979004,21.792856216430664,22.592857360839844,11784054.0
2017-06-07,22.53571319580078,23.314285278320312,22.521427154541016,23.092857360839844,17329230.0
2017-06-08,22.857141494750977,24.28571319580078,22.857141494750977,24.107141494750977,22535298.0
2017-06-09,24.0,25.428571701049805,23.992856979370117,24.492856979370117,21699210.0
2017-06-12,24.592857360839844,25.771427154541016,24.50714111328125,25.100000381469727,17059155.0
2017-06-13,25.071428298950195,25.214284896850586,24.571428298950195,25.149999618530273,9684960.0
2017-06-14,24.964284896850586,26.071428298950195,24.89285659790039,25.33571434020996,13041564.0
2017-06-15,25.41428565979004,25.421428680419922,24.271427154541016,24.5285701751709,13238345.0
2017-06-16,24.564285278320312,24.821428298950195,24.078571319580078,24.47857093811035,9591268.0
2017-06-19,24.47857093811035,24.47857093811035,24.47857093811035,24.47857093811035,0.0
2017-06-20,24.592857360839844,24.66428565979004,23.771427154541016,24.014284133911133,13803410.0
2017-06-21,24.135713577270508,25.135713577270508,23.66428565979004,25.100000381469727,15418551.0
2017-06-22,24.935714721679688,25.47142791748047,24.828571319580078,24.94285774230957,15668112.0
2017-06-23,24.78571319580078,25.357141494750977,24.5,25.22857093811035,10796951.0
2017-06-26,25.342857360839844,25.928571701049805,25.107141494750977,25.657142639160156,14696774.0
2017-06-27,25.78571319580078,25.78571319580078,25.042856216430664,25.2785701751709,9429820.0
2017-06-28,25.178571701049805,25.214284896850586,24.514284133911133,24.707141876220703,10327100.0
2017-06-29,24.714284896850586,24.992856979370117,24.50714111328125,24.97142791748047,6532972.0
2017-06-30,24.857141494750977,25.107141494750977,24.607141494750977,24.7785701751709,8128922.0
2017-07-03,24.792856216430664,24.80714225769043,24.135713577270508,24.435714721679688,8605430.0
2017-07-04,24.16428565979004,24.607141494750977,23.94285774230957,24.58571434020996,10866615.0
2017-07-05,24.457141876220703,24.928571701049805,24.399999618530273,24.72857093811035,5554717.0
2017-07-06,24.75,24.80714225769043,24.214284896850586,24.66428565979004,8712746.0
2017-07-07,24.61428451538086,24.69285774230957,24.299999237060547,24.464284896850586,7356738.0
2017-07-10,24.357141494750977,24.50714111328125,23.94285774230957,24.00714111328125,10505528.0
2017-07-11,23.992856979370117,24.657142639160156,23.94285774230957,24.39285659790039,8606715.0
2017-07-12,24.464284896850586,24.464284896850586,23.714284896850586,23.792856216430664,8362117.0
2017-07-13,23.61428451538086,24.042856216430664,23.428571701049805,23.58571434020996,8841427.0
2017-07-14,23.28571319580078,23.578571319580078,22.928571701049805,23.5285701751709,8080028.0
2017-07-17,23.53571319580078,23.671428680419922,21.342857360839844,23.242856979370117,12083037.0
2017-07-18,23.214284896850586,23.607141494750977,22.72142791748047,23.464284896850586,9297313.0
2017-07-19,23.41428565979004,24.39285659790039,23.28571319580078,24.200000762939453,10481248.0
2017-07-20,24.214284896850586,24.607141494750977,24.00714111328125,24.549999237060547,11053033.0
2017-07-21,24.828571319580078,25.72142791748047,24.600000381469727,25.2785701751709,18630232.0
2017-07-24,25.39285659790039,26.78571319580078,25.342857360839844,25.828571319580078,16531817.0
2017-07-25,25.771427154541016,25.97857093811035,25.5,25.61428451538086,9160305.0
2017-07-26,25.53571319580078,26.464284896850586,25.299999237060547,25.678571701049805,14611098.0
2017-07-27,25.628570556640625,27.342857360839844,25.628570556640625,27.321428298950195,22292788.0
2017-07-28,27.314285278320312,28.5285701751709,26.649999618530273,28.292856216430664,20579318.0
2017-07-31,28.214284896850586,30.0,28.214284896850586,29.16428565979004,33826688.0
2017-08-01,28.985713958740234,29.899999618530273,28.464284896850586,29.242856979370117,15372126.0
2017-08-02,29.214284896850586,29.53571319580078,28.75,29.464284896850586,8727318.0
2017-08-03,29.457141876220703,30.72857093811035,29.28571319580078,29.75714111328125,12969674.0
2017-08-04,29.714284896850586,29.72857093811035,28.678571701049805,29.014284133911133,12446249.0
2017-08-07,28.771427154541016,31.53571319580078,28.66428565979004,31.421428680419922,16405988.0
2017-08-08,31.592857360839844,32.25714111328125,31.078571319580078,31.371427536010742,14811861.0
2017-08-09,31.092857360839844,33.56428527832031,30.78571319580078,33.10714340209961,16698134.0
2017-08-10,33.07857131958008,34.53571319580078,32.728572845458984,33.521427154541016,16976220.0
2017-08-11,33.56428527832031,34.099998474121094,32.728572845458984,33.42856979370117,13298489.0
2017-08-14,33.67856979370117,34.17856979370117,32.400001525878906,33.31428527832031,17337241.0
2017-08-15,32.85714340209961,33.25,32.20000076293945,32.764286041259766,10390269.0
2017-08-16,32.71428680419922,33.21428680419922,32.25,32.485713958740234,9700950.0
2017-08-17,32.50714111328125,33.121429443359375,32.25,32.521427154541016,8990150.0
2017-08-18,32.81428527832031,32.81428527832031,31.600000381469727,31.714284896850586,9920514.0
2017-08-21,32.128570556640625,32.36428451538086,31.571428298950195,31.928571701049805,7477219.0
2017-08-22,31.992856979370117,32.0571403503418,30.28571319580078,30.635713577270508,20816817.0
2017-08-23,30.5,31.899999618530273,30.5,31.850000381469727,19129292.0
2017-08-24,31.69285774230957,31.69285774230957,30.357141494750977,30.792856216430664,15016663.0
2017-08-25,30.792856216430664,31.200000762939453,30.33571434020996,30.899999618530273,11774543.0
2017-08-28,31.607141494750977,32.75,31.607141494750977,31.985713958740234,18718856.0
2017-08-29,31.985713958740234,33.25,31.985713958740234,33.164283752441406,17087147.0
2017-08-30,33.11428451538086,33.97142791748047,32.92856979370117,33.44285583496094,12532793.0
2017-08-31,33.13571548461914,33.657142639160156,32.60714340209961,33.25,8018564.0
2017-09-01,33.25,34.650001525878906,32.71428680419922,34.63571548461914,14905921.0
2017-09-04,34.39285659790039,34.69285583496094,33.69285583496094,33.9571418762207,8636236.0
2017-09-05,33.57142639160156,34.67856979370117,33.57142639160156,33.7071418762207,7115903.0
2017-09-06,33.64285659790039,33.650001525878906,32.771427154541016,32.842857360839844,9048671.0
2017-09-07,32.85714340209961,33.27857208251953,32.17856979370117,32.907142639160156,7588338.0
2017-09-08,32.92856979370117,32.94285583496094,32.0,32.150001525878906,8150395.0
2017-09-11,31.928571701049805,32.871429443359375,31.292856216430664,32.11428451538086,8925604.0
2017-09-12,31.799999237060547,34.664283752441406,31.799999237060547,34.621429443359375,16211060.0
2017-09-13,34.57142639160156,37.07142639160156,34.20000076293945,35.900001525878906,23060699.0
2017-09-14,35.599998474121094,37.03571319580078,35.407142639160156,36.46428680419922,11852320.0
2017-09-15,36.21428680419922,36.764286041259766,35.628570556640625,35.97142791748047,7310184.0
2017-09-18,35.914283752441406,39.57142639160156,35.842857360839844,39.5571403503418,15517931.0
2017-09-19,39.70000076293945,39.70000076293945,38.0428581237793,38.650001525878906,13398672.0
2017-09-20,38.32857131958008,40.33571243286133,38.21428680419922,38.81428527832031,12211189.0
2017-09-21,38.81428527832031,38.85714340209961,37.85714340209961,38.17856979370117,7974078.0
2017-09-22,37.842857360839844,38.75,37.57142639160156,38.45000076293945,6115159.0
2017-09-25,38.45000076293945,40.32142639160156,38.45000076293945,40.021427154541016,13769609.0
2017-09-26,39.96428680419922,40.871429443359375,39.235713958740234,40.42142868041992,9886419.0
2017-09-27,40.0,40.32142639160156,39.21428680419922,39.85714340209961,8874595.0
2017-09-28,39.5428581237793,41.78571319580078,39.521427154541016,40.29999923706055,15465518.0
2017-09-29,40.07142639160156,41.021427154541016,39.150001525878906,39.32142639160156,10846267.0
2017-10-09,39.78571319580078,39.92856979370117,38.21428680419922,38.5571403503418,13534302.0
2017-10-10,38.72142791748047,39.22142791748047,37.75,38.82857131958008,12222558.0
2017-10-11,38.92856979370117,40.92856979370117,38.628570556640625,40.46428680419922,15370759.0
2017-10-12,40.342857360839844,40.849998474121094,39.24285888671875,39.97142791748047,8645833.0
2017-10-13,39.94285583496094,40.0,39.0,39.32142639160156,10480692.0
2017-10-16,39.4571418762207,39.4571418762207,37.77857208251953,37.92856979370117,18003053.0
2017-10-17,37.92856979370117,38.67856979370117,37.71428680419922,38.07857131958008,9414503.0
2017-10-18,38.25714111328125,39.07857131958008,37.67856979370117,39.07142639160156,8938258.0
2017-10-19,39.17856979370117,40.08571243286133,39.07857131958008,39.35714340209961,12243075.0
2017-10-20,39.35714340209961,39.35714340209961,37.86428451538086,38.82142639160156,6897041.0
2017-10-23,38.8071403503418,39.228572845458984,38.36428451538086,39.08571243286133,7305783.0
2017-10-24,39.14285659790039,39.60714340209961,38.75,39.22142791748047,6812757.0
2017-10-25,39.28571319580078,39.485713958740234,38.93571472167969,39.20000076293945,5729962.0
2017-10-26,42.85714340209961,42.85714340209961,39.485713958740234,40.0,21336100.0
2017-10-27,39.842857360839844,42.61428451538086,39.38571548461914,41.628570556640625,17652534.0
2017-10-30,41.07142639160156,42.900001525878906,40.5428581237793,42.33571243286133,18024770.0
2017-10-31,41.07142639160156,42.28571319580078,41.06428527832031,41.728572845458984,9963006.0
2017-11-01,41.67856979370117,42.764286041259766,41.485713958740234,41.81428527832031,8502939.0
2017-11-02,41.628570556640625,42.14285659790039,40.842857360839844,41.128570556640625,8861589.0
2017-11-03,41.121429443359375,42.271427154541016,41.11428451538086,41.38571548461914,8994496.0
2017-11-06,41.42856979370117,43.514286041259766,41.07142639160156,43.43571472167969,17205342.0
2017-11-07,43.35714340209961,43.849998474121094,42.53571319580078,42.78571319580078,13597717.0
2017-11-08,42.99285888671875,43.61428451538086,42.2928581237793,42.57142639160156,10514442.0
2017-11-09,42.57142639160156,42.57142639160156,41.514286041259766,42.18571472167969,11905503.0
2017-11-10,42.18571472167969,43.50714111328125,41.82142639160156,43.07142639160156,13559378.0
2017-11-13,43.03571319580078,43.11428451538086,41.97142791748047,42.342857360839844,12476325.0
2017-11-14,42.42856979370117,42.5428581237793,41.5571403503418,41.78571319580078,9287390.0
2017-11-15,41.44285583496094,42.5,41.35714340209961,42.17856979370117,6713809.0
2017-11-16,42.0571403503418,43.32857131958008,41.907142639160156,42.478572845458984,9100418.0
2017-11-17,41.78571319580078,42.128570556640625,39.95000076293945,40.39285659790039,15067386.0
2017-11-20,40.07142639160156,40.07142639160156,36.36428451538086,38.86428451538086,9206250.0
2017-11-21,38.71428680419922,39.9571418762207,38.150001525878906,39.92856979370117,10170886.0
2017-11-22,39.99285888671875,41.08571243286133,38.71428680419922,39.21428680419922,11537563.0
2017-11-23,38.57142639160156,38.63571548461914,36.5571403503418,36.57857131958008,17507443.0
2017-11-24,36.42856979370117,37.235713958740234,34.92856979370117,35.907142639160156,15095556.0
2017-11-27,35.31428527832031,36.592857360839844,34.121429443359375,35.378570556640625,8557588.0
2017-11-28,34.64285659790039,36.54999923706055,34.64285659790039,35.94285583496094,8314614.0
2017-11-29,35.96428680419922,36.42856979370117,34.28571319580078,34.907142639160156,8980781.0
2017-11-30,34.978572845458984,35.21428680419922,34.28571319580078,34.36428451538086,5818850.0
2017-12-01,34.57142639160156,35.0,34.128570556640625,34.78571319580078,6559099.0
2017-12-04,34.54999923706055,37.54999923706055,34.54999923706055,37.17142868041992,12299333.0
2017-12-05,37.18571472167969,37.83571243286133,36.0,36.45000076293945,10044281.0
2017-12-06,36.42142868041992,37.414283752441406,35.72142791748047,36.58571243286133,6456772.0
2017-12-07,36.85714340209961,36.85714340209961,35.53571319580078,35.621429443359375,4786915.0
2017-12-08,35.75,36.82142639160156,35.14285659790039,36.514286041259766,6185747.0
2017-12-11,36.342857360839844,38.92142868041992,36.342857360839844,38.228572845458984,11008288.0
2017-12-12,38.271427154541016,39.07142639160156,38.17856979370117,38.21428680419922,8764662.0
2017-12-13,38.07857131958008,39.83571243286133,38.07142639160156,39.42856979370117,9871836.0
2017-12-14,39.64285659790039,39.985713958740234,38.900001525878906,39.771427154541016,5892418.0
2017-12-15,39.771427154541016,41.61428451538086,39.42856979370117,40.3071403503418,9493435.0
2017-12-18,40.14285659790039,42.17856979370117,40.08571243286133,41.664283752441406,10655493.0
2017-12-19,41.71428680419922,42.17856979370117,40.67856979370117,41.42142868041992,9477823.0
2017-12-20,41.29999923706055,41.94285583496094,40.78571319580078,41.14285659790039,10128881.0
2017-12-21,40.77857208251953,41.63571548461914,40.42856979370117,41.07857131958008,8375481.0
2017-12-22,40.95000076293945,41.235713958740234,39.96428680419922,40.099998474121094,9676095.0
2017-12-25,40.43571472167969,40.92142868041992,38.57142639160156,40.19285583496094,9171671.0
2017-12-26,40.54999923706055,40.57142639160156,39.32857131958008,39.81428527832031,5315182.0
2017-12-27,40.43571472167969,40.5571403503418,39.10714340209961,39.400001525878906,5709137.0
2017-12-28,40.0,40.92856979370117,39.42856979370117,40.7071418762207,12063472.0
2017-12-29,40.42856979370117,41.39285659790039,39.71428680419922,40.7071418762207,10334144.0
2018-01-02,40.36428451538086,40.842857360839844,39.85714340209961,40.24285888671875,6654907.0
2018-01-03,40.17142868041992,40.621429443359375,39.67856979370117,40.478572845458984,8261303.0
2018-01-04,40.33571243286133,42.47142791748047,40.099998474121094,42.07857131958008,19484066.0
2018-01-05,42.14285659790039,42.53571319580078,41.42856979370117,41.75,8320181.0
2018-01-08,41.78571319580078,42.014286041259766,40.3071403503418,40.97142791748047,12202569.0
2018-01-09,40.914283752441406,42.46428680419922,40.72142791748047,42.25714111328125,14586744.0
2018-01-10,42.13571548461914,42.43571472167969,41.22142791748047,42.21428680419922,10413944.0
2018-01-11,42.2928581237793,42.35714340209961,41.42856979370117,42.07857131958008,6779647.0
2018-01-12,42.07857131958008,42.664283752441406,41.43571472167969,42.35714340209961,9089288.0
2018-01-15,42.28571319580078,44.28571319580078,42.164283752441406,43.7928581237793,18840829.0
2018-01-16,43.64285659790039,47.57142639160156,43.21428680419922,45.35714340209961,17705436.0
2018-01-17,45.664283752441406,46.35714340209961,43.82142639160156,43.907142639160156,13702073.0
2018-01-18,44.235713958740234,47.42856979370117,44.10714340209961,46.5428581237793,18801440.0
2018-01-19,46.521427154541016,47.85714340209961,45.13571548461914,46.728572845458984,11963949.0
2018-01-22,46.728572845458984,46.728572845458984,46.728572845458984,46.728572845458984,0.0
2018-01-23,46.728572845458984,46.728572845458984,46.728572845458984,46.728572845458984,0.0
2018-01-24,46.728572845458984,46.728572845458984,46.728572845458984,46.728572845458984,0.0
2018-01-25,46.728572845458984,46.728572845458984,46.728572845458984,46.728572845458984,0.0
2018-01-26,46.728572845458984,46.728572845458984,46.728572845458984,46.728572845458984,0.0
2018-01-29,46.728572845458984,46.728572845458984,46.728572845458984,46.728572845458984,0.0
2018-01-30,46.728572845458984,46.728572845458984,46.728572845458984,46.728572845458984,0.0
2018-01-31,46.728572845458984,46.728572845458984,46.728572845458984,46.728572845458984,0.0
2018-02-01,46.728572845458984,46.728572845458984,46.728572845458984,46.728572845458984,0.0
2018-02-02,46.728572845458984,46.728572845458984,46.728572845458984,46.728572845458984,0.0
2018-02-05,46.728572845458984,46.728572845458984,46.728572845458984,46.728572845458984,0.0
2018-02-06,37.849998474121094,39.04999923706055,37.849998474121094,37.849998474121094,35632095.0
2018-02-07,38.5571403503418,39.64285659790039,36.85714340209961,37.25,21396694.0
2018-02-08,37.14285659790039,39.628570556640625,37.0,38.25714111328125,14826257.0
2018-02-09,37.478572845458984,39.014286041259766,35.735713958740234,38.82142639160156,12021277.0
2018-02-12,39.50714111328125,41.53571319580078,39.371429443359375,40.978572845458984,11294477.0
2018-02-13,41.42856979370117,42.14285659790039,40.235713958740234,41.985713958740234,9359572.0
2018-02-14,41.57142639160156,42.35714340209961,41.07857131958008,41.764286041259766,6623052.0
2018-02-22,42.85714340209961,42.85714340209961,41.53571319580078,42.07857131958008,6746129.0
2018-02-23,42.14285659790039,42.5,40.42856979370117,41.378570556640625,6031537.0
2018-02-26,41.378570556640625,41.485713958740234,39.514286041259766,40.599998474121094,12494767.0
2018-02-27,40.61428451538086,40.69285583496094,39.842857360839844,40.21428680419922,7309353.0
2018-02-28,39.70000076293945,40.164283752441406,38.75,39.14285659790039,8973725.0
2018-03-01,39.06428527832031,40.2071418762207,38.64285659790039,39.985713958740234,7842644.0
2018-03-02,39.2928581237793,40.54999923706055,39.28571319580078,39.68571472167969,4916871.0
2018-03-05,39.68571472167969,40.092857360839844,38.46428680419922,38.74285888671875,5001788.0
2018-03-06,38.74285888671875,39.42856979370117,37.57142639160156,39.24285888671875,7289942.0
2018-03-07,39.342857360839844,41.28571319580078,39.3071403503418,40.53571319580078,10908633.0
2018-03-08,40.407142639160156,41.11428451538086,39.86428451538086,40.58571243286133,7139599.0
2018-03-09,40.75,41.900001525878906,40.75,41.014286041259766,8146369.0
2018-03-12,40.985713958740234,41.35714340209961,39.99285888671875,40.08571243286133,9421206.0
2018-03-13,40.08571243286133,40.521427154541016,39.2071418762207,39.31428527832031,7266754.0
2018-03-14,39.29999923706055,39.92142868041992,39.28571319580078,39.85714340209961,4114489.0
2018-03-15,39.99285888671875,42.35714340209961,39.70000076293945,41.85714340209961,12985310.0
2018-03-16,41.650001525878906,42.14285659790039,41.28571319580078,41.70000076293945,5837826.0
2018-03-19,41.54999923706055,42.64285659790039,41.07857131958008,42.42142868041992,5672802.0
2018-03-20,41.914283752441406,43.271427154541016,41.78571319580078,42.28571319580078,5468209.0
2018-03-21,42.33571243286133,43.21428680419922,41.07857131958008,41.099998474121094,5727740.0
2018-03-22,41.0571403503418,42.14285659790039,40.24285888671875,41.38571548461914,6792630.0
2018-03-23,40.57142639160156,41.07142639160156,38.67142868041992,39.9571418762207,6035495.0
2018-03-26,39.628570556640625,40.96428680419922,39.21428680419922,40.54999923706055,5255128.0
2018-03-27,40.900001525878906,41.5,39.35714340209961,40.0,9627888.0
2018-03-28,39.28571319580078,39.72142791748047,37.07142639160156,38.0,16279869.0
2018-03-29,37.592857360839844,39.57142639160156,37.14285659790039,39.157142639160156,11609637.0
2018-03-30,39.21428680419922,39.89285659790039,38.7071418762207,39.264286041259766,5842886.0
2018-04-02,39.28571319580078,39.64285659790039,37.400001525878906,37.78571319580078,10728125.0
2018-04-03,37.42856979370117,38.985713958740234,37.0,38.7928581237793,11125024.0
2018-04-04,39.400001525878906,42.5571403503418,39.400001525878906,41.514286041259766,19341812.0
2018-04-09,41.521427154541016,41.96428680419922,40.72142791748047,41.56428527832031,9425749.0
2018-04-10,41.914283752441406,41.92856979370117,40.64285659790039,41.42856979370117,7882400.0
2018-04-11,41.39285659790039,41.900001525878906,40.0,40.4571418762207,10668663.0
2018-04-12,40.11428451538086,41.235713958740234,40.11428451538086,40.907142639160156,7234299.0
2018-04-13,40.728572845458984,41.39285659790039,39.82857131958008,40.2928581237793,5738752.0
2018-04-16,40.2928581237793,40.5,39.0,39.18571472167969,5476916.0
2018-04-17,39.5571403503418,39.5571403503418,38.485713958740234,38.5,3703519.0
2018-04-18,38.57142639160156,38.82142639160156,37.46428680419922,38.14285659790039,5475352.0
2018-04-19,38.13571548461914,39.25714111328125,37.985713958740234,38.64285659790039,6241435.0
2018-04-20,38.83571243286133,39.17142868041992,37.985713958740234,38.407142639160156,4337768.0
2018-04-23,38.42142868041992,38.78571319580078,37.50714111328125,38.19285583496094,2660716.0
2018-04-24,38.28571319580078,40.60714340209961,38.19285583496094,39.68571472167969,11443717.0
2018-04-25,39.36428451538086,40.25,39.10714340209961,39.878570556640625,3747294.0
2018-04-26,39.95000076293945,39.95000076293945,38.771427154541016,38.78571319580078,3087621.0
2018-04-27,39.164283752441406,39.63571548461914,37.5428581237793,37.99285888671875,6212736.0
2018-05-02,37.771427154541016,38.849998474121094,37.70000076293945,38.7071418762207,6124718.0
2018-05-03,38.64285659790039,39.89285659790039,38.04999923706055,39.599998474121094,5824869.0
2018-05-04,39.64285659790039,40.25,39.64285659790039,39.914283752441406,5157808.0
2018-05-07,39.70000076293945,43.0,39.70000076293945,42.53571319580078,14491398.0
2018-05-08,42.60714340209961,43.57142639160156,42.44285583496094,42.60714340209961,9315048.0
2018-05-09,42.64285659790039,43.57142639160156,42.60714340209961,43.56428527832031,6511223.0
2018-05-10,43.5571403503418,44.264286041259766,43.17856979370117,44.04999923706055,7062991.0
2018-05-11,44.07142639160156,45.271427154541016,42.85714340209961,43.0571403503418,6774313.0
2018-05-14,43.264286041259766,44.871429443359375,43.264286041259766,44.478572845458984,7802586.0
2018-05-15,44.478572845458984,44.842857360839844,43.83571243286133,44.771427154541016,4936527.0
2018-05-16,44.9571418762207,44.978572845458984,44.07857131958008,44.599998474121094,5091592.0
2018-05-17,44.38571548461914,44.70000076293945,41.92856979370117,42.64285659790039,10409471.0
2018-05-18,42.400001525878906,42.92142868041992,42.0428581237793,42.5,9156491.0
2018-05-21,42.842857360839844,43.349998474121094,42.20000076293945,42.43571472167969,5595161.0
2018-05-22,42.407142639160156,42.842857360839844,42.235713958740234,42.78571319580078,3755883.0
2018-05-23,42.85714340209961,43.0,42.07142639160156,42.07857131958008,6155462.0
2018-05-24,42.128570556640625,42.342857360839844,41.28571319580078,41.63571548461914,5910717.0
2018-05-25,41.8071403503418,42.81428527832031,41.67856979370117,42.18571472167969,6467925.0
2018-05-28,42.21428680419922,44.5,42.00714111328125,44.20000076293945,11138533.0
2018-05-29,44.27857208251953,45.10714340209961,42.592857360839844,42.69285583496094,8909826.0
2018-05-30,42.0,44.08571243286133,41.57142639160156,43.24285888671875,7870941.0
2018-05-31,43.67856979370117,46.21428680419922,43.25,46.03571319580078,13640411.0
2018-06-01,45.64285659790039,45.89285659790039,43.96428680419922,44.378570556640625,9320388.0
2018-06-04,44.64285659790039,47.35714340209961,44.10714340209961,46.771427154541016,11094298.0
2018-06-05,47.14285659790039,48.121429443359375,46.0,47.93571472167969,9855090.0
2018-06-06,47.69285583496094,48.02857208251953,46.900001525878906,47.414283752441406,7272602.0
2018-06-07,47.43571472167969,47.64285659790039,46.0571403503418,46.478572845458984,7322105.0
2018-06-08,46.21428680419922,47.28571319580078,45.514286041259766,46.27857208251953,8657916.0
2018-06-11,46.46428680419922,46.46428680419922,44.86428451538086,45.33571243286133,7938518.0
2018-06-12,45.407142639160156,48.121429443359375,45.407142639160156,47.57857131958008,12346153.0
2018-06-13,47.14285659790039,48.57142639160156,46.985713958740234,47.17856979370117,8106336.0
2018-06-14,46.79999923706055,47.82142639160156,45.42142868041992,46.35714340209961,8580152.0
2018-06-15,45.79999923706055,46.27857208251953,45.04999923706055,45.735713958740234,7242128.0
2018-06-19,45.014286041259766,45.57142639160156,42.371429443359375,42.664283752441406,10409481.0
2018-06-20,42.664283752441406,44.85714340209961,42.664283752441406,44.650001525878906,6714002.0
2018-06-21,44.71428680419922,45.56428527832031,44.21428680419922,44.75,5229683.0
2018-06-22,44.28571319580078,44.985713958740234,43.0,44.08571243286133,6319146.0
2018-06-25,44.271427154541016,45.79999923706055,44.06428527832031,44.88571548461914,10874493.0
2018-06-26,44.914283752441406,46.8071403503418,44.150001525878906,45.04999923706055,10387755.0
2018-06-27,44.92856979370117,46.25,42.42856979370117,43.871429443359375,12143789.0
2018-06-28,42.7071418762207,43.81428527832031,41.5571403503418,43.349998474121094,8187769.0
2018-06-29,42.93571472167969,45.22142791748047,42.92856979370117,44.92142868041992,6029702.0
2018-07-02,45.17856979370117,47.099998474121094,44.97142791748047,46.228572845458984,9750605.0
2018-07-03,46.14285659790039,46.77857208251953,42.5,43.7928581237793,13384931.0
2018-07-04,43.5571403503418,44.58571243286133,43.0,44.21428680419922,7086779.0
2018-07-05,44.21428680419922,45.69285583496094,42.57142639160156,43.31428527832031,7065387.0
2018-07-06,43.3071403503418,43.64285659790039,41.86428451538086,42.99285888671875,8494367.0
2018-07-09,42.92856979370117,43.842857360839844,42.5571403503418,43.8071403503418,10029588.0
2018-07-10,43.914283752441406,44.21428680419922,42.378570556640625,43.407142639160156,9340042.0
2018-07-11,42.35714340209961,43.271427154541016,42.128570556640625,42.650001525878906,4811290.0
2018-07-12,42.5,44.2071418762207,42.45000076293945,43.621429443359375,9168616.0
2018-07-13,43.621429443359375,45.85714340209961,43.5,45.664283752441406,12601948.0
2018-07-16,45.842857360839844,46.77857208251953,45.128570556640625,46.10714340209961,8549784.0
2018-07-17,46.21428680419922,46.61428451538086,45.35714340209961,46.04999923706055,5439607.0
2018-07-18,46.06428527832031,46.70000076293945,45.57142639160156,45.93571472167969,4938942.0
2018-07-19,45.914283752441406,46.10714340209961,44.0571403503418,44.63571548461914,6618879.0
2018-07-20,44.5,44.79999923706055,43.64285659790039,44.54999923706055,5378913.0
2018-07-23,44.27857208251953,44.27857208251953,42.64285659790039,43.19285583496094,9626464.0
2018-07-24,43.17856979370117,45.21428680419922,42.71428680419922,45.20000076293945,9798005.0
2018-07-25,45.157142639160156,45.17142868041992,44.25,44.56428527832031,5665087.0
2018-07-26,44.650001525878906,44.99285888671875,43.871429443359375,43.97142791748047,3788681.0
2018-07-27,43.86428451538086,44.5571403503418,43.28571319580078,43.978572845458984,4033703.0
2018-07-30,43.96428680419922,44.21428680419922,42.7928581237793,43.25714111328125,5322598.0
2018-07-31,43.21428680419922,43.75714111328125,42.85714340209961,43.54999923706055,2459213.0
2018-08-01,43.57142639160156,43.907142639160156,42.72142791748047,42.89285659790039,3953537.0
2018-08-02,42.628570556640625,42.64285659790039,38.60714340209961,39.342857360839844,16497595.0
2018-08-03,38.82857131958008,38.82857131958008,36.628570556640625,37.628570556640625,16338218.0
2018-08-06,36.92856979370117,38.10714340209961,35.02857208251953,36.349998474121094,10118610.0
2018-08-07,36.349998474121094,38.0428581237793,35.85714340209961,37.764286041259766,6851945.0
2018-08-08,37.85714340209961,37.85714340209961,35.2928581237793,35.71428680419922,9236668.0
2018-08-09,35.36428451538086,37.5571403503418,35.157142639160156,36.878570556640625,8464183.0
2018-08-10,36.914283752441406,38.128570556640625,36.914283752441406,37.371429443359375,6649400.0
2018-08-13,37.17856979370117,37.17856979370117,35.592857360839844,36.78571319580078,6874550.0
2018-08-14,37.150001525878906,37.82857131958008,36.42856979370117,36.871429443359375,7550309.0
2018-08-15,36.82857131958008,37.02857208251953,35.42142868041992,35.50714111328125,6521797.0
2018-08-16,34.92856979370117,35.78571319580078,33.92856979370117,34.17142868041992,8540295.0
2018-08-17,34.3071403503418,34.85714340209961,33.14285659790039,33.63571548461914,6891508.0
2018-08-20,33.0,33.35714340209961,31.485713958740234,32.67856979370117,9516367.0
2018-08-21,32.764286041259766,34.599998474121094,32.5,34.27857208251953,9535425.0
2018-08-22,34.28571319580078,34.478572845458984,33.44285583496094,33.78571319580078,5370855.0
2018-08-23,33.92142868041992,34.38571548461914,33.44285583496094,33.735713958740234,5876942.0
2018-08-24,33.88571548461914,33.978572845458984,32.164283752441406,33.75,8206938.0
2018-08-27,33.842857360839844,35.19285583496094,33.842857360839844,34.978572845458984,9002919.0
2018-08-28,35.5,35.67856979370117,34.53571319580078,34.74285888671875,9930055.0
2018-08-29,34.67142868041992,35.150001525878906,34.42856979370117,34.664283752441406,4472134.0
2018-08-30,34.371429443359375,35.10714340209961,34.17856979370117,34.29999923706055,4525402.0
2018-08-31,34.0,34.29999923706055,33.42856979370117,33.78571319580078,5568851.0
2018-09-03,33.67856979370117,33.907142639160156,32.70000076293945,33.20000076293945,4918085.0
2018-09-04,33.46428680419922,34.21428680419922,33.20000076293945,34.02857208251953,5291785.0
2018-09-05,33.92142868041992,34.27857208251953,32.92856979370117,32.99285888671875,4648217.0
2018-09-06,32.985713958740234,33.33571243286133,31.78571319580078,31.842857360839844,5902220.0
2018-09-07,31.928571701049805,32.85714340209961,31.928571701049805,32.735713958740234,6381095.0
2018-09-10,33.03571319580078,33.20000076293945,32.19285583496094,32.49285888671875,4121415.0
2018-09-11,32.20000076293945,32.78571319580078,32.19285583496094,32.32142639160156,3104082.0
2018-09-12,32.42142868041992,32.42142868041992,31.16428565979004,31.28571319580078,6369836.0
2018-09-13,31.421428680419922,31.7785701751709,29.91428565979004,30.86428451538086,7625989.0
2018-09-14,30.828571319580078,31.399999618530273,29.935714721679688,30.735713958740234,10179825.0
2018-09-17,30.357141494750977,30.850000381469727,30.071428298950195,30.61428451538086,5895285.0
2018-09-18,30.41428565979004,31.357141494750977,30.092857360839844,31.14285659790039,10157624.0
2018-09-19,31.107141494750977,32.28571319580078,30.799999237060547,31.857141494750977,11588334.0
2018-09-20,31.707141876220703,32.07857131958008,31.214284896850586,31.514284133911133,7175217.0
2018-09-21,31.707141876220703,32.82857131958008,31.571428298950195,32.53571319580078,9081854.0
2018-09-25,32.28571319580078,32.7071418762207,32.014286041259766,32.157142639160156,4841366.0
2018-09-26,32.32142639160156,34.46428680419922,32.32142639160156,33.61428451538086,14475329.0
2018-09-27,33.85714340209961,34.414283752441406,33.28571319580078,33.78571319580078,8865796.0
2018-09-28,33.81428527832031,34.0,33.22142791748047,33.77857208251953,7499087.0
2018-10-08,33.11428451538086,33.11428451538086,30.928571701049805,31.049999237060547,10048476.0
2018-10-09,31.321428298950195,31.457141876220703,30.22142791748047,30.521427154541016,8319683.0
2018-10-10,30.521427154541016,30.64285659790039,28.41428565979004,28.621427536010742,18546567.0
2018-10-11,27.135713577270508,28.178571701049805,26.14285659790039,26.607141494750977,15361859.0
2018-10-12,26.571428298950195,27.5,26.33571434020996,27.14285659790039,10188243.0
2018-10-15,27.357141494750977,27.542856216430664,26.47857093811035,26.5285701751709,7191135.0
2018-10-16,26.55714225769043,26.964284896850586,26.357141494750977,26.521427154541016,6077211.0
2018-10-17,26.764284133911133,26.928571701049805,24.7785701751709,25.964284896850586,10209686.0
2018-10-18,25.66428565979004,26.378570556640625,25.36428451538086,25.628570556640625,7647269.0
2018-10-19,25.428571701049805,26.97857093811035,25.22857093811035,26.685714721679688,10086974.0
2018-10-22,27.149999618530273,28.742856979370117,27.107141494750977,28.53571319580078,12936271.0
2018-10-23,28.571428298950195,28.571428298950195,25.97142791748047,26.28571319580078,13921458.0
2018-10-24,25.714284896850586,26.450000762939453,25.135713577270508,26.071428298950195,8729539.0
2018-10-25,25.03571319580078,26.428571701049805,24.80714225769043,25.950000762939453,7657039.0
2018-10-26,26.47857093811035,26.64285659790039,24.714284896850586,24.964284896850586,12047278.0
2018-10-29,23.571428298950195,23.571428298950195,22.47142791748047,22.47142791748047,17730153.0
2018-10-30,22.14285659790039,22.899999618530273,21.707141876220703,22.5,9876715.0
2018-10-31,22.764284133911133,23.492856979370117,22.72857093811035,23.100000381469727,12443071.0
2018-11-01,23.28571319580078,24.235713958740234,23.271427154541016,23.64285659790039,14712898.0
2018-11-02,24.214284896850586,24.992856979370117,23.935714721679688,24.885713577270508,14343554.0
2018-11-05,24.635713577270508,24.735713958740234,23.878570556640625,24.171428680419922,9312356.0
2018-11-06,24.171428680419922,24.171428680419922,23.485713958740234,24.03571319580078,5035087.0
2018-11-07,24.03571319580078,24.464284896850586,23.685714721679688,23.921428680419922,6544375.0
2018-11-08,24.178571701049805,24.64285659790039,23.814285278320312,23.964284896850586,7291895.0
2018-11-09,23.964284896850586,23.97142791748047,23.450000762939453,23.678571701049805,4072608.0
2018-11-12,23.75,23.75,23.11428451538086,23.72142791748047,5825169.0
2018-11-13,23.407142639160156,24.44285774230957,23.25714111328125,24.171428680419922,11158592.0
2018-11-14,24.178571701049805,24.264284133911133,23.657142639160156,23.700000762939453,7446248.0
2018-11-15,23.907142639160156,24.0,23.649999618530273,23.86428451538086,5502856.0
2018-11-16,24.014284133911133,24.22142791748047,23.75714111328125,23.992856979370117,6607377.0
2018-11-19,24.08571434020996,24.842857360839844,23.857141494750977,24.635713577270508,10375068.0
2018-11-20,24.342857360839844,24.485713958740234,23.64285659790039,23.814285278320312,7520912.0
2018-11-21,23.564285278320312,24.178571701049805,23.28571319580078,23.94285774230957,5540630.0
2018-11-22,23.935714721679688,24.049999237060547,23.64285659790039,23.89285659790039,3459523.0
2018-11-23,23.78571319580078,23.985713958740234,23.049999237060547,23.207141876220703,6153274.0
2018-11-26,23.214284896850586,23.314285278320312,22.885713577270508,22.97142791748047,3218605.0
2018-11-27,23.128570556640625,23.128570556640625,22.771427154541016,23.071428298950195,3927630.0
2018-11-28,23.200000762939453,23.671428680419922,22.94285774230957,23.457141876220703,4307893.0
2018-11-29,23.72142791748047,24.357141494750977,23.635713577270508,24.071428298950195,12186850.0
2018-11-30,24.135713577270508,25.714284896850586,23.792856216430664,25.607141494750977,16695576.0
2018-12-03,26.321428298950195,27.83571434020996,25.78571319580078,27.200000762939453,18961535.0
2018-12-04,27.0285701751709,27.53571319580078,26.571428298950195,27.235713958740234,9611364.0
2018-12-05,26.578571319580078,28.857141494750977,26.578571319580078,28.371427536010742,16281151.0
2018-12-06,27.857141494750977,28.428571701049805,27.22857093811035,27.61428451538086,11665488.0
2018-12-07,27.571428298950195,28.071428298950195,27.128570556640625,27.385713577270508,9232587.0
2018-12-10,27.178571701049805,27.75714111328125,26.69285774230957,27.064285278320312,9037599.0
2018-12-11,27.242856979370117,27.628570556640625,26.72857093811035,27.242856979370117,7161161.0
2018-12-12,27.399999618530273,27.44285774230957,26.821428298950195,27.14285659790039,5884215.0
2018-12-13,27.171428680419922,27.89285659790039,27.0,27.44285774230957,9336245.0
2018-12-14,28.071428298950195,28.621427536010742,27.78571319580078,27.878570556640625,21220137.0
2018-12-17,27.857141494750977,28.492856979370117,27.28571319580078,27.678571701049805,9229519.0
2018-12-18,27.47142791748047,27.714284896850586,26.97142791748047,27.292856216430664,6486620.0
2018-12-19,27.292856216430664,27.828571319580078,26.86428451538086,27.071428298950195,4640610.0
2018-12-20,26.7785701751709,27.107141494750977,26.16428565979004,26.97142791748047,7265620.0
2018-12-21,26.564285278320312,26.771427154541016,25.700000762939453,26.14285659790039,7768384.0
2018-12-24,25.985713958740234,26.41428565979004,25.80714225769043,26.321428298950195,4644781.0
2018-12-25,25.78571319580078,26.321428298950195,25.242856979370117,26.0285701751709,6301740.0
2018-12-26,25.928571701049805,26.492856979370117,25.44285774230957,25.47142791748047,7787109.0
2018-12-27,26.178571701049805,26.178571701049805,24.857141494750977,25.021427154541016,9308951.0
2018-12-28,25.14285659790039,25.428571701049805,24.178571701049805,25.03571319580078,11368242.0
2019-01-02,25.314285278320312,25.928571701049805,24.22857093811035,24.428571701049805,11502664.0
2019-01-03,24.321428298950195,24.542856216430664,23.342857360839844,23.628570556640625,11289524.0
2019-01-04,23.314285278320312,24.628570556640625,23.314285278320312,24.36428451538086,11502992.0
2019-01-07,23.314285278320312,24.628570556640625,24.014284133911133,24.185714721679688,11497536.0
2019-01-08,24.0,24.428571701049805,23.72142791748047,24.16428565979004,10437712.0
2019-01-09,24.28571319580078,25.549999237060547,24.021427154541016,25.00714111328125,17010774.0
2019-01-10,24.857141494750977,24.86428451538086,24.428571701049805,24.771427154541016,10036658.0
2019-01-11,24.771427154541016,25.264284133911133,24.292856216430664,25.264284133911133,10199301.0
2019-01-14,25.128570556640625,25.271427154541016,24.428571701049805,24.549999237060547,8961727.0
2019-01-15,24.50714111328125,27.00714111328125,24.385713577270508,27.00714111328125,23308581.0
2019-01-16,26.78571319580078,26.857141494750977,26.149999618530273,26.350000381469727,18393830.0
2019-01-17,26.22142791748047,26.821428298950195,25.842857360839844,26.342857360839844,13637887.0
2019-01-18,26.30714225769043,27.328571319580078,26.30714225769043,26.857141494750977,17471818.0
2019-01-21,26.957141876220703,27.850000381469727,26.957141876220703,27.299999237060547,14443304.0
2019-01-22,27.214284896850586,27.214284896850586,26.33571434020996,26.492856979370117,11756900.0
2019-01-23,26.292856216430664,26.72142791748047,26.22142791748047,26.428571701049805,6353326.0
2019-01-24,26.464284896850586,27.14285659790039,26.39285659790039,27.14285659790039,10450693.0
2019-01-25,27.207141876220703,27.571428298950195,26.928571701049805,27.242856979370117,11366077.0
2019-01-28,27.428571701049805,28.492856979370117,27.214284896850586,27.457141876220703,12853367.0
2019-01-29,27.55714225769043,28.578571319580078,26.714284896850586,28.55714225769043,17584238.0
2019-01-30,28.214284896850586,29.0,27.935714721679688,28.16428565979004,12095035.0
2019-01-31,28.185714721679688,28.78571319580078,27.72857093811035,28.5285701751709,11938533.0
2019-02-01,28.649999618530273,28.78571319580078,28.171428680419922,28.55714225769043,11084511.0
2019-02-11,28.628570556640625,30.357141494750977,27.86428451538086,29.764284133911133,15543910.0
2019-02-12,29.607141494750977,31.492856979370117,29.464284896850586,31.021427154541016,16484148.0
2019-02-13,31.271427154541016,31.64285659790039,30.72857093811035,31.385713577270508,9999906.0
2019-02-14,31.100000381469727,32.92856979370117,31.00714111328125,32.04999923706055,12905530.0
2019-02-15,32.04999923706055,32.04999923706055,31.357141494750977,31.72857093811035,8382361.0
2019-02-18,31.857141494750977,34.35714340209961,31.857141494750977,33.82142639160156,14747472.0
2019-02-19,34.06428527832031,34.32142639160156,33.0428581237793,33.42142868041992,10746092.0
2019-02-20,33.014286041259766,34.07142639160156,33.0,34.021427154541016,10720334.0
2019-02-21,33.85714340209961,34.28571319580078,33.21428680419922,33.85714340209961,7828298.0
2019-02-22,33.49285888671875,33.71428680419922,32.89285659790039,33.57142639160156,9670194.0
2019-02-25,33.56428527832031,35.54999923706055,32.97142791748047,34.907142639160156,18203451.0
2019-02-26,34.2928581237793,34.7071418762207,34.04999923706055,34.04999923706055,12062940.0
2019-02-27,34.128570556640625,35.92856979370117,34.07142639160156,34.50714111328125,15958576.0
2019-02-28,34.28571319580078,36.18571472167969,33.92856979370117,35.42142868041992,11664072.0
2019-03-01,35.71428680419922,37.69285583496094,35.60714340209961,37.50714111328125,18411463.0
2019-03-04,37.77857208251953,40.400001525878906,37.14285659790039,38.75,18954314.0
2019-03-05,38.78571319580078,40.07857131958008,38.44285583496094,39.5,14995698.0
2019-03-06,38.94285583496094,39.74285888671875,38.54999923706055,39.35714340209961,11484996.0
2019-03-07,38.89285659790039,38.92856979370117,36.57857131958008,37.69285583496094,21212725.0
2019-03-08,36.42856979370117,37.28571319580078,35.75714111328125,36.57142639160156,13961785.0
2019-03-11,36.21428680419922,39.0571403503418,36.21428680419922,38.57142639160156,15306604.0
2019-03-12,39.28571319580078,39.39285659790039,37.85714340209961,38.02857208251953,10473395.0
2019-03-13,37.85714340209961,39.0428581237793,37.28571319580078,37.39285659790039,9102328.0
2019-03-14,37.64285659790039,38.5571403503418,36.92856979370117,37.985713958740234,9086931.0
2019-03-15,37.849998474121094,39.914283752441406,37.64285659790039,39.2928581237793,12928690.0
2019-03-18,39.64285659790039,42.85714340209961,39.39285659790039,42.85714340209961,21203368.0
2019-03-19,42.14285659790039,43.28571319580078,41.17856979370117,41.7928581237793,13804588.0
2019-03-20,41.771427154541016,42.914283752441406,40.64285659790039,41.21428680419922,12072512.0
2019-03-21,41.128570556640625,41.21428680419922,40.24285888671875,40.592857360839844,9550570.0
2019-03-22,40.5571403503418,41.735713958740234,40.342857360839844,41.2071418762207,9097267.0
2019-03-25,40.0,40.7071418762207,39.64285659790039,40.25,8498792.0
2019-03-26,40.400001525878906,41.03571319580078,39.93571472167969,40.64285659790039,9870940.0
2019-03-27,40.71428680419922,42.14285659790039,40.35714340209961,41.407142639160156,11710461.0
2019-03-28,41.42856979370117,42.14285659790039,40.72142791748047,41.514286041259766,9981664.0
2019-03-29,41.92856979370117,44.67856979370117,41.92856979370117,43.19285583496094,18331563.0
2019-04-01,43.19285583496094,44.13571548461914,42.58571243286133,43.52857208251953,12136412.0
2019-04-02,43.5571403503418,43.92856979370117,42.5,42.67142868041992,9237299.0
2019-04-03,42.157142639160156,43.21428680419922,42.0,42.42856979370117,8809096.0
2019-04-04,42.57142639160156,44.407142639160156,42.157142639160156,43.878570556640625,11329123.0
2019-04-08,45.14285659790039,46.42856979370117,42.92856979370117,43.57142639160156,14229332.0
2019-04-09,43.5,43.5,42.07142639160156,43.42856979370117,12209457.0
2019-04-10,42.85714340209961,45.0,42.0428581237793,44.10714340209961,14424102.0
2019-04-11,44.06428527832031,44.06428527832031,40.71428680419922,41.150001525878906,20569824.0
2019-04-12,40.71428680419922,41.914283752441406,39.71428680419922,40.628570556640625,11034870.0
2019-04-15,41.342857360839844,41.9571418762207,40.77857208251953,40.7928581237793,9863417.0
2019-04-16,40.74285888671875,42.14285659790039,40.0,41.92856979370117,9020061.0
2019-04-17,41.771427154541016,42.57857131958008,41.28571319580078,42.32142639160156,7287254.0
2019-04-18,42.35714340209961,43.342857360839844,42.14285659790039,42.86428451538086,7991828.0
2019-04-19,42.842857360839844,42.89285659790039,41.92856979370117,42.58571243286133,4826075.0
2019-04-22,42.58571243286133,43.485713958740234,41.621429443359375,41.8071403503418,8210672.0
2019-04-23,41.42856979370117,42.29999923706055,40.842857360839844,41.58571243286133,10117752.0
2019-04-24,41.58571243286133,42.407142639160156,40.3071403503418,41.0,9708879.0
2019-04-25,41.0,42.61428451538086,40.35714340209961,41.4571418762207,11439995.0
2019-04-26,41.78571319580078,41.907142639160156,39.82142639160156,41.07142639160156,9807400.0
2019-05-06,39.271427154541016,39.85714340209961,36.92142868041992,37.371429443359375,18285912.0
2019-05-07,37.378570556640625,39.04999923706055,37.21428680419922,38.75714111328125,12964043.0
2019-05-08,38.57142639160156,41.00714111328125,38.03571319580078,40.164283752441406,10816864.0
2019-05-09,40.164283752441406,40.21428680419922,37.06428527832031,38.18571472167969,13787764.0
2019-05-10,38.57142639160156,40.22142791748047,38.24285888671875,39.92856979370117,12291101.0
2019-05-13,39.342857360839844,41.371429443359375,38.57142639160156,40.77857208251953,10316024.0
2019-05-14,40.0,41.03571319580078,39.871429443359375,40.157142639160156,6728960.0
2019-05-15,40.64285659790039,42.71428680419922,40.42856979370117,42.33571243286133,16560371.0
2019-05-16,42.099998474121094,44.18571472167969,41.42856979370117,43.650001525878906,15652595.0
2019-05-17,43.650001525878906,44.21428680419922,42.28571319580078,42.64285659790039,9057624.0
2019-05-20,42.5,42.5,40.07857131958008,41.28571319580078,9159680.0
2019-05-21,40.92856979370117,41.978572845458984,40.27857208251953,41.414283752441406,9460091.0
2019-05-22,41.42856979370117,41.5,40.14285659790039,40.764286041259766,7731054.0
2019-05-23,40.71428680419922,40.71428680419922,39.121429443359375,39.842857360839844,8713213.0
2019-05-24,39.63571548461914,40.764286041259766,39.14285659790039,40.07857131958008,7722806.0
2019-05-27,39.978572845458984,40.599998474121094,39.25,40.35714340209961,6767482.0
2019-05-28,40.478572845458984,41.07142639160156,40.0,40.85714340209961,7128956.0
2019-05-29,40.35714340209961,41.27857208251953,40.06428527832031,40.728572845458984,5453935.0
2019-05-30,40.35714340209961,41.11428451538086,39.64285659790039,40.092857360839844,4967838.0
2019-05-31,40.75,40.878570556640625,39.7928581237793,40.371429443359375,4562202.0
2019-06-03,40.14285659790039,40.85714340209961,39.664283752441406,39.83571243286133,5615237.0
2019-06-04,39.88571548461914,39.92856979370117,38.22142791748047,38.42856979370117,7732356.0
2019-06-05,38.75714111328125,38.985713958740234,37.86428451538086,38.57142639160156,6921425.0
2019-06-06,38.64285659790039,39.35714340209961,38.414283752441406,38.49285888671875,7678869.0
2019-06-10,38.50714111328125,40.5571403503418,37.64285659790039,40.0571403503418,8896297.0
2019-06-11,40.0571403503418,43.32142639160156,40.0571403503418,42.771427154541016,15595812.0
2019-06-12,42.71428680419922,43.342857360839844,42.378570556640625,42.82857131958008,9034657.0
2019-06-13,42.85714340209961,43.35714340209961,41.57142639160156,42.42856979370117,6959863.0
2019-06-14,42.17856979370117,43.70000076293945,41.82142639160156,41.914283752441406,7834670.0
2019-06-17,41.650001525878906,43.121429443359375,41.628570556640625,42.28571319580078,7190591.0
2019-06-18,42.271427154541016,42.5,41.17856979370117,42.13571548461914,4976081.0
2019-06-19,43.21428680419922,43.56428527832031,42.25714111328125,42.371429443359375,9816910.0
2019-06-20,42.08571243286133,44.71428680419922,41.78571319580078,44.5,17532723.0
2019-06-21,44.21428680419922,44.64285659790039,43.32857131958008,44.29999923706055,13363854.0
2019-06-24,44.14285659790039,45.485713958740234,43.61428451538086,45.10714340209961,11993601.0
2019-06-25,44.878570556640625,46.42856979370117,44.57142639160156,46.25,14649020.0
2019-06-26,46.28571319580078,46.69285583496094,45.17856979370117,45.60714340209961,11738917.0
2019-06-27,45.64285659790039,49.21428680419922,45.64285659790039,48.599998474121094,18993868.0
2019-06-28,48.64285659790039,51.31428527832031,48.42856979370117,49.32142639160156,14760415.0
2019-07-01,50.07857131958008,52.14285659790039,50.0,51.07142639160156,15899458.0
2019-07-02,50.96428680419922,51.400001525878906,49.97142791748047,50.75714111328125,10667372.0
2019-07-03,50.63571548461914,51.07142639160156,48.85714340209961,49.61428451538086,14983407.0
2019-07-04,49.57142639160156,49.60714340209961,48.07142639160156,48.85714340209961,11799071.0
2019-07-05,49.11428451538086,51.42142868041992,49.0,51.20000076293945,16228424.0
2019-07-08,50.92856979370117,51.11428451538086,49.228572845458984,49.82142639160156,10037965.0
2019-07-09,49.728572845458984,51.14285659790039,49.514286041259766,49.81428527832031,9488871.0
2019-07-10,49.94285583496094,50.71428680419922,49.14285659790039,50.07142639160156,8740667.0
2019-07-11,50.14285659790039,50.71428680419922,49.235713958740234,49.63571548461914,8518349.0
2019-07-12,49.871429443359375,50.78571319580078,49.650001525878906,50.57857131958008,7360563.0
2019-07-15,49.985713958740234,50.10714340209961,48.771427154541016,49.75,7999467.0
2019-07-16,49.92856979370117,50.17142868041992,48.93571472167969,49.2071418762207,6466658.0
2019-07-17,49.42856979370117,49.93571472167969,48.907142639160156,49.49285888671875,5417003.0
2019-07-18,49.78571319580078,49.96428680419922,48.13571548461914,48.5,5807844.0
2019-07-19,48.58571243286133,50.17856979370117,48.58571243286133,49.63571548461914,6994197.0
2019-07-22,50.10714340209961,50.25714111328125,48.42856979370117,48.75714111328125,6117364.0
2019-07-23,48.771427154541016,49.00714111328125,47.07142639160156,48.78571319580078,10592215.0
2019-07-24,48.94285583496094,49.342857360839844,48.36428451538086,48.78571319580078,6935136.0
2019-07-25,48.85714340209961,48.92856979370117,47.64285659790039,48.82142639160156,9172994.0
2019-07-26,48.57142639160156,49.371429443359375,48.42856979370117,49.0428581237793,4691335.0
2019-07-29,49.32142639160156,49.97142791748047,48.82857131958008,49.728572845458984,4971855.0
2019-07-30,49.728572845458984,50.342857360839844,49.07142639160156,49.14285659790039,6502867.0
2019-07-31,49.20000076293945,49.485713958740234,48.28571319580078,48.42142868041992,4568838.0
2019-08-01,48.42856979370117,48.53571319580078,47.67856979370117,47.75,4455788.0
2019-08-02,46.42856979370117,47.25,45.50714111328125,46.92856979370117,9034971.0
2019-08-05,46.7928581237793,47.5,46.0,46.271427154541016,4729278.0
2019-08-06,45.72142791748047,46.978572845458984,44.92856979370117,46.53571319580078,6693516.0
2019-08-07,46.78571319580078,47.378570556640625,46.5,46.53571319580078,4815385.0
2019-08-08,46.914283752441406,47.342857360839844,46.78571319580078,47.21428680419922,4284068.0
2019-08-09,47.628570556640625,47.92142868041992,46.04999923706055,46.07142639160156,4609567.0
2019-08-12,46.521427154541016,47.842857360839844,46.521427154541016,47.621429443359375,4783990.0
2019-08-13,47.53571319580078,48.82142639160156,46.99285888671875,48.728572845458984,7678410.0
2019-08-14,49.17142868041992,50.21428680419922,48.96428680419922,49.42856979370117,9380533.0
2019-08-15,48.68571472167969,49.27857208251953,48.342857360839844,48.82142639160156,5420941.0
2019-08-16,49.02857208251953,50.14285659790039,48.58571243286133,49.7928581237793,6892727.0
2019-08-19,49.7928581237793,50.56428527832031,49.17856979370117,49.97142791748047,7053412.0
2019-08-20,50.021427154541016,51.42142868041992,49.64285659790039,50.71428680419922,7639952.0
2019-08-21,50.25714111328125,50.25714111328125,49.0,49.271427154541016,4649213.0
2019-08-22,49.56428527832031,50.71428680419922,49.14285659790039,50.414283752441406,5278968.0
2019-08-23,50.00714111328125,51.33571243286133,50.00714111328125,51.00714111328125,5386661.0
2019-08-26,50.021427154541016,50.92856979370117,48.57142639160156,50.17142868041992,4398759.0
2019-08-27,51.342857360839844,54.907142639160156,51.342857360839844,53.21428680419922,15403215.0
2019-08-28,54.04999923706055,54.99285888671875,53.021427154541016,53.46428680419922,7097456.0
2019-08-29,53.57142639160156,54.157142639160156,52.88571548461914,53.57857131958008,6096489.0
2019-08-30,53.57857131958008,55.72142791748047,53.42856979370117,54.82142639160156,8281813.0
2019-09-02,54.89285659790039,56.85714340209961,54.07142639160156,56.5,8211621.0
2019-09-03,56.271427154541016,56.75,55.72142791748047,56.75,4566900.0
2019-09-04,56.53571319580078,56.53571319580078,54.0571403503418,54.52857208251953,9420584.0
2019-09-05,54.39285659790039,55.42856979370117,53.849998474121094,54.17142868041992,8892171.0
2019-09-06,54.32142639160156,54.46428680419922,52.36428451538086,54.28571319580078,9244515.0
2019-09-09,54.521427154541016,55.128570556640625,54.00714111328125,54.97142791748047,6445366.0
2019-09-10,54.97142791748047,54.978572845458984,53.32142639160156,54.21428680419922,7546861.0
2019-09-11,54.44285583496094,54.46428680419922,51.33571243286133,51.521427154541016,14073458.0
2019-09-12,51.7071418762207,54.10714340209961,51.7071418762207,53.599998474121094,9762988.0
2019-09-16,53.7071418762207,53.85714340209961,52.57142639160156,53.25714111328125,5429131.0
2019-09-17,53.271427154541016,53.89285659790039,52.628570556640625,52.871429443359375,4639744.0
2019-09-18,53.19285583496094,56.81428527832031,53.19285583496094,55.914283752441406,12662994.0
2019-09-19,56.014286041259766,56.10714340209961,54.99285888671875,55.400001525878906,6123434.0
2019-09-20,55.414283752441406,56.70000076293945,55.0,55.621429443359375,7687176.0
2019-09-23,55.57142639160156,55.621429443359375,54.2928581237793,54.97142791748047,4486955.0
2019-09-24,54.82142639160156,57.71428680419922,54.82142639160156,56.92142868041992,9719199.0
2019-09-25,56.92856979370117,57.849998474121094,56.20000076293945,56.75714111328125,5802193.0
2019-09-26,56.78571319580078,57.400001525878906,55.27857208251953,55.478572845458984,5509725.0
2019-09-27,55.78571319580078,56.18571472167969,54.14285659790039,55.32857131958008,4366401.0
2019-09-30,55.35714340209961,55.842857360839844,54.71428680419922,55.22142791748047,5461925.0
2019-10-08,55.42856979370117,56.271427154541016,54.71428680419922,55.21428680419922,4556925.0
2019-10-09,55.43571472167969,55.53571319580078,54.14285659790039,55.20000076293945,3773518.0
2019-10-10,54.89285659790039,56.414283752441406,54.14285659790039,56.228572845458984,7090833.0
2019-10-11,56.228572845458984,57.47142791748047,55.985713958740234,57.128570556640625,7239727.0
2019-10-14,57.85714340209961,58.82142639160156,56.78571319580078,57.07142639160156,5730426.0
2019-10-15,57.400001525878906,61.64285659790039,56.57857131958008,61.64285659790039,13029648.0
2019-10-16,60.35714340209961,61.54999923706055,60.35714340209961,61.414283752441406,7038299.0
2019-10-17,61.4571418762207,62.06428527832031,60.0571403503418,61.07142639160156,5970932.0
2019-10-18,60.985713958740234,60.985713958740234,59.27857208251953,59.71428680419922,6078016.0
2019-10-21,59.78571319580078,63.07142639160156,59.07857131958008,61.29999923706055,7342743.0
2019-10-22,61.72142791748047,62.07142639160156,60.0,61.092857360839844,3859521.0
2019-10-23,61.235713958740234,62.764286041259766,60.349998474121094,60.64285659790039,5934325.0
2019-10-24,60.521427154541016,60.521427154541016,59.28571319580078,59.46428680419922,6889856.0
2019-10-25,59.92142868041992,60.64285659790039,59.2928581237793,59.89285659790039,5706610.0
2019-10-28,62.14285659790039,62.28571319580078,60.378570556640625,61.28571319580078,9786033.0
2019-10-29,61.849998474121094,64.27857208251953,61.514286041259766,63.32142639160156,8583792.0
2019-10-30,63.164283752441406,64.19999694824219,62.39285659790039,63.79999923706055,6192810.0
2019-10-31,64.1642837524414,65.21428680419922,62.92856979370117,63.57142639160156,7455583.0
2019-11-01,64.07142639160156,66.71428680419922,63.592857360839844,66.4142837524414,8481053.0
2019-11-04,66.40714263916016,68.07142639160156,65.07142639160156,65.78571319580078,8652091.0
2019-11-05,66.0,66.85713958740234,65.07142639160156,66.07142639160156,5311226.0
2019-11-06,66.04285430908203,66.32856750488281,64.28571319580078,64.78571319580078,7734829.0
2019-11-07,65.0,65.65714263916016,64.80000305175781,65.28571319580078,4069795.0
2019-11-08,66.07142639160156,66.17142486572266,64.68571472167969,64.8357162475586,5319017.0
2019-11-11,65.47142791748047,65.47142791748047,63.81428527832031,64.95714569091797,5770874.0
2019-11-12,64.81428527832031,67.5,64.81428527832031,66.86428833007812,6448111.0
2019-11-13,67.5999984741211,67.7642822265625,66.62857055664062,67.57142639160156,6119562.0
2019-11-14,68.05714416503906,71.0,67.34285736083984,69.82856750488281,9550468.0
2019-11-15,69.8357162475586,71.20714569091797,69.28571319580078,70.42857360839844,5458635.0
2019-11-18,70.0,70.97142791748047,68.43571472167969,69.0142822265625,7821223.0
2019-11-19,69.27143096923828,70.57142639160156,69.0142822265625,70.3499984741211,6414179.0
2019-11-20,70.5,70.85713958740234,69.6642837524414,70.5,4231458.0
2019-11-21,70.5142822265625,70.60713958740234,69.4000015258789,70.32142639160156,4300501.0
2019-11-22,70.5,70.87857055664062,65.92857360839844,67.49285888671875,12264422.0
2019-11-25,67.4857177734375,68.40714263916016,65.32142639160156,66.37142944335938,8285562.0
2019-11-26,67.27143096923828,67.70714569091797,66.65714263916016,67.14286041259766,8244371.0
2019-11-27,67.72856903076172,68.0,66.70714569091797,66.8357162475586,5420063.0
2019-11-28,67.14286041259766,67.37857055664062,65.78571319580078,66.5857162475586,4912703.0
2019-11-29,66.12857055664062,66.67857360839844,62.46428680419922,63.81428527832031,12416033.0
2019-12-02,64.19999694824219,64.77143096923828,62.85714340209961,63.08571243286133,7919706.0
2019-12-03,63.3071403503418,63.56428527832031,61.08571243286133,62.985713958740234,6189306.0
2019-12-04,63.592857360839844,64.3499984741211,61.85714340209961,62.914283752441406,6489989.0
2019-12-05,62.914283752441406,63.21428680419922,62.32857131958008,62.985713958740234,5244101.0
2019-12-06,63.099998474121094,65.12857055664062,62.9571418762207,64.00714111328125,9785029.0
2019-12-09,63.57142639160156,64.07142639160156,62.39285659790039,62.57857131958008,7895734.0
2019-12-10,62.5,63.17142868041992,62.235713958740234,62.878570556640625,4434544.0
2019-12-11,63.29999923706055,63.349998474121094,61.92142868041992,62.28571319580078,4302930.0
2019-12-12,62.53571319580078,62.650001525878906,61.96428680419922,62.14285659790039,3889033.0
2019-12-13,62.33571243286133,64.27857208251953,62.33571243286133,63.35714340209961,7959520.0
2019-12-16,63.5,63.78571319580078,62.20000076293945,62.86428451538086,6704230.0
2019-12-17,62.85714340209961,63.771427154541016,62.50714111328125,63.28571319580078,5767021.0
2019-12-18,63.2928581237793,63.92856979370117,63.128570556640625,63.378570556640625,5069916.0
2019-12-19,63.400001525878906,63.54999923706055,61.95000076293945,62.14285659790039,6378856.0
2019-12-20,62.0,62.32142639160156,60.735713958740234,61.342857360839844,7555835.0
2019-12-23,60.349998474121094,61.75714111328125,59.64285659790039,61.092857360839844,4302006.0
2019-12-24,61.22142791748047,61.33571243286133,60.70000076293945,60.82142639160156,3003183.0
2019-12-25,60.92856979370117,61.0,58.599998474121094,59.38571548461914,11081357.0
2019-12-26,59.56428527832031,61.85714340209961,59.19285583496094,60.96428680419922,10216750.0
2019-12-27,61.08571243286133,64.06428527832031,61.08571243286133,62.914283752441406,13713172.0
2019-12-30,62.94285583496094,65.60713958740234,62.628570556640625,64.44285583496094,13005976.0
2019-12-31,64.47142791748047,64.85713958740234,62.89285659790039,64.07142639160156,7970218.0
2020-01-02,63.50714111328125,63.75714111328125,62.400001525878906,63.42856979370117,9081094.0
2020-01-03,62.85714340209961,62.914283752441406,62.08571243286133,62.599998474121094,6762751.0
2020-01-06,62.735713958740234,62.735713958740234,61.42856979370117,61.78571319580078,9164639.0
2020-01-07,61.849998474121094,62.60714340209961,61.60714340209961,62.08571243286133,5143348.0
2020-01-08,62.64285659790039,62.64285659790039,62.64285659790039,62.64285659790039,7488000.0
2020-01-09,62.64285659790039,66.13571166992188,62.43571472167969,65.34285736083984,15773881.0
2020-01-10,65.3357162475586,69.0,65.29285430908203,67.28571319580078,12591083.0
2020-01-13,68.0,68.0,68.0,68.0,10680224.0
2020-01-14,67.47142791748047,67.47142791748047,67.47142791748047,67.47142791748047,5734283.0
2020-01-15,67.72142791748047,69.30000305175781,67.52143096923828,68.67857360839844,7550261.0
2020-01-16,68.96428680419922,69.92142486572266,67.92857360839844,69.63571166992188,7006504.0
2020-01-17,69.82856750488281,70.2357177734375,68.60713958740234,69.06428527832031,4051446.0
2020-01-20,69.07856750488281,69.53571319580078,68.04285430908203,68.5,5896114.0
2020-01-21,67.77143096923828,68.44999694824219,66.57142639160156,67.5,5644357.0
2020-01-22,67.49285888671875,69.07142639160156,66.4000015258789,68.19999694824219,6323762.0
2020-01-23,68.3499984741211,68.92857360839844,64.8357162475586,65.4857177734375,6899218.0
2020-02-03,58.93571472167969,58.93571472167969,58.93571472167969,58.93571472167969,1623440.0
2020-02-04,53.92856979370117,58.478572845458984,53.92856979370117,56.96428680419922,23825172.0
2020-02-05,57.14285659790039,58.92856979370117,55.42856979370117,58.0571403503418,13933315.0
2020-02-06,57.349998474121094,58.92856979370117,57.157142639160156,58.86428451538086,8096439.0
2020-02-07,59.599998474121094,61.33571243286133,58.68571472167969,60.86428451538086,8469281.0
2020-02-10,60.64285659790039,62.25,59.14285659790039,61.28571319580078,8919540.0
2020-02-11,60.8071403503418,63.46428680419922,60.8071403503418,62.42856979370117,7133231.0
2020-02-12,62.42856979370117,63.17142868041992,61.657142639160156,62.56428527832031,6745222.0
2020-02-13,63.0,63.25714111328125,62.32142639160156,62.75,3922478.0
2020-02-14,62.907142639160156,63.07142639160156,62.13571548461914,62.39285659790039,4438550.0
2020-02-17,62.842857360839844,62.97142791748047,61.92856979370117,62.42856979370117,5889947.0
2020-02-18,62.5,62.60714340209961,61.25714111328125,61.900001525878906,6002719.0
2020-02-19,61.907142639160156,63.07142639160156,61.10714340209961,62.75,9230566.0
2020-02-20,62.592857360839844,65.46428680419922,62.371429443359375,65.1642837524414,10577999.0
2020-02-21,64.28571319580078,65.0,63.978572845458984,64.47142791748047,5217081.0
2020-02-24,63.57857131958008,64.21428680419922,62.14285659790039,63.3071403503418,6655177.0
2020-02-25,62.121429443359375,62.96428680419922,61.514286041259766,62.20000076293945,4716912.0
2020-02-26,61.521427154541016,63.14285659790039,61.521427154541016,62.25,5901000.0
2020-02-27,62.00714111328125,65.21428680419922,62.00714111328125,64.24285888671875,10799121.0
2020-02-28,61.44285583496094,63.78571319580078,61.22142791748047,61.60714340209961,6794989.0
2020-03-02,61.85714340209961,64.59285736083984,61.271427154541016,63.85714340209961,9195327.0
2020-03-03,63.92856979370117,65.85713958740234,63.92856979370117,65.35713958740234,7424586.0
2020-03-04,64.8499984741211,65.63571166992188,63.57142639160156,65.04285430908203,6289647.0
2020-03-05,65.05000305175781,71.55000305175781,65.05000305175781,71.55000305175781,21349540.0
2020-03-06,70.57142639160156,73.0,68.49285888671875,68.71428680419922,13955649.0
2020-03-09,67.84285736083984,67.84285736083984,62.63571548461914,64.28571319580078,18758425.0
2020-03-10,63.07142639160156,68.21428680419922,62.50714111328125,67.39286041259766,17711153.0
2020-03-11,67.14286041259766,69.05714416503906,65.78571319580078,67.0,9245793.0
2020-03-12,66.14286041259766,66.14286041259766,63.71428680419922,65.0,7011764.0
2020-03-13,61.75,65.7357177734375,60.78571319580078,64.80000305175781,8478891.0
2020-03-16,63.75,64.10713958740234,61.342857360839844,62.164283752441406,9239374.0
2020-03-17,61.78571319580078,62.85714340209961,57.57142639160156,61.164283752441406,7309486.0
2020-03-18,61.900001525878906,62.82857131958008,59.42856979370117,59.86428451538086,7461136.0
2020-03-19,59.86428451538086,59.92142868041992,55.0,57.28571319580078,8536019.0
2020-03-20,58.17856979370117,60.07142639160156,58.17856979370117,59.44285583496094,7369091.0
2020-03-23,59.21428680419922,59.28571319580078,57.150001525878906,57.849998474121094,4975327.0
2020-03-24,59.14285659790039,60.71428680419922,58.14285659790039,60.092857360839844,6839964.0
2020-03-25,62.21428680419922,62.78571319580078,61.18571472167969,62.07142639160156,6352431.0
2020-03-26,61.74285888671875,63.92856979370117,61.43571472167969,63.371429443359375,7673265.0
2020-03-27,64.28571319580078,65.77143096923828,64.19999694824219,64.52143096923828,6171890.0
2020-03-30,64.25,64.9142837524414,62.349998474121094,62.900001525878906,4806853.0
2020-03-31,64.19285583496094,65.42142486572266,63.28571319580078,64.4142837524414,6246808.0
2020-04-01,64.07142639160156,65.52143096923828,63.46428680419922,64.67857360839844,5365717.0
2020-04-02,64.44999694824219,65.69999694824219,63.42856979370117,65.1500015258789,5224832.0
2020-04-03,65.07142639160156,66.09285736083984,64.14286041259766,64.8499984741211,5105664.0
2020-04-07,65.57856750488281,67.05000305175781,65.0999984741211,65.21428680419922,6934916.0
2020-04-08,65.35713958740234,66.32142639160156,64.68571472167969,66.02143096923828,5584392.0
2020-04-09,66.28571319580078,67.04285430908203,65.94285583496094,67.0,5025736.0
2020-04-10,67.0999984741211,68.57142639160156,66.30714416503906,66.77143096923828,4681325.0
2020-04-13,66.14286041259766,67.60713958740234,65.94285583496094,66.93571472167969,3664267.0
2020-04-14,68.69285583496094,69.12142944335938,67.14286041259766,68.64286041259766,5008358.0
2020-04-15,69.94999694824219,70.81428527832031,68.25714111328125,68.62142944335938,5181554.0
2020-04-16,68.09285736083984,68.88571166992188,67.75714111328125,68.32856750488281,2840332.0
2020-04-17,67.99285888671875,70.9000015258789,67.99285888671875,69.60713958740234,6041156.0
2020-04-20,69.60713958740234,70.27143096923828,69.21428680419922,70.13571166992188,4671884.0
2020-04-21,69.52857208251953,69.92857360839844,68.4000015258789,69.05714416503906,3307532.0
2020-04-22,69.19999694824219,72.24285888671875,68.69999694824219,71.14286041259766,7483954.0
2020-04-23,71.34285736083984,72.85713958740234,70.42857360839844,70.80000305175781,4286928.0
2020-04-24,71.11428833007812,72.0,69.92857360839844,71.42857360839844,3793540.0
2020-04-27,70.7642822265625,71.42857360839844,69.07142639160156,70.94285583496094,5492121.0
2020-04-28,74.28571319580078,78.03571319580078,72.84285736083984,78.03571319580078,15083901.0
2020-04-29,77.35713958740234,78.42142486572266,72.17857360839844,73.92142486572266,13953744.0
2020-04-30,73.57142639160156,76.7357177734375,72.60713958740234,76.6500015258789,9240777.0
2020-05-06,75.35713958740234,76.64286041259766,75.12142944335938,75.9142837524414,8347207.0
2020-05-07,75.9142837524414,78.0,75.00714111328125,77.5,6909812.0
2020-05-08,77.5,78.3357162475586,76.07142639160156,77.39286041259766,5785698.0
2020-05-11,77.10713958740234,79.36428833007812,76.27857208251953,76.5,7285033.0
2020-05-12,77.12857055664062,80.0,76.43571472167969,79.49285888671875,7379526.0
2020-05-13,79.49285888671875,84.90714263916016,79.0,83.75714111328125,8885920.0
2020-05-14,83.75,84.69285583496094,82.71428680419922,83.37857055664062,4727777.0
2020-05-15,83.85713958740234,83.85713958740234,81.34285736083984,82.27143096923828,5422820.0
2020-05-18,82.14286041259766,87.85713958740234,81.42857360839844,85.20714569091797,8710508.0
2020-05-19,86.07142639160156,87.21428680419922,84.71428680419922,86.07142639160156,6951110.0
2020-05-20,85.71428680419922,87.14286041259766,84.52857208251953,85.79285430908203,5865879.0
2020-05-21,85.74285888671875,87.5,85.37142944335938,87.10713958740234,5648435.0
2020-05-22,85.93571472167969,86.07142639160156,82.92857360839844,84.21428680419922,7235547.0
2020-05-25,84.54285430908203,87.27143096923828,83.0,87.10713958740234,6452286.0
2020-05-26,87.57142639160156,88.75,85.90714263916016,87.77143096923828,5661593.0
2020-05-27,87.14286041259766,88.47856903076172,86.77857208251953,87.30000305175781,5871583.0
2020-05-28,86.94285583496094,92.75,86.92857360839844,88.92857360839844,10287912.0
2020-05-29,89.06428527832031,92.4000015258789,88.55714416503906,91.50714111328125,5945934.0
2020-06-01,92.28571319580078,96.62142944335938,92.1500015258789,94.17857360839844,8002811.0
2020-06-02,94.28571319580078,94.84285736083984,91.77857208251953,92.80714416503906,8552535.0
2020-06-03,92.81428527832031,93.19285583496094,91.57142639160156,92.8357162475586,5776968.0
2020-06-04,93.12142944335938,95.5,92.14286041259766,95.12857055664062,6189201.0
2020-06-05,95.0,96.75,94.05000305175781,96.14286041259766,5119990.0
2020-06-08,96.19285583496094,97.85713958740234,94.89286041259766,96.69285583496094,6663274.0
2020-06-09,96.07142639160156,97.09285736083984,95.71428680419922,96.42142486572266,4717472.0
2020-06-10,96.07856750488281,97.07142639160156,95.71428680419922,96.52857208251953,4468508.0
2020-06-11,96.42857360839844,97.05714416503906,94.30000305175781,95.69999694824219,6365471.0
2020-06-12,93.90714263916016,97.40714263916016,93.11428833007812,96.64286041259766,6268278.0
2020-06-15,97.14286041259766,97.14286041259766,93.92857360839844,95.22856903076172,6095257.0
2020-06-16,95.6500015258789,96.92857360839844,95.12142944335938,95.71428680419922,5734771.0
2020-06-17,95.92857360839844,96.42857360839844,94.28571319580078,95.25714111328125,4663346.0
2020-06-18,95.67857360839844,96.2642822265625,94.42857360839844,95.27857208251953,3786902.0
2020-06-19,94.62142944335938,99.95714569091797,94.37857055664062,98.44285583496094,8914063.0
2020-06-22,98.29285430908203,98.71428680419922,96.64286041259766,97.0,5735510.0
2020-06-23,97.05000305175781,99.75,97.0,98.92857360839844,7671734.0
2020-06-24,99.5,101.07142639160156,97.85713958740234,98.69999694824219,6135351.0
2020-06-29,98.92857360839844,103.35713958740234,98.28571319580078,102.69285583496094,7880912.0
2020-06-30,102.69285583496094,105.4000015258789,102.14286041259766,103.57142639160156,6558190.0
2020-07-01,103.0999984741211,110.57142639160156,103.03571319580078,108.04285430908203,8458723.0
2020-07-02,108.07856750488281,110.71428680419922,105.80000305175781,108.24285888671875,9738247.0
2020-07-03,107.14286041259766,107.71428680419922,101.11428833007812,105.39286041259766,10112916.0
2020-07-06,105.0,106.19999694824219,102.5,105.07142639160156,13150142.0
2020-07-07,105.0,109.57142639160156,103.21428680419922,108.60713958740234,14237596.0
2020-07-08,107.02857208251953,108.43571472167969,105.75,106.97856903076172,7665506.0
2020-07-09,107.10713958740234,108.57142639160156,106.62857055664062,108.0,9052593.0
2020-07-10,108.0,111.78571319580078,106.97856903076172,110.28571319580078,8657695.0
2020-07-13,110.29285430908203,118.07142639160156,109.03571319580078,117.11428833007812,9855379.0
2020-07-14,116.62857055664062,119.00714111328125,114.40714263916016,118.27143096923828,7826022.0
2020-07-15,117.52143096923828,124.32856750488281,117.5,124.27143096923828,9101671.0
2020-07-16,122.50714111328125,123.42857360839844,111.84285736083984,111.84285736083984,14207575.0
2020-07-17,109.65714263916016,115.28571319580078,107.21428680419922,111.82142639160156,9180686.0
2020-07-20,111.82142639160156,112.78571319580078,103.5857162475586,109.14286041259766,10853290.0
2020-07-21,108.85713958740234,115.69999694824219,108.21428680419922,113.55000305175781,7310346.0
2020-07-22,112.85713958740234,120.62857055664062,111.57142639160156,119.14286041259766,7180504.0
2020-07-23,117.85713958740234,121.42857360839844,117.1500015258789,121.07142639160156,6912106.0
2020-07-24,120.57142639160156,120.57142639160156,114.27857208251953,116.34285736083984,9110824.0
2020-07-27,115.0142822265625,118.4857177734375,114.99285888671875,117.04285430908203,5925344.0
2020-07-28,116.31428527832031,124.28571319580078,116.31428527832031,124.28571319580078,10297466.0
2020-07-29,124.64286041259766,124.99285888671875,119.89286041259766,124.28571319580078,8892455.0
2020-07-30,123.42857360839844,131.14285278320312,122.8499984741211,127.92142486572266,8087682.0
2020-07-31,127.80000305175781,129.64285278320312,125.0,128.8142852783203,6372689.0
2020-08-03,130.0,130.0,126.47856903076172,128.5785675048828,6112384.0
2020-08-04,128.60714721679688,130.85714721679688,126.78571319580078,127.55714416503906,6807745.0
2020-08-05,126.42857360839844,127.85713958740234,124.28571319580078,127.15714263916016,5780426.0
2020-08-06,127.07142639160156,127.22856903076172,120.0,121.53571319580078,10707198.0
2020-08-07,121.35713958740234,122.28571319580078,115.80714416503906,119.45714569091797,9422315.0
2020-08-10,119.57142639160156,120.24285888671875,115.35713958740234,119.19285583496094,6409963.0
2020-08-11,119.05000305175781,122.47142791748047,118.21428680419922,118.72142791748047,5823412.0
2020-08-12,118.78571319580078,118.92857360839844,112.21428680419922,115.24285888671875,6925860.0
2020-08-13,115.72142791748047,118.14286041259766,114.27143096923828,115.97142791748047,5187642.0
2020-08-14,115.89286041259766,119.9142837524414,115.28571319580078,119.21428680419922,6415500.0
2020-08-17,119.99285888671875,124.27143096923828,119.5142822265625,122.5,7040044.0
2020-08-18,122.1500015258789,125.10713958740234,120.15714263916016,123.22856903076172,5316003.0
2020-08-19,122.28571319580078,125.04285430908203,121.14286041259766,122.44999694824219,5163845.0
2020-08-20,121.92857360839844,121.92857360839844,118.57142639160156,119.32856750488281,4185473.0
2020-08-21,119.3357162475586,124.57142639160156,119.3357162475586,122.94285583496094,5117254.0
2020-08-24,123.92857360839844,127.19999694824219,123.03571319580078,126.99285888671875,7792675.0
2020-08-25,127.85713958740234,135.7142791748047,127.85713958740234,133.25714111328125,10985093.0
2020-08-26,134.0,137.75714111328125,132.05714416503906,134.35714721679688,7880419.0
2020-08-27,133.1714324951172,137.0,131.1857147216797,136.0500030517578,6729651.0
2020-08-28,134.54286193847656,142.85714721679688,134.2857208251953,138.12857055664062,9869015.0
2020-08-31,139.7142791748047,144.41429138183594,137.16429138183594,140.87142944335938,8983493.0
2020-09-01,139.5,139.97857666015625,134.2857208251953,139.2857208251953,9435076.0
2020-09-02,139.29286193847656,141.35714721679688,137.14285278320312,140.12857055664062,6475305.0
2020-09-03,140.0142822265625,144.2357177734375,139.3000030517578,141.4357147216797,7079514.0
2020-09-04,137.85714721679688,139.2857208251953,133.44285583496094,138.4857177734375,9538250.0
2020-09-07,137.14285278320312,139.91429138183594,135.25714111328125,135.89285278320312,7563841.0
2020-09-08,136.9857177734375,138.52142333984375,132.30714416503906,134.2357177734375,6469817.0
2020-09-09,132.85714721679688,136.7857208251953,132.1714324951172,134.3428497314453,6674971.0
2020-09-10,137.5,142.05714416503906,137.5,140.47857666015625,8628401.0
2020-09-11,139.5,150.7142791748047,139.5,150.0142822265625,10046656.0
2020-09-14,150.7142791748047,152.14999389648438,147.39285278320312,151.14285278320312,9293039.0
2020-09-15,149.99285888671875,151.10000610351562,147.85714721679688,149.89285278320312,5411103.0
2020-09-16,150.7142791748047,152.92857360839844,147.49285888671875,148.5642852783203,5810575.0
2020-09-17,146.37142944335938,147.99285888671875,140.11428833007812,141.278564453125,9349690.0
2020-09-18,140.3000030517578,143.9857177734375,137.64285278320312,142.0928497314453,7575904.0
2020-09-21,141.7857208251953,142.62857055664062,138.33570861816406,141.63571166992188,4359839.0
2020-09-22,141.07142639160156,143.5500030517578,140.00714111328125,140.4214324951172,4528364.0
2020-09-23,136.87142944335938,142.7857208251953,132.721435546875,141.64999389648438,7946856.0
2020-09-24,141.42857360839844,144.0357208251953,140.85714721679688,141.60000610351562,5582564.0
2020-09-25,142.85714721679688,143.92857360839844,140.35714721679688,140.6714324951172,3352615.0
2020-09-28,140.64285278320312,143.5,139.32142639160156,140.42857360839844,4451220.0
2020-09-29,141.86428833007812,142.49285888671875,139.64285278320312,140.4857177734375,2689542.0
2020-09-30,139.99285888671875,143.2857208251953,139.99285888671875,141.5642852783203,3681560.0
2020-10-09,143.60714721679688,145.75,141.42857360839844,142.6714324951172,4826484.0
2020-10-12,142.9857177734375,156.7857208251953,142.90713500976562,154.67857360839844,10493113.0
2020-10-13,154.7857208251953,158.9857177734375,154.7857208251953,156.64285278320312,6677533.0
2020-10-14,157.99285888671875,161.85714721679688,156.65713500976562,158.10714721679688,6353541.0
2020-10-15,158.4214324951172,160.6999969482422,156.2857208251953,158.37142944335938,3179568.0
2020-10-16,159.85714721679688,160.66429138183594,153.92857360839844,154.24285888671875,5007795.0
2020-10-19,156.38571166992188,156.75714111328125,147.14999389648438,148.74285888671875,7739111.0
2020-10-20,148.39285278320312,153.50714111328125,147.67857360839844,152.85714721679688,6119561.0
2020-10-21,153.57142639160156,153.92857360839844,150.12142944335938,152.25,4135047.0
2020-10-22,152.83570861816406,153.4857177734375,147.12857055664062,151.99285888671875,6081114.0
2020-10-23,151.97857666015625,151.97857666015625,146.4357147216797,148.57142639160156,5145813.0
2020-10-26,139.08570861816406,146.971435546875,139.08570861816406,145.35714721679688,5965363.0
2020-10-27,145.36428833007812,149.42857360839844,144.90713500976562,149.12142944335938,5214878.0
2020-10-28,149.2357177734375,162.6999969482422,148.12857055664062,159.64285278320312,9570208.0
2020-10-29,159.62857055664062,167.63571166992188,159.0928497314453,164.7142791748047,11246873.0
2020-10-30,169.65713500976562,170.35000610351562,159.64285278320312,160.8000030517578,9800457.0
2020-11-02,163.42857360839844,167.62857055664062,162.221435546875,163.9857177734375,8182837.0
2020-11-03,163.9357147216797,165.278564453125,158.41429138183594,161.4214324951172,8049295.0
2020-11-04,161.2857208251953,166.07142639160156,160.0,165.3428497314453,6555103.0
2020-11-05,166.42857360839844,169.42857360839844,165.0,167.278564453125,6648937.0
2020-11-06,167.17857360839844,168.221435546875,163.1999969482422,167.6714324951172,4898702.0
2020-11-09,168.12142944335938,170.0,162.2142791748047,168.20713806152344,8707099.0
2020-11-10,167.85714721679688,179.1999969482422,166.4642791748047,178.42857360839844,9312515.0
2020-11-11,176.9857177734375,182.85714721679688,176.3428497314453,179.67857360839844,6998915.0
2020-11-12,177.5,182.1999969482422,175.9857177734375,182.14285278320312,4942704.0
2020-11-13,180.07142639160156,180.35714721679688,172.35714721679688,178.64285278320312,7462099.0
2020-11-16,178.6999969482422,196.0357208251953,177.5,195.14999389648438,9201080.0
2020-11-17,193.60714721679688,201.6857147216797,187.85714721679688,190.57142639160156,10610839.0
2020-11-18,191.5,191.5,180.7142791748047,184.9857177734375,8442768.0
2020-11-19,182.7142791748047,187.90713500976562,177.85714721679688,185.66429138183594,6786589.0
2020-11-20,185.7142791748047,196.07142639160156,185.00714111328125,192.14285278320312,5529941.0
2020-11-23,192.77142333984375,198.2142791748047,188.65713500976562,190.64999389648438,6235580.0
2020-11-24,190.70713806152344,190.7142791748047,185.35714721679688,189.83570861816406,5322420.0
2020-11-25,188.57142639160156,189.8285675048828,181.42857360839844,182.5642852783203,6476555.0
2020-11-26,181.82142639160156,185.57142639160156,175.721435546875,182.25,6112468.0
2020-11-27,183.028564453125,183.6999969482422,179.82142639160156,183.04286193847656,4432103.0
2020-11-30,183.0785675048828,183.82142639160156,171.30714416503906,171.91429138183594,11686773.0
2020-12-01,172.85000610351562,179.3428497314453,172.22857666015625,178.44285583496094,7307272.0
2020-12-02,179.07142639160156,182.3142852783203,175.5928497314453,178.16429138183594,5678538.0
2020-12-03,177.85714721679688,184.6999969482422,175.5928497314453,183.8142852783203,6675781.0
2020-12-04,183.33570861816406,190.13571166992188,182.92857360839844,187.8142852783203,8972091.0
2020-12-07,187.82142639160156,191.38571166992188,186.42857360839844,186.4857177734375,6594056.0
2020-12-08,187.58570861816406,191.62857055664062,185.15713500976562,189.35714721679688,7978817.0
2020-12-09,190.42857360839844,195.42857360839844,188.7142791748047,194.2142791748047,8824450.0
2020-12-10,192.2857208251953,207.14285278320312,191.2642822265625,199.6999969482422,10820334.0
2020-12-11,202.14285278320312,212.85714721679688,200.221435546875,208.57142639160156,11589894.0
2020-12-14,207.07142639160156,211.85000610351562,205.0,211.14999389648438,6501772.0
2020-12-15,210.0,216.971435546875,204.85714721679688,210.7142791748047,7380503.0
2020-12-16,211.0500030517578,217.0,211.0500030517578,214.2857208251953,5836657.0
2020-12-17,214.2857208251953,231.83570861816406,214.2857208251953,231.6857147216797,8427056.0
2020-12-18,230.5142822265625,246.8428497314453,223.75,235.95713806152344,11304361.0
2020-12-21,233.0,234.99285888671875,227.20713806152344,229.4642791748047,9060263.0
2020-12-22,228.69285583496094,237.60714721679688,228.5785675048828,234.1857147216797,7966931.0
2020-12-23,234.19285583496094,237.14285278320312,224.2857208251953,232.92857360839844,10298337.0
2020-12-24,226.74285888671875,232.14999389648438,224.44285583496094,227.5785675048828,7522926.0
2020-12-25,227.85714721679688,234.67857360839844,226.44285583496094,233.9357147216797,5647182.0
2020-12-28,240.0,257.0714416503906,240.0,255.92857360839844,10250174.0
2020-12-29,257.1214294433594,263.5714416503906,253.57142639160156,257.1428527832031,7679250.0
2020-12-30,257.6571350097656,264.25,257.6571350097656,259.9142761230469,6007661.0
2020-12-31,258.5714416503906,268.0928649902344,257.1428527832031,268.06427001953125,8126767.0
2021-01-04,268.06427001953125,276.4285583496094,264.4356994628906,266.8785705566406,11654210.0
2021-01-05,266.4285583496094,276.74285888671875,262.5,275.46429443359375,10739206.0
2021-01-06,278.9285583496094,290.21429443359375,277.3999938964844,282.1428527832031,11241017.0
2021-01-07,285.6428527832031,302.6357116699219,277.7357177734375,302.6357116699219,8699117.0
2021-01-08,300.0,310.0,287.0928649902344,294.278564453125,13035478.0
2021-01-11,291.4285583496094,298.5714416503906,272.1428527832031,277.71429443359375,16013225.0
2021-01-12,272.1428527832031,285.56427001953125,270.721435546875,284.8285827636719,11107070.0
2021-01-13,284.27142333984375,288.8857116699219,277.5,283.5714416503906,8741980.0
2021-01-14,282.8571472167969,282.8571472167969,265.0,278.0,9314866.0
2021-01-15,276.0142822265625,276.0714416503906,253.95713806152344,265.4356994628906,13830017.0
2021-01-18,262.1428527832031,266.9356994628906,254.91429138183594,266.78570556640625,9722381.0
2021-01-19,268.5714416503906,277.4571533203125,250.028564453125,255.7142791748047,11226811.0
2021-01-20,250.7142791748047,259.8571472167969,242.14285278320312,257.8571472167969,10992871.0
2021-01-21,255.0,273.70001220703125,255.0,270.0,9521360.0
2021-01-22,270.2642822265625,272.78570556640625,259.71429443359375,267.5428466796875,7774505.0
2021-01-25,269.54998779296875,283.71429443359375,268.21429443359375,279.3500061035156,11836913.0
2021-01-26,279.6285705566406,279.6428527832031,262.05712890625,262.5,9313740.0
2021-01-27,257.8571472167969,263.71429443359375,250.22857666015625,259.28570556640625,8391307.0
2021-01-28,254.50714111328125,261.0714416503906,253.7142791748047,255.7142791748047,6750989.0
2021-01-29,258.96429443359375,274.45001220703125,258.96429443359375,267.44287109375,11209864.0
2021-02-01,271.4285583496094,281.3785705566406,267.8714294433594,269.4285583496094,9279277.0
2021-02-02,274.55712890625,288.6000061035156,274.55712890625,287.8571472167969,10822495.0
2021-02-03,287.8571472167969,289.6428527832031,278.9285583496094,288.6000061035156,10237921.0
2021-02-04,288.72857666015625,297.28570556640625,278.5714416503906,279.6856994628906,11505090.0
2021-02-05,283.56427001953125,294.28570556640625,273.3642883300781,282.8571472167969,11288757.0
2021-02-08,284.28570556640625,295.0,278.5785827636719,282.1428527832031,9231509.0
2021-02-09,285.6428527832031,289.6142883300781,283.0,288.0142822265625,8649741.0
2021-02-10,292.8571472167969,316.81427001953125,292.8571472167969,316.81427001953125,16262342.0
2021-02-18,324.30712890625,332.1214294433594,317.31427001953125,325.71429443359375,12667040.0
2021-02-19,321.4356994628906,324.28570556640625,293.19287109375,302.721435546875,13195400.0
2021-02-22,303.5714416503906,304.28570556640625,272.45001220703125,272.45001220703125,12913021.0
2021-02-23,258.5714416503906,274.19287109375,257.5,265.71429443359375,12146761.0
2021-02-24,264.28570556640625,264.28570556640625,239.14285278320312,247.5357208251953,18016161.0
2021-02-25,250.35714721679688,250.4642791748047,235.9499969482422,240.7142791748047,10920338.0
2021-02-26,232.42857360839844,232.42857360839844,218.47857666015625,223.64285278320312,17513378.0
2021-03-01,227.83570861816406,230.0,217.0142822265625,221.8000030517578,13717678.0
2021-03-02,224.2142791748047,231.2857208251953,217.61428833007812,220.58570861816406,15138608.0
2021-03-03,218.57142639160156,227.14285278320312,215.00714111328125,226.08570861816406,10734007.0
2021-03-04,220.7142791748047,223.24285888671875,210.19285583496094,215.5142822265625,11543945.0
2021-03-05,210.7142791748047,225.36428833007812,207.5,221.9857177734375,10424612.0
2021-03-08,224.0142822265625,226.22857666015625,199.7857208251953,199.7857208251953,15496023.0
2021-03-09,193.57142639160156,200.0,183.57142639160156,184.2142791748047,19746231.0
2021-03-10,193.4214324951172,202.63571166992188,193.4214324951172,202.63571166992188,16139054.0
2021-03-11,204.278564453125,222.85714721679688,202.14285278320312,214.99285888671875,17489115.0
2021-03-12,217.87857055664062,226.62142944335938,214.35714721679688,223.42857360839844,14158279.0
2021-03-15,219.74285888671875,219.74285888671875,201.22857666015625,204.04286193847656,15838926.0
2021-03-16,205.9642791748047,215.7357177734375,204.86428833007812,215.7357177734375,12608654.0
2021-03-17,212.85714721679688,221.88571166992188,204.6999969482422,219.17857360839844,10015059.0
2021-03-18,223.57142639160156,236.14285278320312,222.14285278320312,230.0785675048828,10459152.0
2021-03-19,221.42857360839844,229.2857208251953,220.35714721679688,223.57142639160156,9122709.0
2021-03-22,221.42857360839844,226.36428833007812,216.6857147216797,225.57142639160156,7284971.0
2021-03-23,222.85714721679688,227.87142944335938,220.0,224.9357147216797,5882163.0
2021-03-24,222.85714721679688,235.6999969482422,222.2142791748047,227.14285278320312,8855497.0
2021-03-25,222.0142822265625,231.2857208251953,218.8285675048828,227.7142791748047,6300994.0
2021-03-26,229.29286193847656,242.12857055664062,228.57142639160156,239.6857147216797,10298092.0
2021-03-29,241.42857360839844,252.91429138183594,239.69285583496094,244.5642852783203,9243565.0
2021-03-30,244.5785675048828,250.4857177734375,240.42857360839844,244.5357208251953,8759718.0
2021-03-31,242.778564453125,242.778564453125,233.4642791748047,237.7142791748047,7915248.0
2021-04-01,239.971435546875,246.30714416503906,238.0928497314453,244.91429138183594,5143689.0
2021-04-02,250.0,263.20001220703125,250.0,263.06427001953125,9431832.0
2021-04-06,267.69287109375,267.7642822265625,260.1428527832031,262.9285583496094,7497855.0
2021-04-07,261.4285583496094,262.05712890625,242.61428833007812,247.17857360839844,9757574.0
2021-04-08,240.7142791748047,262.31427001953125,240.0,260.71429443359375,9128477.0
2021-04-09,254.2857208251953,258.5714416503906,244.52142333984375,248.57142639160156,9005572.0
2021-04-12,248.8142852783203,253.40713500976562,242.85714721679688,250.5,6427022.0
2021-04-13,249.2857208251953,257.1428527832031,246.2642822265625,247.14285278320312,6722455.0
2021-04-14,247.14285278320312,253.0,245.7142791748047,252.15713500976562,5718771.0
2021-04-15,249.91429138183594,254.64285278320312,245.91429138183594,251.4214324951172,6378253.0
2021-04-16,255.32142639160156,257.9214172363281,250.42857360839844,250.7142791748047,6434605.0
2021-04-19,249.7857208251953,255.2142791748047,242.85714721679688,253.22857666015625,6454341.0
2021-04-20,252.4857177734375,265.03570556640625,251.5142822265625,256.53570556640625,9882103.0
2021-04-21,254.1857147216797,277.1428527832031,252.8142852783203,273.028564453125,12745485.0
2021-04-22,280.3571472167969,282.0714416503906,267.8500061035156,277.1428527832031,7912059.0
2021-04-23,276.78570556640625,282.1071472167969,275.0,278.9214172363281,5897467.0
2021-04-26,280.0,287.44287109375,277.1499938964844,279.6285705566406,6758606.0
2021-04-27,286.4285583496094,292.8928527832031,268.8214416503906,290.20001220703125,11757631.0
2021-04-28,286.78570556640625,306.8999938964844,284.5,306.46429443359375,10566371.0
2021-04-29,305.71429443359375,309.24285888671875,283.5714416503906,297.1428527832031,15023566.0
2021-04-30,292.9285583496094,298.9285583496094,288.21429443359375,293.03570556640625,6443680.0
2021-05-06,289.28570556640625,295.0,281.56427001953125,290.25714111328125,6563914.0
2021-05-07,290.0142822265625,296.4285583496094,284.3642883300781,286.5857238769531,6232745.0
2021-05-10,279.28570556640625,289.9142761230469,277.1428527832031,282.8571472167969,6921716.0
2021-05-11,283.1285705566406,291.4285583496094,281.4285583496094,291.278564453125,7068667.0
2021-05-12,289.028564453125,305.71429443359375,286.4285583496094,303.21429443359375,8880627.0
2021-05-13,298.4071350097656,307.1428527832031,294.3999938964844,303.6142883300781,5877015.0
2021-05-14,306.2642822265625,318.56427001953125,301.4285583496094,310.471435546875,6852732.0
2021-05-17,309.78570556640625,319.9857177734375,308.6499938964844,316.6214294433594,6493621.0
2021-05-18,316.1142883300781,320.00714111328125,310.0,317.8571472167969,5997752.0
2021-05-19,314.28570556640625,319.3428649902344,310.3571472167969,313.3357238769531,4452582.0
2021-05-20,315.95001220703125,324.9857177734375,315.95001220703125,323.3571472167969,6933452.0
2021-05-21,326.29998779296875,328.4285583496094,314.8714294433594,320.0,6544921.0
2021-05-24,320.0,324.78570556640625,315.4071350097656,319.44287109375,5515658.0
2021-05-25,322.8571472167969,331.5,321.8928527832031,327.6071472167969,8333750.0
2021-05-26,326.4285583496094,330.278564453125,315.8571472167969,320.71429443359375,7043250.0
2021-05-27,316.6071472167969,322.8571472167969,311.78570556640625,316.78570556640625,6529696.0
2021-05-28,319.50714111328125,328.5714416503906,315.00714111328125,323.1428527832031,5709484.0
2021-05-31,325.3642883300781,331.1428527832031,320.0428466796875,330.6214294433594,5950924.0
2021-06-01,330.3285827636719,332.1214294433594,322.1428527832031,328.55712890625,5047569.0
2021-06-02,329.8428649902344,331.1428527832031,321.4571533203125,324.6428527832031,4506684.0
2021-06-03,324.4356994628906,347.28570556640625,324.4356994628906,337.00714111328125,8321790.0
2021-06-04,337.0714416503906,345.2357177734375,337.0142822265625,342.28570556640625,5746717.0
2021-06-07,345.72857666015625,359.28570556640625,345.0,356.3500061035156,7983774.0
2021-06-08,355.71429443359375,358.5714416503906,321.4285583496094,330.25714111328125,14397800.0
2021-06-09,322.8642883300781,336.1642761230469,319.3285827636719,332.8571472167969,8828496.0
2021-06-10,330.71429443359375,348.5,327.1499938964844,348.0785827636719,8917116.0
2021-06-11,344.4285583496094,346.4285583496094,331.471435546875,335.8928527832031,8648437.0
2021-06-15,335.7642822265625,348.46429443359375,333.3642883300781,347.1428527832031,6866850.0
2021-06-16,349.94287109375,350.6785583496094,334.04998779296875,343.55712890625,5967231.0
2021-06-17,346.4285583496094,356.99285888671875,340.7357177734375,355.1499938964844,6207857.0
2021-06-18,354.21429443359375,355.71429443359375,342.8642883300781,349.3285827636719,7038071.0
2021-06-21,346.4285583496094,348.5714416503906,318.6285705566406,336.6428527832031,10777211.0
2021-06-22,335.71429443359375,339.7357177734375,327.1428527832031,338.5714416503906,6236283.0
2021-06-23,340.3571472167969,340.3571472167969,308.5714416503906,310.028564453125,15159585.0
2021-06-24,307.1428527832031,321.4285583496094,297.8928527832031,316.8571472167969,11359693.0
2021-06-25,319.0785827636719,322.1428527832031,310.0,319.0785827636719,7383950.0
2021-06-28,319.0785827636719,321.28570556640625,314.28570556640625,318.6571350097656,6622973.0
2021-06-29,321.2357177734375,332.8571472167969,319.0,320.5,7515523.0
2021-06-30,321.6714172363281,328.56427001953125,317.6499938964844,320.0,5102501.0
2021-07-01,321.4285583496094,331.3428649902344,316.0714416503906,330.0,6444667.0
2021-07-02,325.45001220703125,325.6000061035156,308.8500061035156,309.9142761230469,9087939.0
2021-07-05,309.0199890136719,337.6099853515625,308.0,328.760009765625,8527497.0
2021-07-06,320.0,328.8800048828125,312.0,321.0,8750742.0
2021-07-07,318.69000244140625,329.7099914550781,317.010009765625,327.989990234375,6702490.0
2021-07-08,330.0,350.0,330.0,339.0,9464961.0
2021-07-09,337.6000061035156,337.6000061035156,312.0,316.70001220703125,10635921.0
2021-07-12,316.8800048828125,316.8800048828125,294.20001220703125,311.0,9387549.0
2021-07-13,335.0,342.0,318.20001220703125,341.20001220703125,13589985.0
2021-07-14,339.20001220703125,358.8800048828125,336.3599853515625,355.5299987792969,10837650.0
2021-07-15,357.05999755859375,376.6099853515625,350.0,374.1499938964844,9895414.0
2021-07-16,372.510009765625,379.45001220703125,365.4100036621094,370.1099853515625,6948123.0
2021-07-19,366.0,378.7200012207031,363.5,373.79998779296875,5860693.0
2021-07-20,371.0,376.3900146484375,368.0,371.5,5257971.0
2021-07-21,371.0,374.5,361.0,367.8999938964844,8896715.0
2021-07-22,369.0,380.7699890136719,357.0,359.67999267578125,9069207.0
2021-07-23,357.0,360.0,349.0,354.7699890136719,5936631.0
2021-07-26,353.1600036621094,353.32000732421875,319.2900085449219,320.0,14672985.0
2021-07-27,318.3599853515625,338.9800109863281,318.0,321.3599853515625,11957281.0
2021-07-28,315.9200134277344,323.8900146484375,299.010009765625,321.8500061035156,14060951.0
2021-07-29,330.0,338.0,311.1000061035156,315.0,10590264.0
2021-07-30,309.0,309.0,283.5,286.0,16820348.0
2021-08-02,273.0,313.57000732421875,267.3599853515625,311.0299987792969,21268032.0
2021-08-03,303.0,318.32000732421875,292.0,313.67999267578125,11864057.0
2021-08-04,310.0,315.8999938964844,300.989990234375,309.0,7692637.0
2021-08-05,300.0,317.8999938964844,293.8800048828125,309.25,8271657.0
2021-08-06,308.7300109863281,315.739990234375,300.20001220703125,308.8800048828125,7871800.0
2021-08-09,305.0,316.6000061035156,304.20001220703125,309.989990234375,8726299.0
2021-08-10,310.6700134277344,336.0,301.739990234375,332.489990234375,13489668.0
2021-08-11,327.0,334.7099914550781,320.0,324.20001220703125,8308764.0
2021-08-12,322.9800109863281,329.989990234375,319.95001220703125,321.0,5597269.0
2021-08-13,320.3900146484375,326.6400146484375,318.17999267578125,322.70001220703125,4849390.0
2021-08-16,323.0,329.8999938964844,321.0,327.6000061035156,4668728.0
2021-08-17,327.6099853515625,327.6300048828125,302.0,304.6099853515625,8728518.0
2021-08-18,305.6099853515625,309.5799865722656,295.0,304.45001220703125,8244414.0
2021-08-19,302.6700134277344,307.79998779296875,295.7200012207031,299.1099853515625,8066275.0
2021-08-20,289.8999938964844,292.20001220703125,269.29998779296875,272.0400085449219,16414073.0
2021-08-23,280.20001220703125,282.0,265.0,270.20001220703125,14164809.0
2021-08-24,273.0,282.9200134277344,268.82000732421875,278.1000061035156,10509965.0
2021-08-25,281.57000732421875,288.0,280.8800048828125,284.54998779296875,7489256.0
2021-08-26,282.5400085449219,282.5400085449219,270.0,275.79998779296875,7912864.0
2021-08-27,276.5,293.1000061035156,273.0,281.0,12290456.0
2021-08-30,284.0,286.32000732421875,271.7099914550781,279.9700012207031,9489498.0
2021-08-31,278.30999755859375,282.0,271.6000061035156,277.5199890136719,7139390.0
2021-09-01,274.45001220703125,285.7699890136719,262.4800109863281,278.989990234375,12898425.0
2021-09-02,279.8699951171875,282.82000732421875,266.0,268.0199890136719,8540771.0
2021-09-03,267.25,270.6000061035156,256.6000061035156,267.1400146484375,10069379.0
2021-09-06,265.989990234375,285.0,261.67999267578125,280.7699890136719,12369896.0
2021-09-07,280.29998779296875,290.2799987792969,275.1000061035156,285.17999267578125,9511401.0
2021-09-08,288.17999267578125,288.20001220703125,275.0,275.4599914550781,6530676.0
2021-09-09,274.010009765625,279.6199951171875,271.989990234375,275.3999938964844,4986904.0
2021-09-10,277.8800048828125,296.6000061035156,274.0,289.70001220703125,11609434.0
2021-09-13,288.3699951171875,307.9200134277344,287.5,293.2200012207031,10183269.0
2021-09-14,297.79998779296875,304.2200012207031,295.0,299.5899963378906,8259705.0
2021-09-15,299.1499938964844,299.20001220703125,287.0,289.9800109863281,8107867.0
2021-09-16,287.6600036621094,299.5299987792969,286.8500061035156,297.25,7331542.0
2021-09-17,293.5,320.0,293.5,316.8599853515625,10677998.0
2021-09-22,314.0,316.6600036621094,305.0400085449219,311.0,7046771.0
2021-09-23,309.5199890136719,322.0,305.20001220703125,311.9100036621094,7052871.0
2021-09-24,308.8500061035156,326.70001220703125,308.8500061035156,321.7099914550781,9191954.0
2021-09-27,326.0,352.05999755859375,323.6300048828125,324.8999938964844,14856391.0
2021-09-28,322.20001220703125,326.5299987792969,304.8999938964844,317.0,8973455.0
2021-09-29,323.0,324.8999938964844,309.0,318.0,6433644.0
2021-09-30,316.4100036621094,322.07000732421875,312.20001220703125,315.5,6514343.0
2021-10-08,317.2200012207031,331.3299865722656,310.7699890136719,325.0,8004933.0
2021-10-11,327.0799865722656,331.6499938964844,315.9200134277344,317.6000061035156,6423128.0
2021-10-12,314.79998779296875,322.0,309.3299865722656,319.0,5296800.0
2021-10-13,320.5,343.79998779296875,319.0,333.79998779296875,8934966.0
2021-10-14,335.1000061035156,345.3900146484375,328.0,340.45001220703125,6653000.0
2021-10-15,333.0,350.0,333.0,346.79998779296875,7086252.0
2021-10-18,338.44000244140625,338.44000244140625,312.1199951171875,312.1199951171875,11662189.0
2021-10-19,310.20001220703125,330.0,310.0,329.989990234375,10463941.0
2021-10-20,329.8500061035156,336.0,324.9800109863281,329.79998779296875,4937806.0
2021-10-21,329.70001220703125,330.8999938964844,319.0,326.6199951171875,5720188.0
2021-10-22,330.0,332.5799865722656,322.9800109863281,328.1300048828125,5056965.0
2021-10-25,326.9599914550781,329.70001220703125,317.0199890136719,323.6099853515625,5913240.0
2021-10-26,323.0,324.2099914550781,314.0,319.8900146484375,6419987.0
2021-10-27,316.0,318.20001220703125,309.0,310.3999938964844,6567257.0
2021-10-28,310.29998779296875,316.5,303.25,307.1000061035156,7350051.0
2021-10-29,310.45001220703125,311.79998779296875,298.0,301.5,11131333.0
2021-11-01,295.0,295.04998779296875,286.0,286.70001220703125,12697019.0
2021-11-02,287.989990234375,291.8900146484375,279.010009765625,285.8999938964844,9846843.0
2021-11-03,288.0,288.1700134277344,280.1000061035156,282.1000061035156,5624462.0
2021-11-04,283.7300109863281,296.95001220703125,282.79998779296875,293.32000732421875,9833778.0
2021-11-05,292.8999938964844,303.3299865722656,290.20001220703125,295.2799987792969,7240015.0
2021-11-08,294.0,302.3500061035156,292.7300109863281,299.8999938964844,5821614.0
2021-11-09,302.0,306.6199951171875,299.0299987792969,302.010009765625,5423443.0
2021-11-10,302.0,305.79998779296875,293.4800109863281,297.8999938964844,4929753.0
2021-11-11,295.8999938964844,298.79998779296875,292.17999267578125,295.0,4227183.0
2021-11-12,295.6000061035156,298.9700012207031,291.5799865722656,291.8900146484375,4640710.0
2021-11-15,294.1499938964844,297.79998779296875,289.57000732421875,296.25,4111793.0
2021-11-16,295.510009765625,316.7799987792969,295.0,310.70001220703125,8944909.0
2021-11-17,309.4200134277344,312.19000244140625,305.7799987792969,309.95001220703125,4366448.0
2021-11-18,309.3500061035156,313.0,305.79998779296875,311.1199951171875,4047333.0
2021-11-19,309.0,316.79998779296875,308.05999755859375,311.70001220703125,5776244.0
2021-11-22,310.7699890136719,318.6000061035156,308.54998779296875,310.20001220703125,6302084.0
2021-11-23,308.20001220703125,313.5,306.29998779296875,308.1700134277344,5466563.0
2021-11-24,308.17999267578125,324.79998779296875,308.1000061035156,318.010009765625,11264546.0
2021-11-25,322.82000732421875,323.7699890136719,312.6700134277344,315.17999267578125,6453982.0
2021-11-26,313.7099914550781,317.0,312.5799865722656,315.0,4788894.0
2021-11-29,312.79998779296875,317.6000061035156,310.04998779296875,315.1000061035156,6265673.0
2021-11-30,315.9800109863281,319.1300048828125,310.010009765625,310.0199890136719,5384680.0
2021-12-01,315.0,316.5,310.54998779296875,312.4200134277344,3611154.0
2021-12-02,313.0,315.3900146484375,310.0,314.9800109863281,3912113.0
2021-12-03,313.0,330.0199890136719,312.55999755859375,324.510009765625,9292739.0
2021-12-06,325.0,328.6300048828125,320.0,321.0,5773894.0
2021-12-07,320.0,326.6600036621094,317.5899963378906,318.70001220703125,5086462.0
2021-12-08,318.75,333.0,317.0,330.8399963378906,9073260.0
2021-12-09,331.8399963378906,342.0,327.0,334.0,10512063.0
2021-12-10,332.0,336.989990234375,327.79998779296875,334.1099853515625,6059424.0
2021-12-13,335.5799865722656,347.25,335.5799865722656,339.6700134277344,7555250.0
2021-12-14,337.6700134277344,344.4800109863281,335.67999267578125,340.92999267578125,6254123.0
2021-12-15,338.55999755859375,343.0,333.989990234375,335.0,4063772.0
2021-12-16,328.3999938964844,328.3999938964844,301.79998779296875,313.0,19711480.0
2021-12-17,308.95001220703125,314.29998779296875,302.3299865722656,304.29998779296875,9463797.0
2021-12-20,306.989990234375,312.69000244140625,306.25,310.8999938964844,8557804.0
2021-12-21,310.489990234375,311.9800109863281,301.0,303.8399963378906,6156255.0
2021-12-22,304.0,306.79998779296875,297.760009765625,299.010009765625,6778650.0
2021-12-23,303.0,306.0799865722656,296.0,306.0799865722656,7095105.0
2021-12-24,306.0799865722656,312.0199890136719,304.20001220703125,307.45001220703125,6868254.0
2021-12-27,312.0899963378906,321.6000061035156,307.0,321.4100036621094,9907764.0
2021-12-28,320.0,336.7699890136719,318.70001220703125,326.0,8165718.0
2021-12-29,330.0,331.0,315.30999755859375,315.5299987792969,6261335.0
2021-12-30,317.9800109863281,324.5799865722656,315.8800048828125,320.3800048828125,4311659.0
2021-12-31,321.94000244140625,323.0,313.010009765625,315.7799987792969,5273950.0
2022-01-04,312.6199951171875,315.760009765625,303.04998779296875,310.5,5279852.0
2022-01-05,309.0,312.6000061035156,303.69000244140625,305.010009765625,4387833.0
2022-01-06,303.6700134277344,307.0,297.67999267578125,301.79998779296875,4667415.0
2022-01-07,301.29998779296875,303.5299987792969,293.55999755859375,295.0,4417556.0
2022-01-10,280.0,296.6700134277344,277.010009765625,288.3999938964844,9797446.0
2022-01-11,288.3800048828125,300.989990234375,284.0,290.0,7004513.0
2022-01-12,286.2799987792969,293.0,282.9599914550781,285.2300109863281,7892736.0
2022-01-13,285.2300109863281,288.05999755859375,279.0,280.8800048828125,7926395.0
2022-01-14,280.4100036621094,282.3900146484375,275.5,275.8999938964844,5513990.0
2022-01-17,275.2799987792969,279.42999267578125,268.3500061035156,279.3699951171875,4659236.0
2022-01-18,278.6600036621094,291.2200012207031,278.0,283.2799987792969,7996743.0
2022-01-19,288.0,288.2799987792969,275.0,277.75,5177743.0
2022-01-20,278.0,280.82000732421875,274.0299987792969,277.9800109863281,4722606.0
2022-01-21,275.2799987792969,283.1700134277344,270.8999938964844,280.2300109863281,5995475.0
2022-01-24,277.989990234375,283.0,274.0,274.75,5255779.0
2022-01-25,272.0,276.3500061035156,268.20001220703125,268.3299865722656,5321063.0
2022-01-26,268.79998779296875,288.0,268.79998779296875,285.6000061035156,13032598.0
2022-01-27,289.6000061035156,292.79998779296875,282.1199951171875,286.4200134277344,6410394.0
2022-01-28,286.4200134277344,289.8900146484375,274.25,275.1499938964844,6649513.0
2022-02-07,272.3999938964844,283.0,260.1099853515625,268.29998779296875,8888013.0
2022-02-08,268.9700012207031,270.260009765625,254.0,256.5,7413280.0
2022-02-09,255.0,273.0,252.0,271.0,8146629.0
2022-02-10,269.0,273.6499938964844,267.5,269.8999938964844,3980361.0
2022-02-11,269.8999938964844,286.17999267578125,267.0,282.6000061035156,6968119.0
2022-02-14,285.32000732421875,298.54998779296875,285.0,293.1000061035156,9320589.0
2022-02-15,296.0,302.5,294.04998779296875,299.3699951171875,6073683.0
2022-02-16,300.0,301.9700012207031,296.5899963378906,299.1600036621094,3885502.0
2022-02-17,297.9800109863281,300.0,294.04998779296875,297.1700134277344,4041937.0
2022-02-18,297.1700134277344,300.0,292.2900085449219,298.6700134277344,2942427.0
2022-02-21,297.0,300.6600036621094,292.0,295.32000732421875,2731661.0
2022-02-22,292.0400085449219,293.29998779296875,282.8999938964844,290.760009765625,3678952.0
2022-02-23,294.9200134277344,295.510009765625,288.0,294.80999755859375,3041376.0
2022-02-24,293.69000244140625,299.0,285.9599914550781,290.3900146484375,4310816.0
2022-02-25,290.94000244140625,295.0,288.5,289.79998779296875,2620622.0
2022-02-28,289.3599853515625,293.45001220703125,285.0,292.2300109863281,3186620.0
2022-03-01,293.0,299.0,292.20001220703125,297.2699890136719,3724398.0
2022-03-02,295.0799865722656,301.67999267578125,291.0,299.1300048828125,3693476.0
2022-03-03,299.6499938964844,301.3900146484375,286.05999755859375,286.79998779296875,4968154.0
2022-03-04,284.8999938964844,286.29998779296875,275.5,283.0,3797476.0
2022-03-07,280.0,283.0,271.3999938964844,272.3999938964844,5486525.0
2022-03-08,277.0,286.0,272.5,273.94000244140625,5338849.0
2022-03-09,273.9800109863281,277.8900146484375,264.0,273.95001220703125,5869216.0
2022-03-10,287.6400146484375,298.3299865722656,284.5,294.0,8267721.0
2022-03-11,287.8999938964844,292.010009765625,279.42999267578125,287.1199951171875,5546317.0
2022-03-14,282.17999267578125,282.17999267578125,265.989990234375,268.0,8171823.0
2022-03-15,262.5199890136719,268.92999267578125,255.10000610351562,258.95001220703125,5396523.0
2022-03-16,264.0,273.5,255.02999877929688,270.29998779296875,6952655.0
2022-03-17,275.5,286.6499938964844,274.45001220703125,280.0,7179109.0
2022-03-18,278.7699890136719,281.5,272.3800048828125,274.3399963378906,4032978.0
2022-03-21,275.3999938964844,277.5799865722656,270.010009765625,274.3900146484375,3227898.0
2022-03-22,277.0,277.3299865722656,270.0,270.70001220703125,2562106.0
2022-03-23,270.8999938964844,274.4800109863281,267.25,271.4700012207031,3382138.0
2022-03-24,268.0,268.5799865722656,260.0,263.3999938964844,5330187.0
2022-03-25,263.20001220703125,268.75,256.0899963378906,257.79998779296875,5633154.0
2022-03-28,252.0,252.97999572753906,238.5,241.25,9280252.0
2022-03-29,241.0,246.5,240.07000732421875,242.88999938964844,4878483.0
2022-03-30,245.38999938964844,254.8000030517578,244.17999267578125,254.60000610351562,5628570.0
2022-03-31,251.0500030517578,257.0,250.61000061035156,254.89999389648438,3278583.0
2022-04-01,253.99000549316406,265.0400085449219,252.3800048828125,258.80999755859375,4228904.0
2022-04-06,254.0,257.3999938964844,247.16000366210938,250.85000610351562,4874864.0
2022-04-07,248.5500030517578,255.0,247.4499969482422,250.4199981689453,2432787.0
2022-04-08,251.0,254.8800048828125,246.5,247.5,3576975.0
2022-04-11,246.11000061035156,246.11000061035156,228.67999267578125,229.8300018310547,7858935.0
2022-04-12,234.42999267578125,252.80999755859375,233.05999755859375,252.80999755859375,9381697.0
2022-04-13,251.64999389648438,261.0,248.0,256.3999938964844,7438053.0
2022-04-14,261.1499938964844,280.0199890136719,256.5,272.5199890136719,9277519.0
2022-04-15,268.0,272.0,264.1700134277344,265.70001220703125,5362558.0
2022-04-18,261.9200134277344,266.20001220703125,254.52000427246094,264.2099914550781,5285546.0
2022-04-19,265.0,269.9200134277344,258.0,261.1400146484375,4575928.0
2022-04-20,261.0799865722656,268.70001220703125,257.0,264.010009765625,4917836.0
2022-04-21,262.260009765625,266.42999267578125,260.0,262.0,4092053.0
2022-04-22,261.8500061035156,264.0,255.5,261.0799865722656,4982776.0
2022-04-25,256.8800048828125,266.5,250.10000610351562,253.5,6399043.0
2022-04-26,254.0,266.0,254.0,257.510009765625,8779769.0
2022-04-27,259.5,269.989990234375,259.0,268.8500061035156,8251166.0
2022-04-28,271.3999938964844,275.75,269.3999938964844,272.0,6402408.0
2022-04-29,274.0,277.6000061035156,260.25,272.0,8285926.0
2022-05-05,271.0,275.70001220703125,266.6000061035156,267.05999755859375,5509735.0
2022-05-06,262.0,262.0,250.0,253.66000366210938,5497339.0
2022-05-09,250.0,250.0,240.0,245.3699951171875,6256155.0
2022-05-10,240.00999450683594,255.0,238.5,251.07000732421875,6618736.0
2022-05-11,250.52000427246094,261.44000244140625,250.52000427246094,256.7900085449219,5738175.0
2022-05-12,255.99000549316406,263.8800048828125,253.10000610351562,258.80999755859375,3756060.0
2022-05-13,261.7699890136719,263.30999755859375,255.5500030517578,258.4100036621094,3299694.0
2022-05-16,259.0899963378906,260.6700134277344,252.6999969482422,254.9499969482422,3818672.0
2022-05-17,256.5,261.6600036621094,253.52999877929688,258.0,3760022.0
2022-05-18,259.8800048828125,260.0,251.5,258.19000244140625,4164294.0
2022-05-19,255.0,256.79998779296875,250.66000366210938,253.0,4362361.0
2022-05-20,255.47000122070312,264.55999755859375,255.4600067138672,262.9800109863281,6901878.0
2022-05-23,262.94000244140625,262.94000244140625,254.0,255.0,6323391.0
2022-05-24,255.33999633789062,255.97000122070312,250.99000549316406,252.0399932861328,4045721.0
2022-05-25,254.25,254.5800018310547,241.5,248.25999450683594,6292212.0
2022-05-26,248.0,248.7899932861328,242.16000366210938,245.60000610351562,5222519.0
2022-05-27,248.0,254.8699951171875,246.1999969482422,251.2899932861328,6078845.0
2022-05-30,254.10000610351562,262.0,252.0,261.25,8070991.0
2022-05-31,260.0,274.6000061035156,257.510009765625,272.5,9098289.0
2022-06-01,270.3999938964844,272.8800048828125,267.0,271.6000061035156,4706496.0
2022-06-02,268.1000061035156,273.7099914550781,268.0,270.25,3068174.0
2022-06-06,270.2799987792969,279.79998779296875,266.5,276.7799987792969,4809079.0
2022-06-07,275.54998779296875,288.5,274.45001220703125,286.1000061035156,5512125.0
2022-06-08,287.3999938964844,292.95001220703125,283.2300109863281,286.5,5986828.0
2022-06-09,286.20001220703125,290.6000061035156,282.010009765625,283.3699951171875,3553764.0
2022-06-10,279.5,286.9700012207031,275.1199951171875,286.9700012207031,4572078.0
2022-06-13,281.0,283.0,274.1300048828125,276.70001220703125,6336980.0
2022-06-14,271.7099914550781,281.29998779296875,271.2300109863281,280.29998779296875,3321166.0
2022-06-15,280.0,290.0,276.5,286.010009765625,5830581.0
2022-06-16,287.3399963378906,290.69000244140625,281.1000061035156,283.0,3287900.0
2022-06-17,280.010009765625,290.6000061035156,280.0,287.8800048828125,4171324.0
2022-06-20,291.0,305.0,288.5,298.79998779296875,6284639.0
2022-06-21,296.8999938964844,303.5,294.17999267578125,296.54998779296875,4308783.0
2022-06-22,296.5400085449219,299.2300109863281,292.6600036621094,293.05999755859375,3009860.0
2022-06-23,295.9800109863281,300.6600036621094,293.1700134277344,300.2799987792969,4568148.0
2022-06-24,302.9100036621094,306.5,299.2300109863281,302.79998779296875,4567036.0
2022-06-27,305.010009765625,324.0,305.010009765625,319.5,6918248.0
2022-06-28,315.70001220703125,321.8699951171875,315.3800048828125,317.6000061035156,5315322.0
2022-06-29,317.6000061035156,319.010009765625,314.54998779296875,315.94000244140625,4117217.0
2022-06-30,317.3399963378906,333.0,317.3399963378906,324.79998779296875,6602427.0
2022-07-01,320.0,323.0,303.1099853515625,312.1499938964844,9549101.0
2022-07-04,304.0,312.0,303.1199951171875,308.8999938964844,6660177.0
2022-07-05,311.55999755859375,313.79998779296875,300.0,306.239990234375,7789042.0
2022-07-06,308.0,308.0,296.2099914550781,298.20001220703125,6433492.0
2022-07-07,298.2099914550781,301.29998779296875,293.05999755859375,299.6000061035156,4592291.0
2022-07-08,303.30999755859375,305.510009765625,296.3299865722656,300.7699890136719,4865841.0
2022-07-11,295.0799865722656,297.489990234375,291.20001220703125,293.20001220703125,4505409.0
2022-07-12,291.9599914550781,294.70001220703125,286.20001220703125,290.3900146484375,3546870.0
2022-07-13,289.9100036621094,292.6000061035156,287.260009765625,289.760009765625,3708134.0
2022-07-14,289.739990234375,290.55999755859375,286.0,288.4200134277344,3114595.0
2022-07-15,286.1499938964844,298.0299987792969,286.1499938964844,289.07000732421875,6473016.0
2022-07-18,289.0,290.3599853515625,280.6099853515625,287.29998779296875,5273150.0
2022-07-19,286.0,289.7900085449219,281.5,285.0,3622683.0
2022-07-20,287.510009765625,292.5,286.0,290.3900146484375,4363381.0
2022-07-21,289.0299987792969,293.5,288.42999267578125,290.20001220703125,3459239.0
2022-07-22,290.79998779296875,296.30999755859375,288.1099853515625,290.79998779296875,3414223.0
2022-07-25,290.0,294.489990234375,284.1099853515625,292.80999755859375,3291886.0
2022-07-26,294.92999267578125,298.54998779296875,294.0,296.20001220703125,3770564.0
2022-07-27,294.0,295.44000244140625,285.8900146484375,287.1199951171875,4277869.0
2022-07-28,287.25,291.0,285.1600036621094,286.2799987792969,2556681.0
2022-07-29,283.9800109863281,288.0,273.0,274.1700134277344,7410145.0
2022-08-01,272.7300109863281,275.5,270.0,271.6600036621094,6678425.0
2022-08-02,270.0,272.1199951171875,264.29998779296875,266.5,7995125.0
2022-08-03,266.92999267578125,271.8800048828125,265.0299987792969,267.17999267578125,4279725.0
2022-08-04,269.0,275.3500061035156,266.5299987792969,273.79998779296875,5401941.0
2022-08-05,275.54998779296875,277.6300048828125,271.5199890136719,275.5299987792969,3304177.0
2022-08-08,273.79998779296875,282.3399963378906,273.010009765625,276.7699890136719,3794275.0
2022-08-09,275.70001220703125,279.6000061035156,273.80999755859375,276.8900146484375,2476544.0
2022-08-10,277.8699951171875,279.20001220703125,270.0,273.07000732421875,3639472.0
2022-08-11,274.0199890136719,278.9599914550781,272.20001220703125,277.8500061035156,4010595.0
2022-08-12,277.9800109863281,284.29998779296875,275.5,283.2699890136719,4618381.0
2022-08-15,282.0,282.8800048828125,276.25,277.8800048828125,4570253.0
2022-08-16,279.2799987792969,279.5,267.1400146484375,268.7900085449219,8157693.0
2022-08-17,267.7799987792969,272.0,263.5,269.3999938964844,6109159.0
2022-08-18,266.45001220703125,268.7900085449219,261.69000244140625,266.57000732421875,7749655.0
2022-08-19,264.5799865722656,268.6499938964844,261.79998779296875,265.0400085449219,3820197.0
2022-08-22,263.5,270.989990234375,263.0799865722656,265.42999267578125,3609812.0
2022-08-23,265.3999938964844,266.3999938964844,259.010009765625,261.6499938964844,5898999.0
2022-08-24,260.2699890136719,265.20001220703125,260.0,263.0,4115621.0
2022-08-25,264.0,276.0,264.0,276.0,9840932.0
2022-08-26,281.5,297.0,280.5,286.92999267578125,16521676.0
2022-08-29,285.0,293.6600036621094,284.2699890136719,285.29998779296875,7300851.0
2022-08-30,285.2900085449219,287.0299987792969,279.5899963378906,284.0899963378906,4870980.0
2022-08-31,283.20001220703125,299.8800048828125,282.010009765625,293.0,10626588.0
2022-09-01,292.8699951171875,296.6600036621094,289.010009765625,292.5799865722656,5478178.0
2022-09-02,294.5799865722656,295.0,285.0799865722656,288.5299987792969,4745367.0
2022-09-05,283.0,286.489990234375,277.79998779296875,282.7799987792969,6197972.0
2022-09-06,285.05999755859375,288.7699890136719,282.0299987792969,286.0199890136719,4236925.0
2022-09-07,286.3599853515625,286.3999938964844,276.0,278.1199951171875,5893198.0
2022-09-08,278.1199951171875,291.30999755859375,278.1199951171875,285.5899963378906,8272731.0
2022-09-09,288.5799865722656,293.5,281.010009765625,291.2099914550781,7732928.0
2022-09-13,291.2099914550781,296.489990234375,287.6099853515625,293.0,5649050.0
2022-09-14,289.0,292.8800048828125,287.0,292.29998779296875,2834457.0
2022-09-15,290.2799987792969,298.6000061035156,290.2799987792969,296.0,5485275.0
2022-09-16,295.9800109863281,297.989990234375,289.0,289.5,4078651.0
2022-09-19,290.0,304.54998779296875,288.260009765625,293.75,6437184.0
2022-09-20,296.4100036621094,299.25,290.79998779296875,296.0899963378906,3967414.0
2022-09-21,294.3399963378906,298.0,291.010009765625,292.1499938964844,2699447.0
2022-09-22,290.1300048828125,294.0,288.3800048828125,292.44000244140625,2504504.0
2022-09-23,292.44000244140625,295.0,289.5199890136719,291.8900146484375,3336802.0
2022-09-26,289.3500061035156,303.19000244140625,288.0,299.6499938964844,6301570.0
2022-09-27,298.2900085449219,309.8299865722656,298.04998779296875,308.17999267578125,6862905.0
2022-09-28,307.0,314.95001220703125,305.1000061035156,306.8500061035156,5454162.0
2022-09-29,310.0,311.0,303.0,304.2799987792969,4277108.0
2022-09-30,309.0,309.79998779296875,300.1199951171875,302.8900146484375,3211650.0
2022-10-10,302.04998779296875,302.5,281.0,283.1000061035156,8594635.0
2022-10-11,284.0,286.8999938964844,275.0,283.1000061035156,4936171.0
2022-10-12,284.8999938964844,284.8999938964844,270.0,278.5,7896395.0
2022-10-13,283.0,284.0,272.20001220703125,273.6000061035156,8442885.0
2022-10-14,275.95001220703125,281.6000061035156,273.6000061035156,277.94000244140625,6281354.0
2022-10-17,276.0,276.0899963378906,266.82000732421875,271.5799865722656,6133941.0
2022-10-18,271.6000061035156,274.54998779296875,267.6099853515625,270.5,3931203.0
2022-10-19,268.04998779296875,269.8900146484375,260.0,262.6000061035156,8531287.0
2022-10-20,258.989990234375,270.8999938964844,256.0199890136719,269.69000244140625,7165022.0
2022-10-21,267.2099914550781,269.0,262.57000732421875,266.5,4562952.0
2022-10-24,259.0,260.0,240.7100067138672,242.83999633789062,13150093.0
2022-10-25,239.02999877929688,247.77000427246094,238.05999755859375,244.10000610351562,8065409.0
2022-10-26,244.24000549316406,250.86000061035156,239.77000427246094,240.9499969482422,8279289.0
2022-10-27,240.5,245.0,227.88999938964844,229.6999969482422,11193530.0
2022-10-28,232.67999267578125,239.3300018310547,229.72000122070312,234.6300048828125,9427613.0
2022-10-31,230.8000030517578,235.55999755859375,227.30999755859375,232.3800048828125,5333375.0
2022-11-01,235.0,251.5,234.8699951171875,250.97999572753906,11708322.0
2022-11-02,250.0,265.0,247.00999450683594,255.91000366210938,10682687.0
2022-11-03,252.0,252.39999389648438,246.60000610351562,248.66000366210938,5744239.0
2022-11-04,247.0,266.69000244140625,246.97999572753906,259.8299865722656,9902830.0
2022-11-07,256.0,265.5,256.0,264.0,6368958.0
2022-11-08,263.0799865722656,266.0,256.0,258.260009765625,4839535.0
2022-11-09,256.5,258.8999938964844,250.3300018310547,252.72000122070312,5220950.0
2022-11-10,250.6999969482422,260.2699890136719,250.08999633789062,258.989990234375,5617099.0
2022-11-11,269.0,272.0,263.010009765625,268.4800109863281,8834154.0
2022-11-14,270.1199951171875,277.19000244140625,261.6099853515625,262.1199951171875,6216735.0
2022-11-15,263.989990234375,269.79998779296875,260.1199951171875,264.20001220703125,5970580.0
2022-11-16,262.2799987792969,268.20001220703125,260.6000061035156,266.1099853515625,3845667.0
2022-11-17,264.1000061035156,266.70001220703125,257.05999755859375,259.57000732421875,4529278.0
2022-11-18,260.0,268.4700012207031,258.29998779296875,263.2300109863281,4012198.0
2022-11-21,258.0,258.1199951171875,252.49000549316406,255.99000549316406,4593105.0
2022-11-22,257.489990234375,260.1700134277344,254.39999389648438,255.8000030517578,2963122.0
2022-11-23,255.0,256.5,251.0,253.3000030517578,2709932.0
2022-11-24,255.77999877929688,256.8299865722656,248.55999755859375,248.99000549316406,3932154.0
2022-11-25,249.3000030517578,250.49000549316406,242.99000549316406,248.8800048828125,3683588.0
2022-11-28,243.0,247.02000427246094,236.0,245.88999938964844,6377396.0
2022-11-29,250.19000244140625,262.0,250.19000244140625,260.8599853515625,9881069.0
2022-11-30,258.010009765625,262.32000732421875,253.02999877929688,256.04998779296875,5684806.0
2022-12-01,264.0,271.1099853515625,260.29998779296875,260.6199951171875,8946962.0
2022-12-02,259.94000244140625,264.45001220703125,258.0299987792969,261.989990234375,4077501.0
2022-12-05,267.760009765625,269.19000244140625,263.5199890136719,264.3999938964844,5262248.0
2022-12-06,262.1499938964844,280.79998779296875,262.1000061035156,274.0,9558698.0
2022-12-07,274.07000732421875,281.5,270.4100036621094,275.30999755859375,6528315.0
2022-12-08,275.32000732421875,280.20001220703125,274.0799865722656,278.0,4914634.0
2022-12-09,277.760009765625,285.05999755859375,271.5,284.19000244140625,7690631.0
2022-12-12,282.0,284.0799865722656,276.9800109863281,277.70001220703125,6029964.0
2022-12-13,277.8999938964844,279.8800048828125,273.5,279.04998779296875,4252418.0
2022-12-14,279.0199890136719,292.0,276.6600036621094,288.9200134277344,7298636.0
2022-12-15,290.6499938964844,291.8999938964844,280.0,284.05999755859375,5598890.0
2022-12-16,283.5,288.5,282.0,286.80999755859375,3542844.0
2022-12-19,287.2200012207031,289.989990234375,282.44000244140625,283.989990234375,2779093.0
2022-12-20,282.510009765625,283.7900085449219,269.3599853515625,271.739990234375,5540428.0
2022-12-21,273.94000244140625,280.0,273.9100036621094,277.8399963378906,4169669.0
2022-12-22,282.75,286.0,277.0,282.7799987792969,3513737.0
2022-12-23,280.1000061035156,288.0,278.17999267578125,283.9599914550781,3193289.0
2022-12-26,284.8999938964844,286.5799865722656,281.0,281.70001220703125,3066009.0
2022-12-27,284.5,288.70001220703125,281.0199890136719,286.0,3297453.0
2022-12-28,284.5299987792969,286.8800048828125,281.79998779296875,285.3500061035156,2837662.0
2022-12-29,283.0,284.5,278.3999938964844,282.8299865722656,3160719.0
2022-12-30,283.0,286.70001220703125,283.0,284.989990234375,2971310.0
2023-01-03,284.2099914550781,284.2099914550781,272.0,275.8399963378906,7234210.0
2023-01-04,275.7900085449219,277.92999267578125,272.3999938964844,276.0,3221012.0
2023-01-05,279.6199951171875,289.70001220703125,277.2799987792969,286.05999755859375,7084611.0
2023-01-06,286.05999755859375,290.25,281.25,287.5,5336368.0
2023-01-09,289.69000244140625,292.3299865722656,285.1000061035156,289.9800109863281,5110376.0
2023-01-10,288.8800048828125,298.760009765625,287.0,294.0,5220537.0
2023-01-11,294.0,296.8299865722656,291.010009765625,294.0,4055664.0
2023-01-12,296.29998779296875,298.9800109863281,294.57000732421875,297.29998779296875,4719560.0
2023-01-13,296.239990234375,308.69000244140625,296.239990234375,306.55999755859375,6675776.0
2023-01-16,306.5199890136719,318.79998779296875,306.07000732421875,311.8999938964844,6599631.0
2023-01-17,313.9800109863281,313.9800109863281,304.1199951171875,306.0,4552584.0
2023-01-18,306.0,309.9800109863281,297.9800109863281,299.1300048828125,5564934.0
2023-01-19,298.9100036621094,300.75,292.9599914550781,298.4800109863281,4993541.0
2023-01-20,303.0,304.8900146484375,294.3999938964844,296.3999938964844,4997530.0
2023-01-30,300.0,300.5,290.79998779296875,296.92999267578125,7214426.0
2023-01-31,296.8999938964844,300.0,289.0,291.54998779296875,4863141.0
2023-02-01,291.54998779296875,292.8999938964844,285.2900085449219,290.92999267578125,5098959.0
2023-02-02,292.8800048828125,294.5,288.9100036621094,291.3999938964844,5231414.0
2023-02-03,288.0,290.0,281.0,286.5799865722656,5605146.0
2023-02-06,283.67999267578125,283.67999267578125,276.1300048828125,281.3500061035156,5374235.0
2023-02-07,282.8399963378906,285.5199890136719,281.5,284.5400085449219,3900585.0
2023-02-08,285.0,286.04998779296875,279.0,280.4599914550781,2966091.0
2023-02-09,281.0,289.0,280.0,289.0,5202589.0
2023-02-10,289.0,292.0299987792969,284.8500061035156,287.010009765625,4146722.0
2023-02-13,283.44000244140625,299.5799865722656,283.0,296.70001220703125,7057481.0
2023-02-14,297.5,305.0,294.5,299.5,5053207.0
2023-02-15,298.2200012207031,302.0,295.4200134277344,297.0199890136719,3755623.0
2023-02-16,298.5,305.2799987792969,297.0,299.510009765625,4773318.0
2023-02-17,298.7799987792969,304.42999267578125,294.0,294.0,4224399.0
2023-02-20,293.0,298.67999267578125,289.6600036621094,297.8699951171875,3906489.0
2023-02-21,296.04998779296875,298.5899963378906,289.0,292.2699890136719,3975024.0
2023-02-22,291.5299987792969,295.4800109863281,289.1000061035156,290.1199951171875,3106612.0
2023-02-23,290.05999755859375,291.989990234375,285.2900085449219,289.0,2848671.0
2023-02-24,286.0,287.989990234375,280.04998779296875,281.8800048828125,3891710.0
2023-02-27,280.0799865722656,286.489990234375,280.0,283.75,4113080.0
2023-02-28,286.05999755859375,286.3999938964844,279.6499938964844,282.6499938964844,3032590.0
2023-03-01,282.2300109863281,285.989990234375,280.3800048828125,284.29998779296875,3700641.0
2023-03-02,284.9100036621094,284.9800109863281,277.0799865722656,278.8999938964844,5541819.0
2023-03-03,280.29998779296875,281.8500061035156,274.0,275.5799865722656,4678571.0
2023-03-06,275.0,275.5,270.05999755859375,274.29998779296875,4079073.0
2023-03-07,273.9200134277344,273.9800109863281,266.0,266.6499938964844,6799584.0
2023-03-08,265.0199890136719,267.6700134277344,262.9700012207031,264.67999267578125,4397120.0
2023-03-09,266.3299865722656,266.6499938964844,260.1099853515625,263.489990234375,4123988.0
2023-03-10,260.25,266.0,260.1300048828125,262.1499938964844,4168695.0
2023-03-13,264.0,272.9800109863281,263.17999267578125,271.20001220703125,7052596.0
2023-03-14,271.1400146484375,275.8800048828125,267.1499938964844,272.1000061035156,5717074.0
2023-03-15,278.010009765625,279.010009765625,268.0,268.1000061035156,4603414.0
2023-03-16,269.8999938964844,277.67999267578125,268.0,273.510009765625,5924814.0
2023-03-17,274.0,275.0,265.5,267.2300109863281,6222951.0
2023-03-20,264.0,269.3500061035156,262.0,266.2300109863281,3514021.0
2023-03-21,266.8999938964844,275.0,265.5,272.3500061035156,4976857.0
2023-03-22,272.3999938964844,277.3900146484375,268.1099853515625,269.04998779296875,4106499.0
2023-03-23,268.3399963378906,272.8800048828125,267.0,271.1099853515625,3331216.0
2023-03-24,270.9200134277344,275.1499938964844,269.7300109863281,273.6000061035156,3245482.0
2023-03-27,273.6199951171875,273.6199951171875,269.6600036621094,271.489990234375,2951495.0
2023-03-28,271.9800109863281,276.0,271.45001220703125,274.8299865722656,3168082.0
2023-03-29,277.2200012207031,277.25,271.57000732421875,273.989990234375,2779455.0
2023-03-30,274.0,276.6600036621094,271.5199890136719,275.0,3393020.0
2023-03-31,275.0,278.5299987792969,272.0,272.3999938964844,4123178.0
2023-04-03,271.0,272.3900146484375,265.8999938964844,267.82000732421875,5680183.0
2023-04-04,267.7699890136719,268.8800048828125,263.7699890136719,267.3599853515625,6206688.0
2023-04-06,266.17999267578125,266.17999267578125,257.0,257.260009765625,7004683.0
2023-04-07,255.02999877929688,257.0,250.3000030517578,252.38999938964844,8452528.0
2023-04-10,250.1999969482422,250.2899932861328,241.0,244.11000061035156,9829010.0
2023-04-11,245.89999389648438,252.0,245.0800018310547,245.55999755859375,8812822.0
2023-04-12,245.99000549316406,248.83999633789062,240.00999450683594,241.0800018310547,6701845.0
2023-04-13,241.0,250.0,239.08999633789062,246.6699981689453,7404078.0
2023-04-14,247.0,248.8000030517578,242.75999450683594,243.30999755859375,4524425.0
2023-04-17,243.80999755859375,246.80999755859375,243.77999877929688,245.0,5056783.0
2023-04-18,245.50999450683594,246.7899932861328,244.05999755859375,245.8300018310547,4469273.0
2023-04-19,246.8000030517578,247.0,243.1999969482422,244.69000244140625,3036028.0
2023-04-20,244.7899932861328,245.3000030517578,240.47999572753906,241.94000244140625,3125236.0
2023-04-21,242.0,242.8800048828125,238.02000427246094,238.8699951171875,4365422.0
2023-04-24,238.0,239.7899932861328,234.8000030517578,236.22999572753906,5079256.0
2023-04-25,237.97000122070312,241.0,234.8000030517578,240.77999877929688,4623248.0
2023-04-26,240.77999877929688,243.5,238.57000732421875,240.05999755859375,3426490.0
2023-04-27,240.3300018310547,245.0,237.5,244.1199951171875,5120470.0
2023-04-28,252.0,256.760009765625,247.3000030517578,248.4600067138672,8446908.0
2023-05-04,248.0,250.99000549316406,239.0,239.00999450683594,6480536.0
2023-05-05,239.00999450683594,240.69000244140625,236.5800018310547,240.39999389648438,3763291.0
2023-05-08,240.39999389648438,241.0,233.89999389648438,234.6999969482422,5598913.0
2023-05-09,234.41000366210938,243.49000549316406,231.61000061035156,241.32000732421875,6766742.0
2023-05-10,240.5,241.25,236.8800048828125,237.5500030517578,3536049.0
2023-05-11,240.0,241.24000549316406,235.75999450683594,236.07000732421875,2632810.0
2023-05-12,235.0,237.89999389648438,233.64999389648438,233.8000030517578,3099830.0
2023-05-15,232.10000610351562,235.5,231.2899932861328,235.3300018310547,2624546.0
2023-05-16,235.33999633789062,235.8699951171875,232.39999389648438,233.5,2270292.0
2023-05-17,233.5,234.42999267578125,229.1699981689453,230.1999969482422,3459827.0
2023-05-18,230.8800048828125,230.97000122070312,225.16000366210938,227.13999938964844,4344408.0
2023-05-19,225.99000549316406,232.66000366210938,223.0,232.27999877929688,5755558.0
2023-05-22,220.0,225.72999572753906,209.0500030517578,224.99000549316406,19794719.0
2023-05-23,221.0,223.0,211.60000610351562,213.77999877929688,16703479.0
2023-05-24,211.0,219.11000061035156,210.82000732421875,215.39999389648438,7487093.0
2023-05-25,214.8699951171875,219.1300048828125,211.36000061035156,215.64999389648438,6143984.0
2023-05-26,215.4499969482422,219.0800018310547,214.67999267578125,217.36000061035156,4834727.0
2023-05-29,217.4199981689453,218.49000549316406,213.49000549316406,214.11000061035156,3452186.0
2023-05-30,215.0,215.5,209.47000122070312,210.69000244140625,6654900.0
2023-05-31,210.5,211.8000030517578,207.02999877929688,209.8300018310547,5956085.0
2023-06-01,210.7899932861328,219.99000549316406,210.0,212.41000366210938,6987786.0
2023-06-02,214.0,216.8000030517578,212.58999633789062,216.1300048828125,5383323.0
2023-06-05,216.1300048828125,216.1300048828125,210.27999877929688,212.0,4767087.0
2023-06-06,211.52000427246094,214.52000427246094,208.82000732421875,210.6999969482422,5244031.0
2023-06-07,210.9499969482422,212.0,205.75,205.9199981689453,5666581.0
2023-06-08,205.97000122070312,209.5,205.50999450683594,208.00999450683594,4613608.0
2023-06-09,208.02000427246094,209.41000366210938,204.1999969482422,204.1999969482422,5679143.0
2023-06-12,204.35000610351562,208.02999877929688,201.61000061035156,206.0500030517578,8705612.0
2023-06-13,206.05999755859375,207.57000732421875,197.77000427246094,204.8000030517578,10238775.0
2023-06-14,204.8000030517578,213.0,203.64999389648438,210.8300018310547,11434652.0
2023-06-15,211.63999938964844,219.86000061035156,210.0,219.57000732421875,9095384.0
2023-06-16,219.97000122070312,222.1999969482422,218.00999450683594,219.97000122070312,6717994.0
2023-06-19,219.97000122070312,221.0,214.1999969482422,215.02999877929688,5134958.0
2023-06-20,214.3800048828125,215.3000030517578,208.5800018310547,209.0,7532835.0
2023-06-21,207.0,208.8800048828125,203.39999389648438,203.60000610351562,6892729.0
2023-06-26,199.6999969482422,199.6999969482422,192.11000061035156,195.60000610351562,7425370.0
2023-06-27,195.49000549316406,195.8000030517578,186.3000030517578,191.88999938964844,10411998.0
2023-06-28,191.8000030517578,195.64999389648438,188.89999389648438,191.5399932861328,5996604.0
2023-06-29,191.3800048828125,191.44000244140625,184.5500030517578,185.58999633789062,10422079.0
2023-06-30,187.64999389648438,188.39999389648438,184.6199951171875,185.07000732421875,6880438.0
2023-07-03,185.07000732421875,196.1699981689453,183.9499969482422,196.1699981689453,11040977.0
2023-07-04,194.0,201.8000030517578,193.10000610351562,201.27999877929688,9299588.0
2023-07-05,201.27999877929688,201.5,196.1699981689453,198.0500030517578,5174331.0
2023-07-06,196.6999969482422,201.5,196.00999450683594,197.92999267578125,4830718.0
2023-07-07,196.66000366210938,202.0,196.00999450683594,198.10000610351562,5010013.0
2023-07-10,198.1300048828125,205.0,198.1300048828125,201.3699951171875,5688937.0
2023-07-11,201.91000366210938,203.0,200.00999450683594,201.91000366210938,3458509.0
2023-07-12,201.02000427246094,208.0,201.02000427246094,204.33999633789062,5407882.0
2023-07-13,205.11000061035156,215.3300018310547,205.11000061035156,212.9600067138672,11754404.0
2023-07-14,213.8800048828125,215.61000061035156,209.6999969482422,211.0,4954286.0
2023-07-17,209.00999450683594,211.24000549316406,206.0,210.83999633789062,4466411.0
2023-07-18,212.0,213.1999969482422,209.7100067138672,211.41000366210938,3364018.0
2023-07-19,210.00999450683594,213.5,209.72000122070312,212.9499969482422,3805054.0
2023-07-20,214.67999267578125,217.0,211.75999450683594,213.0,4357368.0
2023-07-21,211.66000366210938,218.49000549316406,209.6199951171875,214.52000427246094,7472577.0
2023-07-24,211.10000610351562,212.27999877929688,207.0,209.3000030517578,8251283.0
2023-07-25,222.0,226.8000030517578,219.1300048828125,225.0,16422265.0
2023-07-26,224.97999572753906,229.97999572753906,224.5399932861328,227.9199981689453,8692042.0
2023-07-27,228.0500030517578,237.61000061035156,228.0500030517578,235.6999969482422,11026699.0
2023-07-28,233.11000061035156,238.17999267578125,229.5,237.27999877929688,9209840.0
2023-07-31,239.3000030517578,248.55999755859375,236.1999969482422,238.77999877929688,12415400.0
2023-08-01,236.99000549316406,239.8000030517578,230.3300018310547,232.5,9727604.0
2023-08-02,230.47000122070312,234.97999572753906,229.60000610351562,231.35000610351562,4290801.0
2023-08-03,232.8000030517578,236.35000610351562,227.1999969482422,234.57000732421875,5436045.0
2023-08-04,237.60000610351562,240.99000549316406,232.60000610351562,234.14999389648438,4678019.0
2023-08-07,233.8800048828125,235.47000122070312,230.0,231.92999267578125,4532785.0
2023-08-08,230.0,233.3300018310547,229.1999969482422,230.6999969482422,3042505.0
2023-08-09,230.7100067138672,233.0,229.6699981689453,231.6999969482422,3135532.0
2023-08-10,230.3300018310547,232.89999389648438,229.25,231.9600067138672,2510540.0
2023-08-11,232.27999877929688,232.8000030517578,226.3000030517578,226.3000030517578,4386235.0
2023-08-14,222.0,224.67999267578125,219.22999572753906,224.27000427246094,4829616.0
2023-08-15,224.25,225.5800018310547,221.0,224.0,3278697.0
2023-08-16,222.60000610351562,227.58999633789062,222.22000122070312,225.5,3892264.0
2023-08-17,224.4600067138672,229.9499969482422,223.27999877929688,229.72000122070312,4458965.0
2023-08-18,229.77999877929688,232.10000610351562,225.39999389648438,225.75999450683594,3357055.0
2023-08-21,225.0,230.67999267578125,221.0,226.85000610351562,4344149.0
2023-08-22,227.38999938964844,228.1999969482422,222.25999450683594,226.4499969482422,3972474.0
2023-08-23,226.4600067138672,226.4600067138672,221.66000366210938,221.8000030517578,2744395.0
2023-08-24,223.10000610351562,231.27000427246094,220.91000366210938,229.9199981689453,5798535.0
2023-08-25,230.7899932861328,232.0,227.8000030517578,230.85000610351562,4919044.0
2023-08-28,245.5,246.99000549316406,232.7100067138672,235.0,8157824.0
2023-08-29,235.0,244.69000244140625,233.3000030517578,242.7899932861328,7572641.0
2023-08-30,243.88999938964844,245.5,241.0,242.0,4334665.0
2023-08-31,242.97999572753906,243.89999389648438,239.8000030517578,242.0500030517578,3457799.0
2023-09-01,245.0,251.0,245.0,249.1999969482422,5678351.0
2023-09-04,253.8000030517578,262.82000732421875,253.0,262.82000732421875,12123180.0
2023-09-05,260.5,263.8800048828125,257.0,258.30999755859375,6782358.0
2023-09-06,256.20001220703125,257.489990234375,254.24000549316406,256.6099853515625,4409569.0
2023-09-07,255.0,256.0,252.0,253.74000549316406,3628322.0
2023-09-08,251.91000366210938,256.19000244140625,251.6300048828125,255.52999877929688,2846788.0
2023-09-11,254.0,259.8699951171875,253.02999877929688,256.95001220703125,4092000.0
2023-09-12,256.29998779296875,256.3599853515625,253.3000030517578,254.4499969482422,2751402.0
2023-09-13,256.0,260.55999755859375,254.0399932861328,255.8000030517578,3718660.0
2023-09-14,256.8900146484375,258.20001220703125,254.3000030517578,255.1999969482422,3935994.0
2023-09-15,255.7899932861328,256.8800048828125,251.16000366210938,252.5500030517578,5699658.0
2023-09-18,250.55999755859375,254.25,249.17999267578125,252.57000732421875,3093137.0
2023-09-19,254.3000030517578,254.5,247.0,250.0,3918099.0
2023-09-20,250.0,250.0,246.52000427246094,248.0399932861328,3579638.0
2023-09-21,247.0399932861328,247.52999877929688,241.22000122070312,241.5,4751484.0
2023-09-22,241.5,246.8000030517578,240.0500030517578,246.30999755859375,4913320.0
2023-09-25,246.3300018310547,249.0,244.0,244.72000122070312,2984500.0
2023-09-26,244.0,246.10000610351562,243.0,243.25999450683594,1850152.0
2023-09-27,244.00999450683594,246.39999389648438,240.52000427246094,241.7100067138672,2659301.0
2023-09-28,243.0,243.77000427246094,238.8300018310547,239.5,2783911.0
2023-10-09,239.5,243.99000549316406,236.0,243.0399932861328,4204392.0
2023-10-10,247.16000366210938,248.5800018310547,240.89999389648438,240.89999389648438,3246727.0
2023-10-11,243.8000030517578,243.8800048828125,238.19000244140625,239.89999389648438,3025596.0
2023-10-12,243.9600067138672,245.0,234.42999267578125,234.99000549316406,5028121.0
2023-10-13,234.1999969482422,234.1999969482422,229.5,230.25,4123918.0
2023-10-16,229.88999938964844,230.22000122070312,226.05999755859375,226.77000427246094,3751487.0
2023-10-17,228.0,232.3000030517578,224.6699981689453,229.39999389648438,3405695.0
2023-10-18,229.0,236.88999938964844,227.64999389648438,232.1300048828125,3515428.0
2023-10-19,231.0,231.5,224.0,224.0,5785327.0
2023-10-20,221.77000427246094,226.7899932861328,221.5,223.41000366210938,3897823.0
2023-10-23,222.0,227.52000427246094,221.2899932861328,225.60000610351562,3229987.0
2023-10-24,225.60000610351562,232.99000549316406,224.22999572753906,230.0800018310547,4612102.0
2023-10-25,238.5,244.24000549316406,237.60000610351562,239.4499969482422,6892937.0
2023-10-26,237.5,243.47999572753906,237.5,242.8800048828125,3991746.0
2023-10-27,242.5,243.67999267578125,235.0,242.50999450683594,6895270.0
2023-10-30,239.7100067138672,247.14999389648438,239.5,245.77999877929688,5932701.0
2023-10-31,245.0,248.69000244140625,244.0,247.1999969482422,3129195.0
2023-11-01,259.0,262.0,251.00999450683594,251.00999450683594,6916040.0
2023-11-02,255.25,255.25,245.8000030517578,246.72999572753906,3363557.0
2023-11-03,245.80999755859375,251.0800018310547,245.0,249.5800018310547,2504559.0
2023-11-06,253.0,253.0,247.25,251.49000549316406,3781415.0
2023-11-07,251.2899932861328,251.99000549316406,246.05999755859375,248.42999267578125,2865326.0
2023-11-08,246.0,249.02000427246094,244.99000549316406,248.5,3064699.0
2023-11-09,248.3000030517578,248.88999938964844,245.35000610351562,248.4499969482422,2167743.0
2023-11-10,247.16000366210938,247.97999572753906,243.1999969482422,244.3000030517578,3468835.0
2023-11-13,244.0,244.58999633789062,238.3300018310547,240.60000610351562,3226766.0
2023-11-14,241.0,242.9600067138672,238.60000610351562,240.8800048828125,2295094.0
2023-11-15,243.0,243.5,240.5,242.50999450683594,2533242.0
2023-11-16,241.8000030517578,242.97999572753906,237.0,238.0,2518776.0
2023-11-17,236.1999969482422,237.85000610351562,233.0,235.97999572753906,3043444.0
2023-11-20,233.50999450683594,237.89999389648438,232.3000030517578,236.44000244140625,2562729.0
2023-11-21,237.91000366210938,245.77999877929688,235.97000122070312,244.5500030517578,5010562.0
2023-11-22,243.94000244140625,246.08999633789062,241.6999969482422,242.88999938964844,1927846.0
2023-11-23,242.1199951171875,242.99000549316406,237.27999877929688,240.33999633789062,2185102.0
2023-11-24,239.8699951171875,243.5,238.0,240.50999450683594,1754672.0
2023-11-27,238.72999572753906,239.8000030517578,234.1699981689453,237.1999969482422,2966312.0
2023-11-28,237.97999572753906,238.5,232.0800018310547,233.99000549316406,2828357.0
2023-11-29,233.94000244140625,237.49000549316406,230.4499969482422,236.97999572753906,3085569.0
2023-11-30,237.97999572753906,239.89999389648438,235.66000366210938,238.86000061035156,2415851.0
2023-12-01,239.5800018310547,240.74000549316406,233.8800048828125,235.85000610351562,3683177.0
2023-12-04,235.0,235.0,228.77999877929688,229.0,4290824.0
2023-12-05,227.00999450683594,228.42999267578125,222.1999969482422,222.22000122070312,3775601.0
2023-12-06,221.11000061035156,224.3000030517578,220.44000244140625,222.72000122070312,3562824.0
2023-12-07,221.67999267578125,225.5,221.1199951171875,224.77999877929688,4014520.0
2023-12-08,224.97000122070312,232.3800048828125,223.0500030517578,231.5,4434075.0
2023-12-11,227.63999938964844,227.63999938964844,218.0,225.60000610351562,7559328.0
2023-12-12,224.13999938964844,230.9499969482422,223.30999755859375,230.47000122070312,4305086.0
2023-12-13,230.47000122070312,230.47000122070312,221.8800048828125,222.0,5226055.0
2023-12-14,223.14999389648438,224.5800018310547,216.02999877929688,216.1999969482422,5976656.0
2023-12-15,217.7100067138672,222.9499969482422,216.1999969482422,217.5,4766814.0
2023-12-18,215.75999450683594,220.47999572753906,214.6699981689453,218.27000427246094,2971173.0
2023-12-19,218.0,220.13999938964844,215.91000366210938,218.6999969482422,2200226.0
2023-12-20,218.6999969482422,220.3800048828125,215.35000610351562,215.8000030517578,2910295.0
2023-12-21,214.7899932861328,222.32000732421875,214.3000030517578,221.72999572753906,5291823.0
2023-12-22,221.72999572753906,224.39999389648438,219.4600067138672,222.25999450683594,2933663.0
2023-12-25,221.9600067138672,227.67999267578125,221.27999877929688,226.66000366210938,3572877.0
2023-12-26,226.5,226.66000366210938,223.02999877929688,224.97000122070312,1942257.0
2023-12-27,224.50999450683594,226.9499969482422,222.88999938964844,225.5,2230426.0
2023-12-28,225.60000610351562,234.8000030517578,224.4199981689453,233.30999755859375,5923979.0
2023-12-29,232.5,234.5800018310547,227.8000030517578,230.72999572753906,4808739.0
2024-01-02,228.0800018310547,228.6999969482422,221.49000549316406,221.7899932861328,4568560.0
2024-01-03,221.00999450683594,223.19000244140625,219.1999969482422,221.07000732421875,3521559.0
2024-01-04,221.0,221.0,215.1699981689453,217.5,4045041.0
2024-01-05,216.97999572753906,217.82000732421875,214.1300048828125,215.22000122070312,3236543.0
2024-01-08,214.52999877929688,216.5,211.0,213.50999450683594,2948830.0
2024-01-09,213.4499969482422,214.99000549316406,209.2100067138672,211.00999450683594,3182928.0
2024-01-10,210.0,216.0,208.30999755859375,213.10000610351562,2939800.0
2024-01-11,211.89999389648438,214.3000030517578,209.3300018310547,212.8800048828125,2158111.0
2024-01-12,211.11000061035156,212.47999572753906,207.5,211.47000122070312,2791325.0
2024-01-15,210.8000030517578,210.8000030517578,203.5,203.88999938964844,5380134.0
2024-01-16,202.88999938964844,206.99000549316406,201.1999969482422,204.50999450683594,4696660.0
2024-01-17,203.7100067138672,204.5,194.42999267578125,196.38999938964844,7347568.0
2024-01-18,198.0,204.61000061035156,195.8800048828125,204.33999633789062,8324478.0
2024-01-19,202.0500030517578,207.8000030517578,201.0,205.47999572753906,5328170.0
2024-01-22,204.0,204.97000122070312,200.0,202.22999572753906,5141563.0
2024-01-23,201.7100067138672,203.7100067138672,199.0,201.25999450683594,3196123.0
2024-01-24,203.5,203.99000549316406,196.94000244140625,200.72000122070312,3618707.0
2024-01-25,200.6300048828125,205.58999633789062,198.5,204.2899932861328,4490756.0
2024-01-26,203.1300048828125,207.7100067138672,203.00999450683594,207.38999938964844,4276362.0
2024-01-29,208.19000244140625,212.60000610351562,206.39999389648438,208.1999969482422,4115859.0
2024-01-30,207.10000610351562,207.1199951171875,200.61000061035156,201.11000061035156,3039112.0
2024-01-31,200.0,202.1699981689453,197.97000122070312,200.11000061035156,3709528.0
2024-02-01,200.0,205.5,199.58999633789062,203.97000122070312,3945991.0
2024-02-02,205.02000427246094,212.41000366210938,203.8800048828125,209.5,6819526.0
2024-02-05,206.74000549316406,217.1999969482422,205.5800018310547,214.64999389648438,6735044.0
2024-02-06,214.0800018310547,221.3000030517578,213.60000610351562,219.8000030517578,6329909.0
2024-02-07,220.99000549316406,227.0,218.0,226.3300018310547,6403286.0
2024-02-08,226.50999450683594,229.6999969482422,220.1300048828125,225.1999969482422,5560061.0
2024-02-19,229.77999877929688,232.0,223.5399932861328,224.82000732421875,5532002.0
2024-02-20,224.8800048828125,228.17999267578125,220.91000366210938,223.1699981689453,3820429.0
2024-02-21,223.0,236.8800048828125,221.00999450683594,233.8699951171875,8579608.0
2024-02-22,232.97000122070312,235.97999572753906,230.3800048828125,234.89999389648438,2961888.0
2024-02-23,232.14999389648438,238.38999938964844,231.5500030517578,233.4600067138672,3134390.0
2024-02-26,232.0,234.3800048828125,227.5,228.22999572753906,3574308.0
2024-02-27,226.22000122070312,227.97999572753906,223.89999389648438,226.07000732421875,4098626.0
2024-02-28,225.11000061035156,228.77999877929688,223.1999969482422,226.7899932861328,3688601.0
2024-02-29,226.7899932861328,233.5,225.9499969482422,233.05999755859375,4388811.0
2024-03-01,231.89999389648438,239.27999877929688,230.85000610351562,237.0,4895856.0
2024-03-04,236.89999389648438,240.3699951171875,235.55999755859375,236.60000610351562,3594366.0
2024-03-05,236.55999755859375,243.0,235.39999389648438,241.9600067138672,4709473.0
2024-03-06,241.6999969482422,242.9600067138672,237.69000244140625,238.0,2444017.0
2024-03-07,238.69000244140625,239.57000732421875,236.39999389648438,237.77999877929688,2503066.0
2024-03-08,237.1999969482422,239.4499969482422,235.80999755859375,237.0,2127768.0
2024-03-11,236.5,243.5500030517578,236.36000061035156,242.11000061035156,3315051.0
2024-03-12,242.11000061035156,257.79998779296875,241.64999389648438,255.44000244140625,7369850.0
2024-03-13,252.5,256.7099914550781,251.8800048828125,254.6999969482422,3401062.0
2024-03-14,254.3300018310547,257.739990234375,245.1999969482422,251.3800048828125,4698133.0
2024-03-15,249.57000732421875,252.99000549316406,248.0,251.8800048828125,3500342.0
2024-03-18,249.60000610351562,251.27000427246094,247.5,250.14999389648438,2610144.0
2024-03-19,248.0,254.0,246.16000366210938,250.47999572753906,3854487.0
2024-03-20,249.5399932861328,250.5,247.89999389648438,248.8000030517578,3273554.0
2024-03-21,251.5,252.99000549316406,248.8000030517578,249.72999572753906,3006303.0
2024-03-22,249.74000549316406,250.0,243.10000610351562,246.85000610351562,3288355.0
2024-03-25,248.0,248.0,243.22999572753906,246.52000427246094,2573251.0
2024-03-26,247.99000549316406,250.99000549316406,246.4499969482422,250.17999267578125,2978972.0
2024-03-27,249.83999633789062,251.7899932861328,245.25999450683594,246.25999450683594,2649997.0
2024-03-28,246.0,248.97999572753906,244.6999969482422,245.10000610351562,2824786.0
2024-03-29,245.00999450683594,246.88999938964844,243.57000732421875,245.0800018310547,833200.0
2024-04-01,245.0,257.0,244.99000549316406,252.5399932861328,4162202.0
2024-04-02,251.5,256.0799865722656,250.50999450683594,254.3000030517578,3270262.0
2024-04-03,254.3000030517578,256.20001220703125,252.5500030517578,253.67999267578125,1857499.0
2024-04-08,250.0,250.0,245.25,246.6199951171875,4652093.0
2024-04-09,246.6199951171875,248.85000610351562,244.66000366210938,245.5500030517578,2378836.0
2024-04-10,246.64999389648438,248.5,241.50999450683594,244.75999450683594,3437684.0
2024-04-11,242.39999389648438,246.0,242.0,243.7100067138672,2324762.0
2024-04-12,243.39999389648438,245.8000030517578,240.0,240.10000610351562,2764855.0
2024-04-15,240.08999633789062,251.89999389648438,238.58999633789062,251.7899932861328,5570276.0
2024-04-16,249.0,251.5,245.1999969482422,247.80999755859375,3575249.0
2024-04-17,245.3000030517578,247.60000610351562,241.39999389648438,243.22999572753906,3726226.0
2024-04-18,242.19000244140625,246.4499969482422,239.0,242.39999389648438,2862521.0
2024-04-19,240.82000732421875,243.5,236.5,238.8800048828125,2849502.0
2024-04-22,240.8699951171875,245.82000732421875,239.5500030517578,243.6999969482422,2976447.0
2024-04-23,244.6699981689453,249.0500030517578,241.75,248.39999389648438,3896632.0
2024-04-24,249.64999389648438,249.6999969482422,245.5,249.08999633789062,2217259.0
2024-04-25,249.0,249.0,243.1699981689453,245.5800018310547,3180037.0
2024-04-26,249.0,255.97999572753906,249.0,252.2899932861328,6728397.0
2024-04-29,252.30999755859375,265.0,252.27999877929688,258.04998779296875,8186816.0
2024-04-30,259.79998779296875,267.3800048828125,258.79998779296875,262.30999755859375,6103165.0
2024-05-06,266.989990234375,273.67999267578125,265.5,269.0,7219411.0
2024-05-07,268.0,272.55999755859375,265.0,270.1199951171875,3796098.0
2024-05-08,270.07000732421875,271.5,268.0799865722656,268.70001220703125,2562082.0
2024-05-09,269.55999755859375,271.0,267.79998779296875,269.0299987792969,3597370.0
2024-05-10,269.9599914550781,271.8500061035156,267.1000061035156,270.32000732421875,2717392.0
2024-05-13,268.0299987792969,269.0,263.7900085449219,264.1199951171875,5186744.0
2024-05-14,264.5299987792969,265.1199951171875,260.0,263.1700134277344,3804178.0
2024-05-15,263.1300048828125,264.5899963378906,260.1300048828125,260.45001220703125,2296303.0
2024-05-16,261.79998779296875,263.8900146484375,256.17999267578125,261.79998779296875,4113170.0
2024-05-17,262.1400146484375,265.5899963378906,258.79998779296875,263.7699890136719,3522912.0
2024-05-20,263.7699890136719,271.5,263.0,264.57000732421875,3998670.0
2024-05-21,258.989990234375,262.0,255.3000030517578,261.3299865722656,3476046.0
2024-05-22,261.3299865722656,262.0,256.70001220703125,259.4200134277344,2880689.0
2024-05-23,260.5199890136719,261.0,257.0799865722656,257.45001220703125,2055130.0
2024-05-24,257.6099853515625,257.8999938964844,250.0,252.13999938964844,3740859.0
2024-05-27,251.8800048828125,254.5800018310547,250.02000427246094,251.16000366210938,2915647.0
2024-05-28,250.13999938964844,251.41000366210938,247.64999389648438,247.97000122070312,2367811.0
2024-05-29,247.97000122070312,248.97000122070312,244.35000610351562,245.3800048828125,3011292.0
2024-05-30,244.11000061035156,247.0,241.24000549316406,243.5,3273972.0
2024-05-31,244.0,245.5399932861328,241.33999633789062,241.33999633789062,2950923.0
2024-06-03,241.8000030517578,246.75,240.0800018310547,243.10000610351562,3971686.0
2024-06-04,243.10000610351562,246.4199981689453,242.0,243.91000366210938,3665508.0
2024-06-05,243.5,247.3300018310547,242.5,243.9600067138672,3625619.0
2024-06-06,243.8800048828125,244.97999572753906,238.5,241.8300018310547,4255718.0
2024-06-07,243.97999572753906,244.3000030517578,236.42999267578125,237.42999267578125,4404332.0
2024-06-11,236.69000244140625,237.8000030517578,230.30999755859375,231.80999755859375,5364278.0
2024-06-12,231.6699981689453,234.89999389648438,231.0,231.74000549316406,3379051.0
2024-06-13,231.97999572753906,232.89999389648438,226.82000732421875,228.39999389648438,4635936.0
2024-06-14,228.39999389648438,235.8800048828125,226.5399932861328,234.80999755859375,7028968.0
2024-06-17,233.8000030517578,234.5,227.5,233.2899932861328,5123468.0
2024-06-18,232.5,235.0,226.8000030517578,227.8699951171875,4450647.0
2024-06-19,228.0,228.8000030517578,224.5,225.0800018310547,4087466.0
2024-06-20,225.0,225.80999755859375,219.99000549316406,224.22000122070312,5171916.0
2024-06-21,222.0,223.49000549316406,215.63999938964844,217.0,7362891.0
2024-06-24,213.00999450683594,222.0,212.3800048828125,219.13999938964844,6626588.0
2024-06-25,219.0500030517578,221.97999572753906,217.4199981689453,218.77000427246094,5008980.0
2024-06-26,216.5500030517578,221.58999633789062,216.5500030517578,218.0500030517578,3518846.0
2024-06-27,217.1999969482422,218.0,212.8000030517578,216.00999450683594,4328008.0
2024-06-28,215.0,216.5,210.4499969482422,210.8800048828125,4800253.0
2024-07-01,209.0,211.6300048828125,204.02999877929688,207.05999755859375,6046655.0
2024-07-02,206.0,211.39999389648438,204.6199951171875,208.63999938964844,5277405.0
2024-07-03,208.5,209.80999755859375,203.0,203.41000366210938,4183969.0
2024-07-04,203.41000366210938,205.60000610351562,199.5,201.35000610351562,4728424.0
2024-07-05,201.35000610351562,201.35000610351562,201.35000610351562,201.35000610351562,0.0
2024-07-08,192.8800048828125,194.36000061035156,188.8800048828125,190.0,5022212.0
2024-07-09,189.02000427246094,190.97999572753906,184.22999572753906,189.8000030517578,9916669.0
2024-07-10,187.91000366210938,195.6699981689453,186.66000366210938,191.27999877929688,6505842.0
2024-07-11,193.64999389648438,198.55999755859375,190.50999450683594,193.19000244140625,7674613.0
2024-07-12,194.9600067138672,198.64999389648438,192.35000610351562,197.22000122070312,7312743.0
2024-07-15,197.10000610351562,199.47999572753906,194.49000549316406,195.89999389648438,4741240.0
2024-07-16,194.99000549316406,196.1999969482422,192.0399932861328,193.17999267578125,5032406.0
2024-07-17,193.0,199.61000061035156,190.6999969482422,199.39999389648438,6699747.0
2024-07-18,198.5,204.3000030517578,198.0,200.3000030517578,6120721.0
2024-07-19,199.1999969482422,204.66000366210938,196.8300018310547,204.00999450683594,6948426.0
2024-07-22,204.08999633789062,204.08999633789062,196.3000030517578,197.0,6725319.0
2024-07-23,197.0,197.58999633789062,185.2899932861328,185.2899932861328,8416794.0
2024-07-24,184.99000549316406,186.5500030517578,180.00999450683594,181.0,7315197.0
2024-07-25,181.00999450683594,184.4499969482422,179.66000366210938,181.47000122070312,5810353.0
2024-07-26,181.7899932861328,183.6999969482422,179.27000427246094,182.35000610351562,4407368.0
2024-07-29,180.22999572753906,182.99000549316406,178.00999450683594,178.64999389648438,5495480.0
2024-07-30,176.99000549316406,180.7899932861328,173.1999969482422,180.75999450683594,7757907.0
2024-07-31,180.13999938964844,188.0,180.10000610351562,184.3300018310547,8885224.0
2024-08-01,184.25,184.3000030517578,177.0,178.22999572753906,6623563.0
2024-08-02,177.0,179.99000549316406,176.02999877929688,177.0,3543914.0
2024-08-05,177.1999969482422,186.02000427246094,176.38999938964844,183.4199981689453,9016521.0
2024-08-06,183.58999633789062,186.39999389648438,182.00999450683594,185.0,6294012.0
2024-08-07,184.94000244140625,191.97000122070312,183.3800048828125,191.0,7818438.0
2024-08-08,189.89999389648438,200.5500030517578,189.3000030517578,194.89999389648438,8102980.0
2024-08-09,195.8000030517578,198.17999267578125,192.5,193.5,4814544.0
2024-08-12,191.6699981689453,193.47000122070312,189.6199951171875,191.2899932861328,3454374.0
2024-08-13,191.6300048828125,191.66000366210938,187.4499969482422,188.8800048828125,3345543.0
2024-08-14,188.8000030517578,188.97999572753906,183.39999389648438,185.5500030517578,4767631.0
2024-08-15,184.5500030517578,188.5800018310547,184.0,185.30999755859375,4344062.0
2024-08-16,185.1999969482422,185.1999969482422,181.75,183.8000030517578,3408443.0
2024-08-19,184.0,189.07000732421875,183.55999755859375,184.02999877929688,3874430.0
2024-08-20,184.0,184.0,180.7100067138672,182.1699981689453,3685573.0
2024-08-21,181.1999969482422,183.32000732421875,180.6999969482422,180.80999755859375,2892915.0
2024-08-22,180.72000122070312,181.6999969482422,177.3000030517578,178.6699981689453,4229134.0
2024-08-23,178.6999969482422,180.7100067138672,176.8699951171875,177.77999877929688,3155632.0
2024-08-26,178.0,179.5,174.3000030517578,175.7100067138672,3683494.0
2024-08-27,175.02999877929688,177.89999389648438,172.19000244140625,175.74000549316406,4251053.0
2024-08-28,166.5500030517578,168.0,158.17999267578125,165.60000610351562,17357135.0
2024-08-29,162.0,168.38999938964844,161.25,166.60000610351562,9353296.0
2024-08-30,166.0,179.99000549316406,164.4600067138672,176.8300018310547,10624361.0
2024-09-02,175.0,175.0,167.44000244140625,167.44000244140625,6913379.0
2024-09-03,167.42999267578125,170.8800048828125,167.05999755859375,169.64999389648438,3734712.0
2024-09-04,169.3000030517578,171.9199981689453,167.47000122070312,167.58999633789062,2960965.0
2024-09-05,167.58999633789062,168.77999877929688,166.3000030517578,168.1999969482422,2896186.0
2024-09-06,167.6199951171875,168.1999969482422,163.8000030517578,163.99000549316406,2502380.0
2024-09-09,162.60000610351562,164.5,159.57000732421875,159.91000366210938,4323305.0
2024-09-10,159.60000610351562,163.6999969482422,158.82000732421875,159.64999389648438,5036091.0
2024-09-11,159.66000366210938,161.0,157.14999389648438,159.89999389648438,3436616.0
2024-09-12,159.5,160.1300048828125,154.11000061035156,154.14999389648438,6820545.0
2024-09-13,153.0,154.4499969482422,149.6999969482422,150.1999969482422,8197508.0
2024-09-18,149.6999969482422,151.38999938964844,147.3000030517578,147.7899932861328,5763630.0
2024-09-19,148.14999389648438,158.0500030517578,147.00999450683594,153.13999938964844,10940008.0
2024-09-20,151.89999389648438,155.0,151.13999938964844,154.22999572753906,6348425.0
2024-09-23,154.41000366210938,160.55999755859375,154.41000366210938,154.47999572753906,6465506.0
2024-09-24,157.8000030517578,165.0500030517578,154.22999572753906,165.0500030517578,13230985.0
2024-09-25,168.35000610351562,170.47999572753906,163.88999938964844,164.4499969482422,12227276.0
2024-09-26,164.6300048828125,180.89999389648438,164.0,180.89999389648438,14603265.0
2024-09-27,192.0,198.99000549316406,190.00999450683594,198.99000549316406,14390540.0
2024-09-30,216.00999450683594,218.88999938964844,208.02000427246094,218.88999938964844,17966080.0
2024-10-08,240.77999877929688,240.77999877929688,219.39999389648438,230.8000030517578,25087917.0
2024-10-09,225.0,225.0,207.72000122070312,207.72000122070312,20098081.0
2024-10-10,208.05999755859375,216.3800048828125,203.30999755859375,209.35000610351562,13962904.0
2024-10-11,208.5,208.5,196.55999755859375,199.36000061035156,10349842.0
2024-10-14,199.4499969482422,204.33999633789062,193.6999969482422,202.14999389648438,9538377.0
2024-10-15,202.0,202.0,192.35000610351562,192.80999755859375,7144841.0
2024-10-16,190.0,195.5,189.0,190.5,6278650.0
2024-10-17,191.6699981689453,192.0,183.89999389648438,184.19000244140625,7287555.0
2024-10-18,182.5,195.00999450683594,181.3699951171875,191.02999877929688,12052248.0
2024-10-21,190.8000030517578,195.75,189.0,193.13999938964844,8565111.0
2024-10-22,192.39999389648438,196.9499969482422,191.3000030517578,196.0,8171216.0
2024-10-23,196.0,203.0,194.17999267578125,199.02000427246094,8464771.0
2024-10-24,196.0,197.89999389648438,192.27999877929688,192.75,4864979.0
2024-10-25,192.4600067138672,197.4499969482422,191.5,195.0,5125128.0
2024-10-28,198.5,205.0,194.22999572753906,204.47000122070312,11295439.0
2024-10-29,201.1199951171875,209.8800048828125,201.1199951171875,203.33999633789062,7452331.0
2024-10-30,200.97000122070312,204.1999969482422,195.60000610351562,197.10000610351562,6304855.0
2024-10-31,199.0,203.0,197.08999633789062,200.89999389648438,6524926.0
2024-11-01,201.5500030517578,210.97999572753906,199.61000061035156,208.75999450683594,10888328.0
2024-11-04,208.75999450683594,211.8000030517578,205.5,209.89999389648438,6799050.0
2024-11-05,206.9199981689453,218.6999969482422,205.67999267578125,217.7899932861328,9649216.0
2024-11-06,218.3000030517578,219.41000366210938,211.0,213.86000061035156,7147422.0
2024-11-07,212.60000610351562,234.0,212.39999389648438,233.39999389648438,13236348.0
2024-11-08,235.39999389648438,237.0,224.60000610351562,226.10000610351562,11266938.0
2024-11-11,220.35000610351562,226.5800018310547,216.60000610351562,226.0,8628390.0
2024-11-12,227.0,230.39999389648438,221.1999969482422,222.0,6643503.0
2024-11-13,218.55999755859375,224.5500030517578,218.0,223.02999877929688,3889214.0
2024-11-14,220.64999389648438,225.88999938964844,220.08999633789062,221.2100067138672,4962614.0
2024-11-15,220.02000427246094,222.8300018310547,216.10000610351562,216.82000732421875,6672259.0
2024-11-18,215.0,219.0,211.60000610351562,212.9199981689453,5697259.0
2024-11-19,215.0,215.97000122070312,202.61000061035156,209.07000732421875,9190593.0
2024-11-20,208.5500030517578,212.39999389648438,206.41000366210938,210.0,4229495.0
2024-11-21,210.0,212.1999969482422,206.67999267578125,208.47999572753906,4548538.0
2024-11-22,208.5,209.4199981689453,199.13999938964844,199.39999389648438,6862533.0
2024-11-25,201.3800048828125,203.57000732421875,195.3000030517578,197.74000549316406,5608375.0
2024-11-26,197.0,202.8000030517578,196.3000030517578,201.0,5377687.0
2024-11-27,200.3000030517578,204.86000061035156,198.8800048828125,202.39999389648438,4717322.0
2024-11-28,202.7899932861328,203.44000244140625,199.3000030517578,200.72999572753906,3737182.0
2024-11-29,202.0,208.77000427246094,201.0,203.69000244140625,5723933.0
2024-12-02,201.00999450683594,205.1999969482422,200.02000427246094,201.47000122070312,6615513.0
2024-12-03,201.60000610351562,201.88999938964844,198.00999450683594,200.16000366210938,5083805.0
2024-12-04,200.8699951171875,201.99000549316406,197.72999572753906,199.6300048828125,4502664.0
2024-12-05,198.77999877929688,199.5,197.0800018310547,198.77000427246094,2932959.0
2024-12-06,198.77999877929688,202.89999389648438,197.6999969482422,200.00999450683594,5096173.0
2024-12-09,200.0,203.0,198.0800018310547,200.47999572753906,5323531.0
2024-12-10,210.97000122070312,214.27000427246094,203.8000030517578,205.02000427246094,14142232.0
2024-12-11,203.8000030517578,208.77000427246094,203.5,204.8800048828125,5703127.0
2024-12-12,203.0,210.0,202.66000366210938,209.97999572753906,9368269.0
2024-12-13,207.0,207.67999267578125,199.33999633789062,199.44000244140625,11023728.0
2024-12-16,199.0,200.0,193.85000610351562,194.88999938964844,7611856.0
2024-12-17,195.0,197.5,193.22999572753906,195.3300018310547,4656757.0
2024-12-18,195.50999450683594,197.4600067138672,194.3800048828125,195.2100067138672,3730790.0
2024-12-19,193.97999572753906,195.22999572753906,191.60000610351562,193.22999572753906,4867819.0
2024-12-20,193.22999572753906,194.7899932861328,191.9600067138672,192.5,3889687.0
2024-12-23,192.8800048828125,193.39999389648438,188.02000427246094,188.39999389648438,6283796.0
2024-12-24,188.41000366210938,190.49000549316406,187.50999450683594,189.52000427246094,5100486.0
2024-12-25,189.99000549316406,190.5500030517578,187.39999389648438,188.8800048828125,4871072.0
2024-12-26,188.8800048828125,190.1999969482422,187.39999389648438,188.92999267578125,3017867.0
2024-12-27,188.66000366210938,189.8000030517578,187.0800018310547,187.7899932861328,4470833.0
2024-12-30,188.0,188.8300018310547,185.4499969482422,185.92999267578125,4782046.0
2024-12-31,185.5,188.0,184.10000610351562,184.2100067138672,6155368.0
2025-01-02,183.25,184.0,177.0,177.97999572753906,8925701.0
2025-01-03,178.0,180.5800018310547,177.0,178.0,5672356.0
2025-01-06,176.08999633789062,177.6999969482422,172.5,174.1999969482422,6979537.0
2025-01-07,174.2100067138672,176.17999267578125,172.55999755859375,173.94000244140625,3730528.0
2025-01-08,173.97000122070312,174.99000549316406,170.10000610351562,171.57000732421875,4809466.0
2025-01-09,171.5800018310547,176.14999389648438,170.08999633789062,173.11000061035156,5151160.0
2025-01-10,173.0,174.07000732421875,170.67999267578125,171.38999938964844,4146021.0
2025-01-13,170.72999572753906,174.66000366210938,170.2100067138672,173.55999755859375,5859448.0
2025-01-14,174.0,180.99000549316406,173.58999633789062,180.86000061035156,7697159.0
2025-01-15,180.0500030517578,181.5,177.41000366210938,180.25,4151015.0
2025-01-16,180.8000030517578,182.5,177.0,178.3000030517578,3874002.0
2025-01-17,177.8800048828125,181.92999267578125,177.8800048828125,178.55999755859375,4899429.0
2025-01-20,180.22000122070312,184.97999572753906,180.22000122070312,182.3000030517578,6512992.0
2025-01-21,183.0,183.14999389648438,178.94000244140625,179.8000030517578,3977100.0
2025-01-22,179.07000732421875,179.25,174.86000061035156,176.4199981689453,4093084.0
2025-01-23,178.0,180.47000122070312,176.02000427246094,177.0800018310547,4817720.0
2025-01-24,173.33999633789062,175.7899932861328,172.8000030517578,173.75999450683594,4011628.0
2025-01-27,173.8000030517578,174.8300018310547,171.39999389648438,172.0,4327140.0
2025-02-05,172.0,173.99000549316406,168.89999389648438,169.75,4189341.0
2025-02-06,169.75,172.8800048828125,169.3300018310547,171.42999267578125,4009653.0
2025-02-07,171.4499969482422,175.1699981689453,169.22000122070312,173.99000549316406,6095745.0
2025-02-10,174.5,176.9199981689453,172.83999633789062,176.38999938964844,5506803.0
2025-02-11,176.38999938964844,178.1999969482422,174.72999572753906,175.0,4137082.0
2025-02-12,175.0,180.5,174.47000122070312,180.25999450683594,5835271.0
2025-02-13,181.0,194.0500030517578,180.27000427246094,192.42999267578125,16467088.0
2025-02-14,189.97999572753906,192.89999389648438,187.1699981689453,190.1199951171875,7136222.0
2025-02-17,188.1999969482422,194.60000610351562,188.1999969482422,192.97999572753906,7466242.0
2025-02-18,192.5,193.5,187.05999755859375,188.35000610351562,5776685.0
2025-02-19,187.57000732421875,189.9600067138672,186.1999969482422,189.77000427246094,4660059.0
2025-02-20,189.16000366210938,192.39999389648438,188.0800018310547,190.64999389648438,5026836.0
2025-02-21,190.60000610351562,194.38999938964844,189.10000610351562,193.25999450683594,5968244.0
2025-02-24,192.1999969482422,201.97000122070312,192.0,198.91000366210938,10174325.0
2025-02-25,197.0500030517578,198.5,193.1999969482422,194.10000610351562,4615374.0
2025-02-26,194.39999389648438,199.5800018310547,193.6999969482422,199.24000549316406,6175909.0
2025-02-27,198.74000549316406,207.9600067138672,198.0,204.6999969482422,11774333.0
2025-02-28,204.0,209.89999389648438,203.24000549316406,203.67999267578125,8764622.0
2025-03-03,203.67999267578125,206.6699981689453,195.8800048828125,196.97000122070312,7347368.0
2025-03-04,195.60000610351562,196.97999572753906,192.39999389648438,195.88999938964844,3954500.0
2025-03-05,195.88999938964844,198.49000549316406,193.52999877929688,196.61000061035156,3758150.0
2025-03-06,196.77000427246094,201.3800048828125,196.6999969482422,200.8800048828125,5677428.0
2025-03-07,200.5,206.64999389648438,198.5,205.47000122070312,6049195.0
2025-03-10,205.39999389648438,207.0,203.0,206.00999450683594,4093416.0
2025-03-11,204.86000061035156,217.0,203.85000610351562,217.0,10256605.0
2025-03-12,217.0,219.72000122070312,212.3300018310547,214.10000610351562,6364405.0
2025-03-13,214.10000610351562,219.97999572753906,213.50999450683594,215.89999389648438,5543708.0
2025-03-14,217.38999938964844,226.02000427246094,215.77000427246094,222.85000610351562,11502852.0
2025-03-17,227.3000030517578,228.92999267578125,219.10000610351562,228.92999267578125,12189774.0
2025-03-18,228.0,228.8300018310547,221.7100067138672,224.80999755859375,7195087.0
2025-03-19,222.6999969482422,227.33999633789062,221.1999969482422,222.22000122070312,5211866.0
2025-03-20,221.8800048828125,222.1999969482422,216.11000061035156,218.55999755859375,6660313.0
2025-03-21,218.0,219.99000549316406,214.3000030517578,217.0,5298088.0
2025-03-24,212.66000366210938,214.5,208.69000244140625,213.1999969482422,7893777.0
2025-03-25,213.1999969482422,213.8800048828125,208.5,212.47999572753906,4471000.0
2025-03-26,212.97000122070312,218.0,212.47000122070312,212.83999633789062,4410124.0
2025-03-27,212.5,219.5,210.08999633789062,217.6699981689453,4297431.0
2025-03-28,217.9199981689453,218.64999389648438,214.52999877929688,217.2100067138672,3651138.0
2025-03-31,217.22000122070312,217.8800048828125,210.5,214.27999877929688,3933292.0
2025-04-01,214.19000244140625,215.75999450683594,212.07000732421875,212.42999267578125,2215756.0
2025-04-02,211.49000549316406,214.10000610351562,211.0500030517578,212.8000030517578,2065841.0
2025-04-03,210.0,219.8000030517578,210.0,218.14999389648438,5398164.0
2025-04-07,210.0,217.0,205.5399932861328,216.5,9447972.0
2025-04-08,215.0,216.5,208.0399932861328,216.5,8942826.0
2025-04-09,213.0,222.6300048828125,212.3000030517578,222.6300048828125,7465442.0
2025-04-10,222.0,222.00999450683594,216.57000732421875,222.0,5887185.0
2025-04-11,222.0,223.92999267578125,216.0,220.99000549316406,5192434.0
2025-04-14,219.0,222.75999450683594,214.0,215.6999969482422,5142388.0
2025-04-15,214.02000427246094,215.75,213.1999969482422,215.36000061035156,3904650.0
2025-04-16,214.39999389648438,218.52999877929688,213.16000366210938,218.22000122070312,3864882.0
2025-04-17,216.8800048828125,223.89999389648438,215.38999938964844,223.89999389648438,6130631.0
2025-04-18,222.72000122070312,223.33999633789062,219.0,220.08999633789062,3638384.0
2025-04-21,219.19000244140625,220.08999633789062,213.50999450683594,214.88999938964844,5518189.0
2025-04-22,213.3000030517578,220.5800018310547,213.22999572753906,217.9499969482422,5531199.0
2025-04-23,220.0,220.0,214.00999450683594,214.75999450683594,4520318.0
2025-04-24,216.27000427246094,216.27000427246094,213.14999389648438,213.6999969482422,4302656.0
2025-04-25,213.89999389648438,215.97000122070312,210.6999969482422,211.14999389648438,4733899.0
2025-04-28,211.17999267578125,212.47999572753906,209.5,209.50999450683594,3738397.0
2025-04-29,209.02000427246094,211.0,202.6999969482422,202.99000549316406,7177602.0
2025-04-30,202.99000549316406,204.89999389648438,200.10000610351562,204.10000610351562,4292153.0
2025-05-06,206.60000610351562,206.60000610351562,202.60000610351562,204.33999633789062,4258506.0
2025-05-07,208.4199981689453,208.5800018310547,203.36000061035156,204.27000427246094,3773598.0
2025-05-08,203.08999633789062,207.27000427246094,201.1999969482422,204.24000549316406,3300592.0
2025-05-09,203.5,204.60000610351562,202.50999450683594,203.32000732421875,2432493.0
2025-05-12,205.22999572753906,207.25,203.08999633789062,206.05999755859375,3641030.0
2025-05-13,206.1699981689453,207.1300048828125,204.86000061035156,205.41000366210938,2161158.0
2025-05-14,205.0500030517578,214.2899932861328,203.6199951171875,210.6999969482422,6794218.0
2025-05-15,209.9199981689453,212.27999877929688,209.5,209.5,3401382.0
2025-05-16,209.0,209.74000549316406,204.69000244140625,205.0,3150929.0
2025-05-19,200.1199951171875,203.0,199.02000427246094,200.10000610351562,5678738.0
2025-05-20,199.66000366210938,201.39999389648438,198.5,198.5,4748632.0
2025-05-21,198.22999572753906,199.1300048828125,195.83999633789062,196.55999755859375,4408902.0
2025-05-22,195.83999633789062,196.80999755859375,192.9499969482422,193.00999450683594,4715238.0
2025-05-23,193.24000549316406,193.8699951171875,191.3699951171875,192.0,5273706.0
2025-05-26,191.22999572753906,193.14999389648438,187.8000030517578,188.32000732421875,4856888.0
2025-05-27,188.3300018310547,190.5,188.02999877929688,188.39999389648438,4807872.0
2025-05-28,188.41000366210938,189.85000610351562,185.89999389648438,188.0,5003484.0
2025-05-29,188.02000427246094,191.02000427246094,187.1199951171875,187.77999877929688,5558710.0
2025-05-30,187.7899932861328,188.10000610351562,184.10000610351562,184.3000030517578,5387915.0
2025-06-03,181.97000122070312,182.83999633789062,180.5,181.10000610351562,6254227.0
2025-06-04,181.0,182.22999572753906,178.5,179.17999267578125,7427129.0
2025-06-05,179.17999267578125,183.5,179.17999267578125,182.8800048828125,7752974.0
2025-06-06,182.0399932861328,185.5,181.2100067138672,181.61000061035156,5312271.0
2025-06-09,181.60000610351562,181.89999389648438,176.8000030517578,177.86000061035156,9606788.0
2025-06-10,177.86000061035156,177.86000061035156,175.0,176.82000732421875,8428810.0
2025-06-11,176.02000427246094,178.83999633789062,176.02000427246094,177.10000610351562,6729432.0
2025-06-12,176.88999938964844,177.0,173.60000610351562,173.85000610351562,8391849.0
2025-06-13,173.3300018310547,173.82000732421875,170.30999755859375,171.10000610351562,7700669.0
2025-06-16,170.0,173.10000610351562,168.3000030517578,172.22000122070312,10297429.0
2025-06-17,171.99000549316406,176.72999572753906,171.74000549316406,174.75,8552510.0
2025-06-18,178.0,179.32000732421875,176.69000244140625,177.4499969482422,10858191.0
2025-06-19,176.5800018310547,179.8000030517578,175.6999969482422,176.60000610351562,5943645.0
2025-06-20,176.60000610351562,185.0,176.60000610351562,183.44000244140625,12034574.0
2025-06-23,180.39999389648438,181.5,177.0,177.7100067138672,8725674.0
2025-06-24,177.6699981689453,181.3699951171875,177.60000610351562,179.38999938964844,6546033.0
2025-06-25,179.38999938964844,180.0,176.27000427246094,178.8000030517578,8107938.0
2025-06-26,178.2899932861328,180.63999938964844,176.77999877929688,179.64999389648438,5977023.0
2025-06-27,178.64999389648438,179.14999389648438,176.4600067138672,176.4600067138672,5481561.0
2025-06-30,176.0,178.02999877929688,175.0,176.38999938964844,6469920.0
2025-07-01,176.0,176.0,173.5,174.4199981689453,5632140.0
2025-07-02,174.39999389648438,177.6699981689453,174.00999450683594,175.6199951171875,6562099.0
2025-07-03,175.60000610351562,177.39999389648438,174.6199951171875,175.6199951171875,5697299.0
2025-07-04,175.0,177.16000366210938,174.5,175.6999969482422,5983244.0
2025-07-07,173.10000610351562,173.49000549316406,171.83999633789062,172.49000549316406,4431606.0
2025-07-08,172.49000549316406,176.36000061035156,172.2100067138672,175.89999389648438,6331739.0
2025-07-09,175.99000549316406,183.1999969482422,175.39999389648438,178.27999877929688,11104664.0
2025-07-10,177.35000610351562,179.7100067138672,176.49000549316406,178.5399932861328,7152958.0
2025-07-11,178.5500030517578,180.8800048828125,177.2100067138672,177.49000549316406,8821759.0
2025-07-14,177.49000549316406,179.33999633789062,175.5,177.97000122070312,5334937.0
2025-07-15,177.0,177.86000061035156,173.5,174.41000366210938,7855288.0
2025-07-16,174.39999389648438,177.75,174.02999877929688,175.61000061035156,6615406.0
2025-07-17,175.0,176.5,174.39999389648438,176.07000732421875,4965608.0
2025-07-18,175.85000610351562,181.8800048828125,175.85000610351562,181.10000610351562,17014574.0
2025-07-21,180.0,180.8000030517578,178.22000122070312,180.2899932861328,9277184.0
2025-07-22,180.0,192.25999450683594,180.0,190.77999877929688,18283269.0
2025-07-23,189.75,193.0,188.8000030517578,189.7100067138672,11642005.0
2025-07-24,188.35000610351562,191.47999572753906,188.35000610351562,190.4600067138672,6423260.0
2025-07-25,190.44000244140625,190.5,184.83999633789062,185.5800018310547,8607118.0
2025-07-28,184.97999572753906,184.97999572753906,181.69000244140625,183.36000061035156,9247646.0
2025-07-29,182.75999450683594,183.8000030517578,181.8000030517578,183.02999877929688,6294914.0
2025-07-30,183.91000366210938,186.75999450683594,182.82000732421875,185.10000610351562,8643430.0
2025-07-31,183.50999450683594,184.17999267578125,178.39999389648438,179.0,11558812.0
2025-08-01,178.8000030517578,179.8000030517578,178.02000427246094,178.91000366210938,5254878.0
2025-08-04,178.50999450683594,178.7899932861328,176.66000366210938,178.1999969482422,4986493.0
2025-08-05,178.22000122070312,181.50999450683594,178.22000122070312,181.2899932861328,6600223.0
2025-08-06,182.0,182.88999938964844,180.13999938964844,182.10000610351562,4759176.0
2025-08-07,181.11000061035156,183.19000244140625,181.0500030517578,181.41000366210938,4131484.0
2025-08-08,181.19000244140625,181.8800048828125,179.00999450683594,179.1300048828125,4495562.0
2025-08-11,179.1300048828125,187.5800018310547,179.1300048828125,186.6199951171875,12632195.0
2025-08-12,186.22999572753906,192.0,185.72999572753906,186.8000030517578,11393099.0
2025-08-13,186.0,189.4199981689453,185.5,188.0800018310547,6765342.0
2025-08-14,186.89999389648438,190.8800048828125,186.77999877929688,187.33999633789062,6501400.0
2025-08-15,187.0,190.0,184.60000610351562,188.5800018310547,6398007.0
2025-08-18,188.5800018310547,192.0,188.5800018310547,189.7899932861328,9048102.0
2025-08-19,190.08999633789062,195.85000610351562,190.08999633789062,193.72999572753906,13001498.0
2025-08-20,192.0,198.97999572753906,191.89999389648438,196.99000549316406,12133673.0
2025-08-21,197.2899932861328,197.58999633789062,194.0,194.41000366210938,6515494.0
2025-08-22,194.38999938964844,196.88999938964844,193.38999938964844,196.5399932861328,6298085.0
2025-08-25,196.5399932861328,207.0,196.5399932861328,205.67999267578125,11445127.0
2025-08-26,203.6300048828125,208.0,202.9600067138672,207.89999389648438,7914437.0
2025-08-27,205.8300018310547,205.8300018310547,198.8800048828125,198.94000244140625,11407133.0
2025-08-28,197.9600067138672,200.5,194.9499969482422,197.61000061035156,7770511.0
2025-08-29,197.61000061035156,203.91000366210938,197.61000061035156,202.02000427246094,8642005.0
2025-09-01,200.57000732421875,201.07000732421875,198.10000610351562,200.60000610351562,8922240.0
2025-09-02,200.67999267578125,204.0,199.3000030517578,200.13999938964844,6896764.0
2025-09-03,201.0,204.25999450683594,197.5,198.61000061035156,5868434.0
2025-09-04,197.4499969482422,198.3699951171875,194.9199981689453,197.25999450683594,5827441.0
2025-09-05,197.25999450683594,200.60000610351562,195.8000030517578,200.02999877929688,4692650.0
2025-09-08,199.85000610351562,204.85000610351562,198.8800048828125,203.97000122070312,7318781.0
2025-09-09,203.97999572753906,205.89999389648438,201.91000366210938,205.7899932861328,5008175.0
2025-09-10,205.7899932861328,210.83999633789062,203.5,205.9199981689453,8036781.0
2025-09-11,205.05999755859375,208.69000244140625,204.0,207.89999389648438,5196015.0
2025-09-12,208.1699981689453,212.5,205.64999389648438,206.25999450683594,5117462.0
2025-09-15,206.5,210.2899932861328,204.25999450683594,207.85000610351562,4230060.0
2025-09-16,208.0399932861328,208.8800048828125,205.8000030517578,208.38999938964844,4805763.0
2025-09-17,207.1999969482422,208.27999877929688,203.0,204.4499969482422,5620479.0
2025-09-18,204.1999969482422,204.1999969482422,199.67999267578125,201.0,6188703.0
2025-09-19,199.8000030517578,200.88999938964844,196.6300048828125,200.0,5961168.0
2025-09-22,196.9499969482422,198.97999572753906,193.60000610351562,196.0,6270678.0
2025-09-23,195.0,196.0,191.0,193.80999755859375,6346360.0
2025-09-24,193.3000030517578,196.75,193.3000030517578,194.61000061035156,4192688.0
2025-09-25,194.61000061035156,195.5,192.0,192.39999389648438,4258230.0
2025-09-26,192.1999969482422,194.0,189.10000610351562,191.16000366210938,6037880.0
2025-09-29,190.8300018310547,196.39999389648438,189.3699951171875,194.5500030517578,6633799.0
2025-09-30,194.00999450683594,195.5,192.3300018310547,194.00999450683594,5320299.0
2025-10-09,193.97999572753906,193.97999572753906,186.02999877929688,190.38999938964844,7419033.0
2025-10-10,189.6699981689453,191.0,187.52999877929688,188.6999969482422,5190629.0
2025-10-13,186.60000610351562,188.6999969482422,186.02999877929688,186.99000549316406,4387962.0
2025-10-14,187.5,192.92999267578125,186.69000244140625,191.8300018310547,6918591.0
2025-10-15,191.50999450683594,193.92999267578125,189.9499969482422,193.25,4723372.0
2025-10-16,192.0500030517578,199.8300018310547,192.0500030517578,198.8000030517578,6240728.0
2025-10-17,198.0,199.97999572753906,195.52000427246094,195.89999389648438,4655937.0
2025-10-20,195.91000366210938,197.1999969482422,190.8000030517578,191.57000732421875,5140344.0
2025-10-21,190.80999755859375,192.5500030517578,189.5,189.72000122070312,4694417.0
2025-10-22,189.8800048828125,192.75999450683594,188.0500030517578,188.30999755859375,3669382.0
2025-10-23,187.8000030517578,189.6199951171875,186.0,189.5,3907234.0
2025-10-24,189.4199981689453,190.5800018310547,184.0,184.3800048828125,6815455.0
2025-10-27,184.0,185.66000366210938,181.88999938964844,184.85000610351562,4924928.0
2025-10-28,184.86000061035156,190.99000549316406,184.8000030517578,187.2899932861328,7202569.0
2025-10-29,187.2899932861328,187.91000366210938,184.6199951171875,186.57000732421875,3614459.0
2025-10-30,185.0,191.57000732421875,185.0,188.00999450683594,6822213.0
2025-10-31,188.89999389648438,195.8000030517578,188.5,190.5,9372074.0
2025-11-03,189.8800048828125,193.8800048828125,189.3000030517578,193.10000610351562,6114776.0
2025-11-04,192.69000244140625,192.69000244140625,187.5,188.89999389648438,4332528.0
2025-11-05,187.5800018310547,191.16000366210938,186.02000427246094,188.3800048828125,3890834.0
2025-11-06,188.38999938964844,191.44000244140625,187.5,187.99000549316406,3178040.0
2025-11-07,187.97999572753906,189.4600067138672,186.8000030517578,187.10000610351562,3070554.0
2025-11-10,187.10000610351562,201.3000030517578,186.3000030517578,198.99000549316406,12929414.0
2025-11-11,197.5,200.99000549316406,195.57000732421875,199.55999755859375,6816520.0
2025-11-12,200.02999877929688,202.25999450683594,197.92999267578125,198.52000427246094,4834173.0
2025-11-13,197.8800048828125,202.8800048828125,197.0,201.0,5292505.0
2025-11-14,201.0,202.5500030517578,196.0,196.5800018310547,4536651.0
2025-11-17,196.60000610351562,203.5800018310547,194.38999938964844,198.99000549316406,7049297.0
2025-11-18,199.0,202.0,196.05999755859375,196.91000366210938,5437636.0
2025-11-19,196.49000549316406,197.4600067138672,194.1999969482422,195.2899932861328,2927036.0
2025-11-20,195.1999969482422,196.57000732421875,193.0,193.39999389648438,3485605.0
2025-11-21,194.0,196.49000549316406,189.30999755859375,193.0,6037102.0
2025-11-24,191.05999755859375,195.0,191.05999755859375,192.39999389648438,3889291.0
2025-11-25,193.5,193.50999450683594,189.4199981689453,192.99000549316406,3645235.0
2025-11-26,193.0,193.99000549316406,191.60000610351562,193.3000030517578,2536497.0
2025-11-27,193.3300018310547,197.0,191.6999969482422,195.5,4591255.0
2025-11-28,194.52999877929688,195.5,193.38999938964844,194.3000030517578,2736935.0
2025-12-01,193.52000427246094,195.3000030517578,192.3699951171875,193.77999877929688,3361910.0
2025-12-02,193.8000030517578,196.97000122070312,192.02000427246094,192.16000366210938,4055232.0
2025-12-03,192.41000366210938,192.58999633789062,186.69000244140625,187.60000610351562,5566963.0
2025-12-04,187.49000549316406,188.0,180.0,181.17999267578125,9240430.0
2025-12-05,181.0,182.1199951171875,179.47999572753906,182.0500030517578,4098141.0
2025-12-08,181.97000122070312,182.3000030517578,180.0,180.14999389648438,4746309.0
2025-12-09,180.74000549316406,180.8800048828125,177.60000610351562,179.27999877929688,4594301.0
2025-12-10,178.6999969482422,180.0,176.52000427246094,179.80999755859375,3362674.0
2025-12-11,179.5,180.5500030517578,177.1999969482422,179.1300048828125,3438378.0
2025-12-12,179.5,181.75,178.14999389648438,180.10000610351562,6547402.0
2025-12-15,182.0,183.25999450683594,179.0,179.55999755859375,5736540.0
2025-12-16,179.0,179.77000427246094,177.3699951171875,177.77000427246094,3180849.0
2025-12-17,177.77999877929688,178.99000549316406,175.52999877929688,177.6699981689453,3909080.0
2025-12-18,178.00999450683594,178.66000366210938,176.88999938964844,177.11000061035156,2440788.0
2025-12-19,177.14999389648438,179.10000610351562,176.3699951171875,178.60000610351562,3414429.0
2025-12-22,178.3000030517578,180.17999267578125,177.5,178.14999389648438,3289062.0
2025-12-23,178.14999389648438,178.50999450683594,176.60000610351562,177.3000030517578,2595939.0
2025-12-24,177.0,177.3000030517578,175.24000549316406,175.60000610351562,3869889.0
2025-12-25,175.9499969482422,179.0,175.9499969482422,178.6699981689453,4320687.0
2025-12-26,178.0,178.47999572753906,176.67999267578125,177.6999969482422,2887360.0
2025-12-29,176.82000732421875,177.16000366210938,174.39999389648438,175.0,5076665.0
2025-12-30,175.00999450683594,175.55999755859375,172.69000244140625,173.0500030517578,4220714.0
2025-12-31,172.5800018310547,173.86000061035156,171.16000366210938,171.6999969482422,3645542.0
2026-01-05,171.5800018310547,177.9199981689453,171.5800018310547,176.99000549316406,7126836.0
2026-01-06,177.5,179.22000122070312,175.3000030517578,179.08999633789062,5194302.0
2026-01-07,179.0,180.5,176.8000030517578,177.49000549316406,4460157.0
2026-01-08,176.77000427246094,177.47000122070312,175.02000427246094,176.5,4801856.0
2026-01-09,179.3699951171875,179.60000610351562,175.35000610351562,176.5500030517578,4365984.0
2026-01-12,176.6199951171875,181.22999572753906,176.10000610351562,179.8300018310547,7225253.0
2026-01-13,180.00999450683594,180.47000122070312,176.5,176.97999572753906,5392972.0
2026-01-14,176.83999633789062,178.52999877929688,174.10000610351562,175.47999572753906,7717100.0
2026-01-15,174.42999267578125,175.8000030517578,172.22999572753906,174.27999877929688,6253032.0
2026-01-16,174.27999877929688,174.5,171.5800018310547,172.3699951171875,6086600.0
2026-01-19,172.0,172.14999389648438,168.0,169.36000061035156,8762294.0
2026-01-20,169.39999389648438,172.19000244140625,169.0,170.99000549316406,6559403.0
2026-01-21,171.0,171.0,166.60000610351562,166.99000549316406,8385983.0
2026-01-22,166.97999572753906,168.3699951171875,166.0,166.6300048828125,6262348.0
2026-01-23,167.0,167.1999969482422,164.47999572753906,164.75999450683594,8029280.0
2026-01-26,164.6999969482422,165.88999938964844,160.69000244140625,164.3800048828125,11273032.0
2026-01-27,164.97000122070312,164.97000122070312,161.07000732421875,161.25999450683594,7539711.0
2026-01-28,160.89999389648438,162.60000610351562,160.14999389648438,161.2899932861328,7776847.0
2026-01-29,161.6999969482422,177.4199981689453,161.2899932861328,177.4199981689453,24371174.0
2026-01-30,176.91000366210938,176.91000366210938,170.3300018310547,171.00999450683594,15579542.0
2026-02-02,171.1999969482422,180.97999572753906,171.1999969482422,173.5,13639201.0
2026-02-03,171.5,177.0,171.5,174.35000610351562,7635608.0
2026-02-04,173.72000122070312,182.72000122070312,172.61000061035156,180.5800018310547,14918661.0
2026-02-05,180.0500030517578,183.97000122070312,178.61000061035156,180.2100067138672,9669024.0
2026-02-06,179.5500030517578,181.97999572753906,174.14999389648438,175.10000610351562,8652305.0
2026-02-09,173.97000122070312,175.77000427246094,173.0,174.6999969482422,6355396.0
2026-02-10,174.0,174.1199951171875,169.61000061035156,170.27999877929688,6789052.0
2026-02-11,170.30999755859375,171.77999877929688,168.77999877929688,169.66000366210938,5581880.0
2026-02-12,168.5,169.17999267578125,165.82000732421875,166.30999755859375,5856835.0
2026-02-13,166.30999755859375,168.1999969482422,164.97000122070312,165.83999633789062,6202610.0
2026-02-24,167.6999969482422,167.77000427246094,162.10000610351562,163.5800018310547,5657566.0
2026-02-25,163.5800018310547,165.5,163.36000061035156,163.9199981689453,4263338.0
2026-02-26,164.00999450683594,164.10000610351562,161.0,161.3800048828125,6548354.0
2026-02-27,161.8699951171875,161.89999389648438,161.02000427246094,161.14999389648438,3456940.0
2026-03-02,160.02000427246094,161.0500030517578,157.5500030517578,158.52000427246094,5773122.0
2026-03-03,158.1999969482422,165.0,156.8800048828125,161.67999267578125,7701116.0
2026-03-04,160.0500030517578,160.60000610351562,155.57000732421875,156.0,6444178.0
2026-03-05,157.14999389648438,157.33999633789062,155.5,155.92999267578125,3112528.0
2026-03-06,155.3000030517578,160.99000549316406,155.11000061035156,160.7100067138672,6306969.0
2026-03-09,158.77000427246094,162.27999877929688,157.60000610351562,159.16000366210938,5080134.0
2026-03-10,158.9199981689453,160.0,157.39999389648438,157.69000244140625,4189578.0
2026-03-11,157.6999969482422,157.89999389648438,156.1199951171875,156.89999389648438,4219425.0
2026-03-12,156.55999755859375,158.5,156.1199951171875,157.75,4265028.0
2026-03-13,157.3000030517578,160.8000030517578,156.8800048828125,159.27000427246094,4722140.0
2026-03-16,158.86000061035156,162.0,158.75999450683594,160.77000427246094,5506113.0
2026-03-17,160.00999450683594,162.72999572753906,159.0,160.77000427246094,5033600.0
2026-03-18,160.8000030517578,161.8000030517578,157.6300048828125,158.19000244140625,3468015.0
2026-03-19,156.1199951171875,157.60000610351562,155.89999389648438,156.13999938964844,4187106.0
2026-03-20,156.0,156.6999969482422,153.86000061035156,153.86000061035156,5278314.0
2026-03-23,151.83999633789062,151.83999633789062,148.38999938964844,148.9199981689453,5784940.0
2026-03-24,149.85000610351562,150.3699951171875,147.22999572753906,148.4499969482422,4074985.0
2026-03-25,148.8000030517578,149.2100067138672,147.89999389648438,149.2100067138672,3690656.0
2026-03-26,149.0,149.47000122070312,147.05999755859375,147.8000030517578,5730002.0
2026-03-27,146.89999389648438,148.99000549316406,146.5500030517578,148.4600067138672,3705383.0
2026-03-30,146.97000122070312,148.35000610351562,145.1199951171875,146.67999267578125,4710272.0
2026-03-31,149.63999938964844,150.0,142.8800048828125,143.05999755859375,6797882.0
2026-04-01,143.60000610351562,145.88999938964844,142.05999755859375,144.3800048828125,6972614.0
2026-04-02,143.60000610351562,145.36000061035156,142.8800048828125,144.05999755859375,4109182.0
2026-04-03,144.0,144.47999572753906,140.6699981689453,141.6999969482422,4154965.0
2026-04-07,141.1999969482422,142.86000061035156,140.19000244140625,141.30999755859375,2721679.0
2026-04-08,142.38999938964844,144.1300048828125,142.0,143.94000244140625,4391943.0
2026-04-09,143.10000610351562,143.10000610351562,138.47999572753906,139.30999755859375,7777642.0
2026-04-10,139.3699951171875,140.11000061035156,138.1699981689453,138.8800048828125,7341582.0
2026-04-13,138.00999450683594,138.1999969482422,135.0,135.75,7738747.0
2026-04-14,135.8000030517578,139.3800048828125,135.25999450683594,139.05999755859375,8657845.0
2026-04-15,138.27999877929688,140.1999969482422,137.6999969482422,139.0500030517578,5186537.0
2026-04-16,138.60000610351562,142.25999450683594,138.2100067138672,141.16000366210938,6206140.0
2026-04-17,139.1999969482422,139.8800048828125,138.60000610351562,139.5,4113902.0
2026-04-20,139.0,140.50999450683594,137.80999755859375,138.8699951171875,5132301.0
2026-04-21,138.7899932861328,140.3000030517578,136.5,136.86000061035156,5321681.0
2026-04-22,136.0,137.1999969482422,135.02000427246094,136.91000366210938,6912282.0
2026-04-23,140.5,145.52000427246094,140.5,142.3800048828125,14873275.0
2026-04-24,141.05999755859375,143.77000427246094,139.8000030517578,141.9499969482422,7844866.0
2026-04-27,140.0800018310547,140.67999267578125,138.0800018310547,138.30999755859375,6464051.0
2026-04-28,138.30999755859375,139.30999755859375,137.3000030517578,138.72000122070312,4800756.0
2026-04-29,138.02000427246094,144.0,138.0,143.13999938964844,9984983.0
2026-04-30,142.3000030517578,146.9499969482422,141.5,143.35000610351562,9755162.0
2026-05-06,140.82000732421875,142.4499969482422,139.72000122070312,140.9199981689453,8761997.0
2026-05-07,140.67999267578125,146.39999389648438,140.67999267578125,143.75,9721326.0
2026-05-08,144.10000610351562,144.60000610351562,141.00999450683594,141.60000610351562,6166796.0
2026-05-11,140.89999389648438,142.8000030517578,139.36000061035156,140.3699951171875,8575788.0
2026-05-12,140.50999450683594,140.5800018310547,136.60000610351562,137.00999450683594,9058611.0
2026-05-13,136.6999969482422,137.5800018310547,133.0,133.8000030517578,9716285.0
2026-05-14,133.52999877929688,138.3000030517578,131.6999969482422,134.0500030517578,12023423.0
2026-05-15,132.92999267578125,133.5800018310547,130.3300018310547,131.41000366210938,7524470.0
2026-05-18,131.0500030517578,131.66000366210938,128.66000366210938,129.83999633789062,6079408.0
2026-05-19,129.8800048828125,133.27999877929688,129.3800048828125,129.77999877929688,7044487.0
2026-05-20,129.1300048828125,132.97999572753906,129.00999450683594,131.4600067138672,7308117.0
2026-05-21,131.0800018310547,134.8800048828125,130.7100067138672,131.3699951171875,8581124.0
2026-05-22,131.10000610351562,131.3699951171875,128.1999969482422,128.25,7299884.0
2026-05-25,127.48999786376953,130.8000030517578,125.36000061035156,128.6300048828125,8327282.0
2026-05-26,128.39999389648438,130.88999938964844,126.01000213623047,126.68000030517578,9604343.0
2026-05-27,126.75,131.5,124.48999786376953,128.60000610351562,17645060.0
2026-05-28,127.27999877929688,127.58000183105469,125.12999725341797,126.16999816894531,8391632.0
2026-05-29,125.77999877929688,131.8800048828125,125.08000183105469,128.3000030517578,17265564.0
2026-06-01,127.0,128.97000122070312,125.91000366210938,128.1300048828125,9270956.0
2026-06-02,127.5,128.8800048828125,125.5999984741211,125.69999694824219,9128579.0
2026-06-03,125.30000305175781,125.4000015258789,122.0,123.5,8939276.0
2026-06-04,123.5,125.48999786376953,122.02999877929688,122.0999984741211,6835635.0
2026-06-05,123.22000122070312,124.4000015258789,121.01000213623047,122.02999877929688,8129355.0
2026-06-08,121.01000213623047,122.08999633789062,117.18000030517578,117.97000122070312,8975409.0
2026-06-09,117.9800033569336,118.5,115.8499984741211,116.8499984741211,7474174.0
2026-06-10,116.0,119.93000030517578,115.81999969482422,118.79000091552734,11864446.0
2026-06-11,118.19000244140625,120.66000366210938,117.81999969482422,119.5999984741211,7090640.0
2026-06-12,119.4000015258789,122.3499984741211,118.54000091552734,118.54000091552734,10419862.0
2026-06-15,119.0,120.58000183105469,117.41000366210938,119.27999877929688,9167832.0
2026-06-16,118.72000122070312,119.69000244140625,117.19999694824219,117.3499984741211,7603857.0
2026-06-17,117.41000366210938,119.95999908447266,115.54000091552734,117.69999694824219,8967680.0
2026-06-18,118.2300033569336,118.2300033569336,112.69999694824219,113.27999877929688,14299505.0
2026-06-22,112.11000061035156,115.19999694824219,110.16000366210938,113.61000061035156,13932221.0
2026-06-23,113.5999984741211,114.80000305175781,108.66999816894531,109.18000030517578,15184299.0
2026-06-24,109.0,110.16000366210938,105.5,105.70999908447266,12879681.0
2026-06-25,105.70999908447266,112.68000030517578,104.38999938964844,110.12000274658203,19323951.0
2026-06-26,111.0,113.87999725341797,107.91999816894531,108.0999984741211,13926775.0
2026-06-29,107.0,112.37999725341797,104.80000305175781,109.25,15686699.0
2026-06-30,107.69999694824219,111.0,106.20999908447266,109.37000274658203,11399960.0
2026-07-01,110.0,112.30000305175781,107.55000305175781,110.86000061035156,11068570.0
2026-07-02,110.9800033569336,113.0999984741211,108.44999694824219,109.16999816894531,10084619.0
2026-07-03,109.18000030517578,110.7699966430664,108.51000213623047,109.25,8100843.0
2026-07-06,108.68000030517578,113.08999633789062,108.0199966430664,111.73999786376953,11768668.0
2026-07-07,111.0999984741211,111.6500015258789,107.48999786376953,108.05999755859375,10386582.0
2026-07-08,107.75,108.68000030517578,106.58999633789062,107.63999938964844,6518785.0
2026-07-09,107.23999786376953,107.55000305175781,104.83999633789062,105.08000183105469,8860624.0
2026-07-10,105.0,111.30000305175781,103.63999938964844,110.30000305175781,18416049.0
2026-07-13,109.5,110.58000183105469,108.58000183105469,109.55999755859375,8308059.0
2026-07-14,109.9800033569336,110.9000015258789,108.3499984741211,110.5,7754523.0
2026-07-15,108.4000015258789,119.5999984741211,108.22000122070312,118.25,20690230.0
2026-07-16,117.26000213623047,120.75,117.06999969482422,119.1500015258789,13362639.0
2026-07-17,119.1500015258789,120.5,116.11000061035156,116.23999786376953,10943215.0
2026-07-20,117.0,123.16999816894531,117.0,122.43000030517578,16740018.0
2026-07-21,122.7699966430664,125.2300033569336,120.44000244140625,121.08999633789062,16639007.0
2026-07-22,119.12000274658203,125.0,119.0199966430664,125.0,13822348.0
2026-07-23,124.58000183105469,124.8499984741211,120.36000061035156,122.9800033569336,11154708.0
2026-07-24,123.94999694824219,123.94999694824219,119.88999938964844,120.55999755859375,7782229.0
2026-07-27,122.97000122070312,123.69999694824219,121.11000061035156,123.05999755859375,8979546.0
2026-07-28,123.05999755859375,126.61000061035156,121.69999694824219,126.25,13090146.0
2026-07-29,127.0,129.8000030517578,125.7300033569336,128.2100067138672,15282818.0
2026-07-30,128.1999969482422,136.0,127.4000015258789,135.9600067138672,19068535.0
2026-07-31,124.0,128.80999755859375,122.08000183105469,127.23999786376953,17193560.0
2026-08-03,126.55000305175781,126.9800033569336,123.3499984741211,123.75,10576819.0
2026-08-04,123.0,124.05999755859375,121.45999908447266,121.8499984741211,12487325.0
2026-08-05,121.5999984741211,121.94999694824219,118.5,121.01000213623047,10500983.0
2026-08-06,121.01000213623047,121.75,119.06999969482422,119.5999984741211,8686097.0
2026-08-07,119.58999633789062,120.66000366210938,118.01000213623047,120.22000122070312,8217986.0
2026-08-10,120.2300033569336,124.87999725341797,120.22000122070312,123.0999984741211,11823274.0
2026-08-11,122.69999694824219,123.80000305175781,120.6500015258789,120.72000122070312,7944550.0
2026-08-12,120.13999938964844,123.0999984741211,119.73999786376953,122.31999969482422,8710567.0
2026-08-13,121.19999694824219,128.6300048828125,121.01000213623047,126.55000305175781,15016055.0
2026-08-14,126.0,126.54000091552734,123.4000015258789,123.5199966430664,6906705.0
2026-08-17,121.05000305175781,121.05000305175781,117.69999694824219,118.94000244140625,11259199.0
2026-08-18,118.80000305175781,121.30000305175781,118.5,120.5199966430664,5941294.0
2026-08-19,120.20999908447266,121.81999969482422,118.22000122070312,119.30000305175781,5711820.0
2026-08-20,118.66000366210938,119.9000015258789,118.04000091552734,118.5,4059281.0
2026-08-21,118.5,118.5,116.01000213623047,116.55000305175781,4519369.0
2026-08-24,116.55999755859375,118.87999725341797,115.87000274658203,117.0999984741211,6074651.0
2026-08-25,117.19999694824219,117.87999725341797,116.01000213623047,116.66000366210938,3837680.0
2026-08-26,115.30999755859375,118.1500015258789,115.1500015258789,117.08999633789062,3380085.0
2026-08-27,117.0999984741211,117.19999694824219,115.58000183105469,116.38999938964844,3279557.0
2026-08-28,116.38999938964844,119.27999877929688,115.76000213623047,119.02999877929688,5079442.0
