date,open,high,low,close,volume
2016-08-29,15.899999618530273,15.960000038146973,15.800000190734863,15.9399995803833,34519899.0
2016-08-30,15.960000038146973,16.09000015258789,15.9399995803833,16.059999465942383,44427491.0
2016-08-31,16.030000686645508,16.1299991607666,15.989999771118164,16.06999969482422,32167048.0
2016-09-01,16.06999969482422,16.1200008392334,16.030000686645508,16.040000915527344,25740633.0
2016-09-02,16.020000457763672,16.079999923706055,15.989999771118164,16.049999237060547,32039970.0
2016-09-05,16.049999237060547,16.139999389648438,16.020000457763672,16.040000915527344,30960727.0
2016-09-06,16.049999237060547,16.09000015258789,15.899999618530273,15.930000305175781,53311681.0
2016-09-07,15.949999809265137,16.020000457763672,15.90999984741211,15.989999771118164,36874007.0
2016-09-08,15.989999771118164,16.020000457763672,15.979999542236328,16.010000228881836,25243707.0
2016-09-09,16.010000228881836,16.040000915527344,15.960000038146973,15.970000267028809,30422160.0
2016-09-12,15.819999694824219,15.890000343322754,15.710000038146973,15.770000457763672,61152016.0
2016-09-13,15.800000190734863,15.890000343322754,15.789999961853027,15.800000190734863,38276389.0
2016-09-14,15.779999732971191,15.84000015258789,15.720000267028809,15.729999542236328,38500359.0
2016-09-19,15.75,15.880000114440918,15.75,15.859999656677246,31667393.0
2016-09-20,15.850000381469727,15.920000076293945,15.819999694824219,15.899999618530273,38651958.0
2016-09-21,15.880000114440918,15.9399995803833,15.829999923706055,15.859999656677246,34631806.0
2016-09-22,15.899999618530273,16.010000228881836,15.859999656677246,16.0,36411160.0
2016-09-23,16.0,16.049999237060547,15.949999809265137,15.979999542236328,24716447.0
2016-09-26,15.960000038146973,15.979999542236328,15.899999618530273,15.90999984741211,30140632.0
2016-09-27,15.899999618530273,16.010000228881836,15.850000381469727,16.010000228881836,30429665.0
2016-09-28,16.040000915527344,16.040000915527344,15.970000267028809,15.979999542236328,21966795.0
2016-09-29,16.0,16.040000915527344,15.989999771118164,16.0,17933532.0
2016-09-30,15.949999809265137,16.010000228881836,15.949999809265137,15.970000267028809,24852204.0
2016-10-10,16.049999237060547,16.079999923706055,16.0,16.030000686645508,32033062.0
2016-10-11,16.040000915527344,16.059999465942383,16.0,16.040000915527344,27808012.0
2016-10-12,16.010000228881836,16.040000915527344,15.979999542236328,15.989999771118164,28965860.0
2016-10-13,15.989999771118164,16.040000915527344,15.9399995803833,16.010000228881836,30716361.0
2016-10-14,15.979999542236328,16.110000610351562,15.970000267028809,16.09000015258789,30906688.0
2016-10-17,16.09000015258789,16.1200008392334,15.970000267028809,15.979999542236328,29206972.0
2016-10-18,15.979999542236328,16.079999923706055,15.970000267028809,16.06999969482422,18089013.0
2016-10-19,16.09000015258789,16.110000610351562,16.020000457763672,16.059999465942383,18750944.0
2016-10-20,16.079999923706055,16.1299991607666,16.06999969482422,16.1200008392334,27738886.0
2016-10-21,16.079999923706055,16.260000228881836,16.079999923706055,16.239999771118164,41036544.0
2016-10-24,16.260000228881836,16.469999313354492,16.209999084472656,16.329999923706055,51730747.0
2016-10-25,16.350000381469727,16.3700008392334,16.239999771118164,16.260000228881836,23156748.0
2016-10-26,16.260000228881836,16.260000228881836,16.149999618530273,16.190000534057617,23074321.0
2016-10-27,16.15999984741211,16.25,16.149999618530273,16.200000762939453,19304122.0
2016-10-28,16.15999984741211,16.329999923706055,16.15999984741211,16.270000457763672,24601788.0
2016-10-31,16.280000686645508,16.31999969482422,16.200000762939453,16.309999465942383,37670554.0
2016-11-01,16.31999969482422,16.479999542236328,16.290000915527344,16.459999084472656,36004797.0
2016-11-02,16.440000534057617,16.450000762939453,16.350000381469727,16.399999618530273,32457524.0
2016-11-03,16.329999923706055,16.510000228881836,16.329999923706055,16.479999542236328,33324610.0
2016-11-04,16.440000534057617,16.520000457763672,16.329999923706055,16.360000610351562,28023622.0
2016-11-07,16.360000610351562,16.389999389648438,16.260000228881836,16.280000686645508,33598168.0
2016-11-08,16.31999969482422,16.420000076293945,16.239999771118164,16.389999389648438,38642991.0
2016-11-09,16.360000610351562,16.399999618530273,16.100000381469727,16.190000534057617,58523802.0
2016-11-10,16.299999237060547,16.399999618530273,16.270000457763672,16.360000610351562,33689980.0
2016-11-11,16.329999923706055,16.360000610351562,16.200000762939453,16.290000915527344,59868761.0
2016-11-14,16.270000457763672,16.469999313354492,16.260000228881836,16.290000915527344,72668391.0
2016-11-15,16.309999465942383,16.31999969482422,16.239999771118164,16.270000457763672,48738611.0
2016-11-16,16.270000457763672,16.309999465942383,16.239999771118164,16.290000915527344,26888960.0
2016-11-17,16.290000915527344,16.290000915527344,16.219999313354492,16.260000228881836,28984328.0
2016-11-18,16.270000457763672,16.270000457763672,16.200000762939453,16.229999542236328,23912196.0
2016-11-21,16.209999084472656,16.420000076293945,16.190000534057617,16.34000015258789,49016447.0
2016-11-22,16.31999969482422,16.469999313354492,16.31999969482422,16.420000076293945,79368058.0
2016-11-23,16.459999084472656,16.8700008392334,16.459999084472656,16.670000076293945,108141682.0
2016-11-24,16.610000610351562,16.790000915527344,16.59000015258789,16.639999389648438,52382275.0
2016-11-25,16.6299991607666,16.93000030517578,16.6299991607666,16.899999618530273,87478666.0
2016-11-28,17.0,17.290000915527344,16.799999237060547,16.84000015258789,128846748.0
2016-11-29,16.8799991607666,17.1200008392334,16.84000015258789,16.969999313354492,64842774.0
2016-11-30,16.979999542236328,17.100000381469727,16.739999771118164,16.84000015258789,55882786.0
2016-12-01,16.969999313354492,17.059999465942383,16.809999465942383,16.899999618530273,59881111.0
2016-12-02,16.959999084472656,16.989999771118164,16.719999313354492,16.8700008392334,67968321.0
2016-12-05,16.75,16.93000030517578,16.68000030517578,16.90999984741211,82351605.0
2016-12-06,16.8700008392334,16.969999313354492,16.84000015258789,16.899999618530273,56291768.0
2016-12-07,16.90999984741211,16.90999984741211,16.809999465942383,16.84000015258789,28243362.0
2016-12-08,16.899999618530273,16.979999542236328,16.829999923706055,16.93000030517578,65049264.0
2016-12-09,16.8700008392334,17.3799991607666,16.8700008392334,17.209999084472656,95693581.0
2016-12-12,17.239999771118164,17.579999923706055,17.100000381469727,17.299999237060547,141364790.0
2016-12-13,17.209999084472656,17.280000686645508,17.040000915527344,17.059999465942383,47932711.0
2016-12-14,17.09000015258789,17.31999969482422,17.06999969482422,17.170000076293945,39574862.0
2016-12-15,17.100000381469727,17.100000381469727,16.600000381469727,16.610000610351562,78551603.0
2016-12-16,16.559999465942383,16.670000076293945,16.469999313354492,16.5,50836813.0
2016-12-19,16.489999771118164,16.489999771118164,16.34000015258789,16.420000076293945,40191074.0
2016-12-20,16.450000762939453,16.450000762939453,16.110000610351562,16.209999084472656,60494226.0
2016-12-21,16.18000030517578,16.350000381469727,16.18000030517578,16.25,40064106.0
2016-12-22,16.239999771118164,16.270000457763672,16.06999969482422,16.139999389648438,30242825.0
2016-12-23,16.170000076293945,16.190000534057617,15.979999542236328,16.049999237060547,47561137.0
2016-12-26,16.049999237060547,16.110000610351562,15.880000114440918,16.09000015258789,40516703.0
2016-12-27,16.06999969482422,16.110000610351562,16.020000457763672,16.040000915527344,24537477.0
2016-12-28,16.040000915527344,16.06999969482422,15.920000076293945,16.010000228881836,34068577.0
2016-12-29,16.0,16.020000457763672,15.9399995803833,15.979999542236328,31390641.0
2016-12-30,16.0,16.149999618530273,15.970000267028809,16.139999389648438,41410969.0
2017-01-03,16.139999389648438,16.360000610351562,16.139999389648438,16.239999771118164,48199929.0
2017-01-04,16.239999771118164,16.3799991607666,16.200000762939453,16.31999969482422,42410084.0
2017-01-05,16.31999969482422,16.389999389648438,16.31999969482422,16.329999923706055,27695726.0
2017-01-06,16.299999237060547,16.3799991607666,16.15999984741211,16.170000076293945,27775310.0
2017-01-09,16.190000534057617,16.290000915527344,16.170000076293945,16.239999771118164,25154829.0
2017-01-10,16.239999771118164,16.280000686645508,16.190000534057617,16.219999313354492,22350495.0
2017-01-11,16.25,16.280000686645508,16.1299991607666,16.149999618530273,25058385.0
2017-01-12,16.149999618530273,16.200000762939453,16.110000610351562,16.1200008392334,19419846.0
2017-01-13,16.1200008392334,16.290000915527344,16.049999237060547,16.260000228881836,48681502.0
2017-01-16,16.229999542236328,16.59000015258789,16.18000030517578,16.549999237060547,132750624.0
2017-01-17,16.479999542236328,16.579999923706055,16.40999984741211,16.420000076293945,42783043.0
2017-01-18,16.459999084472656,16.68000030517578,16.43000030517578,16.649999618530273,45018120.0
2017-01-19,16.6200008392334,16.75,16.6200008392334,16.639999389648438,36688891.0
2017-01-20,16.670000076293945,16.829999923706055,16.639999389648438,16.780000686645508,44233056.0
2017-01-23,16.81999969482422,16.850000381469727,16.65999984741211,16.729999542236328,37060810.0
2017-01-24,16.75,16.950000762939453,16.690000534057617,16.920000076293945,52779298.0
2017-01-25,16.920000076293945,16.950000762939453,16.81999969482422,16.93000030517578,30796006.0
2017-01-26,16.940000534057617,17.100000381469727,16.93000030517578,17.06999969482422,38764027.0
2017-02-03,17.09000015258789,17.110000610351562,16.690000534057617,16.729999542236328,42366030.0
2017-02-06,16.799999237060547,16.799999237060547,16.65999984741211,16.719999313354492,39874207.0
2017-02-07,16.719999313354492,16.75,16.6200008392334,16.65999984741211,40464716.0
2017-02-08,16.639999389648438,16.709999084472656,16.559999465942383,16.670000076293945,43172468.0
2017-02-09,16.700000762939453,16.799999237060547,16.670000076293945,16.690000534057617,40258937.0
2017-02-10,16.75,16.81999969482422,16.719999313354492,16.760000228881836,47136740.0
2017-02-13,16.790000915527344,16.959999084472656,16.770000457763672,16.8700008392334,61620876.0
2017-02-14,16.899999618530273,16.899999618530273,16.709999084472656,16.739999771118164,50106525.0
2017-02-15,16.760000228881836,16.93000030517578,16.729999542236328,16.799999237060547,87300394.0
2017-02-16,16.829999923706055,16.899999618530273,16.75,16.780000686645508,65678172.0
2017-02-17,16.790000915527344,16.8700008392334,16.670000076293945,16.690000534057617,50947337.0
2017-02-20,16.68000030517578,17.09000015258789,16.65999984741211,16.90999984741211,141651685.0
2017-02-21,16.940000534057617,17.030000686645508,16.8700008392334,16.920000076293945,78490303.0
2017-02-22,16.920000076293945,16.920000076293945,16.850000381469727,16.8799991607666,49883512.0
2017-02-23,16.889999389648438,17.020000457763672,16.809999465942383,16.8799991607666,48574164.0
2017-02-24,16.889999389648438,16.959999084472656,16.860000610351562,16.899999618530273,41088584.0
2017-02-27,16.899999618530273,16.940000534057617,16.780000686645508,16.809999465942383,47432700.0
2017-02-28,16.809999465942383,16.889999389648438,16.729999542236328,16.75,40489651.0
2017-03-01,16.770000457763672,16.829999923706055,16.6299991607666,16.65999984741211,76999636.0
2017-03-02,16.700000762939453,16.760000228881836,16.5,16.5,79573541.0
2017-03-03,16.5,16.520000457763672,16.440000534057617,16.479999542236328,41525082.0
2017-03-06,16.479999542236328,16.6200008392334,16.469999313354492,16.530000686645508,42430340.0
2017-03-07,16.530000686645508,16.610000610351562,16.5,16.59000015258789,31978700.0
2017-03-08,16.579999923706055,16.600000381469727,16.510000228881836,16.530000686645508,30166028.0
2017-03-09,16.510000228881836,16.510000228881836,16.3700008392334,16.389999389648438,38629269.0
2017-03-10,16.399999618530273,16.450000762939453,16.350000381469727,16.40999984741211,28600024.0
2017-03-13,16.399999618530273,16.56999969482422,16.350000381469727,16.549999237060547,35330583.0
2017-03-14,16.559999465942383,16.600000381469727,16.5,16.520000457763672,38242778.0
2017-03-15,16.520000457763672,16.559999465942383,16.459999084472656,16.510000228881836,28775786.0
2017-03-16,16.549999237060547,16.610000610351562,16.5,16.579999923706055,60084743.0
2017-03-17,16.56999969482422,16.579999923706055,16.350000381469727,16.3700008392334,63431338.0
2017-03-20,16.399999618530273,16.43000030517578,16.170000076293945,16.239999771118164,73581180.0
2017-03-21,16.260000228881836,16.270000457763672,16.1299991607666,16.18000030517578,59292319.0
2017-03-22,16.149999618530273,16.18000030517578,16.020000457763672,16.09000015258789,74574992.0
2017-03-23,16.100000381469727,16.209999084472656,16.100000381469727,16.170000076293945,50639645.0
2017-03-24,16.170000076293945,16.200000762939453,16.09000015258789,16.18000030517578,66491555.0
2017-03-27,16.18000030517578,16.350000381469727,16.15999984741211,16.200000762939453,68249368.0
2017-03-28,16.25,16.25,16.09000015258789,16.1200008392334,49492094.0
2017-03-29,16.15999984741211,16.18000030517578,16.049999237060547,16.059999465942383,61015177.0
2017-03-30,16.059999465942383,16.15999984741211,16.040000915527344,16.110000610351562,46617927.0
2017-03-31,16.110000610351562,16.25,16.100000381469727,16.209999084472656,40731135.0
2017-04-05,16.239999771118164,16.350000381469727,16.219999313354492,16.34000015258789,66771588.0
2017-04-06,16.329999923706055,16.3700008392334,16.239999771118164,16.31999969482422,45120066.0
2017-04-07,16.329999923706055,16.350000381469727,16.260000228881836,16.34000015258789,44821229.0
2017-04-10,16.329999923706055,16.34000015258789,16.25,16.260000228881836,38409734.0
2017-04-11,16.239999771118164,16.260000228881836,16.059999465942383,16.18000030517578,60899741.0
2017-04-12,16.15999984741211,16.170000076293945,14.989999771118164,16.0,107219562.0
2017-04-13,15.869999885559082,16.0,15.850000381469727,15.920000076293945,83466813.0
2017-04-14,15.890000343322754,15.90999984741211,15.739999771118164,15.8100004196167,51934241.0
2017-04-17,15.779999732971191,15.899999618530273,15.619999885559082,15.84000015258789,80930953.0
2017-04-18,15.8100004196167,15.819999694824219,15.550000190734863,15.5600004196167,79988356.0
2017-04-19,15.539999961853027,15.550000190734863,15.279999732971191,15.289999961853027,94553604.0
2017-04-20,15.289999961853027,15.350000381469727,15.170000076293945,15.210000038146973,74981898.0
2017-04-21,15.25,15.380000114440918,15.220000267028809,15.359999656677246,50415796.0
2017-04-24,15.380000114440918,15.399999618530273,15.279999732971191,15.359999656677246,39844561.0
2017-04-25,15.399999618530273,15.420000076293945,15.329999923706055,15.369999885559082,41361046.0
2017-04-26,15.369999885559082,15.470000267028809,15.350000381469727,15.380000114440918,55581117.0
2017-04-27,15.34000015258789,15.470000267028809,15.229999542236328,15.460000038146973,45536925.0
2017-04-28,15.460000038146973,15.470000267028809,15.359999656677246,15.460000038146973,44315283.0
2017-05-02,15.430000305175781,15.59000015258789,15.40999984741211,15.460000038146973,59686512.0
2017-05-03,15.5,15.510000228881836,15.420000076293945,15.430000305175781,41619627.0
2017-05-04,15.430000305175781,15.449999809265137,15.289999961853027,15.350000381469727,43145211.0
2017-05-05,15.319999694824219,15.399999618530273,15.199999809265137,15.380000114440918,62548703.0
2017-05-08,15.300000190734863,15.430000305175781,15.239999771118164,15.399999618530273,61084383.0
2017-05-09,15.359999656677246,15.5,15.350000381469727,15.4399995803833,42701744.0
2017-05-10,15.460000038146973,15.609999656677246,15.40999984741211,15.420000076293945,60975301.0
2017-05-11,15.430000305175781,15.59000015258789,15.40999984741211,15.569999694824219,58536360.0
2017-05-12,15.5600004196167,15.949999809265137,15.529999732971191,15.920000076293945,93511358.0
2017-05-15,15.970000267028809,16.18000030517578,15.880000114440918,15.890000343322754,69398670.0
2017-05-16,15.84000015258789,15.930000305175781,15.75,15.850000381469727,42328336.0
2017-05-17,15.84000015258789,15.850000381469727,15.680000305175781,15.729999542236328,66734370.0
2017-05-18,15.680000305175781,15.739999771118164,15.579999923706055,15.609999656677246,58945603.0
2017-05-19,15.619999885559082,15.670000076293945,15.5600004196167,15.59000015258789,45698707.0
2017-05-22,15.579999923706055,15.739999771118164,15.569999694824219,15.6899995803833,72880346.0
2017-05-23,15.6899995803833,16.100000381469727,15.6899995803833,15.9399995803833,117947825.0
2017-05-24,15.949999809265137,16.09000015258789,15.760000228881836,16.020000457763672,132472077.0
2017-05-25,16.0,16.81999969482422,15.970000267028809,16.56999969482422,279206128.0
2017-05-26,16.6200008392334,16.729999542236328,16.479999542236328,16.5,139456177.0
2017-05-31,16.479999542236328,16.780000686645508,16.43000030517578,16.549999237060547,106245087.0
2017-06-01,16.510000228881836,16.6299991607666,16.450000762939453,16.579999923706055,111505894.0
2017-06-02,16.559999465942383,16.690000534057617,16.360000610351562,16.43000030517578,90204788.0
2017-06-05,16.350000381469727,16.40999984741211,16.100000381469727,16.280000686645508,107338512.0
2017-06-06,16.280000686645508,16.329999923706055,16.15999984741211,16.270000457763672,49355184.0
2017-06-07,16.299999237060547,16.549999237060547,16.290000915527344,16.440000534057617,88111913.0
2017-06-08,16.450000762939453,16.5,16.3700008392334,16.489999771118164,63877692.0
2017-06-09,16.510000228881836,16.780000686645508,16.489999771118164,16.6200008392334,96141934.0
2017-06-12,16.6200008392334,16.770000457763672,16.579999923706055,16.6200008392334,75689846.0
2017-06-13,16.639999389648438,16.65999984741211,16.469999313354492,16.540000915527344,75667070.0
2017-06-14,16.010000228881836,16.1200008392334,15.789999961853027,15.920000076293945,89673606.0
2017-06-15,15.90999984741211,15.949999809265137,15.779999732971191,15.800000190734863,54802523.0
2017-06-16,15.800000190734863,15.880000114440918,15.710000038146973,15.789999961853027,41304739.0
2017-06-19,15.789999961853027,15.789999961853027,15.789999961853027,15.789999961853027,0.0
2017-06-20,15.960000038146973,16.0,15.829999923706055,15.880000114440918,38245020.0
2017-06-21,15.970000267028809,16.0,15.850000381469727,15.9399995803833,55499443.0
2017-06-22,15.899999618530273,16.450000762939453,15.899999618530273,16.190000534057617,180546703.0
2017-06-23,16.15999984741211,16.350000381469727,16.010000228881836,16.299999237060547,122654685.0
2017-06-26,16.280000686645508,16.600000381469727,16.229999542236328,16.3700008392334,138327994.0
2017-06-27,16.329999923706055,16.559999465942383,16.290000915527344,16.469999313354492,85618389.0
2017-06-28,16.43000030517578,17.059999465942383,16.40999984741211,16.81999969482422,241479760.0
2017-06-29,16.850000381469727,16.969999313354492,16.739999771118164,16.889999389648438,116727327.0
2017-06-30,16.799999237060547,16.8700008392334,16.65999984741211,16.860000610351562,75183947.0
2017-07-03,16.84000015258789,16.940000534057617,16.709999084472656,16.8799991607666,71470664.0
2017-07-04,16.8700008392334,16.8799991607666,16.549999237060547,16.709999084472656,133014541.0
2017-07-05,16.65999984741211,16.940000534057617,16.6299991607666,16.90999984741211,98704742.0
2017-07-06,16.899999618530273,17.15999984741211,16.8799991607666,17.110000610351562,142941473.0
2017-07-07,17.030000686645508,17.190000534057617,17.0,17.09000015258789,76730697.0
2017-07-10,17.049999237060547,17.209999084472656,17.0,17.1200008392334,73092065.0
2017-07-11,17.110000610351562,17.6200008392334,17.059999465942383,17.40999984741211,151754440.0
2017-07-12,17.420000076293945,18.020000457763672,17.40999984741211,17.6200008392334,190666750.0
2017-07-13,17.649999618530273,17.920000076293945,17.59000015258789,17.81999969482422,125186340.0
2017-07-14,17.84000015258789,18.0,17.729999542236328,17.899999618530273,79871119.0
2017-07-17,17.959999084472656,18.520000457763672,17.799999237060547,18.15999984741211,185977930.0
2017-07-18,18.110000610351562,18.290000915527344,17.8799991607666,18.030000686645508,96859094.0
2017-07-19,18.010000228881836,18.270000457763672,17.979999542236328,18.100000381469727,86060322.0
2017-07-20,18.110000610351562,18.200000762939453,17.899999618530273,18.06999969482422,70105946.0
2017-07-21,18.030000686645508,18.09000015258789,17.790000915527344,17.829999923706055,65126429.0
2017-07-24,17.799999237060547,18.18000030517578,17.700000762939453,18.0,108339583.0
2017-07-25,18.030000686645508,18.239999771118164,17.950000762939453,17.959999084472656,83680659.0
2017-07-26,17.989999771118164,18.219999313354492,17.6200008392334,17.729999542236328,107035666.0
2017-07-27,17.729999542236328,17.8700008392334,17.649999618530273,17.760000228881836,61640190.0
2017-07-28,17.719999313354492,17.8799991607666,17.639999389648438,17.8700008392334,42847018.0
2017-07-31,17.8799991607666,17.959999084472656,17.709999084472656,17.760000228881836,67430995.0
2017-08-01,17.790000915527344,18.079999923706055,17.729999542236328,18.059999465942383,100191489.0
2017-08-02,18.09000015258789,18.270000457763672,18.049999237060547,18.079999923706055,88773904.0
2017-08-03,18.059999465942383,18.15999984741211,17.700000762939453,17.739999771118164,79038570.0
2017-08-04,17.770000457763672,17.81999969482422,17.56999969482422,17.579999923706055,69436890.0
2017-08-07,17.56999969482422,17.649999618530273,17.40999984741211,17.469999313354492,64842454.0
2017-08-08,17.479999542236328,17.610000610351562,17.399999618530273,17.420000076293945,50408684.0
2017-08-09,17.40999984741211,17.459999084472656,17.229999542236328,17.25,59753035.0
2017-08-10,17.25,17.43000030517578,17.170000076293945,17.309999465942383,58526278.0
2017-08-11,17.200000762939453,17.270000457763672,16.959999084472656,17.149999618530273,109157581.0
2017-08-14,17.100000381469727,17.1299991607666,16.969999313354492,17.049999237060547,69385796.0
2017-08-15,17.06999969482422,17.350000381469727,17.059999465942383,17.229999542236328,71733332.0
2017-08-16,17.229999542236328,17.229999542236328,17.020000457763672,17.049999237060547,38195901.0
2017-08-17,17.049999237060547,17.139999389648438,17.020000457763672,17.1200008392334,41575051.0
2017-08-18,17.049999237060547,17.170000076293945,17.0,17.09000015258789,46467160.0
2017-08-21,17.079999923706055,17.149999618530273,17.030000686645508,17.09000015258789,35778760.0
2017-08-22,17.1200008392334,17.290000915527344,17.100000381469727,17.260000228881836,59985472.0
2017-08-23,17.290000915527344,17.559999465942383,17.25,17.479999542236328,78881612.0
2017-08-24,17.479999542236328,17.739999771118164,17.420000076293945,17.440000534057617,63340807.0
2017-08-25,17.479999542236328,18.0,17.479999542236328,17.959999084472656,113101965.0
2017-08-28,18.0,18.190000534057617,17.860000610351562,17.950000762939453,115322290.0
2017-08-29,17.950000762939453,18.229999542236328,17.8799991607666,18.209999084472656,91363243.0
2017-08-30,18.09000015258789,18.190000534057617,17.700000762939453,17.81999969482422,166225682.0
2017-08-31,17.829999923706055,17.860000610351562,17.559999465942383,17.649999618530273,83649571.0
2017-09-01,17.6200008392334,17.75,17.450000762939453,17.520000457763672,83245625.0
2017-09-04,17.479999542236328,17.760000228881836,17.459999084472656,17.729999542236328,65453765.0
2017-09-05,17.700000762939453,17.8799991607666,17.65999984741211,17.700000762939453,60033856.0
2017-09-06,17.68000030517578,17.709999084472656,17.579999923706055,17.610000610351562,37326041.0
2017-09-07,17.670000076293945,17.670000076293945,17.420000076293945,17.43000030517578,58087425.0
2017-09-08,17.40999984741211,17.610000610351562,17.399999618530273,17.450000762939453,49377779.0
2017-09-11,17.530000686645508,17.670000076293945,17.420000076293945,17.440000534057617,52446600.0
2017-09-12,17.469999313354492,17.489999771118164,17.290000915527344,17.440000534057617,70146343.0
2017-09-13,17.40999984741211,17.40999984741211,17.290000915527344,17.360000610351562,40031103.0
2017-09-14,17.34000015258789,17.530000686645508,17.299999237060547,17.3700008392334,60082926.0
2017-09-15,17.34000015258789,17.399999618530273,17.209999084472656,17.3799991607666,47378094.0
2017-09-18,17.329999923706055,17.559999465942383,17.329999923706055,17.420000076293945,55478274.0
2017-09-19,17.43000030517578,17.489999771118164,17.270000457763672,17.40999984741211,49336106.0
2017-09-20,17.350000381469727,17.399999618530273,17.260000228881836,17.329999923706055,54618920.0
2017-09-21,17.299999237060547,17.459999084472656,17.290000915527344,17.360000610351562,42507798.0
2017-09-22,17.309999465942383,17.510000228881836,17.309999465942383,17.420000076293945,46864693.0
2017-09-25,17.459999084472656,17.610000610351562,17.420000076293945,17.59000015258789,80490804.0
2017-09-26,17.520000457763672,17.6299991607666,17.510000228881836,17.549999237060547,38420912.0
2017-09-27,17.520000457763672,17.549999237060547,17.34000015258789,17.3799991607666,46631144.0
2017-09-28,17.399999618530273,17.440000534057617,17.25,17.34000015258789,55500250.0
2017-09-29,17.329999923706055,17.3700008392334,17.239999771118164,17.290000915527344,37108452.0
2017-10-09,17.770000457763672,17.860000610351562,17.43000030517578,17.459999084472656,136908468.0
2017-10-10,17.510000228881836,17.81999969482422,17.459999084472656,17.799999237060547,115295997.0
2017-10-11,17.81999969482422,17.969999313354492,17.639999389648438,17.700000762939453,112989200.0
2017-10-12,17.700000762939453,17.93000030517578,17.65999984741211,17.760000228881836,84712522.0
2017-10-13,17.790000915527344,17.950000762939453,17.780000686645508,17.799999237060547,67278906.0
2017-10-16,17.81999969482422,18.100000381469727,17.780000686645508,18.040000915527344,108680891.0
2017-10-17,18.049999237060547,18.06999969482422,17.8700008392334,17.899999618530273,55893363.0
2017-10-18,17.940000534057617,18.030000686645508,17.799999237060547,18.0,80414140.0
2017-10-19,17.979999542236328,18.049999237060547,17.90999984741211,18.030000686645508,78043235.0
2017-10-20,18.0,18.0,17.850000381469727,17.8799991607666,36270859.0
2017-10-23,17.780000686645508,17.799999237060547,17.639999389648438,17.649999618530273,53668631.0
2017-10-24,17.649999618530273,17.84000015258789,17.639999389648438,17.770000457763672,50964492.0
2017-10-25,17.790000915527344,17.799999237060547,17.65999984741211,17.709999084472656,42557655.0
2017-10-26,17.649999618530273,17.649999618530273,17.43000030517578,17.5,92291501.0
2017-10-27,17.510000228881836,17.809999465942383,17.510000228881836,17.700000762939453,124009047.0
2017-10-30,17.639999389648438,17.799999237060547,17.540000915527344,17.65999984741211,99974941.0
2017-10-31,17.600000381469727,17.6200008392334,17.43000030517578,17.440000534057617,61514874.0
2017-11-01,17.43000030517578,17.43000030517578,17.219999313354492,17.25,115144445.0
2017-11-02,17.270000457763672,17.309999465942383,17.059999465942383,17.25,87624199.0
2017-11-03,17.219999313354492,17.290000915527344,17.040000915527344,17.229999542236328,96845753.0
2017-11-06,17.15999984741211,17.15999984741211,16.829999923706055,16.850000381469727,113466250.0
2017-11-07,16.860000610351562,17.149999618530273,16.850000381469727,17.079999923706055,84139664.0
2017-11-08,17.06999969482422,17.270000457763672,17.040000915527344,17.139999389648438,78679586.0
2017-11-09,17.1200008392334,17.229999542236328,16.979999542236328,17.049999237060547,61920539.0
2017-11-10,17.049999237060547,17.100000381469727,16.850000381469727,16.950000762939453,75295959.0
2017-11-13,16.950000762939453,17.3700008392334,16.940000534057617,17.1200008392334,146627379.0
2017-11-14,17.049999237060547,17.1200008392334,16.920000076293945,16.940000534057617,67217436.0
2017-11-15,16.90999984741211,17.0,16.889999389648438,16.940000534057617,40822864.0
2017-11-16,16.950000762939453,16.959999084472656,16.84000015258789,16.850000381469727,58995053.0
2017-11-17,16.850000381469727,17.399999618530273,16.84000015258789,17.360000610351562,185894521.0
2017-11-20,17.239999771118164,17.59000015258789,17.139999389648438,17.559999465942383,151823034.0
2017-11-21,17.489999771118164,18.079999923706055,17.459999084472656,17.739999771118164,254430087.0
2017-11-22,17.899999618530273,18.219999313354492,17.860000610351562,18.0,219832925.0
2017-11-23,18.079999923706055,18.190000534057617,17.6299991607666,17.809999465942383,169574723.0
2017-11-24,17.8700008392334,17.959999084472656,17.700000762939453,17.860000610351562,88634303.0
2017-11-27,17.790000915527344,17.8799991607666,17.559999465942383,17.84000015258789,139429945.0
2017-11-28,17.760000228881836,17.790000915527344,17.559999465942383,17.6200008392334,69104550.0
2017-11-29,17.6299991607666,17.690000534057617,17.350000381469727,17.5,88215904.0
2017-11-30,17.5,17.6299991607666,17.399999618530273,17.489999771118164,80022908.0
2017-12-01,17.520000457763672,17.520000457763672,17.299999237060547,17.450000762939453,72078834.0
2017-12-04,17.40999984741211,17.5,17.3700008392334,17.479999542236328,54074697.0
2017-12-05,17.479999542236328,17.90999984741211,17.459999084472656,17.799999237060547,170095874.0
2017-12-06,17.75,17.760000228881836,17.469999313354492,17.559999465942383,70578386.0
2017-12-07,17.559999465942383,17.6200008392334,17.219999313354492,17.3799991607666,89816844.0
2017-12-08,17.34000015258789,17.350000381469727,17.200000762939453,17.260000228881836,70212275.0
2017-12-11,17.229999542236328,17.389999389648438,17.139999389648438,17.31999969482422,66031974.0
2017-12-12,17.299999237060547,17.360000610351562,17.149999618530273,17.15999984741211,46640388.0
2017-12-13,17.15999984741211,17.329999923706055,17.100000381469727,17.280000686645508,42120972.0
2017-12-14,17.299999237060547,17.3799991607666,17.149999618530273,17.200000762939453,43888740.0
2017-12-15,17.170000076293945,17.190000534057617,17.010000228881836,17.020000457763672,48788934.0
2017-12-18,17.030000686645508,17.170000076293945,17.0,17.059999465942383,47444159.0
2017-12-19,17.059999465942383,17.270000457763672,17.049999237060547,17.190000534057617,49799006.0
2017-12-20,17.209999084472656,17.209999084472656,17.010000228881836,17.139999389648438,52440753.0
2017-12-21,17.06999969482422,17.200000762939453,17.040000915527344,17.1200008392334,55935923.0
2017-12-22,17.1200008392334,17.15999984741211,17.030000686645508,17.040000915527344,35890858.0
2017-12-25,17.030000686645508,17.18000030517578,17.010000228881836,17.020000457763672,61513738.0
2017-12-26,17.030000686645508,17.190000534057617,17.020000457763672,17.15999984741211,50494340.0
2017-12-27,17.15999984741211,17.219999313354492,17.0,17.049999237060547,70550100.0
2017-12-28,17.020000457763672,17.059999465942383,16.90999984741211,16.940000534057617,72730270.0
2017-12-29,16.940000534057617,17.020000457763672,16.90999984741211,16.989999771118164,46649935.0
2018-01-02,17.049999237060547,17.290000915527344,17.010000228881836,17.239999771118164,97602162.0
2018-01-03,17.239999771118164,17.329999923706055,17.18000030517578,17.200000762939453,79215650.0
2018-01-04,17.200000762939453,17.260000228881836,17.1299991607666,17.190000534057617,49647247.0
2018-01-05,17.18000030517578,17.239999771118164,17.110000610351562,17.200000762939453,77166170.0
2018-01-08,17.190000534057617,17.270000457763672,17.1200008392334,17.219999313354492,74836471.0
2018-01-09,17.239999771118164,17.25,17.149999618530273,17.18000030517578,63589586.0
2018-01-10,17.18000030517578,18.200000762939453,17.170000076293945,18.18000030517578,367733298.0
2018-01-11,18.149999618530273,18.280000686645508,17.889999389648438,18.030000686645508,179776492.0
2018-01-12,18.06999969482422,18.09000015258789,17.81999969482422,17.93000030517578,138954464.0
2018-01-15,17.8700008392334,18.329999923706055,17.860000610351562,18.0,223732471.0
2018-01-16,18.059999465942383,18.139999389648438,17.700000762939453,17.8799991607666,205621011.0
2018-01-17,17.940000534057617,18.90999984741211,17.940000534057617,18.34000015258789,375266320.0
2018-01-18,18.450000762939453,18.68000030517578,18.149999618530273,18.3799991607666,385046391.0
2018-01-19,18.6200008392334,19.059999465942383,18.079999923706055,18.25,614183473.0
2018-01-22,18.219999313354492,18.450000762939453,17.799999237060547,17.899999618530273,416180642.0
2018-01-23,17.950000762939453,18.299999237060547,17.920000076293945,18.280000686645508,353268806.0
2018-01-24,18.479999542236328,19.079999923706055,18.360000610351562,18.68000030517578,476913437.0
2018-01-25,18.600000381469727,18.760000228881836,18.360000610351562,18.579999923706055,210560968.0
2018-01-26,18.6200008392334,19.020000457763672,18.579999923706055,18.690000534057617,332024030.0
2018-01-29,18.790000915527344,19.18000030517578,18.649999618530273,18.940000534057617,333485640.0
2018-01-30,18.920000076293945,19.110000610351562,18.479999542236328,18.510000228881836,234331697.0
2018-01-31,18.450000762939453,18.729999542236328,18.389999389648438,18.68000030517578,192444490.0
2018-02-01,18.6200008392334,18.899999618530273,18.540000915527344,18.8799991607666,273281262.0
2018-02-02,18.75,18.809999465942383,18.450000762939453,18.760000228881836,168746298.0
2018-02-05,18.549999237060547,19.420000076293945,18.530000686645508,19.40999984741211,316098617.0
2018-02-06,19.100000381469727,19.309999465942383,18.899999618530273,19.149999618530273,370400205.0
2018-02-07,19.280000686645508,19.979999542236328,18.899999618530273,19.030000686645508,462490975.0
2018-02-08,18.799999237060547,18.860000610351562,18.09000015258789,18.350000381469727,289733633.0
2018-02-09,17.850000381469727,17.959999084472656,17.079999923706055,17.790000915527344,317982433.0
2018-02-12,17.729999542236328,17.809999465942383,17.40999984741211,17.6299991607666,132669772.0
2018-02-13,17.799999237060547,17.969999313354492,17.739999771118164,17.799999237060547,135924268.0
2018-02-14,17.81999969482422,17.889999389648438,17.6200008392334,17.719999313354492,91348589.0
2018-02-22,18.0,18.18000030517578,17.90999984741211,18.139999389648438,113793901.0
2018-02-23,18.139999389648438,18.229999542236328,18.040000915527344,18.15999984741211,70349377.0
2018-02-26,18.280000686645508,18.420000076293945,18.110000610351562,18.25,102261239.0
2018-02-27,18.3700008392334,18.3700008392334,17.920000076293945,18.079999923706055,113761084.0
2018-02-28,17.979999542236328,18.0,17.799999237060547,17.860000610351562,79762807.0
2018-03-01,17.770000457763672,18.059999465942383,17.739999771118164,17.989999771118164,66301478.0
2018-03-02,17.8799991607666,17.989999771118164,17.799999237060547,17.889999389648438,53585917.0
2018-03-05,17.8799991607666,18.049999237060547,17.81999969482422,17.93000030517578,59896270.0
2018-03-06,18.0,18.049999237060547,17.809999465942383,17.950000762939453,81637786.0
2018-03-07,18.06999969482422,18.209999084472656,18.020000457763672,18.049999237060547,109192343.0
2018-03-08,18.09000015258789,18.1200008392334,17.969999313354492,18.079999923706055,36842460.0
2018-03-09,18.09000015258789,18.170000076293945,18.0,18.079999923706055,51088899.0
2018-03-12,18.1299991607666,18.15999984741211,17.90999984741211,17.940000534057617,88112215.0
2018-03-13,17.899999618530273,18.06999969482422,17.799999237060547,17.8799991607666,71575386.0
2018-03-14,17.799999237060547,17.84000015258789,17.6299991607666,17.649999618530273,53154418.0
2018-03-15,17.610000610351562,17.709999084472656,17.59000015258789,17.68000030517578,38872054.0
2018-03-16,17.639999389648438,17.719999313354492,17.43000030517578,17.440000534057617,63033648.0
2018-03-19,17.459999084472656,17.469999313354492,17.299999237060547,17.440000534057617,50975971.0
2018-03-20,17.389999389648438,17.510000228881836,17.3700008392334,17.479999542236328,38664426.0
2018-03-21,17.59000015258789,17.6299991607666,17.3799991607666,17.479999542236328,50367849.0
2018-03-22,17.5,17.530000686645508,17.260000228881836,17.450000762939453,74318788.0
2018-03-23,17.079999923706055,17.260000228881836,16.920000076293945,17.219999313354492,157691603.0
2018-03-26,17.100000381469727,17.149999618530273,16.739999771118164,16.850000381469727,79640467.0
2018-03-27,17.079999923706055,17.149999618530273,16.84000015258789,16.899999618530273,53504561.0
2018-03-28,16.81999969482422,17.049999237060547,16.760000228881836,16.829999923706055,52906246.0
2018-03-29,16.84000015258789,17.010000228881836,16.559999465942383,16.90999984741211,81049546.0
2018-03-30,16.899999618530273,16.950000762939453,16.68000030517578,16.690000534057617,63480995.0
2018-04-02,16.729999542236328,16.829999923706055,16.559999465942383,16.56999969482422,67022603.0
2018-04-03,16.5,16.5,16.31999969482422,16.3799991607666,60089903.0
2018-04-04,16.43000030517578,16.5,16.31999969482422,16.329999923706055,54998130.0
2018-04-09,16.309999465942383,16.389999389648438,16.229999542236328,16.309999465942383,45581223.0
2018-04-10,16.350000381469727,16.700000762939453,16.329999923706055,16.690000534057617,59890858.0
2018-04-11,16.700000762939453,16.90999984741211,16.6299991607666,16.729999542236328,66985596.0
2018-04-12,16.739999771118164,16.75,16.5,16.510000228881836,44457145.0
2018-04-13,16.600000381469727,16.639999389648438,16.459999084472656,16.469999313354492,29980986.0
2018-04-16,16.43000030517578,16.469999313354492,16.040000915527344,16.059999465942383,82859461.0
2018-04-17,16.1200008392334,16.239999771118164,16.030000686645508,16.040000915527344,53917995.0
2018-04-18,16.239999771118164,16.25,16.030000686645508,16.110000610351562,61811560.0
2018-04-19,16.1200008392334,16.290000915527344,16.09000015258789,16.190000534057617,37594022.0
2018-04-20,16.110000610351562,16.190000534057617,15.979999542236328,16.15999984741211,58708730.0
2018-04-23,16.059999465942383,16.229999542236328,16.059999465942383,16.15999984741211,40599721.0
2018-04-24,16.149999618530273,16.450000762939453,16.149999618530273,16.440000534057617,51461301.0
2018-04-25,16.34000015258789,16.40999984741211,16.079999923706055,16.1299991607666,70005938.0
2018-04-26,16.149999618530273,16.229999542236328,15.979999542236328,16.110000610351562,66326495.0
2018-04-27,16.1200008392334,16.139999389648438,16.0,16.110000610351562,65127691.0
2018-05-02,16.170000076293945,16.209999084472656,16.0,16.06999969482422,62421919.0
2018-05-03,16.040000915527344,16.100000381469727,15.989999771118164,16.059999465942383,47168657.0
2018-05-04,16.049999237060547,16.100000381469727,16.0,16.0,35074359.0
2018-05-07,16.020000457763672,16.110000610351562,15.960000038146973,16.09000015258789,58460326.0
2018-05-08,16.09000015258789,16.31999969482422,16.09000015258789,16.290000915527344,70915048.0
2018-05-09,16.299999237060547,16.329999923706055,16.190000534057617,16.25,35074925.0
2018-05-10,16.309999465942383,16.350000381469727,16.209999084472656,16.270000457763672,31131223.0
2018-05-11,16.309999465942383,16.389999389648438,16.25,16.31999969482422,37230801.0
2018-05-14,16.3799991607666,16.469999313354492,16.329999923706055,16.3700008392334,49041218.0
2018-05-15,16.40999984741211,16.40999984741211,16.260000228881836,16.34000015258789,31823832.0
2018-05-16,16.280000686645508,16.360000610351562,16.15999984741211,16.170000076293945,37889126.0
2018-05-17,16.200000762939453,16.270000457763672,16.149999618530273,16.170000076293945,27877202.0
2018-05-18,16.170000076293945,16.31999969482422,16.139999389648438,16.309999465942383,36630576.0
2018-05-21,16.3700008392334,16.399999618530273,16.309999465942383,16.34000015258789,39808336.0
2018-05-22,16.350000381469727,16.360000610351562,16.15999984741211,16.219999313354492,33468174.0
2018-05-23,16.200000762939453,16.209999084472656,16.010000228881836,16.020000457763672,46791254.0
2018-05-24,16.020000457763672,16.079999923706055,15.989999771118164,16.0,34807988.0
2018-05-25,16.030000686645508,16.06999969482422,15.979999542236328,16.049999237060547,32665757.0
2018-05-28,16.040000915527344,16.09000015258789,15.970000267028809,16.0,37797515.0
2018-05-29,15.989999771118164,16.09000015258789,15.859999656677246,16.079999923706055,61075544.0
2018-05-30,15.960000038146973,15.979999542236328,15.8100004196167,15.8100004196167,53289111.0
2018-05-31,15.90999984741211,15.989999771118164,15.800000190734863,15.930000305175781,62683510.0
2018-06-01,15.899999618530273,15.949999809265137,15.84000015258789,15.859999656677246,35573237.0
2018-06-04,15.930000305175781,16.049999237060547,15.880000114440918,16.010000228881836,38600765.0
2018-06-05,16.020000457763672,16.020000457763672,15.899999618530273,15.989999771118164,39603684.0
2018-06-06,15.989999771118164,15.989999771118164,15.899999618530273,15.90999984741211,36085377.0
2018-06-07,15.960000038146973,16.09000015258789,15.930000305175781,15.979999542236328,46556229.0
2018-06-08,16.020000457763672,16.040000915527344,15.729999542236328,15.800000190734863,65350863.0
2018-06-11,15.779999732971191,15.90999984741211,15.699999809265137,15.899999618530273,37402341.0
2018-06-12,15.899999618530273,15.9399995803833,15.829999923706055,15.880000114440918,40561918.0
2018-06-13,15.880000114440918,15.989999771118164,15.859999656677246,15.90999984741211,44363840.0
2018-06-14,15.880000114440918,15.989999771118164,15.850000381469727,15.90999984741211,46544275.0
2018-06-15,15.359999656677246,15.460000038146973,15.279999732971191,15.420000076293945,68386526.0
2018-06-19,15.300000190734863,15.550000190734863,15.229999542236328,15.470000267028809,180091378.0
2018-06-20,15.369999885559082,15.420000076293945,15.25,15.270000457763672,47944172.0
2018-06-21,15.3100004196167,15.390000343322754,15.199999809265137,15.229999542236328,39629510.0
2018-06-22,15.180000305175781,15.210000038146973,15.039999961853027,15.149999618530273,36805526.0
2018-06-25,15.210000038146973,15.260000228881836,14.819999694824219,14.850000381469727,49675004.0
2018-06-26,14.819999694824219,14.819999694824219,14.380000114440918,14.5600004196167,60088442.0
2018-06-27,14.470000267028809,14.579999923706055,14.170000076293945,14.319999694824219,58032813.0
2018-06-28,14.199999809265137,14.399999618530273,14.149999618530273,14.229999542236328,41812612.0
2018-06-29,14.279999732971191,14.420000076293945,14.210000038146973,14.399999618530273,39519694.0
2018-07-02,14.380000114440918,14.380000114440918,13.760000228881836,13.819999694824219,67362704.0
2018-07-03,13.859999656677246,13.979999542236328,13.729999542236328,13.930000305175781,63414254.0
2018-07-04,13.880000114440918,14.0,13.8100004196167,13.859999656677246,34031406.0
2018-07-05,13.8100004196167,14.069999694824219,13.779999732971191,14.050000190734863,62675347.0
2018-07-06,13.989999771118164,14.199999809265137,13.869999885559082,14.09000015258789,35955700.0
2018-07-09,14.100000381469727,14.479999542236328,14.09000015258789,14.460000038146973,44919467.0
2018-07-10,14.470000267028809,14.470000267028809,14.260000228881836,14.369999885559082,26017906.0
2018-07-11,14.100000381469727,14.199999809265137,14.020000457763672,14.100000381469727,33079787.0
2018-07-12,14.140000343322754,14.479999542236328,14.119999885559082,14.390000343322754,48072016.0
2018-07-13,14.430000305175781,14.430000305175781,14.34000015258789,14.369999885559082,24711401.0
2018-07-16,14.369999885559082,14.399999618530273,14.119999885559082,14.229999542236328,31878638.0
2018-07-17,14.210000038146973,14.229999542236328,14.079999923706055,14.15999984741211,20353436.0
2018-07-18,14.229999542236328,14.369999885559082,14.069999694824219,14.130000114440918,25732312.0
2018-07-19,14.210000038146973,14.289999961853027,14.130000114440918,14.170000076293945,24081801.0
2018-07-20,14.15999984741211,14.829999923706055,14.109999656677246,14.649999618530273,83117578.0
2018-07-23,14.619999885559082,15.25,14.579999923706055,15.140000343322754,114337932.0
2018-07-24,15.25,15.649999618530273,15.239999771118164,15.300000190734863,101631875.0
2018-07-25,15.40999984741211,15.420000076293945,15.119999885559082,15.300000190734863,41646486.0
2018-07-26,15.329999923706055,15.479999542236328,15.1899995803833,15.229999542236328,42828162.0
2018-07-27,15.220000267028809,15.289999961853027,15.079999923706055,15.180000305175781,29163792.0
2018-07-30,15.15999984741211,15.579999923706055,15.15999984741211,15.449999809265137,48262020.0
2018-07-31,15.420000076293945,15.5600004196167,15.270000457763672,15.449999809265137,40114608.0
2018-08-01,15.59000015258789,15.699999809265137,15.210000038146973,15.220000267028809,57697239.0
2018-08-02,15.180000305175781,15.329999923706055,14.760000228881836,14.90999984741211,54711158.0
2018-08-03,14.90999984741211,15.140000343322754,14.899999618530273,14.949999809265137,34274793.0
2018-08-06,15.020000457763672,15.319999694824219,14.9399995803833,15.010000228881836,45853201.0
2018-08-07,15.130000114440918,15.329999923706055,15.010000228881836,15.319999694824219,43299456.0
2018-08-08,15.319999694824219,15.369999885559082,15.079999923706055,15.119999885559082,32106945.0
2018-08-09,15.069999694824219,15.479999542236328,15.039999961853027,15.430000305175781,50270581.0
2018-08-10,15.430000305175781,15.520000457763672,15.289999961853027,15.399999618530273,27424821.0
2018-08-13,15.300000190734863,15.300000190734863,14.989999771118164,15.15999984741211,51079500.0
2018-08-14,15.149999618530273,15.15999984741211,14.979999542236328,15.09000015258789,30530665.0
2018-08-15,15.100000381469727,15.109999656677246,14.8100004196167,14.829999923706055,32756599.0
2018-08-16,14.609999656677246,14.970000267028809,14.600000381469727,14.84000015258789,34408057.0
2018-08-17,14.979999542236328,14.979999542236328,14.609999656677246,14.680000305175781,27410815.0
2018-08-20,14.84000015258789,14.960000038146973,14.699999809265137,14.9399995803833,41116175.0
2018-08-21,14.949999809265137,15.199999809265137,14.90999984741211,15.15999984741211,38712140.0
2018-08-22,15.149999618530273,15.15999984741211,15.029999732971191,15.109999656677246,17846990.0
2018-08-23,15.109999656677246,15.239999771118164,15.0,15.119999885559082,26332931.0
2018-08-24,15.0600004196167,15.579999923706055,15.010000228881836,15.399999618530273,62555646.0
2018-08-27,15.40999984741211,15.520000457763672,15.270000457763672,15.489999771118164,68699258.0
2018-08-28,15.460000038146973,15.569999694824219,15.399999618530273,15.449999809265137,29362570.0
2018-08-29,15.319999694824219,15.34000015258789,15.140000343322754,15.15999984741211,58480978.0
2018-08-30,15.180000305175781,15.289999961853027,15.0600004196167,15.0600004196167,37422458.0
2018-08-31,15.069999694824219,15.25,15.039999961853027,15.079999923706055,50436978.0
2018-09-03,15.079999923706055,15.170000076293945,15.039999961853027,15.079999923706055,30859150.0
2018-09-04,15.109999656677246,15.34000015258789,15.050000190734863,15.239999771118164,37650823.0
2018-09-05,15.1899995803833,15.260000228881836,14.949999809265137,14.949999809265137,42331094.0
2018-09-06,14.960000038146973,15.020000457763672,14.800000190734863,14.819999694824219,35803743.0
2018-09-07,14.850000381469727,14.970000267028809,14.739999771118164,14.819999694824219,26894991.0
2018-09-10,14.850000381469727,14.869999885559082,14.720000267028809,14.729999542236328,23607896.0
2018-09-11,14.729999542236328,14.829999923706055,14.619999885559082,14.649999618530273,32004732.0
2018-09-12,14.600000381469727,14.84000015258789,14.5,14.710000038146973,28916510.0
2018-09-13,14.869999885559082,14.930000305175781,14.739999771118164,14.899999618530273,33822801.0
2018-09-14,14.949999809265137,14.979999542236328,14.829999923706055,14.869999885559082,21955676.0
2018-09-17,14.850000381469727,14.850000381469727,14.710000038146973,14.770000457763672,17160177.0
2018-09-18,14.75,14.979999542236328,14.720000267028809,14.979999542236328,28647461.0
2018-09-19,14.960000038146973,15.140000343322754,14.930000305175781,15.0600004196167,40680498.0
2018-09-20,15.100000381469727,15.220000267028809,15.100000381469727,15.180000305175781,35504689.0
2018-09-21,15.199999809265137,15.699999809265137,15.130000114440918,15.6899995803833,88488294.0
2018-09-25,15.529999732971191,15.619999885559082,15.470000267028809,15.510000228881836,43371234.0
2018-09-26,15.550000190734863,15.869999885559082,15.539999961853027,15.699999809265137,76398192.0
2018-09-27,15.760000228881836,15.789999961853027,15.550000190734863,15.640000343322754,49481012.0
2018-09-28,15.6899995803833,16.100000381469727,15.649999618530273,15.949999809265137,77479233.0
2018-10-08,15.65999984741211,15.710000038146973,15.260000228881836,15.319999694824219,75980591.0
2018-10-09,15.3100004196167,15.630000114440918,15.289999961853027,15.510000228881836,58223160.0
2018-10-10,15.5600004196167,15.819999694824219,15.5,15.600000381469727,43952924.0
2018-10-11,15.119999885559082,15.350000381469727,14.850000381469727,15.020000457763672,68958418.0
2018-10-12,15.100000381469727,15.399999618530273,15.0,15.329999923706055,53310884.0
2018-10-15,15.34000015258789,15.399999618530273,15.069999694824219,15.119999885559082,37314873.0
2018-10-16,15.130000114440918,15.40999984741211,15.100000381469727,15.149999618530273,46456266.0
2018-10-17,15.300000190734863,15.350000381469727,14.970000267028809,15.199999809265137,51231082.0
2018-10-18,15.210000038146973,15.270000457763672,14.979999542236328,14.989999771118164,44167366.0
2018-10-19,14.979999542236328,15.5600004196167,14.899999618530273,15.470000267028809,74821720.0
2018-10-22,15.59000015258789,15.979999542236328,15.569999694824219,15.8100004196167,87266661.0
2018-10-23,15.819999694824219,15.90999984741211,15.470000267028809,15.529999732971191,58924027.0
2018-10-24,15.550000190734863,16.1299991607666,15.550000190734863,15.819999694824219,82227424.0
2018-10-25,15.529999732971191,16.0,15.479999542236328,15.970000267028809,63072390.0
2018-10-26,16.0,16.100000381469727,15.770000457763672,15.9399995803833,52087729.0
2018-10-29,16.079999923706055,16.200000762939453,15.640000343322754,15.779999732971191,74425730.0
2018-10-30,15.930000305175781,16.149999618530273,15.710000038146973,16.020000457763672,74181910.0
2018-10-31,16.1299991607666,16.190000534057617,15.989999771118164,16.1200008392334,51784317.0
2018-11-01,16.149999618530273,16.190000534057617,15.880000114440918,15.930000305175781,61366828.0
2018-11-02,16.18000030517578,16.440000534057617,16.010000228881836,16.3799991607666,113269692.0
2018-11-05,16.219999313354492,16.34000015258789,16.15999984741211,16.219999313354492,41220367.0
2018-11-06,16.209999084472656,16.209999084472656,15.960000038146973,16.059999465942383,38939584.0
2018-11-07,16.09000015258789,16.329999923706055,16.059999465942383,16.100000381469727,42422580.0
2018-11-08,16.270000457763672,16.280000686645508,16.1200008392334,16.209999084472656,28767401.0
2018-11-09,16.09000015258789,16.09000015258789,15.579999923706055,15.680000305175781,85084904.0
2018-11-12,15.649999618530273,15.8100004196167,15.609999656677246,15.720000267028809,50074232.0
2018-11-13,15.59000015258789,15.880000114440918,15.550000190734863,15.850000381469727,42217388.0
2018-11-14,15.829999923706055,15.9399995803833,15.699999809265137,15.729999542236328,42955013.0
2018-11-15,15.680000305175781,15.899999618530273,15.680000305175781,15.890000343322754,28576597.0
2018-11-16,15.899999618530273,15.949999809265137,15.770000457763672,15.819999694824219,40777752.0
2018-11-19,15.899999618530273,16.059999465942383,15.84000015258789,16.030000686645508,47721871.0
2018-11-20,15.899999618530273,16.06999969482422,15.850000381469727,15.880000114440918,37895773.0
2018-11-21,15.8100004196167,16.020000457763672,15.800000190734863,15.920000076293945,32053771.0
2018-11-22,15.920000076293945,15.9399995803833,15.819999694824219,15.859999656677246,20885703.0
2018-11-23,15.8100004196167,15.970000267028809,15.600000381469727,15.640000343322754,34622166.0
2018-11-26,15.739999771118164,15.829999923706055,15.649999618530273,15.729999542236328,22677155.0
2018-11-27,15.739999771118164,15.779999732971191,15.550000190734863,15.619999885559082,23408734.0
2018-11-28,15.609999656677246,15.850000381469727,15.579999923706055,15.770000457763672,23803490.0
2018-11-29,15.880000114440918,15.890000343322754,15.65999984741211,15.65999984741211,27976904.0
2018-11-30,15.739999771118164,15.9399995803833,15.680000305175781,15.9399995803833,51332650.0
2018-12-03,16.329999923706055,16.329999923706055,16.100000381469727,16.18000030517578,62760796.0
2018-12-04,16.31999969482422,16.31999969482422,16.1299991607666,16.239999771118164,41978768.0
2018-12-05,16.18000030517578,16.229999542236328,16.079999923706055,16.1299991607666,32467923.0
2018-12-06,16.010000228881836,16.100000381469727,15.90999984741211,16.030000686645508,43701383.0
2018-12-07,16.09000015258789,16.139999389648438,16.010000228881836,16.030000686645508,23783731.0
2018-12-10,15.90999984741211,16.020000457763672,15.819999694824219,15.880000114440918,24603674.0
2018-12-11,15.930000305175781,15.970000267028809,15.779999732971191,15.84000015258789,23727866.0
2018-12-12,15.930000305175781,15.930000305175781,15.760000228881836,15.899999618530273,26945906.0
2018-12-13,15.899999618530273,16.06999969482422,15.829999923706055,15.930000305175781,38217787.0
2018-12-14,15.859999656677246,15.930000305175781,15.779999732971191,15.789999961853027,29807926.0
2018-12-17,15.819999694824219,15.920000076293945,15.75,15.859999656677246,34096978.0
2018-12-18,15.800000190734863,15.90999984741211,15.649999618530273,15.65999984741211,33755554.0
2018-12-19,15.75,15.760000228881836,15.460000038146973,15.460000038146973,31051781.0
2018-12-20,15.470000267028809,15.550000190734863,15.119999885559082,15.199999809265137,52043354.0
2018-12-21,15.140000343322754,15.149999618530273,14.890000343322754,15.029999732971191,41102195.0
2018-12-24,14.970000267028809,15.0,14.84000015258789,14.890000343322754,34439325.0
2018-12-25,14.710000038146973,14.920000076293945,14.600000381469727,14.829999923706055,44511205.0
2018-12-26,14.869999885559082,14.9399995803833,14.739999771118164,14.779999732971191,32282289.0
2018-12-27,14.979999542236328,15.0,14.829999923706055,14.869999885559082,37717060.0
2018-12-28,14.920000076293945,15.130000114440918,14.859999656677246,14.9399995803833,40976703.0
2019-01-02,14.949999809265137,14.949999809265137,14.65999984741211,14.739999771118164,33008568.0
2019-01-03,14.739999771118164,14.920000076293945,14.739999771118164,14.850000381469727,26775670.0
2019-01-04,14.789999961853027,15.239999771118164,14.770000457763672,15.199999809265137,46863017.0
2019-01-07,14.789999961853027,15.260000228881836,15.140000343322754,15.170000076293945,36207223.0
2019-01-08,15.220000267028809,15.229999542236328,15.130000114440918,15.229999542236328,22719091.0
2019-01-09,15.289999961853027,15.579999923706055,15.25,15.359999656677246,44257368.0
2019-01-10,15.300000190734863,15.40999984741211,15.229999542236328,15.329999923706055,23819407.0
2019-01-11,15.399999618530273,15.5600004196167,15.359999656677246,15.399999618530273,27299220.0
2019-01-14,15.319999694824219,15.430000305175781,15.210000038146973,15.229999542236328,23806041.0
2019-01-15,15.3100004196167,15.489999771118164,15.25,15.430000305175781,30373746.0
2019-01-16,15.449999809265137,15.479999542236328,15.380000114440918,15.470000267028809,20940413.0
2019-01-17,15.550000190734863,15.5600004196167,15.3100004196167,15.350000381469727,27886304.0
2019-01-18,15.449999809265137,15.680000305175781,15.4399995803833,15.680000305175781,46470752.0
2019-01-21,15.680000305175781,15.829999923706055,15.630000114440918,15.680000305175781,39776457.0
2019-01-22,15.670000076293945,15.720000267028809,15.510000228881836,15.550000190734863,22785284.0
2019-01-23,15.550000190734863,15.630000114440918,15.479999542236328,15.5,18139137.0
2019-01-24,15.5600004196167,15.729999542236328,15.529999732971191,15.65999984741211,28402018.0
2019-01-25,15.760000228881836,16.059999465942383,15.760000228881836,15.989999771118164,63065442.0
2019-01-28,16.09000015258789,16.25,15.90999984741211,15.989999771118164,44940144.0
2019-01-29,16.010000228881836,16.200000762939453,15.930000305175781,16.1299991607666,41768505.0
2019-01-30,16.15999984741211,16.260000228881836,16.059999465942383,16.09000015258789,45965402.0
2019-01-31,16.209999084472656,16.450000762939453,16.18000030517578,16.399999618530273,68595599.0
2019-02-01,16.520000457763672,16.559999465942383,16.299999237060547,16.389999389648438,43038020.0
2019-02-11,16.299999237060547,16.40999984741211,16.190000534057617,16.360000610351562,45245207.0
2019-02-12,16.40999984741211,16.440000534057617,16.25,16.329999923706055,33947543.0
2019-02-13,16.350000381469727,16.700000762939453,16.25,16.59000015258789,73392589.0
2019-02-14,16.549999237060547,16.649999618530273,16.520000457763672,16.530000686645508,37050328.0
2019-02-15,16.479999542236328,16.530000686645508,16.06999969482422,16.110000610351562,54556986.0
2019-02-18,16.260000228881836,16.489999771118164,16.209999084472656,16.450000762939453,53643301.0
2019-02-19,16.520000457763672,16.799999237060547,16.440000534057617,16.549999237060547,65960416.0
2019-02-20,16.690000534057617,16.729999542236328,16.440000534057617,16.530000686645508,36930056.0
2019-02-21,16.579999923706055,16.6200008392334,16.350000381469727,16.399999618530273,48351161.0
2019-02-22,16.350000381469727,16.6200008392334,16.200000762939453,16.610000610351562,58570974.0
2019-02-25,16.729999542236328,17.770000457763672,16.719999313354492,17.690000534057617,177510091.0
2019-02-26,17.690000534057617,17.8799991607666,17.299999237060547,17.3700008392334,131219762.0
2019-02-27,17.56999969482422,18.030000686645508,17.5,17.729999542236328,130307675.0
2019-02-28,17.700000762939453,18.09000015258789,17.600000381469727,17.860000610351562,105384666.0
2019-03-01,17.989999771118164,19.299999237060547,17.860000610351562,19.299999237060547,247429380.0
2019-03-04,19.389999389648438,19.93000030517578,19.1200008392334,19.299999237060547,263373604.0
2019-03-05,19.200000762939453,19.350000381469727,18.969999313354492,19.079999923706055,128983987.0
2019-03-06,19.040000915527344,19.43000030517578,18.899999618530273,19.280000686645508,120934799.0
2019-03-07,19.139999389648438,19.18000030517578,18.639999389648438,18.739999771118164,143321757.0
2019-03-08,18.479999542236328,18.479999542236328,17.829999923706055,17.899999618530273,178206769.0
2019-03-11,17.899999618530273,18.059999465942383,17.790000915527344,17.920000076293945,96863091.0
2019-03-12,18.170000076293945,18.3700008392334,17.829999923706055,17.969999313354492,98935477.0
2019-03-13,17.950000762939453,18.459999084472656,17.799999237060547,18.170000076293945,108162645.0
2019-03-14,18.049999237060547,18.530000686645508,18.049999237060547,18.190000534057617,88312632.0
2019-03-15,18.219999313354492,18.520000457763672,18.18000030517578,18.440000534057617,82399249.0
2019-03-18,18.420000076293945,18.649999618530273,18.219999313354492,18.649999618530273,97203384.0
2019-03-19,18.690000534057617,18.899999618530273,18.510000228881836,18.610000610351562,82350692.0
2019-03-20,18.540000915527344,18.760000228881836,18.299999237060547,18.549999237060547,69578129.0
2019-03-21,18.549999237060547,18.549999237060547,18.260000228881836,18.290000915527344,79458137.0
2019-03-22,18.34000015258789,18.360000610351562,17.90999984741211,18.100000381469727,76291629.0
2019-03-25,17.809999465942383,17.889999389648438,17.5,17.510000228881836,92343442.0
2019-03-26,17.649999618530273,17.649999618530273,17.389999389648438,17.530000686645508,59241241.0
2019-03-27,17.579999923706055,17.780000686645508,17.579999923706055,17.6299991607666,67296292.0
2019-03-28,17.530000686645508,17.579999923706055,17.31999969482422,17.530000686645508,54008961.0
2019-03-29,17.520000457763672,18.200000762939453,17.5,18.170000076293945,131055151.0
2019-04-01,18.360000610351562,18.739999771118164,18.360000610351562,18.649999618530273,164641483.0
2019-04-02,18.739999771118164,19.0,18.739999771118164,18.809999465942383,107064229.0
2019-04-03,18.639999389648438,19.0,18.59000015258789,18.979999542236328,95219248.0
2019-04-04,19.079999923706055,19.469999313354492,19.079999923706055,19.280000686645508,108948746.0
2019-04-08,19.389999389648438,20.079999923706055,19.389999389648438,19.459999084472656,168973373.0
2019-04-09,19.420000076293945,19.670000076293945,19.010000228881836,19.100000381469727,99827269.0
2019-04-10,19.100000381469727,19.3700008392334,18.829999923706055,19.18000030517578,102171929.0
2019-04-11,19.200000762939453,19.40999984741211,18.719999313354492,18.90999984741211,80489010.0
2019-04-12,18.920000076293945,19.020000457763672,18.799999237060547,18.979999542236328,42026042.0
2019-04-15,19.56999969482422,19.950000762939453,19.049999237060547,19.15999984741211,183823239.0
2019-04-16,19.15999984741211,20.65999984741211,19.1200008392334,20.600000381469727,314439886.0
2019-04-17,20.399999618530273,20.610000610351562,20.100000381469727,20.329999923706055,154095230.0
2019-04-18,20.270000457763672,20.360000610351562,20.0,20.1299991607666,71188912.0
2019-04-19,20.260000228881836,20.489999771118164,19.899999618530273,20.299999237060547,102962499.0
2019-04-22,20.18000030517578,20.280000686645508,19.290000915527344,19.3700008392334,158855209.0
2019-04-23,19.360000610351562,19.639999389648438,19.31999969482422,19.40999984741211,81859819.0
2019-04-24,19.530000686645508,19.719999313354492,19.1200008392334,19.399999618530273,90899002.0
2019-04-25,19.3799991607666,19.59000015258789,19.18000030517578,19.25,72735667.0
2019-04-26,19.170000076293945,19.270000457763672,18.950000762939453,18.950000762939453,79857238.0
2019-05-06,19.299999237060547,19.440000534057617,18.760000228881836,19.34000015258789,191047254.0
2019-05-07,19.299999237060547,19.399999618530273,18.969999313354492,19.1299991607666,94647593.0
2019-05-08,18.8799991607666,19.040000915527344,18.56999969482422,18.6299991607666,92670002.0
2019-05-09,18.559999465942383,18.6200008392334,17.979999542236328,18.020000457763672,131163821.0
2019-05-10,18.299999237060547,18.610000610351562,17.809999465942383,18.479999542236328,99451992.0
2019-05-13,18.18000030517578,18.31999969482422,18.059999465942383,18.15999984741211,61453021.0
2019-05-14,18.010000228881836,18.479999542236328,18.0,18.15999984741211,79138979.0
2019-05-15,18.299999237060547,18.729999542236328,18.18000030517578,18.559999465942383,66912318.0
2019-05-16,18.5,18.6299991607666,18.3799991607666,18.549999237060547,49039416.0
2019-05-17,18.639999389648438,18.639999389648438,18.200000762939453,18.290000915527344,51896629.0
2019-05-20,18.270000457763672,18.450000762939453,18.059999465942383,18.209999084472656,48855004.0
2019-05-21,18.229999542236328,18.649999618530273,18.229999542236328,18.34000015258789,67238603.0
2019-05-22,18.219999313354492,18.34000015258789,18.110000610351562,18.200000762939453,53533505.0
2019-05-23,18.1200008392334,18.15999984741211,17.920000076293945,18.049999237060547,46345205.0
2019-05-24,18.170000076293945,18.31999969482422,18.110000610351562,18.239999771118164,38756085.0
2019-05-27,18.020000457763672,18.3799991607666,17.579999923706055,18.110000610351562,101758556.0
2019-05-28,18.049999237060547,18.229999542236328,17.829999923706055,18.049999237060547,97322459.0
2019-05-29,17.899999618530273,17.959999084472656,17.68000030517578,17.68000030517578,113811622.0
2019-05-30,17.68000030517578,17.729999542236328,17.479999542236328,17.600000381469727,82556212.0
2019-05-31,17.68000030517578,17.850000381469727,17.559999465942383,17.56999969482422,74289987.0
2019-06-03,17.549999237060547,17.780000686645508,17.5,17.649999618530273,68381241.0
2019-06-04,17.700000762939453,17.709999084472656,17.610000610351562,17.670000076293945,52685879.0
2019-06-05,17.84000015258789,18.030000686645508,17.780000686645508,17.809999465942383,56399644.0
2019-06-06,17.889999389648438,17.979999542236328,17.809999465942383,17.860000610351562,52688993.0
2019-06-10,17.979999542236328,18.3700008392334,17.940000534057617,18.18000030517578,70085171.0
2019-06-11,18.299999237060547,18.469999313354492,18.229999542236328,18.420000076293945,82432497.0
2019-06-12,18.389999389648438,18.420000076293945,18.260000228881836,18.350000381469727,55752103.0
2019-06-13,18.3700008392334,18.43000030517578,18.25,18.350000381469727,51761738.0
2019-06-14,18.43000030517578,18.489999771118164,18.260000228881836,18.350000381469727,72177793.0
2019-06-17,18.350000381469727,18.639999389648438,18.309999465942383,18.440000534057617,68436116.0
2019-06-18,18.549999237060547,18.559999465942383,18.420000076293945,18.489999771118164,52448584.0
2019-06-19,18.260000228881836,18.360000610351562,18.100000381469727,18.110000610351562,97829837.0
2019-06-20,18.149999618530273,18.950000762939453,18.100000381469727,18.780000686645508,129042906.0
2019-06-21,18.790000915527344,18.940000534057617,18.520000457763672,18.549999237060547,92894108.0
2019-06-24,18.610000610351562,18.700000762939453,18.420000076293945,18.530000686645508,58982338.0
2019-06-25,18.59000015258789,18.600000381469727,18.0,18.1200008392334,101136575.0
2019-06-26,18.170000076293945,18.190000534057617,18.079999923706055,18.1200008392334,39045555.0
2019-06-27,18.190000534057617,18.440000534057617,18.170000076293945,18.34000015258789,61354257.0
2019-06-28,18.3799991607666,18.399999618530273,18.079999923706055,18.290000915527344,51737071.0
2019-07-01,18.6299991607666,18.799999237060547,18.510000228881836,18.59000015258789,93329368.0
2019-07-02,18.600000381469727,18.600000381469727,18.309999465942383,18.450000762939453,87208738.0
2019-07-03,18.440000534057617,18.440000534057617,18.239999771118164,18.329999923706055,55852698.0
2019-07-04,18.360000610351562,18.459999084472656,18.209999084472656,18.290000915527344,55838252.0
2019-07-05,18.31999969482422,18.329999923706055,18.18000030517578,18.270000457763672,43898500.0
2019-07-08,18.149999618530273,18.170000076293945,17.790000915527344,17.790000915527344,72168972.0
2019-07-09,17.799999237060547,17.889999389648438,17.770000457763672,17.81999969482422,41119653.0
2019-07-10,17.93000030517578,17.950000762939453,17.639999389648438,17.719999313354492,40114384.0
2019-07-11,17.850000381469727,17.979999542236328,17.739999771118164,17.790000915527344,47468222.0
2019-07-12,17.84000015258789,18.239999771118164,17.809999465942383,18.18000030517578,74987337.0
2019-07-15,18.09000015258789,18.399999618530273,17.90999984741211,18.290000915527344,74449301.0
2019-07-16,18.280000686645508,18.3799991607666,18.139999389648438,18.170000076293945,44769929.0
2019-07-17,18.049999237060547,18.209999084472656,18.020000457763672,18.059999465942383,41248341.0
2019-07-18,18.1299991607666,18.15999984741211,17.979999542236328,18.09000015258789,44904904.0
2019-07-19,18.190000534057617,18.450000762939453,18.15999984741211,18.40999984741211,76603563.0
2019-07-22,18.420000076293945,18.540000915527344,18.299999237060547,18.3700008392334,66454799.0
2019-07-23,18.489999771118164,18.549999237060547,18.3799991607666,18.510000228881836,58960100.0
2019-07-24,18.600000381469727,18.850000381469727,18.579999923706055,18.729999542236328,93429030.0
2019-07-25,18.75,19.329999923706055,18.75,19.31999969482422,135836093.0
2019-07-26,19.209999084472656,19.309999465942383,19.18000030517578,19.219999313354492,76306461.0
2019-07-29,19.219999313354492,19.309999465942383,19.079999923706055,19.190000534057617,54022275.0
2019-07-30,19.219999313354492,19.719999313354492,19.18000030517578,19.5,86975182.0
2019-07-31,19.420000076293945,19.450000762939453,19.0,19.1299991607666,94811822.0
2019-08-01,19.06999969482422,19.139999389648438,18.81999969482422,18.860000610351562,72968101.0
2019-08-02,18.579999923706055,18.899999618530273,18.549999237060547,18.790000915527344,85213257.0
2019-08-05,18.670000076293945,18.68000030517578,18.299999237060547,18.360000610351562,87581495.0
2019-08-06,18.049999237060547,18.399999618530273,18.0,18.200000762939453,77468707.0
2019-08-07,18.299999237060547,18.469999313354492,18.190000534057617,18.290000915527344,64127082.0
2019-08-08,18.479999542236328,18.780000686645508,18.399999618530273,18.700000762939453,75841321.0
2019-08-09,18.709999084472656,18.860000610351562,18.530000686645508,18.600000381469727,65259085.0
2019-08-12,18.56999969482422,18.850000381469727,18.540000915527344,18.829999923706055,62994247.0
2019-08-13,18.700000762939453,18.770000457763672,18.25,18.3799991607666,72407680.0
2019-08-14,18.610000610351562,18.649999618530273,18.040000915527344,18.09000015258789,158394689.0
2019-08-15,17.799999237060547,18.049999237060547,17.719999313354492,18.049999237060547,89855015.0
2019-08-16,18.0,18.06999969482422,17.8799991607666,17.93000030517578,69804823.0
2019-08-19,17.75,18.059999465942383,17.459999084472656,18.040000915527344,144373715.0
2019-08-20,17.950000762939453,18.299999237060547,17.8799991607666,18.15999984741211,82738557.0
2019-08-21,18.100000381469727,18.239999771118164,18.030000686645508,18.100000381469727,52033748.0
2019-08-22,18.200000762939453,18.290000915527344,18.059999465942383,18.170000076293945,51662449.0
2019-08-23,18.219999313354492,18.440000534057617,18.139999389648438,18.399999618530273,89304540.0
2019-08-26,18.09000015258789,18.190000534057617,17.920000076293945,18.100000381469727,62927734.0
2019-08-27,18.200000762939453,18.34000015258789,18.1200008392334,18.270000457763672,75467591.0
2019-08-28,17.6200008392334,17.799999237060547,17.280000686645508,17.3700008392334,272134259.0
2019-08-29,17.3700008392334,17.3700008392334,17.059999465942383,17.18000030517578,102062492.0
2019-08-30,17.299999237060547,17.309999465942383,17.030000686645508,17.170000076293945,102755794.0
2019-09-02,17.200000762939453,17.34000015258789,17.139999389648438,17.260000228881836,76350253.0
2019-09-03,17.270000457763672,17.309999465942383,17.190000534057617,17.239999771118164,47539027.0
2019-09-04,17.229999542236328,17.610000610351562,17.229999542236328,17.579999923706055,96794748.0
2019-09-05,17.700000762939453,18.020000457763672,17.700000762939453,17.850000381469727,125469980.0
2019-09-06,17.950000762939453,18.0,17.81999969482422,17.969999313354492,60798111.0
2019-09-09,18.049999237060547,18.170000076293945,17.780000686645508,17.790000915527344,103945877.0
2019-09-10,17.799999237060547,17.850000381469727,17.579999923706055,17.65999984741211,72874075.0
2019-09-11,17.75,17.84000015258789,17.6299991607666,17.809999465942383,55878006.0
2019-09-12,17.93000030517578,17.940000534057617,17.770000457763672,17.889999389648438,60176302.0
2019-09-16,17.950000762939453,17.959999084472656,17.790000915527344,17.860000610351562,45609151.0
2019-09-17,17.81999969482422,17.81999969482422,17.459999084472656,17.559999465942383,51540294.0
2019-09-18,17.6200008392334,17.6200008392334,17.43000030517578,17.440000534057617,53166056.0
2019-09-19,17.450000762939453,17.530000686645508,17.360000610351562,17.459999084472656,43738527.0
2019-09-20,17.479999542236328,17.610000610351562,17.450000762939453,17.56999969482422,56072646.0
2019-09-23,17.540000915527344,17.549999237060547,17.34000015258789,17.479999542236328,39880842.0
2019-09-24,17.5,17.549999237060547,17.360000610351562,17.3700008392334,43258124.0
2019-09-25,17.350000381469727,17.459999084472656,17.209999084472656,17.31999969482422,42079090.0
2019-09-26,17.3799991607666,17.700000762939453,17.360000610351562,17.510000228881836,93166166.0
2019-09-27,17.59000015258789,17.729999542236328,17.3799991607666,17.690000534057617,66401628.0
2019-09-30,17.59000015258789,17.799999237060547,17.530000686645508,17.530000686645508,45842783.0
2019-10-08,17.520000457763672,18.079999923706055,17.510000228881836,17.959999084472656,103615983.0
2019-10-09,17.84000015258789,18.540000915527344,17.81999969482422,18.299999237060547,151844209.0
2019-10-10,18.25,18.489999771118164,18.219999313354492,18.31999969482422,61460041.0
2019-10-11,18.469999313354492,18.770000457763672,18.3799991607666,18.65999984741211,107089696.0
2019-10-14,18.81999969482422,19.420000076293945,18.81999969482422,19.010000228881836,140409114.0
2019-10-15,19.030000686645508,19.1200008392334,18.8799991607666,19.06999969482422,77158607.0
2019-10-16,19.100000381469727,19.610000610351562,18.93000030517578,19.079999923706055,104571345.0
2019-10-17,19.079999923706055,19.219999313354492,18.93000030517578,19.030000686645508,47395604.0
2019-10-18,19.110000610351562,19.309999465942383,18.600000381469727,18.729999542236328,82344150.0
2019-10-21,18.6200008392334,19.06999969482422,18.6200008392334,19.0,63411889.0
2019-10-22,19.079999923706055,19.100000381469727,18.780000686645508,18.93000030517578,46229841.0
2019-10-23,18.959999084472656,19.059999465942383,18.81999969482422,18.940000534057617,36083599.0
2019-10-24,19.0,19.209999084472656,18.899999618530273,19.030000686645508,58953545.0
2019-10-25,18.969999313354492,19.0,18.649999618530273,18.850000381469727,50642314.0
2019-10-28,18.850000381469727,19.020000457763672,18.649999618530273,18.700000762939453,53008530.0
2019-10-29,18.770000457763672,18.799999237060547,18.610000610351562,18.670000076293945,36255555.0
2019-10-30,18.8799991607666,19.200000762939453,18.760000228881836,18.920000076293945,96304959.0
2019-10-31,18.860000610351562,18.899999618530273,18.6299991607666,18.719999313354492,49903574.0
2019-11-01,18.790000915527344,19.450000762939453,18.68000030517578,19.389999389648438,143497819.0
2019-11-04,19.649999618530273,20.010000228881836,19.600000381469727,19.829999923706055,120115720.0
2019-11-05,19.8700008392334,20.25,19.75,20.0,144932221.0
2019-11-06,20.139999389648438,20.299999237060547,19.889999389648438,20.170000076293945,117727668.0
2019-11-07,20.170000076293945,20.290000915527344,20.049999237060547,20.149999618530273,66158884.0
2019-11-08,20.200000762939453,20.25,19.8799991607666,19.8799991607666,73614419.0
2019-11-11,19.700000762939453,19.8700008392334,19.6200008392334,19.68000030517578,72516796.0
2019-11-12,19.760000228881836,19.899999618530273,19.670000076293945,19.739999771118164,53098945.0
2019-11-13,19.739999771118164,19.770000457763672,19.3700008392334,19.5,64930507.0
2019-11-14,19.56999969482422,19.639999389648438,19.1299991607666,19.270000457763672,65448819.0
2019-11-15,19.420000076293945,19.649999618530273,19.260000228881836,19.469999313354492,59319866.0
2019-11-18,19.469999313354492,19.969999313354492,19.450000762939453,19.93000030517578,66020173.0
2019-11-19,19.790000915527344,19.959999084472656,19.729999542236328,19.84000015258789,40384700.0
2019-11-20,19.75,19.850000381469727,19.110000610351562,19.15999984741211,85776565.0
2019-11-21,19.030000686645508,19.329999923706055,18.90999984741211,19.139999389648438,48724226.0
2019-11-22,19.270000457763672,19.280000686645508,19.0,19.06999969482422,42944577.0
2019-11-25,19.200000762939453,19.3700008392334,19.15999984741211,19.309999465942383,38490626.0
2019-11-26,19.34000015258789,19.3700008392334,19.020000457763672,19.030000686645508,57037376.0
2019-11-27,19.079999923706055,19.149999618530273,19.0,19.139999389648438,42359403.0
2019-11-28,19.110000610351562,19.15999984741211,18.899999618530273,18.969999313354492,34698841.0
2019-11-29,18.989999771118164,19.09000015258789,18.81999969482422,18.889999389648438,40607791.0
2019-12-02,18.940000534057617,19.06999969482422,18.8700008392334,18.920000076293945,29878556.0
2019-12-03,18.84000015258789,19.100000381469727,18.760000228881836,19.059999465942383,35096541.0
2019-12-04,18.889999389648438,19.0,18.760000228881836,18.90999984741211,30412012.0
2019-12-05,18.979999542236328,19.100000381469727,18.920000076293945,19.020000457763672,39906758.0
2019-12-06,19.059999465942383,19.06999969482422,18.799999237060547,18.93000030517578,41677764.0
2019-12-09,18.850000381469727,18.920000076293945,18.799999237060547,18.90999984741211,42619497.0
2019-12-10,18.809999465942383,19.010000228881836,18.809999465942383,18.860000610351562,29907133.0
2019-12-11,18.950000762939453,19.34000015258789,18.899999618530273,19.299999237060547,64086469.0
2019-12-12,19.350000381469727,19.350000381469727,19.079999923706055,19.229999542236328,34873925.0
2019-12-13,19.5,19.610000610351562,19.360000610351562,19.610000610351562,77118546.0
2019-12-16,19.510000228881836,19.670000076293945,19.399999618530273,19.639999389648438,60088326.0
2019-12-17,19.68000030517578,20.1200008392334,19.549999237060547,19.979999542236328,104887002.0
2019-12-18,19.920000076293945,20.200000762939453,19.920000076293945,20.0,60676990.0
2019-12-19,20.020000457763672,20.18000030517578,19.799999237060547,19.90999984741211,55359616.0
2019-12-20,19.93000030517578,20.15999984741211,19.93000030517578,19.979999542236328,50582959.0
2019-12-23,20.100000381469727,20.149999618530273,19.75,19.760000228881836,51214764.0
2019-12-24,19.81999969482422,20.06999969482422,19.81999969482422,19.899999618530273,46769041.0
2019-12-25,19.899999618530273,19.93000030517578,19.639999389648438,19.760000228881836,38471938.0
2019-12-26,19.709999084472656,19.979999542236328,19.709999084472656,19.959999084472656,34433043.0
2019-12-27,19.90999984741211,20.25,19.899999618530273,19.959999084472656,67399799.0
2019-12-30,19.799999237060547,19.84000015258789,19.440000534057617,19.760000228881836,114598768.0
2019-12-31,19.739999771118164,19.809999465942383,19.549999237060547,19.799999237060547,54259176.0
2020-01-02,20.06999969482422,20.420000076293945,20.049999237060547,20.209999084472656,113002843.0
2020-01-03,20.200000762939453,20.299999237060547,20.100000381469727,20.139999389648438,65929102.0
2020-01-06,20.059999465942383,20.239999771118164,19.850000381469727,19.90999984741211,70916486.0
2020-01-07,20.0,20.25,19.860000610351562,19.989999771118164,56116255.0
2020-01-08,19.579999923706055,19.579999923706055,19.579999923706055,19.579999923706055,88173151.0
2020-01-09,19.770000457763672,19.799999237060547,19.56999969482422,19.68000030517578,66337925.0
2020-01-10,19.700000762939453,19.739999771118164,19.56999969482422,19.690000534057617,42380746.0
2020-01-13,19.700000762939453,19.700000762939453,19.700000762939453,19.700000762939453,60018324.0
2020-01-14,19.75,19.75,19.75,19.75,53764030.0
2020-01-15,19.780000686645508,19.790000915527344,19.420000076293945,19.489999771118164,60002110.0
2020-01-16,19.530000686645508,19.600000381469727,19.190000534057617,19.270000457763672,82735839.0
2020-01-17,19.270000457763672,19.40999984741211,19.18000030517578,19.25,44044257.0
2020-01-20,19.280000686645508,19.420000076293945,19.219999313354492,19.399999618530273,42989586.0
2020-01-21,19.299999237060547,19.329999923706055,19.020000457763672,19.06999969482422,61075649.0
2020-01-22,19.020000457763672,19.229999542236328,18.93000030517578,19.1299991607666,55354318.0
2020-01-23,19.010000228881836,19.020000457763672,18.510000228881836,18.59000015258789,108558674.0
2020-02-03,16.809999465942383,17.65999984741211,16.799999237060547,17.110000610351562,162905880.0
2020-02-04,17.209999084472656,17.6200008392334,17.18000030517578,17.540000915527344,100023231.0
2020-02-05,17.559999465942383,17.639999389648438,17.360000610351562,17.530000686645508,88639852.0
2020-02-06,17.649999618530273,17.75,17.450000762939453,17.65999984741211,72349473.0
2020-02-07,17.469999313354492,17.639999389648438,17.389999389648438,17.610000610351562,59983475.0
2020-02-10,17.459999084472656,17.559999465942383,17.43000030517578,17.520000457763672,50700227.0
2020-02-11,17.600000381469727,17.850000381469727,17.600000381469727,17.690000534057617,61639160.0
2020-02-12,17.739999771118164,17.75,17.559999465942383,17.719999313354492,43280750.0
2020-02-13,17.700000762939453,17.75,17.540000915527344,17.579999923706055,50273755.0
2020-02-14,17.530000686645508,17.799999237060547,17.510000228881836,17.75,52585193.0
2020-02-17,17.770000457763672,18.190000534057617,17.670000076293945,18.149999618530273,86821374.0
2020-02-18,18.06999969482422,18.139999389648438,17.850000381469727,17.899999618530273,62314552.0
2020-02-19,17.90999984741211,18.079999923706055,17.809999465942383,17.889999389648438,44935314.0
2020-02-20,17.950000762939453,18.219999313354492,17.850000381469727,18.149999618530273,75034413.0
2020-02-21,18.040000915527344,18.260000228881836,18.010000228881836,18.079999923706055,67819010.0
2020-02-24,18.010000228881836,18.100000381469727,17.829999923706055,17.84000015258789,73482558.0
2020-02-25,17.649999618530273,17.829999923706055,17.549999237060547,17.709999084472656,75724267.0
2020-02-26,17.559999465942383,17.93000030517578,17.5,17.700000762939453,83158727.0
2020-02-27,17.739999771118164,17.8799991607666,17.709999084472656,17.81999969482422,61747348.0
2020-02-28,17.6299991607666,17.760000228881836,17.239999771118164,17.290000915527344,87538756.0
2020-03-02,17.389999389648438,17.649999618530273,17.309999465942383,17.59000015258789,76393760.0
2020-03-03,17.709999084472656,17.799999237060547,17.610000610351562,17.65999984741211,62925289.0
2020-03-04,17.649999618530273,17.729999542236328,17.530000686645508,17.709999084472656,53051104.0
2020-03-05,17.81999969482422,18.34000015258789,17.729999542236328,18.290000915527344,119841366.0
2020-03-06,18.100000381469727,18.190000534057617,17.899999618530273,17.920000076293945,69895675.0
2020-03-09,17.600000381469727,17.600000381469727,17.329999923706055,17.3700008392334,97301777.0
2020-03-10,17.3700008392334,17.639999389648438,17.290000915527344,17.56999969482422,75835320.0
2020-03-11,17.610000610351562,17.6299991607666,17.34000015258789,17.350000381469727,64169722.0
2020-03-12,17.329999923706055,17.440000534057617,17.139999389648438,17.190000534057617,75727504.0
2020-03-13,16.600000381469727,16.979999542236328,16.469999313354492,16.860000610351562,130532280.0
2020-03-16,16.8700008392334,16.8799991607666,16.15999984741211,16.209999084472656,106512574.0
2020-03-17,16.200000762939453,16.549999237060547,15.920000076293945,16.110000610351562,89590955.0
2020-03-18,16.170000076293945,16.270000457763672,15.670000076293945,15.699999809265137,81747178.0
2020-03-19,15.569999694824219,15.680000305175781,14.930000305175781,15.010000228881836,169345051.0
2020-03-20,15.199999809265137,15.59000015258789,15.079999923706055,15.399999618530273,106374257.0
2020-03-23,15.0,15.210000038146973,14.960000038146973,15.010000228881836,85680516.0
2020-03-24,15.369999885559082,15.479999542236328,15.220000267028809,15.430000305175781,82955734.0
2020-03-25,15.760000228881836,15.90999984741211,15.600000381469727,15.829999923706055,86930252.0
2020-03-26,15.800000190734863,16.579999923706055,15.720000267028809,16.190000534057617,117356964.0
2020-03-27,16.399999618530273,16.479999542236328,16.209999084472656,16.280000686645508,58406233.0
2020-03-30,16.079999923706055,16.229999542236328,16.0,16.200000762939453,54214981.0
2020-03-31,16.290000915527344,16.360000610351562,15.899999618530273,15.90999984741211,52381633.0
2020-04-01,15.920000076293945,16.18000030517578,15.90999984741211,15.960000038146973,49892328.0
2020-04-02,15.899999618530273,16.06999969482422,15.850000381469727,16.06999969482422,40348552.0
2020-04-03,16.030000686645508,16.100000381469727,15.899999618530273,16.059999465942383,42080765.0
2020-04-07,16.280000686645508,16.360000610351562,16.15999984741211,16.209999084472656,66067823.0
2020-04-08,16.1200008392334,16.190000534057617,16.0,16.049999237060547,40059089.0
2020-04-09,16.139999389648438,16.15999984741211,16.010000228881836,16.030000686645508,27103032.0
2020-04-10,16.040000915527344,16.25,15.979999542236328,16.149999618530273,45705256.0
2020-04-13,16.06999969482422,16.079999923706055,15.890000343322754,15.949999809265137,37561970.0
2020-04-14,16.030000686645508,16.139999389648438,15.920000076293945,16.139999389648438,56465413.0
2020-04-15,16.1200008392334,16.1200008392334,15.979999542236328,16.0,33336266.0
2020-04-16,15.930000305175781,15.989999771118164,15.850000381469727,15.920000076293945,38100014.0
2020-04-17,16.020000457763672,16.139999389648438,15.930000305175781,16.059999465942383,61389950.0
2020-04-20,16.010000228881836,16.030000686645508,15.850000381469727,15.930000305175781,55580615.0
2020-04-21,15.890000343322754,15.989999771118164,15.770000457763672,15.800000190734863,41148011.0
2020-04-22,15.800000190734863,15.819999694824219,15.680000305175781,15.800000190734863,36242225.0
2020-04-23,15.850000381469727,15.850000381469727,15.680000305175781,15.710000038146973,33778360.0
2020-04-24,15.739999771118164,15.739999771118164,15.569999694824219,15.619999885559082,39099983.0
2020-04-27,15.729999542236328,16.100000381469727,15.6899995803833,16.020000457763672,65979664.0
2020-04-28,16.06999969482422,16.09000015258789,15.869999885559082,16.09000015258789,47370014.0
2020-04-29,16.0,16.549999237060547,15.979999542236328,16.510000228881836,93077739.0
2020-04-30,16.559999465942383,16.889999389648438,16.530000686645508,16.6200008392334,59744026.0
2020-05-06,16.329999923706055,16.450000762939453,16.18000030517578,16.329999923706055,68618199.0
2020-05-07,16.329999923706055,16.329999923706055,16.139999389648438,16.15999984741211,48901756.0
2020-05-08,16.260000228881836,16.520000457763672,16.209999084472656,16.3700008392334,49902968.0
2020-05-11,16.389999389648438,16.530000686645508,16.350000381469727,16.389999389648438,43817420.0
2020-05-12,16.399999618530273,16.489999771118164,16.209999084472656,16.239999771118164,40425963.0
2020-05-13,16.18000030517578,16.270000457763672,16.1299991607666,16.25,31694385.0
2020-05-14,16.200000762939453,16.200000762939453,15.989999771118164,16.020000457763672,43447149.0
2020-05-15,16.1200008392334,16.149999618530273,16.010000228881836,16.049999237060547,29467290.0
2020-05-18,16.030000686645508,16.149999618530273,15.930000305175781,16.030000686645508,37344329.0
2020-05-19,16.25,16.309999465942383,16.09000015258789,16.1200008392334,36309735.0
2020-05-20,16.1200008392334,16.239999771118164,16.030000686645508,16.200000762939453,40138809.0
2020-05-21,16.239999771118164,16.34000015258789,16.09000015258789,16.110000610351562,40433618.0
2020-05-22,16.079999923706055,16.1299991607666,15.75,15.779999732971191,64487078.0
2020-05-25,15.949999809265137,15.949999809265137,15.680000305175781,15.84000015258789,32654953.0
2020-05-26,15.899999618530273,15.90999984741211,15.800000190734863,15.859999656677246,31065946.0
2020-05-27,15.899999618530273,16.09000015258789,15.850000381469727,15.949999809265137,32787996.0
2020-05-28,15.989999771118164,16.290000915527344,15.979999542236328,16.149999618530273,53012906.0
2020-05-29,16.049999237060547,16.110000610351562,15.970000267028809,16.100000381469727,39976764.0
2020-06-01,16.149999618530273,16.299999237060547,16.110000610351562,16.270000457763672,67300902.0
2020-06-02,16.200000762939453,16.440000534057617,16.200000762939453,16.389999389648438,56674467.0
2020-06-03,16.489999771118164,16.719999313354492,16.329999923706055,16.329999923706055,70046065.0
2020-06-04,16.420000076293945,16.440000534057617,16.229999542236328,16.25,40454658.0
2020-06-05,16.299999237060547,16.299999237060547,16.1299991607666,16.209999084472656,41335533.0
2020-06-08,16.229999542236328,16.350000381469727,16.1299991607666,16.149999618530273,67449291.0
2020-06-09,16.170000076293945,16.270000457763672,16.110000610351562,16.25,53338672.0
2020-06-10,16.25,16.25,16.0,16.020000457763672,70881218.0
2020-06-11,16.030000686645508,16.049999237060547,15.770000457763672,15.8100004196167,85912861.0
2020-06-12,15.6899995803833,15.970000267028809,15.65999984741211,15.970000267028809,93644854.0
2020-06-15,15.770000457763672,15.800000190734863,15.630000114440918,15.630000114440918,86776365.0
2020-06-16,15.729999542236328,15.8100004196167,15.6899995803833,15.770000457763672,52917066.0
2020-06-17,15.739999771118164,15.770000457763672,15.680000305175781,15.739999771118164,45936374.0
2020-06-18,15.619999885559082,15.789999961853027,15.550000190734863,15.75,66119872.0
2020-06-19,15.75,15.789999961853027,15.649999618530273,15.770000457763672,88448352.0
2020-06-22,15.739999771118164,15.789999961853027,15.65999984741211,15.680000305175781,71742843.0
2020-06-23,15.670000076293945,15.6899995803833,15.579999923706055,15.59000015258789,58516753.0
2020-06-24,15.670000076293945,15.869999885559082,15.640000343322754,15.84000015258789,86683812.0
2020-06-29,15.90999984741211,16.010000228881836,15.729999542236328,15.789999961853027,83013715.0
2020-06-30,15.869999885559082,15.899999618530273,15.729999542236328,15.779999732971191,53332554.0
2020-07-01,15.819999694824219,16.209999084472656,15.770000457763672,16.149999618530273,111584839.0
2020-07-02,16.100000381469727,16.549999237060547,16.059999465942383,16.549999237060547,150159463.0
2020-07-03,16.65999984741211,17.0,16.56999969482422,16.969999313354492,166193665.0
2020-07-06,17.18000030517578,18.670000076293945,17.18000030517578,18.6299991607666,353079291.0
2020-07-07,18.950000762939453,19.34000015258789,18.299999237060547,18.350000381469727,280391688.0
2020-07-08,18.43000030517578,18.8700008392334,18.280000686645508,18.6299991607666,217752356.0
2020-07-09,18.549999237060547,18.579999923706055,18.25,18.350000381469727,185966799.0
2020-07-10,18.25,18.299999237060547,17.520000457763672,17.600000381469727,207990967.0
2020-07-13,17.459999084472656,17.799999237060547,17.34000015258789,17.510000228881836,207303609.0
2020-07-14,17.520000457763672,17.600000381469727,17.18000030517578,17.350000381469727,169389718.0
2020-07-15,16.780000686645508,16.780000686645508,16.229999542236328,16.239999771118164,170203294.0
2020-07-16,16.31999969482422,16.579999923706055,16.100000381469727,16.1200008392334,135220550.0
2020-07-17,16.270000457763672,16.350000381469727,15.970000267028809,16.09000015258789,95675473.0
2020-07-20,16.239999771118164,16.549999237060547,16.059999465942383,16.479999542236328,143491010.0
2020-07-21,16.510000228881836,16.510000228881836,16.270000457763672,16.350000381469727,79902133.0
2020-07-22,16.360000610351562,16.549999237060547,16.229999542236328,16.280000686645508,125632865.0
2020-07-23,16.15999984741211,16.229999542236328,15.899999618530273,15.989999771118164,116040515.0
2020-07-24,15.949999809265137,15.979999542236328,15.600000381469727,15.65999984741211,137355378.0
2020-07-27,15.770000457763672,15.880000114440918,15.5,15.539999961853027,95470182.0
2020-07-28,15.65999984741211,15.729999542236328,15.529999732971191,15.600000381469727,59228957.0
2020-07-29,15.600000381469727,15.880000114440918,15.550000190734863,15.8100004196167,86166790.0
2020-07-30,15.8100004196167,15.850000381469727,15.649999618530273,15.649999618530273,61780760.0
2020-07-31,15.699999809265137,15.899999618530273,15.569999694824219,15.65999984741211,98228702.0
2020-08-03,15.770000457763672,15.829999923706055,15.649999618530273,15.770000457763672,105847717.0
2020-08-04,15.819999694824219,16.309999465942383,15.770000457763672,16.15999984741211,173794690.0
2020-08-05,16.079999923706055,16.079999923706055,15.850000381469727,15.899999618530273,107517983.0
2020-08-06,15.949999809265137,16.079999923706055,15.739999771118164,15.979999542236328,89011281.0
2020-08-07,15.880000114440918,16.0,15.670000076293945,15.729999542236328,106059197.0
2020-08-10,15.739999771118164,15.90999984741211,15.649999618530273,15.829999923706055,108185182.0
2020-08-11,15.8100004196167,16.190000534057617,15.789999961853027,15.84000015258789,161033167.0
2020-08-12,15.869999885559082,16.020000457763672,15.8100004196167,16.010000228881836,98905715.0
2020-08-13,16.1200008392334,16.1299991607666,15.90999984741211,15.9399995803833,82214708.0
2020-08-14,15.979999542236328,16.110000610351562,15.869999885559082,16.100000381469727,96551885.0
2020-08-17,16.110000610351562,16.709999084472656,16.09000015258789,16.5,257045696.0
2020-08-18,16.40999984741211,16.479999542236328,16.15999984741211,16.260000228881836,138862654.0
2020-08-19,16.200000762939453,16.260000228881836,16.020000457763672,16.040000915527344,115740083.0
2020-08-20,15.989999771118164,16.0,15.8100004196167,15.890000343322754,93503801.0
2020-08-21,15.949999809265137,15.970000267028809,15.859999656677246,15.9399995803833,67074395.0
2020-08-24,15.979999542236328,15.989999771118164,15.829999923706055,15.850000381469727,75529740.0
2020-08-25,15.880000114440918,15.949999809265137,15.8100004196167,15.869999885559082,55088974.0
2020-08-26,15.84000015258789,15.880000114440918,15.6899995803833,15.710000038146973,75622712.0
2020-08-27,15.710000038146973,15.739999771118164,15.600000381469727,15.710000038146973,66087934.0
2020-08-28,15.6899995803833,15.9399995803833,15.619999885559082,15.920000076293945,97789651.0
2020-08-31,16.280000686645508,16.6299991607666,16.15999984741211,16.15999984741211,341981258.0
2020-09-01,16.100000381469727,16.540000915527344,16.06999969482422,16.350000381469727,141792276.0
2020-09-02,16.3700008392334,16.450000762939453,16.149999618530273,16.31999969482422,110940457.0
2020-09-03,16.350000381469727,16.520000457763672,16.209999084472656,16.280000686645508,88664584.0
2020-09-04,16.15999984741211,16.280000686645508,16.049999237060547,16.1200008392334,76287488.0
2020-09-07,16.09000015258789,16.3799991607666,16.09000015258789,16.190000534057617,92904185.0
2020-09-08,16.31999969482422,16.610000610351562,16.31999969482422,16.510000228881836,144972829.0
2020-09-09,16.399999618530273,16.600000381469727,16.299999237060547,16.31999969482422,98861717.0
2020-09-10,16.40999984741211,16.459999084472656,16.190000534057617,16.239999771118164,87724069.0
2020-09-11,16.219999313354492,16.290000915527344,16.059999465942383,16.1299991607666,66158419.0
2020-09-14,16.15999984741211,16.219999313354492,16.030000686645508,16.1200008392334,60936868.0
2020-09-15,16.079999923706055,16.209999084472656,16.010000228881836,16.09000015258789,52870006.0
2020-09-16,16.100000381469727,16.219999313354492,16.049999237060547,16.139999389648438,57336866.0
2020-09-17,16.139999389648438,16.190000534057617,15.970000267028809,15.979999542236328,73366060.0
2020-09-18,16.020000457763672,16.399999618530273,15.9399995803833,16.399999618530273,136033865.0
2020-09-21,16.3700008392334,16.530000686645508,16.329999923706055,16.440000534057617,104181486.0
2020-09-22,16.360000610351562,16.469999313354492,16.219999313354492,16.25,67087105.0
2020-09-23,16.290000915527344,16.31999969482422,16.1299991607666,16.149999618530273,52918147.0
2020-09-24,16.100000381469727,16.139999389648438,15.930000305175781,15.960000038146973,83283359.0
2020-09-25,16.0,16.049999237060547,15.899999618530273,15.949999809265137,53554950.0
2020-09-28,15.979999542236328,16.049999237060547,15.920000076293945,15.989999771118164,36450338.0
2020-09-29,16.040000915527344,16.079999923706055,15.899999618530273,15.899999618530273,58171366.0
2020-09-30,16.09000015258789,16.290000915527344,16.0,16.1299991607666,106541476.0
2020-10-09,16.350000381469727,16.43000030517578,16.15999984741211,16.170000076293945,100676313.0
2020-10-12,16.239999771118164,16.770000457763672,16.170000076293945,16.739999771118164,235514198.0
2020-10-13,16.700000762939453,16.8700008392334,16.65999984741211,16.770000457763672,118694460.0
2020-10-14,16.889999389648438,16.889999389648438,16.6299991607666,16.75,76600599.0
2020-10-15,16.65999984741211,17.299999237060547,16.65999984741211,17.010000228881836,198934810.0
2020-10-16,17.010000228881836,17.799999237060547,16.989999771118164,17.639999389648438,239888457.0
2020-10-19,17.950000762939453,18.350000381469727,17.639999389648438,17.670000076293945,240130793.0
2020-10-20,17.780000686645508,17.8799991607666,17.520000457763672,17.799999237060547,116541587.0
2020-10-21,17.799999237060547,18.200000762939453,17.670000076293945,18.170000076293945,149187337.0
2020-10-22,18.31999969482422,18.59000015258789,18.030000686645508,18.219999313354492,120689655.0
2020-10-23,18.190000534057617,18.75,18.100000381469727,18.31999969482422,146843915.0
2020-10-26,18.360000610351562,18.450000762939453,17.700000762939453,17.780000686645508,132342579.0
2020-10-27,17.790000915527344,17.950000762939453,17.600000381469727,17.799999237060547,75528173.0
2020-10-28,17.809999465942383,18.0,17.43000030517578,17.520000457763672,98473242.0
2020-10-29,17.350000381469727,18.0,17.329999923706055,17.799999237060547,105363409.0
2020-10-30,17.899999618530273,18.229999542236328,17.610000610351562,17.799999237060547,126100040.0
2020-11-02,17.93000030517578,18.06999969482422,17.59000015258789,17.799999237060547,100161378.0
2020-11-03,18.049999237060547,18.450000762939453,17.8799991607666,17.90999984741211,122337559.0
2020-11-04,18.200000762939453,18.450000762939453,18.049999237060547,18.350000381469727,109999325.0
2020-11-05,18.549999237060547,18.559999465942383,18.09000015258789,18.18000030517578,89105131.0
2020-11-06,18.100000381469727,18.110000610351562,17.690000534057617,17.989999771118164,91056945.0
2020-11-09,18.170000076293945,18.290000915527344,17.90999984741211,17.989999771118164,101628113.0
2020-11-10,18.280000686645508,18.760000228881836,18.260000228881836,18.559999465942383,173231406.0
2020-11-11,18.5,18.829999923706055,18.420000076293945,18.68000030517578,117725165.0
2020-11-12,18.59000015258789,18.68000030517578,18.450000762939453,18.489999771118164,61619114.0
2020-11-13,18.299999237060547,18.299999237060547,17.65999984741211,17.770000457763672,162757455.0
2020-11-16,17.860000610351562,17.8799991607666,17.600000381469727,17.670000076293945,98215367.0
2020-11-17,17.729999542236328,18.0,17.6200008392334,17.90999984741211,78142752.0
2020-11-18,18.020000457763672,19.3799991607666,18.010000228881836,19.200000762939453,321856669.0
2020-11-19,19.18000030517578,19.450000762939453,19.049999237060547,19.329999923706055,177796659.0
2020-11-20,18.850000381469727,19.200000762939453,18.790000915527344,19.020000457763672,130107209.0
2020-11-23,19.020000457763672,20.020000457763672,18.979999542236328,19.940000534057617,234556668.0
2020-11-24,19.940000534057617,20.25,19.889999389648438,20.079999923706055,134749169.0
2020-11-25,20.299999237060547,20.329999923706055,19.65999984741211,19.760000228881836,99166414.0
2020-11-26,19.920000076293945,20.420000076293945,19.799999237060547,20.40999984741211,147540666.0
2020-11-27,20.469999313354492,20.649999618530273,20.270000457763672,20.610000610351562,130035184.0
2020-11-30,20.889999389648438,22.06999969482422,20.889999389648438,21.020000457763672,287062865.0
2020-12-01,21.260000228881836,21.790000915527344,21.0,21.600000381469727,160493957.0
2020-12-02,21.459999084472656,21.690000534057617,21.020000457763672,21.299999237060547,114089184.0
2020-12-03,21.329999923706055,21.610000610351562,21.049999237060547,21.239999771118164,80559159.0
2020-12-04,21.15999984741211,21.209999084472656,20.700000762939453,21.1200008392334,103519616.0
2020-12-07,21.1200008392334,21.229999542236328,20.139999389648438,20.5,140752216.0
2020-12-08,20.5,20.790000915527344,20.200000762939453,20.260000228881836,106833476.0
2020-12-09,20.479999542236328,20.809999465942383,20.399999618530273,20.450000762939453,102050564.0
2020-12-10,20.43000030517578,20.6299991607666,20.09000015258789,20.280000686645508,79746280.0
2020-12-11,20.43000030517578,20.6200008392334,20.030000686645508,20.1200008392334,102690091.0
2020-12-14,20.479999542236328,20.65999984741211,20.229999542236328,20.530000686645508,98305482.0
2020-12-15,20.510000228881836,20.510000228881836,19.610000610351562,20.079999923706055,124456964.0
2020-12-16,20.15999984741211,20.600000381469727,20.100000381469727,20.420000076293945,82570765.0
2020-12-17,20.520000457763672,20.790000915527344,19.940000534057617,20.770000457763672,110691073.0
2020-12-18,20.6299991607666,20.790000915527344,20.18000030517578,20.459999084472656,97256385.0
2020-12-21,20.399999618530273,20.399999618530273,19.950000762939453,20.139999389648438,90327452.0
2020-12-22,20.149999618530273,20.40999984741211,19.739999771118164,19.809999465942383,102622995.0
2020-12-23,19.790000915527344,20.020000457763672,19.469999313354492,19.81999969482422,81430273.0
2020-12-24,19.989999771118164,20.3700008392334,19.899999618530273,20.170000076293945,83992640.0
2020-12-25,20.25,20.360000610351562,19.68000030517578,20.209999084472656,60317699.0
2020-12-28,20.059999465942383,20.690000534057617,20.0,20.489999771118164,101579547.0
2020-12-29,20.540000915527344,20.90999984741211,20.520000457763672,20.6299991607666,107940479.0
2020-12-30,20.559999465942383,20.899999618530273,20.450000762939453,20.899999618530273,85749399.0
2020-12-31,20.969999313354492,21.25,20.6200008392334,20.8700008392334,113844353.0
2021-01-04,20.25,20.25,19.559999465942383,19.649999618530273,242679863.0
2021-01-05,19.520000457763672,19.540000915527344,18.639999389648438,18.860000610351562,234960126.0
2021-01-06,18.8700008392334,19.729999542236328,18.850000381469727,19.729999542236328,174279017.0
2021-01-07,19.799999237060547,20.200000762939453,19.700000762939453,20.100000381469727,141100770.0
2021-01-08,20.110000610351562,20.489999771118164,19.979999542236328,20.31999969482422,123398899.0
2021-01-11,20.579999923706055,20.969999313354492,20.459999084472656,20.510000228881836,160472399.0
2021-01-12,20.670000076293945,20.93000030517578,20.450000762939453,20.850000381469727,130692920.0
2021-01-13,20.760000228881836,21.239999771118164,20.68000030517578,21.100000381469727,145883621.0
2021-01-14,21.149999618530273,21.690000534057617,21.1299991607666,21.350000381469727,151256688.0
2021-01-15,22.5,23.34000015258789,22.280000686645508,22.709999084472656,363573814.0
2021-01-18,22.700000762939453,24.3799991607666,22.700000762939453,24.209999084472656,288687748.0
2021-01-19,23.899999618530273,24.239999771118164,23.450000762939453,23.8799991607666,148328411.0
2021-01-20,23.8799991607666,24.229999542236328,23.079999923706055,23.219999313354492,132145907.0
2021-01-21,23.450000762939453,23.799999237060547,23.219999313354492,23.40999984741211,111198024.0
2021-01-22,23.329999923706055,23.329999923706055,22.40999984741211,22.93000030517578,148197484.0
2021-01-25,22.84000015258789,23.139999389648438,22.260000228881836,22.90999984741211,112138354.0
2021-01-26,22.959999084472656,23.270000457763672,22.719999313354492,22.850000381469727,84321460.0
2021-01-27,22.989999771118164,23.850000381469727,22.959999084472656,23.450000762939453,121344257.0
2021-01-28,23.1200008392334,23.360000610351562,22.59000015258789,23.200000762939453,111535322.0
2021-01-29,23.5,23.700000762939453,22.790000915527344,23.100000381469727,103881365.0
2021-02-01,22.950000762939453,24.299999237060547,22.719999313354492,24.06999969482422,127331951.0
2021-02-02,23.8799991607666,24.280000686645508,23.350000381469727,23.59000015258789,124474522.0
2021-02-03,23.6200008392334,24.989999771118164,23.40999984741211,24.690000534057617,154176399.0
2021-02-04,24.450000762939453,25.31999969482422,24.34000015258789,24.770000457763672,119274673.0
2021-02-05,25.030000686645508,25.93000030517578,24.799999237060547,25.760000228881836,139488906.0
2021-02-08,25.700000762939453,27.049999237060547,25.34000015258789,26.75,153781813.0
2021-02-09,26.670000076293945,27.0,26.010000228881836,26.809999465942383,119779061.0
2021-02-10,26.940000534057617,27.549999237060547,25.670000076293945,26.639999389648438,143932622.0
2021-02-18,26.899999618530273,28.06999969482422,26.899999618530273,27.729999542236328,141972800.0
2021-02-19,27.600000381469727,27.989999771118164,26.530000686645508,26.75,119881699.0
2021-02-22,26.5,26.600000381469727,25.579999923706055,25.809999465942383,157447658.0
2021-02-23,26.1200008392334,26.889999389648438,26.0,26.40999984741211,119311635.0
2021-02-24,26.1299991607666,26.280000686645508,25.510000228881836,25.709999084472656,107138167.0
2021-02-25,26.049999237060547,26.670000076293945,25.709999084472656,26.209999084472656,92948534.0
2021-02-26,25.799999237060547,26.219999313354492,24.389999389648438,24.68000030517578,187009535.0
2021-03-01,25.030000686645508,25.280000686645508,24.68000030517578,24.90999984741211,115827941.0
2021-03-02,25.110000610351562,25.350000381469727,24.329999923706055,24.8700008392334,109722937.0
2021-03-03,25.06999969482422,26.1299991607666,24.969999313354492,25.969999313354492,148336721.0
2021-03-04,25.690000534057617,26.100000381469727,25.020000457763672,25.299999237060547,102220907.0
2021-03-05,24.969999313354492,25.25,24.149999618530273,24.799999237060547,108619783.0
2021-03-08,24.860000610351562,24.969999313354492,23.719999313354492,23.770000457763672,115583800.0
2021-03-09,23.770000457763672,24.1299991607666,23.049999237060547,23.209999084472656,116097319.0
2021-03-10,23.5,23.5,22.65999984741211,22.889999389648438,107869441.0
2021-03-11,23.3799991607666,24.309999465942383,23.280000686645508,23.790000915527344,120980614.0
2021-03-12,23.979999542236328,24.260000228881836,23.760000228881836,23.920000076293945,80372199.0
2021-03-15,24.0,24.799999237060547,23.899999618530273,24.09000015258789,107351100.0
2021-03-16,24.18000030517578,25.079999923706055,24.1200008392334,24.610000610351562,89935015.0
2021-03-17,24.540000915527344,24.770000457763672,23.829999923706055,23.979999542236328,79793427.0
2021-03-18,24.059999465942383,24.309999465942383,23.700000762939453,23.860000610351562,77356713.0
2021-03-19,23.899999618530273,24.020000457763672,23.059999465942383,23.219999313354492,87962848.0
2021-03-22,23.489999771118164,24.06999969482422,23.34000015258789,23.6299991607666,95747697.0
2021-03-23,23.549999237060547,23.850000381469727,23.079999923706055,23.360000610351562,59981510.0
2021-03-24,23.360000610351562,23.440000534057617,22.5,22.559999465942383,107725955.0
2021-03-25,22.989999771118164,23.09000015258789,22.59000015258789,22.709999084472656,60145201.0
2021-03-26,22.940000534057617,23.350000381469727,22.719999313354492,23.229999542236328,71671249.0
2021-03-29,23.209999084472656,23.43000030517578,22.829999923706055,23.190000534057617,67623250.0
2021-03-30,23.280000686645508,23.450000762939453,23.010000228881836,23.219999313354492,60141805.0
2021-03-31,23.450000762939453,24.420000076293945,23.219999313354492,24.09000015258789,139803552.0
2021-04-01,24.209999084472656,24.299999237060547,23.8799991607666,24.06999969482422,50476549.0
2021-04-02,24.190000534057617,24.200000762939453,23.110000610351562,23.3799991607666,85835990.0
2021-04-06,23.489999771118164,23.770000457763672,23.3700008392334,23.700000762939453,49167350.0
2021-04-07,23.68000030517578,23.739999771118164,23.059999465942383,23.299999237060547,51926709.0
2021-04-08,23.25,23.440000534057617,23.049999237060547,23.280000686645508,39464826.0
2021-04-09,23.360000610351562,23.520000457763672,23.1200008392334,23.239999771118164,46109875.0
2021-04-12,23.049999237060547,23.229999542236328,22.719999313354492,22.81999969482422,65605946.0
2021-04-13,23.020000457763672,23.09000015258789,22.299999237060547,22.579999923706055,71782236.0
2021-04-14,22.68000030517578,22.68000030517578,21.6299991607666,21.690000534057617,164813556.0
2021-04-15,21.790000915527344,21.790000915527344,20.450000762939453,20.850000381469727,298136610.0
2021-04-16,20.950000762939453,20.959999084472656,20.559999465942383,20.889999389648438,112063592.0
2021-04-19,20.899999618530273,21.110000610351562,20.469999313354492,21.030000686645508,145751478.0
2021-04-20,21.0,21.709999084472656,20.940000534057617,21.329999923706055,125571753.0
2021-04-21,21.3700008392334,22.219999313354492,21.3700008392334,22.0,139289194.0
2021-04-22,22.049999237060547,22.149999618530273,21.399999618530273,21.610000610351562,91850819.0
2021-04-23,21.510000228881836,21.940000534057617,21.399999618530273,21.8700008392334,58726883.0
2021-04-26,22.15999984741211,22.389999389648438,21.489999771118164,21.549999237060547,91180991.0
2021-04-27,21.5,21.920000076293945,21.440000534057617,21.739999771118164,52366001.0
2021-04-28,21.760000228881836,21.84000015258789,21.170000076293945,21.5,88131846.0
2021-04-29,21.520000457763672,22.219999313354492,21.5,22.209999084472656,104813284.0
2021-04-30,22.5,22.5,21.549999237060547,21.739999771118164,123406974.0
2021-05-06,21.549999237060547,22.549999237060547,21.549999237060547,22.260000228881836,102138012.0
2021-05-07,22.489999771118164,23.049999237060547,22.399999618530273,22.649999618530273,129422415.0
2021-05-10,22.68000030517578,22.68000030517578,21.84000015258789,22.0,98141458.0
2021-05-11,21.899999618530273,22.610000610351562,21.8799991607666,22.350000381469727,100090223.0
2021-05-12,22.309999465942383,23.350000381469727,22.25,22.540000915527344,147597366.0
2021-05-13,22.510000228881836,22.860000610351562,22.479999542236328,22.579999923706055,80182523.0
2021-05-14,22.709999084472656,23.030000686645508,22.329999923706055,22.969999313354492,96800537.0
2021-05-17,22.8700008392334,23.389999389648438,22.540000915527344,22.809999465942383,112430637.0
2021-05-18,22.780000686645508,22.860000610351562,22.389999389648438,22.56999969482422,78347309.0
2021-05-19,22.5,22.520000457763672,21.229999542236328,21.559999465942383,214015428.0
2021-05-20,21.389999389648438,21.6200008392334,21.170000076293945,21.610000610351562,102432678.0
2021-05-21,21.639999389648438,21.709999084472656,21.170000076293945,21.40999984741211,93050879.0
2021-05-24,21.3700008392334,21.8799991607666,21.3700008392334,21.649999618530273,106065936.0
2021-05-25,21.6299991607666,23.170000076293945,21.520000457763672,23.139999389648438,234937242.0
2021-05-26,23.350000381469727,23.770000457763672,23.25,23.479999542236328,142873975.0
2021-05-27,23.43000030517578,23.43000030517578,22.90999984741211,23.020000457763672,120296241.0
2021-05-28,23.059999465942383,23.440000534057617,22.969999313354492,23.270000457763672,78902742.0
2021-05-31,23.219999313354492,23.260000228881836,22.690000534057617,23.110000610351562,106393740.0
2021-06-01,22.899999618530273,22.950000762939453,22.469999313354492,22.600000381469727,118168969.0
2021-06-02,22.6299991607666,22.649999618530273,22.200000762939453,22.360000610351562,91794067.0
2021-06-03,22.420000076293945,22.770000457763672,22.020000457763672,22.100000381469727,119465213.0
2021-06-04,22.1299991607666,22.729999542236328,22.020000457763672,22.389999389648438,131910325.0
2021-06-07,22.389999389648438,22.389999389648438,22.030000686645508,22.280000686645508,59642111.0
2021-06-08,22.290000915527344,22.489999771118164,21.959999084472656,22.15999984741211,90169844.0
2021-06-09,22.100000381469727,22.299999237060547,21.899999618530273,21.959999084472656,73307708.0
2021-06-10,22.09000015258789,22.270000457763672,21.979999542236328,22.030000686645508,94971967.0
2021-06-11,22.049999237060547,22.110000610351562,21.200000762939453,21.559999465942383,159064078.0
2021-06-15,21.350000381469727,21.3799991607666,20.850000381469727,20.920000076293945,105311261.0
2021-06-16,20.850000381469727,21.1299991607666,20.729999542236328,20.889999389648438,87614256.0
2021-06-17,20.899999618530273,21.049999237060547,20.780000686645508,20.799999237060547,66842247.0
2021-06-18,20.700000762939453,20.719999313354492,20.040000915527344,20.15999984741211,147270098.0
2021-06-21,20.100000381469727,20.18000030517578,19.829999923706055,19.889999389648438,90997736.0
2021-06-22,19.989999771118164,20.280000686645508,19.780000686645508,20.020000457763672,117182611.0
2021-06-23,20.059999465942383,20.309999465942383,19.899999618530273,20.219999313354492,84850655.0
2021-06-24,20.260000228881836,20.440000534057617,20.18000030517578,20.440000534057617,66452700.0
2021-06-25,20.489999771118164,20.81999969482422,20.450000762939453,20.719999313354492,101596077.0
2021-06-28,20.719999313354492,20.780000686645508,20.1299991607666,20.229999542236328,106389345.0
2021-06-29,19.540000915527344,19.799999237060547,19.459999084472656,19.68000030517578,95697509.0
2021-06-30,19.899999618530273,20.790000915527344,19.899999618530273,20.549999237060547,138306908.0
2021-07-01,20.829999923706055,21.649999618530273,20.75,21.309999465942383,176049061.0
2021-07-02,21.09000015258789,21.100000381469727,20.649999618530273,20.790000915527344,124525671.0
2021-07-05,20.940000534057617,21.079999923706055,20.399999618530273,21.040000915527344,84783318.0
2021-07-06,21.059999465942383,21.65999984741211,21.0,21.469999313354492,105784979.0
2021-07-07,21.450000762939453,21.799999237060547,21.170000076293945,21.34000015258789,74923827.0
2021-07-08,21.540000915527344,21.6200008392334,20.579999923706055,20.700000762939453,134790818.0
2021-07-09,20.68000030517578,20.90999984741211,20.110000610351562,20.309999465942383,117439867.0
2021-07-12,20.600000381469727,20.959999084472656,20.309999465942383,20.510000228881836,123385939.0
2021-07-13,20.549999237060547,20.700000762939453,20.1200008392334,20.40999984741211,82547032.0
2021-07-14,20.389999389648438,20.389999389648438,19.700000762939453,19.81999969482422,115638231.0
2021-07-15,19.809999465942383,20.850000381469727,19.709999084472656,20.799999237060547,127630220.0
2021-07-16,20.670000076293945,20.920000076293945,20.309999465942383,20.450000762939453,75820148.0
2021-07-19,20.440000534057617,20.5,19.940000534057617,20.40999984741211,74867298.0
2021-07-20,20.280000686645508,20.399999618530273,19.959999084472656,20.030000686645508,61200466.0
2021-07-21,20.059999465942383,20.200000762939453,19.639999389648438,19.729999542236328,116301329.0
2021-07-22,19.700000762939453,20.270000457763672,19.68000030517578,19.90999984741211,84736089.0
2021-07-23,19.920000076293945,19.93000030517578,19.600000381469727,19.790000915527344,78715178.0
2021-07-26,19.6200008392334,19.649999618530273,18.68000030517578,18.700000762939453,160733314.0
2021-07-27,18.770000457763672,18.8700008392334,17.850000381469727,17.979999542236328,159639114.0
2021-07-28,18.09000015258789,18.459999084472656,17.950000762939453,18.329999923706055,112070492.0
2021-07-29,18.479999542236328,18.479999542236328,17.90999984741211,17.940000534057617,124964623.0
2021-07-30,17.850000381469727,17.940000534057617,17.530000686645508,17.670000076293945,95577247.0
2021-08-02,17.549999237060547,18.040000915527344,17.170000076293945,17.899999618530273,138865929.0
2021-08-03,17.719999313354492,17.8799991607666,17.5,17.639999389648438,110710803.0
2021-08-04,17.700000762939453,17.719999313354492,17.3700008392334,17.399999618530273,92021134.0
2021-08-05,17.360000610351562,17.610000610351562,17.270000457763672,17.40999984741211,77664993.0
2021-08-06,17.31999969482422,17.639999389648438,17.079999923706055,17.549999237060547,96091392.0
2021-08-09,17.579999923706055,18.59000015258789,17.559999465942383,18.219999313354492,162064897.0
2021-08-10,18.190000534057617,18.780000686645508,17.950000762939453,18.65999984741211,145430745.0
2021-08-11,18.68000030517578,19.329999923706055,18.579999923706055,18.739999771118164,149081084.0
2021-08-12,18.719999313354492,18.8700008392334,18.540000915527344,18.610000610351562,72988483.0
2021-08-13,18.6200008392334,18.700000762939453,18.399999618530273,18.6299991607666,72676659.0
2021-08-16,18.770000457763672,18.889999389648438,18.469999313354492,18.6299991607666,75072126.0
2021-08-17,18.6200008392334,18.84000015258789,18.34000015258789,18.389999389648438,73427020.0
2021-08-18,18.43000030517578,19.40999984741211,18.420000076293945,19.190000534057617,133122420.0
2021-08-19,19.100000381469727,19.25,18.549999237060547,18.549999237060547,104551566.0
2021-08-20,18.68000030517578,18.799999237060547,18.010000228881836,18.260000228881836,131353359.0
2021-08-23,18.25,18.479999542236328,18.15999984741211,18.290000915527344,78654462.0
2021-08-24,18.290000915527344,18.68000030517578,18.229999542236328,18.59000015258789,91214272.0
2021-08-25,18.579999923706055,18.75,18.290000915527344,18.3700008392334,72337569.0
2021-08-26,18.350000381469727,18.3799991607666,18.020000457763672,18.1299991607666,79509298.0
2021-08-27,18.100000381469727,18.290000915527344,17.81999969482422,18.010000228881836,105771773.0
2021-08-30,18.139999389648438,18.459999084472656,17.93000030517578,18.100000381469727,115738581.0
2021-08-31,18.149999618530273,18.600000381469727,17.959999084472656,18.5,116643373.0
2021-09-01,18.40999984741211,19.350000381469727,18.389999389648438,19.15999984741211,186363162.0
2021-09-02,19.270000457763672,19.6200008392334,19.239999771118164,19.43000030517578,135652377.0
2021-09-03,19.350000381469727,19.780000686645508,18.950000762939453,19.440000534057617,123911012.0
2021-09-06,19.350000381469727,19.670000076293945,19.31999969482422,19.360000610351562,76848415.0
2021-09-07,19.420000076293945,19.93000030517578,19.200000762939453,19.899999618530273,122316695.0
2021-09-08,19.829999923706055,20.079999923706055,19.299999237060547,19.43000030517578,135665324.0
2021-09-09,19.309999465942383,19.3799991607666,19.049999237060547,19.229999542236328,92575312.0
2021-09-10,19.260000228881836,20.229999542236328,19.229999542236328,19.739999771118164,193569767.0
2021-09-13,19.739999771118164,20.149999618530273,19.610000610351562,20.09000015258789,158691219.0
2021-09-14,20.09000015258789,20.200000762939453,19.1299991607666,19.15999984741211,174715501.0
2021-09-15,19.079999923706055,19.229999542236328,18.700000762939453,18.850000381469727,119349205.0
2021-09-16,18.75,18.969999313354492,18.579999923706055,18.600000381469727,90717628.0
2021-09-17,18.600000381469727,18.81999969482422,18.459999084472656,18.68000030517578,77020054.0
2021-09-22,18.0,18.31999969482422,17.780000686645508,18.1200008392334,138929090.0
2021-09-23,18.25,18.530000686645508,18.079999923706055,18.219999313354492,75754873.0
2021-09-24,18.190000534057617,18.299999237060547,17.850000381469727,17.920000076293945,80323987.0
2021-09-27,17.920000076293945,18.149999618530273,17.520000457763672,18.100000381469727,122182087.0
2021-09-28,18.100000381469727,18.56999969482422,18.040000915527344,18.459999084472656,101626297.0
2021-09-29,18.270000457763672,18.75,18.209999084472656,18.510000228881836,81823403.0
2021-09-30,18.540000915527344,18.540000915527344,18.209999084472656,18.299999237060547,70872340.0
2021-10-08,18.40999984741211,18.739999771118164,18.399999618530273,18.68000030517578,81056217.0
2021-10-11,19.0,19.5,19.0,19.360000610351562,156344540.0
2021-10-12,19.329999923706055,19.649999618530273,19.15999984741211,19.34000015258789,105334102.0
2021-10-13,19.329999923706055,19.459999084472656,19.040000915527344,19.209999084472656,70194065.0
2021-10-14,19.239999771118164,19.469999313354492,18.959999084472656,19.09000015258789,57136577.0
2021-10-15,19.139999389648438,19.479999542236328,19.0,19.219999313354492,84251256.0
2021-10-18,19.34000015258789,19.469999313354492,19.100000381469727,19.239999771118164,66433148.0
2021-10-19,19.200000762939453,19.479999542236328,19.170000076293945,19.229999542236328,67664157.0
2021-10-20,19.299999237060547,19.510000228881836,19.049999237060547,19.149999618530273,68758270.0
2021-10-21,19.299999237060547,19.860000610351562,19.299999237060547,19.780000686645508,146960045.0
2021-10-22,19.899999618530273,20.1200008392334,19.670000076293945,19.8700008392334,97169217.0
2021-10-25,19.579999923706055,19.760000228881836,19.479999542236328,19.649999618530273,87619824.0
2021-10-26,19.579999923706055,19.760000228881836,19.270000457763672,19.3799991607666,104514040.0
2021-10-27,19.299999237060547,19.350000381469727,18.829999923706055,19.079999923706055,99532621.0
2021-10-28,19.010000228881836,19.200000762939453,18.889999389648438,19.049999237060547,59069178.0
2021-10-29,19.34000015258789,19.40999984741211,18.520000457763672,18.6299991607666,164260801.0
2021-11-01,18.670000076293945,19.25,18.579999923706055,18.969999313354492,137660563.0
2021-11-02,18.969999313354492,19.06999969482422,17.8799991607666,18.020000457763672,275871721.0
2021-11-03,18.030000686645508,18.290000915527344,17.940000534057617,18.290000915527344,101487244.0
2021-11-04,18.219999313354492,18.31999969482422,18.010000228881836,18.229999542236328,77376230.0
2021-11-05,18.040000915527344,18.239999771118164,17.969999313354492,18.139999389648438,72989709.0
2021-11-08,18.139999389648438,18.25,17.969999313354492,18.06999969482422,80382751.0
2021-11-09,18.190000534057617,18.420000076293945,18.1200008392334,18.309999465942383,78970941.0
2021-11-10,18.25,18.270000457763672,18.049999237060547,18.190000534057617,72486118.0
2021-11-11,18.110000610351562,18.940000534057617,18.110000610351562,18.889999389648438,148327678.0
2021-11-12,18.899999618530273,19.079999923706055,18.729999542236328,18.84000015258789,66059386.0
2021-11-15,18.8700008392334,19.06999969482422,18.65999984741211,18.829999923706055,54812048.0
2021-11-16,18.739999771118164,18.90999984741211,18.489999771118164,18.600000381469727,53780621.0
2021-11-17,18.450000762939453,18.729999542236328,18.420000076293945,18.510000228881836,46164421.0
2021-11-18,18.479999542236328,18.59000015258789,18.270000457763672,18.299999237060547,57922266.0
2021-11-19,18.280000686645508,18.610000610351562,18.239999771118164,18.5,67805457.0
2021-11-22,18.530000686645508,18.579999923706055,18.139999389648438,18.200000762939453,105818959.0
2021-11-23,18.200000762939453,18.280000686645508,18.06999969482422,18.1299991607666,105617551.0
2021-11-24,18.139999389648438,18.43000030517578,18.010000228881836,18.309999465942383,108372721.0
2021-11-25,18.25,18.31999969482422,18.18000030517578,18.270000457763672,57488873.0
2021-11-26,18.190000534057617,18.25,18.059999465942383,18.200000762939453,74875819.0
2021-11-29,18.09000015258789,18.15999984741211,17.979999542236328,18.06999969482422,82446287.0
2021-11-30,18.059999465942383,18.1299991607666,17.950000762939453,18.010000228881836,58748096.0
2021-12-01,18.0,18.15999984741211,17.950000762939453,18.1200008392334,54413432.0
2021-12-02,18.09000015258789,18.43000030517578,17.979999542236328,18.3700008392334,92880928.0
2021-12-03,18.350000381469727,18.450000762939453,18.1200008392334,18.299999237060547,82204191.0
2021-12-06,18.350000381469727,18.860000610351562,18.350000381469727,18.520000457763672,132410406.0
2021-12-07,18.739999771118164,19.299999237060547,18.719999313354492,19.219999313354492,251004397.0
2021-12-08,19.1200008392334,19.510000228881836,19.06999969482422,19.450000762939453,152007474.0
2021-12-09,19.450000762939453,19.8799991607666,19.360000610351562,19.43000030517578,143251036.0
2021-12-10,19.299999237060547,19.729999542236328,19.260000228881836,19.420000076293945,122150834.0
2021-12-13,19.540000915527344,20.06999969482422,19.540000915527344,19.59000015258789,141050771.0
2021-12-14,19.510000228881836,19.559999465942383,19.06999969482422,19.209999084472656,103736792.0
2021-12-15,19.100000381469727,19.239999771118164,18.920000076293945,19.1200008392334,96168503.0
2021-12-16,19.239999771118164,19.549999237060547,19.149999618530273,19.5,94031690.0
2021-12-17,19.5,19.690000534057617,19.40999984741211,19.479999542236328,84660012.0
2021-12-20,19.450000762939453,19.690000534057617,19.43000030517578,19.520000457763672,69954582.0
2021-12-21,19.5,19.81999969482422,19.450000762939453,19.530000686645508,88101154.0
2021-12-22,19.65999984741211,19.690000534057617,19.219999313354492,19.31999969482422,69734774.0
2021-12-23,19.450000762939453,19.6200008392334,19.110000610351562,19.260000228881836,139611459.0
2021-12-24,19.360000610351562,19.360000610351562,19.059999465942383,19.06999969482422,76385494.0
2021-12-27,19.010000228881836,19.06999969482422,18.809999465942383,18.850000381469727,94485765.0
2021-12-28,18.920000076293945,19.18000030517578,18.90999984741211,19.040000915527344,93035468.0
2021-12-29,19.1299991607666,19.1299991607666,18.8799991607666,18.920000076293945,60163787.0
2021-12-30,18.940000534057617,19.209999084472656,18.920000076293945,19.049999237060547,79826608.0
2021-12-31,19.110000610351562,19.15999984741211,18.979999542236328,19.040000915527344,55390908.0
2022-01-04,19.06999969482422,19.200000762939453,18.84000015258789,19.1299991607666,105527096.0
2022-01-05,19.149999618530273,20.31999969482422,19.139999389648438,20.06999969482422,245403037.0
2022-01-06,20.15999984741211,20.25,19.899999618530273,19.959999084472656,121904628.0
2022-01-07,20.100000381469727,20.459999084472656,19.959999084472656,20.399999618530273,117794474.0
2022-01-10,20.59000015258789,20.739999771118164,20.200000762939453,20.6299991607666,127852808.0
2022-01-11,21.0,21.559999465942383,20.799999237060547,21.399999618530273,195406237.0
2022-01-12,21.450000762939453,21.559999465942383,21.100000381469727,21.3700008392334,148145153.0
2022-01-13,21.399999618530273,21.6299991607666,21.15999984741211,21.239999771118164,109656711.0
2022-01-14,21.170000076293945,21.200000762939453,20.540000915527344,20.65999984741211,146502640.0
2022-01-17,20.729999542236328,20.959999084472656,20.360000610351562,20.510000228881836,81662275.0
2022-01-18,20.520000457763672,21.34000015258789,20.399999618530273,21.299999237060547,136475127.0
2022-01-19,21.299999237060547,21.639999389648438,21.139999389648438,21.510000228881836,132351659.0
2022-01-20,21.489999771118164,22.270000457763672,21.459999084472656,22.149999618530273,163861960.0
2022-01-21,22.0,22.06999969482422,21.700000762939453,21.799999237060547,81794451.0
2022-01-24,21.799999237060547,22.309999465942383,21.59000015258789,22.059999465942383,116808867.0
2022-01-25,22.0,22.0,21.399999618530273,21.420000076293945,102431458.0
2022-01-26,21.510000228881836,21.719999313354492,21.209999084472656,21.329999923706055,67451362.0
2022-01-27,21.31999969482422,21.549999237060547,21.049999237060547,21.299999237060547,99537575.0
2022-01-28,21.450000762939453,21.479999542236328,20.799999237060547,20.8799991607666,102566395.0
2022-02-07,21.350000381469727,22.079999923706055,21.270000457763672,22.010000228881836,159403722.0
2022-02-08,22.049999237060547,22.469999313354492,21.979999542236328,22.3799991607666,121591369.0
2022-02-09,22.43000030517578,22.649999618530273,22.15999984741211,22.270000457763672,108239467.0
2022-02-10,22.219999313354492,22.75,22.030000686645508,22.649999618530273,90714866.0
2022-02-11,22.780000686645508,23.1299991607666,22.600000381469727,22.989999771118164,123647547.0
2022-02-14,22.950000762939453,22.950000762939453,22.139999389648438,22.25,113355476.0
2022-02-15,22.1299991607666,22.3799991607666,21.510000228881836,21.850000381469727,154396917.0
2022-02-16,21.899999618530273,22.360000610351562,21.899999618530273,22.18000030517578,70995566.0
2022-02-17,22.190000534057617,22.799999237060547,22.1299991607666,22.299999237060547,110372432.0
2022-02-18,22.309999465942383,22.889999389648438,22.280000686645508,22.889999389648438,93397988.0
2022-02-21,22.799999237060547,22.899999618530273,22.299999237060547,22.760000228881836,80965667.0
2022-02-22,22.81999969482422,23.219999313354492,22.520000457763672,23.079999923706055,125297856.0
2022-02-23,23.079999923706055,23.09000015258789,22.350000381469727,22.5,110207135.0
2022-02-24,22.520000457763672,22.780000686645508,22.280000686645508,22.31999969482422,102815569.0
2022-02-25,22.389999389648438,22.59000015258789,21.8700008392334,22.110000610351562,112598945.0
2022-02-28,22.0,22.1200008392334,21.40999984741211,22.06999969482422,102222129.0
2022-03-01,22.0,22.280000686645508,21.75,22.170000076293945,87179290.0
2022-03-02,21.850000381469727,22.290000915527344,21.81999969482422,22.059999465942383,53241639.0
2022-03-03,22.09000015258789,22.440000534057617,22.059999465942383,22.079999923706055,71800491.0
2022-03-04,22.0,22.09000015258789,21.600000381469727,21.709999084472656,75230148.0
2022-03-07,21.489999771118164,21.81999969482422,21.209999084472656,21.34000015258789,118465647.0
2022-03-08,21.149999618530273,21.329999923706055,20.5,20.600000381469727,136188091.0
2022-03-09,20.690000534057617,20.940000534057617,19.8799991607666,20.469999313354492,123145257.0
2022-03-10,20.8799991607666,21.0,20.600000381469727,20.670000076293945,74316224.0
2022-03-11,20.540000915527344,20.889999389648438,20.09000015258789,20.799999237060547,82047257.0
2022-03-14,20.510000228881836,20.940000534057617,20.1299991607666,20.139999389648438,82129821.0
2022-03-15,19.989999771118164,20.0,18.799999237060547,18.850000381469727,164379810.0
2022-03-16,19.200000762939453,20.010000228881836,18.850000381469727,19.81999969482422,143725307.0
2022-03-17,20.280000686645508,20.34000015258789,19.6299991607666,19.90999984741211,122769418.0
2022-03-18,19.780000686645508,20.8799991607666,19.729999542236328,20.760000228881836,143083853.0
2022-03-21,20.68000030517578,20.799999237060547,20.170000076293945,20.219999313354492,97508433.0
2022-03-22,20.290000915527344,20.93000030517578,20.25,20.809999465942383,86338914.0
2022-03-23,20.739999771118164,20.780000686645508,19.6299991607666,19.709999084472656,308413472.0
2022-03-24,19.579999923706055,19.8799991607666,19.360000610351562,19.850000381469727,109879724.0
2022-03-25,19.979999542236328,20.450000762939453,19.850000381469727,20.06999969482422,132904786.0
2022-03-28,19.84000015258789,20.15999984741211,19.559999465942383,20.030000686645508,82177025.0
2022-03-29,20.079999923706055,20.1200008392334,19.829999923706055,19.8799991607666,52622233.0
2022-03-30,19.989999771118164,20.34000015258789,19.889999389648438,20.290000915527344,96016521.0
2022-03-31,20.200000762939453,20.790000915527344,20.139999389648438,20.670000076293945,117896887.0
2022-04-01,20.559999465942383,21.420000076293945,20.450000762939453,21.399999618530273,142122689.0
2022-04-06,21.190000534057617,22.209999084472656,21.170000076293945,21.920000076293945,159867636.0
2022-04-07,21.8799991607666,22.18000030517578,21.469999313354492,21.59000015258789,110111725.0
2022-04-08,21.600000381469727,22.040000915527344,21.59000015258789,21.989999771118164,80227826.0
2022-04-11,21.8799991607666,21.940000534057617,21.5,21.75,86065951.0
2022-04-12,21.649999618530273,22.0,21.3700008392334,21.729999542236328,87847977.0
2022-04-13,21.65999984741211,22.030000686645508,21.530000686645508,21.719999313354492,81716505.0
2022-04-14,22.049999237060547,22.059999465942383,21.5,21.68000030517578,93777636.0
2022-04-15,21.6200008392334,22.420000076293945,21.549999237060547,22.260000228881836,118963990.0
2022-04-18,21.969999313354492,21.969999313354492,21.450000762939453,21.68000030517578,114336558.0
2022-04-19,21.600000381469727,21.65999984741211,21.100000381469727,21.450000762939453,92874686.0
2022-04-20,21.489999771118164,21.6200008392334,21.209999084472656,21.260000228881836,73051766.0
2022-04-21,21.260000228881836,21.68000030517578,20.959999084472656,21.1299991607666,91294460.0
2022-04-22,20.969999313354492,21.600000381469727,20.90999984741211,21.420000076293945,76235075.0
2022-04-25,20.90999984741211,21.09000015258789,20.25,20.280000686645508,149298843.0
2022-04-26,20.3799991607666,20.739999771118164,20.239999771118164,20.420000076293945,91038533.0
2022-04-27,20.260000228881836,20.790000915527344,20.219999313354492,20.540000915527344,87774885.0
2022-04-28,20.5,21.06999969482422,20.459999084472656,21.049999237060547,105401255.0
2022-04-29,20.950000762939453,20.950000762939453,20.0,20.479999542236328,182799388.0
2022-05-05,20.350000381469727,20.700000762939453,20.25,20.399999618530273,100305204.0
2022-05-06,20.190000534057617,20.3799991607666,19.93000030517578,19.959999084472656,64386050.0
2022-05-09,19.84000015258789,19.93000030517578,19.450000762939453,19.6200008392334,66903647.0
2022-05-10,19.469999313354492,20.06999969482422,19.329999923706055,20.0,82953304.0
2022-05-11,20.049999237060547,20.100000381469727,19.670000076293945,19.780000686645508,105497211.0
2022-05-12,19.65999984741211,19.739999771118164,19.459999084472656,19.6299991607666,58293461.0
2022-05-13,19.739999771118164,20.09000015258789,19.600000381469727,19.75,106931449.0
2022-05-16,19.760000228881836,19.760000228881836,19.18000030517578,19.34000015258789,123732624.0
2022-05-17,19.3700008392334,19.739999771118164,19.219999313354492,19.59000015258789,85862532.0
2022-05-18,19.700000762939453,19.709999084472656,19.280000686645508,19.420000076293945,74299559.0
2022-05-19,19.200000762939453,19.350000381469727,19.170000076293945,19.280000686645508,66518209.0
2022-05-20,19.3799991607666,19.760000228881836,19.360000610351562,19.690000534057617,102477085.0
2022-05-23,19.75,19.8700008392334,19.510000228881836,19.68000030517578,80015963.0
2022-05-24,19.760000228881836,19.84000015258789,19.469999313354492,19.479999542236328,60726982.0
2022-05-25,19.549999237060547,19.649999618530273,19.440000534057617,19.530000686645508,46129785.0
2022-05-26,19.600000381469727,19.6200008392334,19.350000381469727,19.530000686645508,61606324.0
2022-05-27,19.59000015258789,19.889999389648438,19.549999237060547,19.719999313354492,73651970.0
2022-05-30,19.8799991607666,19.8799991607666,19.459999084472656,19.530000686645508,59466293.0
2022-05-31,19.549999237060547,19.729999542236328,19.450000762939453,19.649999618530273,71011880.0
2022-06-01,19.700000762939453,19.709999084472656,19.469999313354492,19.559999465942383,60718561.0
2022-06-02,19.469999313354492,19.549999237060547,19.309999465942383,19.350000381469727,72136989.0
2022-06-06,19.309999465942383,19.350000381469727,18.959999084472656,19.190000534057617,131564972.0
2022-06-07,19.1200008392334,19.59000015258789,19.09000015258789,19.510000228881836,100475136.0
2022-06-08,19.56999969482422,19.639999389648438,19.3700008392334,19.6299991607666,80291403.0
2022-06-09,19.75,20.280000686645508,19.700000762939453,20.190000534057617,148612986.0
2022-06-10,20.1200008392334,20.3700008392334,19.969999313354492,20.329999923706055,104236209.0
2022-06-13,20.239999771118164,20.31999969482422,19.75,19.899999618530273,100642182.0
2022-06-14,19.790000915527344,20.25,19.729999542236328,20.229999542236328,89824169.0
2022-06-15,20.25,21.0,20.149999618530273,20.719999313354492,175686054.0
2022-06-16,19.799999237060547,19.829999923706055,19.3700008392334,19.40999984741211,124380083.0
2022-06-17,19.270000457763672,19.530000686645508,19.239999771118164,19.389999389648438,100808474.0
2022-06-20,19.389999389648438,19.43000030517578,19.020000457763672,19.1299991607666,96029959.0
2022-06-21,19.1200008392334,19.5,19.020000457763672,19.3799991607666,71830133.0
2022-06-22,19.360000610351562,19.360000610351562,19.100000381469727,19.100000381469727,64889389.0
2022-06-23,19.149999618530273,19.309999465942383,19.110000610351562,19.299999237060547,64293392.0
2022-06-24,19.290000915527344,19.40999984741211,19.030000686645508,19.190000534057617,89559657.0
2022-06-27,19.190000534057617,19.489999771118164,19.139999389648438,19.360000610351562,84889694.0
2022-06-28,19.399999618530273,19.610000610351562,19.270000457763672,19.469999313354492,67645226.0
2022-06-29,19.399999618530273,19.81999969482422,19.389999389648438,19.65999984741211,83991648.0
2022-06-30,19.610000610351562,20.020000457763672,19.520000457763672,19.899999618530273,100338437.0
2022-07-01,19.920000076293945,20.010000228881836,19.81999969482422,19.899999618530273,60220213.0
2022-07-04,19.860000610351562,19.940000534057617,19.56999969482422,19.670000076293945,78049057.0
2022-07-05,19.690000534057617,19.979999542236328,19.600000381469727,19.700000762939453,81596723.0
2022-07-06,19.649999618530273,19.709999084472656,19.280000686645508,19.389999389648438,73343682.0
2022-07-07,19.350000381469727,19.459999084472656,19.200000762939453,19.219999313354492,58284728.0
2022-07-08,19.31999969482422,19.350000381469727,19.059999465942383,19.309999465942383,59522834.0
2022-07-11,19.260000228881836,19.479999542236328,19.170000076293945,19.170000076293945,62912178.0
2022-07-12,19.219999313354492,19.479999542236328,19.219999313354492,19.280000686645508,70296155.0
2022-07-13,19.15999984741211,19.25,18.549999237060547,18.600000381469727,181504484.0
2022-07-14,18.43000030517578,18.43000030517578,17.940000534057617,18.0,198709241.0
2022-07-15,18.040000915527344,18.1299991607666,17.610000610351562,17.6299991607666,146422921.0
2022-07-18,17.75,17.950000762939453,17.65999984741211,17.799999237060547,87206974.0
2022-07-19,17.809999465942383,17.8799991607666,17.610000610351562,17.75,80157843.0
2022-07-20,17.850000381469727,17.93000030517578,17.670000076293945,17.75,63321847.0
2022-07-21,17.700000762939453,17.700000762939453,17.309999465942383,17.360000610351562,115880253.0
2022-07-22,17.40999984741211,17.600000381469727,17.360000610351562,17.530000686645508,62148577.0
2022-07-25,17.530000686645508,17.65999984741211,17.420000076293945,17.600000381469727,42186341.0
2022-07-26,17.6200008392334,17.90999984741211,17.600000381469727,17.899999618530273,80188312.0
2022-07-27,18.030000686645508,18.049999237060547,17.75,17.829999923706055,56676660.0
2022-07-28,17.8799991607666,18.049999237060547,17.8700008392334,17.899999618530273,55379055.0
2022-07-29,17.950000762939453,18.030000686645508,17.719999313354492,17.770000457763672,52073856.0
2022-08-01,17.709999084472656,17.709999084472656,17.530000686645508,17.549999237060547,53280327.0
2022-08-02,17.420000076293945,17.43000030517578,17.149999618530273,17.3799991607666,77924192.0
2022-08-03,17.299999237060547,17.5,17.149999618530273,17.170000076293945,62440831.0
2022-08-04,17.260000228881836,17.489999771118164,17.170000076293945,17.440000534057617,50906193.0
2022-08-05,17.450000762939453,17.600000381469727,17.31999969482422,17.600000381469727,41349959.0
2022-08-08,17.579999923706055,17.739999771118164,17.479999542236328,17.520000457763672,35545062.0
2022-08-09,17.530000686645508,17.549999237060547,17.43000030517578,17.450000762939453,25333482.0
2022-08-10,17.5,17.520000457763672,17.299999237060547,17.350000381469727,31159600.0
2022-08-11,17.5,17.8799991607666,17.40999984741211,17.850000381469727,69855345.0
2022-08-12,17.770000457763672,17.920000076293945,17.729999542236328,17.8700008392334,38319479.0
2022-08-15,17.809999465942383,17.90999984741211,17.5,17.559999465942383,63109863.0
2022-08-16,17.520000457763672,17.709999084472656,17.510000228881836,17.56999969482422,36671979.0
2022-08-17,17.6299991607666,17.950000762939453,17.5,17.899999618530273,70708278.0
2022-08-18,17.850000381469727,17.8700008392334,17.559999465942383,17.649999618530273,50702605.0
2022-08-19,17.579999923706055,17.989999771118164,17.56999969482422,17.799999237060547,68436702.0
2022-08-22,17.700000762939453,17.979999542236328,17.670000076293945,17.760000228881836,50241835.0
2022-08-23,17.760000228881836,17.799999237060547,17.530000686645508,17.610000610351562,42678478.0
2022-08-24,17.600000381469727,17.850000381469727,17.559999465942383,17.579999923706055,55015786.0
2022-08-25,17.6299991607666,17.950000762939453,17.559999465942383,17.899999618530273,67000386.0
2022-08-26,17.8799991607666,17.920000076293945,17.670000076293945,17.8799991607666,51214314.0
2022-08-29,17.43000030517578,17.479999542236328,16.8799991607666,16.93000030517578,226780055.0
2022-08-30,16.8799991607666,16.989999771118164,16.700000762939453,16.81999969482422,93870022.0
2022-08-31,16.729999542236328,17.25,16.690000534057617,17.110000610351562,101376466.0
2022-09-01,17.030000686645508,17.229999542236328,17.0,17.110000610351562,55433445.0
2022-09-02,17.170000076293945,17.25,16.950000762939453,17.030000686645508,45545565.0
2022-09-05,17.030000686645508,17.1299991607666,16.8799991607666,17.079999923706055,52937082.0
2022-09-06,17.09000015258789,17.25,17.0,17.059999465942383,60621457.0
2022-09-07,17.030000686645508,17.1200008392334,16.93000030517578,17.09000015258789,43589267.0
2022-09-08,17.100000381469727,17.15999984741211,17.010000228881836,17.010000228881836,49494243.0
2022-09-09,17.09000015258789,17.469999313354492,17.030000686645508,17.3799991607666,98303341.0
2022-09-13,17.469999313354492,17.649999618530273,17.309999465942383,17.59000015258789,75385870.0
2022-09-14,17.399999618530273,17.56999969482422,17.3799991607666,17.3799991607666,47713212.0
2022-09-15,17.479999542236328,17.719999313354492,17.450000762939453,17.690000534057617,95410654.0
2022-09-16,17.610000610351562,17.670000076293945,17.219999313354492,17.219999313354492,73480521.0
2022-09-19,17.25,17.3799991607666,17.200000762939453,17.34000015258789,40657575.0
2022-09-20,17.3700008392334,17.43000030517578,17.079999923706055,17.079999923706055,48467436.0
2022-09-21,17.09000015258789,17.25,16.989999771118164,17.149999618530273,41300202.0
2022-09-22,17.040000915527344,17.1200008392334,17.0,17.049999237060547,38809181.0
2022-09-23,17.020000457763672,17.270000457763672,17.020000457763672,17.100000381469727,39098880.0
2022-09-26,17.030000686645508,17.15999984741211,16.729999542236328,16.75,64354563.0
2022-09-27,16.780000686645508,16.889999389648438,16.600000381469727,16.809999465942383,58140418.0
2022-09-28,16.770000457763672,16.969999313354492,16.610000610351562,16.84000015258789,53990966.0
2022-09-29,16.93000030517578,16.959999084472656,16.489999771118164,16.540000915527344,74047815.0
2022-09-30,16.56999969482422,16.770000457763672,16.540000915527344,16.649999618530273,47049619.0
2022-10-10,16.600000381469727,16.739999771118164,16.459999084472656,16.489999771118164,50486164.0
2022-10-11,16.579999923706055,16.600000381469727,16.309999465942383,16.329999923706055,42370592.0
2022-10-12,16.350000381469727,16.5,16.100000381469727,16.479999542236328,54468117.0
2022-10-13,16.40999984741211,16.479999542236328,16.15999984741211,16.299999237060547,55671222.0
2022-10-14,16.40999984741211,16.639999389648438,16.399999618530273,16.510000228881836,52178155.0
2022-10-17,16.450000762939453,16.610000610351562,16.420000076293945,16.530000686645508,38282400.0
2022-10-18,16.6299991607666,16.709999084472656,16.510000228881836,16.559999465942383,47707277.0
2022-10-19,16.5,16.59000015258789,16.149999618530273,16.149999618530273,73276439.0
2022-10-20,16.1299991607666,16.190000534057617,16.030000686645508,16.09000015258789,60001398.0
2022-10-21,16.110000610351562,16.209999084472656,15.970000267028809,15.989999771118164,49671290.0
2022-10-24,15.989999771118164,16.049999237060547,15.260000228881836,15.300000190734863,115742776.0
2022-10-25,15.430000305175781,15.529999732971191,15.279999732971191,15.359999656677246,72339225.0
2022-10-26,15.359999656677246,15.479999542236328,15.180000305175781,15.229999542236328,58575358.0
2022-10-27,15.289999961853027,15.4399995803833,15.239999771118164,15.25,46296604.0
2022-10-28,15.220000267028809,15.329999923706055,15.010000228881836,15.0600004196167,56847080.0
2022-10-31,15.0,15.149999618530273,14.90999984741211,15.029999732971191,57649386.0
2022-11-01,15.100000381469727,15.4399995803833,15.09000015258789,15.420000076293945,67425808.0
2022-11-02,15.319999694824219,15.399999618530273,15.199999809265137,15.350000381469727,59825870.0
2022-11-03,15.270000457763672,15.300000190734863,15.09000015258789,15.140000343322754,45861708.0
2022-11-04,15.100000381469727,15.5,15.09000015258789,15.430000305175781,74838892.0
2022-11-07,15.350000381469727,15.569999694824219,15.300000190734863,15.470000267028809,51367557.0
2022-11-08,15.460000038146973,15.510000228881836,15.359999656677246,15.449999809265137,36794654.0
2022-11-09,15.449999809265137,15.59000015258789,15.430000305175781,15.489999771118164,38886619.0
2022-11-10,15.420000076293945,15.600000381469727,15.390000343322754,15.5600004196167,38041633.0
2022-11-11,15.84000015258789,16.420000076293945,15.699999809265137,16.149999618530273,126808708.0
2022-11-14,16.5,17.010000228881836,16.5,16.670000076293945,195100127.0
2022-11-15,16.600000381469727,16.889999389648438,16.559999465942383,16.700000762939453,70512248.0
2022-11-16,16.649999618530273,16.670000076293945,16.5,16.510000228881836,62327634.0
2022-11-17,16.440000534057617,16.5,16.229999542236328,16.3799991607666,49463307.0
2022-11-18,16.43000030517578,16.450000762939453,16.18000030517578,16.219999313354492,44956095.0
2022-11-21,16.139999389648438,16.139999389648438,15.84000015258789,16.110000610351562,58095365.0
2022-11-22,16.1200008392334,16.610000610351562,16.110000610351562,16.510000228881836,73366313.0
2022-11-23,16.520000457763672,16.860000610351562,16.469999313354492,16.700000762939453,73280456.0
2022-11-24,16.75,16.920000076293945,16.56999969482422,16.6200008392334,43934522.0
2022-11-25,16.6200008392334,17.09000015258789,16.600000381469727,17.010000228881836,95685603.0
2022-11-28,16.770000457763672,16.790000915527344,16.5,16.729999542236328,75029946.0
2022-11-29,17.010000228881836,18.049999237060547,17.010000228881836,17.809999465942383,265228784.0
2022-11-30,17.68000030517578,18.030000686645508,17.600000381469727,17.700000762939453,106087823.0
2022-12-01,18.010000228881836,18.059999465942383,17.479999542236328,17.530000686645508,75783777.0
2022-12-02,17.489999771118164,17.59000015258789,17.049999237060547,17.40999984741211,102971374.0
2022-12-05,17.610000610351562,17.950000762939453,17.5,17.90999984741211,106446361.0
2022-12-06,17.799999237060547,17.889999389648438,17.639999389648438,17.790000915527344,65130145.0
2022-12-07,17.739999771118164,17.81999969482422,17.530000686645508,17.579999923706055,58930763.0
2022-12-08,17.579999923706055,17.790000915527344,17.510000228881836,17.739999771118164,50580038.0
2022-12-09,17.790000915527344,18.139999389648438,17.719999313354492,18.0,109151477.0
2022-12-12,17.899999618530273,17.920000076293945,17.469999313354492,17.530000686645508,64181826.0
2022-12-13,17.520000457763672,17.790000915527344,17.510000228881836,17.700000762939453,52345418.0
2022-12-14,17.799999237060547,17.81999969482422,17.540000915527344,17.760000228881836,47397464.0
2022-12-15,17.649999618530273,17.75,17.420000076293945,17.559999465942383,41954876.0
2022-12-16,17.479999542236328,17.780000686645508,17.450000762939453,17.649999618530273,65734481.0
2022-12-19,17.670000076293945,17.75,17.219999313354492,17.329999923706055,64957315.0
2022-12-20,17.260000228881836,17.420000076293945,16.860000610351562,16.979999542236328,86677289.0
2022-12-21,17.010000228881836,17.18000030517578,16.940000534057617,17.110000610351562,37440246.0
2022-12-22,17.260000228881836,17.360000610351562,17.18000030517578,17.260000228881836,31519235.0
2022-12-23,17.15999984741211,17.3700008392334,17.139999389648438,17.25,34497738.0
2022-12-26,17.25,17.389999389648438,17.049999237060547,17.15999984741211,38400959.0
2022-12-27,17.31999969482422,17.6200008392334,17.299999237060547,17.43000030517578,44548710.0
2022-12-28,17.540000915527344,17.75,17.450000762939453,17.610000610351562,41220173.0
2022-12-29,17.520000457763672,17.639999389648438,17.290000915527344,17.440000534057617,40888616.0
2022-12-30,17.5,17.68000030517578,17.389999389648438,17.59000015258789,50305759.0
2023-01-03,17.5,17.850000381469727,17.329999923706055,17.770000457763672,77028519.0
2023-01-04,17.809999465942383,18.270000457763672,17.760000228881836,18.06999969482422,96829953.0
2023-01-05,18.18000030517578,18.229999542236328,17.979999542236328,18.09000015258789,63723304.0
2023-01-06,18.059999465942383,18.15999984741211,17.899999618530273,18.100000381469727,52833121.0
2023-01-09,18.1200008392334,18.200000762939453,18.0,18.079999923706055,40143966.0
2023-01-10,18.049999237060547,18.18000030517578,17.75,17.780000686645508,65541334.0
2023-01-11,17.829999923706055,18.1299991607666,17.790000915527344,17.979999542236328,62438477.0
2023-01-12,18.06999969482422,18.079999923706055,17.8799991607666,18.049999237060547,36599957.0
2023-01-13,18.06999969482422,18.229999542236328,18.0,18.229999542236328,54758258.0
2023-01-16,18.25,18.469999313354492,18.1299991607666,18.229999542236328,74263687.0
2023-01-17,18.18000030517578,18.290000915527344,18.06999969482422,18.200000762939453,52437404.0
2023-01-18,18.200000762939453,18.25,18.030000686645508,18.040000915527344,49003124.0
2023-01-19,18.0,18.110000610351562,17.8700008392334,18.06999969482422,58636494.0
2023-01-20,18.079999923706055,18.079999923706055,17.8799991607666,17.959999084472656,63690125.0
2023-01-30,18.18000030517578,18.200000762939453,17.8799991607666,17.899999618530273,78427772.0
2023-01-31,17.860000610351562,17.979999542236328,17.549999237060547,17.6200008392334,110395347.0
2023-02-01,17.670000076293945,17.719999313354492,17.360000610351562,17.5,107198614.0
2023-02-02,17.520000457763672,17.540000915527344,17.360000610351562,17.40999984741211,69631114.0
2023-02-03,17.350000381469727,17.3700008392334,17.190000534057617,17.260000228881836,60487695.0
2023-02-06,17.18000030517578,17.190000534057617,17.040000915527344,17.149999618530273,62947089.0
2023-02-07,17.1299991607666,17.239999771118164,17.1200008392334,17.170000076293945,45888199.0
2023-02-08,17.200000762939453,17.219999313354492,17.100000381469727,17.110000610351562,37129639.0
2023-02-09,17.09000015258789,17.270000457763672,17.06999969482422,17.190000534057617,49365015.0
2023-02-10,17.190000534057617,17.219999313354492,17.100000381469727,17.190000534057617,36762662.0
2023-02-13,17.1299991607666,17.139999389648438,16.920000076293945,16.950000762939453,101147162.0
2023-02-14,17.0,17.049999237060547,16.950000762939453,17.049999237060547,50065918.0
2023-02-15,17.010000228881836,17.049999237060547,16.940000534057617,16.959999084472656,42040179.0
2023-02-16,16.969999313354492,17.18000030517578,16.829999923706055,16.969999313354492,73448830.0
2023-02-17,16.959999084472656,17.010000228881836,16.690000534057617,16.709999084472656,78870324.0
2023-02-20,16.760000228881836,17.15999984741211,16.690000534057617,17.139999389648438,92817655.0
2023-02-21,17.100000381469727,17.239999771118164,17.079999923706055,17.209999084472656,56488558.0
2023-02-22,17.139999389648438,17.190000534057617,17.030000686645508,17.040000915527344,38719134.0
2023-02-23,17.06999969482422,17.18000030517578,17.030000686645508,17.049999237060547,34849771.0
2023-02-24,17.040000915527344,17.049999237060547,16.889999389648438,16.899999618530273,49447790.0
2023-02-27,16.850000381469727,16.959999084472656,16.809999465942383,16.81999969482422,30037674.0
2023-02-28,16.860000610351562,16.93000030517578,16.75,16.90999984741211,48948693.0
2023-03-01,16.920000076293945,17.200000762939453,16.90999984741211,17.15999984741211,83732620.0
2023-03-02,17.149999618530273,17.239999771118164,17.049999237060547,17.18000030517578,45167796.0
2023-03-03,17.239999771118164,17.34000015258789,17.15999984741211,17.309999465942383,81118023.0
2023-03-06,17.329999923706055,17.389999389648438,16.959999084472656,16.979999542236328,98057248.0
2023-03-07,17.030000686645508,17.389999389648438,16.920000076293945,17.0,138353832.0
2023-03-08,16.920000076293945,16.940000534057617,16.809999465942383,16.90999984741211,70499344.0
2023-03-09,16.920000076293945,17.040000915527344,16.829999923706055,16.829999923706055,54296946.0
2023-03-10,16.719999313354492,16.809999465942383,16.600000381469727,16.600000381469727,73761028.0
2023-03-13,16.56999969482422,16.700000762939453,16.510000228881836,16.559999465942383,61336282.0
2023-03-14,16.5,16.6299991607666,16.399999618530273,16.489999771118164,52766938.0
2023-03-15,16.6200008392334,16.700000762939453,16.559999465942383,16.579999923706055,45307885.0
2023-03-16,16.5,16.8700008392334,16.459999084472656,16.68000030517578,64070685.0
2023-03-17,16.770000457763672,16.950000762939453,16.649999618530273,16.719999313354492,80220701.0
2023-03-20,16.739999771118164,16.8799991607666,16.610000610351562,16.6200008392334,54625299.0
2023-03-21,16.68000030517578,16.809999465942383,16.56999969482422,16.6200008392334,49033060.0
2023-03-22,16.68000030517578,16.84000015258789,16.649999618530273,16.770000457763672,49460572.0
2023-03-23,16.65999984741211,16.8799991607666,16.65999984741211,16.8700008392334,60966210.0
2023-03-24,16.850000381469727,16.8799991607666,16.719999313354492,16.780000686645508,37820612.0
2023-03-27,16.799999237060547,16.809999465942383,16.600000381469727,16.6299991607666,49056854.0
2023-03-28,16.690000534057617,16.81999969482422,16.639999389648438,16.690000534057617,46376762.0
2023-03-29,16.790000915527344,16.790000915527344,16.59000015258789,16.600000381469727,43457832.0
2023-03-30,16.6299991607666,16.84000015258789,16.56999969482422,16.81999969482422,54101041.0
2023-03-31,16.860000610351562,17.040000915527344,16.84000015258789,16.889999389648438,77909059.0
2023-04-03,16.8799991607666,16.93000030517578,16.81999969482422,16.889999389648438,48852654.0
2023-04-04,16.889999389648438,17.020000457763672,16.850000381469727,17.0,48571831.0
2023-04-06,16.979999542236328,17.010000228881836,16.899999618530273,16.920000076293945,37331576.0
2023-04-07,16.940000534057617,17.040000915527344,16.93000030517578,16.969999313354492,34667087.0
2023-04-10,16.969999313354492,17.06999969482422,16.959999084472656,17.049999237060547,41069439.0
2023-04-11,17.09000015258789,17.139999389648438,16.969999313354492,16.989999771118164,43962705.0
2023-04-12,17.040000915527344,17.059999465942383,16.959999084472656,16.979999542236328,43865184.0
2023-04-13,16.969999313354492,17.139999389648438,16.899999618530273,17.06999969482422,56984509.0
2023-04-14,17.09000015258789,17.219999313354492,17.040000915527344,17.110000610351562,55872768.0
2023-04-17,17.1200008392334,17.31999969482422,17.059999465942383,17.31999969482422,91104137.0
2023-04-18,17.31999969482422,17.610000610351562,17.290000915527344,17.40999984741211,108876713.0
2023-04-19,17.440000534057617,17.489999771118164,17.309999465942383,17.3700008392334,81650024.0
2023-04-20,17.3799991607666,17.479999542236328,17.239999771118164,17.389999389648438,65408641.0
2023-04-21,17.399999618530273,17.459999084472656,17.079999923706055,17.110000610351562,94132215.0
2023-04-24,17.100000381469727,17.170000076293945,16.90999984741211,16.93000030517578,87628177.0
2023-04-25,16.959999084472656,17.290000915527344,16.959999084472656,17.270000457763672,99523422.0
2023-04-26,17.299999237060547,17.3799991607666,17.059999465942383,17.25,79257780.0
2023-04-27,17.190000534057617,17.239999771118164,17.0,17.139999389648438,82470090.0
2023-04-28,17.1200008392334,17.399999618530273,17.09000015258789,17.219999313354492,84821919.0
2023-05-04,16.479999542236328,16.780000686645508,16.309999465942383,16.760000228881836,268637302.0
2023-05-05,16.799999237060547,17.3700008392334,16.799999237060547,17.1299991607666,177559199.0
2023-05-08,17.209999084472656,17.780000686645508,17.170000076293945,17.6299991607666,210221875.0
2023-05-09,17.770000457763672,17.940000534057617,17.5,17.559999465942383,162764275.0
2023-05-10,17.520000457763672,17.600000381469727,17.270000457763672,17.309999465942383,101629256.0
2023-05-11,17.3700008392334,17.469999313354492,17.209999084472656,17.25,59573761.0
2023-05-12,17.270000457763672,17.299999237060547,17.0,17.030000686645508,76544145.0
2023-05-15,17.020000457763672,17.200000762939453,16.920000076293945,17.149999618530273,89421697.0
2023-05-16,17.200000762939453,17.399999618530273,17.18000030517578,17.239999771118164,82194222.0
2023-05-17,17.200000762939453,17.3700008392334,17.110000610351562,17.139999389648438,66385963.0
2023-05-18,17.219999313354492,17.3700008392334,17.1299991607666,17.18000030517578,73944324.0
2023-05-19,17.149999618530273,17.15999984741211,17.020000457763672,17.040000915527344,53757176.0
2023-05-22,17.059999465942383,17.170000076293945,17.030000686645508,17.079999923706055,54853093.0
2023-05-23,17.079999923706055,17.139999389648438,16.950000762939453,16.950000762939453,68113073.0
2023-05-24,16.950000762939453,16.989999771118164,16.719999313354492,16.719999313354492,78090209.0
2023-05-25,16.719999313354492,16.729999542236328,16.600000381469727,16.670000076293945,53886898.0
2023-05-26,16.700000762939453,16.790000915527344,16.600000381469727,16.780000686645508,45340394.0
2023-05-29,16.799999237060547,16.850000381469727,16.65999984741211,16.75,51893003.0
2023-05-30,16.770000457763672,16.790000915527344,16.540000915527344,16.690000534057617,54731703.0
2023-05-31,16.649999618530273,16.690000534057617,16.540000915527344,16.559999465942383,47247477.0
2023-06-01,16.579999923706055,16.6299991607666,16.5,16.549999237060547,50070486.0
2023-06-02,16.600000381469727,16.709999084472656,16.579999923706055,16.700000762939453,52399235.0
2023-06-05,16.700000762939453,16.799999237060547,16.649999618530273,16.729999542236328,30794734.0
2023-06-06,16.729999542236328,16.950000762939453,16.709999084472656,16.739999771118164,53838988.0
2023-06-07,16.75,16.899999618530273,16.739999771118164,16.809999465942383,36262150.0
2023-06-08,16.850000381469727,17.09000015258789,16.780000686645508,17.079999923706055,66719860.0
2023-06-09,17.06999969482422,17.170000076293945,17.020000457763672,17.100000381469727,57189070.0
2023-06-12,17.09000015258789,17.110000610351562,16.940000534057617,16.940000534057617,48736149.0
2023-06-13,17.0,17.079999923706055,16.950000762939453,17.010000228881836,42162900.0
2023-06-14,17.06999969482422,17.110000610351562,16.889999389648438,16.899999618530273,57660970.0
2023-06-15,16.959999084472656,17.020000457763672,16.850000381469727,17.0,48579432.0
2023-06-16,17.030000686645508,17.09000015258789,16.969999313354492,16.989999771118164,75291160.0
2023-06-19,15.930000305175781,15.979999542236328,15.770000457763672,15.789999961853027,86186561.0
2023-06-20,15.800000190734863,15.869999885559082,15.779999732971191,15.779999732971191,36927385.0
2023-06-21,15.789999961853027,15.920000076293945,15.770000457763672,15.770000457763672,34064813.0
2023-06-26,15.760000228881836,15.760000228881836,15.529999732971191,15.609999656677246,50297130.0
2023-06-27,15.609999656677246,15.729999542236328,15.609999656677246,15.680000305175781,23731393.0
2023-06-28,15.680000305175781,15.720000267028809,15.600000381469727,15.6899995803833,25268018.0
2023-06-29,15.6899995803833,15.6899995803833,15.550000190734863,15.550000190734863,28313339.0
2023-06-30,15.5600004196167,15.710000038146973,15.550000190734863,15.649999618530273,25575756.0
2023-07-03,15.680000305175781,15.859999656677246,15.65999984741211,15.829999923706055,36535267.0
2023-07-04,15.829999923706055,15.829999923706055,15.640000343322754,15.680000305175781,33849311.0
2023-07-05,15.670000076293945,15.6899995803833,15.59000015258789,15.600000381469727,28021847.0
2023-07-06,15.579999923706055,15.630000114440918,15.520000457763672,15.5600004196167,34527686.0
2023-07-07,15.539999961853027,15.600000381469727,15.510000228881836,15.520000457763672,21874106.0
2023-07-10,15.5600004196167,15.59000015258789,15.430000305175781,15.460000038146973,32177756.0
2023-07-11,15.5,15.550000190734863,15.4399995803833,15.479999542236328,27286366.0
2023-07-12,15.489999771118164,15.59000015258789,15.479999542236328,15.510000228881836,26412522.0
2023-07-13,15.5600004196167,15.680000305175781,15.529999732971191,15.680000305175781,37656227.0
2023-07-14,15.649999618530273,15.729999542236328,15.649999618530273,15.680000305175781,27139769.0
2023-07-17,15.630000114440918,15.630000114440918,15.550000190734863,15.59000015258789,23597756.0
2023-07-18,15.609999656677246,15.630000114440918,15.539999961853027,15.5600004196167,24397233.0
2023-07-19,15.550000190734863,15.75,15.539999961853027,15.720000267028809,36682759.0
2023-07-20,15.770000457763672,15.880000114440918,15.739999771118164,15.789999961853027,41550119.0
2023-07-21,15.75,15.84000015258789,15.739999771118164,15.779999732971191,33844678.0
2023-07-24,15.710000038146973,15.770000457763672,15.649999618530273,15.65999984741211,24438765.0
2023-07-25,15.770000457763672,15.949999809265137,15.770000457763672,15.9399995803833,66267305.0
2023-07-26,15.890000343322754,15.979999542236328,15.869999885559082,15.949999809265137,30636026.0
2023-07-27,15.979999542236328,16.1299991607666,15.9399995803833,16.0,47705065.0
2023-07-28,15.960000038146973,16.540000915527344,15.949999809265137,16.489999771118164,110767423.0
2023-07-31,16.559999465942383,16.84000015258789,16.520000457763672,16.65999984741211,104972147.0
2023-08-01,16.610000610351562,16.729999542236328,16.56999969482422,16.6299991607666,51733410.0
2023-08-02,16.540000915527344,16.56999969482422,16.25,16.360000610351562,69439035.0
2023-08-03,16.299999237060547,16.549999237060547,16.270000457763672,16.510000228881836,39935339.0
2023-08-04,16.610000610351562,16.799999237060547,16.520000457763672,16.559999465942383,59700098.0
2023-08-07,16.540000915527344,16.59000015258789,16.450000762939453,16.5,42290922.0
2023-08-08,16.450000762939453,16.549999237060547,16.360000610351562,16.450000762939453,38744045.0
2023-08-09,16.40999984741211,16.540000915527344,16.399999618530273,16.5,28029972.0
2023-08-10,16.43000030517578,16.549999237060547,16.34000015258789,16.440000534057617,36196496.0
2023-08-11,16.440000534057617,16.540000915527344,16.100000381469727,16.100000381469727,53869735.0
2023-08-14,16.020000457763672,16.020000457763672,15.90999984741211,15.960000038146973,45119270.0
2023-08-15,15.979999542236328,16.09000015258789,15.90999984741211,16.049999237060547,37805693.0
2023-08-16,16.0,16.1200008392334,15.949999809265137,16.079999923706055,27651698.0
2023-08-17,16.0,16.059999465942383,15.920000076293945,16.020000457763672,40692598.0
2023-08-18,15.989999771118164,16.170000076293945,15.9399995803833,15.9399995803833,36762730.0
2023-08-21,15.949999809265137,15.989999771118164,15.699999809265137,15.699999809265137,52584499.0
2023-08-22,15.710000038146973,15.970000267028809,15.710000038146973,15.920000076293945,53463383.0
2023-08-23,15.869999885559082,16.09000015258789,15.869999885559082,15.90999984741211,50385876.0
2023-08-24,15.9399995803833,15.979999542236328,15.760000228881836,15.930000305175781,37466456.0
2023-08-25,15.869999885559082,16.1200008392334,15.859999656677246,16.010000228881836,46067400.0
2023-08-28,16.559999465942383,16.670000076293945,16.1299991607666,16.200000762939453,106985173.0
2023-08-29,16.190000534057617,16.25,15.949999809265137,16.0,78311653.0
2023-08-30,16.0,16.010000228881836,15.779999732971191,15.789999961853027,66316645.0
2023-08-31,15.84000015258789,16.049999237060547,15.800000190734863,15.8100004196167,62864690.0
2023-09-01,15.880000114440918,16.110000610351562,15.859999656677246,15.9399995803833,50323638.0
2023-09-04,16.040000915527344,16.34000015258789,16.0,16.239999771118164,79346864.0
2023-09-05,16.190000534057617,16.239999771118164,16.1299991607666,16.170000076293945,41221928.0
2023-09-06,16.110000610351562,16.309999465942383,16.100000381469727,16.290000915527344,35860715.0
2023-09-07,16.260000228881836,16.309999465942383,16.190000534057617,16.200000762939453,30692377.0
2023-09-08,16.200000762939453,16.209999084472656,16.079999923706055,16.15999984741211,24055167.0
2023-09-11,16.15999984741211,16.25,16.100000381469727,16.209999084472656,38073935.0
2023-09-12,16.209999084472656,16.25,16.149999618530273,16.170000076293945,24053001.0
2023-09-13,16.25,16.309999465942383,16.1200008392334,16.170000076293945,35866578.0
2023-09-14,16.229999542236328,16.270000457763672,16.149999618530273,16.260000228881836,41047866.0
2023-09-15,16.270000457763672,16.299999237060547,16.020000457763672,16.100000381469727,63526058.0
2023-09-18,16.079999923706055,16.149999618530273,16.010000228881836,16.139999389648438,30893069.0
2023-09-19,16.100000381469727,16.219999313354492,16.079999923706055,16.219999313354492,38348704.0
2023-09-20,16.219999313354492,16.260000228881836,16.1200008392334,16.219999313354492,33216987.0
2023-09-21,16.219999313354492,16.239999771118164,16.1200008392334,16.149999618530273,34731658.0
2023-09-22,16.18000030517578,16.3799991607666,16.139999389648438,16.3700008392334,67368192.0
2023-09-25,16.34000015258789,16.43000030517578,16.299999237060547,16.3700008392334,44973895.0
2023-09-26,16.360000610351562,16.40999984741211,16.31999969482422,16.350000381469727,26309769.0
2023-09-27,16.3799991607666,16.3799991607666,16.239999771118164,16.25,35002701.0
2023-09-28,16.309999465942383,16.3799991607666,16.280000686645508,16.290000915527344,34307210.0
2023-10-09,16.239999771118164,16.290000915527344,16.1299991607666,16.219999313354492,48000922.0
2023-10-10,16.299999237060547,16.3700008392334,16.18000030517578,16.18000030517578,31602068.0
2023-10-11,16.309999465942383,16.31999969482422,16.149999618530273,16.15999984741211,33789228.0
2023-10-12,16.350000381469727,16.3799991607666,16.260000228881836,16.34000015258789,38028284.0
2023-10-13,16.25,16.34000015258789,16.200000762939453,16.270000457763672,32964060.0
2023-10-16,16.280000686645508,16.299999237060547,16.15999984741211,16.200000762939453,27935060.0
2023-10-17,16.229999542236328,16.31999969482422,16.200000762939453,16.219999313354492,27816970.0
2023-10-18,16.219999313354492,16.280000686645508,16.170000076293945,16.170000076293945,36329100.0
2023-10-19,16.149999618530273,16.15999984741211,15.829999923706055,15.850000381469727,70716632.0
2023-10-20,15.829999923706055,15.90999984741211,15.720000267028809,15.789999961853027,49468319.0
2023-10-23,15.789999961853027,15.850000381469727,15.640000343322754,15.739999771118164,39945248.0
2023-10-24,15.789999961853027,15.8100004196167,15.65999984741211,15.670000076293945,50391757.0
2023-10-25,15.789999961853027,15.789999961853027,15.510000228881836,15.569999694824219,69745839.0
2023-10-26,15.569999694824219,15.739999771118164,15.550000190734863,15.710000038146973,39470695.0
2023-10-27,15.699999809265137,15.84000015258789,15.6899995803833,15.779999732971191,43730256.0
2023-10-30,15.699999809265137,15.739999771118164,15.550000190734863,15.569999694824219,55273712.0
2023-10-31,15.300000190734863,15.300000190734863,14.949999809265137,15.079999923706055,161221468.0
2023-11-01,15.069999694824219,15.140000343322754,14.960000038146973,15.109999656677246,62440363.0
2023-11-02,15.119999885559082,15.279999732971191,15.109999656677246,15.25,49222075.0
2023-11-03,15.260000228881836,15.279999732971191,15.170000076293945,15.199999809265137,37363703.0
2023-11-06,15.229999542236328,15.300000190734863,15.170000076293945,15.270000457763672,48059539.0
2023-11-07,15.270000457763672,15.279999732971191,15.140000343322754,15.1899995803833,43735143.0
2023-11-08,15.180000305175781,15.210000038146973,15.079999923706055,15.130000114440918,33658723.0
2023-11-09,15.109999656677246,15.180000305175781,15.09000015258789,15.119999885559082,35555242.0
2023-11-10,15.100000381469727,15.119999885559082,14.960000038146973,14.979999542236328,50355532.0
2023-11-13,15.0,15.039999961853027,14.920000076293945,14.960000038146973,37219975.0
2023-11-14,14.949999809265137,15.010000228881836,14.619999885559082,14.720000267028809,107111042.0
2023-11-15,14.770000457763672,14.899999618530273,14.720000267028809,14.850000381469727,63220534.0
2023-11-16,14.850000381469727,14.869999885559082,14.75,14.770000457763672,40511590.0
2023-11-17,14.739999771118164,14.75,14.609999656677246,14.710000038146973,53440872.0
2023-11-20,14.739999771118164,14.869999885559082,14.680000305175781,14.850000381469727,41340754.0
2023-11-21,14.880000114440918,14.979999542236328,14.869999885559082,14.890000343322754,38754638.0
2023-11-22,14.859999656677246,14.930000305175781,14.850000381469727,14.850000381469727,26860451.0
2023-11-23,14.850000381469727,14.880000114440918,14.75,14.829999923706055,30682256.0
2023-11-24,14.819999694824219,14.869999885559082,14.779999732971191,14.8100004196167,26514138.0
2023-11-27,14.770000457763672,14.819999694824219,14.649999618530273,14.75,41258127.0
2023-11-28,14.75,14.84000015258789,14.739999771118164,14.800000190734863,29062517.0
2023-11-29,14.789999961853027,14.8100004196167,14.489999771118164,14.600000381469727,68885306.0
2023-11-30,14.600000381469727,14.670000076293945,14.550000190734863,14.600000381469727,40506558.0
2023-12-01,14.600000381469727,14.670000076293945,14.5,14.609999656677246,46422167.0
2023-12-04,14.619999885559082,14.6899995803833,14.510000228881836,14.510000228881836,32721652.0
2023-12-05,14.5,14.510000228881836,14.15999984741211,14.180000305175781,61736609.0
2023-12-06,14.15999984741211,14.25,14.050000190734863,14.170000076293945,49207193.0
2023-12-07,14.1899995803833,14.1899995803833,14.010000228881836,14.119999885559082,43091132.0
2023-12-08,14.100000381469727,14.210000038146973,14.09000015258789,14.109999656677246,35961788.0
2023-12-11,14.119999885559082,14.4399995803833,13.949999809265137,14.390000343322754,56236978.0
2023-12-12,14.3100004196167,14.600000381469727,14.300000190734863,14.59000015258789,52037797.0
2023-12-13,14.579999923706055,14.59000015258789,14.3100004196167,14.34000015258789,46038449.0
2023-12-14,14.40999984741211,14.479999542236328,14.34000015258789,14.34000015258789,27337299.0
2023-12-15,14.390000343322754,14.489999771118164,14.279999732971191,14.3100004196167,36636585.0
2023-12-18,14.289999961853027,14.399999618530273,14.15999984741211,14.359999656677246,29304787.0
2023-12-19,14.329999923706055,14.420000076293945,14.279999732971191,14.399999618530273,26319416.0
2023-12-20,14.40999984741211,14.5,14.319999694824219,14.329999923706055,34085076.0
2023-12-21,14.300000190734863,14.520000457763672,14.229999542236328,14.479999542236328,43500160.0
2023-12-22,14.510000228881836,14.649999618530273,14.399999618530273,14.619999885559082,46937012.0
2023-12-25,14.600000381469727,14.649999618530273,14.5600004196167,14.609999656677246,24810150.0
2023-12-26,14.619999885559082,14.640000343322754,14.510000228881836,14.5600004196167,20460721.0
2023-12-27,14.5600004196167,14.579999923706055,14.380000114440918,14.520000457763672,35006825.0
2023-12-28,14.520000457763672,14.75,14.479999542236328,14.739999771118164,49900548.0
2023-12-29,14.729999542236328,16.209999084472656,14.710000038146973,16.209999084472656,50335187.0
2024-01-02,14.920000076293945,14.9399995803833,14.770000457763672,14.829999923706055,103228789.0
2024-01-03,14.75,14.760000228881836,14.600000381469727,14.680000305175781,76538528.0
2024-01-04,14.65999984741211,14.710000038146973,14.510000228881836,14.619999885559082,63123105.0
2024-01-05,14.579999923706055,14.979999542236328,14.550000190734863,14.8100004196167,103339237.0
2024-01-08,14.729999542236328,14.899999618530273,14.630000114440918,14.699999809265137,70545219.0
2024-01-09,14.6899995803833,14.710000038146973,14.59000015258789,14.680000305175781,48387580.0
2024-01-10,14.65999984741211,14.699999809265137,14.609999656677246,14.609999656677246,32700724.0
2024-01-11,14.600000381469727,14.729999542236328,14.520000457763672,14.65999984741211,41408950.0
2024-01-12,14.609999656677246,14.770000457763672,14.600000381469727,14.6899995803833,34530547.0
2024-01-15,14.640000343322754,14.8100004196167,14.640000343322754,14.729999542236328,35798616.0
2024-01-16,14.710000038146973,14.9399995803833,14.699999809265137,14.930000305175781,70489355.0
2024-01-17,14.899999618530273,15.050000190734863,14.8100004196167,14.8100004196167,87169331.0
2024-01-18,14.779999732971191,15.149999618530273,14.550000190734863,15.09000015258789,110188953.0
2024-01-19,15.010000228881836,15.170000076293945,14.9399995803833,15.149999618530273,73323536.0
2024-01-22,15.140000343322754,15.399999618530273,15.020000457763672,15.199999809265137,121534183.0
2024-01-23,15.109999656677246,15.199999809265137,15.0,15.100000381469727,61264696.0
2024-01-24,15.199999809265137,15.329999923706055,15.079999923706055,15.300000190734863,61540810.0
2024-01-25,15.350000381469727,15.479999542236328,15.300000190734863,15.470000267028809,68883248.0
2024-01-26,15.470000267028809,15.65999984741211,15.4399995803833,15.640000343322754,91323924.0
2024-01-29,15.65999984741211,15.850000381469727,15.600000381469727,15.720000267028809,73711099.0
2024-01-30,15.670000076293945,15.850000381469727,15.609999656677246,15.649999618530273,69753737.0
2024-01-31,15.619999885559082,15.789999961853027,15.579999923706055,15.729999542236328,69474801.0
2024-02-01,15.680000305175781,15.770000457763672,15.550000190734863,15.710000038146973,67415823.0
2024-02-02,15.75,15.789999961853027,15.350000381469727,15.710000038146973,87771386.0
2024-02-05,15.710000038146973,15.899999618530273,15.579999923706055,15.84000015258789,113610920.0
2024-02-06,15.84000015258789,15.920000076293945,15.75,15.920000076293945,99272051.0
2024-02-07,15.970000267028809,15.979999542236328,15.640000343322754,15.970000267028809,131455089.0
2024-02-08,15.90999984741211,16.049999237060547,15.819999694824219,16.049999237060547,88950645.0
2024-02-19,16.09000015258789,16.190000534057617,16.0,16.18000030517578,69032036.0
2024-02-20,16.15999984741211,16.239999771118164,16.100000381469727,16.200000762939453,61476964.0
2024-02-21,16.200000762939453,16.860000610351562,16.1299991607666,16.670000076293945,131680981.0
2024-02-22,16.649999618530273,16.8799991607666,16.600000381469727,16.799999237060547,71238450.0
2024-02-23,16.790000915527344,16.989999771118164,16.780000686645508,16.860000610351562,60950141.0
2024-02-26,16.84000015258789,16.84000015258789,16.420000076293945,16.479999542236328,83038757.0
2024-02-27,16.40999984741211,16.639999389648438,16.389999389648438,16.549999237060547,46945127.0
2024-02-28,16.549999237060547,16.65999984741211,16.360000610351562,16.530000686645508,74848172.0
2024-02-29,16.479999542236328,16.700000762939453,16.459999084472656,16.649999618530273,66021105.0
2024-03-01,16.6200008392334,16.649999618530273,16.520000457763672,16.579999923706055,48660308.0
2024-03-04,16.520000457763672,16.549999237060547,16.3799991607666,16.40999984741211,54673243.0
2024-03-05,16.360000610351562,16.670000076293945,16.31999969482422,16.610000610351562,70684630.0
2024-03-06,16.610000610351562,16.700000762939453,16.5,16.5,47136714.0
2024-03-07,16.5,16.6299991607666,16.459999084472656,16.510000228881836,41912222.0
2024-03-08,16.489999771118164,16.56999969482422,16.43000030517578,16.479999542236328,34451811.0
2024-03-11,16.469999313354492,16.540000915527344,16.389999389648438,16.5,41769503.0
2024-03-12,16.479999542236328,16.610000610351562,16.440000534057617,16.489999771118164,55479480.0
2024-03-13,16.479999542236328,16.520000457763672,16.25,16.309999465942383,53270685.0
2024-03-14,16.280000686645508,16.3799991607666,16.280000686645508,16.290000915527344,30954311.0
2024-03-15,16.329999923706055,16.469999313354492,16.280000686645508,16.389999389648438,46085482.0
2024-03-18,16.34000015258789,16.440000534057617,16.329999923706055,16.3700008392334,30356993.0
2024-03-19,16.350000381469727,16.3700008392334,16.18000030517578,16.190000534057617,40902730.0
2024-03-20,16.18000030517578,16.299999237060547,16.1299991607666,16.280000686645508,29498542.0
2024-03-21,16.260000228881836,16.43000030517578,16.239999771118164,16.329999923706055,36047562.0
2024-03-22,16.31999969482422,16.360000610351562,16.149999618530273,16.270000457763672,40452348.0
2024-03-25,16.25,16.3799991607666,16.209999084472656,16.290000915527344,36307260.0
2024-03-26,16.329999923706055,16.479999542236328,16.329999923706055,16.459999084472656,49830221.0
2024-03-27,16.479999542236328,16.690000534057617,16.440000534057617,16.59000015258789,55953010.0
2024-03-28,16.549999237060547,16.56999969482422,16.219999313354492,16.25,83313962.0
2024-03-29,15.720000267028809,15.930000305175781,15.539999961853027,15.779999732971191,74129845.0
2024-04-01,15.800000190734863,16.079999923706055,15.770000457763672,15.829999923706055,92634216.0
2024-04-02,15.819999694824219,15.890000343322754,15.520000457763672,15.59000015258789,115895736.0
2024-04-03,15.539999961853027,15.5600004196167,15.350000381469727,15.40999984741211,84029126.0
2024-04-08,15.380000114440918,15.529999732971191,15.3100004196167,15.479999542236328,67248577.0
2024-04-09,15.479999542236328,15.600000381469727,15.449999809265137,15.460000038146973,54899509.0
2024-04-10,15.470000267028809,15.859999656677246,15.470000267028809,15.720000267028809,92392314.0
2024-04-11,15.65999984741211,15.710000038146973,15.520000457763672,15.649999618530273,48658125.0
2024-04-12,15.609999656677246,15.739999771118164,15.470000267028809,15.489999771118164,61581523.0
2024-04-15,15.5,15.8100004196167,15.489999771118164,15.770000457763672,71011418.0
2024-04-16,15.710000038146973,16.030000686645508,15.710000038146973,15.930000305175781,92468184.0
2024-04-17,15.90999984741211,16.200000762939453,15.739999771118164,16.18000030517578,90993603.0
2024-04-18,16.1299991607666,16.5,16.110000610351562,16.299999237060547,89205299.0
2024-04-19,16.25,16.389999389648438,16.15999984741211,16.18000030517578,52572297.0
2024-04-22,16.229999542236328,16.43000030517578,16.06999969482422,16.1299991607666,54080994.0
2024-04-23,16.190000534057617,16.229999542236328,15.979999542236328,16.0,54571146.0
2024-04-24,16.059999465942383,16.059999465942383,15.880000114440918,15.90999984741211,42414530.0
2024-04-25,15.899999618530273,16.170000076293945,15.869999885559082,16.170000076293945,54800467.0
2024-04-26,16.170000076293945,16.479999542236328,16.170000076293945,16.43000030517578,126849508.0
2024-04-29,16.43000030517578,16.850000381469727,16.389999389648438,16.739999771118164,110108449.0
2024-04-30,16.739999771118164,16.899999618530273,16.68000030517578,16.850000381469727,77094529.0
2024-05-06,17.0,17.079999923706055,16.809999465942383,16.81999969482422,80591839.0
2024-05-07,16.829999923706055,16.860000610351562,16.610000610351562,16.81999969482422,60667972.0
2024-05-08,16.770000457763672,16.90999984741211,16.719999313354492,16.780000686645508,44144319.0
2024-05-09,16.75,16.940000534057617,16.75,16.860000610351562,40344674.0
2024-05-10,16.8700008392334,17.1200008392334,16.860000610351562,17.06999969482422,72772263.0
2024-05-13,17.049999237060547,17.200000762939453,16.920000076293945,17.15999984741211,50202194.0
2024-05-14,17.190000534057617,17.239999771118164,17.049999237060547,17.1200008392334,43437599.0
2024-05-15,17.1200008392334,17.190000534057617,16.940000534057617,17.010000228881836,45271053.0
2024-05-16,17.040000915527344,17.450000762939453,17.020000457763672,17.3799991607666,92874833.0
2024-05-17,17.420000076293945,17.700000762939453,17.3799991607666,17.700000762939453,87539361.0
2024-05-20,17.709999084472656,18.100000381469727,17.670000076293945,17.860000610351562,97584598.0
2024-05-21,17.81999969482422,18.100000381469727,17.729999542236328,18.030000686645508,68514025.0
2024-05-22,18.030000686645508,18.299999237060547,17.979999542236328,18.18000030517578,77406525.0
2024-05-23,18.139999389648438,18.200000762939453,17.940000534057617,18.110000610351562,62714770.0
2024-05-24,18.059999465942383,18.190000534057617,17.8700008392334,17.889999389648438,62661101.0
2024-05-27,17.950000762939453,18.280000686645508,17.90999984741211,18.229999542236328,77831883.0
2024-05-28,18.239999771118164,18.450000762939453,18.170000076293945,18.31999969482422,63370743.0
2024-05-29,18.299999237060547,18.399999618530273,18.0,18.06999969482422,73760813.0
2024-05-30,18.010000228881836,18.25,17.799999237060547,17.940000534057617,68084499.0
2024-05-31,17.969999313354492,18.030000686645508,17.8700008392334,17.889999389648438,67386237.0
2024-06-03,17.889999389648438,17.979999542236328,17.6299991607666,17.799999237060547,58895967.0
2024-06-04,17.770000457763672,17.959999084472656,17.729999542236328,17.75,49262372.0
2024-06-05,17.780000686645508,17.829999923706055,17.479999542236328,17.549999237060547,54922264.0
2024-06-06,17.579999923706055,17.739999771118164,17.520000457763672,17.56999969482422,43523816.0
2024-06-07,17.6299991607666,17.729999542236328,17.43000030517578,17.530000686645508,46258107.0
2024-06-11,17.469999313354492,17.600000381469727,17.309999465942383,17.40999984741211,53194641.0
2024-06-12,17.459999084472656,17.459999084472656,17.209999084472656,17.280000686645508,45288372.0
2024-06-13,17.329999923706055,17.3799991607666,17.1299991607666,17.170000076293945,32422139.0
2024-06-14,17.18000030517578,17.56999969482422,17.139999389648438,17.459999084472656,65951759.0
2024-06-17,17.420000076293945,17.520000457763672,17.229999542236328,17.360000610351562,43113282.0
2024-06-18,17.3700008392334,17.549999237060547,17.299999237060547,17.389999389648438,35881324.0
2024-06-19,17.43000030517578,17.709999084472656,17.3799991607666,17.6200008392334,50649037.0
2024-06-20,17.6299991607666,17.649999618530273,17.280000686645508,17.299999237060547,36661604.0
2024-06-21,17.290000915527344,17.420000076293945,17.1200008392334,17.350000381469727,48738999.0
2024-06-24,17.34000015258789,17.459999084472656,17.149999618530273,17.420000076293945,47088196.0
2024-06-25,17.399999618530273,17.469999313354492,17.229999542236328,17.31999969482422,47969052.0
2024-06-26,17.299999237060547,17.399999618530273,17.229999542236328,17.329999923706055,35325170.0
2024-06-27,17.329999923706055,17.5,17.229999542236328,17.450000762939453,49854905.0
2024-06-28,17.5,17.75,17.40999984741211,17.6200008392334,62020181.0
2024-07-01,17.6299991607666,17.899999618530273,17.6299991607666,17.75,43439217.0
2024-07-02,17.700000762939453,17.969999313354492,17.690000534057617,17.920000076293945,49729489.0
2024-07-03,17.920000076293945,17.989999771118164,17.639999389648438,17.700000762939453,42568679.0
2024-07-04,17.700000762939453,17.799999237060547,17.559999465942383,17.6200008392334,44368723.0
2024-07-05,17.6200008392334,17.6200008392334,17.6200008392334,17.6200008392334,0.0
2024-07-08,17.18000030517578,17.360000610351562,17.1299991607666,17.280000686645508,69538163.0
2024-07-09,16.290000915527344,16.479999542236328,16.190000534057617,16.43000030517578,80385403.0
2024-07-10,16.420000076293945,16.739999771118164,16.389999389648438,16.610000610351562,47118042.0
2024-07-11,16.68000030517578,16.700000762939453,16.420000076293945,16.479999542236328,49920383.0
2024-07-12,16.489999771118164,16.90999984741211,16.479999542236328,16.8799991607666,59548518.0
2024-07-15,16.84000015258789,17.09000015258789,16.829999923706055,17.030000686645508,46532645.0
2024-07-16,17.059999465942383,17.100000381469727,16.889999389648438,17.0,41586364.0
2024-07-17,17.010000228881836,17.25,17.0,17.200000762939453,64694147.0
2024-07-18,17.260000228881836,17.299999237060547,17.020000457763672,17.100000381469727,54781902.0
2024-07-19,17.100000381469727,17.229999542236328,16.860000610351562,17.1299991607666,76352403.0
2024-07-22,17.1299991607666,17.1299991607666,16.65999984741211,16.780000686645508,61302689.0
2024-07-23,16.790000915527344,17.139999389648438,16.790000915527344,16.940000534057617,61751662.0
2024-07-24,16.920000076293945,16.989999771118164,16.739999771118164,16.829999923706055,46453180.0
2024-07-25,16.889999389648438,16.889999389648438,16.559999465942383,16.709999084472656,52213172.0
2024-07-26,16.719999313354492,16.780000686645508,16.3799991607666,16.489999771118164,48640489.0
2024-07-29,16.530000686645508,16.770000457763672,16.5,16.719999313354492,40188268.0
2024-07-30,16.719999313354492,16.829999923706055,16.59000015258789,16.690000534057617,43623981.0
2024-07-31,16.68000030517578,16.829999923706055,16.649999618530273,16.75,44781838.0
2024-08-01,16.719999313354492,16.829999923706055,16.559999465942383,16.639999389648438,41422057.0
2024-08-02,16.600000381469727,16.65999984741211,16.479999542236328,16.520000457763672,34812573.0
2024-08-05,16.5,16.610000610351562,16.3700008392334,16.3799991607666,48802816.0
2024-08-06,16.450000762939453,16.530000686645508,16.139999389648438,16.209999084472656,47418652.0
2024-08-07,16.209999084472656,16.450000762939453,16.209999084472656,16.31999969482422,35849937.0
2024-08-08,16.34000015258789,16.469999313354492,16.299999237060547,16.440000534057617,23281702.0
2024-08-09,16.450000762939453,16.559999465942383,16.34000015258789,16.3700008392334,28531007.0
2024-08-12,16.34000015258789,16.399999618530273,16.280000686645508,16.280000686645508,21128834.0
2024-08-13,16.290000915527344,16.3700008392334,16.239999771118164,16.31999969482422,22772035.0
2024-08-14,16.31999969482422,16.450000762939453,16.270000457763672,16.280000686645508,23169682.0
2024-08-15,16.280000686645508,16.639999389648438,16.25,16.59000015258789,48362059.0
2024-08-16,16.6299991607666,16.780000686645508,16.600000381469727,16.719999313354492,35942419.0
2024-08-19,16.75,16.969999313354492,16.719999313354492,16.950000762939453,39325857.0
2024-08-20,16.979999542236328,17.0,16.780000686645508,16.84000015258789,38660448.0
2024-08-21,16.799999237060547,16.8700008392334,16.579999923706055,16.770000457763672,42423574.0
2024-08-22,16.790000915527344,16.899999618530273,16.729999542236328,16.81999969482422,44072102.0
2024-08-23,16.90999984741211,17.34000015258789,16.8799991607666,17.31999969482422,110631674.0
2024-08-26,17.329999923706055,17.5,17.309999465942383,17.479999542236328,66940042.0
2024-08-27,17.479999542236328,17.549999237060547,17.290000915527344,17.329999923706055,39653142.0
2024-08-28,17.389999389648438,17.399999618530273,17.1299991607666,17.209999084472656,48067883.0
2024-08-29,17.25,17.270000457763672,16.68000030517578,16.690000534057617,72338996.0
2024-08-30,16.690000534057617,16.8700008392334,16.510000228881836,16.510000228881836,83875741.0
2024-09-02,16.530000686645508,16.719999313354492,16.420000076293945,16.5,53639885.0
2024-09-03,16.5,16.56999969482422,16.15999984741211,16.360000610351562,57995988.0
2024-09-04,16.329999923706055,16.489999771118164,16.200000762939453,16.239999771118164,44265190.0
2024-09-05,16.25,16.350000381469727,16.170000076293945,16.299999237060547,41701412.0
2024-09-06,16.309999465942383,16.600000381469727,16.309999465942383,16.389999389648438,40464731.0
2024-09-09,16.389999389648438,16.530000686645508,15.949999809265137,15.970000267028809,65316266.0
2024-09-10,16.0,16.100000381469727,15.829999923706055,16.06999969482422,40567186.0
2024-09-11,16.030000686645508,16.040000915527344,15.680000305175781,15.800000190734863,49804042.0
2024-09-12,15.829999923706055,16.100000381469727,15.699999809265137,16.030000686645508,38230974.0
2024-09-13,16.079999923706055,16.18000030517578,15.949999809265137,15.970000267028809,28244783.0
2024-09-18,15.970000267028809,16.100000381469727,15.880000114440918,16.06999969482422,29541358.0
2024-09-19,16.100000381469727,16.1200008392334,15.859999656677246,16.049999237060547,36611352.0
2024-09-20,16.06999969482422,16.299999237060547,16.059999465942383,16.25,57809673.0
2024-09-23,16.219999313354492,16.6200008392334,16.15999984741211,16.559999465942383,42725218.0
2024-09-24,16.670000076293945,17.18000030517578,16.600000381469727,17.18000030517578,106835999.0
2024-09-25,17.459999084472656,17.8700008392334,17.360000610351562,17.600000381469727,127403031.0
2024-09-26,17.600000381469727,18.450000762939453,17.579999923706055,18.450000762939453,167933653.0
2024-09-27,18.799999237060547,18.899999618530273,18.030000686645508,18.34000015258789,85845071.0
2024-09-30,18.899999618530273,19.40999984741211,18.520000457763672,19.270000457763672,241447698.0
2024-10-08,21.0,21.049999237060547,19.3799991607666,20.010000228881836,244635658.0
2024-10-09,19.90999984741211,19.940000534057617,18.610000610351562,18.610000610351562,167842499.0
2024-10-10,18.90999984741211,19.780000686645508,18.90999984741211,19.399999618530273,157000346.0
2024-10-11,19.309999465942383,19.700000762939453,18.809999465942383,19.0,100090475.0
2024-10-14,19.270000457763672,19.959999084472656,19.270000457763672,19.65999984741211,143521517.0
2024-10-15,19.6299991607666,19.950000762939453,19.350000381469727,19.350000381469727,89155043.0
2024-10-16,19.200000762939453,20.049999237060547,19.18000030517578,19.959999084472656,133009819.0
2024-10-17,19.959999084472656,20.18000030517578,19.559999465942383,19.56999969482422,83672605.0
2024-10-18,19.6200008392334,19.790000915527344,19.200000762939453,19.600000381469727,94869664.0
2024-10-21,19.56999969482422,19.56999969482422,18.969999313354492,19.229999542236328,115211841.0
2024-10-22,19.1299991607666,19.399999618530273,19.059999465942383,19.139999389648438,57367154.0
2024-10-23,19.1299991607666,19.239999771118164,19.010000228881836,19.15999984741211,53144532.0
2024-10-24,19.100000381469727,19.270000457763672,19.06999969482422,19.170000076293945,37201807.0
2024-10-25,19.229999542236328,19.280000686645508,19.010000228881836,19.139999389648438,47442664.0
2024-10-28,19.06999969482422,19.1299991607666,18.719999313354492,19.020000457763672,64052383.0
2024-10-29,19.030000686645508,19.31999969482422,18.90999984741211,19.010000228881836,60365743.0
2024-10-30,18.90999984741211,19.1200008392334,18.700000762939453,18.770000457763672,58063270.0
2024-10-31,18.5,18.6200008392334,18.030000686645508,18.280000686645508,138850718.0
2024-11-01,18.209999084472656,18.549999237060547,18.200000762939453,18.290000915527344,79359420.0
2024-11-04,18.329999923706055,18.3799991607666,18.020000457763672,18.309999465942383,58521405.0
2024-11-05,18.290000915527344,18.440000534057617,18.1299991607666,18.399999618530273,86441395.0
2024-11-06,18.389999389648438,18.479999542236328,18.209999084472656,18.329999923706055,90573106.0
2024-11-07,18.3799991607666,18.940000534057617,18.34000015258789,18.90999984741211,95417704.0
2024-11-08,18.940000534057617,19.09000015258789,18.6299991607666,18.700000762939453,86019806.0
2024-11-11,18.5,18.600000381469727,18.260000228881836,18.3799991607666,81939053.0
2024-11-12,18.350000381469727,18.6299991607666,18.110000610351562,18.1299991607666,81110006.0
2024-11-13,18.1200008392334,18.260000228881836,18.079999923706055,18.149999618530273,58341922.0
2024-11-14,18.110000610351562,18.399999618530273,18.059999465942383,18.190000534057617,67747489.0
2024-11-15,18.170000076293945,18.34000015258789,18.049999237060547,18.049999237060547,71365943.0
2024-11-18,18.200000762939453,18.979999542236328,18.200000762939453,18.510000228881836,168192049.0
2024-11-19,18.510000228881836,18.719999313354492,18.209999084472656,18.329999923706055,98469268.0
2024-11-20,18.350000381469727,18.360000610351562,18.190000534057617,18.219999313354492,64015148.0
2024-11-21,18.209999084472656,18.280000686645508,18.139999389648438,18.239999771118164,43991386.0
2024-11-22,18.25,18.290000915527344,17.799999237060547,17.799999237060547,84844135.0
2024-11-25,17.90999984741211,17.989999771118164,17.709999084472656,17.760000228881836,64526027.0
2024-11-26,17.75,18.049999237060547,17.670000076293945,17.959999084472656,62465227.0
2024-11-27,17.950000762939453,18.1200008392334,17.799999237060547,18.110000610351562,47912820.0
2024-11-28,18.110000610351562,18.15999984741211,17.899999618530273,18.030000686645508,47698837.0
2024-11-29,18.059999465942383,18.229999542236328,18.030000686645508,18.049999237060547,70822173.0
2024-12-02,18.049999237060547,18.229999542236328,18.0,18.190000534057617,58106746.0
2024-12-03,18.18000030517578,18.450000762939453,18.1200008392334,18.450000762939453,74498748.0
2024-12-04,18.440000534057617,18.520000457763672,18.200000762939453,18.420000076293945,67236965.0
2024-12-05,18.360000610351562,18.420000076293945,18.229999542236328,18.260000228881836,43753191.0
2024-12-06,18.290000915527344,18.6299991607666,18.280000686645508,18.489999771118164,70270421.0
2024-12-09,18.489999771118164,18.639999389648438,18.3799991607666,18.540000915527344,58409407.0
2024-12-10,18.8799991607666,18.969999313354492,18.670000076293945,18.68000030517578,93882578.0
2024-12-11,18.729999542236328,18.809999465942383,18.510000228881836,18.549999237060547,62674663.0
2024-12-12,18.559999465942383,18.84000015258789,18.520000457763672,18.75,69218442.0
2024-12-13,18.68000030517578,18.709999084472656,18.149999618530273,18.149999618530273,113196660.0
2024-12-16,18.18000030517578,18.3700008392334,18.18000030517578,18.219999313354492,54417641.0
2024-12-17,18.200000762939453,18.43000030517578,18.170000076293945,18.360000610351562,57043498.0
2024-12-18,18.40999984741211,18.68000030517578,18.389999389648438,18.600000381469727,69237813.0
2024-12-19,18.510000228881836,18.68000030517578,18.469999313354492,18.540000915527344,54827452.0
2024-12-20,18.530000686645508,18.690000534057617,18.459999084472656,18.520000457763672,65323991.0
2024-12-23,18.520000457763672,18.920000076293945,18.520000457763672,18.81999969482422,97153555.0
2024-12-24,18.829999923706055,19.040000915527344,18.81999969482422,18.979999542236328,82721094.0
2024-12-25,19.010000228881836,19.270000457763672,18.979999542236328,19.190000534057617,74527377.0
2024-12-26,19.15999984741211,19.25,19.010000228881836,19.219999313354492,57798597.0
2024-12-27,19.229999542236328,19.350000381469727,19.0,19.350000381469727,70882453.0
2024-12-30,19.360000610351562,19.6200008392334,19.360000610351562,19.549999237060547,72425039.0
2024-12-31,19.489999771118164,19.600000381469727,19.15999984741211,19.15999984741211,81336600.0
2025-01-02,19.209999084472656,19.350000381469727,18.829999923706055,18.920000076293945,95127720.0
2025-01-03,18.93000030517578,19.149999618530273,18.799999237060547,18.920000076293945,73691320.0
2025-01-06,19.010000228881836,19.25,18.700000762939453,19.209999084472656,84427052.0
2025-01-07,19.149999618530273,19.549999237060547,19.139999389648438,19.43000030517578,69461383.0
2025-01-08,19.43000030517578,19.799999237060547,19.399999618530273,19.639999389648438,84444266.0
2025-01-09,19.68000030517578,19.739999771118164,19.329999923706055,19.610000610351562,64116428.0
2025-01-10,19.65999984741211,19.780000686645508,19.3700008392334,19.579999923706055,65017744.0
2025-01-13,19.440000534057617,19.559999465942383,19.1200008392334,19.290000915527344,63870464.0
2025-01-14,19.329999923706055,19.68000030517578,19.219999313354492,19.610000610351562,77759291.0
2025-01-15,19.6299991607666,20.079999923706055,19.559999465942383,19.799999237060547,78371326.0
2025-01-16,20.0,20.049999237060547,19.719999313354492,19.989999771118164,70328313.0
2025-01-17,19.979999542236328,20.09000015258789,19.799999237060547,19.899999618530273,51262751.0
2025-01-20,20.040000915527344,20.1299991607666,19.84000015258789,19.8799991607666,56158321.0
2025-01-21,19.950000762939453,20.15999984741211,19.770000457763672,19.959999084472656,57361353.0
2025-01-22,19.989999771118164,20.0,19.5,19.510000228881836,70302976.0
2025-01-23,19.65999984741211,20.190000534057617,19.649999618530273,20.139999389648438,99413617.0
2025-01-24,20.079999923706055,20.31999969482422,19.93000030517578,20.229999542236328,72144775.0
2025-01-27,20.31999969482422,20.5,20.219999313354492,20.309999465942383,66985052.0
2025-02-05,20.479999542236328,20.479999542236328,20.059999465942383,20.1299991607666,56941375.0
2025-02-06,20.09000015258789,20.350000381469727,20.020000457763672,20.239999771118164,52992499.0
2025-02-07,20.18000030517578,20.299999237060547,20.06999969482422,20.1200008392334,62019690.0
2025-02-10,20.1200008392334,20.6299991607666,20.020000457763672,20.350000381469727,77145748.0
2025-02-11,20.360000610351562,20.540000915527344,20.290000915527344,20.350000381469727,43490163.0
2025-02-12,20.399999618530273,20.8700008392334,20.290000915527344,20.799999237060547,72642011.0
2025-02-13,20.760000228881836,20.950000762939453,20.700000762939453,20.719999313354492,45721486.0
2025-02-14,20.75,21.18000030517578,20.65999984741211,21.15999984741211,81100768.0
2025-02-17,21.100000381469727,21.149999618530273,20.760000228881836,20.950000762939453,67391435.0
2025-02-18,20.850000381469727,21.219999313354492,20.81999969482422,21.049999237060547,59047949.0
2025-02-19,20.989999771118164,21.09000015258789,20.90999984741211,21.0,43259133.0
2025-02-20,21.010000228881836,21.030000686645508,20.809999465942383,20.84000015258789,40495388.0
2025-02-21,20.920000076293945,20.920000076293945,20.510000228881836,20.670000076293945,60764585.0
2025-02-24,20.56999969482422,20.709999084472656,20.43000030517578,20.489999771118164,50618641.0
2025-02-25,20.43000030517578,20.549999237060547,20.329999923706055,20.40999984741211,48518314.0
2025-02-26,20.489999771118164,20.799999237060547,20.420000076293945,20.440000534057617,51212517.0
2025-02-27,20.450000762939453,20.940000534057617,20.350000381469727,20.920000076293945,64398226.0
2025-02-28,20.860000610351562,21.09000015258789,20.75,20.75,63937206.0
2025-03-03,20.90999984741211,20.950000762939453,20.610000610351562,20.75,46107844.0
2025-03-04,20.700000762939453,20.979999542236328,20.700000762939453,20.81999969482422,39919923.0
2025-03-05,20.829999923706055,21.15999984741211,20.780000686645508,21.100000381469727,63293924.0
2025-03-06,21.110000610351562,21.190000534057617,20.899999618530273,21.1299991607666,56051459.0
2025-03-07,21.170000076293945,21.43000030517578,21.100000381469727,21.360000610351562,64288017.0
2025-03-10,21.299999237060547,21.34000015258789,20.950000762939453,21.0,60554152.0
2025-03-11,20.940000534057617,21.299999237060547,20.940000534057617,21.299999237060547,56007608.0
2025-03-12,21.280000686645508,21.469999313354492,21.149999618530273,21.219999313354492,40386806.0
2025-03-13,21.25,21.510000228881836,21.219999313354492,21.350000381469727,59241895.0
2025-03-14,21.399999618530273,21.8799991607666,21.350000381469727,21.760000228881836,99099802.0
2025-03-17,21.850000381469727,21.989999771118164,21.729999542236328,21.899999618530273,54379018.0
2025-03-18,21.8799991607666,21.940000534057617,21.770000457763672,21.829999923706055,32411027.0
2025-03-19,21.829999923706055,22.440000534057617,21.81999969482422,22.3799991607666,80934070.0
2025-03-20,22.40999984741211,22.479999542236328,22.110000610351562,22.299999237060547,61891151.0
2025-03-21,22.200000762939453,22.34000015258789,21.59000015258789,21.6299991607666,80733212.0
2025-03-24,21.6299991607666,21.899999618530273,21.6299991607666,21.829999923706055,42997381.0
2025-03-25,21.84000015258789,21.979999542236328,21.719999313354492,21.780000686645508,31639586.0
2025-03-26,21.709999084472656,21.81999969482422,21.40999984741211,21.479999542236328,60439734.0
2025-03-27,21.489999771118164,21.760000228881836,21.459999084472656,21.5,38365602.0
2025-03-28,21.549999237060547,21.649999618530273,21.420000076293945,21.530000686645508,38611535.0
2025-03-31,21.559999465942383,21.719999313354492,21.350000381469727,21.600000381469727,56227810.0
2025-04-01,21.579999923706055,21.600000381469727,21.149999618530273,21.260000228881836,61300103.0
2025-04-02,21.200000762939453,21.440000534057617,21.190000534057617,21.25,38462628.0
2025-04-03,21.040000915527344,21.329999923706055,20.989999771118164,21.18000030517578,39603084.0
2025-04-07,20.299999237060547,20.75,19.670000076293945,20.1299991607666,174139850.0
2025-04-08,20.1299991607666,20.8799991607666,20.030000686645508,20.809999465942383,156377486.0
2025-04-09,20.700000762939453,20.799999237060547,20.280000686645508,20.389999389648438,94160610.0
2025-04-10,20.520000457763672,20.940000534057617,20.360000610351562,20.760000228881836,68332203.0
2025-04-11,20.729999542236328,20.850000381469727,20.549999237060547,20.75,45412038.0
2025-04-14,20.799999237060547,21.0,20.75,20.799999237060547,46171205.0
2025-04-15,20.84000015258789,21.15999984741211,20.81999969482422,21.110000610351562,49418363.0
2025-04-16,21.030000686645508,21.270000457763672,20.8700008392334,21.1299991607666,64581942.0
2025-04-17,21.049999237060547,21.149999618530273,20.829999923706055,21.030000686645508,48319061.0
2025-04-18,21.030000686645508,21.479999542236328,21.020000457763672,21.389999389648438,51622885.0
2025-04-21,21.350000381469727,21.549999237060547,21.079999923706055,21.079999923706055,47260058.0
2025-04-22,21.079999923706055,21.200000762939453,21.0,21.030000686645508,35103354.0
2025-04-23,21.100000381469727,21.1200008392334,20.860000610351562,20.950000762939453,36054791.0
2025-04-24,20.899999618530273,21.18000030517578,20.899999618530273,21.149999618530273,37695735.0
2025-04-25,21.170000076293945,21.229999542236328,20.90999984741211,20.940000534057617,36836755.0
2025-04-28,21.010000228881836,21.18000030517578,20.940000534057617,21.09000015258789,38077063.0
2025-04-29,21.06999969482422,21.219999313354492,21.0,21.020000457763672,33468503.0
2025-04-30,20.93000030517578,20.940000534057617,20.59000015258789,20.8700008392334,57475693.0
2025-05-06,21.049999237060547,21.049999237060547,20.729999542236328,20.729999542236328,47006946.0
2025-05-07,20.899999618530273,21.079999923706055,20.809999465942383,21.040000915527344,52732120.0
2025-05-08,21.100000381469727,21.68000030517578,21.049999237060547,21.530000686645508,72385924.0
2025-05-09,21.520000457763672,22.139999389648438,21.520000457763672,22.100000381469727,82162433.0
2025-05-12,22.100000381469727,22.59000015258789,21.979999542236328,22.280000686645508,86234316.0
2025-05-13,22.329999923706055,22.56999969482422,22.110000610351562,22.549999237060547,75863600.0
2025-05-14,22.459999084472656,23.030000686645508,22.450000762939453,22.93000030517578,90099072.0
2025-05-15,22.989999771118164,23.139999389648438,22.799999237060547,22.889999389648438,59540375.0
2025-05-16,22.8799991607666,22.959999084472656,22.579999923706055,22.700000762939453,48178256.0
2025-05-19,22.850000381469727,22.950000762939453,22.670000076293945,22.719999313354492,45413518.0
2025-05-20,22.790000915527344,22.93000030517578,22.459999084472656,22.520000457763672,49876741.0
2025-05-21,22.649999618530273,22.8700008392334,22.510000228881836,22.709999084472656,44931151.0
2025-05-22,22.700000762939453,22.940000534057617,22.65999984741211,22.899999618530273,38771367.0
2025-05-23,22.959999084472656,22.979999542236328,22.729999542236328,22.809999465942383,40925201.0
2025-05-26,22.809999465942383,22.8799991607666,22.56999969482422,22.6200008392334,39289340.0
2025-05-27,22.790000915527344,22.93000030517578,22.68000030517578,22.760000228881836,40571928.0
2025-05-28,22.790000915527344,22.84000015258789,22.479999542236328,22.540000915527344,37249089.0
2025-05-29,22.600000381469727,22.850000381469727,22.469999313354492,22.649999618530273,48004676.0
2025-05-30,22.709999084472656,22.8799991607666,22.530000686645508,22.639999389648438,49968991.0
2025-06-03,23.049999237060547,23.950000762939453,22.899999618530273,23.709999084472656,152729132.0
2025-06-04,23.75,23.8700008392334,23.559999465942383,23.6200008392334,50311224.0
2025-06-05,23.6200008392334,23.739999771118164,23.43000030517578,23.520000457763672,45616131.0
2025-06-06,23.6200008392334,23.850000381469727,23.5,23.559999465942383,45998184.0
2025-06-09,23.65999984741211,23.8700008392334,23.59000015258789,23.799999237060547,56992840.0
2025-06-10,23.899999618530273,24.329999923706055,23.719999313354492,23.809999465942383,78488757.0
2025-06-11,23.8799991607666,24.31999969482422,23.809999465942383,23.979999542236328,57461676.0
2025-06-12,24.0,24.110000610351562,23.799999237060547,23.860000610351562,71143847.0
2025-06-13,23.8700008392334,23.940000534057617,23.450000762939453,23.5,181719619.0
2025-06-16,23.600000381469727,24.0,23.530000686645508,23.959999084472656,72763152.0
2025-06-17,24.0,24.149999618530273,23.790000915527344,23.809999465942383,49553229.0
2025-06-18,23.809999465942383,23.979999542236328,23.649999618530273,23.90999984741211,53677473.0
2025-06-19,23.93000030517578,23.989999771118164,23.739999771118164,23.799999237060547,52485576.0
2025-06-20,22.950000762939453,23.280000686645508,22.829999923706055,23.15999984741211,79004549.0
2025-06-23,23.15999984741211,23.770000457763672,23.030000686645508,23.75,78118188.0
2025-06-24,23.65999984741211,24.15999984741211,23.600000381469727,23.850000381469727,77973220.0
2025-06-25,23.850000381469727,24.1299991607666,23.559999465942383,24.059999465942383,60448439.0
2025-06-26,24.010000228881836,24.260000228881836,23.850000381469727,24.18000030517578,65760397.0
2025-06-27,24.18000030517578,24.219999313354492,23.43000030517578,23.559999465942383,89061976.0
2025-06-30,23.420000076293945,23.559999465942383,23.200000762939453,23.34000015258789,53389989.0
2025-07-01,23.530000686645508,23.719999313354492,23.350000381469727,23.549999237060547,48655910.0
2025-07-02,23.649999618530273,24.0,23.479999542236328,23.899999618530273,59859229.0
2025-07-03,23.899999618530273,24.1299991607666,23.670000076293945,24.06999969482422,49418683.0
2025-07-04,24.06999969482422,25.0,23.959999084472656,24.829999923706055,100938989.0
2025-07-07,24.829999923706055,25.149999618530273,24.739999771118164,25.1200008392334,61180122.0
2025-07-08,25.059999465942383,25.190000534057617,24.860000610351562,25.139999389648438,52675374.0
2025-07-09,25.100000381469727,25.149999618530273,24.81999969482422,25.079999923706055,54656536.0
2025-07-10,25.010000228881836,25.450000762939453,24.940000534057617,24.940000534057617,84292536.0
2025-07-11,25.1299991607666,25.18000030517578,24.450000762939453,24.450000762939453,127758138.0
2025-07-14,24.579999923706055,24.8799991607666,24.459999084472656,24.690000534057617,79819509.0
2025-07-15,24.700000762939453,24.770000457763672,24.25,24.43000030517578,58519956.0
2025-07-16,24.440000534057617,24.510000228881836,24.020000457763672,24.309999465942383,58538495.0
2025-07-17,24.299999237060547,24.5,24.209999084472656,24.290000915527344,48932606.0
2025-07-18,24.389999389648438,24.649999618530273,24.290000915527344,24.420000076293945,52519964.0
2025-07-21,24.420000076293945,24.469999313354492,24.0,24.010000228881836,72459885.0
2025-07-22,24.020000457763672,24.1200008392334,23.709999084472656,23.850000381469727,88420867.0
2025-07-23,23.850000381469727,24.100000381469727,23.709999084472656,23.790000915527344,77944050.0
2025-07-24,23.780000686645508,23.790000915527344,23.239999771118164,23.31999969482422,99326264.0
2025-07-25,23.18000030517578,23.350000381469727,23.0,23.170000076293945,82838111.0
2025-07-28,23.200000762939453,23.299999237060547,22.920000076293945,22.959999084472656,73399245.0
2025-07-29,22.969999313354492,23.06999969482422,22.670000076293945,22.709999084472656,75603556.0
2025-07-30,22.719999313354492,22.989999771118164,22.670000076293945,22.770000457763672,73851684.0
2025-07-31,22.799999237060547,22.8799991607666,22.489999771118164,22.639999389648438,71531290.0
2025-08-01,22.600000381469727,22.770000457763672,22.360000610351562,22.530000686645508,63503509.0
2025-08-04,22.530000686645508,23.06999969482422,22.5,22.780000686645508,71291404.0
2025-08-05,22.780000686645508,23.219999313354492,22.709999084472656,23.09000015258789,82030352.0
2025-08-06,23.09000015258789,23.280000686645508,22.920000076293945,22.979999542236328,55347515.0
2025-08-07,23.0,23.25,22.860000610351562,23.06999969482422,56757391.0
2025-08-08,23.18000030517578,23.219999313354492,23.0,23.059999465942383,41084213.0
2025-08-11,23.040000915527344,23.100000381469727,22.81999969482422,22.8799991607666,57255658.0
2025-08-12,22.889999389648438,23.25,22.889999389648438,22.989999771118164,59812387.0
2025-08-13,23.079999923706055,23.219999313354492,22.799999237060547,22.799999237060547,61342218.0
2025-08-14,22.809999465942383,22.959999084472656,22.610000610351562,22.729999542236328,62936583.0
2025-08-15,22.700000762939453,22.719999313354492,22.190000534057617,22.31999969482422,100932305.0
2025-08-18,22.309999465942383,22.6299991607666,22.229999542236328,22.6200008392334,79074942.0
2025-08-19,22.6200008392334,22.690000534057617,22.420000076293945,22.549999237060547,46435364.0
2025-08-20,22.540000915527344,22.729999542236328,22.40999984741211,22.59000015258789,51747944.0
2025-08-21,22.59000015258789,22.670000076293945,22.450000762939453,22.610000610351562,45380949.0
2025-08-22,22.579999923706055,22.829999923706055,22.5,22.770000457763672,64080929.0
2025-08-25,22.780000686645508,22.969999313354492,22.709999084472656,22.950000762939453,61757674.0
2025-08-26,22.899999618530273,23.040000915527344,22.799999237060547,22.8799991607666,52653065.0
2025-08-27,22.850000381469727,22.959999084472656,22.440000534057617,22.5,68855733.0
2025-08-28,22.549999237060547,22.8799991607666,22.40999984741211,22.770000457763672,71518408.0
2025-08-29,22.700000762939453,22.850000381469727,22.360000610351562,22.40999984741211,110367467.0
2025-09-01,22.5,22.5,21.799999237060547,21.809999465942383,101947514.0
2025-09-02,21.799999237060547,22.0,21.649999618530273,21.989999771118164,97491525.0
2025-09-03,21.989999771118164,22.190000534057617,21.600000381469727,21.719999313354492,81343439.0
2025-09-04,21.700000762939453,22.040000915527344,21.389999389648438,21.920000076293945,103205879.0
2025-09-05,21.860000610351562,21.899999618530273,21.65999984741211,21.75,51288666.0
2025-09-08,21.65999984741211,21.799999237060547,21.399999618530273,21.459999084472656,68139334.0
2025-09-09,21.469999313354492,21.56999969482422,21.40999984741211,21.520000457763672,45193683.0
2025-09-10,21.530000686645508,21.639999389648438,21.43000030517578,21.5,39477957.0
2025-09-11,21.510000228881836,21.8799991607666,21.420000076293945,21.84000015258789,69389366.0
2025-09-12,21.860000610351562,22.0,21.399999618530273,21.420000076293945,87144305.0
2025-09-15,21.399999618530273,21.43000030517578,20.989999771118164,21.06999969482422,81757618.0
2025-09-16,21.079999923706055,21.290000915527344,20.670000076293945,20.700000762939453,109859149.0
2025-09-17,20.709999084472656,20.989999771118164,20.510000228881836,20.59000015258789,121699319.0
2025-09-18,20.6299991607666,20.739999771118164,20.18000030517578,20.25,132646486.0
2025-09-19,20.280000686645508,20.459999084472656,20.110000610351562,20.290000915527344,90243997.0
2025-09-22,20.350000381469727,20.440000534057617,20.100000381469727,20.1299991607666,52217620.0
2025-09-23,20.1299991607666,20.530000686645508,19.940000534057617,20.40999984741211,118614652.0
2025-09-24,20.389999389648438,20.6299991607666,20.170000076293945,20.239999771118164,85193873.0
2025-09-25,20.229999542236328,20.360000610351562,20.020000457763672,20.209999084472656,73559168.0
2025-09-26,20.25,20.420000076293945,20.010000228881836,20.31999969482422,75135416.0
2025-09-29,20.260000228881836,20.5,20.049999237060547,20.049999237060547,128871976.0
2025-09-30,20.09000015258789,20.1299991607666,19.790000915527344,19.850000381469727,142228461.0
2025-10-09,19.889999389648438,19.920000076293945,19.649999618530273,19.670000076293945,142204077.0
2025-10-10,19.65999984741211,19.940000534057617,19.639999389648438,19.690000534057617,122488716.0
2025-10-13,19.559999465942383,19.860000610351562,19.350000381469727,19.700000762939453,118644788.0
2025-10-14,19.649999618530273,20.229999542236328,19.610000610351562,20.229999542236328,167425552.0
2025-10-15,20.200000762939453,20.40999984741211,20.100000381469727,20.309999465942383,121877133.0
2025-10-16,20.299999237060547,20.530000686645508,20.1200008392334,20.450000762939453,104083927.0
2025-10-17,20.43000030517578,20.6200008392334,20.149999618530273,20.190000534057617,102670497.0
2025-10-20,20.219999313354492,20.350000381469727,19.959999084472656,20.260000228881836,73331679.0
2025-10-21,20.260000228881836,20.360000610351562,20.1299991607666,20.15999984741211,71319321.0
2025-10-22,20.15999984741211,20.59000015258789,20.1299991607666,20.399999618530273,105297751.0
2025-10-23,20.43000030517578,20.8799991607666,20.43000030517578,20.760000228881836,128892521.0
2025-10-24,20.719999313354492,20.860000610351562,20.579999923706055,20.600000381469727,87108440.0
2025-10-27,20.559999465942383,20.639999389648438,20.360000610351562,20.43000030517578,86809811.0
2025-10-28,20.5,20.540000915527344,20.25,20.420000076293945,67805058.0
2025-10-29,20.350000381469727,20.350000381469727,19.979999542236328,20.010000228881836,93109731.0
2025-10-30,20.010000228881836,20.18000030517578,19.920000076293945,20.030000686645508,85352172.0
2025-10-31,20.100000381469727,20.280000686645508,20.09000015258789,20.229999542236328,88786188.0
2025-11-03,20.290000915527344,20.649999618530273,20.260000228881836,20.559999465942383,99084924.0
2025-11-04,20.610000610351562,21.360000610351562,20.56999969482422,21.139999389648438,168489305.0
2025-11-05,21.260000228881836,21.450000762939453,21.110000610351562,21.219999313354492,109425962.0
2025-11-06,21.149999618530273,21.3700008392334,21.020000457763672,21.15999984741211,87378748.0
2025-11-07,21.280000686645508,21.469999313354492,21.1200008392334,21.170000076293945,75886616.0
2025-11-10,21.170000076293945,21.31999969482422,21.049999237060547,21.18000030517578,62042219.0
2025-11-11,21.15999984741211,21.3700008392334,21.09000015258789,21.270000457763672,63482483.0
2025-11-12,21.350000381469727,21.549999237060547,21.280000686645508,21.299999237060547,93377215.0
2025-11-13,21.31999969482422,21.420000076293945,21.1299991607666,21.280000686645508,67304490.0
2025-11-14,21.290000915527344,21.899999618530273,21.280000686645508,21.600000381469727,119591827.0
2025-11-17,21.559999465942383,21.670000076293945,21.280000686645508,21.420000076293945,90159739.0
2025-11-18,21.40999984741211,21.489999771118164,21.229999542236328,21.299999237060547,54306322.0
2025-11-19,21.34000015258789,21.600000381469727,21.290000915527344,21.43000030517578,61497527.0
2025-11-20,21.389999389648438,21.860000610351562,21.360000610351562,21.520000457763672,81155381.0
2025-11-21,21.649999618530273,21.649999618530273,21.209999084472656,21.360000610351562,102218933.0
2025-11-24,21.399999618530273,21.440000534057617,21.010000228881836,21.010000228881836,90230240.0
2025-11-25,21.049999237060547,21.420000076293945,20.8700008392334,21.399999618530273,70570686.0
2025-11-26,21.440000534057617,21.6200008392334,21.239999771118164,21.299999237060547,52205802.0
2025-11-27,21.239999771118164,21.440000534057617,21.110000610351562,21.389999389648438,55851532.0
2025-11-28,21.34000015258789,21.360000610351562,21.100000381469727,21.110000610351562,56706300.0
2025-12-01,20.93000030517578,21.229999542236328,20.899999618530273,21.15999984741211,77359674.0
2025-12-02,21.219999313354492,21.260000228881836,20.959999084472656,21.149999618530273,53146979.0
2025-12-03,21.100000381469727,21.290000915527344,20.93000030517578,20.940000534057617,59174490.0
2025-12-04,20.940000534057617,21.030000686645508,20.81999969482422,20.8700008392334,45222927.0
2025-12-05,20.829999923706055,20.889999389648438,20.579999923706055,20.799999237060547,67135607.0
2025-12-08,20.799999237060547,21.040000915527344,20.760000228881836,20.8799991607666,74199558.0
2025-12-09,20.920000076293945,20.950000762939453,20.649999618530273,20.719999313354492,61457597.0
2025-12-10,20.68000030517578,20.709999084472656,20.260000228881836,20.350000381469727,71614860.0
2025-12-11,20.3700008392334,20.420000076293945,20.239999771118164,20.420000076293945,63022368.0
2025-12-12,20.399999618530273,20.649999618530273,20.31999969482422,20.649999618530273,95885628.0
2025-12-15,20.600000381469727,20.860000610351562,20.579999923706055,20.690000534057617,50677188.0
2025-12-16,20.729999542236328,20.739999771118164,20.329999923706055,20.420000076293945,47521692.0
2025-12-17,20.40999984741211,20.6200008392334,20.229999542236328,20.479999542236328,69532603.0
2025-12-18,20.43000030517578,20.950000762939453,20.360000610351562,20.940000534057617,67001453.0
2025-12-19,20.899999618530273,21.18000030517578,20.809999465942383,21.09000015258789,71706644.0
2025-12-22,21.100000381469727,21.229999542236328,20.959999084472656,20.989999771118164,62654940.0
2025-12-23,21.059999465942383,21.100000381469727,20.90999984741211,21.059999465942383,44745043.0
2025-12-24,21.059999465942383,21.110000610351562,20.8799991607666,21.030000686645508,49921423.0
2025-12-25,21.030000686645508,21.239999771118164,21.020000457763672,21.040000915527344,54593953.0
2025-12-26,21.030000686645508,21.18000030517578,21.0,21.139999389648438,50287933.0
2025-12-29,21.15999984741211,21.459999084472656,21.079999923706055,21.420000076293945,75174628.0
2025-12-30,21.350000381469727,21.420000076293945,21.06999969482422,21.09000015258789,67534398.0
2025-12-31,21.1299991607666,21.18000030517578,21.030000686645508,21.059999465942383,51630336.0
2026-01-05,21.09000015258789,21.170000076293945,20.940000534057617,21.049999237060547,68192102.0
2026-01-06,21.049999237060547,21.479999542236328,20.920000076293945,21.459999084472656,98048600.0
2026-01-07,21.469999313354492,21.579999923706055,21.15999984741211,21.239999771118164,72168253.0
2026-01-08,21.200000762939453,21.229999542236328,20.860000610351562,20.920000076293945,68314913.0
2026-01-09,20.979999542236328,21.059999465942383,20.790000915527344,20.84000015258789,59363078.0
2026-01-12,20.809999465942383,21.010000228881836,20.68000030517578,20.920000076293945,80668018.0
2026-01-13,20.940000534057617,21.170000076293945,20.860000610351562,21.010000228881836,67149008.0
2026-01-14,20.969999313354492,21.18000030517578,20.510000228881836,20.510000228881836,129693381.0
2026-01-15,20.510000228881836,20.690000534057617,20.270000457763672,20.31999969482422,101176246.0
2026-01-16,20.40999984741211,20.450000762939453,19.969999313354492,20.079999923706055,166241062.0
2026-01-19,20.059999465942383,20.200000762939453,19.969999313354492,20.079999923706055,88262009.0
2026-01-20,20.079999923706055,20.170000076293945,19.920000076293945,20.09000015258789,92084679.0
2026-01-21,20.1299991607666,20.270000457763672,19.579999923706055,19.610000610351562,148401565.0
2026-01-22,19.670000076293945,19.84000015258789,19.31999969482422,19.350000381469727,145943397.0
2026-01-23,19.3700008392334,19.559999465942383,19.010000228881836,19.1200008392334,170954742.0
2026-01-26,19.110000610351562,19.170000076293945,18.8700008392334,18.8799991607666,212426687.0
2026-01-27,18.899999618530273,19.100000381469727,18.770000457763672,18.81999969482422,137878584.0
2026-01-28,18.809999465942383,18.889999389648438,18.510000228881836,18.549999237060547,204522726.0
2026-01-29,18.56999969482422,18.989999771118164,18.350000381469727,18.889999389648438,239284074.0
2026-01-30,18.899999618530273,19.18000030517578,18.700000762939453,18.700000762939453,149706906.0
2026-02-02,18.719999313354492,19.200000762939453,18.719999313354492,18.8700008392334,159123357.0
2026-02-03,18.93000030517578,18.989999771118164,18.760000228881836,18.889999389648438,101047222.0
2026-02-04,18.8700008392334,19.219999313354492,18.829999923706055,19.18000030517578,115136738.0
2026-02-05,19.200000762939453,19.489999771118164,19.200000762939453,19.3799991607666,119848229.0
2026-02-06,18.81999969482422,18.959999084472656,18.719999313354492,18.850000381469727,104845537.0
2026-02-09,18.850000381469727,18.969999313354492,18.760000228881836,18.8799991607666,64439529.0
2026-02-10,18.8799991607666,18.959999084472656,18.799999237060547,18.81999969482422,51870605.0
2026-02-11,18.889999389648438,18.889999389648438,18.75,18.860000610351562,52058903.0
2026-02-12,18.860000610351562,18.860000610351562,18.559999465942383,18.59000015258789,77762241.0
2026-02-13,18.600000381469727,18.65999984741211,18.450000762939453,18.489999771118164,66259388.0
2026-02-24,18.549999237060547,18.59000015258789,18.350000381469727,18.350000381469727,81562485.0
2026-02-25,18.3700008392334,18.489999771118164,18.270000457763672,18.299999237060547,86086167.0
2026-02-26,18.350000381469727,18.40999984741211,18.209999084472656,18.25,56823807.0
2026-02-27,18.239999771118164,18.450000762939453,18.239999771118164,18.309999465942383,87003521.0
2026-03-02,18.260000228881836,18.420000076293945,18.209999084472656,18.309999465942383,85283543.0
2026-03-03,18.31999969482422,18.600000381469727,18.25,18.440000534057617,120307080.0
2026-03-04,18.3799991607666,18.420000076293945,18.020000457763672,18.139999389648438,117524438.0
2026-03-05,18.15999984741211,18.479999542236328,18.149999618530273,18.469999313354492,88303688.0
2026-03-06,18.399999618530273,18.56999969482422,18.3799991607666,18.520000457763672,58880320.0
2026-03-09,18.399999618530273,18.530000686645508,18.290000915527344,18.299999237060547,93932811.0
2026-03-10,18.31999969482422,18.520000457763672,18.299999237060547,18.469999313354492,61572691.0
2026-03-11,18.489999771118164,18.709999084472656,18.399999618530273,18.709999084472656,74255828.0
2026-03-12,18.68000030517578,18.829999923706055,18.65999984741211,18.809999465942383,70194562.0
2026-03-13,18.799999237060547,18.989999771118164,18.729999542236328,18.829999923706055,66844636.0
2026-03-16,18.8799991607666,18.969999313354492,18.780000686645508,18.829999923706055,71595899.0
2026-03-17,18.84000015258789,19.06999969482422,18.799999237060547,19.010000228881836,82046147.0
2026-03-18,19.0,19.049999237060547,18.84000015258789,18.950000762939453,63523202.0
2026-03-19,18.889999389648438,19.0,18.809999465942383,18.829999923706055,65973866.0
2026-03-20,18.850000381469727,18.959999084472656,18.760000228881836,18.790000915527344,66428256.0
2026-03-23,18.649999618530273,18.65999984741211,18.139999389648438,18.239999771118164,109236970.0
2026-03-24,18.299999237060547,18.729999542236328,18.299999237060547,18.719999313354492,81747871.0
2026-03-25,18.780000686645508,18.790000915527344,18.579999923706055,18.760000228881836,58180014.0
2026-03-26,18.75,18.979999542236328,18.709999084472656,18.8799991607666,58122160.0
2026-03-27,18.799999237060547,18.920000076293945,18.690000534057617,18.700000762939453,58732428.0
2026-03-30,18.600000381469727,18.729999542236328,18.540000915527344,18.690000534057617,62244802.0
2026-03-31,18.719999313354492,18.959999084472656,18.690000534057617,18.81999969482422,75026646.0
2026-04-01,18.889999389648438,19.09000015258789,18.81999969482422,18.90999984741211,74201531.0
2026-04-02,18.90999984741211,18.979999542236328,18.809999465942383,18.899999618530273,50959388.0
2026-04-03,18.899999618530273,18.920000076293945,18.649999618530273,18.690000534057617,47915154.0
2026-04-07,18.700000762939453,18.790000915527344,18.489999771118164,18.530000686645508,55792184.0
2026-04-08,18.670000076293945,18.829999923706055,18.600000381469727,18.780000686645508,65101594.0
2026-04-09,18.729999542236328,18.780000686645508,18.559999465942383,18.600000381469727,51041106.0
2026-04-10,18.610000610351562,18.649999618530273,18.530000686645508,18.530000686645508,60252420.0
2026-04-13,18.510000228881836,18.520000457763672,18.3700008392334,18.420000076293945,50247999.0
2026-04-14,18.440000534057617,18.56999969482422,18.43000030517578,18.56999969482422,48202480.0
2026-04-15,18.579999923706055,18.75,18.56999969482422,18.700000762939453,55537897.0
2026-04-16,18.690000534057617,18.790000915527344,18.56999969482422,18.610000610351562,55861983.0
2026-04-17,18.600000381469727,18.610000610351562,18.399999618530273,18.399999618530273,83107167.0
2026-04-20,18.420000076293945,18.459999084472656,18.34000015258789,18.360000610351562,100867702.0
2026-04-21,18.3700008392334,18.68000030517578,18.360000610351562,18.420000076293945,105943311.0
2026-04-22,18.440000534057617,18.469999313354492,18.219999313354492,18.219999313354492,126628680.0
2026-04-23,18.219999313354492,18.280000686645508,18.1299991607666,18.200000762939453,96963893.0
2026-04-24,18.18000030517578,18.31999969482422,18.110000610351562,18.18000030517578,80731011.0
2026-04-27,18.229999542236328,18.40999984741211,18.15999984741211,18.170000076293945,108583390.0
2026-04-28,18.18000030517578,18.209999084472656,18.040000915527344,18.139999389648438,86419459.0
2026-04-29,18.09000015258789,18.18000030517578,18.049999237060547,18.18000030517578,96684445.0
2026-04-30,18.030000686645508,18.040000915527344,17.84000015258789,17.93000030517578,153038670.0
2026-05-06,17.940000534057617,17.969999313354492,17.739999771118164,17.790000915527344,135142601.0
2026-05-07,17.809999465942383,17.850000381469727,17.739999771118164,17.75,87157904.0
2026-05-08,17.760000228881836,17.84000015258789,17.719999313354492,17.729999542236328,84968307.0
2026-05-11,17.719999313354492,17.760000228881836,17.649999618530273,17.729999542236328,93445821.0
2026-05-12,17.729999542236328,17.81999969482422,17.709999084472656,17.75,105805289.0
2026-05-13,17.780000686645508,17.809999465942383,17.690000534057617,17.690000534057617,80607397.0
2026-05-14,17.68000030517578,17.739999771118164,17.579999923706055,17.690000534057617,90921199.0
2026-05-15,17.670000076293945,17.809999465942383,17.600000381469727,17.670000076293945,86475009.0
2026-05-18,17.65999984741211,17.65999984741211,17.3799991607666,17.450000762939453,89116079.0
2026-05-19,17.450000762939453,17.700000762939453,17.450000762939453,17.5,82925693.0
2026-05-20,17.520000457763672,17.520000457763672,17.329999923706055,17.329999923706055,65283104.0
2026-05-21,17.329999923706055,17.420000076293945,17.280000686645508,17.3700008392334,78679762.0
2026-05-22,17.31999969482422,17.59000015258789,17.280000686645508,17.459999084472656,97319736.0
2026-05-25,17.459999084472656,17.739999771118164,17.420000076293945,17.639999389648438,97725859.0
2026-05-26,17.65999984741211,17.889999389648438,17.639999389648438,17.829999923706055,94546223.0
2026-05-27,17.84000015258789,18.149999618530273,17.829999923706055,18.0,130756658.0
2026-05-28,18.09000015258789,18.190000534057617,17.90999984741211,17.969999313354492,97741989.0
2026-05-29,17.799999237060547,18.520000457763672,17.780000686645508,18.5,208708613.0
2026-06-01,18.479999542236328,18.5,18.299999237060547,18.440000534057617,117584490.0
2026-06-02,18.399999618530273,18.700000762939453,18.360000610351562,18.610000610351562,109494866.0
2026-06-03,18.559999465942383,18.639999389648438,18.3799991607666,18.489999771118164,100861936.0
2026-06-04,18.530000686645508,18.6200008392334,18.229999542236328,18.290000915527344,77049055.0
2026-06-05,18.31999969482422,18.65999984741211,18.31999969482422,18.600000381469727,117199998.0
2026-06-08,18.579999923706055,18.68000030517578,18.479999542236328,18.540000915527344,84917608.0
2026-06-09,18.479999542236328,18.600000381469727,18.40999984741211,18.450000762939453,81934873.0
2026-06-10,18.5,18.93000030517578,18.3799991607666,18.889999389648438,137352656.0
2026-06-11,18.90999984741211,18.969999313354492,18.6200008392334,18.790000915527344,101408867.0
2026-06-12,18.290000915527344,18.670000076293945,18.200000762939453,18.610000610351562,151011707.0
2026-06-15,18.610000610351562,18.6200008392334,18.149999618530273,18.229999542236328,131493346.0
2026-06-16,18.18000030517578,18.280000686645508,18.059999465942383,18.06999969482422,73554636.0
2026-06-17,18.149999618530273,18.270000457763672,17.799999237060547,17.84000015258789,80048191.0
2026-06-18,17.829999923706055,17.8799991607666,17.290000915527344,17.31999969482422,120095555.0
2026-06-22,17.270000457763672,17.81999969482422,17.110000610351562,17.729999542236328,110079734.0
2026-06-23,17.719999313354492,18.110000610351562,17.579999923706055,17.649999618530273,102531902.0
2026-06-24,17.719999313354492,17.780000686645508,17.1200008392334,17.1200008392334,115730500.0
2026-06-25,17.079999923706055,17.209999084472656,16.8799991607666,16.940000534057617,119233237.0
2026-06-26,16.959999084472656,17.06999969482422,16.760000228881836,16.770000457763672,100488258.0
2026-06-29,16.770000457763672,16.959999084472656,16.440000534057617,16.8799991607666,101637396.0
2026-06-30,16.81999969482422,16.850000381469727,16.489999771118164,16.559999465942383,92038011.0
2026-07-01,16.530000686645508,16.799999237060547,16.510000228881836,16.700000762939453,71776956.0
2026-07-02,16.889999389648438,17.149999618530273,16.790000915527344,17.059999465942383,103864917.0
2026-07-03,17.09000015258789,17.329999923706055,16.81999969482422,17.010000228881836,88639241.0
2026-07-06,16.920000076293945,17.18000030517578,16.829999923706055,17.110000610351562,114558235.0
2026-07-07,17.079999923706055,17.190000534057617,16.90999984741211,17.06999969482422,76392782.0
2026-07-08,17.0,17.25,16.850000381469727,17.209999084472656,80650317.0
2026-07-09,17.100000381469727,17.329999923706055,16.989999771118164,17.190000534057617,86547217.0
2026-07-10,17.18000030517578,17.350000381469727,17.100000381469727,17.329999923706055,95555075.0
2026-07-13,17.280000686645508,17.479999542236328,17.200000762939453,17.469999313354492,95935029.0
2026-07-14,17.399999618530273,17.520000457763672,17.25,17.450000762939453,107062023.0
2026-07-15,17.389999389648438,17.81999969482422,17.260000228881836,17.809999465942383,131312524.0
2026-07-16,17.829999923706055,18.010000228881836,17.6299991607666,17.65999984741211,82198355.0
2026-07-17,17.690000534057617,17.8799991607666,17.610000610351562,17.75,118618008.0
2026-07-20,17.690000534057617,18.360000610351562,17.65999984741211,18.34000015258789,181787974.0
2026-07-21,18.3799991607666,18.530000686645508,17.860000610351562,17.889999389648438,168736914.0
2026-07-22,17.889999389648438,18.18000030517578,17.729999542236328,18.18000030517578,104057721.0
2026-07-23,18.110000610351562,18.299999237060547,18.049999237060547,18.260000228881836,87974858.0
2026-07-24,18.389999389648438,18.450000762939453,18.229999542236328,18.329999923706055,109758300.0
2026-07-27,18.479999542236328,18.489999771118164,18.200000762939453,18.299999237060547,87197687.0
2026-07-28,18.3700008392334,18.600000381469727,18.200000762939453,18.600000381469727,134896454.0
2026-07-29,18.65999984741211,18.780000686645508,18.520000457763672,18.59000015258789,110279758.0
2026-07-30,18.579999923706055,19.100000381469727,18.540000915527344,19.100000381469727,157630580.0
2026-07-31,18.829999923706055,18.989999771118164,18.520000457763672,18.899999618530273,138110560.0
2026-08-03,18.899999618530273,19.100000381469727,18.770000457763672,19.100000381469727,97650309.0
2026-08-04,19.0,19.0,18.549999237060547,18.559999465942383,107400026.0
2026-08-05,18.559999465942383,18.65999984741211,18.270000457763672,18.360000610351562,95235934.0
2026-08-06,18.299999237060547,18.559999465942383,18.219999313354492,18.479999542236328,80525543.0
2026-08-07,18.440000534057617,18.469999313354492,18.229999542236328,18.34000015258789,63252653.0
2026-08-10,18.290000915527344,18.5,18.25,18.34000015258789,63690548.0
2026-08-11,18.31999969482422,18.389999389648438,18.149999618530273,18.219999313354492,69133524.0
2026-08-12,18.18000030517578,18.219999313354492,18.06999969482422,18.100000381469727,50969808.0
2026-08-13,18.06999969482422,18.18000030517578,18.020000457763672,18.170000076293945,69769968.0
2026-08-14,18.09000015258789,18.15999984741211,17.959999084472656,18.030000686645508,64695065.0
2026-08-17,18.0,18.030000686645508,17.770000457763672,17.829999923706055,94826949.0
2026-08-18,17.799999237060547,17.93000030517578,17.739999771118164,17.850000381469727,76681912.0
2026-08-19,17.969999313354492,18.239999771118164,17.860000610351562,18.239999771118164,144079209.0
2026-08-20,18.100000381469727,18.229999542236328,17.950000762939453,18.170000076293945,96414938.0
2026-08-21,18.149999618530273,18.280000686645508,18.059999465942383,18.100000381469727,72343100.0
2026-08-24,18.049999237060547,18.31999969482422,18.020000457763672,18.280000686645508,115484943.0
2026-08-25,18.280000686645508,18.420000076293945,17.979999542236328,18.020000457763672,119941519.0
2026-08-26,17.979999542236328,18.260000228881836,17.940000534057617,18.209999084472656,109800213.0
2026-08-27,18.170000076293945,18.229999542236328,17.90999984741211,18.010000228881836,103950353.0
2026-08-28,17.649999618530273,17.649999618530273,17.420000076293945,17.43000030517578,240910371.0
