date,open,high,low,close,volume
2016-08-29,23.024999618530273,23.06999969482422,22.825000762939453,23.020000457763672,5135354.0
2016-08-30,23.024999618530273,23.21500015258789,23.0,23.15999984741211,5650674.0
2016-08-31,23.139999389648438,23.375,23.0,23.34000015258789,7941288.0
2016-09-01,23.299999237060547,23.440000534057617,23.030000686645508,23.110000610351562,4058938.0
2016-09-02,23.165000915527344,23.190000534057617,22.94499969482422,23.149999618530273,4324778.0
2016-09-05,23.100000381469727,23.229999542236328,22.915000915527344,22.96500015258789,4421626.0
2016-09-06,22.96500015258789,23.40999984741211,22.924999237060547,23.350000381469727,6834558.0
2016-09-07,23.334999084472656,23.53499984741211,23.174999237060547,23.454999923706055,6928122.0
2016-09-08,23.46500015258789,23.575000762939453,23.360000610351562,23.43000030517578,5123472.0
2016-09-09,23.434999465942383,23.510000228881836,23.30500030517578,23.405000686645508,6037866.0
2016-09-12,23.184999465942383,23.43000030517578,23.0049991607666,23.385000228881836,11600302.0
2016-09-13,23.350000381469727,24.049999237060547,23.260000228881836,23.979999542236328,15054564.0
2016-09-14,23.674999237060547,23.889999389648438,23.604999542236328,23.844999313354492,7849736.0
2016-09-19,23.864999771118164,24.15999984741211,23.704999923706055,24.094999313354492,6527824.0
2016-09-20,24.1299991607666,24.1299991607666,23.760000228881836,23.93000030517578,4359342.0
2016-09-21,23.799999237060547,24.139999389648438,23.719999313354492,23.8799991607666,4305112.0
2016-09-22,23.899999618530273,24.1200008392334,23.799999237060547,23.860000610351562,5891746.0
2016-09-23,23.815000534057617,23.975000381469727,23.665000915527344,23.760000228881836,5882746.0
2016-09-26,23.674999237060547,23.889999389648438,23.0,23.0049991607666,7029996.0
2016-09-27,23.0049991607666,23.1200008392334,22.7549991607666,23.014999389648438,5913844.0
2016-09-28,23.125,23.125,22.469999313354492,22.665000915527344,6108824.0
2016-09-29,22.700000762939453,22.934999465942383,22.575000762939453,22.655000686645508,4460858.0
2016-09-30,22.610000610351562,22.735000610351562,22.454999923706055,22.540000915527344,5536962.0
2016-10-10,22.709999084472656,22.725000381469727,22.25,22.579999923706055,5887794.0
2016-10-11,22.600000381469727,22.725000381469727,22.545000076293945,22.604999542236328,4365014.0
2016-10-12,22.600000381469727,22.725000381469727,22.450000762939453,22.575000762939453,5306912.0
2016-10-13,22.6200008392334,22.635000228881836,22.420000076293945,22.485000610351562,4580574.0
2016-10-14,22.485000610351562,22.545000076293945,22.34000015258789,22.434999465942383,7416456.0
2016-10-17,22.454999923706055,22.540000915527344,22.2549991607666,22.31999969482422,4307004.0
2016-10-18,22.299999237060547,22.510000228881836,22.165000915527344,22.485000610351562,7917020.0
2016-10-19,22.5049991607666,22.7450008392334,22.43000030517578,22.610000610351562,7502024.0
2016-10-20,22.649999618530273,22.700000762939453,22.479999542236328,22.575000762939453,4650846.0
2016-10-21,22.600000381469727,22.610000610351562,22.360000610351562,22.475000381469727,5972710.0
2016-10-24,22.450000762939453,22.940000534057617,22.43000030517578,22.719999313354492,7391220.0
2016-10-25,22.75,22.84000015258789,22.594999313354492,22.649999618530273,3671408.0
2016-10-26,22.71500015258789,22.71500015258789,22.55500030517578,22.604999542236328,2381760.0
2016-10-27,22.649999618530273,22.649999618530273,22.385000228881836,22.584999084472656,3595532.0
2016-10-28,22.549999237060547,22.625,22.399999618530273,22.40999984741211,2681444.0
2016-10-31,22.40999984741211,22.56999969482422,22.25,22.524999618530273,4389086.0
2016-11-01,22.514999389648438,22.614999771118164,22.415000915527344,22.579999923706055,3115490.0
2016-11-02,22.575000762939453,22.575000762939453,22.274999618530273,22.334999084472656,4292450.0
2016-11-03,22.334999084472656,22.4950008392334,22.299999237060547,22.434999465942383,6084876.0
2016-11-04,22.344999313354492,22.424999237060547,22.235000610351562,22.264999389648438,6039030.0
2016-11-07,22.309999465942383,22.350000381469727,21.885000228881836,21.959999084472656,5663444.0
2016-11-08,22.09000015258789,22.09000015258789,21.8799991607666,21.905000686645508,6604180.0
2016-11-09,21.940000534057617,21.950000762939453,21.645000457763672,21.690000534057617,5227680.0
2016-11-10,21.84000015258789,21.950000762939453,21.739999771118164,21.934999465942383,5833140.0
2016-11-11,21.940000534057617,22.100000381469727,21.80500030517578,21.899999618530273,12880968.0
2016-11-14,21.899999618530273,22.125,21.600000381469727,21.96500015258789,8062180.0
2016-11-15,22.0,22.200000762939453,21.950000762939453,22.049999237060547,5452828.0
2016-11-16,22.049999237060547,22.149999618530273,21.979999542236328,22.030000686645508,4297622.0
2016-11-17,21.93000030517578,22.094999313354492,21.905000686645508,22.065000534057617,2738222.0
2016-11-18,22.100000381469727,22.100000381469727,21.924999237060547,21.94499969482422,3262240.0
2016-11-21,21.94499969482422,22.079999923706055,21.94499969482422,22.020000457763672,3060362.0
2016-11-22,22.030000686645508,22.545000076293945,21.985000610351562,22.510000228881836,11568616.0
2016-11-23,22.479999542236328,22.5,22.229999542236328,22.2450008392334,8119578.0
2016-11-24,22.200000762939453,22.454999923706055,22.190000534057617,22.344999313354492,5641620.0
2016-11-25,22.350000381469727,22.479999542236328,22.149999618530273,22.389999389648438,6439002.0
2016-11-28,22.399999618530273,22.489999771118164,22.219999313354492,22.344999313354492,4408422.0
2016-11-29,22.299999237060547,22.594999313354492,22.270000457763672,22.489999771118164,11151980.0
2016-11-30,22.4950008392334,22.520000457763672,22.239999771118164,22.2549991607666,5039026.0
2016-12-01,22.280000686645508,22.475000381469727,22.225000381469727,22.424999237060547,6622016.0
2016-12-02,22.424999237060547,22.485000610351562,21.885000228881836,22.059999465942383,9182804.0
2016-12-05,21.905000686645508,22.204999923706055,21.899999618530273,22.065000534057617,5590358.0
2016-12-06,21.844999313354492,22.094999313354492,21.80500030517578,21.844999313354492,5723576.0
2016-12-07,21.844999313354492,21.940000534057617,21.700000762939453,21.809999465942383,6348430.0
2016-12-08,21.854999542236328,21.860000610351562,21.645000457763672,21.7549991607666,5317428.0
2016-12-09,21.799999237060547,21.844999313354492,21.6299991607666,21.69499969482422,5316528.0
2016-12-12,21.69499969482422,21.7450008392334,20.75,21.454999923706055,16448468.0
2016-12-13,21.350000381469727,21.399999618530273,20.93000030517578,21.125,5644702.0
2016-12-14,21.075000762939453,21.079999923706055,20.93000030517578,20.950000762939453,4480392.0
2016-12-15,20.850000381469727,21.219999313354492,20.799999237060547,20.954999923706055,5905370.0
2016-12-16,20.825000762939453,21.2549991607666,20.825000762939453,21.155000686645508,4127504.0
2016-12-19,21.155000686645508,21.19499969482422,20.954999923706055,21.104999542236328,3739532.0
2016-12-20,21.104999542236328,21.19499969482422,20.959999084472656,21.18000030517578,3402142.0
2016-12-21,21.104999542236328,21.34000015258789,21.104999542236328,21.325000762939453,3908634.0
2016-12-22,21.450000762939453,21.485000610351562,21.299999237060547,21.424999237060547,4134706.0
2016-12-23,21.375,21.399999618530273,21.059999465942383,21.2549991607666,3271094.0
2016-12-26,21.1299991607666,21.424999237060547,20.90999984741211,21.375,2637038.0
2016-12-27,21.440000534057617,21.46500015258789,21.25,21.290000915527344,2934366.0
2016-12-28,21.290000915527344,21.344999313354492,20.9950008392334,21.295000076293945,4647234.0
2016-12-29,21.204999923706055,21.290000915527344,21.1299991607666,21.200000762939453,2245870.0
2016-12-30,21.200000762939453,21.940000534057617,21.09000015258789,21.700000762939453,9485514.0
2017-01-03,21.5,21.78499984741211,21.5,21.704999923706055,2668964.0
2017-01-04,21.704999923706055,21.84000015258789,21.614999771118164,21.735000610351562,3701294.0
2017-01-05,21.829999923706055,21.924999237060547,21.739999771118164,21.889999389648438,3650320.0
2017-01-06,21.899999618530273,21.920000076293945,21.760000228881836,21.80500030517578,3063930.0
2017-01-09,21.80500030517578,21.899999618530273,21.65999984741211,21.799999237060547,4821112.0
2017-01-10,21.799999237060547,21.889999389648438,21.704999923706055,21.7450008392334,3038482.0
2017-01-11,21.719999313354492,21.774999618530273,21.5049991607666,21.530000686645508,2066270.0
2017-01-12,21.514999389648438,21.700000762939453,21.450000762939453,21.600000381469727,2160430.0
2017-01-13,21.71500015258789,22.125,21.489999771118164,21.954999923706055,4604312.0
2017-01-16,21.899999618530273,22.3700008392334,21.700000762939453,22.219999313354492,19559080.0
2017-01-17,22.1200008392334,22.239999771118164,22.010000228881836,22.170000076293945,3114800.0
2017-01-18,22.09000015258789,22.399999618530273,22.059999465942383,22.325000762939453,6037898.0
2017-01-19,22.299999237060547,22.389999389648438,22.149999618530273,22.30500030517578,2731802.0
2017-01-20,22.2549991607666,22.375,22.149999618530273,22.235000610351562,3611714.0
2017-01-23,22.209999084472656,22.34000015258789,22.045000076293945,22.1200008392334,2080858.0
2017-01-24,22.264999389648438,22.594999313354492,22.25,22.524999618530273,9480486.0
2017-01-25,22.424999237060547,22.790000915527344,22.424999237060547,22.7450008392334,12594766.0
2017-01-26,22.954999923706055,23.03499984741211,22.610000610351562,22.875,9152170.0
2017-02-03,22.924999237060547,22.989999771118164,22.604999542236328,22.68000030517578,5527762.0
2017-02-06,22.65999984741211,22.729999542236328,22.489999771118164,22.584999084472656,5579496.0
2017-02-07,22.540000915527344,22.815000534057617,22.360000610351562,22.424999237060547,5592680.0
2017-02-08,22.450000762939453,22.649999618530273,22.30500030517578,22.540000915527344,4268930.0
2017-02-09,22.614999771118164,22.65999984741211,22.385000228881836,22.59000015258789,4061430.0
2017-02-10,22.610000610351562,22.610000610351562,22.389999389648438,22.43000030517578,4483792.0
2017-02-13,22.459999084472656,22.71500015258789,22.204999923706055,22.68000030517578,8687116.0
2017-02-14,22.719999313354492,22.719999313354492,22.43000030517578,22.520000457763672,5085536.0
2017-02-15,22.454999923706055,22.514999389648438,22.3799991607666,22.434999465942383,2300036.0
2017-02-16,22.475000381469727,22.540000915527344,22.2450008392334,22.4950008392334,3966606.0
2017-02-17,22.4950008392334,22.53499984741211,22.40999984741211,22.520000457763672,1596014.0
2017-02-20,22.579999923706055,22.924999237060547,22.549999237060547,22.915000915527344,7046836.0
2017-02-21,22.950000762939453,23.344999313354492,22.950000762939453,23.139999389648438,11607882.0
2017-02-22,23.68000030517578,23.68000030517578,23.104999542236328,23.155000686645508,8889368.0
2017-02-23,23.174999237060547,23.6299991607666,23.155000686645508,23.415000915527344,14201180.0
2017-02-24,23.309999465942383,23.545000076293945,23.25,23.434999465942383,7142544.0
2017-02-27,24.0,25.135000228881836,23.7549991607666,24.684999465942383,29322450.0
2017-02-28,24.68000030517578,24.790000915527344,24.399999618530273,24.559999465942383,10303528.0
2017-03-01,24.424999237060547,25.290000915527344,24.40999984741211,24.434999465942383,14867184.0
2017-03-02,24.450000762939453,24.969999313354492,24.399999618530273,24.69499969482422,8318028.0
2017-03-03,24.559999465942383,25.200000762939453,24.415000915527344,25.084999084472656,10127094.0
2017-03-06,25.18000030517578,25.700000762939453,24.774999618530273,24.795000076293945,13059110.0
2017-03-07,24.950000762939453,25.360000610351562,24.815000534057617,25.30500030517578,9143314.0
2017-03-08,25.299999237060547,26.0,25.200000762939453,25.565000534057617,10022172.0
2017-03-09,25.454999923706055,25.975000381469727,25.299999237060547,25.729999542236328,4646544.0
2017-03-10,25.799999237060547,25.875,25.46500015258789,25.725000381469727,6108848.0
2017-03-13,25.649999618530273,25.75,24.905000686645508,24.950000762939453,10136908.0
2017-03-14,24.954999923706055,25.084999084472656,24.690000534057617,24.979999542236328,10070674.0
2017-03-15,25.0,25.020000457763672,24.545000076293945,24.7450008392334,10172308.0
2017-03-16,24.704999923706055,25.125,24.655000686645508,24.774999618530273,8250940.0
2017-03-17,24.774999618530273,25.040000915527344,24.729999542236328,24.864999771118164,5254012.0
2017-03-20,24.75,25.674999237060547,24.75,25.565000534057617,9226566.0
2017-03-21,25.649999618530273,25.69499969482422,25.3799991607666,25.5049991607666,6627584.0
2017-03-22,25.424999237060547,28.05500030517578,25.424999237060547,28.05500030517578,14955350.0
2017-03-23,29.350000381469727,30.075000762939453,29.0,29.155000686645508,35643946.0
2017-03-24,29.584999084472656,29.700000762939453,28.575000762939453,28.75,20929998.0
2017-03-27,28.600000381469727,29.149999618530273,28.204999923706055,28.635000228881836,10363404.0
2017-03-28,28.489999771118164,28.78499984741211,28.364999771118164,28.56999969482422,6820112.0
2017-03-29,28.440000534057617,28.59000015258789,28.030000686645508,28.135000228881836,9691530.0
2017-03-30,27.989999771118164,28.450000762939453,27.850000381469727,28.15999984741211,8528796.0
2017-03-31,28.299999237060547,28.625,28.184999465942383,28.344999313354492,13838072.0
2017-04-05,28.299999237060547,29.299999237060547,28.299999237060547,28.774999618530273,9346462.0
2017-04-06,29.0,29.274999618530273,28.200000762939453,28.315000534057617,13069948.0
2017-04-07,28.315000534057617,28.934999465942383,28.0,28.795000076293945,6632124.0
2017-04-10,28.905000686645508,29.75,28.604999542236328,29.260000228881836,10789258.0
2017-04-11,29.1200008392334,29.309999465942383,27.829999923706055,28.584999084472656,11141768.0
2017-04-12,28.4950008392334,28.674999237060547,25.725000381469727,25.725000381469727,37871098.0
2017-04-13,25.2450008392334,26.235000610351562,25.239999771118164,25.7549991607666,21711114.0
2017-04-14,25.725000381469727,25.725000381469727,24.899999618530273,25.31999969482422,12848390.0
2017-04-17,26.299999237060547,26.729999542236328,25.75,26.100000381469727,12496934.0
2017-04-18,26.360000610351562,26.7549991607666,25.600000381469727,26.545000076293945,10671012.0
2017-04-19,26.549999237060547,26.825000762939453,26.209999084472656,26.575000762939453,8597502.0
2017-04-20,26.600000381469727,27.184999465942383,26.299999237060547,26.69499969482422,12866742.0
2017-04-21,26.575000762939453,26.84000015258789,26.40999984741211,26.614999771118164,4573020.0
2017-04-24,26.614999771118164,26.774999618530273,26.020000457763672,26.625,5234166.0
2017-04-25,26.549999237060547,26.829999923706055,26.334999084472656,26.725000381469727,5076136.0
2017-04-26,26.799999237060547,27.524999618530273,26.799999237060547,27.030000686645508,11263072.0
2017-04-27,27.030000686645508,27.424999237060547,26.510000228881836,27.204999923706055,7489558.0
2017-04-28,27.204999923706055,27.229999542236328,26.104999542236328,26.575000762939453,10827612.0
2017-05-02,27.264999389648438,27.46500015258789,26.399999618530273,26.639999389648438,9387334.0
2017-05-03,26.625,26.8799991607666,25.84000015258789,25.854999542236328,6902036.0
2017-05-04,25.829999923706055,26.25,25.704999923706055,25.895000457763672,6042288.0
2017-05-05,25.895000457763672,26.174999237060547,25.760000228881836,26.0049991607666,3433682.0
2017-05-08,26.010000228881836,26.530000686645508,26.010000228881836,26.170000076293945,8061830.0
2017-05-09,26.0,26.100000381469727,25.264999389648438,25.610000610351562,7631360.0
2017-05-10,25.639999389648438,26.05500030517578,25.5,25.780000686645508,8645212.0
2017-05-11,25.700000762939453,26.065000534057617,25.610000610351562,26.0049991607666,4916454.0
2017-05-12,26.270000457763672,26.610000610351562,26.010000228881836,26.43000030517578,5433732.0
2017-05-15,26.700000762939453,27.350000381469727,26.639999389648438,26.8799991607666,8871452.0
2017-05-16,26.899999618530273,27.440000534057617,26.7549991607666,27.299999237060547,9346338.0
2017-05-17,27.299999237060547,27.344999313354492,26.84000015258789,26.924999237060547,5724080.0
2017-05-18,26.674999237060547,27.114999771118164,26.510000228881836,27.05500030517578,3711952.0
2017-05-19,26.950000762939453,27.135000228881836,26.75,27.100000381469727,3109354.0
2017-05-22,27.104999542236328,27.354999542236328,26.8799991607666,27.21500015258789,4221478.0
2017-05-23,27.184999465942383,27.43000030517578,26.950000762939453,27.06999969482422,6747234.0
2017-05-24,27.190000534057617,27.375,26.75,27.165000915527344,4330944.0
2017-05-25,27.200000762939453,27.940000534057617,27.18000030517578,27.760000228881836,12622446.0
2017-05-26,27.809999465942383,27.9950008392334,27.665000915527344,27.739999771118164,7330276.0
2017-05-31,27.850000381469727,28.15999984741211,27.040000915527344,27.1200008392334,9507216.0
2017-06-01,27.1200008392334,28.200000762939453,27.1200008392334,28.145000457763672,12468910.0
2017-06-02,28.155000686645508,28.639999389648438,27.875,28.575000762939453,8859644.0
2017-06-05,28.510000228881836,28.860000610351562,28.325000762939453,28.6299991607666,4792998.0
2017-06-06,28.639999389648438,28.93000030517578,28.44499969482422,28.684999465942383,3901910.0
2017-06-07,28.700000762939453,29.524999618530273,28.55500030517578,29.334999084472656,9943380.0
2017-06-08,29.290000915527344,30.045000076293945,29.125,29.520000457763672,10370800.0
2017-06-09,29.790000915527344,30.045000076293945,29.15999984741211,29.690000534057617,7286590.0
2017-06-12,29.690000534057617,29.735000610351562,28.989999771118164,29.364999771118164,7616984.0
2017-06-13,29.375,30.040000915527344,28.899999618530273,29.68000030517578,9599690.0
2017-06-14,29.700000762939453,29.799999237060547,29.0049991607666,29.1200008392334,5510474.0
2017-06-15,29.0,29.34000015258789,28.2549991607666,28.635000228881836,11704936.0
2017-06-16,28.280000686645508,28.579999923706055,28.0,28.079999923706055,4401379.0
2017-06-19,27.68000030517578,28.440000534057617,27.270000457763672,28.360000610351562,10153948.0
2017-06-20,28.399999618530273,28.520000457763672,27.690000534057617,27.729999542236328,7274060.0
2017-06-21,27.959999084472656,28.610000610351562,27.670000076293945,28.59000015258789,8092366.0
2017-06-22,28.559999465942383,29.1200008392334,28.209999084472656,28.290000915527344,9414000.0
2017-06-23,28.290000915527344,28.309999465942383,27.65999984741211,28.190000534057617,6822787.0
2017-06-26,28.020000457763672,28.950000762939453,28.010000228881836,28.700000762939453,8859397.0
2017-06-27,28.760000228881836,29.489999771118164,28.56999969482422,29.350000381469727,13648333.0
2017-06-28,29.100000381469727,29.450000762939453,29.079999923706055,29.219999313354492,8056828.0
2017-06-29,29.149999618530273,30.450000762939453,29.1299991607666,29.739999771118164,26739708.0
2017-06-30,29.75,30.610000610351562,29.5,30.139999389648438,9947483.0
2017-07-03,30.65999984741211,30.84000015258789,29.5,29.780000686645508,15445857.0
2017-07-04,29.979999542236328,30.059999465942383,29.1299991607666,29.18000030517578,8564192.0
2017-07-05,29.219999313354492,29.600000381469727,28.809999465942383,29.510000228881836,7203585.0
2017-07-06,29.510000228881836,29.770000457763672,29.0,29.020000457763672,6688520.0
2017-07-07,28.84000015258789,29.010000228881836,28.209999084472656,28.239999771118164,11780759.0
2017-07-10,28.260000228881836,29.25,27.770000457763672,29.1200008392334,12915899.0
2017-07-11,29.110000610351562,29.280000686645508,28.709999084472656,28.940000534057617,8048428.0
2017-07-12,28.899999618530273,29.530000686645508,28.649999618530273,29.489999771118164,11829068.0
2017-07-13,29.40999984741211,29.479999542236328,28.8799991607666,29.290000915527344,7346731.0
2017-07-14,29.3799991607666,29.639999389648438,29.059999465942383,29.459999084472656,4855560.0
2017-07-17,29.459999084472656,29.5,28.0,28.440000534057617,7408522.0
2017-07-18,28.59000015258789,29.06999969482422,28.360000610351562,29.020000457763672,6748387.0
2017-07-19,29.020000457763672,29.3700008392334,29.0,29.25,6762784.0
2017-07-20,29.299999237060547,29.43000030517578,28.84000015258789,29.149999618530273,4909508.0
2017-07-21,29.1200008392334,29.18000030517578,28.65999984741211,28.989999771118164,4892092.0
2017-07-24,28.809999465942383,28.889999389648438,28.600000381469727,28.850000381469727,5812901.0
2017-07-25,28.81999969482422,29.100000381469727,28.610000610351562,28.639999389648438,4743459.0
2017-07-26,28.649999618530273,28.920000076293945,28.5,28.809999465942383,6488873.0
2017-07-27,28.850000381469727,29.440000534057617,28.639999389648438,29.420000076293945,8906617.0
2017-07-28,29.360000610351562,29.5,29.010000228881836,29.25,4477787.0
2017-07-31,29.450000762939453,29.520000457763672,28.799999237060547,28.889999389648438,8278583.0
2017-08-01,28.700000762939453,29.440000534057617,28.700000762939453,29.18000030517578,10631424.0
2017-08-02,29.190000534057617,29.549999237060547,29.149999618530273,29.25,13549570.0
2017-08-03,29.389999389648438,29.399999618530273,28.709999084472656,28.770000457763672,11035060.0
2017-08-04,28.850000381469727,28.950000762939453,28.280000686645508,28.34000015258789,8641855.0
2017-08-07,28.520000457763672,28.770000457763672,27.81999969482422,28.209999084472656,10094450.0
2017-08-08,28.239999771118164,28.440000534057617,28.0,28.209999084472656,5243661.0
2017-08-09,28.190000534057617,28.559999465942383,28.020000457763672,28.5,6759106.0
2017-08-10,28.3799991607666,28.719999313354492,28.100000381469727,28.190000534057617,6432106.0
2017-08-11,28.15999984741211,28.3700008392334,27.770000457763672,27.850000381469727,5975634.0
2017-08-14,27.84000015258789,28.3799991607666,27.809999465942383,28.0,6731530.0
2017-08-15,28.18000030517578,28.18000030517578,27.889999389648438,27.969999313354492,5282057.0
2017-08-16,27.950000762939453,28.559999465942383,27.950000762939453,28.40999984741211,6018637.0
2017-08-17,28.40999984741211,28.889999389648438,28.40999984741211,28.81999969482422,4945643.0
2017-08-18,28.700000762939453,29.459999084472656,28.6200008392334,29.399999618530273,10663314.0
2017-08-21,29.299999237060547,30.200000762939453,29.290000915527344,29.760000228881836,12963829.0
2017-08-22,29.760000228881836,30.059999465942383,29.299999237060547,29.59000015258789,7963397.0
2017-08-23,29.59000015258789,30.25,29.399999618530273,29.479999542236328,8080088.0
2017-08-24,29.579999923706055,29.8799991607666,28.90999984741211,29.280000686645508,9213607.0
2017-08-25,29.469999313354492,29.479999542236328,29.06999969482422,29.270000457763672,5633523.0
2017-08-28,29.110000610351562,29.639999389648438,29.100000381469727,29.489999771118164,10134665.0
2017-08-29,29.489999771118164,29.770000457763672,28.93000030517578,29.010000228881836,8433666.0
2017-08-30,29.010000228881836,29.809999465942383,29.010000228881836,29.719999313354492,12663770.0
2017-08-31,29.600000381469727,30.299999237060547,29.399999618530273,29.969999313354492,11430794.0
2017-09-01,29.850000381469727,30.200000762939453,29.81999969482422,29.979999542236328,6263823.0
2017-09-04,29.889999389648438,32.880001068115234,29.889999389648438,32.59000015258789,18991607.0
2017-09-05,32.54999923706055,32.54999923706055,31.65999984741211,32.27000045776367,10554029.0
2017-09-06,32.13999938964844,32.31999969482422,31.799999237060547,32.150001525878906,7329420.0
2017-09-07,32.0,32.59000015258789,31.239999771118164,31.260000228881836,8966070.0
2017-09-08,31.440000534057617,32.41999816894531,31.440000534057617,32.189998626708984,12399468.0
2017-09-11,32.18000030517578,33.13999938964844,31.969999313354492,32.189998626708984,15251663.0
2017-09-12,32.349998474121094,32.43000030517578,31.68000030517578,32.04999923706055,8896370.0
2017-09-13,32.099998474121094,32.650001525878906,31.760000228881836,32.61000061035156,11490291.0
2017-09-14,32.619998931884766,34.099998474121094,32.619998931884766,34.0,18610114.0
2017-09-15,33.900001525878906,34.47999954223633,33.310001373291016,34.34000015258789,13791040.0
2017-09-18,34.45000076293945,35.20000076293945,33.93000030517578,34.0,18759350.0
2017-09-19,34.150001525878906,34.310001373291016,33.0,33.20000076293945,16205912.0
2017-09-20,33.400001525878906,34.13999938964844,33.150001525878906,34.11000061035156,11998851.0
2017-09-21,34.33000183105469,34.5,33.66999816894531,33.75,7297101.0
2017-09-22,33.79999923706055,34.119998931884766,33.029998779296875,33.27000045776367,7156714.0
2017-09-25,33.400001525878906,33.540000915527344,33.0099983215332,33.22999954223633,6263800.0
2017-09-26,33.119998931884766,34.56999969482422,33.119998931884766,34.54999923706055,15104612.0
2017-09-27,34.81999969482422,35.369998931884766,34.0,34.16999816894531,12918986.0
2017-09-28,34.11000061035156,34.779998779296875,34.0,34.08000183105469,8479365.0
2017-09-29,34.290000915527344,34.779998779296875,34.16999816894531,34.4900016784668,6865429.0
2017-10-09,34.95000076293945,34.95000076293945,33.54999923706055,34.75,13578107.0
2017-10-10,34.720001220703125,35.83000183105469,34.529998779296875,35.29999923706055,11641235.0
2017-10-11,35.29999923706055,37.0,34.90999984741211,36.54999923706055,16109304.0
2017-10-12,36.689998626708984,37.09000015258789,36.0,36.31999969482422,9521760.0
2017-10-13,36.380001068115234,37.06999969482422,36.18000030517578,36.459999084472656,8163144.0
2017-10-16,36.29999923706055,36.560001373291016,35.810001373291016,36.06999969482422,7706242.0
2017-10-17,36.15999984741211,36.25,35.81999969482422,36.15999984741211,6947130.0
2017-10-18,36.209999084472656,36.81999969482422,36.209999084472656,36.45000076293945,4752762.0
2017-10-19,36.619998931884766,37.54999923706055,36.5,37.2400016784668,7452795.0
2017-10-20,37.25,37.68000030517578,36.650001525878906,36.810001373291016,5020084.0
2017-10-23,36.97999954223633,37.04999923706055,36.56999969482422,36.849998474121094,5160891.0
2017-10-24,36.900001525878906,37.36000061035156,36.79999923706055,37.11000061035156,5247838.0
2017-10-25,37.2400016784668,37.880001068115234,37.0,37.84000015258789,6962681.0
2017-10-26,37.93000030517578,38.54999923706055,37.599998474121094,38.540000915527344,10333092.0
2017-10-27,38.900001525878906,40.5,38.900001525878906,39.540000915527344,14363502.0
2017-10-30,39.58000183105469,40.150001525878906,39.279998779296875,40.0,9918786.0
2017-10-31,39.880001068115234,41.470001220703125,39.86000061035156,41.369998931884766,9811888.0
2017-11-01,41.5,41.86000061035156,40.189998626708984,40.41999816894531,10191266.0
2017-11-02,40.630001068115234,41.29999923706055,39.58000183105469,40.310001373291016,9665569.0
2017-11-03,40.5,40.56999969482422,39.77000045776367,39.97999954223633,10418848.0
2017-11-06,40.189998626708984,42.11000061035156,40.02000045776367,42.0099983215332,13190678.0
2017-11-07,42.0099983215332,42.79999923706055,40.79999923706055,41.400001525878906,15320637.0
2017-11-08,41.41999816894531,42.27000045776367,41.220001220703125,42.2400016784668,11573428.0
2017-11-09,42.13999938964844,43.04999923706055,42.02000045776367,42.689998626708984,10347133.0
2017-11-10,42.810001373291016,44.150001525878906,42.810001373291016,43.84000015258789,11295162.0
2017-11-13,43.5,46.25,43.5,46.20000076293945,16040483.0
2017-11-14,46.150001525878906,46.20000076293945,43.58000183105469,43.689998626708984,19460295.0
2017-11-15,43.5,43.5,41.25,42.209999084472656,23761233.0
2017-11-16,42.290000915527344,43.18000030517578,42.290000915527344,43.099998474121094,12441136.0
2017-11-17,43.31999969482422,43.68000030517578,41.380001068115234,42.40999984741211,15535196.0
2017-11-20,42.5,42.630001068115234,41.20000076293945,42.470001220703125,13065283.0
2017-11-21,42.65999984741211,45.59000015258789,42.65999984741211,45.47999954223633,18045782.0
2017-11-22,45.5099983215332,45.959999084472656,42.65999984741211,42.959999084472656,20094260.0
2017-11-23,42.599998474121094,42.61000061035156,41.2599983215332,41.70000076293945,16686539.0
2017-11-24,41.70000076293945,42.5,40.599998474121094,41.04999923706055,11709748.0
2017-11-27,41.09000015258789,41.11000061035156,38.29999923706055,38.56999969482422,18960961.0
2017-11-28,38.880001068115234,39.93000030517578,38.68000030517578,39.08000183105469,11001233.0
2017-11-29,39.70000076293945,41.119998931884766,39.18000030517578,40.630001068115234,14841391.0
2017-11-30,41.0099983215332,42.31999969482422,40.790000915527344,41.689998626708984,18087344.0
2017-12-01,41.97999954223633,41.97999954223633,40.709999084472656,41.61000061035156,7304654.0
2017-12-04,41.45000076293945,41.45000076293945,40.619998931884766,40.939998626708984,11555713.0
2017-12-05,40.58000183105469,41.54999923706055,40.18000030517578,40.900001525878906,6557450.0
2017-12-06,40.849998474121094,41.22999954223633,40.400001525878906,41.189998626708984,6068795.0
2017-12-07,41.18000030517578,41.97999954223633,39.959999084472656,39.9900016784668,7955924.0
2017-12-08,39.72999954223633,42.65999984741211,39.72999954223633,42.630001068115234,12449203.0
2017-12-11,42.599998474121094,44.56999969482422,41.90999984741211,44.310001373291016,17492042.0
2017-12-12,44.18000030517578,44.849998474121094,43.79999923706055,44.4900016784668,11172167.0
2017-12-13,44.47999954223633,44.77000045776367,43.619998931884766,44.34000015258789,6561105.0
2017-12-14,44.33000183105469,44.470001220703125,43.04999923706055,43.13999938964844,7620006.0
2017-12-15,43.36000061035156,43.400001525878906,41.97999954223633,42.16999816894531,7713147.0
2017-12-18,42.15999984741211,43.119998931884766,41.869998931884766,42.2599983215332,6723507.0
2017-12-19,42.2400016784668,43.54999923706055,42.209999084472656,43.52000045776367,7494473.0
2017-12-20,43.22999954223633,44.279998779296875,42.779998779296875,43.61000061035156,8270775.0
2017-12-21,43.54999923706055,44.47999954223633,43.220001220703125,44.040000915527344,6828918.0
2017-12-22,43.9900016784668,44.27000045776367,43.349998474121094,43.599998474121094,5388497.0
2017-12-25,43.56999969482422,44.38999938964844,43.380001068115234,43.529998779296875,5016057.0
2017-12-26,43.79999923706055,44.099998474121094,42.349998474121094,42.619998931884766,6598641.0
2017-12-27,42.75,43.5,41.189998626708984,41.22999954223633,11529762.0
2017-12-28,41.400001525878906,43.220001220703125,41.400001525878906,42.86000061035156,9813750.0
2017-12-29,43.279998779296875,43.86000061035156,42.75,43.38999938964844,6238222.0
2018-01-02,43.75,44.0,42.81999969482422,43.04999923706055,6798608.0
2018-01-03,43.529998779296875,45.72999954223633,42.619998931884766,45.68000030517578,18238787.0
2018-01-04,45.349998474121094,46.099998474121094,44.849998474121094,45.470001220703125,14504221.0
2018-01-05,45.4900016784668,45.599998474121094,44.560001373291016,45.16999816894531,7114493.0
2018-01-08,45.47999954223633,46.5,45.0,46.470001220703125,12876391.0
2018-01-09,46.5,47.220001220703125,46.20000076293945,46.63999938964844,10233453.0
2018-01-10,46.79999923706055,46.900001525878906,45.79999923706055,46.380001068115234,6466652.0
2018-01-11,46.400001525878906,46.5,45.130001068115234,45.88999938964844,8005341.0
2018-01-12,45.790000915527344,46.20000076293945,45.5099983215332,45.93000030517578,5004145.0
2018-01-15,46.58000183105469,48.38999938964844,46.220001220703125,47.7400016784668,14223089.0
2018-01-16,47.720001220703125,50.900001525878906,47.5099983215332,49.36000061035156,18325578.0
2018-01-17,49.099998474121094,49.689998626708984,47.9900016784668,48.220001220703125,8879078.0
2018-01-18,48.11000061035156,49.20000076293945,47.849998474121094,48.29999923706055,12323483.0
2018-01-19,48.29999923706055,48.630001068115234,47.810001373291016,48.15999984741211,6564059.0
2018-01-22,48.36000061035156,50.66999816894531,48.16999816894531,49.130001068115234,12694986.0
2018-01-23,49.47999954223633,49.599998474121094,48.79999923706055,48.970001220703125,6978756.0
2018-01-24,49.95000076293945,50.5,48.880001068115234,49.45000076293945,10536855.0
2018-01-25,49.459999084472656,49.59000015258789,48.45000076293945,48.77000045776367,7545993.0
2018-01-26,48.5,49.40999984741211,47.81999969482422,48.97999954223633,7656943.0
2018-01-29,49.79999923706055,50.380001068115234,48.70000076293945,48.709999084472656,10409150.0
2018-01-30,48.52000045776367,49.900001525878906,48.18000030517578,49.0,7432988.0
2018-01-31,49.0,51.959999084472656,48.880001068115234,51.279998779296875,15279697.0
2018-02-01,51.2400016784668,51.369998931884766,49.779998779296875,50.720001220703125,12758748.0
2018-02-02,50.41999816894531,53.90999984741211,50.41999816894531,53.83000183105469,15727623.0
2018-02-05,52.380001068115234,53.599998474121094,51.58000183105469,51.900001525878906,14834408.0
2018-02-06,50.9900016784668,51.900001525878906,48.099998474121094,48.130001068115234,17717295.0
2018-02-07,49.880001068115234,50.33000183105469,44.810001373291016,47.08000183105469,18833291.0
2018-02-08,47.060001373291016,49.279998779296875,46.70000076293945,48.33000183105469,11056662.0
2018-02-09,45.79999923706055,48.25,45.2599983215332,46.779998779296875,15500754.0
2018-02-12,47.5,48.86000061035156,47.099998474121094,48.45000076293945,8102084.0
2018-02-13,49.70000076293945,50.65999984741211,48.70000076293945,50.13999938964844,10513189.0
2018-02-14,50.20000076293945,52.029998779296875,49.599998474121094,51.79999923706055,9251191.0
2018-02-22,52.79999923706055,55.790000915527344,52.5,53.470001220703125,16398565.0
2018-02-23,53.939998626708984,54.439998626708984,52.79999923706055,54.08000183105469,8704482.0
2018-02-26,54.150001525878906,54.15999984741211,52.70000076293945,53.13999938964844,11480097.0
2018-02-27,54.54999923706055,55.439998626708984,52.0,52.79999923706055,17872872.0
2018-02-28,51.54999923706055,53.880001068115234,51.52000045776367,52.36000061035156,10997985.0
2018-03-01,52.279998779296875,54.84000015258789,52.04999923706055,53.9900016784668,16150288.0
2018-03-02,53.5,53.959999084472656,52.79999923706055,53.29999923706055,10002242.0
2018-03-05,53.5,53.97999954223633,52.95000076293945,53.540000915527344,7025143.0
2018-03-06,53.79999923706055,55.27000045776367,53.630001068115234,55.130001068115234,13186563.0
2018-03-07,55.16999816894531,56.150001525878906,54.70000076293945,55.439998626708984,9299950.0
2018-03-08,55.689998626708984,57.400001525878906,55.61000061035156,57.25,9476200.0
2018-03-09,57.45000076293945,57.650001525878906,56.349998474121094,57.27000045776367,8567116.0
2018-03-12,57.189998626708984,58.0,56.310001373291016,56.369998931884766,9821254.0
2018-03-13,56.79999923706055,56.84000015258789,56.099998474121094,56.40999984741211,4114827.0
2018-03-14,56.459999084472656,57.650001525878906,56.029998779296875,57.209999084472656,5578110.0
2018-03-15,57.20000076293945,58.060001373291016,56.36000061035156,56.86000061035156,6459660.0
2018-03-16,56.63999938964844,57.189998626708984,55.439998626708984,55.5099983215332,7336052.0
2018-03-19,55.5099983215332,56.4900016784668,55.0,56.380001068115234,6817273.0
2018-03-20,56.04999923706055,56.279998779296875,55.11000061035156,55.61000061035156,5962543.0
2018-03-21,55.709999084472656,58.5,55.689998626708984,57.25,12351610.0
2018-03-22,57.290000915527344,58.04999923706055,56.70000076293945,57.04999923706055,8140198.0
2018-03-23,55.5,57.849998474121094,55.0,57.04999923706055,14040571.0
2018-03-26,56.400001525878906,56.880001068115234,53.79999923706055,54.689998626708984,14869528.0
2018-03-27,55.310001373291016,55.900001525878906,54.810001373291016,55.529998779296875,12202834.0
2018-03-28,55.5099983215332,57.75,55.5,56.75,14326711.0
2018-03-29,57.060001373291016,57.380001068115234,52.0099983215332,53.709999084472656,18525063.0
2018-03-30,53.29999923706055,54.709999084472656,52.58000183105469,52.90999984741211,12144760.0
2018-04-02,53.11000061035156,54.93000030517578,53.11000061035156,54.84000015258789,10965412.0
2018-04-03,55.0,55.0,53.130001068115234,54.15999984741211,9221940.0
2018-04-04,54.880001068115234,54.880001068115234,52.130001068115234,52.97999954223633,9597436.0
2018-04-09,53.36000061035156,54.63999938964844,52.93000030517578,53.15999984741211,11503793.0
2018-04-10,53.5,53.9900016784668,52.20000076293945,53.779998779296875,9238741.0
2018-04-11,53.779998779296875,54.150001525878906,52.849998474121094,53.209999084472656,7923710.0
2018-04-12,53.209999084472656,54.959999084472656,52.900001525878906,54.63999938964844,11766713.0
2018-04-13,54.79999923706055,56.47999954223633,54.34000015258789,56.119998931884766,10565949.0
2018-04-16,59.97999954223633,59.97999954223633,56.0,56.349998474121094,21222558.0
2018-04-17,55.81999969482422,55.95000076293945,50.720001220703125,51.16999816894531,24226897.0
2018-04-18,51.88999938964844,51.9900016784668,48.720001220703125,51.2400016784668,18233248.0
2018-04-19,51.38999938964844,53.779998779296875,51.2400016784668,53.66999816894531,12087608.0
2018-04-20,53.599998474121094,54.5099983215332,52.7400016784668,53.560001373291016,9055023.0
2018-04-23,52.95000076293945,54.15999984741211,52.70000076293945,53.220001220703125,6341351.0
2018-04-24,53.18000030517578,54.400001525878906,53.119998931884766,53.630001068115234,9967766.0
2018-04-25,53.31999969482422,54.22999954223633,52.560001373291016,53.88999938964844,5243181.0
2018-04-26,53.70000076293945,53.869998931884766,51.880001068115234,52.720001220703125,8009013.0
2018-04-27,52.90999984741211,53.290000915527344,49.70000076293945,52.06999969482422,11914277.0
2018-05-02,53.599998474121094,56.790000915527344,53.5,56.29999923706055,24363710.0
2018-05-03,56.79999923706055,58.400001525878906,56.0099983215332,58.27000045776367,22712541.0
2018-05-04,58.25,59.04999923706055,57.72999954223633,58.040000915527344,12890194.0
2018-05-07,58.77000045776367,59.880001068115234,57.9900016784668,58.61000061035156,18685665.0
2018-05-08,58.900001525878906,59.599998474121094,58.220001220703125,59.0,8733902.0
2018-05-09,59.349998474121094,60.599998474121094,59.11000061035156,59.91999816894531,8206897.0
2018-05-10,59.75,61.880001068115234,59.0099983215332,61.689998626708984,13086997.0
2018-05-11,61.40999984741211,61.849998474121094,60.11000061035156,61.0099983215332,6898175.0
2018-05-14,61.0099983215332,63.04999923706055,60.77000045776367,62.459999084472656,17296165.0
2018-05-15,62.459999084472656,63.5,61.5,62.939998626708984,7076087.0
2018-05-16,62.72999954223633,63.58000183105469,62.04999923706055,62.08000183105469,7834218.0
2018-05-17,62.0,62.95000076293945,60.63999938964844,61.02000045776367,9525356.0
2018-05-18,61.29999923706055,62.18000030517578,60.59000015258789,61.59000015258789,6162889.0
2018-05-21,62.16999816894531,63.220001220703125,62.04999923706055,62.279998779296875,6509735.0
2018-05-22,62.5,62.97999954223633,62.18000030517578,62.560001373291016,3113170.0
2018-05-23,62.810001373291016,63.54999923706055,61.0,61.93000030517578,7803043.0
2018-05-24,61.9900016784668,63.20000076293945,61.119998931884766,62.470001220703125,7603173.0
2018-05-25,61.4900016784668,62.79999923706055,61.47999954223633,62.33000183105469,6913345.0
2018-05-28,62.33000183105469,62.59000015258789,61.0099983215332,61.83000183105469,6865539.0
2018-05-29,61.599998474121094,65.26000213623047,61.599998474121094,64.08000183105469,15856390.0
2018-05-30,63.349998474121094,64.5,62.560001373291016,63.650001525878906,10613951.0
2018-05-31,63.970001220703125,67.8499984741211,63.70000076293945,67.6500015258789,17110235.0
2018-06-01,67.5999984741211,68.18000030517578,66.44999694824219,67.4800033569336,10917885.0
2018-06-04,67.80000305175781,68.30000305175781,66.30000305175781,67.37000274658203,10394051.0
2018-06-05,67.5199966430664,68.30000305175781,66.5199966430664,67.79000091552734,8627555.0
2018-06-06,67.5999984741211,68.02999877929688,66.80000305175781,66.83000183105469,7703206.0
2018-06-07,67.08000183105469,68.5999984741211,65.58000183105469,66.5199966430664,11190089.0
2018-06-08,66.37000274658203,66.4000015258789,65.19999694824219,66.18000030517578,9515948.0
2018-06-11,66.0,66.76000213623047,62.97999954223633,63.650001525878906,14819317.0
2018-06-12,63.900001525878906,66.3499984741211,63.36000061035156,65.87000274658203,10509335.0
2018-06-13,66.26000213623047,67.97000122070312,65.81999969482422,66.81999969482422,9551309.0
2018-06-14,66.55999755859375,67.4800033569336,66.11000061035156,66.87000274658203,6206772.0
2018-06-15,66.94999694824219,67.3499984741211,65.0999984741211,66.4000015258789,8217553.0
2018-06-19,65.80999755859375,67.08000183105469,63.77000045776367,65.37999725341797,19194848.0
2018-06-20,65.19999694824219,65.98999786376953,63.939998626708984,65.44999694824219,10071088.0
2018-06-21,65.77999877929688,69.55000305175781,65.47000122070312,67.7300033569336,16064881.0
2018-06-22,66.95999908447266,68.58000183105469,65.80999755859375,66.95999908447266,9807366.0
2018-06-25,67.05000305175781,69.95999908447266,67.05000305175781,69.36000061035156,10923033.0
2018-06-26,68.5999984741211,69.19999694824219,66.31999969482422,66.93000030517578,11038916.0
2018-06-27,66.93000030517578,67.5999984741211,62.90999984741211,63.02000045776367,16411505.0
2018-06-28,62.29999923706055,63.939998626708984,61.130001068115234,63.560001373291016,13633552.0
2018-06-29,63.5099983215332,66.25,63.029998779296875,64.41000366210938,11870486.0
2018-07-02,64.9000015258789,66.27999877929688,63.09000015258789,64.33999633789062,9701414.0
2018-07-03,64.79000091552734,64.79000091552734,59.0,61.310001373291016,22006427.0
2018-07-04,61.310001373291016,63.66999816894531,61.20000076293945,62.38999938964844,12750866.0
2018-07-05,62.5,64.12000274658203,61.70000076293945,63.34000015258789,10714411.0
2018-07-06,63.0,63.29999923706055,60.099998474121094,62.130001068115234,11307703.0
2018-07-09,62.47999954223633,64.37999725341797,62.380001068115234,63.91999816894531,8737261.0
2018-07-10,64.45999908447266,66.16000366210938,64.19999694824219,65.94000244140625,9343516.0
2018-07-11,64.69999694824219,67.19999694824219,63.36000061035156,66.16999816894531,9722884.0
2018-07-12,66.4000015258789,68.27999877929688,65.80000305175781,67.69000244140625,10988365.0
2018-07-13,68.0999984741211,71.3499984741211,67.69000244140625,71.0,12807893.0
2018-07-16,71.55000305175781,73.19999694824219,71.16999816894531,72.33000183105469,10665708.0
2018-07-17,71.69999694824219,71.8499984741211,70.54000091552734,71.31999969482422,7681232.0
2018-07-18,71.01000213623047,76.02999877929688,71.01000213623047,72.80000305175781,17511663.0
2018-07-19,73.20999908447266,74.22000122070312,71.97000122070312,72.62999725341797,8849390.0
2018-07-20,72.9000015258789,74.58999633789062,72.5999984741211,73.45999908447266,8902264.0
2018-07-23,73.55000305175781,74.88999938964844,69.51000213623047,70.13999938964844,20499474.0
2018-07-24,70.45999908447266,71.80000305175781,69.69999694824219,70.30999755859375,13171317.0
2018-07-25,71.05000305175781,74.4000015258789,71.02999877929688,74.19000244140625,15350022.0
2018-07-26,73.8499984741211,74.33999633789062,72.18000030517578,73.06999969482422,10592087.0
2018-07-27,73.05000305175781,73.37999725341797,71.27999877929688,72.06999969482422,8106272.0
2018-07-30,72.4000015258789,72.77999877929688,70.63999938964844,71.37999725341797,8200642.0
2018-07-31,71.44000244140625,72.0,69.86000061035156,70.2300033569336,9309879.0
2018-08-01,71.30999755859375,72.16000366210938,70.48999786376953,71.22000122070312,8510628.0
2018-08-02,71.0,71.0,67.9800033569336,68.51000213623047,13442392.0
2018-08-03,68.5999984741211,69.16000366210938,63.099998474121094,64.7699966430664,19108130.0
2018-08-06,65.16999816894531,65.94999694824219,60.11000061035156,61.81999969482422,17282805.0
2018-08-07,62.439998626708984,62.439998626708984,57.02000045776367,61.86000061035156,25007316.0
2018-08-08,60.29999923706055,63.459999084472656,59.0,60.470001220703125,18455066.0
2018-08-09,60.400001525878906,64.16000366210938,59.650001525878906,62.47999954223633,17613965.0
2018-08-10,62.81999969482422,64.77999877929688,61.75,63.2400016784668,15822038.0
2018-08-13,62.4900016784668,64.19999694824219,61.79999923706055,63.7400016784668,11126523.0
2018-08-14,63.72999954223633,64.37999725341797,62.5,63.130001068115234,10029995.0
2018-08-15,63.790000915527344,63.83000183105469,60.61000061035156,60.81999969482422,9609892.0
2018-08-16,59.0,61.47999954223633,58.45000076293945,59.22999954223633,12839219.0
2018-08-17,60.29999923706055,60.880001068115234,55.689998626708984,57.09000015258789,16457022.0
2018-08-20,56.90999984741211,57.5,55.060001373291016,57.400001525878906,13179619.0
2018-08-21,57.900001525878906,61.5,57.900001525878906,61.380001068115234,15473698.0
2018-08-22,61.349998474121094,61.400001525878906,59.81999969482422,60.09000015258789,8359134.0
2018-08-23,59.93000030517578,61.209999084472656,59.439998626708984,60.36000061035156,8883334.0
2018-08-24,60.0,60.75,59.0,59.70000076293945,6273849.0
2018-08-27,59.70000076293945,64.9800033569336,59.70000076293945,64.9800033569336,17440001.0
2018-08-28,64.0,65.44000244140625,63.5,64.55000305175781,10740247.0
2018-08-29,64.1500015258789,64.81999969482422,63.220001220703125,64.16999816894531,6838088.0
2018-08-30,63.70000076293945,66.55999755859375,63.68000030517578,64.80000305175781,12675463.0
2018-08-31,64.80000305175781,64.87999725341797,62.060001373291016,63.36000061035156,12002275.0
2018-09-03,62.900001525878906,63.150001525878906,60.5099983215332,62.29999923706055,8008236.0
2018-09-04,62.70000076293945,63.58000183105469,60.029998779296875,61.970001220703125,12050132.0
2018-09-05,61.4900016784668,61.4900016784668,59.65999984741211,59.849998474121094,8764260.0
2018-09-06,59.29999923706055,60.58000183105469,58.220001220703125,58.83000183105469,8203398.0
2018-09-07,59.25,62.599998474121094,59.25,61.9900016784668,13128220.0
2018-09-10,61.599998474121094,61.599998474121094,59.81999969482422,60.060001373291016,6678522.0
2018-09-11,60.29999923706055,61.54999923706055,60.09000015258789,61.41999816894531,5306273.0
2018-09-12,61.41999816894531,61.470001220703125,59.400001525878906,59.84000015258789,6471513.0
2018-09-13,61.0,61.75,59.099998474121094,60.81999969482422,7262742.0
2018-09-14,61.0,62.86000061035156,60.29999923706055,61.79999923706055,8511415.0
2018-09-17,61.349998474121094,63.06999969482422,60.349998474121094,62.25,8933957.0
2018-09-18,61.95000076293945,63.349998474121094,60.59000015258789,63.08000183105469,9019752.0
2018-09-19,63.119998931884766,64.94000244140625,63.119998931884766,64.2300033569336,10362568.0
2018-09-20,64.37000274658203,66.0999984741211,63.5099983215332,63.900001525878906,11405551.0
2018-09-21,65.0,67.61000061035156,64.68000030517578,67.51000213623047,11279640.0
2018-09-25,66.5999984741211,67.9000015258789,66.19999694824219,67.30999755859375,6583585.0
2018-09-26,68.48999786376953,68.55000305175781,66.80999755859375,67.91000366210938,11161006.0
2018-09-27,67.73999786376953,67.80000305175781,65.12000274658203,66.6500015258789,10516207.0
2018-09-28,66.62000274658203,68.0199966430664,66.0,68.0199966430664,8959881.0
2018-10-08,66.87000274658203,66.87000274658203,63.58000183105469,63.7599983215332,10195812.0
2018-10-09,63.70000076293945,64.66000366210938,63.060001373291016,63.59000015258789,5838914.0
2018-10-10,64.0,64.9800033569336,62.5,63.0,7871261.0
2018-10-11,60.0,61.5,58.79999923706055,60.5,12473905.0
2018-10-12,60.150001525878906,63.86000061035156,60.150001525878906,63.27000045776367,11815134.0
2018-10-15,63.869998931884766,65.41999816894531,62.599998474121094,63.5,12002968.0
2018-10-16,63.779998779296875,63.779998779296875,60.849998474121094,61.900001525878906,7517413.0
2018-10-17,62.849998474121094,62.900001525878906,55.709999084472656,55.709999084472656,27037291.0
2018-10-18,52.91999816894531,53.599998474121094,50.13999938964844,51.900001525878906,34014712.0
2018-10-19,51.0099983215332,53.91999816894531,48.689998626708984,53.29999923706055,21155888.0
2018-10-22,54.29999923706055,58.599998474121094,54.29999923706055,57.79999923706055,19363039.0
2018-10-23,60.11000061035156,60.25,56.470001220703125,57.0,16720869.0
2018-10-24,57.0,58.540000915527344,55.20000076293945,55.470001220703125,10796960.0
2018-10-25,53.880001068115234,56.599998474121094,52.5,56.380001068115234,10860135.0
2018-10-26,56.70000076293945,56.72999954223633,51.279998779296875,53.18000030517578,17967602.0
2018-10-29,51.5,51.5,47.959999084472656,48.119998931884766,19497757.0
2018-10-30,47.959999084472656,50.849998474121094,47.900001525878906,49.720001220703125,11033582.0
2018-10-31,51.0,53.79999923706055,50.95000076293945,53.68000030517578,14995255.0
2018-11-01,55.2599983215332,55.349998474121094,52.13999938964844,52.93000030517578,12241332.0
2018-11-02,54.61000061035156,58.220001220703125,54.61000061035156,58.220001220703125,21966582.0
2018-11-05,58.189998626708984,58.209999084472656,55.599998474121094,57.470001220703125,10771225.0
2018-11-06,57.650001525878906,57.86000061035156,55.16999816894531,56.04999923706055,11185858.0
2018-11-07,56.22999954223633,57.65999984741211,55.29999923706055,56.380001068115234,9502459.0
2018-11-08,57.099998474121094,57.79999923706055,56.599998474121094,56.779998779296875,6352560.0
2018-11-09,56.290000915527344,56.849998474121094,54.849998474121094,56.70000076293945,5351832.0
2018-11-12,56.08000183105469,56.40999984741211,54.18000030517578,55.58000183105469,9698947.0
2018-11-13,54.5,55.529998779296875,53.5,55.02000045776367,10877744.0
2018-11-14,55.150001525878906,55.400001525878906,53.52000045776367,53.97999954223633,10103699.0
2018-11-15,55.0,55.52000045776367,54.20000076293945,54.66999816894531,10513432.0
2018-11-16,55.0,55.75,54.220001220703125,55.15999984741211,8713827.0
2018-11-19,55.349998474121094,56.900001525878906,53.95000076293945,55.41999816894531,10132055.0
2018-11-20,54.779998779296875,54.79999923706055,53.79999923706055,54.290000915527344,7512932.0
2018-11-21,53.88999938964844,55.470001220703125,53.58000183105469,55.400001525878906,7966172.0
2018-11-22,55.65999984741211,55.77000045776367,54.27000045776367,54.689998626708984,5850152.0
2018-11-23,54.400001525878906,55.08000183105469,54.099998474121094,54.47999954223633,5269515.0
2018-11-26,55.0,55.0,53.380001068115234,54.0099983215332,6651634.0
2018-11-27,54.25,54.369998931884766,53.36000061035156,53.45000076293945,5237517.0
2018-11-28,53.66999816894531,58.25,53.06999969482422,55.900001525878906,15230296.0
2018-11-29,55.970001220703125,56.279998779296875,54.5099983215332,54.720001220703125,9962956.0
2018-11-30,54.529998779296875,55.54999923706055,54.40999984741211,55.209999084472656,6648605.0
2018-12-03,57.79999923706055,57.79999923706055,56.20000076293945,56.75,14741356.0
2018-12-04,56.849998474121094,58.97999954223633,56.099998474121094,58.7599983215332,12196251.0
2018-12-05,57.95000076293945,59.880001068115234,57.779998779296875,59.290000915527344,9613915.0
2018-12-06,58.9900016784668,59.5,57.709999084472656,58.22999954223633,7005911.0
2018-12-07,58.75,59.22999954223633,57.119998931884766,58.45000076293945,5316582.0
2018-12-10,58.04999923706055,59.880001068115234,57.849998474121094,58.91999816894531,7846327.0
2018-12-11,59.20000076293945,59.779998779296875,57.75,59.63999938964844,5141174.0
2018-12-12,59.900001525878906,61.63999938964844,59.400001525878906,61.29999923706055,7649128.0
2018-12-13,61.18000030517578,63.13999938964844,60.970001220703125,62.43000030517578,7637320.0
2018-12-14,62.150001525878906,62.779998779296875,60.529998779296875,60.68000030517578,12452959.0
2018-12-17,60.41999816894531,61.65999984741211,59.84000015258789,60.790000915527344,7091207.0
2018-12-18,60.599998474121094,61.15999984741211,59.59000015258789,60.04999923706055,7489095.0
2018-12-19,60.13999938964844,60.400001525878906,58.880001068115234,59.150001525878906,4509952.0
2018-12-20,58.880001068115234,59.66999816894531,58.560001373291016,58.869998931884766,4608154.0
2018-12-21,59.0,59.29999923706055,57.099998474121094,58.220001220703125,6169321.0
2018-12-24,58.5,59.650001525878906,58.0,59.25,4459039.0
2018-12-25,59.0,60.400001525878906,58.599998474121094,59.29999923706055,6761660.0
2018-12-26,59.61000061035156,59.970001220703125,57.349998474121094,58.38999938964844,6554741.0
2018-12-27,59.0,59.70000076293945,58.66999816894531,58.88999938964844,6051570.0
2018-12-28,59.400001525878906,60.47999954223633,58.779998779296875,60.20000076293945,9284816.0
2019-01-02,60.529998779296875,60.880001068115234,58.900001525878906,59.79999923706055,6918554.0
2019-01-03,59.63999938964844,59.63999938964844,56.5,56.97999954223633,11204284.0
2019-01-04,56.04999923706055,58.209999084472656,55.72999954223633,57.099998474121094,10628291.0
2019-01-07,56.04999923706055,58.58000183105469,56.88999938964844,58.099998474121094,8527659.0
2019-01-08,57.81999969482422,59.900001525878906,57.7400016784668,59.599998474121094,6179486.0
2019-01-09,59.61000061035156,62.560001373291016,59.54999923706055,60.900001525878906,12735112.0
2019-01-10,60.86000061035156,61.400001525878906,59.79999923706055,60.099998474121094,6127145.0
2019-01-11,60.40999984741211,61.0,59.77000045776367,60.68000030517578,6314091.0
2019-01-14,60.150001525878906,60.63999938964844,58.459999084472656,58.599998474121094,5494164.0
2019-01-15,58.79999923706055,60.95000076293945,58.79999923706055,60.779998779296875,9366754.0
2019-01-16,60.9900016784668,61.47999954223633,60.0,61.130001068115234,6866135.0
2019-01-17,61.15999984741211,61.15999984741211,60.45000076293945,60.79999923706055,4318003.0
2019-01-18,58.599998474121094,59.95000076293945,57.0,59.43000030517578,22108460.0
2019-01-21,59.52000045776367,60.29999923706055,59.279998779296875,59.869998931884766,10890812.0
2019-01-22,59.97999954223633,59.97999954223633,58.38999938964844,58.900001525878906,6679861.0
2019-01-23,59.150001525878906,59.599998474121094,58.5,59.11000061035156,4017503.0
2019-01-24,53.310001373291016,56.119998931884766,53.310001373291016,56.0,29959512.0
2019-01-25,55.25,57.11000061035156,55.060001373291016,56.43000030517578,11474568.0
2019-01-28,56.5,56.970001220703125,54.66999816894531,55.0,15847133.0
2019-01-29,54.66999816894531,56.04999923706055,54.5,55.869998931884766,9153897.0
2019-01-30,55.79999923706055,55.79999923706055,54.0099983215332,54.400001525878906,16884343.0
2019-01-31,54.20000076293945,54.849998474121094,53.349998474121094,54.5,11352476.0
2019-02-01,54.79999923706055,54.900001525878906,53.5,54.5,14050037.0
2019-02-11,54.540000915527344,58.58000183105469,54.540000915527344,58.099998474121094,17199642.0
2019-02-12,57.79999923706055,58.79999923706055,57.29999923706055,58.18000030517578,9422177.0
2019-02-13,58.18000030517578,60.349998474121094,58.18000030517578,60.0,13280446.0
2019-02-14,60.18000030517578,62.47999954223633,59.58000183105469,61.83000183105469,12284213.0
2019-02-15,61.70000076293945,62.36000061035156,59.38999938964844,59.61000061035156,11697514.0
2019-02-18,60.36000061035156,61.470001220703125,60.29999923706055,61.27000045776367,11972979.0
2019-02-19,61.02000045776367,62.18000030517578,60.849998474121094,61.5,8757951.0
2019-02-20,61.5,63.5099983215332,61.5,62.45000076293945,9121431.0
2019-02-21,62.45000076293945,63.33000183105469,61.79999923706055,62.52000045776367,7667922.0
2019-02-22,62.599998474121094,63.0,61.209999084472656,62.93000030517578,7302646.0
2019-02-25,63.0,64.91999816894531,62.209999084472656,64.7699966430664,15092187.0
2019-02-26,64.76000213623047,66.04000091552734,62.0,62.349998474121094,15125441.0
2019-02-27,62.400001525878906,64.22000122070312,62.36000061035156,63.08000183105469,11681747.0
2019-02-28,63.0,64.58999633789062,62.599998474121094,63.79999923706055,7263842.0
2019-03-01,64.5999984741211,65.55000305175781,63.22999954223633,64.44999694824219,8863740.0
2019-03-04,64.9800033569336,65.94999694824219,63.29999923706055,63.72999954223633,14873612.0
2019-03-05,63.47999954223633,64.0,61.189998626708984,62.400001525878906,19371898.0
2019-03-06,62.380001068115234,62.400001525878906,60.77000045776367,61.66999816894531,17115215.0
2019-03-07,61.5,61.650001525878906,60.709999084472656,61.5,11511394.0
2019-03-08,60.52000045776367,61.0,58.65999984741211,59.54999923706055,23025622.0
2019-03-11,59.900001525878906,61.029998779296875,59.900001525878906,61.0,11719280.0
2019-03-12,62.0,62.0,59.93000030517578,60.13999938964844,16005273.0
2019-03-13,60.18000030517578,60.880001068115234,59.400001525878906,59.93000030517578,10541871.0
2019-03-14,60.0,60.849998474121094,59.93000030517578,60.13999938964844,7692311.0
2019-03-15,60.56999969482422,61.380001068115234,60.0,60.95000076293945,12581518.0
2019-03-18,60.95000076293945,63.0,60.5,62.900001525878906,17444614.0
2019-03-19,63.20000076293945,63.65999984741211,62.599998474121094,62.88999938964844,10845312.0
2019-03-20,62.959999084472656,64.19000244140625,62.689998626708984,63.70000076293945,12557768.0
2019-03-21,63.47999954223633,64.19999694824219,62.150001525878906,63.900001525878906,11170875.0
2019-03-22,63.689998626708984,65.68000030517578,63.34000015258789,64.25,11857866.0
2019-03-25,63.0,63.43000030517578,62.25,62.61000061035156,14200026.0
2019-03-26,62.93000030517578,64.0,62.900001525878906,63.650001525878906,9594146.0
2019-03-27,64.1500015258789,65.51000213623047,63.720001220703125,65.47000122070312,14916564.0
2019-03-28,65.55999755859375,69.73999786376953,65.0199966430664,67.79000091552734,23469097.0
2019-03-29,67.87999725341797,71.18000030517578,67.87999725341797,70.08000183105469,18331478.0
2019-04-01,71.0,73.5999984741211,69.86000061035156,69.9800033569336,16097115.0
2019-04-02,70.3499984741211,71.2699966430664,69.29000091552734,70.41999816894531,9524192.0
2019-04-03,70.4000015258789,72.19000244140625,69.8499984741211,71.62000274658203,8494441.0
2019-04-04,71.5999984741211,72.66999816894531,70.69000244140625,72.3499984741211,6634519.0
2019-04-08,71.98999786376953,74.33000183105469,70.87999725341797,72.11000061035156,11504617.0
2019-04-09,72.0,73.7300033569336,71.98999786376953,73.2300033569336,7351037.0
2019-04-10,73.37999725341797,73.4000015258789,71.11000061035156,72.4000015258789,8600421.0
2019-04-11,72.55999755859375,74.30999755859375,71.20999908447266,72.25,11294139.0
2019-04-12,72.18000030517578,73.55000305175781,70.70999908447266,71.37999725341797,9056772.0
2019-04-15,72.80000305175781,75.5,72.79000091552734,72.91000366210938,11880564.0
2019-04-16,72.54000091552734,74.66999816894531,72.54000091552734,74.66999816894531,11847707.0
2019-04-17,74.86000061035156,76.18000030517578,74.0199966430664,76.18000030517578,9750656.0
2019-04-18,75.69999694824219,78.4000015258789,75.6500015258789,78.2300033569336,7996896.0
2019-04-19,78.37000274658203,79.30000305175781,76.13999938964844,78.63999938964844,6165460.0
2019-04-22,78.0,80.1500015258789,77.22000122070312,78.0,6382178.0
2019-04-23,78.0,79.5,77.4000015258789,77.4000015258789,10577878.0
2019-04-24,77.93000030517578,79.1500015258789,77.41000366210938,78.83000183105469,8248143.0
2019-04-25,78.25,80.33999633789062,78.19999694824219,79.31999969482422,8051521.0
2019-04-26,78.80000305175781,79.73999786376953,75.6500015258789,77.30000305175781,11997205.0
2019-05-06,75.0,76.9000015258789,74.0,76.01000213623047,15240120.0
2019-05-07,76.01000213623047,77.69999694824219,74.87999725341797,76.4000015258789,17722699.0
2019-05-08,75.66000366210938,76.6500015258789,73.0,73.41000366210938,8097684.0
2019-05-09,72.66000366210938,74.72000122070312,71.41000366210938,73.6500015258789,12719536.0
2019-05-10,74.05000305175781,78.08000183105469,74.0,77.1500015258789,12588193.0
2019-05-13,76.4800033569336,78.77999877929688,76.1500015258789,77.0199966430664,6453329.0
2019-05-14,75.80000305175781,77.0,74.80000305175781,75.1500015258789,9865284.0
2019-05-15,76.0,78.12999725341797,74.9000015258789,77.80000305175781,7993079.0
2019-05-16,77.9800033569336,79.04000091552734,77.25,79.0,9134629.0
2019-05-17,79.19999694824219,79.3499984741211,76.9800033569336,77.19000244140625,8127470.0
2019-05-20,76.44999694824219,76.98999786376953,74.5,76.01000213623047,8242253.0
2019-05-21,76.33999633789062,78.0199966430664,76.0999984741211,76.31999969482422,7935897.0
2019-05-22,76.69000244140625,78.0,75.80000305175781,76.97000122070312,7595070.0
2019-05-23,76.5,76.86000061035156,74.6500015258789,75.33000183105469,7033945.0
2019-05-24,75.5999984741211,76.83000183105469,75.0,75.30000305175781,4762840.0
2019-05-27,75.1500015258789,76.2300033569336,73.37000274658203,75.79000091552734,7121189.0
2019-05-28,75.9000015258789,78.38999938964844,75.5999984741211,78.0,9673800.0
2019-05-29,77.0,77.45999908447266,76.1500015258789,76.69999694824219,6982346.0
2019-05-30,76.6500015258789,77.08999633789062,75.30000305175781,75.81999969482422,7094180.0
2019-05-31,76.19999694824219,78.0999984741211,75.5199966430664,77.38999938964844,7838258.0
2019-06-03,77.37999725341797,78.43000030517578,75.88999938964844,76.62000274658203,6773053.0
2019-06-04,76.51000213623047,77.0,75.0999984741211,75.69999694824219,5962995.0
2019-06-05,76.29000091552734,76.5,74.41000366210938,74.55000305175781,5938424.0
2019-06-06,75.06999969482422,75.48999786376953,73.44000244140625,73.93000030517578,7469753.0
2019-06-10,74.55999755859375,76.5,74.0199966430664,75.94000244140625,6119269.0
2019-06-11,76.31999969482422,78.9800033569336,76.31999969482422,78.69999694824219,10730225.0
2019-06-12,78.6500015258789,79.16000366210938,78.05000305175781,79.05000305175781,5999056.0
2019-06-13,79.1500015258789,79.19999694824219,77.7699966430664,78.5,4601788.0
2019-06-14,78.98999786376953,81.5999984741211,78.87999725341797,79.45999908447266,8392011.0
2019-06-17,79.91999816894531,82.05999755859375,79.5199966430664,81.30000305175781,7765397.0
2019-06-18,81.4000015258789,81.58000183105469,79.79000091552734,80.02999877929688,5538518.0
2019-06-19,81.4800033569336,82.9800033569336,80.87999725341797,82.66999816894531,8406712.0
2019-06-20,82.68000030517578,87.88999938964844,82.02999877929688,85.68000030517578,12566352.0
2019-06-21,85.5999984741211,87.19999694824219,84.30000305175781,85.04000091552734,9147510.0
2019-06-24,84.87000274658203,86.48999786376953,83.77999877929688,85.51000213623047,6930904.0
2019-06-25,85.62000274658203,85.98999786376953,83.5999984741211,84.5199966430664,7139584.0
2019-06-26,84.37000274658203,85.4000015258789,84.06999969482422,85.0,5341223.0
2019-06-27,85.41000366210938,87.2300033569336,84.5999984741211,86.58000183105469,8534183.0
2019-06-28,86.58000183105469,88.69000244140625,85.80999755859375,88.6500015258789,6196363.0
2019-07-01,89.5999984741211,91.27999877929688,89.41000366210938,90.19999694824219,9037056.0
2019-07-02,90.19999694824219,91.5999984741211,88.58000183105469,91.18000030517578,9113747.0
2019-07-03,91.0,91.69000244140625,87.5,88.18000030517578,9482575.0
2019-07-04,86.30000305175781,86.33000183105469,81.6500015258789,83.30000305175781,28774383.0
2019-07-05,83.5,87.33000183105469,83.26000213623047,86.5,15145428.0
2019-07-08,86.88999938964844,86.9000015258789,83.9800033569336,85.0,9327576.0
2019-07-09,85.62000274658203,85.79000091552734,84.56999969482422,85.0199966430664,4992551.0
2019-07-10,85.87999725341797,88.7699966430664,85.0999984741211,87.94000244140625,10008802.0
2019-07-11,88.58999633789062,89.5999984741211,85.33000183105469,86.12000274658203,11008846.0
2019-07-12,86.0,88.86000061035156,86.0,87.70999908447266,7633825.0
2019-07-15,88.4000015258789,88.41000366210938,86.5999984741211,87.81999969482422,5877709.0
2019-07-16,88.12000274658203,88.12000274658203,86.05000305175781,86.19999694824219,6410423.0
2019-07-17,85.80000305175781,85.80000305175781,82.5,84.70999908447266,12694211.0
2019-07-18,85.01000213623047,85.69999694824219,84.75,85.19999694824219,6163777.0
2019-07-19,85.80000305175781,87.3499984741211,85.33999633789062,85.87999725341797,5966276.0
2019-07-22,85.19000244140625,88.4000015258789,85.01000213623047,88.0199966430664,7156852.0
2019-07-23,87.97000122070312,88.0,85.5999984741211,86.12999725341797,7507842.0
2019-07-24,86.29000091552734,86.55000305175781,85.62000274658203,85.97000122070312,4631924.0
2019-07-25,86.29000091552734,88.12000274658203,85.66999816894531,88.0999984741211,7586960.0
2019-07-26,87.8499984741211,90.48999786376953,87.63999938964844,89.5999984741211,8419780.0
2019-07-29,89.9800033569336,90.5,89.4000015258789,90.5,4852679.0
2019-07-30,90.68000030517578,90.80000305175781,88.80000305175781,89.94000244140625,6013815.0
2019-07-31,89.26000213623047,90.55999755859375,88.02999877929688,90.5,6276069.0
2019-08-01,90.0,91.93000030517578,88.18000030517578,89.5,8690726.0
2019-08-02,88.9000015258789,91.0999984741211,87.75,90.47000122070312,7029276.0
2019-08-05,89.33000183105469,89.87999725341797,85.7300033569336,85.80000305175781,12151267.0
2019-08-06,82.30000305175781,85.9000015258789,82.2699966430664,85.8499984741211,14950964.0
2019-08-07,86.16999816894531,87.58999633789062,85.19999694824219,86.19999694824219,7458770.0
2019-08-08,86.5,87.80000305175781,86.4000015258789,87.5199966430664,5356716.0
2019-08-09,88.30000305175781,88.48999786376953,87.1500015258789,87.4000015258789,4506398.0
2019-08-12,87.5999984741211,88.13999938964844,86.87999725341797,87.5999984741211,4498658.0
2019-08-13,86.9000015258789,87.19000244140625,84.4800033569336,86.80000305175781,8181558.0
2019-08-14,87.41000366210938,88.80000305175781,87.41000366210938,88.6500015258789,7343634.0
2019-08-15,87.0,88.27999877929688,86.5,87.43000030517578,5140620.0
2019-08-16,87.55000305175781,91.76000213623047,86.86000061035156,90.72000122070312,10333841.0
2019-08-19,91.19999694824219,92.44999694824219,89.5999984741211,90.9000015258789,7444993.0
2019-08-20,90.80000305175781,91.37000274658203,90.02999877929688,91.19999694824219,4482275.0
2019-08-21,91.30000305175781,91.3499984741211,90.19000244140625,90.80000305175781,3242627.0
2019-08-22,91.5199966430664,94.80000305175781,91.19999694824219,94.3499984741211,9672725.0
2019-08-23,94.75,96.87999725341797,94.01000213623047,95.27999877929688,6512897.0
2019-08-26,94.5,96.5,93.75,94.83999633789062,7611889.0
2019-08-27,95.37000274658203,96.63999938964844,94.83999633789062,95.56999969482422,7594415.0
2019-08-28,95.0199966430664,95.69999694824219,93.37999725341797,94.88999938964844,6222079.0
2019-08-29,95.0,95.30000305175781,93.52999877929688,94.9000015258789,5140858.0
2019-08-30,95.0,96.3499984741211,94.43000030517578,95.4800033569336,8751967.0
2019-09-02,96.02999877929688,96.18000030517578,92.1500015258789,94.38999938964844,10878446.0
2019-09-03,94.18000030517578,95.44999694824219,93.75,94.58000183105469,6507787.0
2019-09-04,94.0,94.0,91.30999755859375,92.23999786376953,11864239.0
2019-09-05,93.25,95.0,92.86000061035156,93.05000305175781,10957130.0
2019-09-06,94.0,95.30000305175781,92.41999816894531,94.18000030517578,8479111.0
2019-09-09,94.86000061035156,95.44999694824219,93.52999877929688,93.80000305175781,6948887.0
2019-09-10,93.69000244140625,94.29000091552734,92.37000274658203,92.98999786376953,6430649.0
2019-09-11,93.08999633789062,93.30000305175781,90.4000015258789,91.11000061035156,10940851.0
2019-09-12,91.0999984741211,92.6500015258789,90.0,92.38999938964844,6765101.0
2019-09-16,93.0,93.08999633789062,91.80000305175781,92.75,5263857.0
2019-09-17,92.80000305175781,93.47000122070312,91.69999694824219,92.04000091552734,5619990.0
2019-09-18,92.30000305175781,95.05999755859375,92.08000183105469,93.80000305175781,8378126.0
2019-09-19,94.69000244140625,95.9000015258789,94.0,95.61000061035156,8949698.0
2019-09-20,95.86000061035156,95.95999908447266,93.37000274658203,93.37000274658203,15988823.0
2019-09-23,93.6500015258789,93.6500015258789,92.0,92.79000091552734,6466568.0
2019-09-24,93.19999694824219,94.1500015258789,92.19999694824219,93.80000305175781,5746471.0
2019-09-25,93.77999877929688,95.3499984741211,93.22000122070312,94.19000244140625,6583848.0
2019-09-26,94.81999969482422,95.4000015258789,93.37999725341797,93.52999877929688,5368567.0
2019-09-27,93.9000015258789,94.3499984741211,92.0,93.01000213623047,5527726.0
2019-09-30,92.58000183105469,94.58000183105469,92.58000183105469,93.05999755859375,5693641.0
2019-10-08,93.79000091552734,98.2699966430664,93.66999816894531,97.0999984741211,18886420.0
2019-10-09,96.79000091552734,96.80000305175781,92.55999755859375,93.25,15904853.0
2019-10-10,93.93000030517578,95.48999786376953,91.91000366210938,95.27999877929688,8392574.0
2019-10-11,95.80000305175781,95.87999725341797,94.80000305175781,94.80999755859375,4675319.0
2019-10-14,95.5999984741211,95.8499984741211,94.08999633789062,94.62999725341797,5031276.0
2019-10-15,94.62999725341797,95.5,94.08000183105469,95.30999755859375,3797162.0
2019-10-16,95.5,96.9000015258789,95.30999755859375,95.69999694824219,4416712.0
2019-10-17,95.69999694824219,97.5,95.55000305175781,96.25,3612458.0
2019-10-18,96.69999694824219,96.88999938964844,94.98999786376953,95.25,3665504.0
2019-10-21,95.08000183105469,96.05000305175781,94.0999984741211,94.75,3163095.0
2019-10-22,95.66000366210938,95.66000366210938,93.0,94.31999969482422,5696754.0
2019-10-23,93.5,94.30999755859375,92.0,92.06999969482422,6174107.0
2019-10-24,92.06999969482422,92.19999694824219,87.11000061035156,88.6500015258789,17714052.0
2019-10-25,88.62999725341797,90.62999725341797,88.0999984741211,90.38999938964844,8454271.0
2019-10-28,90.38999938964844,92.13999938964844,90.19999694824219,91.56999969482422,6572520.0
2019-10-29,92.11000061035156,92.79000091552734,90.5,91.93000030517578,8769970.0
2019-10-30,89.18000030517578,91.36000061035156,89.18000030517578,90.1500015258789,10141181.0
2019-10-31,90.30000305175781,90.69999694824219,88.69999694824219,90.3499984741211,7845534.0
2019-11-01,90.44999694824219,91.44999694824219,89.55000305175781,90.80999755859375,5330422.0
2019-11-04,91.80000305175781,93.33000183105469,90.69999694824219,92.91999816894531,8168173.0
2019-11-05,92.81999969482422,93.9000015258789,91.77999877929688,92.81999969482422,6397783.0
2019-11-06,92.68000030517578,92.93000030517578,91.94000244140625,92.38999938964844,4875423.0
2019-11-07,92.02999877929688,92.30000305175781,90.0,90.6500015258789,7537132.0
2019-11-08,91.5,91.87999725341797,90.5,90.5,4118468.0
2019-11-11,90.05000305175781,90.1500015258789,87.0,87.69999694824219,12376956.0
2019-11-12,88.37999725341797,88.69000244140625,86.27999877929688,86.91999816894531,7223013.0
2019-11-13,87.0,87.18000030517578,84.9800033569336,85.30000305175781,17285076.0
2019-11-14,85.56999969482422,85.94000244140625,84.37999725341797,84.72000122070312,12436690.0
2019-11-15,85.3499984741211,85.47000122070312,84.41000366210938,84.5,7943433.0
2019-11-18,84.80000305175781,87.0999984741211,84.5199966430664,86.6500015258789,13554494.0
2019-11-19,86.29000091552734,87.25,85.80000305175781,86.94999694824219,9328373.0
2019-11-20,86.94999694824219,87.19999694824219,86.0,86.41000366210938,5802238.0
2019-11-21,85.8499984741211,86.33000183105469,84.95999908447266,86.27999877929688,5472531.0
2019-11-22,86.26000213623047,87.08000183105469,83.80999755859375,84.69999694824219,8321577.0
2019-11-25,84.68000030517578,84.68000030517578,82.18000030517578,83.02999877929688,11990310.0
2019-11-26,83.55999755859375,86.33000183105469,83.55999755859375,84.37999725341797,14565790.0
2019-11-27,85.36000061035156,86.9000015258789,83.19999694824219,84.06999969482422,8522623.0
2019-11-28,83.83999633789062,84.19000244140625,82.9000015258789,83.0999984741211,5099245.0
2019-11-29,83.05000305175781,83.94999694824219,82.08000183105469,83.80000305175781,6961683.0
2019-12-02,83.80000305175781,84.12000274658203,82.98999786376953,83.4800033569336,6045789.0
2019-12-03,83.5,84.18000030517578,82.19999694824219,83.87999725341797,7191277.0
2019-12-04,83.58000183105469,85.11000061035156,82.81999969482422,84.81999969482422,7999263.0
2019-12-05,85.2699966430664,86.6500015258789,85.0,86.27999877929688,6815437.0
2019-12-06,86.87999725341797,87.70999908447266,86.08000183105469,87.19999694824219,5713546.0
2019-12-09,87.56999969482422,87.95999908447266,85.0999984741211,85.30000305175781,6181680.0
2019-12-10,85.51000213623047,88.66000366210938,85.37000274658203,88.47000122070312,12020989.0
2019-12-11,88.77999877929688,89.0999984741211,87.37999725341797,88.5999984741211,5830118.0
2019-12-12,88.87999725341797,88.98999786376953,88.0999984741211,88.80000305175781,4128652.0
2019-12-13,90.0,91.30000305175781,89.36000061035156,90.12000274658203,9748324.0
2019-12-16,90.51000213623047,91.12000274658203,85.0,86.12000274658203,30185374.0
2019-12-17,85.58000183105469,86.33999633789062,84.75,85.61000061035156,16869245.0
2019-12-18,85.58999633789062,85.80000305175781,85.0,85.11000061035156,7207668.0
2019-12-19,85.19999694824219,86.0,85.08000183105469,85.47000122070312,7144451.0
2019-12-20,85.98999786376953,88.44999694824219,85.38999938964844,87.69000244140625,11980844.0
2019-12-23,88.0,89.54000091552734,86.68000030517578,86.83000183105469,9360193.0
2019-12-24,86.83999633789062,87.93000030517578,85.29000091552734,87.20999908447266,4340970.0
2019-12-25,87.0999984741211,87.55000305175781,86.19999694824219,87.12000274658203,3807458.0
2019-12-26,87.4000015258789,88.55000305175781,87.31999969482422,88.16000366210938,4844329.0
2019-12-27,88.56999969482422,89.7699966430664,88.0,88.12000274658203,6013113.0
2019-12-30,88.0,89.11000061035156,87.5999984741211,89.0,7905490.0
2019-12-31,88.5,89.08999633789062,87.83000183105469,88.94999694824219,5799795.0
2020-01-02,89.01000213623047,90.68000030517578,89.0,90.05000305175781,7349100.0
2020-01-03,91.0,91.22000122070312,89.98999786376953,90.9800033569336,7027068.0
2020-01-06,90.22000122070312,91.91000366210938,89.5,90.0,6857535.0
2020-01-07,90.73999786376953,91.87999725341797,90.72000122070312,90.91000366210938,5520850.0
2020-01-08,91.30000305175781,91.30000305175781,91.30000305175781,91.30000305175781,7012107.0
2020-01-09,91.98999786376953,94.72000122070312,91.87999725341797,94.0,8816756.0
2020-01-10,95.18000030517578,95.18000030517578,94.05000305175781,94.33999633789062,5615992.0
2020-01-13,91.0,91.0,91.0,91.0,20527994.0
2020-01-14,88.83999633789062,88.83999633789062,88.83999633789062,88.83999633789062,14429420.0
2020-01-15,88.83999633789062,89.58999633789062,88.41000366210938,89.36000061035156,6413698.0
2020-01-16,89.80999755859375,90.83000183105469,88.91999816894531,90.38999938964844,6995922.0
2020-01-17,90.83999633789062,91.30000305175781,89.30999755859375,89.8499984741211,6749953.0
2020-01-20,90.1500015258789,90.30000305175781,85.1500015258789,86.9000015258789,20940870.0
2020-01-21,85.68000030517578,85.68000030517578,83.0,83.75,23207206.0
2020-01-22,83.0,85.36000061035156,82.61000061035156,84.58000183105469,12334011.0
2020-01-23,83.0,83.52999877929688,80.4000015258789,82.0,24809160.0
2020-02-03,73.80000305175781,73.80000305175781,73.80000305175781,73.80000305175781,20200100.0
2020-02-04,73.80000305175781,76.80000305175781,73.5,75.08000183105469,30846961.0
2020-02-05,77.69999694824219,78.47000122070312,76.13999938964844,77.77999877929688,25933551.0
2020-02-06,78.9000015258789,80.80000305175781,78.22000122070312,80.80000305175781,20230570.0
2020-02-07,80.2699966430664,80.5999984741211,78.27999877929688,80.19999694824219,17347672.0
2020-02-10,79.5,80.27999877929688,78.51000213623047,79.0,13469702.0
2020-02-11,79.5199966430664,80.4000015258789,78.97000122070312,80.05000305175781,13707566.0
2020-02-12,80.0,80.72000122070312,79.5,80.4000015258789,9128680.0
2020-02-13,80.4800033569336,80.4800033569336,78.69999694824219,79.16000366210938,12748841.0
2020-02-14,78.62000274658203,81.43000030517578,78.62000274658203,80.94000244140625,13165946.0
2020-02-17,80.94000244140625,81.80999755859375,80.7699966430664,81.25,14315389.0
2020-02-18,81.30000305175781,81.5999984741211,79.5999984741211,80.19999694824219,13184002.0
2020-02-19,79.75,83.41999816894531,79.41000366210938,83.30999755859375,18278421.0
2020-02-20,84.83999633789062,86.83000183105469,84.5999984741211,85.80000305175781,22674222.0
2020-02-21,85.72000122070312,86.19999694824219,84.48999786376953,85.06999969482422,11552129.0
2020-02-24,83.5999984741211,85.06999969482422,82.7300033569336,82.97000122070312,17000108.0
2020-02-25,81.95999908447266,81.9800033569336,80.7699966430664,81.83999633789062,12763540.0
2020-02-26,80.87999725341797,81.27999877929688,79.83000183105469,80.19999694824219,14742432.0
2020-02-27,80.58000183105469,82.01000213623047,80.0,80.44999694824219,16617075.0
2020-02-28,76.43000030517578,80.0,76.43000030517578,78.5,17442171.0
2020-03-02,78.05000305175781,79.2699966430664,76.87999725341797,78.38999938964844,14189668.0
2020-03-03,79.5,79.9800033569336,78.38999938964844,79.16999816894531,14290492.0
2020-03-04,79.16999816894531,79.80000305175781,77.66999816894531,79.05999755859375,11327460.0
2020-03-05,79.9000015258789,84.83000183105469,79.9000015258789,84.11000061035156,25830099.0
2020-03-06,83.0999984741211,84.5999984741211,82.69999694824219,83.2699966430664,12206534.0
2020-03-09,81.5999984741211,81.5999984741211,78.33999633789062,79.12999725341797,18881920.0
2020-03-10,79.0,82.87999725341797,78.62000274658203,81.4800033569336,11543459.0
2020-03-11,81.12000274658203,84.80000305175781,80.12000274658203,82.66000366210938,18367495.0
2020-03-12,80.9800033569336,81.58000183105469,78.87999725341797,79.08000183105469,14049871.0
2020-03-13,75.0,84.5,75.0,83.58999633789062,28794093.0
2020-03-16,82.5,82.58999633789062,77.80000305175781,77.80000305175781,20365545.0
2020-03-17,77.75,79.9000015258789,74.80000305175781,77.22000122070312,11981262.0
2020-03-18,77.69999694824219,78.29000091552734,74.12000274658203,75.37999725341797,12631684.0
2020-03-19,73.86000061035156,75.98999786376953,70.05999755859375,71.91999816894531,15713522.0
2020-03-20,73.27999877929688,76.5,72.80000305175781,75.5999984741211,16159931.0
2020-03-23,73.1500015258789,74.5999984741211,71.5,72.1500015258789,12042046.0
2020-03-24,73.5,75.8499984741211,72.12999725341797,73.2699966430664,13174659.0
2020-03-25,75.80000305175781,76.27999877929688,72.19999694824219,74.80000305175781,26063694.0
2020-03-26,73.12000274658203,74.13999938964844,72.37999725341797,72.9000015258789,13537841.0
2020-03-27,73.62000274658203,73.69999694824219,72.05000305175781,72.41999816894531,10027334.0
2020-03-30,71.0,71.2699966430664,66.5,67.94999694824219,24011953.0
2020-03-31,68.56999969482422,68.56999969482422,67.16999816894531,67.19999694824219,11143646.0
2020-04-01,67.25,70.23999786376953,67.0199966430664,68.52999877929688,13530752.0
2020-04-02,68.5,72.0,68.11000061035156,71.83000183105469,12468240.0
2020-04-03,71.94999694824219,74.41000366210938,71.83000183105469,72.62999725341797,12197973.0
2020-04-07,75.30000305175781,75.9800033569336,74.62000274658203,75.55000305175781,18350062.0
2020-04-08,74.6500015258789,77.44000244140625,74.63999938964844,75.62000274658203,11507600.0
2020-04-09,76.06999969482422,77.68000030517578,75.3499984741211,77.5,7596178.0
2020-04-10,77.19999694824219,79.83999633789062,76.56999969482422,77.31999969482422,7618216.0
2020-04-13,76.5,78.94999694824219,76.41000366210938,78.43000030517578,7541331.0
2020-04-14,79.0,79.54000091552734,77.72000122070312,79.38999938964844,13162033.0
2020-04-15,79.3499984741211,79.3499984741211,75.5999984741211,76.5999984741211,12115489.0
2020-04-16,75.8499984741211,77.30000305175781,75.55999755859375,77.0,7120635.0
2020-04-17,79.0,82.56999969482422,79.0,81.30000305175781,19345651.0
2020-04-20,82.18000030517578,83.69000244140625,80.37000274658203,82.80000305175781,14213588.0
2020-04-21,82.98999786376953,83.27999877929688,80.8499984741211,82.22000122070312,9410607.0
2020-04-22,83.27999877929688,86.3499984741211,82.55000305175781,85.91999816894531,21173422.0
2020-04-23,88.5,88.5,85.80000305175781,86.55999755859375,15735588.0
2020-04-24,86.38999938964844,88.75,86.38999938964844,87.69000244140625,9817038.0
2020-04-27,87.86000061035156,88.05000305175781,85.54000091552734,86.4000015258789,9116149.0
2020-04-28,85.91000366210938,90.5999984741211,85.58000183105469,89.62000274658203,14449076.0
2020-04-29,89.33999633789062,91.80000305175781,89.33999633789062,90.30000305175781,10154268.0
2020-04-30,90.5999984741211,93.79000091552734,89.0,91.30000305175781,9858547.0
2020-05-06,89.5,91.44000244140625,89.30000305175781,90.25,15924814.0
2020-05-07,90.44000244140625,91.44000244140625,89.11000061035156,91.19999694824219,7374345.0
2020-05-08,93.0,93.5999984741211,91.22000122070312,92.68000030517578,7859952.0
2020-05-11,92.87999725341797,93.48999786376953,88.66000366210938,88.9000015258789,14375650.0
2020-05-12,89.83999633789062,91.80000305175781,89.69000244140625,90.44000244140625,12935256.0
2020-05-13,90.5,91.18000030517578,89.5,89.98999786376953,6816418.0
2020-05-14,89.12000274658203,89.80000305175781,88.5,88.8499984741211,6214624.0
2020-05-15,89.29000091552734,89.73999786376953,87.36000061035156,87.56999969482422,9057261.0
2020-05-18,87.88999938964844,88.69999694824219,87.4800033569336,87.5,7391889.0
2020-05-19,88.69999694824219,91.41000366210938,88.19999694824219,89.4000015258789,12808911.0
2020-05-20,89.37999725341797,90.6500015258789,87.36000061035156,87.66000366210938,8794297.0
2020-05-21,88.5,88.81999969482422,87.05000305175781,87.77999877929688,8092557.0
2020-05-22,88.01000213623047,88.9000015258789,85.54000091552734,86.16999816894531,12527835.0
2020-05-25,86.77999877929688,89.94000244140625,85.9000015258789,88.79000091552734,11038086.0
2020-05-26,89.87999725341797,96.87000274658203,89.81999969482422,96.0199966430664,18313232.0
2020-05-27,95.27999877929688,96.63999938964844,93.69000244140625,96.5999984741211,12582080.0
2020-05-28,97.19999694824219,97.48999786376953,94.08999633789062,95.0,12114901.0
2020-05-29,94.55999755859375,101.22000122070312,93.75,101.2300033569336,17567528.0
2020-06-01,101.5,104.54000091552734,99.22000122070312,102.18000030517578,15912591.0
2020-06-02,103.9000015258789,105.37000274658203,99.44000244140625,99.87000274658203,26091405.0
2020-06-03,102.0,102.66000366210938,98.08000183105469,102.18000030517578,13016335.0
2020-06-04,101.0,101.75,99.9000015258789,99.91999816894531,7900830.0
2020-06-05,99.86000061035156,108.08000183105469,99.86000061035156,106.41000366210938,17432735.0
2020-06-08,105.0999984741211,108.19999694824219,104.25,106.18000030517578,9211903.0
2020-06-09,106.0,112.0,105.0,110.0,9991381.0
2020-06-10,106.0,108.0,102.68000030517578,106.33999633789062,23811075.0
2020-06-11,105.0,111.05999755859375,103.98999786376953,108.94999694824219,15689726.0
2020-06-12,107.80000305175781,119.8499984741211,107.45999908447266,119.8499984741211,20009963.0
2020-06-15,120.01000213623047,128.5,118.75,120.0,24121046.0
2020-06-16,121.9000015258789,126.56999969482422,118.9000015258789,126.5,12796915.0
2020-06-17,125.48999786376953,126.0999984741211,122.80000305175781,124.87999725341797,9875818.0
2020-06-18,124.0,129.47999572753906,122.5999984741211,129.0800018310547,11160344.0
2020-06-19,127.44000244140625,131.39999389648438,125.5,130.80999755859375,12841412.0
2020-06-22,130.02000427246094,130.30999755859375,124.5999984741211,126.25,12940588.0
2020-06-23,126.19999694824219,129.5,123.72000122070312,126.5,11705371.0
2020-06-24,127.55000305175781,129.77000427246094,125.5,127.30000305175781,10808903.0
2020-06-29,126.93000030517578,140.02999877929688,125.20999908447266,140.02999877929688,16883854.0
2020-06-30,146.5,154.02999877929688,145.10000610351562,154.02999877929688,29230329.0
2020-07-01,158.14999389648438,168.17999267578125,154.89999389648438,167.27999877929688,29070088.0
2020-07-02,166.0,173.19000244140625,162.0,166.13999938964844,23932560.0
2020-07-03,166.0,182.75,165.5,182.75,23398363.0
2020-07-06,188.22999572753906,201.02999877929688,182.0,201.02999877929688,18299997.0
2020-07-07,214.0,218.8800048828125,187.02000427246094,192.39999389648438,46052331.0
2020-07-08,185.0,199.39999389648438,182.0800018310547,195.86000061035156,41410775.0
2020-07-09,191.0,196.86000061035156,187.0,193.7899932861328,27154600.0
2020-07-10,191.39999389648438,212.94000244140625,187.52000427246094,203.49000549316406,31684765.0
2020-07-13,206.0,208.0,187.0,194.6699981689453,32054175.0
2020-07-14,188.83999633789062,196.97000122070312,188.80999755859375,190.0,22931936.0
2020-07-15,190.10000610351562,195.67999267578125,186.50999450683594,190.52999877929688,26508470.0
2020-07-16,190.00999450683594,191.8000030517578,171.0,171.0,31373197.0
2020-07-17,180.0,188.10000610351562,180.0,188.10000610351562,29000203.0
2020-07-20,191.99000549316406,204.38999938964844,189.41000366210938,196.0,28139723.0
2020-07-21,194.0,200.3000030517578,190.0,196.75,17412946.0
2020-07-22,199.97000122070312,216.42999267578125,196.00999450683594,206.61000061035156,32808322.0
2020-07-23,204.0,227.27000427246094,201.16000366210938,227.27000427246094,34129351.0
2020-07-24,226.0,228.5,204.5399932861328,204.5399932861328,41367020.0
2020-07-27,200.0,209.99000549316406,195.9499969482422,199.69000244140625,24623619.0
2020-07-28,202.0,212.8800048828125,195.0,206.6999969482422,22909725.0
2020-07-29,203.1999969482422,218.67999267578125,203.1999969482422,214.0,19026136.0
2020-07-30,214.94000244140625,232.75,212.0,223.3000030517578,22796230.0
2020-07-31,224.0,244.36000061035156,224.0,243.0,23598343.0
2020-08-03,246.99000549316406,249.0,226.0,238.5,26255221.0
2020-08-04,234.0,234.0,220.1199951171875,223.5500030517578,25065997.0
2020-08-05,220.0,228.0,218.1999969482422,223.85000610351562,13835000.0
2020-08-06,224.0,224.85000610351562,214.11000061035156,218.25999450683594,18325124.0
2020-08-07,220.0,228.85000610351562,215.0,220.8800048828125,17832930.0
2020-08-10,214.10000610351562,219.58999633789062,209.6999969482422,213.6999969482422,16161924.0
2020-08-11,211.9499969482422,223.44000244140625,211.9499969482422,214.27999877929688,13965347.0
2020-08-12,214.5,217.97000122070312,203.60000610351562,206.64999389648438,20370127.0
2020-08-13,207.0,210.60000610351562,200.00999450683594,204.49000549316406,13972472.0
2020-08-14,202.0,208.9600067138672,201.13999938964844,207.25,11350482.0
2020-08-17,207.6999969482422,211.89999389648438,204.05999755859375,207.1999969482422,12495839.0
2020-08-18,208.82000732421875,215.5,207.1999969482422,210.9499969482422,13438149.0
2020-08-19,211.0,211.0,198.5,200.0,16180419.0
2020-08-20,191.0,204.9600067138672,191.0,194.0,21170331.0
2020-08-21,196.0,206.60000610351562,194.66000366210938,199.3800048828125,15284854.0
2020-08-24,202.82000732421875,205.5800018310547,196.8000030517578,203.52000427246094,12036140.0
2020-08-25,207.7899932861328,216.8000030517578,203.58999633789062,210.30999755859375,17389785.0
2020-08-26,208.3800048828125,212.8000030517578,202.1999969482422,203.52999877929688,10237288.0
2020-08-27,201.5,206.6199951171875,200.02000427246094,203.99000549316406,7292497.0
2020-08-28,205.10000610351562,223.0,204.00999450683594,220.3000030517578,19295429.0
2020-08-31,221.0,221.0,208.0,208.0,21047606.0
2020-09-01,207.0,218.8300018310547,206.10000610351562,216.8000030517578,14395127.0
2020-09-02,221.74000549316406,226.97000122070312,218.8800048828125,223.0,15042961.0
2020-09-03,222.0,229.60000610351562,222.0,224.3000030517578,11493062.0
2020-09-04,219.0,221.10000610351562,210.0,219.8000030517578,12271377.0
2020-09-07,217.0,221.5,207.02000427246094,209.27999877929688,15760300.0
2020-09-08,212.5500030517578,212.75,201.0,204.1999969482422,12158133.0
2020-09-09,200.3000030517578,203.10000610351562,195.8000030517578,197.17999267578125,11743345.0
2020-09-10,200.99000549316406,208.0,200.4499969482422,205.60000610351562,13866147.0
2020-09-11,204.0,208.8000030517578,203.0,207.2100067138672,9298956.0
2020-09-14,208.0,217.5,207.5399932861328,214.3000030517578,12029955.0
2020-09-15,214.30999755859375,224.77999877929688,212.1300048828125,222.5800018310547,11634649.0
2020-09-16,223.22000122070312,224.36000061035156,214.50999450683594,217.25999450683594,9961956.0
2020-09-17,219.8000030517578,219.8000030517578,208.5800018310547,212.1300048828125,9440749.0
2020-09-18,212.0,216.0,209.89999389648438,216.0,10119671.0
2020-09-21,217.0,219.89999389648438,208.0,209.00999450683594,11804392.0
2020-09-22,210.0,211.17999267578125,203.5800018310547,206.7100067138672,9738532.0
2020-09-23,207.0500030517578,219.3300018310547,205.27999877929688,217.5,11584058.0
2020-09-24,218.2100067138672,218.97999572753906,210.66000366210938,213.10000610351562,8287592.0
2020-09-25,215.99000549316406,222.8000030517578,215.22999572753906,219.1999969482422,11013597.0
2020-09-28,221.0,230.5399932861328,218.47999572753906,224.89999389648438,15785956.0
2020-09-29,224.0,226.94000244140625,220.0,224.3000030517578,9385551.0
2020-09-30,227.0,228.89999389648438,221.3300018310547,222.94000244140625,8813447.0
2020-10-09,223.0,223.0,200.64999389648438,204.10000610351562,32584769.0
2020-10-12,204.17999267578125,212.89999389648438,201.0,212.0,17785047.0
2020-10-13,219.0,219.5,208.8000030517578,214.10000610351562,14002887.0
2020-10-14,211.9199981689453,214.0,206.5,209.1999969482422,13789731.0
2020-10-15,207.0,209.47999572753906,202.0,202.8300018310547,14087353.0
2020-10-16,203.11000061035156,205.44000244140625,201.63999938964844,203.42999267578125,6930594.0
2020-10-19,201.00999450683594,205.00999450683594,198.8000030517578,200.10000610351562,9952792.0
2020-10-20,200.10000610351562,203.0500030517578,198.5,200.02000427246094,7113670.0
2020-10-21,205.0,205.0,194.02000427246094,195.60000610351562,13266731.0
2020-10-22,194.0,196.77999877929688,187.10000610351562,195.99000549316406,12610837.0
2020-10-23,196.8800048828125,199.22999572753906,193.0,193.05999755859375,6745782.0
2020-10-26,192.64999389648438,192.64999389648438,181.8800048828125,185.67999267578125,10755371.0
2020-10-27,182.61000061035156,186.3699951171875,179.60000610351562,184.80999755859375,11814912.0
2020-10-28,189.94000244140625,201.0,188.11000061035156,198.41000366210938,18051726.0
2020-10-29,196.0,203.5,194.60000610351562,200.42999267578125,12628802.0
2020-10-30,203.02999877929688,205.0,198.61000061035156,199.39999389648438,10312899.0
2020-11-02,199.02999877929688,204.17999267578125,192.22000122070312,194.39999389648438,14961467.0
2020-11-03,196.33999633789062,199.77000427246094,193.02999877929688,197.75999450683594,10750544.0
2020-11-04,197.4199981689453,203.8000030517578,197.4199981689453,202.42999267578125,10441175.0
2020-11-05,205.0,206.8300018310547,198.50999450683594,200.10000610351562,12542210.0
2020-11-06,200.0,201.5,192.8300018310547,196.32000732421875,11942986.0
2020-11-09,197.1999969482422,199.60000610351562,193.63999938964844,199.5,10698714.0
2020-11-10,189.52999877929688,193.52000427246094,183.5,185.27000427246094,30663379.0
2020-11-11,187.1199951171875,189.7899932861328,183.75,184.60000610351562,13342860.0
2020-11-12,185.5,196.8000030517578,183.5399932861328,196.14999389648438,21534849.0
2020-11-13,195.1999969482422,195.1999969482422,186.8800048828125,192.5,12621626.0
2020-11-16,189.0,189.89999389648438,184.10000610351562,186.4499969482422,16487477.0
2020-11-17,186.4600067138672,186.9600067138672,179.7899932861328,181.0,13321850.0
2020-11-18,181.61000061035156,184.10000610351562,172.77000427246094,175.25,18068153.0
2020-11-19,175.72000122070312,184.5800018310547,174.0,183.30999755859375,15912226.0
2020-11-20,185.30999755859375,187.77999877929688,182.25999450683594,185.0,8963883.0
2020-11-23,184.97999572753906,190.17999267578125,181.5,187.88999938964844,12408274.0
2020-11-24,188.94000244140625,196.47999572753906,185.38999938964844,193.38999938964844,13613436.0
2020-11-25,194.92999267578125,195.41000366210938,189.0,189.0,7947801.0
2020-11-26,188.50999450683594,197.8000030517578,188.50999450683594,191.25,9508333.0
2020-11-27,190.3300018310547,193.8800048828125,188.1999969482422,193.1999969482422,6068129.0
2020-11-30,190.50999450683594,197.25999450683594,190.50999450683594,193.1999969482422,9938451.0
2020-12-01,194.0,198.3800048828125,193.1999969482422,196.0,8706746.0
2020-12-02,197.4199981689453,199.5,194.02999877929688,195.52000427246094,6043092.0
2020-12-03,194.0800018310547,197.27999877929688,194.00999450683594,194.92999267578125,5755564.0
2020-12-04,193.7899932861328,197.60000610351562,192.3000030517578,196.42999267578125,7311364.0
2020-12-07,197.0,208.97999572753906,195.5,207.75,17817611.0
2020-12-08,209.6300048828125,210.3000030517578,204.10000610351562,208.02999877929688,8492411.0
2020-12-09,207.8300018310547,209.35000610351562,202.22000122070312,202.3300018310547,7343258.0
2020-12-10,204.24000549316406,209.30999755859375,201.1199951171875,207.8000030517578,9114946.0
2020-12-11,210.8800048828125,210.8800048828125,202.6699981689453,206.0,9533017.0
2020-12-14,205.80999755859375,216.0,203.00999450683594,213.60000610351562,15376628.0
2020-12-15,214.05999755859375,219.6999969482422,212.5500030517578,218.3800048828125,12213398.0
2020-12-16,220.5,223.3000030517578,217.1999969482422,220.36000061035156,7798420.0
2020-12-17,220.5,225.8800048828125,219.0,225.49000549316406,9974441.0
2020-12-18,222.77999877929688,224.77999877929688,216.85000610351562,217.25,11464456.0
2020-12-21,218.0,229.89999389648438,217.0,229.1300048828125,12120162.0
2020-12-22,229.1300048828125,245.1699981689453,226.5,236.9499969482422,16125032.0
2020-12-23,237.0,255.32000732421875,237.0,246.8800048828125,17086827.0
2020-12-24,254.5,262.489990234375,249.57000732421875,252.1999969482422,12603214.0
2020-12-25,250.0,261.8699951171875,246.0,259.0,9279388.0
2020-12-28,263.8599853515625,264.8999938964844,253.91000366210938,257.6000061035156,10264200.0
2020-12-29,257.29998779296875,259.0,248.1999969482422,255.14999389648438,9836743.0
2020-12-30,253.10000610351562,266.04998779296875,253.10000610351562,263.1199951171875,11246424.0
2020-12-31,270.0199890136719,285.79998779296875,267.5199890136719,282.45001220703125,14788181.0
2021-01-04,282.0,300.6199951171875,281.75,292.25,14034748.0
2021-01-05,290.0,299.69000244140625,289.0,293.0199890136719,11871365.0
2021-01-06,290.0,293.8299865722656,284.0199890136719,288.0,12638099.0
2021-01-07,293.3500061035156,311.0,290.0,311.0,15115316.0
2021-01-08,309.7900085449219,311.3999938964844,287.0,291.0,19617712.0
2021-01-11,290.0,306.0799865722656,284.1000061035156,298.3999938964844,17050041.0
2021-01-12,295.95001220703125,321.8599853515625,295.5899963378906,319.1000061035156,12410766.0
2021-01-13,318.0,319.0,292.6000061035156,299.989990234375,18116575.0
2021-01-14,293.55999755859375,294.3399963378906,276.67999267578125,280.54998779296875,24030570.0
2021-01-15,279.489990234375,286.70001220703125,272.5,280.010009765625,15142461.0
2021-01-18,278.2200012207031,278.79998779296875,268.0,274.20001220703125,17356624.0
2021-01-19,277.1099853515625,281.92999267578125,268.0,268.1499938964844,13525147.0
2021-01-20,270.2699890136719,274.989990234375,263.0,272.94000244140625,14038571.0
2021-01-21,271.489990234375,275.9800109863281,263.0,272.0,19695482.0
2021-01-22,272.0299987792969,285.0,270.1000061035156,283.0,18172016.0
2021-01-25,288.010009765625,311.0,288.010009765625,308.0,23816136.0
2021-01-26,301.54998779296875,305.7900085449219,293.9200134277344,297.9800109863281,13339169.0
2021-01-27,299.1000061035156,299.1000061035156,283.0299987792969,297.0,13233197.0
2021-01-28,289.57000732421875,295.1499938964844,285.6000061035156,287.0,9000755.0
2021-01-29,292.8999938964844,300.8800048828125,290.010009765625,294.0,13404385.0
2021-02-01,311.0,315.8699951171875,298.0,306.0,20364209.0
2021-02-02,308.3999938964844,333.29998779296875,301.1099853515625,331.010009765625,18185374.0
2021-02-03,330.67999267578125,348.3299865722656,328.0,340.9800109863281,15161444.0
2021-02-04,335.4800109863281,341.3999938964844,321.3500061035156,328.94000244140625,13435147.0
2021-02-05,335.0799865722656,353.79998779296875,333.0,346.95001220703125,13760066.0
2021-02-08,347.0,362.0,343.20001220703125,357.989990234375,11673965.0
2021-02-09,361.2799987792969,363.17999267578125,349.0400085449219,359.7300109863281,9751513.0
2021-02-10,358.0,387.8599853515625,356.05999755859375,387.8599853515625,11616904.0
2021-02-18,395.6600036621094,403.7799987792969,372.0,379.8999938964844,18094953.0
2021-02-19,379.0,387.55999755859375,355.1099853515625,371.8999938964844,14416880.0
2021-02-22,378.9800109863281,379.0,338.760009765625,339.0,21811517.0
2021-02-23,329.70001220703125,343.8999938964844,327.79998779296875,332.7799987792969,16034210.0
2021-02-24,335.989990234375,339.6000061035156,311.29998779296875,314.6300048828125,18956382.0
2021-02-25,322.0,326.8800048828125,313.5299987792969,319.1000061035156,13418028.0
2021-02-26,306.0,314.6199951171875,301.0,307.9100036621094,15971308.0
2021-03-01,316.4800109863281,326.79998779296875,314.79998779296875,324.55999755859375,14186312.0
2021-03-02,333.0,334.29998779296875,308.8500061035156,316.1000061035156,16173676.0
2021-03-03,314.79998779296875,328.7099914550781,312.0,324.5,10562723.0
2021-03-04,317.94000244140625,317.94000244140625,300.8699951171875,309.6300048828125,16813634.0
2021-03-05,299.79998779296875,312.4700012207031,295.0,305.8800048828125,10901758.0
2021-03-08,304.8999938964844,307.5400085449219,276.0,278.989990234375,21297372.0
2021-03-09,280.0,295.29998779296875,269.8999938964844,282.2900085449219,21144596.0
2021-03-10,291.0,304.8800048828125,290.010009765625,299.6199951171875,16933609.0
2021-03-11,297.0199890136719,307.2799987792969,295.04998779296875,301.7799987792969,12164834.0
2021-03-12,306.29998779296875,314.94000244140625,303.010009765625,309.4100036621094,14059687.0
2021-03-15,303.8599853515625,309.0,290.5,297.79998779296875,12591754.0
2021-03-16,300.3699951171875,301.8800048828125,285.6199951171875,296.57000732421875,10540830.0
2021-03-17,292.95001220703125,309.7900085449219,287.1099853515625,308.07000732421875,10521673.0
2021-03-18,313.0,320.25,308.79998779296875,312.70001220703125,11684927.0
2021-03-19,305.0,322.6000061035156,303.32000732421875,306.55999755859375,12453559.0
2021-03-22,306.0,318.0,301.8800048828125,311.6499938964844,9885122.0
2021-03-23,315.0,315.1000061035156,291.010009765625,300.0199890136719,11764277.0
2021-03-24,297.0,303.0,292.6000061035156,295.0400085449219,8490633.0
2021-03-25,288.1000061035156,299.29998779296875,284.05999755859375,299.0,10173926.0
2021-03-26,300.8699951171875,314.1400146484375,299.3299865722656,313.42999267578125,11645534.0
2021-03-29,312.9700012207031,322.8800048828125,306.67999267578125,315.8500061035156,12294615.0
2021-03-30,313.0,325.3800048828125,311.1099853515625,317.8800048828125,9522877.0
2021-03-31,316.25,317.7200012207031,301.5299987792969,306.0799865722656,10944626.0
2021-04-01,309.010009765625,321.95001220703125,306.30999755859375,321.95001220703125,8928275.0
2021-04-02,321.0,337.82000732421875,320.0,333.5,10455159.0
2021-04-06,334.9800109863281,334.9800109863281,312.6700134277344,317.20001220703125,13886691.0
2021-04-07,315.9100036621094,316.95001220703125,307.0,311.8999938964844,10251860.0
2021-04-08,307.5,315.0,305.5299987792969,312.2799987792969,8572967.0
2021-04-09,310.0,312.0,301.0400085449219,301.6000061035156,9539539.0
2021-04-12,296.010009765625,304.5899963378906,289.0,295.3900146484375,14637262.0
2021-04-13,292.82000732421875,302.8800048828125,265.8500061035156,265.8500061035156,23538076.0
2021-04-14,260.0,289.3800048828125,260.0,288.20001220703125,25806610.0
2021-04-15,286.9599914550781,286.9599914550781,278.1000061035156,283.05999755859375,10169105.0
2021-04-16,287.17999267578125,288.1600036621094,277.5,285.8500061035156,9392501.0
2021-04-19,285.5799865722656,298.010009765625,283.8500061035156,294.5,11002066.0
2021-04-20,294.2099914550781,302.4700012207031,291.5799865722656,292.989990234375,10602279.0
2021-04-21,288.0,298.69000244140625,287.989990234375,298.6600036621094,7804830.0
2021-04-22,297.0,297.8999938964844,283.5,296.0,13740587.0
2021-04-23,298.1499938964844,303.2699890136719,296.05999755859375,299.2900085449219,10677520.0
2021-04-26,301.0,309.8900146484375,297.29998779296875,298.44000244140625,11224543.0
2021-04-27,301.54998779296875,307.8500061035156,299.0199890136719,306.9800109863281,9683443.0
2021-04-28,306.6700134277344,311.489990234375,295.0,310.0,10271619.0
2021-04-29,307.2200012207031,316.1000061035156,305.0,310.32000732421875,8852475.0
2021-04-30,308.0799865722656,317.8800048828125,305.0,311.989990234375,10035089.0
2021-05-06,319.0,319.0,295.70001220703125,295.70001220703125,13152381.0
2021-05-07,295.0299987792969,300.79998779296875,287.5299987792969,288.0,8871386.0
2021-05-10,289.3500061035156,303.0,289.3500061035156,298.8900146484375,8771814.0
2021-05-11,294.5,301.79998779296875,292.30999755859375,299.0,6255937.0
2021-05-12,299.3900146484375,304.5,295.010009765625,303.0,6179889.0
2021-05-13,297.989990234375,301.7699890136719,288.1000061035156,295.0,9879030.0
2021-05-14,297.0,310.0,293.0,309.5799865722656,13243688.0
2021-05-17,313.0,322.1000061035156,310.25,319.3900146484375,12451300.0
2021-05-18,319.30999755859375,322.0,314.0,318.04998779296875,5509840.0
2021-05-19,317.3699951171875,329.9800109863281,315.1199951171875,326.5199890136719,7313013.0
2021-05-20,324.55999755859375,329.79998779296875,321.0,325.010009765625,7520377.0
2021-05-21,328.5400085449219,330.1000061035156,314.0199890136719,318.0,7174291.0
2021-05-24,318.0,323.0,313.5,320.2900085449219,5512583.0
2021-05-25,322.82000732421875,339.5199890136719,320.010009765625,339.2799987792969,12988839.0
2021-05-26,342.0,348.70001220703125,334.8999938964844,339.989990234375,9024351.0
2021-05-27,339.9800109863281,348.29998779296875,337.0,344.5400085449219,8433242.0
2021-05-28,342.0,349.2799987792969,339.0,344.2900085449219,6829905.0
2021-05-31,342.989990234375,343.989990234375,329.6000061035156,334.5,11220941.0
2021-06-01,331.989990234375,337.30999755859375,328.6499938964844,334.1199951171875,8408658.0
2021-06-02,336.0,337.3999938964844,324.0,325.29998779296875,7199074.0
2021-06-03,327.989990234375,331.8500061035156,322.0199890136719,325.8399963378906,6251916.0
2021-06-04,322.010009765625,325.0,317.0,319.55999755859375,9845121.0
2021-06-07,319.9200134277344,319.9200134277344,310.6300048828125,317.0,7789663.0
2021-06-08,316.739990234375,324.5799865722656,314.4700012207031,317.3800048828125,7978689.0
2021-06-09,314.29998779296875,319.0,310.9599914550781,312.79998779296875,7121652.0
2021-06-10,311.0199890136719,317.3699951171875,310.70001220703125,313.4599914550781,7609906.0
2021-06-11,314.54998779296875,317.0,305.3800048828125,311.0,9280411.0
2021-06-15,310.69000244140625,310.69000244140625,295.5,297.67999267578125,13058715.0
2021-06-16,300.5,301.0,288.20001220703125,289.70001220703125,10592977.0
2021-06-17,289.70001220703125,293.94000244140625,283.67999267578125,286.0,12022446.0
2021-06-18,285.0,287.75,276.4200134277344,287.4800109863281,12995060.0
2021-06-21,285.0,285.0,274.29998779296875,281.9800109863281,14604664.0
2021-06-22,283.0,288.0,274.29998779296875,286.489990234375,12097595.0
2021-06-23,289.0,300.2699890136719,288.9800109863281,296.8999938964844,16655036.0
2021-06-24,301.5,302.45001220703125,288.510009765625,294.17999267578125,10296668.0
2021-06-25,293.8999938964844,299.5,290.17999267578125,296.70001220703125,9971896.0
2021-06-28,301.0,309.9599914550781,301.0,307.8299865722656,10042096.0
2021-06-29,307.92999267578125,309.0,299.010009765625,301.75,10345389.0
2021-06-30,298.17999267578125,303.9800109863281,296.0799865722656,300.1000061035156,6804353.0
2021-07-01,299.0,300.0899963378906,292.6000061035156,300.0,8867175.0
2021-07-02,293.29998779296875,293.29998779296875,279.0,281.0899963378906,17588831.0
2021-07-05,277.5,284.9800109863281,275.5,279.8900146484375,9135990.0
2021-07-06,283.9599914550781,289.07000732421875,275.0,281.5,11745092.0
2021-07-07,275.8699951171875,279.92999267578125,272.010009765625,275.0,13709181.0
2021-07-08,276.989990234375,277.8299865722656,268.0,269.3900146484375,13472523.0
2021-07-09,267.989990234375,271.7799987792969,264.3999938964844,265.1600036621094,10727815.0
2021-07-12,271.0,287.0,264.1199951171875,285.70001220703125,20329583.0
2021-07-13,287.4599914550781,299.0,286.0,288.7900085449219,15002509.0
2021-07-14,288.69000244140625,288.69000244140625,280.94000244140625,282.29998779296875,10853475.0
2021-07-15,281.0,286.6600036621094,279.010009765625,284.92999267578125,7236523.0
2021-07-16,285.0,286.3500061035156,274.79998779296875,275.0,11409698.0
2021-07-19,274.4800109863281,290.2200012207031,269.0,290.2200012207031,14758540.0
2021-07-20,290.5,296.6700134277344,287.8800048828125,293.45001220703125,14129398.0
2021-07-21,295.1000061035156,297.6700134277344,284.5799865722656,284.69000244140625,13121862.0
2021-07-22,282.0899963378906,292.0,279.010009765625,281.9599914550781,10076274.0
2021-07-23,281.95001220703125,283.0,273.5299987792969,277.67999267578125,10553345.0
2021-07-26,274.0,274.0,256.0,262.9800109863281,19310264.0
2021-07-27,261.20001220703125,265.0199890136719,252.99000549316406,254.0,13390636.0
2021-07-28,250.10000610351562,259.6700134277344,245.0,250.83999633789062,13724892.0
2021-07-29,255.14999389648438,265.5,255.02000427246094,258.010009765625,14143180.0
2021-07-30,253.0,254.44000244140625,240.5,241.0,18610342.0
2021-08-02,227.89999389648438,241.39999389648438,224.1300048828125,239.35000610351562,26696827.0
2021-08-03,236.36000061035156,255.36000061035156,235.74000549316406,253.8699951171875,20157821.0
2021-08-04,254.88999938964844,259.0,248.94000244140625,255.0,14080819.0
2021-08-05,255.8000030517578,264.0,250.02000427246094,255.0,12691262.0
2021-08-06,251.0,255.39999389648438,247.6699981689453,252.0,9393911.0
2021-08-09,252.02000427246094,268.7900085449219,252.02000427246094,260.3999938964844,16084698.0
2021-08-10,258.0,268.0,251.44000244140625,267.3500061035156,15715110.0
2021-08-11,267.5,268.57000732421875,257.9800109863281,259.0,10147027.0
2021-08-12,255.0,258.4800109863281,251.50999450683594,253.0800018310547,8629727.0
2021-08-13,251.50999450683594,259.5,251.0,257.6499938964844,7888155.0
2021-08-16,259.0,268.45001220703125,257.0,262.8399963378906,13543553.0
2021-08-17,263.3299865722656,267.9599914550781,243.72000122070312,244.97999572753906,17444713.0
2021-08-18,246.57000732421875,247.25999450683594,232.99000549316406,235.72000122070312,18668073.0
2021-08-19,235.74000549316406,241.47999572753906,229.9199981689453,236.08999633789062,12565888.0
2021-08-20,235.1199951171875,235.1199951171875,224.13999938964844,228.27000427246094,15636652.0
2021-08-23,232.0,236.99000549316406,229.02999877929688,232.10000610351562,11443609.0
2021-08-24,234.27999877929688,241.17999267578125,231.5800018310547,240.10000610351562,10832803.0
2021-08-25,242.0,253.86000061035156,239.63999938964844,246.94000244140625,13996877.0
2021-08-26,247.0,247.0,237.0,245.13999938964844,9373510.0
2021-08-27,242.0,246.0,238.17999267578125,240.22999572753906,8293815.0
2021-08-30,242.3000030517578,243.1999969482422,233.1999969482422,239.5,10993757.0
2021-08-31,240.41000366210938,240.67999267578125,221.0,228.2899932861328,20752651.0
2021-09-01,228.7899932861328,240.1699981689453,224.0,236.2899932861328,15478059.0
2021-09-02,239.0,241.8699951171875,227.07000732421875,228.0500030517578,14689022.0
2021-09-03,226.0,237.0,222.5,236.39999389648438,13567389.0
2021-09-06,236.67999267578125,245.6999969482422,231.50999450683594,243.0,17721092.0
2021-09-07,243.5,252.10000610351562,243.0399932861328,249.55999755859375,14545009.0
2021-09-08,249.58999633789062,250.97999572753906,246.0500030517578,249.3300018310547,9793224.0
2021-09-09,248.66000366210938,250.60000610351562,243.10000610351562,245.07000732421875,7395601.0
2021-09-10,243.17999267578125,255.5800018310547,243.17999267578125,255.0,12979110.0
2021-09-13,252.17999267578125,265.0,250.00999450683594,251.25,14651043.0
2021-09-14,251.3000030517578,256.6600036621094,246.0800018310547,246.85000610351562,10065409.0
2021-09-15,245.00999450683594,245.6999969482422,232.39999389648438,234.97000122070312,11989711.0
2021-09-16,233.0,241.7899932861328,228.47999572753906,241.36000061035156,12893598.0
2021-09-17,238.02999877929688,252.0,233.0800018310547,249.5,11981046.0
2021-09-22,245.0,248.0,236.36000061035156,238.1199951171875,8642789.0
2021-09-23,234.0,238.97000122070312,233.0800018310547,234.60000610351562,9669938.0
2021-09-24,233.02999877929688,250.72999572753906,232.0,247.0,13768632.0
2021-09-27,248.0,262.1700134277344,247.60000610351562,256.7200012207031,16576768.0
2021-09-28,255.0,256.7699890136719,246.60000610351562,253.97999572753906,9135249.0
2021-09-29,249.8699951171875,253.6999969482422,244.44000244140625,251.27999877929688,8101706.0
2021-09-30,262.0,266.0,255.6199951171875,260.0,16962736.0
2021-10-08,272.0,275.3999938964844,267.010009765625,270.29998779296875,15829328.0
2021-10-11,270.29998779296875,276.19000244140625,262.3800048828125,263.5,12032446.0
2021-10-12,265.69000244140625,269.7200012207031,261.69000244140625,267.20001220703125,8635991.0
2021-10-13,266.0,278.67999267578125,263.0199890136719,278.20001220703125,11012653.0
2021-10-14,277.0,279.3699951171875,269.2300109863281,273.0899963378906,9277206.0
2021-10-15,273.0,273.0,263.6600036621094,269.54998779296875,9244602.0
2021-10-18,268.54998779296875,268.54998779296875,256.010009765625,259.8399963378906,9055151.0
2021-10-19,259.3800048828125,264.5,258.0,259.1199951171875,6247065.0
2021-10-20,264.3500061035156,266.7699890136719,256.29998779296875,259.5,7267157.0
2021-10-21,258.0,260.9700012207031,254.22999572753906,257.0,6680052.0
2021-10-22,258.94000244140625,272.55999755859375,257.54998779296875,269.0,10969819.0
2021-10-25,266.0299987792969,267.92999267578125,261.05999755859375,264.4700012207031,7456203.0
2021-10-26,265.0,270.4700012207031,263.3299865722656,265.0,5130310.0
2021-10-27,262.0,262.0,257.6499938964844,258.0,5554989.0
2021-10-28,257.25,266.6000061035156,256.8299865722656,264.4800109863281,6905781.0
2021-10-29,262.0799865722656,271.5,262.0,268.4599914550781,8157649.0
2021-11-01,246.24000549316406,247.0,241.61000061035156,241.61000061035156,9605400.0
2021-11-02,230.0,233.0,217.9499969482422,222.8800048828125,47707725.0
2021-11-03,224.8800048828125,229.85000610351562,222.89999389648438,228.3000030517578,18054446.0
2021-11-04,230.85000610351562,236.64999389648438,230.6999969482422,233.66000366210938,11617874.0
2021-11-05,235.14999389648438,235.5,230.0800018310547,230.77999877929688,7807141.0
2021-11-08,230.89999389648438,236.60000610351562,228.50999450683594,229.4199981689453,9814735.0
2021-11-09,231.66000366210938,231.66000366210938,225.39999389648438,227.6199951171875,6814899.0
2021-11-10,228.61000061035156,228.77000427246094,222.77000427246094,227.11000061035156,6693829.0
2021-11-11,226.0,231.17999267578125,225.0,228.8000030517578,6329651.0
2021-11-12,233.30999755859375,233.47999572753906,222.02999877929688,223.55999755859375,10804723.0
2021-11-15,228.94000244140625,230.0,223.0,229.8800048828125,10355377.0
2021-11-16,230.0,236.0,228.50999450683594,234.0,9302240.0
2021-11-17,232.3000030517578,233.30999755859375,229.66000366210938,230.44000244140625,5347140.0
2021-11-18,228.4499969482422,228.5,223.89999389648438,224.10000610351562,7982773.0
2021-11-19,224.0,226.67999267578125,223.3800048828125,225.3000030517578,5137619.0
2021-11-22,224.10000610351562,226.5,222.5,223.55999755859375,9772199.0
2021-11-23,224.0,225.60000610351562,218.17999267578125,220.5,12074034.0
2021-11-24,220.0,221.69000244140625,218.55999755859375,220.99000549316406,7474261.0
2021-11-25,220.0,221.10000610351562,211.5,211.8000030517578,17979134.0
2021-11-26,210.85000610351562,213.8699951171875,207.0,211.32000732421875,9146624.0
2021-11-29,204.97999572753906,209.0,201.27999877929688,203.3000030517578,20097560.0
2021-11-30,204.0,209.88999938964844,204.0,205.4499969482422,11632280.0
2021-12-01,204.0,206.0,201.30999755859375,202.88999938964844,9407130.0
2021-12-02,202.5,204.8000030517578,201.80999755859375,201.82000732421875,6278143.0
2021-12-03,202.1300048828125,204.3800048828125,197.1999969482422,204.05999755859375,12599793.0
2021-12-06,209.16000366210938,213.60000610351562,207.0,211.99000549316406,19812543.0
2021-12-07,211.60000610351562,214.57000732421875,209.10000610351562,213.0,10172085.0
2021-12-08,212.5,216.22999572753906,210.17999267578125,215.4600067138672,10093732.0
2021-12-09,215.89999389648438,230.0399932861328,215.0,228.3800048828125,24182974.0
2021-12-10,226.02999877929688,231.5,226.0,229.67999267578125,13579619.0
2021-12-13,231.0,234.8000030517578,228.0,229.1999969482422,10507701.0
2021-12-14,226.89999389648438,230.5,226.0,228.0,8337858.0
2021-12-15,227.92999267578125,229.5,223.2899932861328,223.2899932861328,7794460.0
2021-12-16,224.8800048828125,225.8800048828125,220.1999969482422,225.0500030517578,7300221.0
2021-12-17,224.8800048828125,224.8800048828125,217.00999450683594,217.27999877929688,9594492.0
2021-12-20,213.72999572753906,215.6999969482422,211.80999755859375,212.5,7811831.0
2021-12-21,214.60000610351562,217.13999938964844,213.5800018310547,215.0,5118842.0
2021-12-22,217.8800048828125,218.99000549316406,210.60000610351562,212.00999450683594,7908132.0
2021-12-23,213.02999877929688,213.99000549316406,209.07000732421875,210.35000610351562,7925980.0
2021-12-24,210.0,219.47000122070312,206.0,217.89999389648438,11830193.0
2021-12-27,217.0,220.99000549316406,216.27999877929688,220.0,8392723.0
2021-12-28,220.0,225.86000061035156,219.2100067138672,222.72000122070312,9446621.0
2021-12-29,222.0,222.7899932861328,214.49000549316406,215.97999572753906,7576311.0
2021-12-30,215.75999450683594,220.22999572753906,215.47999572753906,217.5,5950006.0
2021-12-31,219.33999633789062,221.5,216.66000366210938,219.41000366210938,6169115.0
2022-01-04,221.67999267578125,222.47000122070312,210.58999633789062,214.05999755859375,11143443.0
2022-01-05,214.10000610351562,218.5,211.52999877929688,214.1999969482422,9493875.0
2022-01-06,211.1199951171875,213.89999389648438,207.5,210.11000061035156,9327694.0
2022-01-07,209.97999572753906,212.60000610351562,206.89999389648438,207.77999877929688,6991135.0
2022-01-10,204.0,207.8000030517578,194.27999877929688,207.11000061035156,13997810.0
2022-01-11,204.02999877929688,205.8800048828125,200.0,201.2100067138672,9160645.0
2022-01-12,201.0,213.7899932861328,201.0,212.0,12977521.0
2022-01-13,212.91000366210938,213.66000366210938,206.64999389648438,207.02999877929688,7009396.0
2022-01-14,205.5,205.5,200.1999969482422,200.49000549316406,9697009.0
2022-01-17,190.0,196.0399932861328,187.7899932861328,190.42999267578125,21138579.0
2022-01-18,191.99000549316406,192.9499969482422,188.0,190.7100067138672,9853726.0
2022-01-19,189.1999969482422,191.66000366210938,185.1199951171875,188.6199951171875,9189528.0
2022-01-20,188.02999877929688,194.77000427246094,187.02000427246094,193.8800048828125,11368650.0
2022-01-21,197.0,203.0,196.8000030517578,200.66000366210938,15563149.0
2022-01-24,204.0,209.97999572753906,202.1999969482422,207.3000030517578,11905571.0
2022-01-25,205.00999450683594,210.86000061035156,204.6999969482422,206.6300048828125,10381817.0
2022-01-26,207.35000610351562,209.0,203.3699951171875,207.35000610351562,7104769.0
2022-01-27,207.0,208.5,201.6199951171875,203.6999969482422,7441510.0
2022-01-28,206.75,214.47999572753906,203.39999389648438,206.55999755859375,14243291.0
2022-02-07,214.60000610351562,217.0,208.3699951171875,210.80999755859375,10561734.0
2022-02-08,210.74000549316406,212.49000549316406,204.9600067138672,210.3800048828125,7143579.0
2022-02-09,209.50999450683594,215.10000610351562,206.8000030517578,212.60000610351562,9139946.0
2022-02-10,212.97000122070312,225.17999267578125,210.8000030517578,224.0,17647856.0
2022-02-11,221.1999969482422,230.5,221.16000366210938,225.42999267578125,15691423.0
2022-02-14,229.8800048828125,231.8800048828125,224.0,227.5,14155273.0
2022-02-15,225.0,225.0,218.8699951171875,222.83999633789062,9773345.0
2022-02-16,224.10000610351562,228.0800018310547,221.0,224.1999969482422,6213690.0
2022-02-17,224.0,225.52999877929688,218.6999969482422,220.52999877929688,6899615.0
2022-02-18,218.5,222.8800048828125,218.00999450683594,221.35000610351562,4183630.0
2022-02-21,219.0,220.0,214.67999267578125,215.5500030517578,5925666.0
2022-02-22,213.25999450683594,213.38999938964844,208.0,210.8000030517578,7768752.0
2022-02-23,211.0800018310547,212.52999877929688,206.66000366210938,210.88999938964844,6500623.0
2022-02-24,208.5,210.0,201.60000610351562,203.99000549316406,10087131.0
2022-02-25,206.5800018310547,212.88999938964844,205.5500030517578,210.1199951171875,8538927.0
2022-02-28,208.0,210.10000610351562,201.5800018310547,202.5,10711033.0
2022-03-01,202.0500030517578,208.60000610351562,200.50999450683594,208.25,10037612.0
2022-03-02,206.1999969482422,206.47999572753906,201.17999267578125,202.5,7769226.0
2022-03-03,204.99000549316406,207.99000549316406,197.25,198.27000427246094,15664295.0
2022-03-04,195.0,203.0,194.0,201.4499969482422,9533347.0
2022-03-07,197.1999969482422,198.0,186.41000366210938,188.27999877929688,18719771.0
2022-03-08,191.10000610351562,197.14999389648438,188.02000427246094,189.5,13530759.0
2022-03-09,192.0,192.5,180.97999572753906,187.8300018310547,12736599.0
2022-03-10,192.0,192.5500030517578,186.22000122070312,186.77000427246094,10805072.0
2022-03-11,185.0,189.9600067138672,179.00999450683594,186.60000610351562,13169503.0
2022-03-14,178.8800048828125,179.0,170.60000610351562,171.0,23636327.0
2022-03-15,167.5800018310547,169.77999877929688,159.88999938964844,160.0,19612022.0
2022-03-16,163.8000030517578,170.5800018310547,161.72000122070312,170.0,19115351.0
2022-03-17,176.66000366210938,180.0800018310547,171.5,175.5,19061060.0
2022-03-18,175.5,177.38999938964844,173.10000610351562,176.4499969482422,9196495.0
2022-03-21,175.8000030517578,175.99000549316406,171.11000061035156,172.9499969482422,8126963.0
2022-03-22,169.9499969482422,173.0,168.3300018310547,170.14999389648438,7640862.0
2022-03-23,171.5,171.92999267578125,168.22000122070312,169.11000061035156,7420857.0
2022-03-24,168.0,168.8000030517578,165.60000610351562,166.6199951171875,7225312.0
2022-03-25,167.3300018310547,168.89999389648438,162.5,162.85000610351562,7524638.0
2022-03-28,157.82000732421875,161.97000122070312,157.0800018310547,159.5,9803836.0
2022-03-29,159.80999755859375,161.64999389648438,155.72999572753906,156.10000610351562,8267156.0
2022-03-30,159.22000122070312,168.38999938964844,156.8800048828125,167.1999969482422,15229175.0
2022-03-31,164.02000427246094,167.10000610351562,163.39999389648438,164.3699951171875,8257219.0
2022-04-01,162.63999938964844,177.3000030517578,162.22000122070312,174.25999450683594,19300145.0
2022-04-06,168.1999969482422,168.60000610351562,163.0,164.10000610351562,20632182.0
2022-04-07,161.8000030517578,167.39999389648438,161.3699951171875,164.9499969482422,12995661.0
2022-04-08,163.91000366210938,165.6999969482422,160.80999755859375,164.47999572753906,9303584.0
2022-04-11,161.19000244140625,161.19000244140625,153.58999633789062,156.11000061035156,16885384.0
2022-04-12,157.8000030517578,171.72000122070312,157.5500030517578,171.72000122070312,19192813.0
2022-04-13,175.8000030517578,176.8000030517578,169.72000122070312,172.0,23182403.0
2022-04-14,174.75999450683594,185.10000610351562,174.75999450683594,181.5800018310547,23491915.0
2022-04-15,178.3000030517578,185.8000030517578,177.1699981689453,182.24000549316406,14388167.0
2022-04-18,179.02000427246094,181.99000549316406,177.50999450683594,180.8800048828125,7792368.0
2022-04-19,178.60000610351562,183.6699981689453,177.02999877929688,178.6300048828125,12167285.0
2022-04-20,178.33999633789062,186.0,174.75999450683594,182.25999450683594,14627905.0
2022-04-21,179.10000610351562,181.77000427246094,173.5,175.16000366210938,12306425.0
2022-04-22,174.0,178.99000549316406,171.32000732421875,176.97999572753906,10400305.0
2022-04-25,168.3800048828125,181.3000030517578,166.10000610351562,173.49000549316406,20419444.0
2022-04-26,175.0,185.0500030517578,175.0,180.02000427246094,20267012.0
2022-04-27,178.5,185.3300018310547,177.0,183.99000549316406,18030720.0
2022-04-28,181.0,187.66000366210938,178.0,181.5800018310547,15936045.0
2022-04-29,182.8000030517578,183.5,174.3000030517578,181.99000549316406,16288771.0
2022-05-05,179.0,182.8000030517578,175.44000244140625,179.74000549316406,12301210.0
2022-05-06,174.0,175.22999572753906,161.8800048828125,163.69000244140625,21377960.0
2022-05-09,159.5,163.60000610351562,156.22000122070312,160.0,13538176.0
2022-05-10,156.0,168.39999389648438,155.17999267578125,165.9499969482422,15164964.0
2022-05-11,166.9499969482422,179.49000549316406,166.9499969482422,176.64999389648438,21362944.0
2022-05-12,173.5500030517578,174.85000610351562,170.36000061035156,171.9499969482422,8189062.0
2022-05-13,173.5,174.0,170.11000061035156,173.0,6517026.0
2022-05-16,174.5500030517578,178.0,171.8800048828125,174.32000732421875,10117378.0
2022-05-17,173.97999572753906,176.67999267578125,172.5800018310547,174.9199981689453,6881349.0
2022-05-18,175.6999969482422,175.94000244140625,168.14999389648438,170.35000610351562,9499730.0
2022-05-19,166.0,169.4499969482422,165.32000732421875,167.8000030517578,8477869.0
2022-05-20,169.16000366210938,176.0,169.16000366210938,175.75,13699612.0
2022-05-23,176.02999877929688,176.5,166.4499969482422,166.77000427246094,19099896.0
2022-05-24,167.24000549316406,168.1999969482422,163.97999572753906,164.39999389648438,9223957.0
2022-05-25,163.0500030517578,167.10000610351562,162.42999267578125,165.64999389648438,9507726.0
2022-05-26,165.69000244140625,166.89999389648438,161.0,163.0500030517578,11988996.0
2022-05-27,165.3000030517578,168.60000610351562,164.0,164.9499969482422,11774721.0
2022-05-30,169.88999938964844,172.52000427246094,166.3000030517578,172.0,17570470.0
2022-05-31,171.0,177.88999938964844,169.60000610351562,176.6999969482422,18613617.0
2022-06-01,178.0,179.8000030517578,175.3300018310547,175.9199981689453,12698166.0
2022-06-02,175.0,176.66000366210938,174.61000061035156,175.38999938964844,8656521.0
2022-06-06,177.0,181.52999877929688,172.4199981689453,180.97000122070312,14791744.0
2022-06-07,181.82000732421875,186.99000549316406,179.5,184.8000030517578,15664826.0
2022-06-08,188.0,193.0,186.8000030517578,191.55999755859375,17791609.0
2022-06-09,194.00999450683594,194.49000549316406,185.2899932861328,186.89999389648438,12169435.0
2022-06-10,184.0800018310547,189.39999389648438,184.07000732421875,187.75,11769796.0
2022-06-13,183.0,184.49000549316406,175.77999877929688,178.30999755859375,18166168.0
2022-06-14,175.5,181.47000122070312,175.00999450683594,181.00999450683594,9746851.0
2022-06-15,180.61000061035156,186.97999572753906,176.6999969482422,181.97999572753906,15404563.0
2022-06-16,182.3000030517578,185.0,181.36000061035156,182.0,7698050.0
2022-06-17,180.0,191.88999938964844,179.50999450683594,190.38999938964844,18397737.0
2022-06-20,190.89999389648438,198.35000610351562,190.89999389648438,197.0,16008991.0
2022-06-21,197.00999450683594,200.99000549316406,194.8000030517578,197.42999267578125,14655270.0
2022-06-22,197.0,197.89999389648438,192.08999633789062,192.3000030517578,11742104.0
2022-06-23,194.8000030517578,201.02000427246094,194.25999450683594,199.5,14920748.0
2022-06-24,198.69000244140625,204.22999572753906,197.44000244140625,201.1199951171875,14076384.0
2022-06-27,211.0,221.22999572753906,210.0,214.39999389648438,30755104.0
2022-06-28,213.38999938964844,222.8800048828125,211.1300048828125,222.8800048828125,22710725.0
2022-06-29,225.0,231.17999267578125,218.39999389648438,219.0500030517578,19275960.0
2022-06-30,224.39999389648438,237.8000030517578,221.24000549316406,232.92999267578125,25013099.0
2022-07-01,229.10000610351562,230.6300048828125,220.1999969482422,225.11000061035156,16656578.0
2022-07-04,219.8000030517578,229.1999969482422,216.97999572753906,226.1199951171875,14332831.0
2022-07-05,226.3000030517578,229.1199951171875,217.9600067138672,220.91000366210938,15479355.0
2022-07-06,216.49000549316406,216.97999572753906,207.89999389648438,209.49000549316406,23245980.0
2022-07-07,208.0,210.99000549316406,204.5,209.41000366210938,15133952.0
2022-07-08,214.6999969482422,218.16000366210938,211.55999755859375,211.97000122070312,12372547.0
2022-07-11,206.5,208.5,203.55999755859375,207.35000610351562,11361850.0
2022-07-12,207.3300018310547,209.3800048828125,200.8699951171875,203.5399932861328,9680358.0
2022-07-13,204.0500030517578,207.50999450683594,203.41000366210938,205.60000610351562,9369933.0
2022-07-14,203.0,212.0,203.0,209.5,12526777.0
2022-07-15,206.0,212.88999938964844,204.0,204.36000061035156,10920150.0
2022-07-18,206.0,209.27999877929688,201.02000427246094,206.5800018310547,8335400.0
2022-07-19,211.0,211.25,205.00999450683594,209.0,9421848.0
2022-07-20,210.3300018310547,216.50999450683594,208.74000549316406,214.9499969482422,11554916.0
2022-07-21,214.55999755859375,214.55999755859375,208.6999969482422,208.9499969482422,8242854.0
2022-07-22,208.0,215.0500030517578,208.0,214.6199951171875,10661762.0
2022-07-25,214.60000610351562,221.27999877929688,213.5,219.61000061035156,10815473.0
2022-07-26,222.89999389648438,226.0399932861328,217.8000030517578,219.0,10442671.0
2022-07-27,217.0500030517578,219.22999572753906,214.0,214.8300018310547,8036773.0
2022-07-28,222.0,226.66000366210938,217.9600067138672,219.97999572753906,14965221.0
2022-07-29,214.5,218.60000610351562,209.17999267578125,209.89999389648438,13520126.0
2022-08-01,208.0,213.5,206.3300018310547,211.6999969482422,7342765.0
2022-08-02,207.0,210.60000610351562,205.5500030517578,206.25999450683594,11264547.0
2022-08-03,206.25999450683594,209.25,199.3800048828125,200.0500030517578,15378069.0
2022-08-04,201.0,201.75999450683594,195.36000061035156,200.4499969482422,12557650.0
2022-08-05,195.0800018310547,200.47000122070312,193.0800018310547,198.89999389648438,13241390.0
2022-08-08,186.0,192.89999389648438,184.0,189.58999633789062,21379946.0
2022-08-09,190.52000427246094,198.0,190.0,197.4600067138672,12764667.0
2022-08-10,196.5,198.02999877929688,193.6300048828125,196.0,6408346.0
2022-08-11,195.58999633789062,202.49000549316406,194.91000366210938,201.19000244140625,8896429.0
2022-08-12,198.0,199.97000122070312,194.0399932861328,195.66000366210938,11185995.0
2022-08-15,194.00999450683594,196.49000549316406,192.10000610351562,194.75,7431639.0
2022-08-16,195.10000610351562,195.97999572753906,190.08999633789062,190.17999267578125,11094206.0
2022-08-17,190.25999450683594,194.5,188.60000610351562,193.16000366210938,8158108.0
2022-08-18,191.63999938964844,192.99000549316406,188.0,188.6199951171875,11948376.0
2022-08-19,188.8000030517578,190.77999877929688,187.0,188.0,8966012.0
2022-08-22,187.0,194.1999969482422,186.66000366210938,193.1300048828125,10575452.0
2022-08-23,194.5500030517578,195.88999938964844,189.6999969482422,192.97999572753906,8744018.0
2022-08-24,193.0,195.44000244140625,189.0,189.8000030517578,7900781.0
2022-08-25,189.6999969482422,193.6999969482422,187.72999572753906,192.82000732421875,8160758.0
2022-08-26,194.0,201.17999267578125,192.11000061035156,192.41000366210938,12549155.0
2022-08-29,189.69000244140625,193.69000244140625,189.00999450683594,192.25,5642371.0
2022-08-30,192.25,193.8800048828125,187.60000610351562,190.39999389648438,6646719.0
2022-08-31,188.75,197.77000427246094,188.00999450683594,195.5,16707728.0
2022-09-01,194.00999450683594,194.9600067138672,186.05999755859375,186.8000030517578,13044347.0
2022-09-02,184.89999389648438,186.60000610351562,179.4600067138672,180.30999755859375,12308949.0
2022-09-05,179.0,180.10000610351562,175.1999969482422,180.10000610351562,10936472.0
2022-09-06,180.67999267578125,184.83999633789062,178.1999969482422,182.72000122070312,8240623.0
2022-09-07,179.10000610351562,184.38999938964844,179.10000610351562,183.9499969482422,5014394.0
2022-09-08,184.83999633789062,189.49000549316406,184.5,186.0,7553241.0
2022-09-09,184.5,191.60000610351562,183.5500030517578,191.08999633789062,9422967.0
2022-09-13,194.99000549316406,195.0,190.5500030517578,192.47000122070312,6665235.0
2022-09-14,189.47000122070312,193.66000366210938,188.91000366210938,191.5500030517578,5906860.0
2022-09-15,192.5,194.17999267578125,189.91000366210938,191.35000610351562,7069396.0
2022-09-16,190.1999969482422,193.7100067138672,188.0,188.50999450683594,7668401.0
2022-09-19,190.0,192.1999969482422,186.8000030517578,188.4499969482422,5916822.0
2022-09-20,190.00999450683594,195.0,187.6999969482422,194.22999572753906,8321647.0
2022-09-21,193.61000061035156,195.5500030517578,185.00999450683594,185.5399932861328,11527978.0
2022-09-22,184.0,188.14999389648438,181.0500030517578,187.10000610351562,7400059.0
2022-09-23,185.8800048828125,188.82000732421875,183.3800048828125,185.41000366210938,5577961.0
2022-09-26,185.3300018310547,198.4600067138672,185.3000030517578,194.50999450683594,17426980.0
2022-09-27,194.52999877929688,203.5800018310547,193.0,202.4499969482422,15671588.0
2022-09-28,200.0,204.4499969482422,198.57000732421875,202.47999572753906,9991705.0
2022-09-29,203.3300018310547,203.5,196.05999755859375,197.25,9569693.0
2022-09-30,198.24000549316406,200.5,195.7100067138672,198.25,8099833.0
2022-10-10,197.1999969482422,197.64999389648438,187.8000030517578,187.8000030517578,9827300.0
2022-10-11,189.5,189.5,185.0,185.6300048828125,4797370.0
2022-10-12,185.64999389648438,185.97999572753906,174.44000244140625,181.02999877929688,12827631.0
2022-10-13,179.05999755859375,182.9199981689453,178.80999755859375,180.14999389648438,6173205.0
2022-10-14,181.8800048828125,190.1999969482422,181.0,185.4600067138672,10558036.0
2022-10-17,184.9600067138672,188.1999969482422,183.5800018310547,186.92999267578125,7714976.0
2022-10-18,190.0,192.5,187.33999633789062,189.0,5952963.0
2022-10-19,188.00999450683594,188.8800048828125,179.60000610351562,179.60000610351562,8393533.0
2022-10-20,175.0,183.10000610351562,174.14999389648438,179.39999389648438,14162345.0
2022-10-21,176.61000061035156,179.10000610351562,174.5500030517578,175.57000732421875,8261573.0
2022-10-24,174.0500030517578,174.3000030517578,165.02999877929688,167.0,17073947.0
2022-10-25,167.8000030517578,173.8000030517578,166.22999572753906,171.38999938964844,10976161.0
2022-10-26,171.60000610351562,175.49000549316406,171.3000030517578,173.00999450683594,9518130.0
2022-10-27,172.0,178.0,168.47999572753906,169.0,11828843.0
2022-10-28,168.52999877929688,172.86000061035156,167.0500030517578,167.4499969482422,9211967.0
2022-10-31,164.10000610351562,166.5,159.60000610351562,160.36000061035156,12901464.0
2022-11-01,160.17999267578125,176.39999389648438,156.50999450683594,176.39999389648438,20756380.0
2022-11-02,175.5,190.60000610351562,174.02999877929688,182.3000030517578,29315194.0
2022-11-03,178.0,184.77000427246094,177.14999389648438,182.61000061035156,13365091.0
2022-11-04,182.5,199.0,182.4199981689453,197.08999633789062,23056938.0
2022-11-07,192.0,196.89999389648438,189.57000732421875,191.3000030517578,14040124.0
2022-11-08,191.19000244140625,193.8699951171875,189.22999572753906,191.35000610351562,7705226.0
2022-11-09,191.0,193.17999267578125,187.92999267578125,189.11000061035156,5810863.0
2022-11-10,185.0,191.0,184.10000610351562,188.99000549316406,9289899.0
2022-11-11,199.0,201.50999450683594,190.17999267578125,195.8800048828125,26203927.0
2022-11-14,195.8800048828125,199.77000427246094,186.1300048828125,187.5,17557853.0
2022-11-15,188.94000244140625,194.5,188.3699951171875,191.0,12002440.0
2022-11-16,195.0,200.8699951171875,191.67999267578125,194.1999969482422,17174324.0
2022-11-17,192.0,195.13999938964844,189.0,192.99000549316406,10164727.0
2022-11-18,192.6999969482422,194.05999755859375,190.50999450683594,190.8000030517578,6139165.0
2022-11-21,186.5,186.5,180.0,184.52000427246094,12319789.0
2022-11-22,184.10000610351562,186.99000549316406,181.50999450683594,183.25,7441524.0
2022-11-23,181.50999450683594,182.75,179.85000610351562,181.16000366210938,6679201.0
2022-11-24,182.75999450683594,182.97000122070312,178.39999389648438,179.10000610351562,6052545.0
2022-11-25,179.9499969482422,180.5,177.00999450683594,178.66000366210938,4748980.0
2022-11-28,173.97999572753906,184.66000366210938,172.11000061035156,183.86000061035156,12997188.0
2022-11-29,184.00999450683594,197.89999389648438,183.5,194.97000122070312,20490063.0
2022-11-30,194.8000030517578,197.60000610351562,192.50999450683594,197.47999572753906,15703911.0
2022-12-01,211.0,213.1999969482422,200.8000030517578,204.0,24103286.0
2022-12-02,203.83999633789062,204.7899932861328,199.0,199.39999389648438,12884403.0
2022-12-05,205.0,209.82000732421875,201.77000427246094,204.9199981689453,18682919.0
2022-12-06,205.69000244140625,215.11000061035156,204.94000244140625,210.0,17980149.0
2022-12-07,213.0,218.25,209.9499969482422,214.39999389648438,21291139.0
2022-12-08,215.7899932861328,216.0,211.00999450683594,214.5,13829415.0
2022-12-09,214.41000366210938,214.5,207.3000030517578,213.22999572753906,15082905.0
2022-12-12,211.0,218.83999633789062,210.57000732421875,215.77000427246094,13966637.0
2022-12-13,217.0,217.8699951171875,212.97999572753906,213.74000549316406,9077253.0
2022-12-14,214.6999969482422,220.60000610351562,214.0,218.83999633789062,13226286.0
2022-12-15,222.3800048828125,224.02000427246094,216.42999267578125,219.6999969482422,11294082.0
2022-12-16,218.0,222.0,217.5,221.6999969482422,7697767.0
2022-12-19,220.05999755859375,222.8699951171875,216.8000030517578,218.0,8216153.0
2022-12-20,217.0500030517578,218.39999389648438,212.3000030517578,213.1999969482422,10227315.0
2022-12-21,215.39999389648438,217.0,213.25999450683594,215.08999633789062,6603712.0
2022-12-22,217.42999267578125,223.91000366210938,215.5,221.0399932861328,11547219.0
2022-12-23,220.5,226.77999877929688,218.3800048828125,223.3300018310547,8311983.0
2022-12-26,225.47999572753906,229.5500030517578,217.0500030517578,218.14999389648438,15509612.0
2022-12-27,220.5,220.5,214.9600067138672,218.2100067138672,10887860.0
2022-12-28,218.0,220.16000366210938,216.89999389648438,218.8000030517578,7616085.0
2022-12-29,217.0,219.4600067138672,215.5399932861328,216.14999389648438,9585063.0
2022-12-30,217.8800048828125,218.72000122070312,213.0500030517578,216.02999877929688,8775809.0
2023-01-03,217.0,218.5,212.17999267578125,214.10000610351562,8805656.0
2023-01-04,213.8000030517578,216.91000366210938,212.83999633789062,215.11000061035156,6978537.0
2023-01-05,217.8000030517578,226.69000244140625,214.8000030517578,225.89999389648438,17553110.0
2023-01-06,225.72999572753906,225.83999633789062,222.86000061035156,224.6699981689453,7719521.0
2023-01-09,225.4499969482422,226.8000030517578,223.3000030517578,225.67999267578125,8362259.0
2023-01-10,225.5,233.3300018310547,224.4499969482422,231.97999572753906,13193843.0
2023-01-11,232.0,232.8300018310547,228.5,228.60000610351562,6182126.0
2023-01-12,229.69000244140625,232.67999267578125,223.39999389648438,225.02000427246094,9717990.0
2023-01-13,225.02000427246094,228.8800048828125,224.11000061035156,228.5,9892266.0
2023-01-16,230.8800048828125,236.0,229.5800018310547,232.8000030517578,14809818.0
2023-01-17,233.05999755859375,233.7100067138672,228.13999938964844,230.99000549316406,6526234.0
2023-01-18,233.0,235.0,229.0,229.3000030517578,6211084.0
2023-01-19,230.1199951171875,232.85000610351562,224.5500030517578,231.63999938964844,10243863.0
2023-01-20,233.9600067138672,234.1999969482422,229.7899932861328,230.5,7191393.0
2023-01-30,239.5,239.99000549316406,216.39999389648438,217.49000549316406,30059580.0
2023-01-31,218.1999969482422,219.89999389648438,210.97999572753906,212.3000030517578,17760681.0
2023-02-01,213.99000549316406,213.99000549316406,208.8800048828125,212.85000610351562,15838828.0
2023-02-02,213.5800018310547,215.57000732421875,210.6999969482422,215.22000122070312,12411060.0
2023-02-03,213.91000366210938,214.0,207.92999267578125,210.9600067138672,11167110.0
2023-02-06,208.0,209.0,204.02999877929688,206.16000366210938,13534677.0
2023-02-07,206.00999450683594,207.4499969482422,204.5,205.55999755859375,8453203.0
2023-02-08,206.00999450683594,206.99000549316406,204.0399932861328,204.30999755859375,6214598.0
2023-02-09,204.0,207.99000549316406,203.80999755859375,205.69000244140625,11106837.0
2023-02-10,205.0,205.1999969482422,202.00999450683594,204.4199981689453,9431756.0
2023-02-13,203.3300018310547,208.67999267578125,202.2100067138672,208.0,14974041.0
2023-02-14,207.1999969482422,207.8000030517578,203.0800018310547,205.4499969482422,13846768.0
2023-02-15,205.0,205.4499969482422,200.38999938964844,200.5,14055521.0
2023-02-16,200.64999389648438,207.0,200.64999389648438,204.17999267578125,16511015.0
2023-02-17,203.11000061035156,206.8000030517578,200.50999450683594,200.5399932861328,10298613.0
2023-02-20,201.07000732421875,206.0,198.77000427246094,205.97000122070312,11759614.0
2023-02-21,205.0,205.89999389648438,201.3000030517578,203.5,9653374.0
2023-02-22,201.57000732421875,203.0,200.11000061035156,200.5399932861328,7874977.0
2023-02-23,200.1999969482422,201.8800048828125,199.1999969482422,199.99000549316406,6454419.0
2023-02-24,200.6699981689453,200.8800048828125,197.00999450683594,197.50999450683594,8652075.0
2023-02-27,195.6999969482422,198.5800018310547,194.85000610351562,197.30999755859375,8000856.0
2023-02-28,198.3000030517578,199.2899932861328,194.91000366210938,197.5800018310547,8848910.0
2023-03-01,197.10000610351562,198.6999969482422,195.77000427246094,196.85000610351562,9984782.0
2023-03-02,196.86000061035156,197.8000030517578,195.10000610351562,195.52000427246094,7339223.0
2023-03-03,196.2899932861328,197.1999969482422,194.5500030517578,196.05999755859375,7619296.0
2023-03-06,196.9600067138672,197.49000549316406,189.8800048828125,191.92999267578125,19025496.0
2023-03-07,191.83999633789062,192.6999969482422,188.57000732421875,188.60000610351562,11536539.0
2023-03-08,187.4199981689453,188.4499969482422,186.67999267578125,187.64999389648438,6929708.0
2023-03-09,187.77999877929688,188.3300018310547,183.47999572753906,184.49000549316406,12328694.0
2023-03-10,182.0,183.88999938964844,181.66000366210938,181.72999572753906,9158250.0
2023-03-13,181.52999877929688,188.38999938964844,181.5,186.80999755859375,15024419.0
2023-03-14,186.10000610351562,186.91000366210938,183.72000122070312,186.35000610351562,8074972.0
2023-03-15,189.61000061035156,190.1999969482422,182.5500030517578,182.9499969482422,12377581.0
2023-03-16,181.0,185.99000549316406,180.0,184.25999450683594,11033593.0
2023-03-17,186.13999938964844,188.8000030517578,184.5,185.3000030517578,12235057.0
2023-03-20,185.8000030517578,185.8000030517578,180.5,182.6699981689453,9050409.0
2023-03-21,183.5,188.22999572753906,183.11000061035156,188.0,11561956.0
2023-03-22,189.0,189.74000549316406,184.0399932861328,184.69000244140625,12359461.0
2023-03-23,183.5,185.10000610351562,182.0,184.55999755859375,7724564.0
2023-03-24,183.6999969482422,187.5,183.61000061035156,186.32000732421875,8183845.0
2023-03-27,186.3300018310547,186.3300018310547,183.8000030517578,184.75,7007979.0
2023-03-28,185.60000610351562,185.8699951171875,181.6699981689453,182.61000061035156,9844256.0
2023-03-29,183.39999389648438,185.49000549316406,181.88999938964844,182.5399932861328,8070433.0
2023-03-30,182.58999633789062,187.57000732421875,182.57000732421875,187.47000122070312,13150171.0
2023-03-31,187.52000427246094,187.99000549316406,182.77999877929688,183.24000549316406,14372198.0
2023-04-03,183.0,187.0,181.00999450683594,184.38999938964844,15742223.0
2023-04-04,184.10000610351562,184.3000030517578,175.89999389648438,178.0399932861328,25928016.0
2023-04-06,175.00999450683594,180.47999572753906,173.63999938964844,176.82000732421875,14394786.0
2023-04-07,177.0,183.42999267578125,176.8699951171875,181.82000732421875,15165773.0
2023-04-10,181.16000366210938,181.8000030517578,178.69000244140625,179.85000610351562,8841722.0
2023-04-11,179.8699951171875,182.82000732421875,178.2100067138672,179.27000427246094,11063031.0
2023-04-12,179.27000427246094,180.0,175.7899932861328,176.0,13040393.0
2023-04-13,175.9499969482422,177.32000732421875,174.4600067138672,176.64999389648438,11045998.0
2023-04-14,176.77999877929688,177.5,174.33999633789062,174.77999877929688,11148532.0
2023-04-17,176.05999755859375,180.32000732421875,175.14999389648438,179.80999755859375,18201643.0
2023-04-18,180.32000732421875,181.24000549316406,178.27999877929688,180.3000030517578,9949832.0
2023-04-19,180.39999389648438,180.39999389648438,175.30999755859375,176.9600067138672,12075305.0
2023-04-20,176.60000610351562,176.9600067138672,170.1999969482422,171.0,18343636.0
2023-04-21,171.0,171.47999572753906,166.66000366210938,167.1699981689453,16686101.0
2023-04-24,167.10000610351562,167.11000061035156,163.00999450683594,163.88999938964844,14055615.0
2023-04-25,162.11000061035156,162.77999877929688,159.1199951171875,161.9499969482422,14728785.0
2023-04-26,161.6699981689453,165.0800018310547,161.50999450683594,162.0,12045004.0
2023-04-27,162.10000610351562,162.9499969482422,160.72000122070312,161.60000610351562,11345885.0
2023-04-28,164.77000427246094,166.3800048828125,157.61000061035156,160.97999572753906,22747272.0
2023-05-04,158.0,158.97999572753906,151.8000030517578,153.32000732421875,30936599.0
2023-05-05,153.25,154.5,150.99000549316406,152.8800048828125,13228761.0
2023-05-08,152.5,152.5,148.11000061035156,149.86000061035156,18878429.0
2023-05-09,149.0,150.9499969482422,147.60000610351562,147.61000061035156,16012699.0
2023-05-10,146.99000549316406,147.75,144.72000122070312,144.97999572753906,16777431.0
2023-05-11,145.52999877929688,146.1999969482422,143.8000030517578,144.0500030517578,12093675.0
2023-05-12,144.35000610351562,145.14999389648438,139.69000244140625,139.6999969482422,18728641.0
2023-05-15,139.0,142.13999938964844,138.72000122070312,142.0,14840193.0
2023-05-16,142.0,142.0,137.8800048828125,138.77999877929688,16725429.0
2023-05-17,138.5,139.10000610351562,135.6699981689453,136.44000244140625,13599572.0
2023-05-18,136.0,136.89999389648438,133.07000732421875,133.8800048828125,14681288.0
2023-05-19,134.35000610351562,135.82000732421875,131.50999450683594,135.16000366210938,19495808.0
2023-05-22,134.0,140.57000732421875,132.52999877929688,138.8699951171875,22506481.0
2023-05-23,137.2899932861328,138.8000030517578,136.5,136.50999450683594,11388145.0
2023-05-24,136.0,136.0,133.50999450683594,133.50999450683594,10494967.0
2023-05-25,132.22999572753906,133.5,130.6699981689453,131.39999389648438,12688579.0
2023-05-26,131.64999389648438,132.25,128.8800048828125,130.6999969482422,10900242.0
2023-05-29,130.6999969482422,131.13999938964844,127.38999938964844,127.44000244140625,13493251.0
2023-05-30,127.87000274658203,129.22999572753906,125.20999908447266,127.80000305175781,12189211.0
2023-05-31,126.0,126.44000244140625,122.08000183105469,123.0999984741211,24103441.0
2023-06-01,123.4800033569336,124.0199966430664,120.80000305175781,120.94999694824219,19716048.0
2023-06-02,122.0,123.94000244140625,120.86000061035156,122.80999755859375,18707293.0
2023-06-05,122.91999816894531,122.91999816894531,119.54000091552734,119.55000305175781,14523015.0
2023-06-06,120.19000244140625,121.30000305175781,116.87000274658203,117.70999908447266,18870151.0
2023-06-07,118.44000244140625,118.97000122070312,116.11000061035156,116.58000183105469,15271350.0
2023-06-08,116.77999877929688,118.87999725341797,115.5999984741211,117.58000183105469,15578898.0
2023-06-09,117.98999786376953,119.37000274658203,115.95999908447266,116.80000305175781,16062727.0
2023-06-12,116.0,121.80000305175781,115.0,120.01000213623047,22628422.0
2023-06-13,119.5,121.19999694824219,118.5999984741211,120.80000305175781,14271083.0
2023-06-14,121.47000122070312,124.30999755859375,120.33000183105469,121.12999725341797,25145167.0
2023-06-15,121.37999725341797,130.89999389648438,120.19999694824219,130.0,45750011.0
2023-06-16,130.5,131.0,127.27999877929688,130.16000366210938,27568571.0
2023-06-19,129.5,129.72999572753906,126.76000213623047,127.30000305175781,16994593.0
2023-06-20,126.87000274658203,128.60000610351562,126.0199966430664,126.27999877929688,12671787.0
2023-06-21,126.01000213623047,127.19999694824219,122.0199966430664,122.1500015258789,18152967.0
2023-06-26,120.0,121.66000366210938,117.2300033569336,117.44000244140625,20562105.0
2023-06-27,119.22000122070312,119.36000061035156,115.80999755859375,116.69000244140625,19022651.0
2023-06-28,116.69999694824219,117.16999816894531,115.19999694824219,115.79000091552734,13168996.0
2023-06-29,115.83000183105469,115.94000244140625,110.62999725341797,110.88999938964844,30764546.0
2023-06-30,110.76000213623047,111.8499984741211,108.91000366210938,110.52999877929688,21889922.0
2023-07-03,110.4800033569336,116.33999633789062,109.5999984741211,115.2300033569336,28855299.0
2023-07-04,114.9000015258789,116.44999694824219,113.66999816894531,115.29000091552734,16356310.0
2023-07-05,115.44999694824219,115.66000366210938,112.6500015258789,112.81999969482422,13919043.0
2023-07-06,112.98999786376953,114.5,110.58000183105469,111.01000213623047,17401290.0
2023-07-07,110.58999633789062,111.52999877929688,109.5999984741211,109.66000366210938,12240501.0
2023-07-10,112.98999786376953,120.62999725341797,112.3499984741211,117.55999755859375,51171635.0
2023-07-11,117.16000366210938,117.87000274658203,115.41000366210938,115.87000274658203,22077932.0
2023-07-12,116.45999908447266,118.52999877929688,115.33000183105469,116.1500015258789,19720337.0
2023-07-13,118.22000122070312,120.4800033569336,117.36000061035156,119.0999984741211,27147066.0
2023-07-14,120.13999938964844,120.13999938964844,116.80999755859375,117.05000305175781,16914996.0
2023-07-17,116.0,116.19999694824219,114.5999984741211,115.4000015258789,10137823.0
2023-07-18,115.95999908447266,115.97000122070312,113.5999984741211,114.51000213623047,10804786.0
2023-07-19,113.94000244140625,115.30000305175781,113.80000305175781,114.2300033569336,9777936.0
2023-07-20,115.0,116.66000366210938,113.0,113.1500015258789,14835146.0
2023-07-21,112.12999725341797,116.19999694824219,111.80999755859375,113.72000122070312,18229689.0
2023-07-24,112.0199966430664,112.77999877929688,110.88999938964844,111.2699966430664,12650167.0
2023-07-25,115.0,118.44999694824219,114.51000213623047,118.20999908447266,34082108.0
2023-07-26,118.22000122070312,118.9000015258789,117.22000122070312,118.30000305175781,15078838.0
2023-07-27,118.30000305175781,123.38999938964844,117.55999755859375,120.98999786376953,31297929.0
2023-07-28,120.0199966430664,126.56999969482422,119.52999877929688,125.97000122070312,32601514.0
2023-07-31,128.24000549316406,130.25999450683594,124.47000122070312,125.7699966430664,38326972.0
2023-08-01,125.1500015258789,127.5,122.77999877929688,123.63999938964844,22492405.0
2023-08-02,122.69999694824219,125.5,122.30999755859375,122.94000244140625,16328476.0
2023-08-03,122.3499984741211,124.80000305175781,121.0,124.12999725341797,16564206.0
2023-08-04,125.5,128.10000610351562,125.20999908447266,125.86000061035156,27954868.0
2023-08-07,124.69999694824219,126.08000183105469,123.9800033569336,124.95999908447266,13956850.0
2023-08-08,124.80000305175781,124.95999908447266,122.18000030517578,123.8499984741211,12829516.0
2023-08-09,123.0,125.25,123.0,123.47000122070312,9069645.0
2023-08-10,123.55000305175781,124.4000015258789,121.08000183105469,122.62000274658203,13577328.0
2023-08-11,122.77999877929688,123.66000366210938,120.5,120.5,12513761.0
2023-08-14,118.0,119.12000274658203,116.77999877929688,118.27999877929688,14698698.0
2023-08-15,118.27999877929688,118.7699966430664,114.66000366210938,116.0999984741211,15300284.0
2023-08-16,115.5,117.44000244140625,115.19000244140625,116.80999755859375,12374463.0
2023-08-17,115.56999969482422,120.31999969482422,115.55999755859375,120.02999877929688,18004299.0
2023-08-18,119.80000305175781,119.95999908447266,114.08999633789062,114.08999633789062,18241191.0
2023-08-21,115.44999694824219,118.56999969482422,113.76000213623047,116.0,17386014.0
2023-08-22,116.0,116.36000061035156,110.66000366210938,113.08999633789062,19944853.0
2023-08-23,112.94999694824219,113.55000305175781,110.16999816894531,110.33999633789062,11830582.0
2023-08-24,111.0999984741211,112.80999755859375,110.33999633789062,111.94999694824219,9606143.0
2023-08-25,110.98999786376953,110.98999786376953,106.88999938964844,107.5,17732575.0
2023-08-28,114.4800033569336,114.48999786376953,109.43000030517578,109.77999877929688,20012203.0
2023-08-29,110.76000213623047,112.80000305175781,109.33999633789062,112.1500015258789,15113953.0
2023-08-30,112.18000030517578,112.70999908447266,111.18000030517578,111.4000015258789,10111021.0
2023-08-31,111.4000015258789,111.66000366210938,108.81999969482422,108.91999816894531,11473977.0
2023-09-01,109.9000015258789,111.33000183105469,109.08000183105469,109.3499984741211,9259254.0
2023-09-04,110.62000274658203,115.95999908447266,110.11000061035156,115.91999816894531,25302406.0
2023-09-05,115.01000213623047,116.0,114.20999908447266,114.5,11472106.0
2023-09-06,113.98999786376953,114.0,112.37999725341797,113.0,9089770.0
2023-09-07,112.9000015258789,112.9000015258789,110.1500015258789,110.23999786376953,10564679.0
2023-09-08,109.80000305175781,109.80000305175781,108.0,108.4000015258789,9337241.0
2023-09-11,108.41999816894531,111.37999725341797,107.12999725341797,110.2300033569336,13042576.0
2023-09-12,109.48999786376953,110.2300033569336,108.5199966430664,109.0,8425028.0
2023-09-13,108.98999786376953,109.95999908447266,106.9000015258789,107.5199966430664,11460571.0
2023-09-14,107.5199966430664,107.94999694824219,104.8499984741211,105.44999694824219,14127755.0
2023-09-15,106.05000305175781,107.27999877929688,104.13999938964844,106.05999755859375,13573102.0
2023-09-18,105.9000015258789,112.22000122070312,105.27999877929688,111.77999877929688,27753907.0
2023-09-19,111.3499984741211,111.5999984741211,109.18000030517578,109.68000030517578,11137797.0
2023-09-20,109.0199966430664,110.26000213623047,108.52999877929688,109.5999984741211,9247621.0
2023-09-21,108.80000305175781,108.80000305175781,105.80000305175781,105.94999694824219,14970940.0
2023-09-22,105.5,109.3499984741211,104.91999816894531,109.30000305175781,16268057.0
2023-09-25,108.69999694824219,109.8499984741211,107.6500015258789,107.72000122070312,12513042.0
2023-09-26,107.30000305175781,108.4800033569336,106.5,106.83000183105469,9709385.0
2023-09-27,106.88999938964844,109.58999633789062,106.27999877929688,107.5,12854421.0
2023-09-28,108.1500015258789,108.1500015258789,105.51000213623047,105.97000122070312,16475744.0
2023-10-09,104.30999755859375,104.5,100.37999725341797,100.4000015258789,26257932.0
2023-10-10,101.0,103.38999938964844,100.4000015258789,100.87000274658203,20499687.0
2023-10-11,101.30000305175781,102.0,99.80999755859375,100.2300033569336,16324713.0
2023-10-12,100.30000305175781,102.0,100.0,101.05999755859375,16176478.0
2023-10-13,99.73999786376953,99.73999786376953,96.7699966430664,97.18000030517578,23580864.0
2023-10-16,96.30000305175781,97.48999786376953,94.44000244140625,94.87999725341797,18162851.0
2023-10-17,94.87999725341797,97.30000305175781,94.70999908447266,95.93000030517578,15296661.0
2023-10-18,95.4000015258789,95.56999969482422,94.20999908447266,94.25,11336647.0
2023-10-19,93.81999969482422,94.36000061035156,92.77999877929688,92.83000183105469,13672272.0
2023-10-20,92.19000244140625,93.55000305175781,92.05999755859375,92.36000061035156,13241374.0
2023-10-23,91.91000366210938,92.6500015258789,89.58000183105469,90.06999969482422,12400227.0
2023-10-24,91.0,91.43000030517578,89.51000213623047,90.19999694824219,13923831.0
2023-10-25,91.5,92.79000091552734,90.13999938964844,90.20999908447266,16743057.0
2023-10-26,88.69999694824219,89.8499984741211,87.61000061035156,89.62000274658203,16528693.0
2023-10-27,89.98999786376953,94.69999694824219,89.27999877929688,93.9000015258789,31863456.0
2023-10-30,93.30000305175781,95.87999725341797,93.19999694824219,95.41999816894531,17832170.0
2023-10-31,94.9000015258789,95.30000305175781,93.5999984741211,94.5999984741211,10562158.0
2023-11-01,96.0,96.51000213623047,93.25,93.83999633789062,11271697.0
2023-11-02,94.94999694824219,95.23999786376953,92.69999694824219,92.7300033569336,10805310.0
2023-11-03,93.41000366210938,95.05000305175781,92.9000015258789,94.58000183105469,10898080.0
2023-11-06,95.5,97.13999938964844,95.19999694824219,96.19000244140625,14275365.0
2023-11-07,95.58000183105469,95.9800033569336,94.73999786376953,95.61000061035156,10791223.0
2023-11-08,95.58999633789062,97.5,95.11000061035156,96.30000305175781,14923181.0
2023-11-09,96.26000213623047,96.91999816894531,95.68000030517578,95.9800033569336,9373025.0
2023-11-10,95.0199966430664,95.5,94.30000305175781,94.4000015258789,8234389.0
2023-11-13,95.18000030517578,97.0999984741211,94.91999816894531,95.12000274658203,12641055.0
2023-11-14,95.31999969482422,96.58000183105469,94.7300033569336,95.23999786376953,8611960.0
2023-11-15,96.9000015258789,97.22000122070312,95.66999816894531,96.1500015258789,11218242.0
2023-11-16,96.16999816894531,96.19999694824219,94.23999786376953,94.36000061035156,9877367.0
2023-11-17,93.9000015258789,94.6500015258789,92.5999984741211,93.58000183105469,11833641.0
2023-11-20,94.1500015258789,95.31999969482422,92.62000274658203,94.45999908447266,11464714.0
2023-11-21,95.5,97.0,94.80000305175781,95.02999877929688,16004450.0
2023-11-22,94.47000122070312,94.87999725341797,93.12999725341797,93.2699966430664,10082448.0
2023-11-23,93.02999877929688,94.0,91.87000274658203,93.83999633789062,9005659.0
2023-11-24,93.70999908447266,93.70999908447266,91.80000305175781,92.0,8966072.0
2023-11-27,92.01000213623047,92.5,89.88999938964844,90.88999938964844,11555560.0
2023-11-28,90.76000213623047,91.43000030517578,90.3499984741211,91.0,6302640.0
2023-11-29,90.70999908447266,91.12999725341797,88.9000015258789,89.5,9437797.0
2023-11-30,89.66000366210938,90.19000244140625,88.51000213623047,89.1500015258789,10015048.0
2023-12-01,88.5999984741211,88.88999938964844,86.5199966430664,87.9000015258789,14810360.0
2023-12-04,87.9000015258789,88.22000122070312,86.58999633789062,86.5999984741211,9608810.0
2023-12-05,86.23999786376953,86.37000274658203,83.98999786376953,84.0,12463138.0
2023-12-06,83.69999694824219,85.52999877929688,83.30000305175781,84.4800033569336,11021425.0
2023-12-07,84.44999694824219,84.44999694824219,82.41999816894531,82.87999725341797,12827497.0
2023-12-08,82.87999725341797,83.72000122070312,81.80000305175781,82.30000305175781,12054975.0
2023-12-11,81.5999984741211,82.69000244140625,80.5,82.4000015258789,14762458.0
2023-12-12,82.19999694824219,83.43000030517578,81.8499984741211,82.13999938964844,10258839.0
2023-12-13,81.51000213623047,81.76000213623047,78.87999725341797,78.9000015258789,19737412.0
2023-12-14,79.58000183105469,80.95999908447266,78.31999969482422,78.5,13960265.0
2023-12-15,78.91000366210938,80.30000305175781,78.11000061035156,78.19000244140625,18760412.0
2023-12-18,77.4000015258789,78.1500015258789,76.0,76.45999908447266,15434198.0
2023-12-19,76.25,77.44000244140625,76.13999938964844,76.88999938964844,12236319.0
2023-12-20,76.9000015258789,77.1500015258789,75.81999969482422,75.83000183105469,10192715.0
2023-12-21,75.41999816894531,80.66000366210938,75.41999816894531,79.75,34598613.0
2023-12-22,79.08000183105469,80.18000030517578,77.80000305175781,79.0999984741211,21807407.0
2023-12-25,78.87999725341797,79.63999938964844,78.27999877929688,79.61000061035156,12443175.0
2023-12-26,79.61000061035156,79.63999938964844,78.05999755859375,78.8499984741211,11620145.0
2023-12-27,80.5,80.9800033569336,78.06999969482422,78.37000274658203,20564213.0
2023-12-28,77.41999816894531,85.8499984741211,77.41000366210938,85.0199966430664,44653854.0
2023-12-29,84.25,85.18000030517578,83.2699966430664,83.69000244140625,22271465.0
2024-01-02,83.69000244140625,83.87999725341797,80.55000305175781,80.5999984741211,21099910.0
2024-01-03,80.20999908447266,81.12000274658203,79.95999908447266,80.43000030517578,13361912.0
2024-01-04,80.43000030517578,80.62999725341797,77.80999755859375,78.5999984741211,16343072.0
2024-01-05,78.48999786376953,79.27999877929688,76.70999908447266,77.0199966430664,17111423.0
2024-01-08,77.01000213623047,77.79000091552734,75.12000274658203,75.4000015258789,15387219.0
2024-01-09,77.18000030517578,82.94000244140625,76.91000366210938,80.22000122070312,54925875.0
2024-01-10,79.25,83.5,78.66000366210938,81.69999694824219,40597513.0
2024-01-11,81.2699966430664,83.0,80.58999633789062,82.06999969482422,27692742.0
2024-01-12,81.48999786376953,82.37999725341797,80.70999908447266,80.80999755859375,15696053.0
2024-01-15,80.02999877929688,84.9000015258789,80.02999877929688,82.25,29934178.0
2024-01-16,81.48999786376953,82.61000061035156,80.5999984741211,82.4000015258789,22165397.0
2024-01-17,81.9800033569336,82.0,79.0,79.0,20950486.0
2024-01-18,78.37999725341797,84.25,78.37999725341797,84.0,44014449.0
2024-01-19,83.4000015258789,85.20999908447266,83.4000015258789,84.01000213623047,29591387.0
2024-01-22,84.0,84.5,81.12999725341797,81.97000122070312,29260130.0
2024-01-23,82.0199966430664,82.68000030517578,79.69000244140625,81.1500015258789,24205629.0
2024-01-24,81.98999786376953,82.68000030517578,78.72000122070312,81.93000030517578,28257482.0
2024-01-25,81.0,87.95999908447266,80.38999938964844,86.9000015258789,49023326.0
2024-01-26,86.18000030517578,87.05999755859375,84.80000305175781,85.62000274658203,30641970.0
2024-01-29,85.19999694824219,88.9800033569336,84.68000030517578,84.91999816894531,36257420.0
2024-01-30,84.0,84.9000015258789,82.02999877929688,82.25,23795625.0
2024-01-31,81.5199966430664,82.5,79.47000122070312,79.80999755859375,25120649.0
2024-02-01,79.38999938964844,82.30000305175781,77.27999877929688,80.94999694824219,27732523.0
2024-02-02,80.41999816894531,81.1500015258789,75.83000183105469,78.5199966430664,29862330.0
2024-02-05,77.48999786376953,79.52999877929688,76.2300033569336,77.87000274658203,26872237.0
2024-02-06,77.80000305175781,82.70999908447266,77.16999816894531,82.69999694824219,27803920.0
2024-02-07,82.9000015258789,84.8499984741211,82.13999938964844,84.0,27701825.0
2024-02-08,84.93000030517578,85.6500015258789,83.37999725341797,84.44999694824219,25693564.0
2024-02-19,89.68000030517578,89.68000030517578,84.66000366210938,85.29000091552734,38074509.0
2024-02-20,85.5,85.93000030517578,83.66000366210938,84.52999877929688,20282010.0
2024-02-21,83.80000305175781,88.44000244140625,83.43000030517578,86.86000061035156,37038926.0
2024-02-22,86.0,87.58999633789062,85.91999816894531,87.51000213623047,20299484.0
2024-02-23,87.51000213623047,88.12999725341797,86.66000366210938,87.58000183105469,18680083.0
2024-02-26,87.4000015258789,87.4000015258789,84.9000015258789,85.63999938964844,23174248.0
2024-02-27,84.75,86.19999694824219,84.75,86.19000244140625,20322447.0
2024-02-28,85.80000305175781,88.87999725341797,85.19000244140625,85.2300033569336,31796138.0
2024-02-29,84.5,87.0999984741211,84.4800033569336,87.0999984741211,25807452.0
2024-03-01,86.80000305175781,87.05000305175781,85.80999755859375,86.6500015258789,19967749.0
2024-03-04,86.05999755859375,86.55000305175781,84.83000183105469,85.12999725341797,20093028.0
2024-03-05,84.9000015258789,85.94000244140625,84.22000122070312,85.0,18183857.0
2024-03-06,84.80000305175781,85.58999633789062,84.4000015258789,84.8499984741211,14807364.0
2024-03-07,84.80999755859375,85.08999633789062,82.19999694824219,82.30000305175781,23339313.0
2024-03-08,81.69999694824219,82.62000274658203,80.98999786376953,81.37000274658203,17496966.0
2024-03-11,81.20999908447266,84.93000030517578,81.12999725341797,84.88999938964844,28295457.0
2024-03-12,84.9000015258789,87.87999725341797,84.41000366210938,87.62000274658203,34435881.0
2024-03-13,87.5,88.48999786376953,86.4000015258789,87.33999633789062,24172464.0
2024-03-14,87.04000091552734,89.66999816894531,87.04000091552734,88.05000305175781,25214440.0
2024-03-15,87.88999938964844,91.4800033569336,87.6500015258789,89.3499984741211,30252815.0
2024-03-18,89.0,90.73999786376953,88.16999816894531,89.68000030517578,21774093.0
2024-03-19,89.30000305175781,89.41000366210938,87.45999908447266,87.5,17707291.0
2024-03-20,87.61000061035156,88.12999725341797,86.79000091552734,87.52999877929688,11427703.0
2024-03-21,87.58999633789062,88.38999938964844,86.51000213623047,86.55000305175781,14215103.0
2024-03-22,86.01000213623047,86.19000244140625,83.94000244140625,84.30999755859375,19803951.0
2024-03-25,84.05999755859375,85.98999786376953,83.51000213623047,84.80999755859375,15921032.0
2024-03-26,84.94999694824219,85.66000366210938,83.95999908447266,85.05999755859375,15133334.0
2024-03-27,84.94999694824219,84.94999694824219,83.18000030517578,83.18000030517578,14487818.0
2024-03-28,83.5999984741211,87.29000091552734,83.5999984741211,86.18000030517578,28205012.0
2024-03-29,86.27999877929688,86.29000091552734,84.70999908447266,85.41999816894531,9145798.0
2024-04-01,85.69999694824219,87.5,85.69999694824219,87.5,19212835.0
2024-04-02,87.06999969482422,87.27999877929688,85.36000061035156,85.69000244140625,18950636.0
2024-04-03,85.0999984741211,85.48999786376953,84.2300033569336,84.5,14406816.0
2024-04-08,84.36000061035156,84.36000061035156,81.7300033569336,81.87000274658203,21917476.0
2024-04-09,81.9000015258789,84.25,81.86000061035156,82.01000213623047,20065160.0
2024-04-10,82.0,82.0,78.4800033569336,79.02999877929688,29791173.0
2024-04-11,78.08000183105469,78.69000244140625,77.43000030517578,78.23999786376953,21857586.0
2024-04-12,78.0999984741211,78.19999694824219,75.81999969482422,75.9800033569336,24632856.0
2024-04-15,75.54000091552734,77.97000122070312,75.2300033569336,77.33000183105469,25450011.0
2024-04-16,76.68000030517578,77.30999755859375,75.77999877929688,75.8499984741211,18075941.0
2024-04-17,75.94000244140625,77.19999694824219,75.73999786376953,77.16999816894531,21910243.0
2024-04-18,76.62000274658203,77.23999786376953,76.01000213623047,76.41000366210938,20123945.0
2024-04-19,75.30999755859375,75.47000122070312,72.16000366210938,72.3499984741211,40369334.0
2024-04-22,71.38999938964844,73.2699966430664,71.19999694824219,72.54000091552734,21185818.0
2024-04-23,72.0199966430664,72.80000305175781,70.81999969482422,71.72000122070312,19681023.0
2024-04-24,72.44000244140625,72.66000366210938,71.30999755859375,72.29000091552734,15810345.0
2024-04-25,71.9000015258789,72.69000244140625,71.33000183105469,71.93000030517578,17052042.0
2024-04-26,72.0999984741211,74.33000183105469,71.97000122070312,74.26000213623047,28553937.0
2024-04-29,74.2699966430664,77.0999984741211,73.88999938964844,76.41999816894531,30257894.0
2024-04-30,76.18000030517578,76.4000015258789,74.9000015258789,74.9000015258789,21280770.0
2024-05-06,74.87000274658203,77.47000122070312,74.69999694824219,76.26000213623047,31676431.0
2024-05-07,75.69999694824219,75.91999816894531,75.22000122070312,75.72000122070312,17791239.0
2024-05-08,75.4000015258789,75.4000015258789,73.33999633789062,73.36000061035156,23193999.0
2024-05-09,73.30999755859375,74.87000274658203,73.25,74.37999725341797,16637534.0
2024-05-10,74.41000366210938,75.13999938964844,73.12999725341797,74.02999877929688,16371570.0
2024-05-13,73.66000366210938,73.66000366210938,72.58000183105469,73.47000122070312,14324001.0
2024-05-14,73.55000305175781,74.58000183105469,73.5,73.68000030517578,13466176.0
2024-05-15,73.47000122070312,74.30000305175781,72.93000030517578,73.43000030517578,11349653.0
2024-05-16,73.4800033569336,74.80000305175781,72.81999969482422,73.79000091552734,20503757.0
2024-05-17,74.20999908447266,76.62999725341797,73.44000244140625,76.48999786376953,38508214.0
2024-05-20,77.55999755859375,78.94999694824219,76.77999877929688,78.22000122070312,40785687.0
2024-05-21,77.5,78.4000015258789,77.01000213623047,77.41000366210938,22545785.0
2024-05-22,77.41000366210938,78.68000030517578,77.06999969482422,78.01000213623047,20152837.0
2024-05-23,77.5999984741211,77.73999786376953,75.73999786376953,75.80999755859375,19939209.0
2024-05-24,75.5,75.5999984741211,73.61000061035156,73.66000366210938,19878231.0
2024-05-27,73.77999877929688,74.1500015258789,71.91000366210938,73.41000366210938,19699488.0
2024-05-28,72.88999938964844,73.4000015258789,72.4000015258789,72.4800033569336,12179223.0
2024-05-29,72.5,73.55000305175781,72.33000183105469,72.75,11022217.0
2024-05-30,72.33000183105469,72.3499984741211,71.0999984741211,71.38999938964844,18527927.0
2024-05-31,71.66000366210938,72.08999633789062,71.0,71.0,16688891.0
2024-06-03,71.02999877929688,71.27999877929688,70.0,70.47000122070312,15486355.0
2024-06-04,70.30000305175781,73.47000122070312,70.18000030517578,73.41000366210938,29486414.0
2024-06-05,73.0,74.37999725341797,72.72000122070312,73.33999633789062,21755678.0
2024-06-06,73.83999633789062,74.16000366210938,72.41000366210938,72.41000366210938,18703367.0
2024-06-07,72.88999938964844,73.37999725341797,72.02999877929688,72.5999984741211,15449120.0
2024-06-11,72.1500015258789,72.1500015258789,70.80000305175781,71.05000305175781,17045154.0
2024-06-12,70.75,71.62999725341797,70.30000305175781,71.2300033569336,16605905.0
2024-06-13,71.16000366210938,71.41000366210938,70.63999938964844,70.80000305175781,11778600.0
2024-06-14,69.58000183105469,69.58000183105469,67.62000274658203,69.27999877929688,17688421.0
2024-06-17,68.5,69.06999969482422,68.37999725341797,68.77999877929688,11352469.0
2024-06-18,68.94999694824219,70.51000213623047,68.91999816894531,69.29000091552734,15338193.0
2024-06-19,69.05000305175781,69.16000366210938,67.5,67.51000213623047,16829732.0
2024-06-20,67.0999984741211,67.26000213623047,65.05000305175781,65.36000061035156,23615463.0
2024-06-21,65.0,65.55000305175781,64.30000305175781,64.66000366210938,13733365.0
2024-06-24,64.05999755859375,65.19999694824219,63.33000183105469,64.4800033569336,16364157.0
2024-06-25,64.4800033569336,65.37999725341797,62.849998474121094,63.0,17341196.0
2024-06-26,62.810001373291016,64.58000183105469,62.529998779296875,64.41000366210938,14751269.0
2024-06-27,64.0,64.33000183105469,62.91999816894531,62.95000076293945,12693938.0
2024-06-28,62.5,63.349998474121094,62.130001068115234,62.4900016784668,14501670.0
2024-07-01,62.41999816894531,62.75,61.75,62.5,11613637.0
2024-07-02,62.47999954223633,63.189998626708984,61.779998779296875,61.810001373291016,13740728.0
2024-07-03,62.029998779296875,67.98999786376953,62.029998779296875,67.9800033569336,66386923.0
2024-07-04,66.31999969482422,66.87999725341797,64.6500015258789,64.75,41976297.0
2024-07-05,64.75,64.75,64.75,64.75,0.0
2024-07-08,65.0999984741211,65.87999725341797,63.0,63.099998474121094,28446642.0
2024-07-09,63.06999969482422,63.400001525878906,62.02000045776367,63.150001525878906,24287886.0
2024-07-10,62.86000061035156,64.7699966430664,62.27000045776367,63.349998474121094,19768427.0
2024-07-11,64.69000244140625,67.86000061035156,63.83000183105469,67.33000183105469,38625465.0
2024-07-12,67.1500015258789,69.77999877929688,67.0,67.75,38030674.0
2024-07-15,66.0,67.55000305175781,65.97000122070312,66.87999725341797,19430110.0
2024-07-16,66.9000015258789,68.5199966430664,66.9000015258789,67.47000122070312,25258185.0
2024-07-17,67.0,71.9000015258789,66.51000213623047,70.51000213623047,45270139.0
2024-07-18,70.30000305175781,71.0999984741211,69.4000015258789,70.16999816894531,26544551.0
2024-07-19,69.48999786376953,70.02999877929688,68.58999633789062,69.83000183105469,22847965.0
2024-07-22,69.83999633789062,69.93000030517578,68.18000030517578,68.68000030517578,20996003.0
2024-07-23,68.69999694824219,69.37999725341797,66.68000030517578,66.7300033569336,19494645.0
2024-07-24,66.5,67.37999725341797,64.80999755859375,65.19000244140625,19778489.0
2024-07-25,64.83000183105469,67.69999694824219,64.75,66.75,23237211.0
2024-07-26,66.7699966430664,67.75,66.27999877929688,67.12000274658203,14355190.0
2024-07-29,67.12000274658203,67.12000274658203,64.8499984741211,64.88999938964844,18020555.0
2024-07-30,64.58000183105469,65.62999725341797,64.36000061035156,64.94000244140625,12595688.0
2024-07-31,65.12000274658203,69.0199966430664,65.0999984741211,68.61000061035156,31182442.0
2024-08-01,68.37000274658203,68.4800033569336,67.0999984741211,67.19999694824219,19098172.0
2024-08-02,66.7699966430664,67.93000030517578,66.4000015258789,66.5999984741211,15166130.0
2024-08-05,67.29000091552734,68.52999877929688,66.41999816894531,66.43000030517578,21852116.0
2024-08-06,67.19999694824219,68.3499984741211,66.4800033569336,68.04000091552734,20551458.0
2024-08-07,67.5999984741211,67.5999984741211,66.4000015258789,66.62999725341797,15611357.0
2024-08-08,66.33999633789062,66.83000183105469,65.4000015258789,66.0199966430664,12292621.0
2024-08-09,66.3499984741211,66.5,64.80999755859375,64.83000183105469,13934172.0
2024-08-12,64.51000213623047,64.7699966430664,63.540000915527344,63.95000076293945,10891777.0
2024-08-13,64.01000213623047,64.18000030517578,63.11000061035156,64.16999816894531,8864218.0
2024-08-14,64.30000305175781,64.30000305175781,63.209999084472656,63.2400016784668,7623697.0
2024-08-15,63.099998474121094,64.58000183105469,63.0099983215332,63.900001525878906,11386587.0
2024-08-16,63.63999938964844,63.880001068115234,63.31999969482422,63.4900016784668,6571454.0
2024-08-19,63.119998931884766,64.20999908447266,63.02000045776367,63.400001525878906,7521403.0
2024-08-20,63.119998931884766,63.220001220703125,62.029998779296875,62.18000030517578,10508504.0
2024-08-21,61.9900016784668,62.29999923706055,61.290000915527344,61.34000015258789,9751695.0
2024-08-22,61.66999816894531,61.790000915527344,60.16999816894531,60.27000045776367,11074926.0
2024-08-23,60.25,61.439998626708984,59.70000076293945,60.95000076293945,9444178.0
2024-08-26,60.95000076293945,61.540000915527344,60.349998474121094,60.79999923706055,7290375.0
2024-08-27,60.560001373291016,60.599998474121094,59.5099983215332,59.68000030517578,9906580.0
2024-08-28,62.0,62.400001525878906,60.31999969482422,60.40999984741211,18703372.0
2024-08-29,59.22999954223633,59.54999923706055,58.25,59.47999954223633,17867995.0
2024-08-30,59.029998779296875,62.0,58.79999923706055,61.0099983215332,23315928.0
2024-09-02,60.0,60.310001373291016,58.88999938964844,58.93000030517578,14473682.0
2024-09-03,58.91999816894531,59.4900016784668,58.650001525878906,59.13999938964844,8749418.0
2024-09-04,58.599998474121094,59.38999938964844,58.349998474121094,58.54999923706055,9680560.0
2024-09-05,58.54999923706055,58.95000076293945,58.459999084472656,58.72999954223633,10299591.0
2024-09-06,58.68000030517578,58.68000030517578,56.79999923706055,56.81999969482422,18567206.0
2024-09-09,56.290000915527344,56.59000015258789,55.43000030517578,55.59000015258789,14890777.0
2024-09-10,55.58000183105469,55.709999084472656,54.0,55.08000183105469,15528978.0
2024-09-11,54.58000183105469,55.5,54.4900016784668,55.18000030517578,8760351.0
2024-09-12,55.20000076293945,55.79999923706055,54.77000045776367,54.790000915527344,9531142.0
2024-09-13,54.70000076293945,55.70000076293945,54.540000915527344,54.84000015258789,12706109.0
2024-09-18,54.58000183105469,54.72999954223633,53.52000045776367,53.7599983215332,11453855.0
2024-09-19,54.16999816894531,56.150001525878906,54.029998779296875,55.13999938964844,19320530.0
2024-09-20,54.72999954223633,54.900001525878906,53.68000030517578,54.310001373291016,17154661.0
2024-09-23,54.279998779296875,54.779998779296875,53.720001220703125,54.29999923706055,9268723.0
2024-09-24,55.18000030517578,57.33000183105469,54.65999984741211,57.31999969482422,29297316.0
2024-09-25,58.150001525878906,59.689998626708984,57.900001525878906,58.0099983215332,32140533.0
2024-09-26,57.72999954223633,63.810001373291016,57.54999923706055,63.810001373291016,52629794.0
2024-09-27,66.9000015258789,70.18000030517578,66.5,70.18000030517578,48820095.0
2024-09-30,77.18000030517578,77.19999694824219,74.41000366210938,77.19999694824219,59678247.0
2024-10-08,84.91999816894531,84.91999816894531,78.01000213623047,84.88999938964844,121400190.0
2024-10-09,80.0,81.19000244140625,76.4000015258789,76.4000015258789,69084199.0
2024-10-10,74.5999984741211,78.0199966430664,72.41999816894531,74.55000305175781,48888761.0
2024-10-11,73.38999938964844,74.33000183105469,70.83000183105469,71.62999725341797,31877159.0
2024-10-14,71.5999984741211,72.51000213623047,68.80999755859375,71.36000061035156,34410491.0
2024-10-15,70.5999984741211,71.0,69.0,69.02999877929688,25363250.0
2024-10-16,66.80999755859375,67.5199966430664,65.55999755859375,66.0999984741211,36980550.0
2024-10-17,66.19999694824219,67.31999969482422,65.29000091552734,65.44000244140625,23020565.0
2024-10-18,65.44999694824219,70.0,64.88999938964844,68.0199966430664,41532477.0
2024-10-21,68.6500015258789,68.86000061035156,66.87999725341797,68.19000244140625,33393332.0
2024-10-22,67.7699966430664,69.56999969482422,67.5999984741211,69.13999938964844,26407953.0
2024-10-23,69.48999786376953,70.58000183105469,68.5,69.5,31536172.0
2024-10-24,68.77999877929688,69.06999969482422,67.56999969482422,67.80000305175781,20178737.0
2024-10-25,67.80000305175781,70.0,67.12000274658203,68.98999786376953,25906527.0
2024-10-28,69.0,70.5199966430664,68.62000274658203,70.30000305175781,27078110.0
2024-10-29,70.97000122070312,71.0199966430664,68.47000122070312,68.83000183105469,28670172.0
2024-10-30,67.80000305175781,68.80000305175781,67.44999694824219,67.9000015258789,17119331.0
2024-10-31,67.55000305175781,68.83000183105469,67.0,67.83000183105469,19514709.0
2024-11-01,67.83000183105469,69.9800033569336,67.30000305175781,68.31999969482422,30367604.0
2024-11-04,68.87999725341797,70.5,68.33000183105469,70.20999908447266,30003150.0
2024-11-05,70.0,73.5199966430664,69.2699966430664,72.9000015258789,41309611.0
2024-11-06,72.86000061035156,73.69999694824219,71.66000366210938,72.6500015258789,35805827.0
2024-11-07,71.70999908447266,76.95999908447266,71.6500015258789,76.91999816894531,55135560.0
2024-11-08,78.0,78.51000213623047,75.0,75.80000305175781,45575346.0
2024-11-11,74.41999816894531,74.58000183105469,72.86000061035156,74.43000030517578,37677400.0
2024-11-12,74.43000030517578,76.41999816894531,73.7699966430664,74.19999694824219,32148798.0
2024-11-13,73.72000122070312,75.95999908447266,73.5,74.16000366210938,20839741.0
2024-11-14,74.16999816894531,74.30999755859375,71.88999938964844,72.08999633789062,19687490.0
2024-11-15,72.0199966430664,72.5,70.70999908447266,70.72000122070312,21290032.0
2024-11-18,70.75,71.52999877929688,69.27999877929688,69.7699966430664,19119798.0
2024-11-19,70.0,70.4000015258789,68.47000122070312,70.30999755859375,16875959.0
2024-11-20,70.19000244140625,70.79000091552734,69.80000305175781,70.4000015258789,13658827.0
2024-11-21,70.19000244140625,70.37000274658203,69.54000091552734,70.01000213623047,12105306.0
2024-11-22,69.94999694824219,70.44000244140625,67.4000015258789,67.4000015258789,17907850.0
2024-11-25,67.5999984741211,68.6500015258789,67.44999694824219,68.0,14871642.0
2024-11-26,67.69999694824219,68.75,67.58999633789062,67.83999633789062,10690796.0
2024-11-27,67.5999984741211,68.69000244140625,67.06999969482422,68.68000030517578,12504021.0
2024-11-28,68.68000030517578,69.19999694824219,68.08000183105469,68.27999877929688,13656372.0
2024-11-29,68.25,70.33999633789062,68.0999984741211,69.55000305175781,18911364.0
2024-12-02,69.55000305175781,73.16999816894531,69.2300033569336,72.62000274658203,34046345.0
2024-12-03,72.62000274658203,72.62999725341797,71.05000305175781,71.62999725341797,19915422.0
2024-12-04,71.23999786376953,71.23999786376953,69.81999969482422,70.06999969482422,14858663.0
2024-12-05,69.83000183105469,70.30000305175781,69.5,69.9000015258789,11809592.0
2024-12-06,69.9000015258789,70.9800033569336,69.5,70.55999755859375,14843704.0
2024-12-09,70.19999694824219,70.38999938964844,69.0,69.29000091552734,14097857.0
2024-12-10,73.0,73.5,70.5,70.6500015258789,35683024.0
2024-12-11,70.33000183105469,72.6500015258789,70.33000183105469,71.8499984741211,21161469.0
2024-12-12,71.55000305175781,74.16999816894531,71.27999877929688,73.80999755859375,38737528.0
2024-12-13,72.98999786376953,73.0,71.30000305175781,71.30000305175781,29593462.0
2024-12-16,71.3499984741211,73.3499984741211,70.5,71.80000305175781,27358484.0
2024-12-17,71.30000305175781,71.77999877929688,70.05000305175781,70.97000122070312,19088461.0
2024-12-18,71.70999908447266,71.86000061035156,70.51000213623047,70.62999725341797,16081300.0
2024-12-19,69.5999984741211,70.25,69.13999938964844,70.02999877929688,16860969.0
2024-12-20,70.0,70.37999725341797,69.25,69.41999816894531,13588031.0
2024-12-23,69.4800033569336,69.48999786376953,68.69000244140625,68.69999694824219,13463289.0
2024-12-24,68.66000366210938,69.52999877929688,68.5199966430664,69.43000030517578,10033633.0
2024-12-25,69.58000183105469,69.58000183105469,68.52999877929688,69.19999694824219,9520960.0
2024-12-26,69.19999694824219,69.4000015258789,68.7300033569336,69.06999969482422,9394114.0
2024-12-27,68.91000366210938,69.5999984741211,68.5999984741211,68.87999725341797,11869594.0
2024-12-30,68.87000274658203,68.87000274658203,67.58000183105469,68.26000213623047,15486856.0
2024-12-31,68.0,68.5999984741211,67.0,67.01000213623047,13690035.0
2025-01-02,67.02999877929688,67.19000244140625,64.33000183105469,64.69999694824219,18671166.0
2025-01-03,64.98999786376953,65.19999694824219,62.7599983215332,62.83000183105469,15383769.0
2025-01-06,62.83000183105469,63.290000915527344,62.150001525878906,62.540000915527344,9595563.0
2025-01-07,62.540000915527344,62.709999084472656,61.86000061035156,62.470001220703125,9616460.0
2025-01-08,62.470001220703125,62.470001220703125,60.65999984741211,61.790000915527344,13764819.0
2025-01-09,61.599998474121094,61.9900016784668,60.81999969482422,61.0099983215332,12824021.0
2025-01-10,60.79999923706055,61.0,59.93000030517578,59.97999954223633,11265146.0
2025-01-13,59.5,60.650001525878906,59.369998931884766,60.16999816894531,9198864.0
2025-01-14,60.20000076293945,61.97999954223633,60.20000076293945,61.869998931884766,16542556.0
2025-01-15,61.790000915527344,61.790000915527344,61.04999923706055,61.290000915527344,9372462.0
2025-01-16,61.369998931884766,62.380001068115234,61.11000061035156,61.599998474121094,10309258.0
2025-01-17,60.43000030517578,61.380001068115234,60.0,61.02000045776367,10755629.0
2025-01-20,61.279998779296875,62.47999954223633,61.279998779296875,61.880001068115234,13210014.0
2025-01-21,62.4900016784668,62.599998474121094,61.34000015258789,61.529998779296875,8708531.0
2025-01-22,61.220001220703125,61.31999969482422,60.029998779296875,60.380001068115234,11611984.0
2025-01-23,61.20000076293945,61.88999938964844,60.52000045776367,60.52000045776367,11341300.0
2025-01-24,60.18000030517578,61.2599983215332,60.11000061035156,61.25,9598093.0
2025-01-27,61.400001525878906,62.16999816894531,60.68000030517578,60.70000076293945,10053883.0
2025-02-05,61.20000076293945,61.36000061035156,60.18000030517578,60.220001220703125,11013599.0
2025-02-06,60.130001068115234,60.959999084472656,59.150001525878906,60.95000076293945,14338401.0
2025-02-07,60.7599983215332,62.22999954223633,60.61000061035156,61.63999938964844,19425961.0
2025-02-10,61.650001525878906,62.33000183105469,61.31999969482422,62.04999923706055,14677906.0
2025-02-11,62.099998474121094,62.33000183105469,60.88999938964844,60.970001220703125,13430300.0
2025-02-12,60.869998931884766,61.5,60.400001525878906,61.47999954223633,14934332.0
2025-02-13,61.20000076293945,62.439998626708984,61.119998931884766,61.9900016784668,21522803.0
2025-02-14,61.79999923706055,62.599998474121094,61.68000030517578,62.09000015258789,15681526.0
2025-02-17,62.20000076293945,62.9900016784668,61.5099983215332,61.75,17180496.0
2025-02-18,61.54999923706055,61.689998626708984,60.27000045776367,60.310001373291016,15767220.0
2025-02-19,60.15999984741211,60.95000076293945,59.90999984741211,60.86000061035156,12202334.0
2025-02-20,60.599998474121094,61.2400016784668,60.34000015258789,60.470001220703125,11435935.0
2025-02-21,60.56999969482422,62.11000061035156,60.560001373291016,61.04999923706055,20924517.0
2025-02-24,61.04999923706055,61.369998931884766,60.459999084472656,60.720001220703125,15098468.0
2025-02-25,60.220001220703125,60.4900016784668,60.0,60.04999923706055,13322419.0
2025-02-26,60.11000061035156,61.08000183105469,59.86000061035156,61.040000915527344,17975503.0
2025-02-27,61.0,63.5,60.849998474121094,62.66999816894531,36356163.0
2025-02-28,62.79999923706055,63.79999923706055,61.09000015258789,61.16999816894531,28209580.0
2025-03-03,61.189998626708984,62.2599983215332,60.68000030517578,61.11000061035156,16177681.0
2025-03-04,60.66999816894531,61.150001525878906,60.220001220703125,61.130001068115234,12572490.0
2025-03-05,61.43000030517578,61.689998626708984,60.59000015258789,61.22999954223633,12528359.0
2025-03-06,61.58000183105469,63.369998931884766,61.20000076293945,62.34000015258789,24182992.0
2025-03-07,61.849998474121094,62.84000015258789,61.40999984741211,61.91999816894531,16734674.0
2025-03-10,61.84000015258789,62.029998779296875,60.9900016784668,61.27000045776367,13587770.0
2025-03-11,60.5,62.20000076293945,60.47999954223633,62.20000076293945,16391508.0
2025-03-12,62.400001525878906,63.11000061035156,61.66999816894531,61.720001220703125,12895569.0
2025-03-13,61.61000061035156,63.119998931884766,61.52000045776367,62.119998931884766,21780899.0
2025-03-14,62.599998474121094,64.7699966430664,62.439998626708984,64.08000183105469,42883274.0
2025-03-17,65.22000122070312,65.22000122070312,64.05000305175781,64.12000274658203,30862171.0
2025-03-18,64.31999969482422,64.48999786376953,63.41999816894531,63.59000015258789,17651206.0
2025-03-19,63.38999938964844,63.97999954223633,63.13999938964844,63.34000015258789,14512086.0
2025-03-20,63.29999923706055,63.400001525878906,62.650001525878906,62.720001220703125,12440128.0
2025-03-21,62.52000045776367,62.97999954223633,61.40999984741211,61.81999969482422,18430119.0
2025-03-24,61.849998474121094,62.38999938964844,61.459999084472656,62.02000045776367,13967215.0
2025-03-25,62.029998779296875,62.209999084472656,61.369998931884766,62.150001525878906,10083763.0
2025-03-26,62.619998931884766,62.70000076293945,62.16999816894531,62.380001068115234,11285734.0
2025-03-27,62.900001525878906,63.20000076293945,62.33000183105469,62.38999938964844,11918247.0
2025-03-28,62.029998779296875,62.25,61.52000045776367,61.61000061035156,11601035.0
2025-03-31,61.0,61.0,60.060001373291016,60.20000076293945,17280316.0
2025-04-01,60.220001220703125,60.689998626708984,60.09000015258789,60.43000030517578,8813291.0
2025-04-02,60.400001525878906,60.52000045776367,60.18000030517578,60.41999816894531,5646377.0
2025-04-03,60.0,60.810001373291016,59.79999923706055,60.599998474121094,9364542.0
2025-04-07,59.0,59.0,54.75,56.56999969482422,31385364.0
2025-04-08,56.56999969482422,61.349998474121094,56.560001373291016,60.790000915527344,34491573.0
2025-04-09,60.79999923706055,66.87000274658203,59.599998474121094,66.87000274658203,68709317.0
2025-04-10,69.0,73.45999908447266,67.88999938964844,70.20999908447266,112535425.0
2025-04-11,69.88999938964844,70.55000305175781,67.38999938964844,67.94999694824219,64846365.0
2025-04-14,67.61000061035156,69.55000305175781,67.08000183105469,67.9800033569336,46445464.0
2025-04-15,67.20999908447266,67.94000244140625,65.23999786376953,65.68000030517578,39823886.0
2025-04-16,65.75,67.88999938964844,64.30999755859375,67.4000015258789,54163107.0
2025-04-17,66.66000366210938,66.7699966430664,65.79000091552734,66.0199966430664,26558473.0
2025-04-18,66.25,66.25,64.3499984741211,64.87000274658203,20750380.0
2025-04-21,64.44999694824219,65.19000244140625,64.01000213623047,64.6500015258789,16019118.0
2025-04-22,64.5999984741211,65.16999816894531,64.20999908447266,64.31999969482422,17855404.0
2025-04-23,64.33999633789062,64.56999969482422,62.88999938964844,62.959999084472656,26722989.0
2025-04-24,62.970001220703125,63.20000076293945,62.40999984741211,62.65999984741211,15617089.0
2025-04-25,62.68000030517578,63.380001068115234,62.68000030517578,63.0,14101296.0
2025-04-28,64.9000015258789,64.9000015258789,63.04999923706055,63.04999923706055,22479533.0
2025-04-29,62.869998931884766,62.880001068115234,62.060001373291016,62.31999969482422,14379897.0
2025-04-30,62.20000076293945,63.5,62.20000076293945,63.400001525878906,15787094.0
2025-05-06,63.47999954223633,63.599998474121094,62.68000030517578,63.560001373291016,17332317.0
2025-05-07,64.27999877929688,64.36000061035156,62.900001525878906,63.400001525878906,17771925.0
2025-05-08,63.0,63.41999816894531,62.779998779296875,63.27000045776367,10494620.0
2025-05-09,63.0,63.150001525878906,62.630001068115234,62.720001220703125,9973527.0
2025-05-12,62.75,62.900001525878906,62.36000061035156,62.56999969482422,14044051.0
2025-05-13,62.900001525878906,63.099998474121094,62.47999954223633,62.5099983215332,12242073.0
2025-05-14,62.54999923706055,62.959999084472656,61.439998626708984,62.58000183105469,19612182.0
2025-05-15,62.34000015258789,62.56999969482422,61.72999954223633,61.72999954223633,10947800.0
2025-05-16,61.72999954223633,63.099998474121094,61.5,62.869998931884766,19078872.0
2025-05-19,62.380001068115234,62.470001220703125,61.84000015258789,61.880001068115234,11054482.0
2025-05-20,61.900001525878906,62.119998931884766,61.7599983215332,61.90999984741211,7979561.0
2025-05-21,61.779998779296875,62.20000076293945,61.70000076293945,61.900001525878906,8417982.0
2025-05-22,61.79999923706055,62.0,61.2400016784668,61.2400016784668,9568375.0
2025-05-23,61.41999816894531,61.630001068115234,60.810001373291016,60.880001068115234,8985011.0
2025-05-26,60.810001373291016,61.15999984741211,60.7400016784668,61.150001525878906,5845003.0
2025-05-27,61.0,61.33000183105469,60.95000076293945,61.18000030517578,4767386.0
2025-05-28,61.18000030517578,61.45000076293945,60.880001068115234,61.22999954223633,5421794.0
2025-05-29,61.099998474121094,61.70000076293945,60.95000076293945,61.630001068115234,8509358.0
2025-05-30,61.560001373291016,61.560001373291016,60.59000015258789,60.59000015258789,7905246.0
2025-06-03,60.20000076293945,61.09000015258789,60.20000076293945,60.91999816894531,5958115.0
2025-06-04,60.93000030517578,61.779998779296875,60.720001220703125,61.63999938964844,9554118.0
2025-06-05,61.470001220703125,61.619998931884766,61.25,61.349998474121094,7129454.0
2025-06-06,61.29999923706055,61.95000076293945,61.029998779296875,61.61000061035156,8813267.0
2025-06-09,61.61000061035156,61.880001068115234,61.33000183105469,61.65999984741211,7652743.0
2025-06-10,61.65999984741211,61.689998626708984,60.650001525878906,61.15999984741211,9840796.0
2025-06-11,61.02000045776367,61.77000045776367,61.02000045776367,61.380001068115234,7855676.0
2025-06-12,61.400001525878906,61.45000076293945,61.060001373291016,61.18000030517578,6098829.0
2025-06-13,61.20000076293945,61.439998626708984,60.349998474121094,60.400001525878906,11822607.0
2025-06-16,60.22999954223633,60.599998474121094,60.11000061035156,60.45000076293945,6012787.0
2025-06-17,60.5099983215332,60.95000076293945,60.5,60.630001068115234,6249692.0
2025-06-18,60.61000061035156,60.84000015258789,60.349998474121094,60.65999984741211,5981136.0
2025-06-19,60.459999084472656,61.150001525878906,60.459999084472656,60.810001373291016,10571309.0
2025-06-20,59.779998779296875,61.09000015258789,59.5,60.18000030517578,15392329.0
2025-06-23,59.869998931884766,59.869998931884766,58.790000915527344,59.709999084472656,11036590.0
2025-06-24,59.939998626708984,60.88999938964844,59.93000030517578,60.880001068115234,13407471.0
2025-06-25,60.900001525878906,61.349998474121094,60.5099983215332,61.29999923706055,13118590.0
2025-06-26,61.0,61.619998931884766,60.81999969482422,61.099998474121094,11960119.0
2025-06-27,61.02000045776367,61.31999969482422,60.58000183105469,60.59000015258789,11539508.0
2025-06-30,60.59000015258789,61.06999969482422,60.56999969482422,60.970001220703125,9607044.0
2025-07-01,60.959999084472656,61.060001373291016,60.560001373291016,60.61000061035156,7504691.0
2025-07-02,60.650001525878906,60.91999816894531,60.400001525878906,60.68000030517578,8183723.0
2025-07-03,60.630001068115234,60.91999816894531,60.470001220703125,60.72999954223633,7833404.0
2025-07-04,60.75,61.54999923706055,60.689998626708984,61.029998779296875,14378065.0
2025-07-07,60.86000061035156,61.029998779296875,60.63999938964844,60.79999923706055,6682688.0
2025-07-08,60.79999923706055,61.400001525878906,60.65999984741211,61.34000015258789,11708978.0
2025-07-09,61.25,61.90999984741211,61.130001068115234,61.18000030517578,12918177.0
2025-07-10,61.18000030517578,62.5,61.099998474121094,61.86000061035156,17622374.0
2025-07-11,61.91999816894531,62.630001068115234,61.7400016784668,62.25,18195230.0
2025-07-14,61.9900016784668,62.15999984741211,61.599998474121094,61.599998474121094,11374291.0
2025-07-15,61.58000183105469,61.65999984741211,60.79999923706055,61.08000183105469,11331411.0
2025-07-16,61.099998474121094,61.54999923706055,61.0,61.150001525878906,7107554.0
2025-07-17,61.220001220703125,62.13999938964844,61.220001220703125,61.650001525878906,10385004.0
2025-07-18,61.720001220703125,63.20000076293945,61.709999084472656,62.77000045776367,22248395.0
2025-07-21,62.66999816894531,64.23999786376953,62.40999984741211,63.779998779296875,21926436.0
2025-07-22,65.0,65.48999786376953,63.630001068115234,65.43000030517578,42648470.0
2025-07-23,66.0,66.68000030517578,64.4000015258789,64.4000015258789,45718366.0
2025-07-24,64.88999938964844,70.83999633789062,64.88999938964844,70.83999633789062,71488095.0
2025-07-25,72.22000122070312,72.22000122070312,67.69999694824219,68.05000305175781,77990227.0
2025-07-28,67.19999694824219,68.44999694824219,66.0999984741211,66.37000274658203,43049725.0
2025-07-29,66.37000274658203,67.08999633789062,65.75,66.2300033569336,24277969.0
2025-07-30,66.18000030517578,67.0199966430664,65.75,66.27999877929688,26787039.0
2025-07-31,66.19000244140625,66.19999694824219,64.66000366210938,64.95999908447266,25486901.0
2025-08-01,64.75,65.4000015258789,64.41000366210938,64.58999633789062,12211655.0
2025-08-04,64.43000030517578,64.94999694824219,64.1500015258789,64.62999725341797,13896276.0
2025-08-05,64.68000030517578,64.97000122070312,64.44999694824219,64.87999725341797,11678896.0
2025-08-06,64.91000366210938,64.91000366210938,64.41999816894531,64.86000061035156,11336211.0
2025-08-07,64.88999938964844,65.30000305175781,64.70999908447266,64.88999938964844,14537548.0
2025-08-08,64.80000305175781,65.33999633789062,64.36000061035156,65.04000091552734,13444165.0
2025-08-11,65.04000091552734,65.80000305175781,64.80000305175781,65.63999938964844,18618683.0
2025-08-12,65.54000091552734,66.18000030517578,65.31999969482422,65.6500015258789,15837466.0
2025-08-13,66.1500015258789,66.80000305175781,65.5,65.62999725341797,24482753.0
2025-08-14,65.4000015258789,65.83999633789062,64.4000015258789,64.43000030517578,21816920.0
2025-08-15,64.37000274658203,64.9800033569336,64.0199966430664,64.66000366210938,19466378.0
2025-08-18,64.66000366210938,66.27999877929688,64.61000061035156,65.41000366210938,32558876.0
2025-08-19,65.68000030517578,66.5199966430664,65.5,65.7300033569336,22619529.0
2025-08-20,65.7300033569336,66.69999694824219,65.19999694824219,66.6500015258789,27730796.0
2025-08-21,66.68000030517578,68.26000213623047,66.4000015258789,67.12999725341797,33303080.0
2025-08-22,67.0,67.4800033569336,66.66000366210938,67.4800033569336,25382143.0
2025-08-25,68.0,69.2699966430664,67.66000366210938,69.23999786376953,39056544.0
2025-08-26,69.01000213623047,73.30000305175781,68.5,71.41000366210938,56700462.0
2025-08-27,70.26000213623047,70.91999816894531,68.68000030517578,68.69000244140625,49129196.0
2025-08-28,68.66000366210938,69.83000183105469,67.5,68.91999816894531,36837668.0
2025-08-29,68.91999816894531,70.94000244140625,68.69999694824219,69.29000091552734,40155516.0
2025-09-01,69.0,70.6500015258789,68.72000122070312,69.30999755859375,35979129.0
2025-09-02,69.12000274658203,70.26000213623047,68.20999908447266,68.79000091552734,31768918.0
2025-09-03,69.0,69.5,67.19999694824219,67.44999694824219,27110474.0
2025-09-04,67.19999694824219,68.62000274658203,66.93000030517578,67.75,29950431.0
2025-09-05,68.0,70.69000244140625,67.11000061035156,70.48999786376953,48645067.0
2025-09-08,70.44999694824219,72.3499984741211,70.0999984741211,71.5,43034007.0
2025-09-09,71.19999694824219,71.62999725341797,70.33999633789062,71.0199966430664,26878736.0
2025-09-10,70.77999877929688,71.58000183105469,70.41000366210938,70.68000030517578,22454003.0
2025-09-11,70.30999755859375,71.3499984741211,69.62999725341797,71.3499984741211,29876297.0
2025-09-12,71.4000015258789,73.55999755859375,70.23999786376953,70.4000015258789,45600897.0
2025-09-15,70.27999877929688,70.80999755859375,69.80000305175781,69.94000244140625,24630792.0
2025-09-16,70.5,72.0,70.3499984741211,71.54000091552734,34870072.0
2025-09-17,72.11000061035156,72.11000061035156,70.51000213623047,71.1500015258789,28303414.0
2025-09-18,71.16999816894531,74.0,71.16999816894531,71.68000030517578,71375886.0
2025-09-19,71.69000244140625,74.29000091552734,70.29000091552734,73.97000122070312,69840274.0
2025-09-22,73.95999908447266,73.97000122070312,72.5199966430664,73.04000091552734,39935091.0
2025-09-23,72.5199966430664,72.63999938964844,69.69000244140625,70.01000213623047,45310952.0
2025-09-24,69.56999969482422,70.37000274658203,69.47000122070312,70.26000213623047,24075880.0
2025-09-25,70.23999786376953,70.58000183105469,69.5999984741211,70.1500015258789,24472818.0
2025-09-26,69.9000015258789,71.2300033569336,68.94000244140625,70.19999694824219,28466317.0
2025-09-29,69.80999755859375,70.9000015258789,69.18000030517578,70.69999694824219,25380723.0
2025-09-30,70.70999908447266,71.76000213623047,70.4000015258789,71.56999969482422,27584320.0
2025-10-09,70.69999694824219,70.69999694824219,69.55000305175781,69.66000366210938,35588706.0
2025-10-10,69.51000213623047,70.1500015258789,68.2300033569336,68.5999984741211,26418365.0
2025-10-13,66.9000015258789,68.16999816894531,66.66000366210938,68.06999969482422,21178567.0
2025-10-14,68.19000244140625,69.37000274658203,68.16999816894531,68.45999908447266,20552887.0
2025-10-15,68.94000244140625,70.0,68.80000305175781,69.48999786376953,21508389.0
2025-10-16,69.19999694824219,71.18000030517578,69.0999984741211,69.95999908447266,24714035.0
2025-10-17,70.01000213623047,71.29000091552734,69.38999938964844,70.0199966430664,34532595.0
2025-10-20,70.6500015258789,71.80000305175781,69.9800033569336,70.31999969482422,27741760.0
2025-10-21,70.44999694824219,70.94999694824219,69.11000061035156,70.70999908447266,23624099.0
2025-10-22,70.37999725341797,70.69000244140625,69.5,69.66999816894531,17309848.0
2025-10-23,69.29000091552734,70.19999694824219,69.06999969482422,70.0999984741211,14737859.0
2025-10-24,70.0199966430664,71.97000122070312,69.87999725341797,70.5199966430664,24300583.0
2025-10-27,70.52999877929688,70.7699966430664,69.9000015258789,69.93000030517578,17907035.0
2025-10-28,69.93000030517578,70.33000183105469,69.41000366210938,69.45999908447266,15129600.0
2025-10-29,69.27999877929688,72.19000244140625,69.2699966430664,71.37000274658203,35695954.0
2025-10-30,71.37999725341797,75.5,71.16999816894531,73.0999984741211,66343248.0
2025-10-31,74.9000015258789,77.38999938964844,73.93000030517578,76.06999969482422,82775074.0
2025-11-03,76.0,77.30000305175781,75.0,76.66999816894531,48062756.0
2025-11-04,76.0999984741211,77.2699966430664,74.83999633789062,75.44999694824219,36112710.0
2025-11-05,74.61000061035156,79.94000244140625,74.38999938964844,77.5999984741211,64801179.0
2025-11-06,77.47000122070312,77.54000091552734,75.19999694824219,75.33999633789062,42517919.0
2025-11-07,76.51000213623047,80.80000305175781,76.12999725341797,78.98999786376953,76439770.0
2025-11-10,79.30000305175781,86.88999938964844,78.9800033569336,86.88999938964844,91381547.0
2025-11-11,88.6500015258789,93.38999938964844,86.5,90.52999877929688,138266342.0
2025-11-12,89.94000244140625,93.80000305175781,88.5199966430664,89.20999908447266,106388193.0
2025-11-13,88.2699966430664,91.44000244140625,87.51000213623047,90.5199966430664,85396172.0
2025-11-14,90.0,92.2699966430664,88.22000122070312,88.27999877929688,66716405.0
2025-11-17,87.5999984741211,90.19999694824219,86.61000061035156,87.80000305175781,55250738.0
2025-11-18,87.4000015258789,87.88999938964844,84.26000213623047,85.04000091552734,56999795.0
2025-11-19,84.58999633789062,85.81999969482422,81.7699966430664,82.4000015258789,52516302.0
2025-11-20,82.80000305175781,83.87999725341797,81.66000366210938,81.7300033569336,40535745.0
2025-11-21,80.54000091552734,82.4800033569336,79.05000305175781,79.05000305175781,45408838.0
2025-11-24,79.5,80.08000183105469,77.76000213623047,78.52999877929688,36008245.0
2025-11-25,79.19999694824219,80.05000305175781,78.9000015258789,79.69000244140625,30537777.0
2025-11-26,79.70999908447266,80.79000091552734,79.18000030517578,80.33999633789062,39365499.0
2025-11-27,80.9000015258789,80.91000366210938,78.41999816894531,78.5,36764533.0
2025-11-28,78.5199966430664,79.1500015258789,77.0999984741211,79.02999877929688,31696371.0
2025-12-01,79.0199966430664,85.7300033569336,78.9800033569336,84.45999908447266,73627167.0
2025-12-02,84.0,84.41999816894531,82.4000015258789,83.41999816894531,35676995.0
2025-12-03,83.0,84.30000305175781,81.69999694824219,81.83000183105469,29842778.0
2025-12-04,81.1500015258789,81.80000305175781,80.30000305175781,81.22000122070312,20812198.0
2025-12-05,81.16999816894531,81.7699966430664,80.16000366210938,81.0199966430664,22278101.0
2025-12-08,81.11000061035156,82.94999694824219,81.11000061035156,82.11000061035156,31270598.0
2025-12-09,81.58000183105469,82.08999633789062,79.91000366210938,80.23999786376953,28835812.0
2025-12-10,79.9000015258789,83.76000213623047,79.83999633789062,82.83000183105469,51785315.0
2025-12-11,82.5999984741211,82.5999984741211,79.41000366210938,79.4800033569336,37149961.0
2025-12-12,79.5,80.05999755859375,77.91000366210938,79.19999694824219,28028199.0
2025-12-15,79.22000122070312,80.47000122070312,78.44000244140625,79.41999816894531,22052604.0
2025-12-16,79.36000061035156,80.94999694824219,79.0,80.0999984741211,31532943.0
2025-12-17,80.5,80.87999725341797,76.91999816894531,79.72000122070312,33410395.0
2025-12-18,78.80000305175781,79.5199966430664,76.5,76.5,32515518.0
2025-12-19,76.5,84.1500015258789,76.5,82.80999755859375,77956042.0
2025-12-22,84.0,91.08999633789062,83.4000015258789,91.08999633789062,88745767.0
2025-12-23,92.66999816894531,95.63999938964844,88.87000274658203,88.91000366210938,134030007.0
2025-12-24,87.26000213623047,88.66000366210938,86.1500015258789,87.86000061035156,71430991.0
2025-12-25,87.0,87.26000213623047,85.01000213623047,85.20999908447266,51523589.0
2025-12-26,84.83999633789062,92.87999725341797,84.52999877929688,92.30000305175781,100830349.0
2025-12-29,93.0,95.0999984741211,90.0999984741211,91.4800033569336,67085921.0
2025-12-30,91.37999725341797,91.37999725341797,88.87999725341797,90.20999908447266,46653236.0
2025-12-31,90.56999969482422,95.66000366210938,88.87999725341797,94.55999755859375,83146168.0
2026-01-05,92.97000122070312,93.30000305175781,89.5,90.29000091552734,78449295.0
2026-01-06,89.97000122070312,91.30000305175781,89.0,90.58999633789062,57830493.0
2026-01-07,90.5999984741211,94.79000091552734,90.0999984741211,93.41000366210938,69224280.0
2026-01-08,92.45999908447266,96.41000366210938,92.16000366210938,92.94999694824219,56929362.0
2026-01-09,93.83999633789062,97.4800033569336,93.45999908447266,95.77999877929688,68204901.0
2026-01-12,95.79000091552734,97.5,93.93000030517578,95.4000015258789,59171154.0
2026-01-13,95.4000015258789,95.81999969482422,91.80999755859375,91.91000366210938,55861016.0
2026-01-14,92.0,93.08999633789062,89.93000030517578,90.05000305175781,58599037.0
2026-01-15,89.70999908447266,91.75,89.30000305175781,89.61000061035156,38141134.0
2026-01-16,90.1500015258789,90.87999725341797,88.0,88.43000030517578,41008015.0
2026-01-19,88.7699966430664,94.0,88.7699966430664,93.4000015258789,71518903.0
2026-01-20,94.9000015258789,99.80999755859375,94.0,96.08999633789062,84885643.0
2026-01-21,96.08999633789062,97.5,94.18000030517578,95.08999633789062,44680193.0
2026-01-22,97.0,97.44999694824219,92.91000366210938,93.61000061035156,43923500.0
2026-01-23,93.62000274658203,97.5,92.80999755859375,93.31999969482422,73605161.0
2026-01-26,93.13999938964844,95.5,92.62000274658203,92.66000366210938,57672603.0
2026-01-27,92.66999816894531,93.16000366210938,90.01000213623047,90.80000305175781,45868206.0
2026-01-28,90.75,91.5,89.80000305175781,89.83999633789062,45146062.0
2026-01-29,89.12999725341797,92.30000305175781,87.16999816894531,92.30000305175781,66275041.0
2026-01-30,92.38999938964844,92.38999938964844,89.0,89.37000274658203,46444564.0
2026-02-02,88.2699966430664,91.79000091552734,88.22000122070312,88.94999694824219,33111155.0
2026-02-03,89.0,91.87999725341797,89.0,91.5999984741211,45942349.0
2026-02-04,91.0999984741211,91.7699966430664,90.25,91.48999786376953,26532223.0
2026-02-05,90.91000366210938,93.30000305175781,90.72000122070312,92.47000122070312,50981415.0
2026-02-06,91.5,93.44999694824219,89.5,92.3499984741211,39841702.0
2026-02-09,92.98999786376953,97.87999725341797,92.98999786376953,97.0999984741211,71660717.0
2026-02-10,96.75,96.75,93.70999908447266,95.0999984741211,43542050.0
2026-02-11,94.44999694824219,98.72000122070312,94.30000305175781,97.0,50123752.0
2026-02-12,96.77999877929688,97.06999969482422,93.9000015258789,94.16999816894531,43302754.0
2026-02-13,94.47000122070312,95.58999633789062,93.41999816894531,94.63999938964844,36714561.0
2026-02-24,88.0,88.95999908447266,85.18000030517578,85.18000030517578,48629402.0
2026-02-25,83.0,83.94000244140625,80.61000061035156,82.0999984741211,68228159.0
2026-02-26,81.22000122070312,82.0,80.01000213623047,80.0999984741211,51961656.0
2026-02-27,79.87999725341797,81.33999633789062,79.8499984741211,80.58000183105469,28587504.0
2026-03-02,77.81999969482422,79.41000366210938,77.13999938964844,78.0999984741211,42695443.0
2026-03-03,77.9000015258789,78.55000305175781,75.44999694824219,75.7300033569336,46517528.0
2026-03-04,75.05999755859375,76.9800033569336,75.0199966430664,76.76000213623047,32655022.0
2026-03-05,77.5,77.69999694824219,76.16000366210938,76.44999694824219,23906753.0
2026-03-06,75.9800033569336,77.0999984741211,75.63999938964844,76.62000274658203,17714766.0
2026-03-09,75.0,75.5,74.16999816894531,75.0999984741211,29131295.0
2026-03-10,75.80999755859375,76.58000183105469,75.08000183105469,75.4000015258789,17923553.0
2026-03-11,75.41000366210938,75.6500015258789,74.05999755859375,74.33000183105469,21958778.0
2026-03-12,74.20999908447266,74.5,73.01000213623047,73.73999786376953,23670439.0
2026-03-13,73.22000122070312,74.19999694824219,73.19999694824219,73.29000091552734,17800916.0
2026-03-16,73.19999694824219,75.86000061035156,72.9000015258789,75.16999816894531,33312040.0
2026-03-17,75.0,76.5,74.62999725341797,75.3499984741211,26377040.0
2026-03-18,75.0,75.5,74.2699966430664,74.95999908447266,14458872.0
2026-03-19,74.0,74.19999694824219,72.36000061035156,72.55999755859375,20031351.0
2026-03-20,73.0,73.86000061035156,72.1500015258789,72.19999694824219,16554122.0
2026-03-23,71.80000305175781,72.1500015258789,70.19999694824219,70.7699966430664,24495671.0
2026-03-24,71.51000213623047,71.5999984741211,69.52999877929688,70.81999969482422,19492140.0
2026-03-25,71.12999725341797,71.95999908447266,70.69999694824219,71.81999969482422,17356841.0
2026-03-26,71.5199966430664,72.12000274658203,70.41000366210938,70.69000244140625,15324013.0
2026-03-27,70.0,71.8499984741211,69.9000015258789,71.6500015258789,14464527.0
2026-03-30,70.51000213623047,71.16000366210938,70.06999969482422,70.86000061035156,13439196.0
2026-03-31,71.3499984741211,73.23999786376953,70.37999725341797,70.37999725341797,21218819.0
2026-04-01,71.58000183105469,71.91000366210938,70.5,71.4000015258789,18418858.0
2026-04-02,71.0999984741211,71.33999633789062,69.5999984741211,70.0,17126249.0
2026-04-03,70.16000366210938,70.33000183105469,68.41000366210938,68.91999816894531,13350645.0
2026-04-07,69.02999877929688,69.19999694824219,67.79000091552734,67.9800033569336,15149691.0
2026-04-08,69.29000091552734,70.33000183105469,68.81999969482422,69.98999786376953,29083233.0
2026-04-09,69.2699966430664,69.27999877929688,67.79000091552734,67.88999938964844,22063534.0
2026-04-10,68.18000030517578,69.6500015258789,68.01000213623047,69.04000091552734,21635765.0
2026-04-13,68.55000305175781,68.98999786376953,68.01000213623047,68.9000015258789,15778935.0
2026-04-14,69.5999984741211,70.18000030517578,67.9000015258789,69.08000183105469,26328964.0
2026-04-15,69.31999969482422,69.7699966430664,68.26000213623047,68.37999725341797,20236462.0
2026-04-16,68.37999725341797,68.80000305175781,68.19999694824219,68.48999786376953,18271137.0
2026-04-17,68.33999633789062,68.33999633789062,66.12000274658203,66.79000091552734,38710742.0
2026-04-20,66.7300033569336,68.86000061035156,66.01000213623047,67.69000244140625,29268931.0
2026-04-21,67.69000244140625,68.6500015258789,67.01000213623047,67.2699966430664,19276149.0
2026-04-22,67.12000274658203,67.2699966430664,66.4800033569336,66.62999725341797,18555916.0
2026-04-23,66.63999938964844,67.2699966430664,66.0,66.27999877929688,20900620.0
2026-04-24,66.01000213623047,66.16000366210938,65.41000366210938,65.41999816894531,18674854.0
2026-04-27,65.30000305175781,65.7300033569336,64.87000274658203,65.62000274658203,17131558.0
2026-04-28,65.41999816894531,65.41999816894531,64.33999633789062,64.55999755859375,19699112.0
2026-04-29,64.20999908447266,66.0999984741211,64.19999694824219,65.94999694824219,25114259.0
2026-04-30,66.98999786376953,67.0,65.0,65.62000274658203,33912531.0
2026-05-06,63.70000076293945,63.72999954223633,62.290000915527344,63.029998779296875,49419841.0
2026-05-07,63.04999923706055,63.70000076293945,62.779998779296875,63.04999923706055,29285895.0
2026-05-08,62.95000076293945,63.18000030517578,62.650001525878906,62.68000030517578,22175717.0
2026-05-11,62.47999954223633,63.099998474121094,61.7599983215332,62.689998626708984,35590969.0
2026-05-12,62.630001068115234,62.68000030517578,61.20000076293945,61.54999923706055,34470251.0
2026-05-13,61.54999923706055,61.900001525878906,60.70000076293945,61.380001068115234,31238810.0
2026-05-14,61.38999938964844,62.68000030517578,60.04999923706055,60.79999923706055,46043494.0
2026-05-15,60.65999984741211,60.70000076293945,58.91999816894531,59.0,41537070.0
2026-05-18,59.060001373291016,59.20000076293945,57.880001068115234,58.11000061035156,28467559.0
2026-05-19,58.09000015258789,59.27000045776367,57.880001068115234,58.36000061035156,29065067.0
2026-05-20,58.040000915527344,58.150001525878906,57.27000045776367,57.810001373291016,24775074.0
2026-05-21,57.9900016784668,58.97999954223633,57.029998779296875,57.099998474121094,32625214.0
2026-05-22,57.5,57.54999923706055,56.33000183105469,56.650001525878906,25678191.0
2026-05-25,56.529998779296875,57.560001373291016,56.5,56.79999923706055,24987739.0
2026-05-26,56.54999923706055,57.58000183105469,55.54999923706055,56.529998779296875,35326308.0
2026-05-27,56.36000061035156,57.400001525878906,55.15999984741211,56.22999954223633,48099200.0
2026-05-28,55.79999923706055,56.0,54.560001373291016,54.7599983215332,35929416.0
2026-05-29,55.20000076293945,60.2400016784668,54.83000183105469,59.58000183105469,128034651.0
2026-06-01,57.0,58.810001373291016,56.81999969482422,58.68000030517578,76633522.0
2026-06-02,58.599998474121094,58.599998474121094,56.5,56.939998626708984,53129447.0
2026-06-03,56.47999954223633,57.5,55.58000183105469,57.04999923706055,44004890.0
2026-06-04,56.9900016784668,57.59000015258789,55.20000076293945,55.59000015258789,40362540.0
2026-06-05,56.459999084472656,60.2599983215332,56.459999084472656,57.20000076293945,69005044.0
2026-06-08,59.0,59.79999923706055,57.27000045776367,57.45000076293945,74742560.0
2026-06-09,56.880001068115234,57.58000183105469,55.849998474121094,57.380001068115234,51077183.0
2026-06-10,57.43000030517578,58.849998474121094,56.36000061035156,58.04999923706055,55376155.0
2026-06-11,57.52000045776367,58.66999816894531,56.90999984741211,57.0099983215332,44489887.0
2026-06-12,56.5,59.4900016784668,56.18000030517578,58.4900016784668,55405219.0
2026-06-15,58.70000076293945,59.4900016784668,58.20000076293945,59.08000183105469,42647937.0
2026-06-16,59.08000183105469,59.08000183105469,58.0099983215332,58.400001525878906,33816721.0
2026-06-17,58.400001525878906,58.599998474121094,55.93000030517578,56.83000183105469,52165612.0
2026-06-18,56.20000076293945,56.5,55.11000061035156,55.33000183105469,41109590.0
2026-06-22,54.849998474121094,56.849998474121094,52.380001068115234,56.790000915527344,59862217.0
2026-06-23,56.0,57.97999954223633,55.65999984741211,56.0,45344026.0
2026-06-24,55.70000076293945,56.119998931884766,54.56999969482422,54.619998931884766,31715766.0
2026-06-25,54.08000183105469,56.9900016784668,54.06999969482422,55.65999984741211,42024492.0
2026-06-26,55.2599983215332,56.88999938964844,53.310001373291016,53.31999969482422,38482198.0
2026-06-29,52.58000183105469,54.369998931884766,50.70000076293945,53.599998474121094,51145477.0
2026-06-30,53.0,54.04999923706055,52.29999923706055,53.709999084472656,30906210.0
2026-07-01,53.650001525878906,55.720001220703125,52.7400016784668,55.0,45826792.0
2026-07-02,54.79999923706055,55.779998779296875,53.68000030517578,53.689998626708984,36795068.0
2026-07-03,53.68000030517578,54.34000015258789,52.900001525878906,53.11000061035156,30720647.0
2026-07-06,52.7400016784668,53.779998779296875,52.7400016784668,53.02000045776367,27507604.0
2026-07-07,52.5099983215332,52.849998474121094,50.95000076293945,50.970001220703125,33931854.0
2026-07-08,51.20000076293945,52.20000076293945,51.029998779296875,51.529998779296875,29688445.0
2026-07-09,51.2599983215332,51.58000183105469,50.29999923706055,50.9900016784668,27454872.0
2026-07-10,51.0,53.15999984741211,50.31999969482422,52.72999954223633,43252812.0
2026-07-13,52.400001525878906,52.720001220703125,50.900001525878906,50.90999984741211,30841297.0
2026-07-14,50.900001525878906,51.34000015258789,50.209999084472656,50.91999816894531,20197439.0
2026-07-15,50.599998474121094,55.29999923706055,50.5,54.40999984741211,71404179.0
2026-07-16,53.70000076293945,55.31999969482422,53.33000183105469,54.52000045776367,42566997.0
2026-07-17,54.11000061035156,55.7400016784668,52.59000015258789,52.900001525878906,42019247.0
2026-07-20,52.5,55.13999938964844,52.400001525878906,54.66999816894531,50134368.0
2026-07-21,54.70000076293945,54.959999084472656,53.650001525878906,54.08000183105469,42228454.0
2026-07-22,53.79999923706055,55.959999084472656,53.279998779296875,55.70000076293945,54497119.0
2026-07-23,55.41999816894531,55.56999969482422,54.33000183105469,55.2400016784668,31531873.0
2026-07-24,54.900001525878906,55.209999084472656,53.02000045776367,53.20000076293945,32369094.0
2026-07-27,53.75,55.16999816894531,53.15999984741211,54.439998626708984,28464759.0
2026-07-28,53.97999954223633,55.70000076293945,53.91999816894531,55.5099983215332,40248923.0
2026-07-29,55.91999816894531,57.959999084472656,55.52000045776367,57.380001068115234,57859639.0
2026-07-30,56.9900016784668,59.5,56.9900016784668,58.08000183105469,59956529.0
2026-07-31,56.20000076293945,58.060001373291016,56.20000076293945,58.0099983215332,40284097.0
2026-08-03,58.02000045776367,58.70000076293945,57.31999969482422,57.970001220703125,30332807.0
2026-08-04,57.7599983215332,57.959999084472656,56.619998931884766,56.81999969482422,37283057.0
2026-08-05,56.68000030517578,56.93000030517578,55.90999984741211,56.38999938964844,38003565.0
2026-08-06,56.5099983215332,56.65999984741211,55.310001373291016,55.560001373291016,34607129.0
2026-08-07,55.2599983215332,55.95000076293945,54.900001525878906,55.81999969482422,33263759.0
2026-08-10,55.560001373291016,56.68000030517578,55.5,56.2400016784668,30119807.0
2026-08-11,56.099998474121094,56.15999984741211,55.40999984741211,55.45000076293945,25272785.0
2026-08-12,55.25,55.91999816894531,55.099998474121094,55.59000015258789,24202539.0
2026-08-13,55.29999923706055,55.869998931884766,54.91999816894531,54.970001220703125,26011427.0
2026-08-14,55.0,55.0099983215332,53.86000061035156,54.060001373291016,27260149.0
2026-08-17,53.77000045776367,54.04999923706055,53.2599983215332,54.029998779296875,21952597.0
2026-08-18,53.849998474121094,54.290000915527344,53.619998931884766,53.880001068115234,17746602.0
2026-08-19,53.900001525878906,54.18000030517578,52.59000015258789,52.880001068115234,23753546.0
2026-08-20,52.720001220703125,53.58000183105469,52.709999084472656,53.099998474121094,18209426.0
2026-08-21,52.91999816894531,52.97999954223633,52.02000045776367,52.290000915527344,17242816.0
2026-08-24,52.349998474121094,52.4900016784668,51.810001373291016,52.060001373291016,15294043.0
2026-08-25,51.93000030517578,52.86000061035156,51.93000030517578,52.61000061035156,19247097.0
2026-08-26,52.349998474121094,53.16999816894531,52.310001373291016,53.08000183105469,18296266.0
2026-08-27,52.900001525878906,53.18000030517578,52.599998474121094,53.150001525878906,15666262.0
2026-08-28,53.099998474121094,53.59000015258789,52.86000061035156,53.349998474121094,17962613.0
