date,open,high,low,close,volume
2016-08-29,4.0,4.03000020980835,3.990000009536743,4.0,22616606.0
2016-08-30,4.010000228881836,4.019999980926514,3.9800000190734863,3.990000009536743,20022710.0
2016-08-31,4.0,4.050000190734863,3.9700000286102295,4.039999961853027,31323169.0
2016-09-01,4.050000190734863,4.050000190734863,4.0,4.0,20623843.0
2016-09-02,3.990000009536743,4.03000020980835,3.990000009536743,4.0,20974343.0
2016-09-05,4.0,4.039999961853027,4.0,4.010000228881836,28735665.0
2016-09-06,4.010000228881836,4.019999980926514,3.9700000286102295,4.019999980926514,27148490.0
2016-09-07,4.03000020980835,4.050000190734863,4.0,4.019999980926514,38773932.0
2016-09-08,4.019999980926514,4.019999980926514,3.9800000190734863,3.990000009536743,24469091.0
2016-09-09,4.0,4.019999980926514,3.9800000190734863,3.9800000190734863,23382980.0
2016-09-12,3.9600000381469727,3.9700000286102295,3.8399999141693115,3.869999885559082,48619402.0
2016-09-13,3.869999885559082,3.890000104904175,3.8299999237060547,3.8499999046325684,24634750.0
2016-09-14,3.799999952316284,3.8399999141693115,3.7799999713897705,3.799999952316284,22808206.0
2016-09-19,3.799999952316284,3.8399999141693115,3.799999952316284,3.8299999237060547,15652163.0
2016-09-20,3.8499999046325684,3.8499999046325684,3.819999933242798,3.8299999237060547,10937931.0
2016-09-21,3.8399999141693115,3.859999895095825,3.819999933242798,3.8299999237060547,12893857.0
2016-09-22,3.8399999141693115,3.859999895095825,3.8299999237060547,3.8399999141693115,19738448.0
2016-09-23,3.8499999046325684,3.8499999046325684,3.799999952316284,3.819999933242798,19328193.0
2016-09-26,3.8299999237060547,3.8299999237060547,3.690000057220459,3.700000047683716,29277882.0
2016-09-27,3.700000047683716,3.7100000381469727,3.6500000953674316,3.690000057220459,21629327.0
2016-09-28,3.7100000381469727,3.759999990463257,3.6700000762939453,3.7100000381469727,21943287.0
2016-09-29,3.7200000286102295,3.75,3.700000047683716,3.7100000381469727,13835246.0
2016-09-30,3.7200000286102295,3.7300000190734863,3.690000057220459,3.7100000381469727,13183105.0
2016-10-10,3.740000009536743,3.7899999618530273,3.740000009536743,3.7799999713897705,24146657.0
2016-10-11,3.7899999618530273,3.799999952316284,3.759999990463257,3.7899999618530273,23736000.0
2016-10-12,3.7799999713897705,3.7799999713897705,3.75,3.759999990463257,22466893.0
2016-10-13,3.7699999809265137,3.7699999809265137,3.7300000190734863,3.75,20823259.0
2016-10-14,3.75,3.75,3.700000047683716,3.7200000286102295,19649018.0
2016-10-17,3.740000009536743,3.7699999809265137,3.7100000381469727,3.7300000190734863,25587899.0
2016-10-18,3.7100000381469727,3.759999990463257,3.7100000381469727,3.759999990463257,22180927.0
2016-10-19,3.759999990463257,4.050000190734863,3.75,3.940000057220459,124894644.0
2016-10-20,3.9200000762939453,3.9200000762939453,3.8499999046325684,3.890000104904175,64062233.0
2016-10-21,3.890000104904175,3.9000000953674316,3.819999933242798,3.859999895095825,36577225.0
2016-10-24,3.859999895095825,3.880000114440918,3.799999952316284,3.880000114440918,44874948.0
2016-10-25,3.880000114440918,3.9100000858306885,3.8499999046325684,3.890000104904175,36181951.0
2016-10-26,3.9000000953674316,3.9000000953674316,3.8499999046325684,3.859999895095825,30791320.0
2016-10-27,3.859999895095825,3.869999885559082,3.799999952316284,3.8299999237060547,25711044.0
2016-10-28,3.819999933242798,3.8299999237060547,3.799999952316284,3.819999933242798,19022816.0
2016-10-31,3.819999933242798,3.8499999046325684,3.7799999713897705,3.8399999141693115,35524949.0
2016-11-01,3.8399999141693115,3.8499999046325684,3.809999942779541,3.8399999141693115,28856996.0
2016-11-02,3.8299999237060547,3.869999885559082,3.799999952316284,3.8499999046325684,43887660.0
2016-11-03,3.8299999237060547,3.859999895095825,3.809999942779541,3.8399999141693115,36184165.0
2016-11-04,3.8399999141693115,3.8399999141693115,3.809999942779541,3.809999942779541,22552313.0
2016-11-07,3.809999942779541,3.940000057220459,3.7899999618530273,3.890000104904175,83490447.0
2016-11-08,3.880000114440918,3.880000114440918,3.8399999141693115,3.8499999046325684,37810234.0
2016-11-09,3.8499999046325684,3.880000114440918,3.809999942779541,3.880000114440918,47597508.0
2016-11-10,3.9600000381469727,4.019999980926514,3.930000066757202,3.940000057220459,117250683.0
2016-11-11,3.940000057220459,4.329999923706055,3.9200000762939453,4.329999923706055,322766725.0
2016-11-14,4.349999904632568,4.480000019073486,4.230000019073486,4.409999847412109,363927812.0
2016-11-15,4.349999904632568,4.380000114440918,4.21999979019165,4.25,161180525.0
2016-11-16,4.230000019073486,4.289999961853027,4.130000114440918,4.170000076293945,120668452.0
2016-11-17,4.170000076293945,4.260000228881836,4.150000095367432,4.199999809265137,85681386.0
2016-11-18,4.230000019073486,4.230000019073486,4.099999904632568,4.159999847412109,95962368.0
2016-11-21,4.130000114440918,4.230000019073486,4.099999904632568,4.150000095367432,79736381.0
2016-11-22,4.150000095367432,4.260000228881836,4.150000095367432,4.21999979019165,108529838.0
2016-11-23,4.210000038146973,4.210000038146973,4.119999885559082,4.130000114440918,68752029.0
2016-11-24,4.150000095367432,4.369999885559082,4.150000095367432,4.269999980926514,181000440.0
2016-11-25,4.289999961853027,4.329999923706055,4.139999866485596,4.21999979019165,86015059.0
2016-11-28,4.210000038146973,4.380000114440918,4.190000057220459,4.309999942779541,147016366.0
2016-11-29,4.269999980926514,4.28000020980835,4.159999847412109,4.170000076293945,118779136.0
2016-11-30,4.130000114440918,4.139999866485596,4.039999961853027,4.070000171661377,89873933.0
2016-12-01,4.079999923706055,4.110000133514404,4.070000171661377,4.099999904632568,38122041.0
2016-12-02,4.099999904632568,4.099999904632568,3.9800000190734863,4.0,54435047.0
2016-12-05,3.950000047683716,4.010000228881836,3.930000066757202,3.990000009536743,32044652.0
2016-12-06,4.010000228881836,4.039999961853027,3.9700000286102295,3.9800000190734863,25189796.0
2016-12-07,3.9800000190734863,4.099999904632568,3.9700000286102295,4.079999923706055,63205843.0
2016-12-08,4.050000190734863,4.150000095367432,4.03000020980835,4.050000190734863,46714177.0
2016-12-09,4.03000020980835,4.070000171661377,4.010000228881836,4.059999942779541,32341466.0
2016-12-12,4.050000190734863,4.059999942779541,3.890000104904175,3.9000000953674316,49655078.0
2016-12-13,3.880000114440918,3.990000009536743,3.8399999141693115,3.930000066757202,31362864.0
2016-12-14,3.9000000953674316,3.930000066757202,3.869999885559082,3.890000104904175,23608015.0
2016-12-15,3.869999885559082,3.940000057220459,3.869999885559082,3.9200000762939453,24026648.0
2016-12-16,3.9000000953674316,3.930000066757202,3.880000114440918,3.9100000858306885,15965847.0
2016-12-19,3.9100000858306885,3.9100000858306885,3.8299999237060547,3.8499999046325684,27058031.0
2016-12-20,3.8299999237060547,3.869999885559082,3.7899999618530273,3.8499999046325684,28389130.0
2016-12-21,3.819999933242798,3.869999885559082,3.819999933242798,3.859999895095825,23416367.0
2016-12-22,3.859999895095825,3.859999895095825,3.819999933242798,3.8399999141693115,17465063.0
2016-12-23,3.859999895095825,3.890000104904175,3.8499999046325684,3.859999895095825,31259068.0
2016-12-26,3.8299999237060547,3.8399999141693115,3.7699999809265137,3.8299999237060547,23499953.0
2016-12-27,3.8299999237060547,3.8299999237060547,3.7799999713897705,3.799999952316284,21061251.0
2016-12-28,3.799999952316284,3.819999933242798,3.7699999809265137,3.7799999713897705,15594480.0
2016-12-29,3.7799999713897705,3.7799999713897705,3.7200000286102295,3.740000009536743,24370099.0
2016-12-30,3.740000009536743,3.759999990463257,3.7100000381469727,3.7200000286102295,19668687.0
2017-01-03,3.7200000286102295,3.759999990463257,3.7100000381469727,3.75,19399830.0
2017-01-04,3.75,3.799999952316284,3.7300000190734863,3.799999952316284,29505081.0
2017-01-05,3.7799999713897705,3.819999933242798,3.7699999809265137,3.799999952316284,23627231.0
2017-01-06,3.7899999618530273,3.809999942779541,3.75,3.7699999809265137,27938643.0
2017-01-09,3.759999990463257,3.799999952316284,3.75,3.7899999618530273,17758203.0
2017-01-10,3.7899999618530273,3.8399999141693115,3.7799999713897705,3.8299999237060547,32171991.0
2017-01-11,3.8399999141693115,4.179999828338623,3.8399999141693115,3.9700000286102295,137016136.0
2017-01-12,3.9200000762939453,3.950000047683716,3.869999885559082,3.890000104904175,59270531.0
2017-01-13,3.890000104904175,4.059999942779541,3.890000104904175,3.9200000762939453,66939910.0
2017-01-16,3.9200000762939453,4.0,3.8299999237060547,3.990000009536743,85517947.0
2017-01-17,3.9600000381469727,4.019999980926514,3.9200000762939453,4.0,46173243.0
2017-01-18,3.990000009536743,4.010000228881836,3.9000000953674316,3.9100000858306885,50157156.0
2017-01-19,3.9100000858306885,3.940000057220459,3.880000114440918,3.930000066757202,33189242.0
2017-01-20,3.9000000953674316,3.940000057220459,3.9000000953674316,3.9200000762939453,27925690.0
2017-01-23,3.930000066757202,4.099999904632568,3.9200000762939453,4.019999980926514,81059081.0
2017-01-24,4.019999980926514,4.099999904632568,3.990000009536743,4.039999961853027,71135384.0
2017-01-25,4.039999961853027,4.090000152587891,4.019999980926514,4.050000190734863,39697930.0
2017-01-26,4.039999961853027,4.139999866485596,4.039999961853027,4.130000114440918,88918150.0
2017-02-03,4.150000095367432,4.159999847412109,4.050000190734863,4.059999942779541,45035846.0
2017-02-06,4.050000190734863,4.090000152587891,4.0,4.059999942779541,47247562.0
2017-02-07,4.070000171661377,4.139999866485596,4.059999942779541,4.099999904632568,44644570.0
2017-02-08,4.090000152587891,4.130000114440918,4.079999923706055,4.110000133514404,40961361.0
2017-02-09,4.139999866485596,4.159999847412109,4.070000171661377,4.099999904632568,61413180.0
2017-02-10,4.090000152587891,4.21999979019165,4.079999923706055,4.150000095367432,109855125.0
2017-02-13,4.300000190734863,4.570000171661377,4.260000228881836,4.440000057220459,308421603.0
2017-02-14,4.389999866485596,4.550000190734863,4.349999904632568,4.510000228881836,203140908.0
2017-02-15,4.429999828338623,4.480000019073486,4.309999942779541,4.320000171661377,114724504.0
2017-02-16,4.349999904632568,4.75,4.340000152587891,4.75,364009665.0
2017-02-17,4.800000190734863,4.800000190734863,4.590000152587891,4.699999809265137,275226551.0
2017-02-20,4.610000133514404,4.849999904632568,4.579999923706055,4.730000019073486,162394475.0
2017-02-21,4.75,5.119999885559082,4.650000095367432,5.0,222556011.0
2017-02-22,5.010000228881836,5.269999980926514,4.980000019073486,5.0,219189675.0
2017-02-23,5.139999866485596,5.5,5.03000020980835,5.5,390861758.0
2017-02-24,5.300000190734863,5.420000076293945,5.150000095367432,5.25,276401343.0
2017-02-27,5.190000057220459,5.440000057220459,5.150000095367432,5.179999828338623,234838893.0
2017-02-28,5.170000076293945,5.449999809265137,5.170000076293945,5.289999961853027,244327983.0
2017-03-01,5.21999979019165,5.300000190734863,5.110000133514404,5.199999809265137,205682230.0
2017-03-02,5.179999828338623,5.300000190734863,5.159999847412109,5.21999979019165,149412932.0
2017-03-03,5.190000057220459,5.260000228881836,4.860000133514404,4.940000057220459,276434830.0
2017-03-06,4.889999866485596,5.079999923706055,4.840000152587891,4.989999771118164,198226705.0
2017-03-07,4.980000019073486,4.989999771118164,4.820000171661377,4.849999904632568,170928905.0
2017-03-08,4.849999904632568,4.920000076293945,4.809999942779541,4.880000114440918,104572846.0
2017-03-09,4.920000076293945,5.03000020980835,4.889999866485596,4.909999847412109,176405399.0
2017-03-10,4.840000152587891,4.929999828338623,4.820000171661377,4.860000133514404,120334114.0
2017-03-13,4.840000152587891,4.920000076293945,4.820000171661377,4.909999847412109,102035739.0
2017-03-14,4.920000076293945,5.019999980926514,4.889999866485596,4.929999828338623,140660267.0
2017-03-15,4.889999866485596,4.96999979019165,4.849999904632568,4.949999809265137,114962663.0
2017-03-16,4.989999771118164,5.010000228881836,4.909999847412109,4.989999771118164,104134597.0
2017-03-17,4.980000019073486,4.989999771118164,4.800000190734863,4.820000171661377,135273177.0
2017-03-20,4.829999923706055,4.860000133514404,4.559999942779541,4.679999828338623,164520851.0
2017-03-21,4.650000095367432,4.659999847412109,4.590000152587891,4.639999866485596,79360172.0
2017-03-22,4.619999885559082,4.659999847412109,4.599999904632568,4.619999885559082,65543727.0
2017-03-23,4.639999866485596,4.650000095367432,4.559999942779541,4.610000133514404,76050132.0
2017-03-24,4.610000133514404,4.630000114440918,4.5,4.539999961853027,92284117.0
2017-03-27,4.53000020980835,4.579999923706055,4.510000228881836,4.559999942779541,58494368.0
2017-03-28,4.559999942779541,4.679999828338623,4.519999980926514,4.639999866485596,109599864.0
2017-03-29,4.659999847412109,4.670000076293945,4.539999961853027,4.550000190734863,80099462.0
2017-03-30,4.539999961853027,4.559999942779541,4.460000038146973,4.480000019073486,67295112.0
2017-03-31,4.5,4.820000171661377,4.5,4.710000038146973,194201459.0
2017-04-05,4.650000095367432,5.179999828338623,4.630000114440918,5.179999828338623,373351318.0
2017-04-06,5.230000019073486,5.230000019073486,5.039999961853027,5.139999866485596,198616585.0
2017-04-07,5.099999904632568,5.289999961853027,5.03000020980835,5.099999904632568,167106678.0
2017-04-10,5.090000152587891,5.150000095367432,4.880000114440918,4.909999847412109,175730565.0
2017-04-11,4.869999885559082,5.03000020980835,4.800000190734863,4.980000019073486,134725047.0
2017-04-12,4.940000057220459,5.179999828338623,4.920000076293945,5.03000020980835,165282938.0
2017-04-13,4.980000019073486,5.050000190734863,4.900000095367432,4.989999771118164,85637088.0
2017-04-14,4.960000038146973,5.119999885559082,4.929999828338623,4.949999809265137,86253734.0
2017-04-17,4.920000076293945,5.130000114440918,4.849999904632568,5.050000190734863,123028503.0
2017-04-18,5.019999980926514,5.079999923706055,4.909999847412109,4.920000076293945,71520782.0
2017-04-19,4.880000114440918,4.889999866485596,4.510000228881836,4.619999885559082,137314645.0
2017-04-20,4.619999885559082,4.690000057220459,4.5,4.599999904632568,73558962.0
2017-04-21,4.630000114440918,4.659999847412109,4.480000019073486,4.489999771118164,63048395.0
2017-04-24,4.480000019073486,4.480000019073486,4.190000057220459,4.210000038146973,116897668.0
2017-04-25,4.190000057220459,4.260000228881836,4.159999847412109,4.230000019073486,72056941.0
2017-04-26,4.239999771118164,4.329999923706055,4.210000038146973,4.269999980926514,64795237.0
2017-04-27,4.25,4.420000076293945,4.119999885559082,4.380000114440918,100008272.0
2017-04-28,4.420000076293945,4.460000038146973,4.360000133514404,4.400000095367432,52408866.0
2017-05-02,4.409999847412109,4.670000076293945,4.360000133514404,4.519999980926514,88555440.0
2017-05-03,4.440000057220459,4.610000133514404,4.440000057220459,4.46999979019165,58089924.0
2017-05-04,4.440000057220459,4.46999979019165,4.329999923706055,4.360000133514404,72505821.0
2017-05-05,4.300000190734863,4.300000190734863,4.130000114440918,4.269999980926514,69479848.0
2017-05-08,4.230000019073486,4.309999942779541,4.210000038146973,4.289999961853027,47210293.0
2017-05-09,4.260000228881836,4.300000190734863,4.210000038146973,4.289999961853027,45432039.0
2017-05-10,4.260000228881836,4.320000171661377,4.119999885559082,4.139999866485596,46148483.0
2017-05-11,4.119999885559082,4.179999828338623,4.010000228881836,4.170000076293945,69221034.0
2017-05-12,4.130000114440918,4.170000076293945,4.090000152587891,4.119999885559082,37769579.0
2017-05-15,4.130000114440918,4.239999771118164,4.119999885559082,4.179999828338623,39183800.0
2017-05-16,4.170000076293945,4.400000095367432,4.130000114440918,4.380000114440918,93721715.0
2017-05-17,4.349999904632568,4.400000095367432,4.320000171661377,4.349999904632568,50300096.0
2017-05-18,4.320000171661377,4.369999885559082,4.28000020980835,4.309999942779541,37642558.0
2017-05-19,4.46999979019165,4.5,4.28000020980835,4.320000171661377,65975007.0
2017-05-22,4.25,4.320000171661377,4.199999809265137,4.239999771118164,45315299.0
2017-05-23,4.25,4.269999980926514,4.119999885559082,4.260000228881836,49888289.0
2017-05-24,4.210000038146973,4.289999961853027,4.150000095367432,4.289999961853027,38335465.0
2017-05-25,4.260000228881836,4.320000171661377,4.159999847412109,4.289999961853027,70898962.0
2017-05-26,4.260000228881836,4.289999961853027,4.199999809265137,4.230000019073486,38797718.0
2017-05-31,4.260000228881836,4.289999961853027,4.199999809265137,4.210000038146973,39716538.0
2017-06-01,4.199999809265137,4.199999809265137,4.03000020980835,4.070000171661377,79660839.0
2017-06-02,4.03000020980835,4.079999923706055,3.9600000381469727,4.039999961853027,57092821.0
2017-06-05,4.039999961853027,4.090000152587891,4.03000020980835,4.070000171661377,28560300.0
2017-06-06,4.050000190734863,4.099999904632568,4.039999961853027,4.090000152587891,21311377.0
2017-06-07,4.099999904632568,4.170000076293945,4.059999942779541,4.159999847412109,46740194.0
2017-06-08,4.150000095367432,4.239999771118164,4.130000114440918,4.170000076293945,54159852.0
2017-06-09,4.170000076293945,4.239999771118164,4.150000095367432,4.199999809265137,45817139.0
2017-06-12,4.199999809265137,4.320000171661377,4.170000076293945,4.21999979019165,69743206.0
2017-06-13,4.21999979019165,4.610000133514404,4.21999979019165,4.5,205955138.0
2017-06-14,4.599999904632568,4.78000020980835,4.510000228881836,4.550000190734863,183291619.0
2017-06-15,4.550000190734863,4.699999809265137,4.53000020980835,4.619999885559082,148458985.0
2017-06-16,4.679999828338623,5.079999923706055,4.619999885559082,5.039999961853027,394475517.0
2017-06-19,4.96999979019165,5.010000228881836,4.880000114440918,4.949999809265137,211608214.0
2017-06-20,4.980000019073486,5.03000020980835,4.880000114440918,4.96999979019165,202698501.0
2017-06-21,4.949999809265137,4.989999771118164,4.849999904632568,4.980000019073486,136076891.0
2017-06-22,4.96999979019165,5.010000228881836,4.769999980926514,4.860000133514404,186072481.0
2017-06-23,4.820000171661377,4.920000076293945,4.690000057220459,4.829999923706055,145316646.0
2017-06-26,4.880000114440918,4.920000076293945,4.800000190734863,4.869999885559082,151505133.0
2017-06-27,4.840000152587891,4.960000038146973,4.769999980926514,4.920000076293945,141267994.0
2017-06-28,4.880000114440918,4.909999847412109,4.800000190734863,4.840000152587891,94820388.0
2017-06-29,4.840000152587891,5.050000190734863,4.809999942779541,4.96999979019165,171090706.0
2017-06-30,4.960000038146973,5.110000133514404,4.889999866485596,5.059999942779541,132658048.0
2017-07-03,5.079999923706055,5.179999828338623,5.059999942779541,5.070000171661377,123594636.0
2017-07-04,5.070000171661377,5.139999866485596,4.789999961853027,4.849999904632568,176344629.0
2017-07-05,4.840000152587891,5.300000190734863,4.820000171661377,5.190000057220459,236825252.0
2017-07-06,5.170000076293945,5.710000038146973,5.139999866485596,5.710000038146973,455452077.0
2017-07-07,5.710000038146973,6.119999885559082,5.579999923706055,5.96999979019165,391609911.0
2017-07-10,6.019999980926514,6.570000171661377,5.929999828338623,6.510000228881836,402303449.0
2017-07-11,6.349999904632568,6.349999904632568,5.929999828338623,6.090000152587891,378441301.0
2017-07-12,6.090000152587891,6.179999828338623,5.849999904632568,6.159999847412109,328653788.0
2017-07-13,6.300000190734863,6.349999904632568,5.949999809265137,5.96999979019165,354521041.0
2017-07-14,5.900000095367432,6.46999979019165,5.789999961853027,6.300000190734863,397227357.0
2017-07-17,6.210000038146973,6.730000019073486,5.900000095367432,6.429999828338623,427942884.0
2017-07-18,6.309999942779541,6.650000095367432,6.210000038146973,6.610000133514404,335393251.0
2017-07-19,6.5,7.269999980926514,6.46999979019165,7.159999847412109,571235572.0
2017-07-20,7.070000171661377,7.510000228881836,7.010000228881836,7.150000095367432,494533068.0
2017-07-21,7.070000171661377,7.400000095367432,7.019999980926514,7.360000133514404,323369287.0
2017-07-24,7.369999885559082,7.670000076293945,7.050000190734863,7.21999979019165,378691985.0
2017-07-25,7.110000133514404,7.21999979019165,6.800000190734863,7.039999961853027,342761371.0
2017-07-26,7.159999847412109,7.210000038146973,6.840000152587891,7.079999923706055,345043538.0
2017-07-27,6.980000019073486,7.019999980926514,6.389999866485596,6.599999904632568,412099947.0
2017-07-28,6.550000190734863,7.150000095367432,6.489999771118164,7.010000228881836,402734317.0
2017-07-31,6.909999847412109,7.349999904632568,6.880000114440918,7.230000019073486,437536494.0
2017-08-01,7.170000076293945,7.25,6.909999847412109,7.050000190734863,282404592.0
2017-08-02,7.010000228881836,7.539999961853027,6.920000076293945,7.159999847412109,443069226.0
2017-08-03,7.349999904632568,7.599999904632568,7.159999847412109,7.46999979019165,486281800.0
2017-08-04,7.400000095367432,7.46999979019165,7.0,7.010000228881836,438193504.0
2017-08-07,7.03000020980835,7.260000228881836,6.880000114440918,7.199999809265137,277028021.0
2017-08-08,7.190000057220459,7.449999809265137,7.03000020980835,7.130000114440918,310347317.0
2017-08-09,7.130000114440918,7.170000076293945,6.920000076293945,7.110000133514404,200502743.0
2017-08-10,7.079999923706055,7.079999923706055,6.730000019073486,6.75,257679016.0
2017-08-11,6.679999828338623,6.820000171661377,6.119999885559082,6.210000038146973,276304088.0
2017-08-14,6.25,6.550000190734863,6.210000038146973,6.449999809265137,183851318.0
2017-08-15,6.369999885559082,6.460000038146973,6.309999942779541,6.400000095367432,130789393.0
2017-08-16,6.389999866485596,6.460000038146973,6.159999847412109,6.21999979019165,141690570.0
2017-08-17,6.420000076293945,6.460000038146973,6.230000019073486,6.260000228881836,139651551.0
2017-08-18,6.170000076293945,6.190000057220459,6.019999980926514,6.119999885559082,149894734.0
2017-08-21,6.130000114440918,6.320000171661377,6.059999942779541,6.260000228881836,140336026.0
2017-08-22,6.21999979019165,6.829999923706055,6.199999809265137,6.670000076293945,352515701.0
2017-08-23,6.610000133514404,6.650000095367432,6.360000133514404,6.480000019073486,187640869.0
2017-08-24,6.539999961853027,6.559999942779541,6.309999942779541,6.360000133514404,121809860.0
2017-08-25,6.389999866485596,6.699999809265137,6.320000171661377,6.579999923706055,205198400.0
2017-08-28,6.489999771118164,6.820000171661377,6.460000038146973,6.659999847412109,227246670.0
2017-08-29,6.670000076293945,6.96999979019165,6.599999904632568,6.840000152587891,248392890.0
2017-08-30,6.820000171661377,6.989999771118164,6.75,6.920000076293945,223508519.0
2017-08-31,6.96999979019165,7.610000133514404,6.900000095367432,7.53000020980835,489252949.0
2017-09-01,7.480000019073486,7.760000228881836,7.340000152587891,7.429999828338623,450159387.0
2017-09-04,7.460000038146973,7.760000228881836,7.409999847412109,7.519999980926514,266706760.0
2017-09-05,7.550000190734863,7.579999923706055,7.079999923706055,7.320000171661377,291315525.0
2017-09-06,7.21999979019165,8.0,7.139999866485596,7.760000228881836,435877760.0
2017-09-07,7.739999771118164,7.800000190734863,7.449999809265137,7.579999923706055,256017590.0
2017-09-08,7.550000190734863,8.039999961853027,7.519999980926514,7.769999980926514,314414278.0
2017-09-11,7.800000190734863,8.550000190734863,7.699999809265137,8.539999961853027,573838462.0
2017-09-12,8.5,8.899999618530273,8.050000190734863,8.229999542236328,634085112.0
2017-09-13,8.170000076293945,8.489999771118164,8.0600004196167,8.430000305175781,302818542.0
2017-09-14,8.34000015258789,8.619999885559082,8.15999984741211,8.260000228881836,268468016.0
2017-09-15,8.149999618530273,8.239999771118164,7.78000020980835,7.789999961853027,278255598.0
2017-09-18,7.809999942779541,8.100000381469727,7.730000019073486,7.909999847412109,217886611.0
2017-09-19,7.849999904632568,7.989999771118164,7.710000038146973,7.860000133514404,183524451.0
2017-09-20,7.840000152587891,8.279999732971191,7.829999923706055,8.180000305175781,294097869.0
2017-09-21,8.130000114440918,8.140000343322754,7.789999961853027,7.849999904632568,218716552.0
2017-09-22,7.710000038146973,7.769999980926514,7.420000076293945,7.599999904632568,201116307.0
2017-09-25,7.619999885559082,7.630000114440918,7.369999885559082,7.389999866485596,119400618.0
2017-09-26,7.400000095367432,7.599999904632568,7.389999866485596,7.510000228881836,113898712.0
2017-09-27,7.5,7.860000133514404,7.449999809265137,7.769999980926514,184271860.0
2017-09-28,7.78000020980835,7.949999809265137,7.710000038146973,7.760000228881836,142285010.0
2017-09-29,7.840000152587891,7.900000095367432,7.690000057220459,7.840000152587891,139941692.0
2017-10-09,8.029999732971191,8.09000015258789,7.760000228881836,7.809999942779541,160234745.0
2017-10-10,7.809999942779541,7.809999942779541,7.429999828338623,7.539999961853027,174295226.0
2017-10-11,7.460000038146973,7.46999979019165,6.949999809265137,7.28000020980835,203202998.0
2017-10-12,7.199999809265137,7.230000019073486,7.0,7.139999866485596,127871772.0
2017-10-13,7.170000076293945,7.289999961853027,7.050000190734863,7.170000076293945,98080166.0
2017-10-16,7.130000114440918,7.28000020980835,7.03000020980835,7.230000019073486,128246517.0
2017-10-17,7.170000076293945,7.230000019073486,7.059999942779541,7.070000171661377,79069029.0
2017-10-18,7.050000190734863,7.119999885559082,6.699999809265137,6.739999771118164,144512652.0
2017-10-19,6.699999809265137,6.920000076293945,6.550000190734863,6.769999980926514,111194990.0
2017-10-20,6.71999979019165,7.190000057220459,6.690000057220459,7.139999866485596,175901766.0
2017-10-23,7.150000095367432,7.179999828338623,7.099999904632568,7.119999885559082,89165016.0
2017-10-24,7.159999847412109,7.380000114440918,7.119999885559082,7.21999979019165,130842532.0
2017-10-25,7.110000133514404,7.25,7.059999942779541,7.199999809265137,93548501.0
2017-10-26,7.159999847412109,7.480000019073486,7.079999923706055,7.360000133514404,197777043.0
2017-10-27,7.309999942779541,7.409999847412109,7.25,7.269999980926514,102550982.0
2017-10-30,7.099999904632568,7.099999904632568,6.710000038146973,6.860000133514404,161232141.0
2017-10-31,6.829999923706055,7.21999979019165,6.809999942779541,7.170000076293945,158483708.0
2017-11-01,7.210000038146973,7.340000152587891,7.199999809265137,7.25,189403175.0
2017-11-02,7.230000019073486,7.269999980926514,6.96999979019165,7.010000228881836,145701548.0
2017-11-03,6.900000095367432,7.059999942779541,6.78000020980835,6.900000095367432,118246942.0
2017-11-06,6.900000095367432,6.960000038146973,6.710000038146973,6.889999866485596,101063649.0
2017-11-07,6.849999904632568,7.0,6.75,6.900000095367432,107528451.0
2017-11-08,6.849999904632568,7.039999961853027,6.75,6.920000076293945,138961853.0
2017-11-09,6.940000057220459,7.039999961853027,6.809999942779541,6.880000114440918,90423469.0
2017-11-10,6.880000114440918,6.880000114440918,6.75,6.760000228881836,98873224.0
2017-11-13,6.760000228881836,6.789999961853027,6.559999942779541,6.710000038146973,150434178.0
2017-11-14,6.78000020980835,6.880000114440918,6.699999809265137,6.760000228881836,154472221.0
2017-11-15,6.670000076293945,6.679999828338623,6.349999904632568,6.400000095367432,185347230.0
2017-11-16,6.389999866485596,6.409999847412109,6.139999866485596,6.159999847412109,160560008.0
2017-11-17,6.159999847412109,6.269999980926514,6.0,6.039999961853027,118401222.0
2017-11-20,6.010000228881836,6.239999771118164,5.800000190734863,6.21999979019165,119312262.0
2017-11-21,6.239999771118164,6.239999771118164,6.070000171661377,6.110000133514404,87615346.0
2017-11-22,6.110000133514404,6.230000019073486,6.099999904632568,6.179999828338623,92536802.0
2017-11-23,6.170000076293945,6.449999809265137,6.159999847412109,6.269999980926514,188677928.0
2017-11-24,6.28000020980835,6.840000152587891,6.130000114440918,6.699999809265137,237426919.0
2017-11-27,6.650000095367432,6.900000095367432,6.480000019073486,6.550000190734863,234962611.0
2017-11-28,6.480000019073486,6.880000114440918,6.420000076293945,6.829999923706055,210209852.0
2017-11-29,6.829999923706055,7.150000095367432,6.78000020980835,7.010000228881836,288718344.0
2017-11-30,7.070000171661377,7.349999904632568,7.0,7.070000171661377,226232077.0
2017-12-01,7.099999904632568,7.190000057220459,6.809999942779541,7.099999904632568,191057238.0
2017-12-04,7.170000076293945,7.269999980926514,6.949999809265137,6.989999771118164,163799007.0
2017-12-05,6.989999771118164,6.989999771118164,6.5,6.610000133514404,177814682.0
2017-12-06,6.5,6.650000095367432,6.300000190734863,6.590000152587891,160380492.0
2017-12-07,6.5,6.590000152587891,6.349999904632568,6.380000114440918,101665181.0
2017-12-08,6.400000095367432,6.639999866485596,6.389999866485596,6.599999904632568,123955016.0
2017-12-11,6.679999828338623,6.840000152587891,6.630000114440918,6.78000020980835,132699349.0
2017-12-12,6.840000152587891,7.0,6.739999771118164,6.860000133514404,180140423.0
2017-12-13,6.789999961853027,6.789999961853027,6.659999847412109,6.760000228881836,117393230.0
2017-12-14,6.78000020980835,6.909999847412109,6.760000228881836,6.829999923706055,107807841.0
2017-12-15,6.78000020980835,6.880000114440918,6.559999942779541,6.630000114440918,116183430.0
2017-12-18,6.630000114440918,6.730000019073486,6.480000019073486,6.590000152587891,86107111.0
2017-12-19,6.599999904632568,6.679999828338623,6.489999771118164,6.570000171661377,71833638.0
2017-12-20,6.559999942779541,6.619999885559082,6.380000114440918,6.400000095367432,95613405.0
2017-12-21,6.400000095367432,6.559999942779541,6.380000114440918,6.5,97352891.0
2017-12-22,6.480000019073486,6.590000152587891,6.400000095367432,6.440000057220459,93856104.0
2017-12-25,6.489999771118164,6.519999980926514,6.380000114440918,6.440000057220459,73240727.0
2017-12-26,6.389999866485596,6.429999828338623,6.210000038146973,6.420000076293945,77718278.0
2017-12-27,6.409999847412109,6.670000076293945,6.380000114440918,6.559999942779541,148361692.0
2017-12-28,6.550000190734863,7.079999923706055,6.5,7.010000228881836,307633631.0
2017-12-29,6.960000038146973,7.019999980926514,6.840000152587891,6.880000114440918,139344627.0
2018-01-02,6.900000095367432,6.989999771118164,6.820000171661377,6.940000057220459,162983912.0
2018-01-03,6.960000038146973,7.28000020980835,6.940000057220459,7.050000190734863,274795069.0
2018-01-04,6.980000019073486,7.239999771118164,6.96999979019165,7.230000019073486,214791354.0
2018-01-05,7.170000076293945,7.25,7.090000152587891,7.159999847412109,178703608.0
2018-01-08,7.110000133514404,7.429999828338623,7.079999923706055,7.300000190734863,251438637.0
2018-01-09,7.320000171661377,7.400000095367432,7.170000076293945,7.239999771118164,158468094.0
2018-01-10,7.239999771118164,7.320000171661377,7.079999923706055,7.210000038146973,160305523.0
2018-01-11,7.5,7.820000171661377,7.369999885559082,7.769999980926514,415415156.0
2018-01-12,7.699999809265137,7.849999904632568,7.610000133514404,7.639999866485596,217215210.0
2018-01-15,7.800000190734863,7.929999828338623,7.349999904632568,7.510000228881836,301848520.0
2018-01-16,7.5,8.130000114440918,7.440000057220459,8.09000015258789,364598071.0
2018-01-17,8.0,8.100000381469727,7.800000190734863,8.069999694824219,275260176.0
2018-01-18,8.180000305175781,8.350000381469727,8.0,8.079999923706055,208601144.0
2018-01-19,8.039999961853027,8.140000343322754,7.829999923706055,8.100000381469727,194237115.0
2018-01-22,8.079999923706055,8.369999885559082,8.029999732971191,8.319999694824219,211901168.0
2018-01-23,8.350000381469727,8.449999809265137,8.220000267028809,8.300000190734863,189708505.0
2018-01-24,8.220000267028809,8.270000457763672,8.029999732971191,8.15999984741211,174693412.0
2018-01-25,8.25,8.329999923706055,8.079999923706055,8.170000076293945,178978437.0
2018-01-26,8.0,8.020000457763672,7.769999980926514,7.78000020980835,219279407.0
2018-01-29,7.849999904632568,7.960000038146973,7.739999771118164,7.820000171661377,160647587.0
2018-01-30,7.710000038146973,7.71999979019165,7.380000114440918,7.449999809265137,201247476.0
2018-01-31,7.360000133514404,7.75,7.300000190734863,7.559999942779541,183662191.0
2018-02-01,7.5,7.710000038146973,7.360000133514404,7.449999809265137,141636794.0
2018-02-02,7.300000190734863,7.960000038146973,7.210000038146973,7.849999904632568,203561029.0
2018-02-05,7.690000057220459,7.949999809265137,7.630000114440918,7.869999885559082,163295923.0
2018-02-06,7.650000095367432,7.860000133514404,7.150000095367432,7.179999828338623,189261734.0
2018-02-07,7.420000076293945,7.46999979019165,6.929999828338623,7.0,157004002.0
2018-02-08,6.809999942779541,7.050000190734863,6.699999809265137,6.889999866485596,107847916.0
2018-02-09,6.590000152587891,6.730000019073486,6.199999809265137,6.199999809265137,197791524.0
2018-02-12,6.239999771118164,6.510000228881836,6.230000019073486,6.480000019073486,127356194.0
2018-02-13,6.599999904632568,6.739999771118164,6.559999942779541,6.579999923706055,112513566.0
2018-02-14,6.699999809265137,6.789999961853027,6.630000114440918,6.739999771118164,86800577.0
2018-02-22,6.739999771118164,6.739999771118164,6.739999771118164,6.739999771118164,0.0
2018-02-23,8.09000015258789,8.09000015258789,7.71999979019165,8.020000457763672,436248777.0
2018-02-26,8.0600004196167,8.800000190734863,7.960000038146973,8.609999656677246,505632902.0
2018-02-27,8.470000267028809,8.529999732971191,8.170000076293945,8.229999542236328,394630992.0
2018-02-28,8.170000076293945,8.600000381469727,8.170000076293945,8.579999923706055,384978169.0
2018-03-01,8.369999885559082,8.600000381469727,8.34000015258789,8.430000305175781,284591859.0
2018-03-02,8.329999923706055,8.75,8.229999542236328,8.359999656677246,333663549.0
2018-03-05,8.420000076293945,9.069999694824219,8.25,9.0,430333521.0
2018-03-06,8.899999618530273,9.029999732971191,8.619999885559082,8.920000076293945,330919734.0
2018-03-07,8.880000114440918,9.010000228881836,8.699999809265137,8.729999542236328,205596914.0
2018-03-08,8.520000457763672,8.65999984741211,8.270000457763672,8.369999885559082,313648156.0
2018-03-09,8.300000190734863,8.569999694824219,8.270000457763672,8.430000305175781,210008085.0
2018-03-12,8.539999961853027,9.069999694824219,8.539999961853027,8.850000381469727,385391406.0
2018-03-13,8.850000381469727,9.449999809265137,8.739999771118164,9.300000190734863,381709440.0
2018-03-14,9.279999732971191,9.65999984741211,9.069999694824219,9.130000114440918,391591469.0
2018-03-15,9.319999694824219,9.640000343322754,9.119999885559082,9.460000038146973,360724680.0
2018-03-16,9.399999618530273,9.399999618530273,9.15999984741211,9.229999542236328,238310466.0
2018-03-19,9.119999885559082,9.800000190734863,9.039999961853027,9.6899995803833,306931044.0
2018-03-20,9.539999961853027,9.770000457763672,9.449999809265137,9.550000190734863,225009628.0
2018-03-21,9.5,9.609999656677246,9.119999885559082,9.229999542236328,261068840.0
2018-03-22,9.350000381469727,9.479999542236328,8.989999771118164,9.220000267028809,231864138.0
2018-03-23,8.65999984741211,8.949999809265137,8.300000190734863,8.319999694824219,350930097.0
2018-03-26,8.100000381469727,8.739999771118164,8.029999732971191,8.729999542236328,284074505.0
2018-03-27,8.8100004196167,8.970000267028809,8.670000076293945,8.880000114440918,255660201.0
2018-03-28,8.600000381469727,8.75,8.449999809265137,8.479999542236328,192761877.0
2018-03-29,8.460000038146973,8.600000381469727,8.130000114440918,8.5,190755329.0
2018-03-30,8.550000190734863,8.640000343322754,8.40999984741211,8.479999542236328,158269269.0
2018-04-02,8.40999984741211,8.40999984741211,8.119999885559082,8.220000267028809,198013319.0
2018-04-03,8.010000228881836,8.199999809265137,7.929999828338623,8.15999984741211,117871605.0
2018-04-04,8.210000038146973,8.239999771118164,7.949999809265137,7.960000038146973,115519133.0
2018-04-09,7.940000057220459,8.140000343322754,7.909999847412109,8.069999694824219,108712110.0
2018-04-10,8.109999656677246,8.600000381469727,8.079999923706055,8.59000015258789,247885410.0
2018-04-11,8.640000343322754,8.6899995803833,8.479999542236328,8.550000190734863,173092043.0
2018-04-12,8.5,8.529999732971191,8.199999809265137,8.260000228881836,149145062.0
2018-04-13,8.350000381469727,8.399999618530273,8.130000114440918,8.260000228881836,104540952.0
2018-04-16,8.170000076293945,8.34000015258789,8.130000114440918,8.15999984741211,84867238.0
2018-04-17,8.15999984741211,8.15999984741211,7.519999980926514,7.650000095367432,207774510.0
2018-04-18,7.730000019073486,7.829999923706055,7.329999923706055,7.78000020980835,142534356.0
2018-04-19,7.820000171661377,7.980000019073486,7.71999979019165,7.860000133514404,125334751.0
2018-04-20,7.71999979019165,7.929999828338623,7.650000095367432,7.670000076293945,108185444.0
2018-04-23,7.679999828338623,7.769999980926514,7.5,7.650000095367432,76975823.0
2018-04-24,7.670000076293945,8.09000015258789,7.670000076293945,8.0,166838154.0
2018-04-25,7.929999828338623,7.980000019073486,7.800000190734863,7.849999904632568,104715552.0
2018-04-26,7.820000171661377,7.889999866485596,7.559999942779541,7.570000171661377,93717665.0
2018-04-27,7.650000095367432,7.679999828338623,7.539999961853027,7.579999923706055,65332583.0
2018-05-02,7.949999809265137,8.0,7.730000019073486,7.760000228881836,103834181.0
2018-05-03,7.639999866485596,7.679999828338623,7.28000020980835,7.619999885559082,113032126.0
2018-05-04,7.5,7.659999847412109,7.46999979019165,7.5,68119071.0
2018-05-07,7.449999809265137,7.769999980926514,7.429999828338623,7.730000019073486,111449466.0
2018-05-08,7.679999828338623,7.800000190734863,7.670000076293945,7.760000228881836,90048857.0
2018-05-09,7.78000020980835,7.78000020980835,7.610000133514404,7.659999847412109,69507964.0
2018-05-10,7.679999828338623,7.789999961853027,7.650000095367432,7.730000019073486,79202373.0
2018-05-11,7.75,8.319999694824219,7.710000038146973,8.149999618530273,283857645.0
2018-05-14,8.170000076293945,8.449999809265137,8.010000228881836,8.289999961853027,231793442.0
2018-05-15,8.279999732971191,8.430000305175781,8.149999618530273,8.329999923706055,135331049.0
2018-05-16,8.229999542236328,8.319999694824219,8.15999984741211,8.180000305175781,108663631.0
2018-05-17,8.25,8.319999694824219,8.0600004196167,8.100000381469727,87566867.0
2018-05-18,8.109999656677246,8.229999542236328,7.96999979019165,8.199999809265137,99319352.0
2018-05-21,8.289999961853027,8.449999809265137,8.220000267028809,8.270000457763672,131846030.0
2018-05-22,8.170000076293945,8.170000076293945,7.920000076293945,8.109999656677246,163860315.0
2018-05-23,7.989999771118164,8.0600004196167,7.789999961853027,7.800000190734863,127637969.0
2018-05-24,7.730000019073486,7.849999904632568,7.71999979019165,7.769999980926514,64033960.0
2018-05-25,7.760000228881836,7.809999942779541,7.510000228881836,7.53000020980835,89055554.0
2018-05-28,7.550000190734863,7.639999866485596,7.380000114440918,7.53000020980835,62121637.0
2018-05-29,7.53000020980835,7.590000152587891,7.420000076293945,7.46999979019165,71889926.0
2018-05-30,7.340000152587891,7.340000152587891,6.809999942779541,7.010000228881836,141948954.0
2018-05-31,7.070000171661377,7.159999847412109,7.010000228881836,7.110000133514404,76834815.0
2018-06-01,7.090000152587891,7.329999923706055,7.019999980926514,7.170000076293945,84312501.0
2018-06-04,7.170000076293945,7.190000057220459,6.880000114440918,7.019999980926514,80781322.0
2018-06-05,7.010000228881836,7.179999828338623,6.980000019073486,7.179999828338623,71698728.0
2018-06-06,7.170000076293945,7.409999847412109,7.139999866485596,7.309999942779541,115075949.0
2018-06-07,7.380000114440918,7.400000095367432,7.21999979019165,7.230000019073486,72455209.0
2018-06-08,7.179999828338623,7.199999809265137,7.019999980926514,7.099999904632568,64636808.0
2018-06-11,7.119999885559082,7.21999979019165,7.079999923706055,7.130000114440918,54882033.0
2018-06-12,7.090000152587891,7.130000114440918,6.920000076293945,7.110000133514404,64265606.0
2018-06-13,7.0,7.079999923706055,6.960000038146973,6.960000038146973,50822885.0
2018-06-14,6.900000095367432,7.070000171661377,6.869999885559082,6.960000038146973,50974048.0
2018-06-15,6.960000038146973,7.019999980926514,6.710000038146973,6.829999923706055,89727164.0
2018-06-19,6.619999885559082,6.619999885559082,6.150000095367432,6.150000095367432,138541415.0
2018-06-20,6.059999942779541,6.300000190734863,6.03000020980835,6.239999771118164,86620327.0
2018-06-21,6.230000019073486,6.360000133514404,6.090000152587891,6.099999904632568,76732458.0
2018-06-22,6.010000228881836,6.369999885559082,5.909999847412109,6.300000190734863,94492545.0
2018-06-25,6.360000133514404,6.429999828338623,6.260000228881836,6.28000020980835,77269181.0
2018-06-26,6.079999923706055,6.320000171661377,5.96999979019165,6.300000190734863,61409987.0
2018-06-27,6.289999961853027,6.349999904632568,6.119999885559082,6.150000095367432,56541726.0
2018-06-28,6.090000152587891,6.210000038146973,6.050000190734863,6.090000152587891,47185262.0
2018-06-29,6.059999942779541,6.300000190734863,6.059999942779541,6.289999961853027,84290554.0
2018-07-02,6.260000228881836,6.269999980926514,6.079999923706055,6.139999866485596,69942520.0
2018-07-03,6.150000095367432,6.190000057220459,5.960000038146973,6.150000095367432,65601136.0
2018-07-04,6.130000114440918,6.190000057220459,6.019999980926514,6.039999961853027,49416545.0
2018-07-05,6.039999961853027,6.090000152587891,5.550000190734863,5.610000133514404,93041867.0
2018-07-06,5.590000152587891,5.739999771118164,5.429999828338623,5.650000095367432,93705607.0
2018-07-09,5.650000095367432,5.809999942779541,5.650000095367432,5.809999942779541,80171914.0
2018-07-10,5.820000171661377,6.28000020980835,5.820000171661377,6.21999979019165,162836450.0
2018-07-11,6.0,6.46999979019165,5.980000019073486,6.289999961853027,183415379.0
2018-07-12,6.210000038146973,6.369999885559082,6.150000095367432,6.329999923706055,119142640.0
2018-07-13,6.329999923706055,6.699999809265137,6.239999771118164,6.53000020980835,174565188.0
2018-07-16,6.440000057220459,6.53000020980835,6.329999923706055,6.400000095367432,95945332.0
2018-07-17,6.349999904632568,6.420000076293945,6.199999809265137,6.300000190734863,100720489.0
2018-07-18,6.289999961853027,6.320000171661377,6.110000133514404,6.139999866485596,93051082.0
2018-07-19,5.989999771118164,6.130000114440918,5.909999847412109,5.960000038146973,102201108.0
2018-07-20,6.0,6.119999885559082,5.929999828338623,6.050000190734863,85054703.0
2018-07-23,6.039999961853027,6.179999828338623,5.860000133514404,6.170000076293945,109180326.0
2018-07-24,6.099999904632568,6.360000133514404,6.010000228881836,6.170000076293945,384372771.0
2018-07-25,6.199999809265137,6.199999809265137,6.010000228881836,6.079999923706055,244740694.0
2018-07-26,6.050000190734863,6.070000171661377,5.829999923706055,5.869999885559082,218730762.0
2018-07-27,5.829999923706055,5.889999866485596,5.739999771118164,5.789999961853027,123157388.0
2018-07-30,5.840000152587891,5.960000038146973,5.789999961853027,5.880000114440918,154809702.0
2018-07-31,6.0,6.03000020980835,5.820000171661377,5.860000133514404,165531473.0
2018-08-01,5.869999885559082,5.909999847412109,5.650000095367432,5.659999847412109,192632079.0
2018-08-02,5.619999885559082,5.619999885559082,5.300000190734863,5.429999828338623,194606074.0
2018-08-03,5.400000095367432,5.440000057220459,5.210000038146973,5.21999979019165,135793510.0
2018-08-06,5.170000076293945,5.170000076293945,4.739999771118164,4.78000020980835,244722038.0
2018-08-07,4.820000171661377,4.929999828338623,4.610000133514404,4.920000076293945,191660085.0
2018-08-08,4.889999866485596,4.920000076293945,4.71999979019165,4.760000228881836,132906897.0
2018-08-09,4.789999961853027,5.070000171661377,4.769999980926514,4.989999771118164,212320937.0
2018-08-10,5.03000020980835,5.03000020980835,4.949999809265137,5.010000228881836,127674865.0
2018-08-13,4.900000095367432,5.079999923706055,4.860000133514404,5.050000190734863,120604580.0
2018-08-14,5.03000020980835,5.039999961853027,4.960000038146973,5.010000228881836,91444447.0
2018-08-15,5.0,5.03000020980835,4.849999904632568,4.860000133514404,85797975.0
2018-08-16,4.760000228881836,4.929999828338623,4.71999979019165,4.860000133514404,83383171.0
2018-08-17,4.929999828338623,4.960000038146973,4.789999961853027,4.800000190734863,85383430.0
2018-08-20,4.840000152587891,4.949999809265137,4.800000190734863,4.940000057220459,96795915.0
2018-08-21,4.949999809265137,5.010000228881836,4.889999866485596,4.96999979019165,113345832.0
2018-08-22,4.949999809265137,4.960000038146973,4.829999923706055,4.840000152587891,87583080.0
2018-08-23,4.849999904632568,4.929999828338623,4.820000171661377,4.900000095367432,77126126.0
2018-08-24,4.880000114440918,4.880000114440918,4.789999961853027,4.809999942779541,85608757.0
2018-08-27,4.840000152587891,4.920000076293945,4.820000171661377,4.909999847412109,126961930.0
2018-08-28,4.96999979019165,5.039999961853027,4.880000114440918,4.980000019073486,177396091.0
2018-08-29,4.96999979019165,4.96999979019165,4.889999866485596,4.900000095367432,91936902.0
2018-08-30,4.909999847412109,4.920000076293945,4.800000190734863,4.809999942779541,102799071.0
2018-08-31,4.769999980926514,4.789999961853027,4.670000076293945,4.699999809265137,98155965.0
2018-09-03,4.739999771118164,4.769999980926514,4.650000095367432,4.730000019073486,88919099.0
2018-09-04,4.690000057220459,4.75,4.619999885559082,4.71999979019165,100529840.0
2018-09-05,4.690000057220459,4.690000057220459,4.550000190734863,4.559999942779541,91637789.0
2018-09-06,4.53000020980835,4.599999904632568,4.440000057220459,4.480000019073486,84820174.0
2018-09-07,4.5,4.570000171661377,4.429999828338623,4.480000019073486,79212603.0
2018-09-10,4.46999979019165,4.46999979019165,4.28000020980835,4.289999961853027,90453026.0
2018-09-11,4.28000020980835,4.320000171661377,4.190000057220459,4.289999961853027,84070820.0
2018-09-12,4.28000020980835,4.429999828338623,4.239999771118164,4.369999885559082,115293138.0
2018-09-13,4.460000038146973,4.5,4.369999885559082,4.429999828338623,102560049.0
2018-09-14,4.429999828338623,4.53000020980835,4.400000095367432,4.429999828338623,119315231.0
2018-09-17,4.400000095367432,4.400000095367432,4.269999980926514,4.269999980926514,71717770.0
2018-09-18,4.25,4.449999809265137,4.21999979019165,4.400000095367432,101849260.0
2018-09-19,4.400000095367432,4.519999980926514,4.369999885559082,4.480000019073486,128411291.0
2018-09-20,4.489999771118164,4.630000114440918,4.480000019073486,4.519999980926514,153209462.0
2018-09-21,4.559999942779541,4.71999979019165,4.460000038146973,4.650000095367432,192531693.0
2018-09-25,4.570000171661377,4.699999809265137,4.550000190734863,4.630000114440918,106474679.0
2018-09-26,4.630000114440918,4.690000057220459,4.599999904632568,4.630000114440918,110570946.0
2018-09-27,4.630000114440918,4.670000076293945,4.559999942779541,4.610000133514404,91465710.0
2018-09-28,4.599999904632568,4.610000133514404,4.510000228881836,4.559999942779541,148614129.0
2018-10-08,4.449999809265137,4.46999979019165,4.28000020980835,4.300000190734863,123156911.0
2018-10-09,4.320000171661377,4.380000114440918,4.289999961853027,4.349999904632568,71081341.0
2018-10-10,4.389999866485596,4.389999866485596,4.25,4.309999942779541,86696427.0
2018-10-11,4.110000133514404,4.150000095367432,3.880000114440918,3.880000114440918,197668794.0
2018-10-12,3.809999942779541,3.869999885559082,3.5399999618530273,3.7899999618530273,163270042.0
2018-10-15,3.75,3.8499999046325684,3.680000066757202,3.7100000381469727,92311203.0
2018-10-16,3.740000009536743,3.7799999713897705,3.6600000858306885,3.700000047683716,82216572.0
2018-10-17,3.75,3.7899999618530273,3.559999942779541,3.6700000762939453,123273655.0
2018-10-18,3.5999999046325684,3.640000104904175,3.549999952316284,3.569999933242798,79771087.0
2018-10-19,3.5,3.680000066757202,3.440000057220459,3.6500000953674316,95978665.0
2018-10-22,3.690000057220459,4.0,3.6500000953674316,3.9200000762939453,197214054.0
2018-10-23,3.9200000762939453,3.930000066757202,3.75,3.7799999713897705,123778790.0
2018-10-24,3.740000009536743,3.880000114440918,3.740000009536743,3.8299999237060547,109789825.0
2018-10-25,3.640000104904175,3.819999933242798,3.609999895095825,3.799999952316284,96099323.0
2018-10-26,3.869999885559082,3.950000047683716,3.809999942779541,3.8399999141693115,142952041.0
2018-10-29,3.819999933242798,3.8299999237060547,3.740000009536743,3.759999990463257,74070801.0
2018-10-30,3.799999952316284,3.9200000762939453,3.7799999713897705,3.880000114440918,133132245.0
2018-10-31,3.930000066757202,4.110000133514404,3.869999885559082,4.070000171661377,228272958.0
2018-11-01,4.059999942779541,4.119999885559082,3.990000009536743,4.010000228881836,210974844.0
2018-11-02,4.099999904632568,4.25,4.03000020980835,4.190000057220459,278530723.0
2018-11-05,4.119999885559082,4.199999809265137,4.079999923706055,4.130000114440918,169528411.0
2018-11-06,4.090000152587891,4.130000114440918,4.039999961853027,4.090000152587891,96878798.0
2018-11-07,4.420000076293945,4.489999771118164,4.269999980926514,4.300000190734863,403654203.0
2018-11-08,4.300000190734863,4.320000171661377,4.199999809265137,4.210000038146973,175120565.0
2018-11-09,4.150000095367432,4.170000076293945,4.099999904632568,4.119999885559082,112585454.0
2018-11-12,4.070000171661377,4.179999828338623,4.039999961853027,4.170000076293945,133594802.0
2018-11-13,4.079999923706055,4.21999979019165,4.059999942779541,4.199999809265137,163958526.0
2018-11-14,4.179999828338623,4.21999979019165,4.130000114440918,4.139999866485596,121197650.0
2018-11-15,4.110000133514404,4.179999828338623,4.099999904632568,4.179999828338623,112149812.0
2018-11-16,4.190000057220459,4.21999979019165,4.150000095367432,4.179999828338623,132126568.0
2018-11-19,4.159999847412109,4.170000076293945,4.110000133514404,4.159999847412109,106234544.0
2018-11-20,4.119999885559082,4.230000019073486,4.099999904632568,4.119999885559082,148556874.0
2018-11-21,4.050000190734863,4.099999904632568,3.9700000286102295,4.090000152587891,101129496.0
2018-11-22,4.099999904632568,4.130000114440918,4.050000190734863,4.059999942779541,60744774.0
2018-11-23,4.059999942779541,4.079999923706055,3.8499999046325684,3.869999885559082,120875011.0
2018-11-26,3.8499999046325684,3.9000000953674316,3.7899999618530273,3.799999952316284,65209789.0
2018-11-27,3.8399999141693115,3.880000114440918,3.799999952316284,3.8499999046325684,60128235.0
2018-11-28,3.8299999237060547,3.880000114440918,3.7699999809265137,3.880000114440918,71324508.0
2018-11-29,3.930000066757202,3.9700000286102295,3.859999895095825,3.880000114440918,105541995.0
2018-11-30,3.859999895095825,4.03000020980835,3.819999933242798,3.9700000286102295,137740637.0
2018-12-03,4.070000171661377,4.130000114440918,4.050000190734863,4.090000152587891,138576710.0
2018-12-04,4.090000152587891,4.090000152587891,4.03000020980835,4.070000171661377,88980650.0
2018-12-05,4.0,4.190000057220459,3.9700000286102295,4.130000114440918,164765945.0
2018-12-06,4.099999904632568,4.119999885559082,4.050000190734863,4.059999942779541,83244041.0
2018-12-07,4.090000152587891,4.099999904632568,4.03000020980835,4.050000190734863,50139775.0
2018-12-10,4.03000020980835,4.039999961853027,3.9700000286102295,3.9700000286102295,55833540.0
2018-12-11,4.0,4.03000020980835,3.9700000286102295,4.019999980926514,38406924.0
2018-12-12,4.059999942779541,4.099999904632568,4.03000020980835,4.090000152587891,84013133.0
2018-12-13,4.110000133514404,4.170000076293945,4.070000171661377,4.150000095367432,101083573.0
2018-12-14,4.130000114440918,4.179999828338623,4.070000171661377,4.079999923706055,161663230.0
2018-12-17,4.059999942779541,4.159999847412109,4.039999961853027,4.150000095367432,90972684.0
2018-12-18,4.119999885559082,4.190000057220459,4.090000152587891,4.150000095367432,84328728.0
2018-12-19,4.130000114440918,4.150000095367432,4.079999923706055,4.090000152587891,52825422.0
2018-12-20,4.090000152587891,4.130000114440918,4.010000228881836,4.050000190734863,74564226.0
2018-12-21,4.019999980926514,4.050000190734863,3.9100000858306885,3.930000066757202,75838374.0
2018-12-24,3.930000066757202,4.0,3.9200000762939453,3.950000047683716,36619958.0
2018-12-25,3.9100000858306885,3.9100000858306885,3.759999990463257,3.890000104904175,76891107.0
2018-12-26,3.8499999046325684,3.9000000953674316,3.8399999141693115,3.8399999141693115,40245358.0
2018-12-27,3.9100000858306885,3.930000066757202,3.75,3.759999990463257,60780462.0
2018-12-28,3.7899999618530273,3.809999942779541,3.740000009536743,3.759999990463257,51282972.0
2019-01-02,3.7799999713897705,3.7899999618530273,3.6500000953674316,3.7100000381469727,54269661.0
2019-01-03,3.700000047683716,3.759999990463257,3.6700000762939453,3.740000009536743,55198167.0
2019-01-04,3.680000066757202,3.8499999046325684,3.6700000762939453,3.8299999237060547,86050938.0
2019-01-07,3.680000066757202,3.9100000858306885,3.8299999237060547,3.890000104904175,86104696.0
2019-01-08,3.9000000953674316,3.9000000953674316,3.8499999046325684,3.8499999046325684,48864480.0
2019-01-09,3.859999895095825,3.930000066757202,3.8299999237060547,3.859999895095825,67706590.0
2019-01-10,3.8399999141693115,3.859999895095825,3.799999952316284,3.799999952316284,56012412.0
2019-01-11,3.799999952316284,3.8499999046325684,3.799999952316284,3.8299999237060547,36886500.0
2019-01-14,3.8399999141693115,3.859999895095825,3.799999952316284,3.809999942779541,46798443.0
2019-01-15,3.819999933242798,3.880000114440918,3.799999952316284,3.859999895095825,67637047.0
2019-01-16,3.8499999046325684,3.859999895095825,3.809999942779541,3.819999933242798,44385822.0
2019-01-17,3.819999933242798,3.869999885559082,3.7799999713897705,3.819999933242798,62554415.0
2019-01-18,3.809999942779541,3.9600000381469727,3.809999942779541,3.9200000762939453,146084443.0
2019-01-21,3.9700000286102295,3.9700000286102295,3.9100000858306885,3.9200000762939453,87226889.0
2019-01-22,3.9100000858306885,3.9200000762939453,3.8499999046325684,3.859999895095825,64945633.0
2019-01-23,3.8499999046325684,3.890000104904175,3.8299999237060547,3.890000104904175,42093087.0
2019-01-24,3.880000114440918,3.890000104904175,3.8299999237060547,3.859999895095825,44079573.0
2019-01-25,3.859999895095825,3.890000104904175,3.8299999237060547,3.8499999046325684,50361391.0
2019-01-28,3.869999885559082,3.890000104904175,3.8299999237060547,3.8399999141693115,50296321.0
2019-01-29,3.8299999237060547,3.8299999237060547,3.619999885559082,3.7899999618530273,74141756.0
2019-01-30,3.759999990463257,3.8299999237060547,3.7300000190734863,3.7899999618530273,39725948.0
2019-01-31,3.8499999046325684,3.9000000953674316,3.7799999713897705,3.8399999141693115,96143774.0
2019-02-01,3.859999895095825,3.9100000858306885,3.8299999237060547,3.9000000953674316,74469736.0
2019-02-11,3.9000000953674316,4.079999923706055,3.890000104904175,4.059999942779541,152936255.0
2019-02-12,4.019999980926514,4.070000171661377,4.0,4.050000190734863,121853517.0
2019-02-13,4.050000190734863,4.269999980926514,4.03000020980835,4.190000057220459,221959212.0
2019-02-14,4.170000076293945,4.190000057220459,4.110000133514404,4.159999847412109,123751693.0
2019-02-15,4.139999866485596,4.260000228881836,4.119999885559082,4.159999847412109,126120684.0
2019-02-18,4.21999979019165,4.329999923706055,4.179999828338623,4.320000171661377,199517409.0
2019-02-19,4.329999923706055,4.440000057220459,4.239999771118164,4.309999942779541,196200306.0
2019-02-20,4.329999923706055,4.480000019073486,4.309999942779541,4.420000076293945,252554271.0
2019-02-21,4.420000076293945,4.460000038146973,4.320000171661377,4.340000152587891,196813050.0
2019-02-22,4.320000171661377,4.389999866485596,4.25,4.389999866485596,158784415.0
2019-02-25,4.460000038146973,4.78000020980835,4.460000038146973,4.78000020980835,354506050.0
2019-02-26,4.840000152587891,5.159999847412109,4.679999828338623,4.920000076293945,438482996.0
2019-02-27,4.849999904632568,4.980000019073486,4.699999809265137,4.800000190734863,277150675.0
2019-02-28,4.800000190734863,4.849999904632568,4.71999979019165,4.760000228881836,137879991.0
2019-03-01,4.809999942779541,4.840000152587891,4.690000057220459,4.789999961853027,145232148.0
2019-03-04,4.800000190734863,4.929999828338623,4.78000020980835,4.829999923706055,254063014.0
2019-03-05,4.789999961853027,4.880000114440918,4.730000019073486,4.880000114440918,201652451.0
2019-03-06,4.880000114440918,5.130000114440918,4.880000114440918,5.070000171661377,386597478.0
2019-03-07,5.039999961853027,5.340000152587891,4.960000038146973,5.150000095367432,366359590.0
2019-03-08,5.039999961853027,5.039999961853027,4.699999809265137,4.760000228881836,292707253.0
2019-03-11,4.760000228881836,4.860000133514404,4.690000057220459,4.849999904632568,174785484.0
2019-03-12,4.860000133514404,4.949999809265137,4.760000228881836,4.849999904632568,208292278.0
2019-03-13,4.840000152587891,4.920000076293945,4.75,4.829999923706055,191337527.0
2019-03-14,4.800000190734863,4.920000076293945,4.699999809265137,4.75,175819435.0
2019-03-15,4.840000152587891,4.869999885559082,4.730000019073486,4.760000228881836,145806435.0
2019-03-18,4.769999980926514,4.949999809265137,4.769999980926514,4.949999809265137,233022428.0
2019-03-19,4.920000076293945,4.96999979019165,4.869999885559082,4.929999828338623,165426165.0
2019-03-20,4.96999979019165,4.980000019073486,4.809999942779541,4.880000114440918,161448497.0
2019-03-21,4.880000114440918,4.940000057220459,4.849999904632568,4.869999885559082,180005419.0
2019-03-22,4.849999904632568,4.869999885559082,4.71999979019165,4.78000020980835,179598592.0
2019-03-25,4.670000076293945,4.699999809265137,4.610000133514404,4.610000133514404,179381091.0
2019-03-26,4.619999885559082,4.670000076293945,4.480000019073486,4.510000228881836,135396749.0
2019-03-27,4.53000020980835,4.559999942779541,4.429999828338623,4.480000019073486,91420322.0
2019-03-28,4.480000019073486,4.599999904632568,4.429999828338623,4.53000020980835,104921855.0
2019-03-29,4.550000190734863,4.659999847412109,4.480000019073486,4.659999847412109,146238673.0
2019-04-01,4.690000057220459,5.03000020980835,4.690000057220459,4.949999809265137,351861173.0
2019-04-02,5.0,5.150000095367432,4.880000114440918,5.03000020980835,355946590.0
2019-04-03,4.980000019073486,5.050000190734863,4.909999847412109,5.010000228881836,220552843.0
2019-04-04,5.050000190734863,5.179999828338623,5.010000228881836,5.070000171661377,272054585.0
2019-04-08,5.179999828338623,5.21999979019165,5.03000020980835,5.090000152587891,296337234.0
2019-04-09,5.070000171661377,5.070000171661377,4.889999866485596,4.960000038146973,219986013.0
2019-04-10,4.909999847412109,4.980000019073486,4.880000114440918,4.949999809265137,124615162.0
2019-04-11,4.940000057220459,5.059999942779541,4.880000114440918,4.889999866485596,167308188.0
2019-04-12,4.849999904632568,4.909999847412109,4.800000190734863,4.849999904632568,102494731.0
2019-04-15,4.940000057220459,4.96999979019165,4.840000152587891,4.849999904632568,117507146.0
2019-04-16,4.809999942779541,4.960000038146973,4.760000228881836,4.960000038146973,174453714.0
2019-04-17,4.960000038146973,4.960000038146973,4.889999866485596,4.909999847412109,127998457.0
2019-04-18,4.909999847412109,4.940000057220459,4.809999942779541,4.820000171661377,124621937.0
2019-04-19,4.789999961853027,4.849999904632568,4.769999980926514,4.849999904632568,90211707.0
2019-04-22,4.78000020980835,4.78000020980835,4.610000133514404,4.619999885559082,221119615.0
2019-04-23,4.619999885559082,4.639999866485596,4.510000228881836,4.550000190734863,126297065.0
2019-04-24,4.559999942779541,4.610000133514404,4.510000228881836,4.599999904632568,84582047.0
2019-04-25,4.590000152587891,4.599999904632568,4.449999809265137,4.449999809265137,101290952.0
2019-04-26,4.420000076293945,4.449999809265137,4.369999885559082,4.369999885559082,77328716.0
2019-05-06,4.090000152587891,4.110000133514404,3.799999952316284,3.9100000858306885,130374528.0
2019-05-07,3.950000047683716,4.010000228881836,3.9000000953674316,3.9700000286102295,77051549.0
2019-05-08,3.880000114440918,4.019999980926514,3.8499999046325684,3.9700000286102295,71282299.0
2019-05-09,3.930000066757202,4.0,3.9000000953674316,3.930000066757202,58566632.0
2019-05-10,3.950000047683716,4.019999980926514,3.880000114440918,4.0,90140187.0
2019-05-13,3.9700000286102295,3.990000009536743,3.9100000858306885,3.9100000858306885,54647523.0
2019-05-14,3.869999885559082,3.950000047683716,3.8499999046325684,3.890000104904175,50340123.0
2019-05-15,3.9200000762939453,3.950000047683716,3.9100000858306885,3.930000066757202,52626222.0
2019-05-16,3.940000057220459,4.070000171661377,3.930000066757202,4.050000190734863,124067242.0
2019-05-17,4.059999942779541,4.070000171661377,3.9000000953674316,3.9200000762939453,86683571.0
2019-05-20,3.9000000953674316,3.940000057220459,3.819999933242798,3.940000057220459,59817155.0
2019-05-21,3.940000057220459,4.079999923706055,3.9100000858306885,4.059999942779541,102277225.0
2019-05-22,4.050000190734863,4.070000171661377,3.9700000286102295,4.010000228881836,76088978.0
2019-05-23,4.0,4.0,3.9100000858306885,3.9200000762939453,54216200.0
2019-05-24,3.9000000953674316,3.950000047683716,3.869999885559082,3.880000114440918,52305840.0
2019-05-27,3.890000104904175,3.9600000381469727,3.880000114440918,3.940000057220459,50955733.0
2019-05-28,3.930000066757202,3.9600000381469727,3.890000104904175,3.950000047683716,73498380.0
2019-05-29,3.930000066757202,4.03000020980835,3.9100000858306885,4.0,91139487.0
2019-05-30,3.9700000286102295,4.099999904632568,3.9200000762939453,4.099999904632568,165176282.0
2019-05-31,4.090000152587891,4.119999885559082,4.03000020980835,4.03000020980835,108798257.0
2019-06-03,4.039999961853027,4.059999942779541,3.9700000286102295,3.9800000190734863,64940708.0
2019-06-04,3.9600000381469727,4.010000228881836,3.880000114440918,3.9000000953674316,64334725.0
2019-06-05,3.930000066757202,3.9600000381469727,3.9000000953674316,3.9100000858306885,41771008.0
2019-06-06,3.9100000858306885,3.9200000762939453,3.859999895095825,3.859999895095825,44753160.0
2019-06-10,3.890000104904175,3.930000066757202,3.859999895095825,3.9100000858306885,46563706.0
2019-06-11,3.9100000858306885,4.039999961853027,3.890000104904175,4.039999961853027,102993527.0
2019-06-12,4.050000190734863,4.139999866485596,4.019999980926514,4.059999942779541,131734478.0
2019-06-13,4.03000020980835,4.050000190734863,3.9800000190734863,4.050000190734863,68776701.0
2019-06-14,4.050000190734863,4.110000133514404,4.0,4.019999980926514,77518131.0
2019-06-17,3.990000009536743,4.070000171661377,3.9800000190734863,4.019999980926514,47674756.0
2019-06-18,4.0,4.019999980926514,3.9200000762939453,3.9600000381469727,63115916.0
2019-06-19,4.019999980926514,4.050000190734863,3.990000009536743,4.0,58394493.0
2019-06-20,4.019999980926514,4.070000171661377,3.9800000190734863,4.059999942779541,95548782.0
2019-06-21,4.050000190734863,4.150000095367432,4.039999961853027,4.110000133514404,141210386.0
2019-06-24,4.119999885559082,4.210000038146973,4.090000152587891,4.159999847412109,124122826.0
2019-06-25,4.150000095367432,4.199999809265137,4.070000171661377,4.159999847412109,123435661.0
2019-06-26,4.119999885559082,4.139999866485596,4.079999923706055,4.079999923706055,69344856.0
2019-06-27,4.090000152587891,4.119999885559082,4.079999923706055,4.099999904632568,56397592.0
2019-06-28,4.0,4.010000228881836,3.950000047683716,3.9600000381469727,55249241.0
2019-07-01,4.010000228881836,4.03000020980835,4.0,4.03000020980835,78566384.0
2019-07-02,4.03000020980835,4.139999866485596,3.990000009536743,4.110000133514404,136195096.0
2019-07-03,4.099999904632568,4.099999904632568,4.03000020980835,4.03000020980835,89710522.0
2019-07-04,4.039999961853027,4.059999942779541,4.010000228881836,4.019999980926514,55184713.0
2019-07-05,4.019999980926514,4.03000020980835,3.990000009536743,4.010000228881836,31510575.0
2019-07-08,3.990000009536743,4.0,3.880000114440918,3.890000104904175,70289461.0
2019-07-09,3.890000104904175,3.9100000858306885,3.859999895095825,3.9000000953674316,39744204.0
2019-07-10,3.9100000858306885,3.9200000762939453,3.8499999046325684,3.859999895095825,30727511.0
2019-07-11,3.880000114440918,3.9200000762939453,3.8399999141693115,3.859999895095825,37788078.0
2019-07-12,3.869999885559082,3.880000114440918,3.8399999141693115,3.8499999046325684,34898037.0
2019-07-15,3.8499999046325684,3.890000104904175,3.7899999618530273,3.859999895095825,51106905.0
2019-07-16,3.859999895095825,3.9000000953674316,3.8499999046325684,3.869999885559082,35458384.0
2019-07-17,3.869999885559082,3.880000114440918,3.8499999046325684,3.8499999046325684,32267022.0
2019-07-18,3.859999895095825,3.880000114440918,3.8299999237060547,3.8299999237060547,43997730.0
2019-07-19,3.8499999046325684,3.9100000858306885,3.8399999141693115,3.880000114440918,50853678.0
2019-07-22,3.859999895095825,3.869999885559082,3.740000009536743,3.75,60488848.0
2019-07-23,3.759999990463257,3.7799999713897705,3.75,3.7799999713897705,25370136.0
2019-07-24,3.799999952316284,3.819999933242798,3.7100000381469727,3.740000009536743,138345432.0
2019-07-25,3.7200000286102295,3.7300000190734863,3.619999885559082,3.630000114440918,152190882.0
2019-07-26,3.6500000953674316,3.6600000858306885,3.5399999618530273,3.609999895095825,167615759.0
2019-07-29,3.5899999141693115,3.5899999141693115,3.509999990463257,3.5399999618530273,150395573.0
2019-07-30,3.5299999713897705,3.569999933242798,3.5199999809265137,3.5399999618530273,92283167.0
2019-07-31,3.5299999713897705,3.6600000858306885,3.4700000286102295,3.619999885559082,180912223.0
2019-08-01,3.609999895095825,3.75,3.5799999237060547,3.7200000286102295,277637178.0
2019-08-02,3.630000114440918,3.700000047683716,3.609999895095825,3.6500000953674316,133737499.0
2019-08-05,3.630000114440918,3.640000104904175,3.5399999618530273,3.559999942779541,130451000.0
2019-08-06,3.4600000381469727,3.509999990463257,3.359999895095825,3.390000104904175,162466240.0
2019-08-07,3.6500000953674316,3.7300000190734863,3.6500000953674316,3.7300000190734863,290855717.0
2019-08-08,3.869999885559082,4.019999980926514,3.7200000286102295,3.740000009536743,590644014.0
2019-08-09,3.759999990463257,3.880000114440918,3.6700000762939453,3.8399999141693115,320418008.0
2019-08-12,3.759999990463257,3.7899999618530273,3.680000066757202,3.7200000286102295,173800902.0
2019-08-13,3.700000047683716,3.809999942779541,3.680000066757202,3.75,165592219.0
2019-08-14,3.7799999713897705,3.9000000953674316,3.7100000381469727,3.8499999046325684,257907254.0
2019-08-15,3.75,3.8399999141693115,3.7300000190734863,3.7799999713897705,148549386.0
2019-08-16,3.7799999713897705,3.7899999618530273,3.7300000190734863,3.7300000190734863,102465233.0
2019-08-19,3.740000009536743,3.7699999809265137,3.690000057220459,3.759999990463257,119727565.0
2019-08-20,3.740000009536743,3.819999933242798,3.7200000286102295,3.759999990463257,129322684.0
2019-08-21,3.740000009536743,3.740000009536743,3.6500000953674316,3.6600000858306885,144446814.0
2019-08-22,3.6700000762939453,3.680000066757202,3.5999999046325684,3.6600000858306885,98612088.0
2019-08-23,3.6600000858306885,3.6700000762939453,3.569999933242798,3.5799999237060547,98830874.0
2019-08-26,3.5199999809265137,3.6500000953674316,3.5,3.5999999046325684,103847613.0
2019-08-27,3.5999999046325684,3.6700000762939453,3.5999999046325684,3.6700000762939453,100046667.0
2019-08-28,3.630000114440918,3.680000066757202,3.609999895095825,3.609999895095825,60713976.0
2019-08-29,3.640000104904175,3.640000104904175,3.5799999237060547,3.5799999237060547,48421915.0
2019-08-30,3.5999999046325684,3.630000114440918,3.559999942779541,3.5899999141693115,69358094.0
2019-09-02,3.640000104904175,3.6600000858306885,3.619999885559082,3.630000114440918,69422628.0
2019-09-03,3.640000104904175,3.7300000190734863,3.609999895095825,3.7100000381469727,146905502.0
2019-09-04,3.690000057220459,3.7200000286102295,3.6600000858306885,3.700000047683716,87879847.0
2019-09-05,3.7100000381469727,3.7699999809265137,3.7100000381469727,3.7200000286102295,155040554.0
2019-09-06,3.740000009536743,3.740000009536743,3.6700000762939453,3.700000047683716,94988478.0
2019-09-09,3.7100000381469727,3.740000009536743,3.680000066757202,3.740000009536743,133658031.0
2019-09-10,3.7300000190734863,3.869999885559082,3.7200000286102295,3.7699999809265137,204188961.0
2019-09-11,3.7799999713897705,3.809999942779541,3.75,3.7699999809265137,100595886.0
2019-09-12,3.7899999618530273,3.819999933242798,3.7300000190734863,3.7799999713897705,102098123.0
2019-09-16,3.869999885559082,3.890000104904175,3.809999942779541,3.8299999237060547,153768809.0
2019-09-17,3.809999942779541,3.819999933242798,3.7200000286102295,3.7200000286102295,103181084.0
2019-09-18,3.7200000286102295,3.75,3.7100000381469727,3.7200000286102295,56870104.0
2019-09-19,3.740000009536743,3.759999990463257,3.7100000381469727,3.7300000190734863,64825273.0
2019-09-20,3.740000009536743,3.740000009536743,3.700000047683716,3.7300000190734863,58640180.0
2019-09-23,3.7200000286102295,3.7200000286102295,3.6600000858306885,3.6700000762939453,51365927.0
2019-09-24,3.6700000762939453,3.7300000190734863,3.640000104904175,3.690000057220459,82391851.0
2019-09-25,3.6700000762939453,3.8299999237060547,3.640000104904175,3.7699999809265137,161841820.0
2019-09-26,3.75,3.799999952316284,3.6700000762939453,3.680000066757202,109480766.0
2019-09-27,3.680000066757202,3.7200000286102295,3.6600000858306885,3.6700000762939453,63529062.0
2019-09-30,3.6700000762939453,3.680000066757202,3.609999895095825,3.640000104904175,50825488.0
2019-10-08,3.619999885559082,3.6500000953674316,3.5899999141693115,3.609999895095825,46442718.0
2019-10-09,3.5899999141693115,3.630000114440918,3.5799999237060547,3.619999885559082,35253695.0
2019-10-10,3.619999885559082,3.630000114440918,3.5899999141693115,3.609999895095825,49222720.0
2019-10-11,3.609999895095825,3.640000104904175,3.5799999237060547,3.619999885559082,53058160.0
2019-10-14,3.6500000953674316,3.680000066757202,3.630000114440918,3.6500000953674316,53775634.0
2019-10-15,3.6600000858306885,3.6600000858306885,3.5899999141693115,3.5999999046325684,49890763.0
2019-10-16,3.5999999046325684,3.609999895095825,3.559999942779541,3.559999942779541,36934495.0
2019-10-17,3.549999952316284,3.569999933242798,3.5399999618530273,3.559999942779541,32053225.0
2019-10-18,3.559999942779541,3.569999933242798,3.5,3.5,43602083.0
2019-10-21,3.4800000190734863,3.490000009536743,3.440000057220459,3.4600000381469727,37616512.0
2019-10-22,3.4700000286102295,3.490000009536743,3.450000047683716,3.4700000286102295,33697779.0
2019-10-23,3.4800000190734863,3.4800000190734863,3.440000057220459,3.450000047683716,27464836.0
2019-10-24,3.450000047683716,3.4700000286102295,3.440000057220459,3.4600000381469727,36479528.0
2019-10-25,3.4600000381469727,3.4700000286102295,3.430000066757202,3.4700000286102295,30492772.0
2019-10-28,3.4600000381469727,3.5199999809265137,3.450000047683716,3.490000009536743,57675124.0
2019-10-29,3.490000009536743,3.490000009536743,3.440000057220459,3.440000057220459,36779106.0
2019-10-30,3.4100000858306885,3.440000057220459,3.390000104904175,3.4000000953674316,38947726.0
2019-10-31,3.4100000858306885,3.430000066757202,3.380000114440918,3.4000000953674316,33556965.0
2019-11-01,3.4000000953674316,3.4200000762939453,3.380000114440918,3.4200000762939453,38371150.0
2019-11-04,3.4200000762939453,3.4700000286102295,3.4100000858306885,3.450000047683716,53709878.0
2019-11-05,3.4600000381469727,3.5999999046325684,3.430000066757202,3.5399999618530273,104488256.0
2019-11-06,3.5199999809265137,3.569999933242798,3.5,3.5299999713897705,66343183.0
2019-11-07,3.509999990463257,3.5299999713897705,3.4800000190734863,3.490000009536743,34294264.0
2019-11-08,3.509999990463257,3.5299999713897705,3.4700000286102295,3.4700000286102295,34486824.0
2019-11-11,3.4800000190734863,3.4800000190734863,3.390000104904175,3.4000000953674316,42211188.0
2019-11-12,3.390000104904175,3.4100000858306885,3.380000114440918,3.4000000953674316,24917712.0
2019-11-13,3.4000000953674316,3.4100000858306885,3.380000114440918,3.4000000953674316,25892671.0
2019-11-14,3.4000000953674316,3.4100000858306885,3.380000114440918,3.390000104904175,24191024.0
2019-11-15,3.390000104904175,3.4000000953674316,3.369999885559082,3.369999885559082,33794441.0
2019-11-18,3.369999885559082,3.390000104904175,3.359999895095825,3.380000114440918,28294095.0
2019-11-19,3.380000114440918,3.4600000381469727,3.369999885559082,3.4600000381469727,63700279.0
2019-11-20,3.450000047683716,3.490000009536743,3.4200000762939453,3.440000057220459,45585415.0
2019-11-21,3.430000066757202,3.440000057220459,3.4000000953674316,3.4100000858306885,28093366.0
2019-11-22,3.430000066757202,3.490000009536743,3.4100000858306885,3.430000066757202,63789604.0
2019-11-25,3.430000066757202,3.559999942779541,3.4200000762939453,3.549999952316284,132952500.0
2019-11-26,3.5399999618530273,3.5399999618530273,3.4800000190734863,3.4800000190734863,97438294.0
2019-11-27,3.5,3.680000066757202,3.5,3.630000114440918,208253854.0
2019-11-28,3.5999999046325684,3.6500000953674316,3.569999933242798,3.5799999237060547,106140917.0
2019-11-29,3.5799999237060547,3.609999895095825,3.5299999713897705,3.559999942779541,54359035.0
2019-12-02,3.549999952316284,3.569999933242798,3.4800000190734863,3.5,78678517.0
2019-12-03,3.4800000190734863,3.5299999713897705,3.4700000286102295,3.509999990463257,47304574.0
2019-12-04,3.490000009536743,3.640000104904175,3.4800000190734863,3.609999895095825,137661706.0
2019-12-05,3.630000114440918,3.6500000953674316,3.5899999141693115,3.619999885559082,90908088.0
2019-12-06,3.630000114440918,3.819999933242798,3.619999885559082,3.740000009536743,259087362.0
2019-12-09,3.7699999809265137,3.7899999618530273,3.7200000286102295,3.740000009536743,102410029.0
2019-12-10,3.740000009536743,3.799999952316284,3.7200000286102295,3.759999990463257,99581540.0
2019-12-11,3.7899999618530273,3.7899999618530273,3.690000057220459,3.7100000381469727,84323630.0
2019-12-12,3.7100000381469727,3.740000009536743,3.6700000762939453,3.680000066757202,54825613.0
2019-12-13,3.7200000286102295,3.759999990463257,3.7100000381469727,3.759999990463257,92943905.0
2019-12-16,3.7799999713897705,3.7899999618530273,3.7200000286102295,3.759999990463257,71534777.0
2019-12-17,3.7799999713897705,3.880000114440918,3.759999990463257,3.819999933242798,180677063.0
2019-12-18,3.809999942779541,3.8399999141693115,3.7799999713897705,3.809999942779541,87573521.0
2019-12-19,3.799999952316284,3.8399999141693115,3.7899999618530273,3.799999952316284,70151704.0
2019-12-20,3.819999933242798,3.8299999237060547,3.7200000286102295,3.7300000190734863,61505400.0
2019-12-23,3.7300000190734863,3.819999933242798,3.7100000381469727,3.7300000190734863,91051901.0
2019-12-24,3.740000009536743,4.099999904632568,3.7300000190734863,4.099999904632568,472942878.0
2019-12-25,4.070000171661377,4.25,4.019999980926514,4.199999809265137,372875144.0
2019-12-26,4.199999809265137,4.230000019073486,4.079999923706055,4.159999847412109,196875066.0
2019-12-27,4.179999828338623,4.53000020980835,4.139999866485596,4.329999923706055,426153960.0
2019-12-30,4.349999904632568,4.5,4.300000190734863,4.380000114440918,285026198.0
2019-12-31,4.340000152587891,4.429999828338623,4.269999980926514,4.360000133514404,204691223.0
2020-01-02,4.389999866485596,4.449999809265137,4.309999942779541,4.369999885559082,244963122.0
2020-01-03,4.420000076293945,4.570000171661377,4.320000171661377,4.480000019073486,311321305.0
2020-01-06,4.460000038146973,4.650000095367432,4.440000057220459,4.489999771118164,330688303.0
2020-01-07,4.449999809265137,4.489999771118164,4.369999885559082,4.420000076293945,183433059.0
2020-01-08,4.460000038146973,4.460000038146973,4.460000038146973,4.460000038146973,215318838.0
2020-01-09,4.5,4.559999942779541,4.380000114440918,4.420000076293945,193060575.0
2020-01-10,4.429999828338623,4.429999828338623,4.239999771118164,4.380000114440918,290615848.0
2020-01-13,4.389999866485596,4.389999866485596,4.389999866485596,4.389999866485596,125401869.0
2020-01-14,4.710000038146973,4.710000038146973,4.710000038146973,4.710000038146973,462290811.0
2020-01-15,4.670000076293945,4.739999771118164,4.53000020980835,4.559999942779541,301923368.0
2020-01-16,4.579999923706055,4.619999885559082,4.460000038146973,4.489999771118164,134602458.0
2020-01-17,4.489999771118164,4.510000228881836,4.349999904632568,4.420000076293945,140555417.0
2020-01-20,4.409999847412109,4.420000076293945,4.309999942779541,4.380000114440918,141883754.0
2020-01-21,4.360000133514404,4.360000133514404,4.199999809265137,4.199999809265137,135223682.0
2020-01-22,4.190000057220459,4.369999885559082,4.139999866485596,4.329999923706055,158685682.0
2020-01-23,4.230000019073486,4.380000114440918,4.059999942779541,4.119999885559082,182479649.0
2020-02-03,3.7100000381469727,3.7100000381469727,3.7100000381469727,3.7100000381469727,51791000.0
2020-02-04,3.559999942779541,3.859999895095825,3.559999942779541,3.7799999713897705,237353075.0
2020-02-05,3.859999895095825,4.150000095367432,3.799999952316284,3.9700000286102295,273335797.0
2020-02-06,3.9000000953674316,3.990000009536743,3.8299999237060547,3.9700000286102295,241527981.0
2020-02-07,3.9200000762939453,3.930000066757202,3.819999933242798,3.880000114440918,143642880.0
2020-02-10,3.8299999237060547,4.119999885559082,3.809999942779541,4.079999923706055,258733234.0
2020-02-11,4.099999904632568,4.340000152587891,4.019999980926514,4.28000020980835,380750755.0
2020-02-12,4.21999979019165,4.710000038146973,4.179999828338623,4.710000038146973,463259554.0
2020-02-13,4.920000076293945,5.179999828338623,4.71999979019165,5.019999980926514,786509987.0
2020-02-14,5.110000133514404,5.519999980926514,5.050000190734863,5.420000076293945,826779439.0
2020-02-17,5.309999942779541,5.429999828338623,5.239999771118164,5.400000095367432,530717457.0
2020-02-18,5.329999923706055,5.420000076293945,5.170000076293945,5.25,487248483.0
2020-02-19,4.900000095367432,4.929999828338623,4.730000019073486,4.730000019073486,748946521.0
2020-02-20,4.78000020980835,4.820000171661377,4.590000152587891,4.679999828338623,460436395.0
2020-02-21,4.630000114440918,4.730000019073486,4.53000020980835,4.599999904632568,428622813.0
2020-02-24,4.53000020980835,4.539999961853027,4.260000228881836,4.409999847412109,462607552.0
2020-02-25,4.329999923706055,4.619999885559082,4.289999961853027,4.599999904632568,552691288.0
2020-02-26,4.5,4.539999961853027,4.349999904632568,4.380000114440918,356247697.0
2020-02-27,4.400000095367432,4.46999979019165,4.320000171661377,4.380000114440918,212186408.0
2020-02-28,4.230000019073486,4.309999942779541,4.039999961853027,4.070000171661377,292972934.0
2020-03-02,4.119999885559082,4.260000228881836,4.079999923706055,4.21999979019165,195945122.0
2020-03-03,4.260000228881836,4.409999847412109,4.230000019073486,4.269999980926514,275401805.0
2020-03-04,4.300000190734863,4.349999904632568,4.159999847412109,4.289999961853027,243199603.0
2020-03-05,4.309999942779541,4.329999923706055,4.230000019073486,4.320000171661377,212743952.0
2020-03-06,4.260000228881836,4.420000076293945,4.230000019073486,4.329999923706055,310088255.0
2020-03-09,4.360000133514404,4.389999866485596,4.139999866485596,4.170000076293945,260910002.0
2020-03-10,4.070000171661377,4.239999771118164,4.0,4.21999979019165,237156126.0
2020-03-11,4.230000019073486,4.230000019073486,4.079999923706055,4.079999923706055,178124621.0
2020-03-12,4.010000228881836,4.059999942779541,3.9000000953674316,3.930000066757202,182786989.0
2020-03-13,3.690000057220459,3.890000104904175,3.640000104904175,3.8499999046325684,189694733.0
2020-03-16,3.869999885559082,3.880000114440918,3.6700000762939453,3.690000057220459,154480357.0
2020-03-17,3.700000047683716,3.7799999713897705,3.5899999141693115,3.75,146541806.0
2020-03-18,3.759999990463257,3.809999942779541,3.5999999046325684,3.5999999046325684,177738499.0
2020-03-19,3.5899999141693115,3.640000104904175,3.490000009536743,3.559999942779541,164016946.0
2020-03-20,3.609999895095825,3.630000114440918,3.509999990463257,3.5799999237060547,108778897.0
2020-03-23,3.4700000286102295,3.5,3.390000104904175,3.4100000858306885,131989249.0
2020-03-24,3.4800000190734863,3.559999942779541,3.4600000381469727,3.5299999713897705,154611006.0
2020-03-25,3.619999885559082,3.640000104904175,3.559999942779541,3.5999999046325684,140445916.0
2020-03-26,3.5799999237060547,3.5799999237060547,3.509999990463257,3.509999990463257,109077106.0
2020-03-27,3.549999952316284,3.559999942779541,3.4600000381469727,3.4700000286102295,101881471.0
2020-03-30,3.4100000858306885,3.4600000381469727,3.380000114440918,3.430000066757202,100226007.0
2020-03-31,3.4600000381469727,3.490000009536743,3.390000104904175,3.4700000286102295,124802052.0
2020-04-01,3.440000057220459,3.630000114440918,3.440000057220459,3.549999952316284,182911996.0
2020-04-02,3.5199999809265137,3.5999999046325684,3.509999990463257,3.5999999046325684,113317648.0
2020-04-03,3.5799999237060547,3.619999885559082,3.509999990463257,3.5299999713897705,92618583.0
2020-04-07,3.5899999141693115,3.6500000953674316,3.549999952316284,3.630000114440918,139206340.0
2020-04-08,3.5999999046325684,3.7200000286102295,3.559999942779541,3.640000104904175,165131419.0
2020-04-09,3.690000057220459,3.690000057220459,3.609999895095825,3.630000114440918,94366530.0
2020-04-10,3.630000114440918,3.640000104904175,3.5199999809265137,3.5299999713897705,94070852.0
2020-04-13,3.5,3.509999990463257,3.4700000286102295,3.490000009536743,50115278.0
2020-04-14,3.509999990463257,3.630000114440918,3.5,3.630000114440918,134959480.0
2020-04-15,3.619999885559082,3.619999885559082,3.559999942779541,3.569999933242798,92786917.0
2020-04-16,3.5399999618530273,3.5899999141693115,3.5299999713897705,3.549999952316284,80366577.0
2020-04-17,3.569999933242798,3.619999885559082,3.549999952316284,3.569999933242798,99081905.0
2020-04-20,3.569999933242798,3.5799999237060547,3.509999990463257,3.5299999713897705,79918257.0
2020-04-21,3.509999990463257,3.5199999809265137,3.450000047683716,3.4600000381469727,97790895.0
2020-04-22,3.440000057220459,3.5,3.4200000762939453,3.4800000190734863,59096850.0
2020-04-23,3.5,3.5199999809265137,3.450000047683716,3.4700000286102295,66619692.0
2020-04-24,3.4600000381469727,3.490000009536743,3.4200000762939453,3.430000066757202,65422696.0
2020-04-27,3.430000066757202,3.4800000190734863,3.4000000953674316,3.4200000762939453,58697892.0
2020-04-28,3.4200000762939453,3.430000066757202,3.2699999809265137,3.3499999046325684,85823538.0
2020-04-29,3.3399999141693115,3.369999885559082,3.319999933242798,3.3499999046325684,46749107.0
2020-04-30,3.4000000953674316,3.490000009536743,3.4000000953674316,3.4800000190734863,101720144.0
2020-05-06,3.509999990463257,3.680000066757202,3.509999990463257,3.6500000953674316,238465485.0
2020-05-07,3.609999895095825,3.680000066757202,3.609999895095825,3.609999895095825,145649034.0
2020-05-08,3.6500000953674316,3.700000047683716,3.5899999141693115,3.6500000953674316,137349400.0
2020-05-11,3.6500000953674316,3.6600000858306885,3.569999933242798,3.5799999237060547,105316531.0
2020-05-12,3.549999952316284,3.5799999237060547,3.490000009536743,3.5399999618530273,77363494.0
2020-05-13,3.5199999809265137,3.5999999046325684,3.5,3.549999952316284,81104798.0
2020-05-14,3.5399999618530273,3.549999952316284,3.4700000286102295,3.4700000286102295,84517646.0
2020-05-15,3.5,3.5199999809265137,3.4600000381469727,3.4800000190734863,61182513.0
2020-05-18,3.5,3.5899999141693115,3.450000047683716,3.559999942779541,111959939.0
2020-05-19,3.5799999237060547,3.5899999141693115,3.5299999713897705,3.549999952316284,69548978.0
2020-05-20,3.559999942779541,3.609999895095825,3.5399999618530273,3.549999952316284,90415545.0
2020-05-21,3.5399999618530273,3.549999952316284,3.4800000190734863,3.490000009536743,64922138.0
2020-05-22,3.4800000190734863,3.4800000190734863,3.4000000953674316,3.4200000762939453,74194598.0
2020-05-25,3.4200000762939453,3.450000047683716,3.3499999046325684,3.369999885559082,92091129.0
2020-05-26,3.380000114440918,3.4200000762939453,3.369999885559082,3.4200000762939453,46440116.0
2020-05-27,3.4100000858306885,3.4200000762939453,3.369999885559082,3.380000114440918,44730118.0
2020-05-28,3.390000104904175,3.440000057220459,3.380000114440918,3.430000066757202,66342460.0
2020-05-29,3.4100000858306885,3.4700000286102295,3.390000104904175,3.4200000762939453,62655785.0
2020-06-01,3.450000047683716,3.5399999618530273,3.430000066757202,3.5399999618530273,110038742.0
2020-06-02,3.5399999618530273,3.559999942779541,3.5,3.5199999809265137,93034781.0
2020-06-03,3.5299999713897705,3.5399999618530273,3.490000009536743,3.5,73879559.0
2020-06-04,3.5199999809265137,3.7100000381469727,3.490000009536743,3.680000066757202,319555837.0
2020-06-05,3.6600000858306885,3.6600000858306885,3.5799999237060547,3.609999895095825,138938015.0
2020-06-08,3.630000114440918,3.7799999713897705,3.609999895095825,3.7100000381469727,238306331.0
2020-06-09,3.7200000286102295,3.7699999809265137,3.6700000762939453,3.7200000286102295,131064568.0
2020-06-10,3.700000047683716,3.7200000286102295,3.609999895095825,3.619999885559082,103643700.0
2020-06-11,3.6500000953674316,3.7100000381469727,3.5899999141693115,3.609999895095825,109271476.0
2020-06-12,3.5299999713897705,3.5899999141693115,3.509999990463257,3.569999933242798,90544037.0
2020-06-15,3.569999933242798,3.5899999141693115,3.5,3.5199999809265137,90320551.0
2020-06-16,3.569999933242798,3.859999895095825,3.5399999618530273,3.7699999809265137,374236183.0
2020-06-17,3.7899999618530273,3.9100000858306885,3.75,3.7799999713897705,294955706.0
2020-06-18,3.7799999713897705,3.859999895095825,3.7300000190734863,3.7799999713897705,172187994.0
2020-06-19,3.799999952316284,3.8499999046325684,3.759999990463257,3.7899999618530273,190258081.0
2020-06-22,3.799999952316284,3.859999895095825,3.75,3.7799999713897705,169741671.0
2020-06-23,3.7799999713897705,3.799999952316284,3.7100000381469727,3.740000009536743,127103765.0
2020-06-24,3.7200000286102295,3.75,3.680000066757202,3.700000047683716,114730302.0
2020-06-29,3.690000057220459,3.7300000190734863,3.630000114440918,3.6600000858306885,99098198.0
2020-06-30,3.630000114440918,3.7100000381469727,3.619999885559082,3.6700000762939453,87662681.0
2020-07-01,3.680000066757202,3.7799999713897705,3.6700000762939453,3.75,153872934.0
2020-07-02,3.75,3.880000114440918,3.7200000286102295,3.869999885559082,272731861.0
2020-07-03,3.9200000762939453,4.25,3.9100000858306885,4.070000171661377,404761298.0
2020-07-06,4.139999866485596,4.360000133514404,4.110000133514404,4.349999904632568,464360676.0
2020-07-07,4.429999828338623,4.53000020980835,4.25,4.309999942779541,440633465.0
2020-07-08,4.300000190734863,4.480000019073486,4.230000019073486,4.440000057220459,423178752.0
2020-07-09,4.449999809265137,4.550000190734863,4.400000095367432,4.519999980926514,359075326.0
2020-07-10,4.449999809265137,4.480000019073486,4.28000020980835,4.289999961853027,325205630.0
2020-07-13,4.400000095367432,4.71999979019165,4.389999866485596,4.71999979019165,464425048.0
2020-07-14,4.71999979019165,4.849999904632568,4.579999923706055,4.699999809265137,562909158.0
2020-07-15,4.78000020980835,4.820000171661377,4.329999923706055,4.409999847412109,445185511.0
2020-07-16,4.409999847412109,4.46999979019165,4.110000133514404,4.130000114440918,318503284.0
2020-07-17,4.119999885559082,4.199999809265137,4.050000190734863,4.119999885559082,203910257.0
2020-07-20,4.179999828338623,4.519999980926514,4.150000095367432,4.5,347718339.0
2020-07-21,4.579999923706055,4.599999904632568,4.400000095367432,4.460000038146973,216410104.0
2020-07-22,4.599999904632568,4.659999847412109,4.420000076293945,4.440000057220459,273214117.0
2020-07-23,4.389999866485596,4.53000020980835,4.349999904632568,4.440000057220459,232796310.0
2020-07-24,4.420000076293945,4.420000076293945,4.179999828338623,4.21999979019165,252068499.0
2020-07-27,4.230000019073486,4.46999979019165,4.21999979019165,4.389999866485596,292244528.0
2020-07-28,4.550000190734863,4.730000019073486,4.460000038146973,4.53000020980835,467831206.0
2020-07-29,4.539999961853027,4.570000171661377,4.429999828338623,4.550000190734863,269480675.0
2020-07-30,4.630000114440918,4.650000095367432,4.460000038146973,4.46999979019165,279772148.0
2020-07-31,4.360000133514404,4.449999809265137,4.309999942779541,4.400000095367432,283442162.0
2020-08-03,4.429999828338623,4.550000190734863,4.360000133514404,4.539999961853027,308380834.0
2020-08-04,4.690000057220459,4.800000190734863,4.590000152587891,4.679999828338623,499893121.0
2020-08-05,4.650000095367432,4.900000095367432,4.53000020980835,4.849999904632568,596902811.0
2020-08-06,4.869999885559082,5.010000228881836,4.78000020980835,4.920000076293945,563305729.0
2020-08-07,4.900000095367432,4.909999847412109,4.699999809265137,4.760000228881836,373858971.0
2020-08-10,4.650000095367432,4.659999847412109,4.510000228881836,4.570000171661377,365177497.0
2020-08-11,4.550000190734863,4.610000133514404,4.400000095367432,4.429999828338623,245200680.0
2020-08-12,4.349999904632568,4.409999847412109,4.199999809265137,4.380000114440918,265571129.0
2020-08-13,4.349999904632568,4.369999885559082,4.269999980926514,4.309999942779541,134245813.0
2020-08-14,4.289999961853027,4.380000114440918,4.269999980926514,4.349999904632568,108339826.0
2020-08-17,4.360000133514404,4.480000019073486,4.320000171661377,4.46999979019165,209939292.0
2020-08-18,4.489999771118164,4.539999961853027,4.429999828338623,4.449999809265137,173756349.0
2020-08-19,4.460000038146973,4.519999980926514,4.420000076293945,4.420000076293945,181649310.0
2020-08-20,4.550000190734863,4.610000133514404,4.460000038146973,4.480000019073486,256828538.0
2020-08-21,4.480000019073486,4.539999961853027,4.400000095367432,4.480000019073486,183995759.0
2020-08-24,4.460000038146973,4.460000038146973,4.360000133514404,4.400000095367432,148099972.0
2020-08-25,4.400000095367432,4.409999847412109,4.25,4.28000020980835,176097233.0
2020-08-26,4.260000228881836,4.320000171661377,4.139999866485596,4.159999847412109,152010050.0
2020-08-27,4.170000076293945,4.199999809265137,4.099999904632568,4.190000057220459,131321944.0
2020-08-28,4.159999847412109,4.230000019073486,4.130000114440918,4.230000019073486,141598024.0
2020-08-31,4.269999980926514,4.389999866485596,4.269999980926514,4.28000020980835,205394064.0
2020-09-01,4.28000020980835,4.380000114440918,4.239999771118164,4.369999885559082,174369127.0
2020-09-02,4.329999923706055,4.340000152587891,4.199999809265137,4.230000019073486,201796074.0
2020-09-03,4.230000019073486,4.25,4.170000076293945,4.190000057220459,90031294.0
2020-09-04,4.130000114440918,4.179999828338623,4.099999904632568,4.170000076293945,80120207.0
2020-09-07,4.150000095367432,4.230000019073486,4.099999904632568,4.119999885559082,121487152.0
2020-09-08,4.119999885559082,4.139999866485596,4.010000228881836,4.099999904632568,137162609.0
2020-09-09,4.039999961853027,4.070000171661377,4.0,4.019999980926514,114066851.0
2020-09-10,4.070000171661377,4.099999904632568,4.0,4.010000228881836,108725566.0
2020-09-11,4.0,4.03000020980835,3.930000066757202,3.9800000190734863,107974298.0
2020-09-14,3.9800000190734863,4.079999923706055,3.9800000190734863,4.03000020980835,89602159.0
2020-09-15,4.03000020980835,4.070000171661377,4.010000228881836,4.050000190734863,74422918.0
2020-09-16,4.050000190734863,4.070000171661377,3.990000009536743,4.039999961853027,83969601.0
2020-09-17,4.019999980926514,4.039999961853027,3.9700000286102295,3.990000009536743,93642872.0
2020-09-18,4.0,4.119999885559082,3.990000009536743,4.110000133514404,148910625.0
2020-09-21,4.130000114440918,4.139999866485596,4.050000190734863,4.070000171661377,95195755.0
2020-09-22,4.039999961853027,4.050000190734863,3.950000047683716,3.9800000190734863,123253237.0
2020-09-23,3.9600000381469727,3.9800000190734863,3.930000066757202,3.940000057220459,67792117.0
2020-09-24,3.9100000858306885,3.9100000858306885,3.799999952316284,3.809999942779541,112042048.0
2020-09-25,3.8299999237060547,3.8399999141693115,3.7200000286102295,3.759999990463257,96289811.0
2020-09-28,3.7699999809265137,3.7899999618530273,3.7100000381469727,3.7200000286102295,62073451.0
2020-09-29,3.75,3.7799999713897705,3.740000009536743,3.75,60952767.0
2020-09-30,3.759999990463257,3.759999990463257,3.680000066757202,3.7200000286102295,80178907.0
2020-10-09,3.819999933242798,3.9000000953674316,3.799999952316284,3.880000114440918,106809842.0
2020-10-12,3.9200000762939453,3.9700000286102295,3.890000104904175,3.9600000381469727,105887844.0
2020-10-13,3.9600000381469727,3.9600000381469727,3.9100000858306885,3.950000047683716,62161605.0
2020-10-14,3.940000057220459,3.950000047683716,3.880000114440918,3.890000104904175,64120497.0
2020-10-15,3.890000104904175,3.930000066757202,3.880000114440918,3.890000104904175,51657215.0
2020-10-16,3.9000000953674316,3.930000066757202,3.880000114440918,3.9000000953674316,60356981.0
2020-10-19,3.9000000953674316,3.9600000381469727,3.890000104904175,3.9100000858306885,55726357.0
2020-10-20,3.9000000953674316,3.990000009536743,3.869999885559082,3.9800000190734863,100614042.0
2020-10-21,3.9800000190734863,4.019999980926514,3.930000066757202,3.9600000381469727,68750652.0
2020-10-22,3.930000066757202,3.950000047683716,3.890000104904175,3.940000057220459,48678351.0
2020-10-23,3.940000057220459,3.9600000381469727,3.9100000858306885,3.9200000762939453,44820027.0
2020-10-26,3.9200000762939453,3.930000066757202,3.859999895095825,3.890000104904175,51303149.0
2020-10-27,3.8499999046325684,3.950000047683716,3.8499999046325684,3.940000057220459,61183337.0
2020-10-28,3.9200000762939453,3.950000047683716,3.880000114440918,3.930000066757202,61669523.0
2020-10-29,3.890000104904175,4.039999961853027,3.869999885559082,4.019999980926514,149969506.0
2020-10-30,3.990000009536743,4.010000228881836,3.940000057220459,3.950000047683716,138549987.0
2020-11-02,3.950000047683716,4.050000190734863,3.930000066757202,4.03000020980835,116373616.0
2020-11-03,4.050000190734863,4.239999771118164,4.03000020980835,4.190000057220459,213149416.0
2020-11-04,4.170000076293945,4.170000076293945,4.079999923706055,4.139999866485596,131253709.0
2020-11-05,4.159999847412109,4.25,4.130000114440918,4.199999809265137,158363016.0
2020-11-06,4.210000038146973,4.309999942779541,4.179999828338623,4.239999771118164,169442491.0
2020-11-09,4.289999961853027,4.389999866485596,4.21999979019165,4.340000152587891,274218157.0
2020-11-10,4.309999942779541,4.309999942779541,4.199999809265137,4.21999979019165,173239985.0
2020-11-11,4.210000038146973,4.269999980926514,4.190000057220459,4.199999809265137,115735688.0
2020-11-12,4.179999828338623,4.28000020980835,4.150000095367432,4.21999979019165,116078681.0
2020-11-13,4.199999809265137,4.369999885559082,4.199999809265137,4.349999904632568,302105076.0
2020-11-16,4.329999923706055,4.670000076293945,4.309999942779541,4.619999885559082,528576782.0
2020-11-17,4.559999942779541,4.630000114440918,4.420000076293945,4.480000019073486,354016615.0
2020-11-18,4.53000020980835,4.650000095367432,4.480000019073486,4.570000171661377,316477965.0
2020-11-19,4.559999942779541,4.699999809265137,4.480000019073486,4.570000171661377,269152707.0
2020-11-20,4.519999980926514,4.75,4.46999979019165,4.730000019073486,369710916.0
2020-11-23,4.809999942779541,4.929999828338623,4.71999979019165,4.800000190734863,458354140.0
2020-11-24,4.739999771118164,4.880000114440918,4.679999828338623,4.860000133514404,324173572.0
2020-11-25,4.860000133514404,4.889999866485596,4.630000114440918,4.630000114440918,283396148.0
2020-11-26,4.659999847412109,4.670000076293945,4.489999771118164,4.579999923706055,236370781.0
2020-11-27,4.570000171661377,4.619999885559082,4.440000057220459,4.570000171661377,201528563.0
2020-11-30,4.550000190734863,4.739999771118164,4.539999961853027,4.590000152587891,261423664.0
2020-12-01,4.579999923706055,4.630000114440918,4.46999979019165,4.610000133514404,173089399.0
2020-12-02,4.610000133514404,4.730000019073486,4.590000152587891,4.650000095367432,207756349.0
2020-12-03,4.599999904632568,4.630000114440918,4.519999980926514,4.53000020980835,138620896.0
2020-12-04,4.5,4.670000076293945,4.480000019073486,4.659999847412109,180135124.0
2020-12-07,4.659999847412109,4.710000038146973,4.559999942779541,4.559999942779541,146738322.0
2020-12-08,4.550000190734863,4.590000152587891,4.460000038146973,4.489999771118164,148945598.0
2020-12-09,4.5,4.650000095367432,4.480000019073486,4.53000020980835,223256198.0
2020-12-10,4.489999771118164,4.519999980926514,4.329999923706055,4.380000114440918,213863244.0
2020-12-11,4.460000038146973,4.510000228881836,4.269999980926514,4.309999942779541,193071205.0
2020-12-14,4.400000095367432,4.699999809265137,4.349999904632568,4.639999866485596,390056737.0
2020-12-15,4.650000095367432,4.71999979019165,4.559999942779541,4.71999979019165,283051464.0
2020-12-16,4.679999828338623,4.760000228881836,4.630000114440918,4.650000095367432,182730980.0
2020-12-17,4.630000114440918,5.119999885559082,4.610000133514404,5.119999885559082,799544764.0
2020-12-18,5.079999923706055,5.139999866485596,4.960000038146973,5.059999942779541,643031154.0
2020-12-21,5.070000171661377,5.230000019073486,4.980000019073486,5.179999828338623,582047563.0
2020-12-22,5.070000171661377,5.130000114440918,4.800000190734863,4.829999923706055,593703321.0
2020-12-23,4.820000171661377,5.019999980926514,4.800000190734863,4.880000114440918,368394150.0
2020-12-24,4.889999866485596,4.949999809265137,4.800000190734863,4.920000076293945,235342062.0
2020-12-25,4.869999885559082,5.409999847412109,4.820000171661377,5.409999847412109,762035906.0
2020-12-28,5.659999847412109,5.949999809265137,5.53000020980835,5.949999809265137,933414551.0
2020-12-29,6.159999847412109,6.179999828338623,5.550000190734863,5.710000038146973,848448376.0
2020-12-30,5.860000133514404,6.019999980926514,5.630000114440918,5.860000133514404,771099043.0
2020-12-31,5.829999923706055,6.380000114440918,5.809999942779541,6.25,735785546.0
2021-01-04,6.260000228881836,6.789999961853027,6.159999847412109,6.53000020980835,765332022.0
2021-01-05,6.349999904632568,6.480000019073486,6.119999885559082,6.369999885559082,644761906.0
2021-01-06,6.489999771118164,6.800000190734863,6.320000171661377,6.75,671083287.0
2021-01-07,6.760000228881836,7.429999828338623,6.690000057220459,7.360000133514404,998586991.0
2021-01-08,7.349999904632568,7.409999847412109,6.800000190734863,7.400000095367432,870495678.0
2021-01-11,7.199999809265137,7.309999942779541,6.659999847412109,6.760000228881836,756501100.0
2021-01-12,6.559999942779541,7.059999942779541,6.440000057220459,6.880000114440918,607832284.0
2021-01-13,6.869999885559082,7.039999961853027,6.300000190734863,6.440000057220459,683705339.0
2021-01-14,6.300000190734863,6.46999979019165,6.159999847412109,6.269999980926514,493799421.0
2021-01-15,6.300000190734863,6.46999979019165,6.099999904632568,6.360000133514404,444421669.0
2021-01-18,6.199999809265137,6.329999923706055,6.070000171661377,6.239999771118164,416716742.0
2021-01-19,6.260000228881836,6.389999866485596,5.820000171661377,5.889999866485596,559869187.0
2021-01-20,5.900000095367432,6.269999980926514,5.900000095367432,6.199999809265137,484385308.0
2021-01-21,6.159999847412109,6.46999979019165,6.050000190734863,6.309999942779541,514155183.0
2021-01-22,6.25,6.619999885559082,6.159999847412109,6.510000228881836,551942008.0
2021-01-25,6.559999942779541,6.960000038146973,6.409999847412109,6.699999809265137,597989262.0
2021-01-26,6.590000152587891,6.670000076293945,6.210000038146973,6.28000020980835,408575819.0
2021-01-27,6.300000190734863,6.46999979019165,6.0,6.369999885559082,397186268.0
2021-01-28,6.099999904632568,6.190000057220459,5.869999885559082,5.929999828338623,396809169.0
2021-01-29,6.039999961853027,6.170000076293945,5.730000019073486,6.059999942779541,343091535.0
2021-02-01,6.010000228881836,6.099999904632568,5.849999904632568,5.960000038146973,276791685.0
2021-02-02,6.019999980926514,6.190000057220459,5.960000038146973,6.170000076293945,365381323.0
2021-02-03,6.139999866485596,6.789999961853027,6.079999923706055,6.639999866485596,727471465.0
2021-02-04,6.5,6.53000020980835,6.03000020980835,6.159999847412109,510518831.0
2021-02-05,6.139999866485596,6.230000019073486,5.739999771118164,5.739999771118164,389437893.0
2021-02-08,5.75,6.150000095367432,5.619999885559082,6.079999923706055,342811856.0
2021-02-09,6.090000152587891,6.510000228881836,6.059999942779541,6.389999866485596,395136248.0
2021-02-10,6.480000019073486,6.710000038146973,6.28000020980835,6.579999923706055,380048766.0
2021-02-18,7.239999771118164,7.239999771118164,7.090000152587891,7.239999771118164,790324885.0
2021-02-19,7.150000095367432,7.28000020980835,6.829999923706055,7.130000114440918,741440900.0
2021-02-22,7.539999961853027,7.840000152587891,7.449999809265137,7.599999904632568,964983928.0
2021-02-23,7.349999904632568,7.840000152587891,7.28000020980835,7.46999979019165,659087752.0
2021-02-24,7.460000038146973,8.050000190734863,7.28000020980835,7.320000171661377,725839311.0
2021-02-25,7.75,7.75,7.199999809265137,7.300000190734863,608474782.0
2021-02-26,6.800000190734863,6.96999979019165,6.619999885559082,6.699999809265137,576876738.0
2021-03-01,6.71999979019165,7.070000171661377,6.53000020980835,7.059999942779541,514103101.0
2021-03-02,6.900000095367432,6.960000038146973,6.489999771118164,6.699999809265137,507053321.0
2021-03-03,6.690000057220459,6.949999809265137,6.630000114440918,6.820000171661377,350177332.0
2021-03-04,6.599999904632568,6.610000133514404,6.300000190734863,6.369999885559082,411972795.0
2021-03-05,6.070000171661377,6.139999866485596,5.889999866485596,6.079999923706055,352778602.0
2021-03-08,6.130000114440918,6.230000019073486,5.889999866485596,5.909999847412109,287023050.0
2021-03-09,5.900000095367432,6.130000114440918,5.599999904632568,5.960000038146973,338398701.0
2021-03-10,6.03000020980835,6.079999923706055,5.75,5.820000171661377,289927419.0
2021-03-11,5.820000171661377,6.150000095367432,5.760000228881836,6.150000095367432,436722622.0
2021-03-12,6.090000152587891,6.099999904632568,5.860000133514404,5.980000019073486,330947966.0
2021-03-15,5.909999847412109,6.099999904632568,5.869999885559082,5.960000038146973,238671040.0
2021-03-16,5.949999809265137,5.960000038146973,5.650000095367432,5.71999979019165,318057221.0
2021-03-17,5.630000114440918,5.769999980926514,5.5,5.75,256021075.0
2021-03-18,5.800000190734863,5.869999885559082,5.710000038146973,5.71999979019165,195895252.0
2021-03-19,5.579999923706055,5.659999847412109,5.5,5.559999942779541,219843483.0
2021-03-22,5.559999942779541,5.630000114440918,5.429999828338623,5.599999904632568,202882356.0
2021-03-23,5.570000171661377,5.590000152587891,5.309999942779541,5.369999885559082,259144006.0
2021-03-24,5.289999961853027,5.409999847412109,5.159999847412109,5.190000057220459,248342897.0
2021-03-25,5.190000057220459,5.309999942779541,5.179999828338623,5.230000019073486,167491628.0
2021-03-26,5.25,5.429999828338623,5.199999809265137,5.409999847412109,232358128.0
2021-03-29,5.429999828338623,5.440000057220459,5.320000171661377,5.369999885559082,164057069.0
2021-03-30,5.329999923706055,5.460000038146973,5.260000228881836,5.400000095367432,189043429.0
2021-03-31,5.380000114440918,5.409999847412109,5.239999771118164,5.28000020980835,160368218.0
2021-04-01,5.28000020980835,5.360000133514404,5.28000020980835,5.309999942779541,119539134.0
2021-04-02,5.320000171661377,5.360000133514404,5.210000038146973,5.349999904632568,169144271.0
2021-04-06,5.409999847412109,5.590000152587891,5.389999866485596,5.46999979019165,253017466.0
2021-04-07,5.449999809265137,5.599999904632568,5.369999885559082,5.599999904632568,255449491.0
2021-04-08,5.570000171661377,5.820000171661377,5.519999980926514,5.71999979019165,355815598.0
2021-04-09,5.730000019073486,5.760000228881836,5.539999961853027,5.579999923706055,220167811.0
2021-04-12,5.699999809265137,5.849999904632568,5.590000152587891,5.650000095367432,426486838.0
2021-04-13,5.650000095367432,5.75,5.519999980926514,5.550000190734863,241156486.0
2021-04-14,5.539999961853027,5.670000076293945,5.510000228881836,5.650000095367432,226407538.0
2021-04-15,5.639999866485596,5.690000057220459,5.510000228881836,5.670000076293945,226015371.0
2021-04-16,5.739999771118164,5.75,5.559999942779541,5.590000152587891,195918260.0
2021-04-19,5.550000190734863,5.809999942779541,5.480000019073486,5.769999980926514,389710581.0
2021-04-20,5.710000038146973,5.75,5.650000095367432,5.690000057220459,228674602.0
2021-04-21,5.630000114440918,5.650000095367432,5.550000190734863,5.599999904632568,150861461.0
2021-04-22,5.639999866485596,5.739999771118164,5.630000114440918,5.659999847412109,205950606.0
2021-04-23,5.610000133514404,5.789999961853027,5.579999923706055,5.769999980926514,292832567.0
2021-04-26,5.800000190734863,5.929999828338623,5.760000228881836,5.789999961853027,327537932.0
2021-04-27,5.849999904632568,5.880000114440918,5.679999828338623,5.760000228881836,250523636.0
2021-04-28,5.739999771118164,5.78000020980835,5.579999923706055,5.670000076293945,215316341.0
2021-04-29,5.710000038146973,5.820000171661377,5.599999904632568,5.78000020980835,261007787.0
2021-04-30,5.75,5.889999866485596,5.699999809265137,5.809999942779541,263472756.0
2021-05-06,6.0,6.070000171661377,5.820000171661377,5.980000019073486,411607911.0
2021-05-07,6.010000228881836,6.400000095367432,6.010000228881836,6.21999979019165,555410099.0
2021-05-10,6.369999885559082,6.539999961853027,6.230000019073486,6.53000020980835,499527183.0
2021-05-11,6.320000171661377,6.349999904632568,6.019999980926514,6.179999828338623,415694110.0
2021-05-12,6.110000133514404,6.260000228881836,6.059999942779541,6.179999828338623,200181016.0
2021-05-13,6.019999980926514,6.03000020980835,5.78000020980835,5.800000190734863,325916631.0
2021-05-14,5.800000190734863,5.860000133514404,5.670000076293945,5.760000228881836,259056565.0
2021-05-17,5.739999771118164,5.960000038146973,5.699999809265137,5.929999828338623,276024519.0
2021-05-18,5.960000038146973,6.090000152587891,5.880000114440918,6.0,249339530.0
2021-05-19,5.909999847412109,6.099999904632568,5.829999923706055,6.03000020980835,274677713.0
2021-05-20,5.760000228881836,5.78000020980835,5.670000076293945,5.71999979019165,299453239.0
2021-05-21,5.739999771118164,5.949999809265137,5.71999979019165,5.820000171661377,223603700.0
2021-05-24,5.78000020980835,5.800000190734863,5.610000133514404,5.630000114440918,252945419.0
2021-05-25,5.630000114440918,5.690000057220459,5.489999771118164,5.679999828338623,221483854.0
2021-05-26,5.650000095367432,5.679999828338623,5.579999923706055,5.650000095367432,209733611.0
2021-05-27,5.630000114440918,5.650000095367432,5.599999904632568,5.610000133514404,182596325.0
2021-05-28,5.679999828338623,5.840000152587891,5.679999828338623,5.739999771118164,344269576.0
2021-05-31,5.75,5.869999885559082,5.710000038146973,5.809999942779541,250275388.0
2021-06-01,5.760000228881836,5.769999980926514,5.619999885559082,5.75,219998180.0
2021-06-02,5.730000019073486,5.820000171661377,5.679999828338623,5.690000057220459,192642220.0
2021-06-03,5.679999828338623,5.809999942779541,5.659999847412109,5.710000038146973,201179419.0
2021-06-04,5.610000133514404,5.75,5.5,5.670000076293945,260999401.0
2021-06-07,5.670000076293945,5.71999979019165,5.570000171661377,5.590000152587891,177120574.0
2021-06-08,5.590000152587891,5.630000114440918,5.400000095367432,5.429999828338623,243840800.0
2021-06-09,5.440000057220459,5.510000228881836,5.420000076293945,5.460000038146973,112672755.0
2021-06-10,5.449999809265137,5.489999771118164,5.409999847412109,5.449999809265137,124308722.0
2021-06-11,5.460000038146973,5.489999771118164,5.320000171661377,5.449999809265137,190510805.0
2021-06-15,5.400000095367432,5.440000057220459,5.159999847412109,5.170000076293945,247921086.0
2021-06-16,5.150000095367432,5.210000038146973,5.039999961853027,5.050000190734863,169452120.0
2021-06-17,5.050000190734863,5.099999904632568,5.039999961853027,5.050000190734863,107516698.0
2021-06-18,4.980000019073486,5.190000057220459,4.880000114440918,5.190000057220459,241936420.0
2021-06-21,5.130000114440918,5.139999866485596,5.059999942779541,5.099999904632568,158610302.0
2021-06-22,5.099999904632568,5.159999847412109,5.079999923706055,5.119999885559082,124660342.0
2021-06-23,5.130000114440918,5.199999809265137,5.059999942779541,5.190000057220459,186656281.0
2021-06-24,5.199999809265137,5.25,5.139999866485596,5.159999847412109,121321770.0
2021-06-25,5.170000076293945,5.440000057220459,5.170000076293945,5.360000133514404,331084877.0
2021-06-28,5.349999904632568,5.389999866485596,5.230000019073486,5.269999980926514,154272566.0
2021-06-29,5.28000020980835,5.300000190734863,5.119999885559082,5.139999866485596,120557913.0
2021-06-30,5.150000095367432,5.230000019073486,5.130000114440918,5.159999847412109,101720411.0
2021-07-01,5.159999847412109,5.170000076293945,5.039999961853027,5.059999942779541,102173398.0
2021-07-02,5.079999923706055,5.170000076293945,5.039999961853027,5.110000133514404,107846114.0
2021-07-05,5.139999866485596,5.619999885559082,5.139999866485596,5.590000152587891,614264645.0
2021-07-06,5.559999942779541,5.820000171661377,5.510000228881836,5.710000038146973,598497713.0
2021-07-07,5.570000171661377,6.28000020980835,5.510000228881836,6.199999809265137,799802220.0
2021-07-08,6.099999904632568,6.449999809265137,6.059999942779541,6.289999961853027,673683177.0
2021-07-09,6.170000076293945,6.889999866485596,6.150000095367432,6.650000095367432,671204822.0
2021-07-12,6.690000057220459,7.099999904632568,6.610000133514404,6.900000095367432,614711226.0
2021-07-13,6.820000171661377,6.820000171661377,6.400000095367432,6.550000190734863,515613317.0
2021-07-14,6.659999847412109,6.960000038146973,6.380000114440918,6.619999885559082,521886448.0
2021-07-15,6.510000228881836,6.760000228881836,6.300000190734863,6.71999979019165,419504419.0
2021-07-16,6.630000114440918,7.079999923706055,6.550000190734863,6.730000019073486,546858068.0
2021-07-19,6.659999847412109,7.03000020980835,6.610000133514404,6.809999942779541,405522332.0
2021-07-20,6.650000095367432,6.71999979019165,6.429999828338623,6.699999809265137,368186590.0
2021-07-21,6.679999828338623,7.150000095367432,6.650000095367432,7.039999961853027,530565455.0
2021-07-22,7.03000020980835,7.090000152587891,6.829999923706055,6.909999847412109,353613093.0
2021-07-23,7.010000228881836,7.349999904632568,6.940000057220459,7.059999942779541,463526407.0
2021-07-26,7.230000019073486,7.400000095367432,6.929999828338623,7.289999961853027,548234550.0
2021-07-27,7.5,7.849999904632568,6.840000152587891,6.920000076293945,785278318.0
2021-07-28,6.670000076293945,6.940000057220459,6.389999866485596,6.480000019073486,512493984.0
2021-07-29,6.699999809265137,7.039999961853027,6.570000171661377,6.949999809265137,418177194.0
2021-07-30,6.949999809265137,7.070000171661377,6.670000076293945,6.909999847412109,314796553.0
2021-08-02,6.809999942779541,7.03000020980835,6.590000152587891,6.849999904632568,395546283.0
2021-08-03,6.739999771118164,6.739999771118164,6.170000076293945,6.199999809265137,555504636.0
2021-08-04,6.239999771118164,6.550000190734863,6.170000076293945,6.510000228881836,370761640.0
2021-08-05,6.429999828338623,6.46999979019165,6.239999771118164,6.309999942779541,306477512.0
2021-08-06,6.380000114440918,6.940000057220459,6.309999942779541,6.940000057220459,708973372.0
2021-08-09,7.010000228881836,7.289999961853027,6.829999923706055,7.199999809265137,746267483.0
2021-08-10,7.099999904632568,7.099999904632568,6.789999961853027,6.929999828338623,529400232.0
2021-08-11,6.900000095367432,6.929999828338623,6.659999847412109,6.800000190734863,370048489.0
2021-08-12,6.800000190734863,7.099999904632568,6.679999828338623,6.980000019073486,472866972.0
2021-08-13,6.900000095367432,7.349999904632568,6.809999942779541,7.260000228881836,616615953.0
2021-08-16,7.239999771118164,7.349999904632568,6.920000076293945,6.929999828338623,492239216.0
2021-08-17,6.860000133514404,7.300000190734863,6.829999923706055,7.059999942779541,560328137.0
2021-08-18,6.960000038146973,7.25,6.699999809265137,7.019999980926514,470646273.0
2021-08-19,6.900000095367432,6.900000095367432,6.489999771118164,6.739999771118164,519574792.0
2021-08-20,6.650000095367432,6.769999980926514,6.489999771118164,6.639999866485596,355575694.0
2021-08-23,6.670000076293945,6.820000171661377,6.570000171661377,6.739999771118164,323653771.0
2021-08-24,6.800000190734863,7.239999771118164,6.710000038146973,7.099999904632568,655387890.0
2021-08-25,7.239999771118164,7.389999866485596,6.960000038146973,7.320000171661377,589462922.0
2021-08-26,7.309999942779541,7.489999771118164,7.150000095367432,7.360000133514404,540900319.0
2021-08-27,7.269999980926514,7.760000228881836,7.179999828338623,7.760000228881836,626320436.0
2021-08-30,7.800000190734863,8.069999694824219,7.539999961853027,7.670000076293945,695585722.0
2021-08-31,7.570000171661377,7.829999923706055,7.409999847412109,7.820000171661377,414900563.0
2021-09-01,7.75,7.829999923706055,7.039999961853027,7.28000020980835,641758056.0
2021-09-02,7.159999847412109,7.460000038146973,7.119999885559082,7.369999885559082,320888143.0
2021-09-03,7.230000019073486,7.510000228881836,7.050000190734863,7.110000133514404,402796215.0
2021-09-06,7.110000133514404,7.210000038146973,6.75,7.119999885559082,329949475.0
2021-09-07,7.090000152587891,7.230000019073486,7.03000020980835,7.190000057220459,332651639.0
2021-09-08,7.159999847412109,7.210000038146973,6.989999771118164,7.050000190734863,387376042.0
2021-09-09,7.050000190734863,7.360000133514404,7.010000228881836,7.320000171661377,441737272.0
2021-09-10,7.300000190734863,8.050000190734863,7.25,7.940000057220459,1310302262.0
2021-09-13,8.0,8.5600004196167,7.940000057220459,8.470000267028809,1098520414.0
2021-09-14,8.199999809265137,8.260000228881836,7.849999904632568,7.889999866485596,660913793.0
2021-09-15,7.880000114440918,7.960000038146973,7.599999904632568,7.880000114440918,391858894.0
2021-09-16,7.889999866485596,8.069999694824219,7.539999961853027,7.590000152587891,492167900.0
2021-09-17,7.5,7.690000057220459,6.980000019073486,7.28000020980835,545603586.0
2021-09-22,7.019999980926514,7.239999771118164,6.929999828338623,7.170000076293945,280231684.0
2021-09-23,7.260000228881836,7.289999961853027,7.039999961853027,7.130000114440918,239001592.0
2021-09-24,7.130000114440918,7.179999828338623,6.78000020980835,6.820000171661377,313259967.0
2021-09-27,6.769999980926514,6.800000190734863,6.139999866485596,6.25,457764787.0
2021-09-28,6.289999961853027,6.320000171661377,6.150000095367432,6.239999771118164,210890833.0
2021-09-29,6.190000057220459,6.190000057220459,5.760000228881836,5.900000095367432,331244588.0
2021-09-30,5.960000038146973,6.090000152587891,5.869999885559082,6.039999961853027,207671149.0
2021-10-08,6.139999866485596,6.150000095367432,5.949999809265137,6.010000228881836,182974861.0
2021-10-11,6.130000114440918,6.409999847412109,6.070000171661377,6.349999904632568,320552965.0
2021-10-12,6.349999904632568,6.389999866485596,6.170000076293945,6.329999923706055,209078417.0
2021-10-13,6.25,6.309999942779541,6.199999809265137,6.260000228881836,136510078.0
2021-10-14,6.300000190734863,6.480000019073486,6.289999961853027,6.449999809265137,224756088.0
2021-10-15,6.489999771118164,6.710000038146973,6.360000133514404,6.400000095367432,252702492.0
2021-10-18,6.5,6.679999828338623,6.449999809265137,6.639999866485596,249427038.0
2021-10-19,6.590000152587891,6.679999828338623,6.489999771118164,6.650000095367432,174901568.0
2021-10-20,6.5,6.710000038146973,6.400000095367432,6.559999942779541,213377506.0
2021-10-21,6.650000095367432,6.730000019073486,6.519999980926514,6.53000020980835,210437717.0
2021-10-22,6.409999847412109,6.5,6.21999979019165,6.300000190734863,227239808.0
2021-10-25,6.269999980926514,6.429999828338623,6.179999828338623,6.429999828338623,152816202.0
2021-10-26,6.400000095367432,6.519999980926514,6.349999904632568,6.389999866485596,142385495.0
2021-10-27,6.380000114440918,6.440000057220459,6.210000038146973,6.25,136847028.0
2021-10-28,6.170000076293945,6.199999809265137,5.869999885559082,5.949999809265137,258270919.0
2021-10-29,5.929999828338623,6.070000171661377,5.869999885559082,5.989999771118164,163267075.0
2021-11-01,5.989999771118164,6.090000152587891,5.949999809265137,6.0,131714884.0
2021-11-02,6.010000228881836,6.019999980926514,5.730000019073486,5.840000152587891,175290291.0
2021-11-03,5.840000152587891,5.920000076293945,5.710000038146973,5.900000095367432,124580980.0
2021-11-04,5.900000095367432,5.909999847412109,5.619999885559082,5.670000076293945,271077488.0
2021-11-05,5.599999904632568,5.739999771118164,5.489999771118164,5.489999771118164,240896477.0
2021-11-08,5.489999771118164,5.71999979019165,5.480000019073486,5.650000095367432,229929576.0
2021-11-09,5.690000057220459,5.690000057220459,5.590000152587891,5.639999866485596,113460963.0
2021-11-10,5.619999885559082,5.619999885559082,5.460000038146973,5.559999942779541,147870827.0
2021-11-11,5.539999961853027,5.619999885559082,5.519999980926514,5.599999904632568,118520295.0
2021-11-12,5.630000114440918,5.679999828338623,5.53000020980835,5.550000190734863,136205670.0
2021-11-15,5.570000171661377,5.599999904632568,5.460000038146973,5.570000171661377,127334001.0
2021-11-16,5.559999942779541,5.559999942779541,5.380000114440918,5.409999847412109,180890781.0
2021-11-17,5.409999847412109,5.489999771118164,5.389999866485596,5.46999979019165,160249585.0
2021-11-18,5.440000057220459,5.579999923706055,5.409999847412109,5.53000020980835,182082994.0
2021-11-19,5.550000190734863,5.690000057220459,5.519999980926514,5.690000057220459,246459241.0
2021-11-22,5.699999809265137,6.019999980926514,5.699999809265137,5.880000114440918,329467515.0
2021-11-23,5.940000057220459,5.989999771118164,5.809999942779541,5.840000152587891,201852480.0
2021-11-24,5.840000152587891,5.96999979019165,5.769999980926514,5.940000057220459,211938600.0
2021-11-25,5.940000057220459,6.070000171661377,5.860000133514404,5.880000114440918,203013532.0
2021-11-26,5.849999904632568,6.0,5.809999942779541,5.889999866485596,239205865.0
2021-11-29,5.710000038146973,5.880000114440918,5.670000076293945,5.78000020980835,265335916.0
2021-11-30,5.869999885559082,6.039999961853027,5.809999942779541,5.889999866485596,288488802.0
2021-12-01,5.889999866485596,6.159999847412109,5.860000133514404,6.099999904632568,362451507.0
2021-12-02,6.119999885559082,6.179999828338623,5.96999979019165,6.019999980926514,218940119.0
2021-12-03,6.03000020980835,6.119999885559082,5.920000076293945,6.090000152587891,230565970.0
2021-12-06,6.090000152587891,6.139999866485596,5.940000057220459,5.96999979019165,262765879.0
2021-12-07,6.010000228881836,6.050000190734863,5.820000171661377,5.889999866485596,219560505.0
2021-12-08,5.940000057220459,6.010000228881836,5.889999866485596,5.980000019073486,177879737.0
2021-12-09,6.0,6.03000020980835,5.949999809265137,5.96999979019165,175556389.0
2021-12-10,5.929999828338623,5.960000038146973,5.840000152587891,5.909999847412109,159641944.0
2021-12-13,5.889999866485596,5.940000057220459,5.849999904632568,5.909999847412109,165039066.0
2021-12-14,5.880000114440918,5.889999866485596,5.659999847412109,5.679999828338623,292238341.0
2021-12-15,5.650000095367432,5.699999809265137,5.590000152587891,5.610000133514404,164495483.0
2021-12-16,5.610000133514404,5.730000019073486,5.599999904632568,5.71999979019165,125666357.0
2021-12-17,5.760000228881836,5.900000095367432,5.739999771118164,5.769999980926514,192208409.0
2021-12-20,5.639999866485596,5.679999828338623,5.619999885559082,5.630000114440918,125892917.0
2021-12-21,5.599999904632568,5.690000057220459,5.590000152587891,5.679999828338623,92219468.0
2021-12-22,5.679999828338623,5.679999828338623,5.610000133514404,5.619999885559082,94732646.0
2021-12-23,5.650000095367432,5.690000057220459,5.630000114440918,5.659999847412109,97795836.0
2021-12-24,5.659999847412109,5.679999828338623,5.53000020980835,5.539999961853027,117793080.0
2021-12-27,5.539999961853027,5.570000171661377,5.510000228881836,5.519999980926514,76357267.0
2021-12-28,5.550000190734863,5.610000133514404,5.519999980926514,5.570000171661377,97069211.0
2021-12-29,5.550000190734863,5.590000152587891,5.519999980926514,5.53000020980835,87720804.0
2021-12-30,5.539999961853027,5.559999942779541,5.519999980926514,5.53000020980835,73716536.0
2021-12-31,5.550000190734863,5.599999904632568,5.53000020980835,5.579999923706055,86256377.0
2022-01-04,5.619999885559082,5.639999866485596,5.550000190734863,5.639999866485596,112652322.0
2022-01-05,5.630000114440918,5.630000114440918,5.5,5.550000190734863,104094774.0
2022-01-06,5.510000228881836,5.570000171661377,5.510000228881836,5.550000190734863,87428165.0
2022-01-07,5.570000171661377,5.590000152587891,5.519999980926514,5.550000190734863,92927348.0
2022-01-10,5.539999961853027,5.590000152587891,5.519999980926514,5.579999923706055,87147373.0
2022-01-11,5.570000171661377,5.599999904632568,5.519999980926514,5.550000190734863,101779417.0
2022-01-12,5.590000152587891,5.760000228881836,5.579999923706055,5.760000228881836,263603757.0
2022-01-13,5.789999961853027,5.880000114440918,5.710000038146973,5.71999979019165,219429860.0
2022-01-14,5.699999809265137,5.699999809265137,5.579999923706055,5.619999885559082,147457218.0
2022-01-17,5.579999923706055,5.610000133514404,5.519999980926514,5.570000171661377,99193962.0
2022-01-18,5.559999942779541,5.630000114440918,5.519999980926514,5.579999923706055,87916866.0
2022-01-19,5.570000171661377,5.619999885559082,5.550000190734863,5.570000171661377,85006922.0
2022-01-20,5.619999885559082,5.670000076293945,5.570000171661377,5.650000095367432,115233379.0
2022-01-21,5.619999885559082,5.699999809265137,5.590000152587891,5.690000057220459,118961325.0
2022-01-24,5.690000057220459,5.710000038146973,5.599999904632568,5.659999847412109,88959255.0
2022-01-25,5.610000133514404,5.659999847412109,5.460000038146973,5.460000038146973,130951349.0
2022-01-26,5.46999979019165,5.519999980926514,5.460000038146973,5.5,59252110.0
2022-01-27,5.5,5.5,5.130000114440918,5.170000076293945,158240904.0
2022-01-28,5.230000019073486,5.260000228881836,5.019999980926514,5.170000076293945,103908171.0
2022-02-07,5.260000228881836,5.400000095367432,5.25,5.389999866485596,122897596.0
2022-02-08,5.389999866485596,5.440000057220459,5.320000171661377,5.429999828338623,99264854.0
2022-02-09,5.449999809265137,5.630000114440918,5.429999828338623,5.610000133514404,163937003.0
2022-02-10,5.650000095367432,5.869999885559082,5.650000095367432,5.789999961853027,271993009.0
2022-02-11,5.789999961853027,5.869999885559082,5.739999771118164,5.789999961853027,189995005.0
2022-02-14,5.75,5.800000190734863,5.630000114440918,5.690000057220459,126572797.0
2022-02-15,5.699999809265137,5.710000038146973,5.599999904632568,5.679999828338623,92718757.0
2022-02-16,5.679999828338623,5.769999980926514,5.670000076293945,5.690000057220459,78938024.0
2022-02-17,5.699999809265137,5.820000171661377,5.670000076293945,5.789999961853027,139332837.0
2022-02-18,5.739999771118164,5.809999942779541,5.710000038146973,5.800000190734863,100171381.0
2022-02-21,5.78000020980835,5.809999942779541,5.710000038146973,5.730000019073486,85484270.0
2022-02-22,5.699999809265137,5.769999980926514,5.659999847412109,5.760000228881836,89787628.0
2022-02-23,5.789999961853027,5.809999942779541,5.71999979019165,5.800000190734863,118571716.0
2022-02-24,5.760000228881836,5.889999866485596,5.619999885559082,5.71999979019165,172718753.0
2022-02-25,5.710000038146973,5.849999904632568,5.690000057220459,5.739999771118164,148512503.0
2022-02-28,5.769999980926514,6.050000190734863,5.769999980926514,6.010000228881836,392956376.0
2022-03-01,6.0,6.010000228881836,5.840000152587891,5.920000076293945,217034017.0
2022-03-02,5.880000114440918,6.010000228881836,5.860000133514404,5.929999828338623,197990168.0
2022-03-03,5.980000019073486,6.130000114440918,5.980000019073486,6.019999980926514,312767290.0
2022-03-04,5.989999771118164,6.0,5.760000228881836,5.78000020980835,245042073.0
2022-03-07,5.860000133514404,5.949999809265137,5.679999828338623,5.730000019073486,218742049.0
2022-03-08,5.769999980926514,5.869999885559082,5.340000152587891,5.460000038146973,270203392.0
2022-03-09,5.400000095367432,5.400000095367432,5.010000228881836,5.25,240811368.0
2022-03-10,5.349999904632568,5.389999866485596,5.199999809265137,5.28000020980835,175981935.0
2022-03-11,5.179999828338623,5.21999979019165,5.059999942779541,5.210000038146973,161419073.0
2022-03-14,5.119999885559082,5.170000076293945,5.039999961853027,5.050000190734863,116704249.0
2022-03-15,5.0,5.010000228881836,4.599999904632568,4.619999885559082,252532115.0
2022-03-16,4.800000190734863,4.960000038146973,4.650000095367432,4.929999828338623,217488896.0
2022-03-17,5.010000228881836,5.150000095367432,4.96999979019165,5.090000152587891,186846375.0
2022-03-18,5.099999904632568,5.199999809265137,5.059999942779541,5.170000076293945,154564676.0
2022-03-21,5.21999979019165,5.309999942779541,5.159999847412109,5.21999979019165,147700580.0
2022-03-22,5.25,5.289999961853027,5.159999847412109,5.239999771118164,120383998.0
2022-03-23,5.28000020980835,5.329999923706055,5.25,5.309999942779541,135312311.0
2022-03-24,5.309999942779541,5.5,5.289999961853027,5.440000057220459,180457209.0
2022-03-25,5.429999828338623,5.599999904632568,5.400000095367432,5.46999979019165,178547383.0
2022-03-28,5.380000114440918,5.409999847412109,5.239999771118164,5.329999923706055,108516121.0
2022-03-29,5.300000190734863,5.389999866485596,5.269999980926514,5.329999923706055,75738612.0
2022-03-30,5.360000133514404,5.360000133514404,5.230000019073486,5.300000190734863,88057909.0
2022-03-31,5.309999942779541,5.320000171661377,5.179999828338623,5.210000038146973,98485315.0
2022-04-01,5.199999809265137,5.309999942779541,5.130000114440918,5.28000020980835,79618789.0
2022-04-06,5.269999980926514,5.349999904632568,5.199999809265137,5.340000152587891,88890074.0
2022-04-07,5.320000171661377,5.329999923706055,5.25,5.260000228881836,63757642.0
2022-04-08,5.25,5.489999771118164,5.230000019073486,5.409999847412109,157696837.0
2022-04-11,5.409999847412109,5.440000057220459,5.110000133514404,5.130000114440918,140887529.0
2022-04-12,5.130000114440918,5.210000038146973,5.010000228881836,5.210000038146973,94199415.0
2022-04-13,5.179999828338623,5.579999923706055,5.170000076293945,5.449999809265137,243618982.0
2022-04-14,5.460000038146973,5.559999942779541,5.400000095367432,5.5,127809478.0
2022-04-15,5.480000019073486,5.639999866485596,5.440000057220459,5.519999980926514,178745541.0
2022-04-18,5.489999771118164,5.489999771118164,5.320000171661377,5.360000133514404,91359561.0
2022-04-19,5.400000095367432,5.440000057220459,5.349999904632568,5.380000114440918,87770379.0
2022-04-20,5.360000133514404,5.369999885559082,5.159999847412109,5.179999828338623,111387007.0
2022-04-21,5.170000076293945,5.179999828338623,4.880000114440918,4.920000076293945,157542936.0
2022-04-22,4.869999885559082,4.980000019073486,4.78000020980835,4.949999809265137,91426259.0
2022-04-25,4.829999923706055,4.829999923706055,4.599999904632568,4.610000133514404,134173192.0
2022-04-26,4.610000133514404,4.639999866485596,4.230000019073486,4.269999980926514,196281850.0
2022-04-27,4.190000057220459,4.550000190734863,4.179999828338623,4.519999980926514,153034172.0
2022-04-28,4.519999980926514,4.539999961853027,4.409999847412109,4.460000038146973,120074949.0
2022-04-29,4.519999980926514,4.71999979019165,4.489999771118164,4.679999828338623,137131984.0
2022-05-05,4.710000038146973,4.789999961853027,4.650000095367432,4.739999771118164,106092127.0
2022-05-06,4.599999904632568,4.619999885559082,4.510000228881836,4.550000190734863,104241826.0
2022-05-09,4.5,4.570000171661377,4.449999809265137,4.5,85467646.0
2022-05-10,4.420000076293945,4.489999771118164,4.320000171661377,4.440000057220459,169645448.0
2022-05-11,4.440000057220459,4.650000095367432,4.420000076293945,4.53000020980835,162139044.0
2022-05-12,4.460000038146973,4.519999980926514,4.389999866485596,4.449999809265137,111979228.0
2022-05-13,4.460000038146973,4.510000228881836,4.400000095367432,4.440000057220459,99046167.0
2022-05-16,4.480000019073486,4.510000228881836,4.440000057220459,4.460000038146973,86912444.0
2022-05-17,4.460000038146973,4.579999923706055,4.449999809265137,4.570000171661377,136490531.0
2022-05-18,4.579999923706055,4.579999923706055,4.489999771118164,4.519999980926514,87892595.0
2022-05-19,4.440000057220459,4.480000019073486,4.389999866485596,4.46999979019165,123801360.0
2022-05-20,4.5,4.699999809265137,4.5,4.690000057220459,222262342.0
2022-05-23,4.670000076293945,4.800000190734863,4.650000095367432,4.75,141751137.0
2022-05-24,4.730000019073486,4.739999771118164,4.539999961853027,4.539999961853027,130623466.0
2022-05-25,4.610000133514404,4.75,4.590000152587891,4.710000038146973,164945018.0
2022-05-26,4.71999979019165,4.78000020980835,4.619999885559082,4.760000228881836,124137916.0
2022-05-27,4.769999980926514,4.829999923706055,4.71999979019165,4.75,124044626.0
2022-05-30,4.75,4.789999961853027,4.71999979019165,4.739999771118164,83728900.0
2022-05-31,4.739999771118164,4.769999980926514,4.699999809265137,4.769999980926514,98659840.0
2022-06-01,4.739999771118164,4.800000190734863,4.71999979019165,4.78000020980835,89521659.0
2022-06-02,4.760000228881836,4.849999904632568,4.739999771118164,4.840000152587891,100847308.0
2022-06-06,4.900000095367432,5.059999942779541,4.860000133514404,5.039999961853027,186794359.0
2022-06-07,5.019999980926514,5.070000171661377,4.980000019073486,5.039999961853027,109180224.0
2022-06-08,5.050000190734863,5.179999828338623,4.960000038146973,5.170000076293945,195870259.0
2022-06-09,5.190000057220459,5.539999961853027,5.190000057220459,5.389999866485596,379213551.0
2022-06-10,5.320000171661377,5.760000228881836,5.320000171661377,5.679999828338623,363165435.0
2022-06-13,5.670000076293945,5.849999904632568,5.630000114440918,5.71999979019165,378640528.0
2022-06-14,5.659999847412109,5.800000190734863,5.590000152587891,5.789999961853027,282956892.0
2022-06-15,5.789999961853027,5.920000076293945,5.619999885559082,5.820000171661377,356196211.0
2022-06-16,5.820000171661377,5.980000019073486,5.71999979019165,5.820000171661377,261006871.0
2022-06-17,5.820000171661377,6.130000114440918,5.730000019073486,6.110000133514404,506565418.0
2022-06-20,6.119999885559082,6.119999885559082,5.510000228881836,5.760000228881836,742212288.0
2022-06-21,5.659999847412109,5.730000019073486,5.46999979019165,5.699999809265137,368405856.0
2022-06-22,5.75,6.269999980926514,5.71999979019165,6.119999885559082,1159755378.0
2022-06-23,5.949999809265137,6.159999847412109,5.590000152587891,5.980000019073486,1018143784.0
2022-06-24,5.869999885559082,6.090000152587891,5.730000019073486,5.75,477982758.0
2022-06-27,5.659999847412109,6.059999942779541,5.599999904632568,5.980000019073486,588688663.0
2022-06-28,6.019999980926514,6.050000190734863,5.829999923706055,5.900000095367432,381802686.0
2022-06-29,5.860000133514404,5.929999828338623,5.710000038146973,5.71999979019165,339644070.0
2022-06-30,5.699999809265137,5.809999942779541,5.619999885559082,5.730000019073486,271837812.0
2022-07-01,5.800000190734863,5.800000190734863,5.659999847412109,5.710000038146973,209051129.0
2022-07-04,5.630000114440918,5.71999979019165,5.579999923706055,5.630000114440918,241418810.0
2022-07-05,5.639999866485596,5.730000019073486,5.510000228881836,5.619999885559082,244473065.0
2022-07-06,5.53000020980835,5.579999923706055,5.159999847412109,5.269999980926514,473866680.0
2022-07-07,5.239999771118164,5.429999828338623,5.21999979019165,5.369999885559082,230740834.0
2022-07-08,5.420000076293945,5.630000114440918,5.409999847412109,5.510000228881836,317966644.0
2022-07-11,5.46999979019165,5.489999771118164,5.269999980926514,5.309999942779541,220224770.0
2022-07-12,5.309999942779541,5.340000152587891,5.21999979019165,5.230000019073486,136722830.0
2022-07-13,5.21999979019165,5.260000228881836,5.119999885559082,5.230000019073486,121022304.0
2022-07-14,5.199999809265137,5.21999979019165,5.119999885559082,5.139999866485596,167711839.0
2022-07-15,5.150000095367432,5.260000228881836,5.130000114440918,5.150000095367432,164652258.0
2022-07-18,5.179999828338623,5.329999923706055,5.170000076293945,5.309999942779541,154955128.0
2022-07-19,5.289999961853027,5.309999942779541,5.199999809265137,5.239999771118164,118096421.0
2022-07-20,5.260000228881836,5.440000057220459,5.25,5.440000057220459,197754515.0
2022-07-21,5.429999828338623,5.980000019073486,5.380000114440918,5.980000019073486,642966451.0
2022-07-22,5.699999809265137,5.78000020980835,5.510000228881836,5.559999942779541,650521826.0
2022-07-25,5.519999980926514,5.539999961853027,5.360000133514404,5.380000114440918,228091077.0
2022-07-26,5.389999866485596,5.519999980926514,5.340000152587891,5.46999979019165,159407909.0
2022-07-27,5.449999809265137,5.550000190734863,5.409999847412109,5.519999980926514,132425595.0
2022-07-28,5.559999942779541,5.559999942779541,5.460000038146973,5.480000019073486,140725876.0
2022-07-29,5.460000038146973,5.480000019073486,5.380000114440918,5.389999866485596,145637793.0
2022-08-01,5.340000152587891,5.449999809265137,5.179999828338623,5.440000057220459,154192170.0
2022-08-02,5.360000133514404,5.360000133514404,5.150000095367432,5.21999979019165,186259526.0
2022-08-03,5.210000038146973,5.300000190734863,5.150000095367432,5.170000076293945,116850971.0
2022-08-04,5.210000038146973,5.25,5.130000114440918,5.199999809265137,86663902.0
2022-08-05,5.210000038146973,5.28000020980835,5.179999828338623,5.269999980926514,93708387.0
2022-08-08,5.289999961853027,5.440000057220459,5.260000228881836,5.349999904632568,144101321.0
2022-08-09,5.340000152587891,5.380000114440918,5.300000190734863,5.360000133514404,92152890.0
2022-08-10,5.400000095367432,5.5,5.329999923706055,5.369999885559082,146345180.0
2022-08-11,5.389999866485596,5.420000076293945,5.300000190734863,5.409999847412109,145104900.0
2022-08-12,5.400000095367432,5.5,5.369999885559082,5.460000038146973,143504640.0
2022-08-15,5.440000057220459,5.570000171661377,5.400000095367432,5.53000020980835,229685187.0
2022-08-16,5.510000228881836,5.519999980926514,5.380000114440918,5.409999847412109,173492799.0
2022-08-17,5.380000114440918,5.420000076293945,5.269999980926514,5.320000171661377,160470462.0
2022-08-18,5.260000228881836,5.309999942779541,5.210000038146973,5.260000228881836,118081899.0
2022-08-19,5.230000019073486,5.28000020980835,5.230000019073486,5.239999771118164,98872588.0
2022-08-22,5.269999980926514,5.360000133514404,5.25,5.360000133514404,137579397.0
2022-08-23,5.349999904632568,5.409999847412109,5.300000190734863,5.329999923706055,103082475.0
2022-08-24,5.329999923706055,5.400000095367432,5.130000114440918,5.150000095367432,205248819.0
2022-08-25,5.150000095367432,5.230000019073486,5.110000133514404,5.21999979019165,112990880.0
2022-08-26,5.21999979019165,5.269999980926514,5.179999828338623,5.190000057220459,94170972.0
2022-08-29,5.110000133514404,5.150000095367432,5.050000190734863,5.139999866485596,86276081.0
2022-08-30,5.150000095367432,5.150000095367432,5.059999942779541,5.090000152587891,90295828.0
2022-08-31,5.059999942779541,5.070000171661377,4.900000095367432,4.920000076293945,163390370.0
2022-09-01,4.920000076293945,4.980000019073486,4.880000114440918,4.929999828338623,70017255.0
2022-09-02,4.940000057220459,4.960000038146973,4.880000114440918,4.900000095367432,74681094.0
2022-09-05,4.900000095367432,4.949999809265137,4.860000133514404,4.949999809265137,72065089.0
2022-09-06,4.960000038146973,5.059999942779541,4.949999809265137,5.050000190734863,92374079.0
2022-09-07,5.03000020980835,5.130000114440918,5.019999980926514,5.119999885559082,89645954.0
2022-09-08,5.110000133514404,5.150000095367432,5.079999923706055,5.110000133514404,75675653.0
2022-09-09,5.139999866485596,5.239999771118164,5.110000133514404,5.179999828338623,96696018.0
2022-09-13,5.230000019073486,5.28000020980835,5.199999809265137,5.21999979019165,121839958.0
2022-09-14,5.139999866485596,5.190000057220459,5.090000152587891,5.119999885559082,90493082.0
2022-09-15,5.130000114440918,5.179999828338623,4.949999809265137,5.010000228881836,114221559.0
2022-09-16,5.019999980926514,5.03000020980835,4.849999904632568,4.849999904632568,114679173.0
2022-09-19,4.860000133514404,4.880000114440918,4.739999771118164,4.78000020980835,69658724.0
2022-09-20,4.789999961853027,4.96999979019165,4.78000020980835,4.900000095367432,76615891.0
2022-09-21,4.889999866485596,4.920000076293945,4.829999923706055,4.900000095367432,55485137.0
2022-09-22,4.849999904632568,4.940000057220459,4.849999904632568,4.889999866485596,59464685.0
2022-09-23,4.900000095367432,4.909999847412109,4.809999942779541,4.840000152587891,67433493.0
2022-09-26,4.800000190734863,4.829999923706055,4.679999828338623,4.690000057220459,88896016.0
2022-09-27,4.710000038146973,4.75,4.630000114440918,4.75,71862079.0
2022-09-28,4.730000019073486,4.730000019073486,4.550000190734863,4.550000190734863,79163589.0
2022-09-29,4.650000095367432,4.789999961853027,4.630000114440918,4.71999979019165,127258327.0
2022-09-30,4.71999979019165,4.849999904632568,4.690000057220459,4.71999979019165,110033197.0
2022-10-10,4.71999979019165,4.75,4.449999809265137,4.510000228881836,138128730.0
2022-10-11,4.539999961853027,4.639999866485596,4.5,4.559999942779541,81783145.0
2022-10-12,4.5,4.519999980926514,4.179999828338623,4.420000076293945,365006166.0
2022-10-13,4.349999904632568,4.400000095367432,4.300000190734863,4.320000171661377,189508531.0
2022-10-14,4.369999885559082,4.480000019073486,4.340000152587891,4.460000038146973,254058906.0
2022-10-17,4.389999866485596,4.420000076293945,4.329999923706055,4.409999847412109,182923582.0
2022-10-18,4.420000076293945,4.440000057220459,4.360000133514404,4.380000114440918,122621473.0
2022-10-19,4.369999885559082,4.389999866485596,4.289999961853027,4.300000190734863,144447139.0
2022-10-20,4.260000228881836,4.329999923706055,4.210000038146973,4.269999980926514,106344904.0
2022-10-21,4.289999961853027,4.309999942779541,4.25,4.260000228881836,79247958.0
2022-10-24,4.289999961853027,4.329999923706055,4.139999866485596,4.150000095367432,162092044.0
2022-10-25,4.150000095367432,4.260000228881836,4.050000190734863,4.21999979019165,134328921.0
2022-10-26,4.199999809265137,4.260000228881836,4.179999828338623,4.230000019073486,94583527.0
2022-10-27,4.260000228881836,4.349999904632568,4.25,4.289999961853027,136793315.0
2022-10-28,4.289999961853027,4.289999961853027,4.150000095367432,4.170000076293945,104022227.0
2022-10-31,4.119999885559082,4.199999809265137,4.079999923706055,4.150000095367432,79782495.0
2022-11-01,4.239999771118164,4.309999942779541,4.210000038146973,4.309999942779541,137188017.0
2022-11-02,4.309999942779541,4.420000076293945,4.28000020980835,4.380000114440918,173465758.0
2022-11-03,4.349999904632568,4.360000133514404,4.289999961853027,4.329999923706055,113552511.0
2022-11-04,4.349999904632568,4.5,4.329999923706055,4.480000019073486,204794950.0
2022-11-07,4.599999904632568,4.710000038146973,4.579999923706055,4.670000076293945,303295377.0
2022-11-08,4.639999866485596,4.71999979019165,4.610000133514404,4.670000076293945,149283067.0
2022-11-09,4.739999771118164,4.78000020980835,4.610000133514404,4.619999885559082,121866061.0
2022-11-10,4.590000152587891,4.599999904632568,4.510000228881836,4.559999942779541,103855913.0
2022-11-11,4.699999809265137,4.75,4.650000095367432,4.679999828338623,177004983.0
2022-11-14,4.730000019073486,4.809999942779541,4.659999847412109,4.699999809265137,197729520.0
2022-11-15,4.699999809265137,4.739999771118164,4.630000114440918,4.739999771118164,118801401.0
2022-11-16,4.739999771118164,4.900000095367432,4.699999809265137,4.820000171661377,178884646.0
2022-11-17,4.78000020980835,4.800000190734863,4.699999809265137,4.75,113811093.0
2022-11-18,4.730000019073486,4.769999980926514,4.690000057220459,4.690000057220459,80550199.0
2022-11-21,4.670000076293945,4.670000076293945,4.570000171661377,4.659999847412109,68776906.0
2022-11-22,4.619999885559082,4.710000038146973,4.610000133514404,4.639999866485596,62991287.0
2022-11-23,4.659999847412109,4.690000057220459,4.610000133514404,4.630000114440918,52488721.0
2022-11-24,4.670000076293945,4.679999828338623,4.630000114440918,4.639999866485596,50658561.0
2022-11-25,4.630000114440918,4.670000076293945,4.610000133514404,4.650000095367432,49057573.0
2022-11-28,4.610000133514404,4.610000133514404,4.480000019073486,4.559999942779541,85769160.0
2022-11-29,4.539999961853027,4.71999979019165,4.539999961853027,4.710000038146973,118690002.0
2022-11-30,4.710000038146973,4.75,4.659999847412109,4.659999847412109,78479167.0
2022-12-01,4.730000019073486,4.809999942779541,4.730000019073486,4.739999771118164,130101996.0
2022-12-02,4.730000019073486,4.75,4.659999847412109,4.659999847412109,83911697.0
2022-12-05,4.699999809265137,4.849999904632568,4.699999809265137,4.820000171661377,156176046.0
2022-12-06,4.800000190734863,4.840000152587891,4.760000228881836,4.829999923706055,87087192.0
2022-12-07,4.789999961853027,4.840000152587891,4.769999980926514,4.78000020980835,82604805.0
2022-12-08,4.78000020980835,4.820000171661377,4.760000228881836,4.789999961853027,57850673.0
2022-12-09,4.78000020980835,5.03000020980835,4.760000228881836,5.010000228881836,240132891.0
2022-12-12,4.980000019073486,4.980000019073486,4.880000114440918,4.900000095367432,123329540.0
2022-12-13,4.889999866485596,5.03000020980835,4.889999866485596,4.949999809265137,104493800.0
2022-12-14,4.949999809265137,5.010000228881836,4.880000114440918,4.889999866485596,81159290.0
2022-12-15,4.869999885559082,4.900000095367432,4.78000020980835,4.829999923706055,84417384.0
2022-12-16,4.769999980926514,4.820000171661377,4.75,4.789999961853027,53063122.0
2022-12-19,4.809999942779541,4.840000152587891,4.630000114440918,4.670000076293945,90722770.0
2022-12-20,4.639999866485596,4.659999847412109,4.579999923706055,4.619999885559082,52366726.0
2022-12-21,4.650000095367432,4.659999847412109,4.579999923706055,4.599999904632568,43124834.0
2022-12-22,4.639999866485596,4.650000095367432,4.510000228881836,4.53000020980835,50279800.0
2022-12-23,4.5,4.559999942779541,4.480000019073486,4.539999961853027,36589745.0
2022-12-26,4.550000190734863,4.559999942779541,4.5,4.53000020980835,49072221.0
2022-12-27,4.559999942779541,4.630000114440918,4.550000190734863,4.619999885559082,48942649.0
2022-12-28,4.590000152587891,4.699999809265137,4.559999942779541,4.650000095367432,64500058.0
2022-12-29,4.610000133514404,4.650000095367432,4.559999942779541,4.570000171661377,63129986.0
2022-12-30,4.590000152587891,4.619999885559082,4.550000190734863,4.550000190734863,43416750.0
2023-01-03,4.53000020980835,4.650000095367432,4.400000095367432,4.630000114440918,85900685.0
2023-01-04,4.610000133514404,4.630000114440918,4.53000020980835,4.570000171661377,62433271.0
2023-01-05,4.590000152587891,4.639999866485596,4.550000190734863,4.599999904632568,86127778.0
2023-01-06,4.599999904632568,4.650000095367432,4.579999923706055,4.619999885559082,86318282.0
2023-01-09,4.659999847412109,4.880000114440918,4.659999847412109,4.840000152587891,194703625.0
2023-01-10,4.849999904632568,4.889999866485596,4.789999961853027,4.829999923706055,101041824.0
2023-01-11,4.869999885559082,4.929999828338623,4.849999904632568,4.869999885559082,89552624.0
2023-01-12,4.960000038146973,5.059999942779541,4.900000095367432,4.920000076293945,157401353.0
2023-01-13,4.980000019073486,5.0,4.849999904632568,4.880000114440918,103548496.0
2023-01-16,4.889999866485596,4.949999809265137,4.869999885559082,4.880000114440918,114331306.0
2023-01-17,4.860000133514404,4.880000114440918,4.820000171661377,4.849999904632568,66518342.0
2023-01-18,4.869999885559082,5.010000228881836,4.869999885559082,4.989999771118164,140504500.0
2023-01-19,4.960000038146973,5.039999961853027,4.949999809265137,5.039999961853027,81713135.0
2023-01-20,5.050000190734863,5.170000076293945,5.039999961853027,5.130000114440918,118447674.0
2023-01-30,5.309999942779541,5.630000114440918,5.289999961853027,5.5,460985197.0
2023-01-31,5.519999980926514,5.739999771118164,5.489999771118164,5.670000076293945,381058634.0
2023-02-01,5.679999828338623,6.099999904632568,5.679999828338623,6.010000228881836,473375191.0
2023-02-02,5.960000038146973,5.980000019073486,5.789999961853027,5.920000076293945,289691100.0
2023-02-03,5.849999904632568,5.920000076293945,5.75,5.889999866485596,217296270.0
2023-02-06,5.800000190734863,5.800000190734863,5.599999904632568,5.710000038146973,202855353.0
2023-02-07,5.739999771118164,5.96999979019165,5.659999847412109,5.889999866485596,205012233.0
2023-02-08,5.869999885559082,6.0,5.800000190734863,5.829999923706055,168991921.0
2023-02-09,5.800000190734863,5.880000114440918,5.75,5.840000152587891,112410906.0
2023-02-10,5.840000152587891,5.869999885559082,5.730000019073486,5.760000228881836,116460104.0
2023-02-13,5.730000019073486,5.829999923706055,5.710000038146973,5.739999771118164,131204666.0
2023-02-14,5.800000190734863,6.050000190734863,5.789999961853027,5.929999828338623,321395127.0
2023-02-15,5.909999847412109,6.079999923706055,5.900000095367432,5.909999847412109,168729321.0
2023-02-16,5.840000152587891,5.929999828338623,5.699999809265137,5.769999980926514,150743683.0
2023-02-17,5.829999923706055,5.96999979019165,5.829999923706055,5.829999923706055,150741215.0
2023-02-20,5.809999942779541,6.03000020980835,5.78000020980835,5.980000019073486,216026218.0
2023-02-21,5.980000019073486,6.289999961853027,5.949999809265137,6.179999828338623,389307713.0
2023-02-22,6.130000114440918,6.210000038146973,6.070000171661377,6.139999866485596,141071950.0
2023-02-23,6.170000076293945,6.230000019073486,6.070000171661377,6.170000076293945,147268694.0
2023-02-24,6.110000133514404,6.130000114440918,5.949999809265137,5.989999771118164,166313269.0
2023-02-27,5.909999847412109,5.989999771118164,5.809999942779541,5.869999885559082,143274370.0
2023-02-28,5.909999847412109,5.949999809265137,5.829999923706055,5.900000095367432,92351782.0
2023-03-01,5.920000076293945,6.070000171661377,5.889999866485596,6.059999942779541,140681325.0
2023-03-02,6.079999923706055,6.170000076293945,6.03000020980835,6.090000152587891,134566356.0
2023-03-03,6.110000133514404,6.110000133514404,5.900000095367432,5.980000019073486,129284650.0
2023-03-06,5.949999809265137,6.059999942779541,5.860000133514404,6.039999961853027,126567338.0
2023-03-07,6.03000020980835,6.159999847412109,5.960000038146973,5.96999979019165,107971562.0
2023-03-08,5.849999904632568,6.0,5.829999923706055,5.96999979019165,93666852.0
2023-03-09,6.099999904632568,6.119999885559082,5.929999828338623,5.989999771118164,106636272.0
2023-03-10,5.900000095367432,5.949999809265137,5.869999885559082,5.869999885559082,66975915.0
2023-03-13,5.869999885559082,5.980000019073486,5.829999923706055,5.920000076293945,100799850.0
2023-03-14,5.949999809265137,5.989999771118164,5.769999980926514,5.829999923706055,98411489.0
2023-03-15,5.849999904632568,5.909999847412109,5.829999923706055,5.840000152587891,50893445.0
2023-03-16,5.769999980926514,5.769999980926514,5.340000152587891,5.380000114440918,316160247.0
2023-03-17,5.420000076293945,5.5,5.329999923706055,5.369999885559082,224037196.0
2023-03-20,5.369999885559082,5.519999980926514,5.309999942779541,5.349999904632568,197837992.0
2023-03-21,5.400000095367432,5.769999980926514,5.380000114440918,5.699999809265137,256461755.0
2023-03-22,5.699999809265137,5.840000152587891,5.679999828338623,5.820000171661377,159908755.0
2023-03-23,5.820000171661377,5.869999885559082,5.769999980926514,5.840000152587891,81800909.0
2023-03-24,5.829999923706055,5.920000076293945,5.800000190734863,5.889999866485596,108976506.0
2023-03-27,5.909999847412109,5.949999809265137,5.829999923706055,5.920000076293945,94352810.0
2023-03-28,5.909999847412109,6.0,5.860000133514404,5.889999866485596,85314188.0
2023-03-29,5.889999866485596,5.96999979019165,5.889999866485596,5.929999828338623,74231566.0
2023-03-30,5.940000057220459,5.949999809265137,5.820000171661377,5.929999828338623,79507101.0
2023-03-31,5.929999828338623,6.059999942779541,5.909999847412109,5.989999771118164,120373801.0
2023-04-03,5.989999771118164,6.0,5.840000152587891,5.909999847412109,143878399.0
2023-04-04,5.889999866485596,5.949999809265137,5.849999904632568,5.940000057220459,95067459.0
2023-04-06,5.940000057220459,5.980000019073486,5.869999885559082,5.96999979019165,91654776.0
2023-04-07,5.96999979019165,6.090000152587891,5.860000133514404,5.889999866485596,121177645.0
2023-04-10,5.909999847412109,6.03000020980835,5.889999866485596,5.949999809265137,110168553.0
2023-04-11,5.96999979019165,6.150000095367432,5.920000076293945,6.119999885559082,202471670.0
2023-04-12,6.150000095367432,6.239999771118164,6.110000133514404,6.170000076293945,137231971.0
2023-04-13,6.170000076293945,6.239999771118164,6.099999904632568,6.150000095367432,107268534.0
2023-04-14,6.21999979019165,6.420000076293945,6.210000038146973,6.409999847412109,236915899.0
2023-04-17,6.360000133514404,6.409999847412109,6.190000057220459,6.349999904632568,219562274.0
2023-04-18,6.309999942779541,6.389999866485596,6.230000019073486,6.329999923706055,110708512.0
2023-04-19,6.800000190734863,6.960000038146973,6.75,6.920000076293945,512130665.0
2023-04-20,6.909999847412109,6.940000057220459,6.619999885559082,6.710000038146973,287381246.0
2023-04-21,6.78000020980835,6.820000171661377,6.579999923706055,6.590000152587891,143645777.0
2023-04-24,6.570000171661377,6.579999923706055,6.199999809265137,6.260000228881836,234596619.0
2023-04-25,6.309999942779541,6.369999885559082,6.079999923706055,6.179999828338623,147623697.0
2023-04-26,6.110000133514404,6.170000076293945,6.0,6.070000171661377,151302639.0
2023-04-27,6.019999980926514,6.03000020980835,5.820000171661377,5.889999866485596,175998704.0
2023-04-28,5.920000076293945,6.050000190734863,5.909999847412109,5.960000038146973,170164300.0
2023-05-04,5.880000114440918,5.880000114440918,5.659999847412109,5.699999809265137,280601112.0
2023-05-05,5.710000038146973,5.800000190734863,5.590000152587891,5.619999885559082,164903822.0
2023-05-08,5.699999809265137,6.019999980926514,5.679999828338623,5.849999904632568,215692247.0
2023-05-09,5.860000133514404,6.039999961853027,5.840000152587891,5.860000133514404,167395708.0
2023-05-10,5.849999904632568,5.920000076293945,5.78000020980835,5.809999942779541,106391329.0
2023-05-11,5.789999961853027,5.809999942779541,5.630000114440918,5.659999847412109,143391045.0
2023-05-12,5.570000171661377,5.579999923706055,5.260000228881836,5.300000190734863,285850413.0
2023-05-15,5.289999961853027,5.489999771118164,5.289999961853027,5.460000038146973,115223010.0
2023-05-16,5.460000038146973,5.489999771118164,5.400000095367432,5.420000076293945,69270071.0
2023-05-17,5.349999904632568,5.409999847412109,5.309999942779541,5.349999904632568,84996568.0
2023-05-18,5.440000057220459,5.489999771118164,5.369999885559082,5.400000095367432,74783152.0
2023-05-19,5.349999904632568,5.369999885559082,5.289999961853027,5.340000152587891,70738398.0
2023-05-22,5.340000152587891,5.380000114440918,5.300000190734863,5.349999904632568,59397402.0
2023-05-23,5.329999923706055,5.349999904632568,5.239999771118164,5.239999771118164,78371807.0
2023-05-24,5.210000038146973,5.309999942779541,5.159999847412109,5.25,70000581.0
2023-05-25,5.199999809265137,5.21999979019165,5.099999904632568,5.159999847412109,81432801.0
2023-05-26,5.170000076293945,5.25,5.130000114440918,5.25,49755097.0
2023-05-29,5.28000020980835,5.300000190734863,5.21999979019165,5.25,49279453.0
2023-05-30,5.269999980926514,5.28000020980835,5.170000076293945,5.25,49353800.0
2023-05-31,5.230000019073486,5.25,5.170000076293945,5.239999771118164,60922146.0
2023-06-01,5.239999771118164,5.349999904632568,5.170000076293945,5.289999961853027,96922325.0
2023-06-02,5.329999923706055,5.489999771118164,5.329999923706055,5.46999979019165,153850761.0
2023-06-05,5.46999979019165,5.480000019073486,5.389999866485596,5.440000057220459,68290060.0
2023-06-06,5.460000038146973,5.53000020980835,5.369999885559082,5.380000114440918,90122989.0
2023-06-07,5.400000095367432,5.489999771118164,5.340000152587891,5.389999866485596,62668942.0
2023-06-08,5.369999885559082,5.46999979019165,5.360000133514404,5.409999847412109,51736993.0
2023-06-09,5.449999809265137,5.460000038146973,5.389999866485596,5.400000095367432,67805147.0
2023-06-12,5.400000095367432,5.409999847412109,5.300000190734863,5.389999866485596,92156517.0
2023-06-13,5.369999885559082,5.380000114440918,5.329999923706055,5.369999885559082,51938528.0
2023-06-14,5.440000057220459,5.630000114440918,5.429999828338623,5.510000228881836,227843795.0
2023-06-15,5.489999771118164,5.599999904632568,5.380000114440918,5.579999923706055,163493342.0
2023-06-16,5.579999923706055,5.670000076293945,5.539999961853027,5.659999847412109,144411193.0
2023-06-19,5.650000095367432,5.670000076293945,5.449999809265137,5.489999771118164,138185557.0
2023-06-20,5.489999771118164,5.570000171661377,5.440000057220459,5.519999980926514,81937501.0
2023-06-21,5.5,5.53000020980835,5.329999923706055,5.340000152587891,105839591.0
2023-06-26,5.320000171661377,5.369999885559082,5.21999979019165,5.260000228881836,61122306.0
2023-06-27,5.25,5.420000076293945,5.179999828338623,5.380000114440918,109352162.0
2023-06-28,5.360000133514404,5.420000076293945,5.309999942779541,5.369999885559082,69543429.0
2023-06-29,5.360000133514404,5.389999866485596,5.300000190734863,5.309999942779541,77866876.0
2023-06-30,5.289999961853027,5.380000114440918,5.28000020980835,5.329999923706055,56449978.0
2023-07-03,5.369999885559082,5.570000171661377,5.349999904632568,5.559999942779541,153349673.0
2023-07-04,5.590000152587891,5.670000076293945,5.480000019073486,5.53000020980835,79645997.0
2023-07-05,5.5,5.659999847412109,5.489999771118164,5.599999904632568,126017714.0
2023-07-06,5.599999904632568,5.610000133514404,5.480000019073486,5.510000228881836,84257615.0
2023-07-07,5.420000076293945,5.440000057220459,5.329999923706055,5.400000095367432,70718937.0
2023-07-10,5.429999828338623,5.510000228881836,5.420000076293945,5.46999979019165,68901285.0
2023-07-11,5.46999979019165,5.539999961853027,5.409999847412109,5.53000020980835,75914485.0
2023-07-12,5.53000020980835,5.579999923706055,5.5,5.519999980926514,87511855.0
2023-07-13,5.630000114440918,5.849999904632568,5.610000133514404,5.800000190734863,232719092.0
2023-07-14,5.880000114440918,5.96999979019165,5.809999942779541,5.840000152587891,138070994.0
2023-07-17,5.690000057220459,5.880000114440918,5.630000114440918,5.760000228881836,116316786.0
2023-07-18,5.739999771118164,5.809999942779541,5.710000038146973,5.75,70198497.0
2023-07-19,5.860000133514404,5.909999847412109,5.789999961853027,5.849999904632568,133444098.0
2023-07-20,5.849999904632568,5.940000057220459,5.809999942779541,5.849999904632568,120384139.0
2023-07-21,5.849999904632568,5.889999866485596,5.75,5.809999942779541,74056385.0
2023-07-24,5.829999923706055,5.840000152587891,5.730000019073486,5.75,57231416.0
2023-07-25,5.880000114440918,6.150000095367432,5.880000114440918,5.980000019073486,147093905.0
2023-07-26,6.010000228881836,6.079999923706055,5.949999809265137,6.03000020980835,85982783.0
2023-07-27,6.03000020980835,6.039999961853027,5.909999847412109,5.920000076293945,76854829.0
2023-07-28,5.869999885559082,6.039999961853027,5.840000152587891,6.03000020980835,100883637.0
2023-07-31,6.119999885559082,6.28000020980835,6.079999923706055,6.170000076293945,157418281.0
2023-08-01,6.289999961853027,6.480000019073486,6.210000038146973,6.25,174587104.0
2023-08-02,6.210000038146973,6.230000019073486,6.130000114440918,6.159999847412109,79832416.0
2023-08-03,6.099999904632568,6.139999866485596,6.03000020980835,6.099999904632568,107166151.0
2023-08-04,6.190000057220459,6.309999942779541,6.070000171661377,6.099999904632568,128975374.0
2023-08-07,6.090000152587891,6.130000114440918,6.03000020980835,6.110000133514404,50832633.0
2023-08-08,6.110000133514404,6.190000057220459,6.019999980926514,6.139999866485596,81744656.0
2023-08-09,6.090000152587891,6.150000095367432,6.079999923706055,6.130000114440918,43658383.0
2023-08-10,6.119999885559082,6.159999847412109,6.050000190734863,6.090000152587891,52436217.0
2023-08-11,6.090000152587891,6.130000114440918,5.920000076293945,5.949999809265137,91154932.0
2023-08-14,5.880000114440918,5.909999847412109,5.769999980926514,5.869999885559082,82969812.0
2023-08-15,5.880000114440918,5.920000076293945,5.739999771118164,5.840000152587891,62176455.0
2023-08-16,5.760000228881836,5.860000133514404,5.760000228881836,5.789999961853027,41325250.0
2023-08-17,5.730000019073486,5.800000190734863,5.670000076293945,5.800000190734863,64707258.0
2023-08-18,5.840000152587891,5.840000152587891,5.670000076293945,5.670000076293945,53426459.0
2023-08-21,5.659999847412109,5.739999771118164,5.630000114440918,5.639999866485596,54594627.0
2023-08-22,5.690000057220459,5.880000114440918,5.679999828338623,5.820000171661377,113643123.0
2023-08-23,5.829999923706055,5.829999923706055,5.690000057220459,5.690000057220459,86142882.0
2023-08-24,5.78000020980835,5.949999809265137,5.769999980926514,5.849999904632568,110831201.0
2023-08-25,5.800000190734863,5.869999885559082,5.75,5.800000190734863,86689695.0
2023-08-28,6.050000190734863,6.090000152587891,5.699999809265137,5.730000019073486,142741803.0
2023-08-29,5.760000228881836,5.840000152587891,5.630000114440918,5.769999980926514,112462975.0
2023-08-30,5.789999961853027,5.860000133514404,5.760000228881836,5.78000020980835,81948436.0
2023-08-31,5.789999961853027,5.860000133514404,5.71999979019165,5.730000019073486,59730053.0
2023-09-01,5.739999771118164,6.039999961853027,5.739999771118164,5.940000057220459,132265513.0
2023-09-04,6.099999904632568,6.230000019073486,6.059999942779541,6.170000076293945,189321542.0
2023-09-05,6.150000095367432,6.199999809265137,6.090000152587891,6.179999828338623,77982802.0
2023-09-06,6.300000190734863,6.349999904632568,6.130000114440918,6.25,127751696.0
2023-09-07,6.260000228881836,6.28000020980835,6.139999866485596,6.159999847412109,76994695.0
2023-09-08,6.139999866485596,6.150000095367432,6.070000171661377,6.079999923706055,38085829.0
2023-09-11,6.099999904632568,6.25,6.090000152587891,6.190000057220459,90831844.0
2023-09-12,6.21999979019165,6.289999961853027,6.159999847412109,6.170000076293945,69256748.0
2023-09-13,6.170000076293945,6.199999809265137,6.090000152587891,6.150000095367432,58885203.0
2023-09-14,6.179999828338623,6.28000020980835,6.150000095367432,6.260000228881836,107123390.0
2023-09-15,6.380000114440918,6.440000057220459,6.289999961853027,6.349999904632568,153355937.0
2023-09-18,6.349999904632568,6.380000114440918,6.190000057220459,6.25,86258060.0
2023-09-19,6.230000019073486,6.309999942779541,6.190000057220459,6.300000190734863,71675879.0
2023-09-20,6.269999980926514,6.300000190734863,6.210000038146973,6.230000019073486,45180508.0
2023-09-21,6.190000057220459,6.230000019073486,6.110000133514404,6.139999866485596,71167572.0
2023-09-22,6.079999923706055,6.150000095367432,6.039999961853027,6.090000152587891,96707918.0
2023-09-25,6.099999904632568,6.130000114440918,6.059999942779541,6.079999923706055,50229807.0
2023-09-26,6.090000152587891,6.159999847412109,6.050000190734863,6.079999923706055,44899104.0
2023-09-27,6.070000171661377,6.090000152587891,5.96999979019165,6.010000228881836,84681995.0
2023-09-28,6.010000228881836,6.050000190734863,5.849999904632568,5.909999847412109,98714031.0
2023-10-09,5.880000114440918,5.989999771118164,5.78000020980835,5.980000019073486,78141057.0
2023-10-10,5.980000019073486,6.0,5.869999885559082,5.889999866485596,58019500.0
2023-10-11,5.920000076293945,5.929999828338623,5.809999942779541,5.840000152587891,76237662.0
2023-10-12,5.869999885559082,5.96999979019165,5.869999885559082,5.909999847412109,74411233.0
2023-10-13,5.869999885559082,5.869999885559082,5.769999980926514,5.78000020980835,57296189.0
2023-10-16,5.789999961853027,5.829999923706055,5.760000228881836,5.78000020980835,55092828.0
2023-10-17,5.78000020980835,5.809999942779541,5.730000019073486,5.739999771118164,56937242.0
2023-10-18,5.75,5.75,5.610000133514404,5.619999885559082,74862754.0
2023-10-19,5.579999923706055,5.599999904632568,5.510000228881836,5.519999980926514,65744367.0
2023-10-20,5.5,5.550000190734863,5.349999904632568,5.380000114440918,111611115.0
2023-10-23,5.360000133514404,5.360000133514404,5.110000133514404,5.150000095367432,107268826.0
2023-10-24,5.199999809265137,5.329999923706055,5.199999809265137,5.309999942779541,107384991.0
2023-10-25,5.46999979019165,5.5,5.340000152587891,5.340000152587891,100426245.0
2023-10-26,5.300000190734863,5.369999885559082,5.239999771118164,5.349999904632568,81040774.0
2023-10-27,5.340000152587891,5.460000038146973,5.260000228881836,5.429999828338623,94630249.0
2023-10-30,5.46999979019165,5.659999847412109,5.440000057220459,5.619999885559082,155464018.0
2023-10-31,5.599999904632568,5.599999904632568,5.46999979019165,5.539999961853027,83881755.0
2023-11-01,5.53000020980835,5.539999961853027,5.429999828338623,5.429999828338623,78744625.0
2023-11-02,5.460000038146973,5.53000020980835,5.369999885559082,5.369999885559082,69415552.0
2023-11-03,5.400000095367432,5.46999979019165,5.389999866485596,5.409999847412109,69350737.0
2023-11-06,5.429999828338623,5.480000019073486,5.269999980926514,5.309999942779541,179804289.0
2023-11-07,5.309999942779541,5.309999942779541,5.230000019073486,5.269999980926514,95329732.0
2023-11-08,5.25,5.260000228881836,5.150000095367432,5.179999828338623,118961905.0
2023-11-09,5.139999866485596,5.21999979019165,5.119999885559082,5.199999809265137,103142624.0
2023-11-10,5.179999828338623,5.179999828338623,5.119999885559082,5.150000095367432,68403388.0
2023-11-13,5.170000076293945,5.239999771118164,5.150000095367432,5.230000019073486,81269718.0
2023-11-14,5.230000019073486,5.25,5.170000076293945,5.21999979019165,69463628.0
2023-11-15,5.269999980926514,5.380000114440918,5.260000228881836,5.369999885559082,159687254.0
2023-11-16,5.360000133514404,5.360000133514404,5.239999771118164,5.260000228881836,78478807.0
2023-11-17,5.260000228881836,5.260000228881836,5.199999809265137,5.25,49686496.0
2023-11-20,5.239999771118164,5.300000190734863,5.190000057220459,5.300000190734863,71981027.0
2023-11-21,5.340000152587891,5.480000019073486,5.329999923706055,5.360000133514404,141509760.0
2023-11-22,5.360000133514404,5.400000095367432,5.300000190734863,5.300000190734863,67089300.0
2023-11-23,5.289999961853027,5.329999923706055,5.25,5.320000171661377,49929607.0
2023-11-24,5.309999942779541,5.329999923706055,5.25,5.28000020980835,46957479.0
2023-11-27,5.260000228881836,5.28000020980835,5.199999809265137,5.25,58393876.0
2023-11-28,5.260000228881836,5.260000228881836,5.190000057220459,5.25,58444624.0
2023-11-29,5.269999980926514,5.309999942779541,5.230000019073486,5.25,59282608.0
2023-11-30,5.239999771118164,5.239999771118164,5.179999828338623,5.210000038146973,51613723.0
2023-12-01,5.210000038146973,5.289999961853027,5.199999809265137,5.28000020980835,79015644.0
2023-12-04,5.340000152587891,5.449999809265137,5.159999847412109,5.170000076293945,248721430.0
2023-12-05,5.03000020980835,5.119999885559082,4.900000095367432,4.940000057220459,200452925.0
2023-12-06,4.920000076293945,5.070000171661377,4.909999847412109,5.019999980926514,107714253.0
2023-12-07,5.019999980926514,5.03000020980835,4.920000076293945,4.949999809265137,85553533.0
2023-12-08,4.96999979019165,4.989999771118164,4.889999866485596,4.900000095367432,80208860.0
2023-12-11,4.880000114440918,4.900000095367432,4.78000020980835,4.860000133514404,144481491.0
2023-12-12,4.840000152587891,4.860000133514404,4.760000228881836,4.840000152587891,118973896.0
2023-12-13,4.809999942779541,4.829999923706055,4.710000038146973,4.71999979019165,109200713.0
2023-12-14,4.769999980926514,4.800000190734863,4.710000038146973,4.710000038146973,89086328.0
2023-12-15,4.760000228881836,4.849999904632568,4.75,4.769999980926514,129866965.0
2023-12-18,4.739999771118164,4.760000228881836,4.639999866485596,4.659999847412109,85424644.0
2023-12-19,4.659999847412109,4.699999809265137,4.610000133514404,4.679999828338623,65434927.0
2023-12-20,4.699999809265137,4.78000020980835,4.690000057220459,4.710000038146973,113137997.0
2023-12-21,4.679999828338623,4.849999904632568,4.650000095367432,4.840000152587891,119971819.0
2023-12-22,4.840000152587891,4.96999979019165,4.800000190734863,4.900000095367432,121004616.0
2023-12-25,4.900000095367432,4.949999809265137,4.869999885559082,4.929999828338623,76115676.0
2023-12-26,4.929999828338623,4.940000057220459,4.889999866485596,4.920000076293945,56692336.0
2023-12-27,4.909999847412109,5.119999885559082,4.909999847412109,5.079999923706055,151966596.0
2023-12-28,5.110000133514404,5.25,5.099999904632568,5.159999847412109,163415379.0
2023-12-29,5.130000114440918,5.21999979019165,5.130000114440918,5.199999809265137,98730274.0
2024-01-02,5.210000038146973,5.349999904632568,5.199999809265137,5.289999961853027,129976159.0
2024-01-03,5.28000020980835,5.28000020980835,5.210000038146973,5.25,96315778.0
2024-01-04,5.230000019073486,5.28000020980835,5.159999847412109,5.199999809265137,97638556.0
2024-01-05,5.300000190734863,5.440000057220459,5.230000019073486,5.269999980926514,190577616.0
2024-01-08,5.320000171661377,5.420000076293945,5.25,5.320000171661377,172496680.0
2024-01-09,5.300000190734863,5.380000114440918,5.230000019073486,5.349999904632568,140940259.0
2024-01-10,5.320000171661377,5.400000095367432,5.28000020980835,5.289999961853027,99681334.0
2024-01-11,5.300000190734863,5.320000171661377,5.260000228881836,5.289999961853027,90585419.0
2024-01-12,5.269999980926514,5.349999904632568,5.239999771118164,5.320000171661377,88511963.0
2024-01-15,5.300000190734863,5.360000133514404,5.239999771118164,5.340000152587891,94055364.0
2024-01-16,5.329999923706055,5.440000057220459,5.320000171661377,5.349999904632568,113060535.0
2024-01-17,5.369999885559082,5.389999866485596,5.230000019073486,5.230000019073486,83154914.0
2024-01-18,5.190000057220459,5.289999961853027,5.059999942779541,5.239999771118164,145749076.0
2024-01-19,5.210000038146973,5.21999979019165,5.130000114440918,5.190000057220459,91823363.0
2024-01-22,5.179999828338623,5.190000057220459,4.96999979019165,5.019999980926514,112419417.0
2024-01-23,5.0,5.130000114440918,4.900000095367432,5.090000152587891,89433637.0
2024-01-24,5.110000133514404,5.25,5.070000171661377,5.21999979019165,106844905.0
2024-01-25,5.25,5.429999828338623,5.199999809265137,5.420000076293945,129202914.0
2024-01-26,5.420000076293945,5.579999923706055,5.380000114440918,5.5,171605324.0
2024-01-29,5.489999771118164,5.539999961853027,5.440000057220459,5.480000019073486,91574800.0
2024-01-30,5.440000057220459,5.53000020980835,5.409999847412109,5.429999828338623,86226011.0
2024-01-31,5.400000095367432,5.480000019073486,5.340000152587891,5.369999885559082,93179095.0
2024-02-01,5.340000152587891,5.519999980926514,5.320000171661377,5.46999979019165,105424023.0
2024-02-02,5.46999979019165,5.570000171661377,5.239999771118164,5.429999828338623,127690419.0
2024-02-05,5.380000114440918,5.53000020980835,5.309999942779541,5.46999979019165,149376030.0
2024-02-06,5.429999828338623,5.619999885559082,5.429999828338623,5.590000152587891,114029664.0
2024-02-07,5.599999904632568,5.650000095367432,5.510000228881836,5.570000171661377,143694068.0
2024-02-08,5.590000152587891,5.679999828338623,5.539999961853027,5.679999828338623,142160659.0
2024-02-19,5.690000057220459,5.989999771118164,5.650000095367432,5.96999979019165,177275440.0
2024-02-20,5.940000057220459,6.110000133514404,5.860000133514404,6.03000020980835,127024403.0
2024-02-21,5.989999771118164,6.119999885559082,5.980000019073486,6.0,97717222.0
2024-02-22,5.980000019073486,6.150000095367432,5.949999809265137,6.139999866485596,109253640.0
2024-02-23,6.139999866485596,6.380000114440918,6.090000152587891,6.349999904632568,150005205.0
2024-02-26,6.320000171661377,6.409999847412109,6.119999885559082,6.130000114440918,119735121.0
2024-02-27,6.099999904632568,6.190000057220459,6.050000190734863,6.119999885559082,128353371.0
2024-02-28,6.119999885559082,6.130000114440918,6.010000228881836,6.010000228881836,127251864.0
2024-02-29,5.980000019073486,6.159999847412109,5.96999979019165,6.150000095367432,106471283.0
2024-03-01,6.139999866485596,6.269999980926514,6.110000133514404,6.230000019073486,96091355.0
2024-03-04,6.289999961853027,6.360000133514404,6.239999771118164,6.28000020980835,107240355.0
2024-03-05,6.28000020980835,6.369999885559082,6.260000228881836,6.340000152587891,108749025.0
2024-03-06,6.329999923706055,6.449999809265137,6.28000020980835,6.360000133514404,97088848.0
2024-03-07,6.369999885559082,6.829999923706055,6.369999885559082,6.619999885559082,199225955.0
2024-03-08,6.75,6.809999942779541,6.590000152587891,6.75,132833560.0
2024-03-11,6.71999979019165,6.840000152587891,6.650000095367432,6.769999980926514,128603695.0
2024-03-12,6.75,6.75,6.349999904632568,6.400000095367432,188338251.0
2024-03-13,6.599999904632568,6.949999809265137,6.559999942779541,6.800000190734863,336433284.0
2024-03-14,7.139999866485596,7.349999904632568,7.070000171661377,7.190000057220459,298252886.0
2024-03-15,7.190000057220459,7.75,7.110000133514404,7.739999771118164,298426516.0
2024-03-18,7.769999980926514,7.96999979019165,7.550000190734863,7.820000171661377,313895296.0
2024-03-19,7.75,7.909999847412109,7.650000095367432,7.690000057220459,214742376.0
2024-03-20,7.590000152587891,7.760000228881836,7.449999809265137,7.590000152587891,218261408.0
2024-03-21,7.760000228881836,7.829999923706055,7.639999866485596,7.739999771118164,187498143.0
2024-03-22,7.619999885559082,7.650000095367432,7.400000095367432,7.480000019073486,182397003.0
2024-03-25,7.610000133514404,7.980000019073486,7.579999923706055,7.820000171661377,256779434.0
2024-03-26,7.840000152587891,7.980000019073486,7.670000076293945,7.78000020980835,181115823.0
2024-03-27,7.739999771118164,8.050000190734863,7.690000057220459,7.889999866485596,218095682.0
2024-03-28,7.849999904632568,8.279999732971191,7.809999942779541,8.170000076293945,205676591.0
2024-03-29,8.229999542236328,8.449999809265137,8.170000076293945,8.319999694824219,152249956.0
2024-04-01,8.5,8.609999656677246,8.119999885559082,8.25,250429585.0
2024-04-02,8.220000267028809,8.449999809265137,8.199999809265137,8.34000015258789,175102517.0
2024-04-03,8.40999984741211,8.800000190734863,8.40999984741211,8.739999771118164,300723882.0
2024-04-08,8.75,9.149999618530273,8.460000038146973,8.640000343322754,400144740.0
2024-04-09,8.65999984741211,8.760000228881836,8.399999618530273,8.479999542236328,243920176.0
2024-04-10,8.539999961853027,8.850000381469727,8.479999542236328,8.739999771118164,241845979.0
2024-04-11,8.5,9.069999694824219,8.449999809265137,8.699999809265137,260258868.0
2024-04-12,8.699999809265137,9.079999923706055,8.640000343322754,8.960000038146973,241040953.0
2024-04-15,8.789999961853027,9.170000076293945,8.640000343322754,9.15999984741211,224342390.0
2024-04-16,9.079999923706055,9.359999656677246,8.770000457763672,8.850000381469727,241153756.0
2024-04-17,8.800000190734863,9.050000190734863,8.619999885559082,9.039999961853027,219150448.0
2024-04-18,8.970000267028809,9.470000267028809,8.890000343322754,9.470000267028809,253814377.0
2024-04-19,9.470000267028809,9.819999694824219,9.300000190734863,9.479999542236328,226958643.0
2024-04-22,9.630000114440918,9.869999885559082,9.149999618530273,9.1899995803833,236543347.0
2024-04-23,9.0,9.0600004196167,8.5600004196167,8.600000381469727,373832547.0
2024-04-24,8.5600004196167,8.880000114440918,8.5600004196167,8.850000381469727,211443228.0
2024-04-25,8.770000457763672,8.880000114440918,8.65999984741211,8.869999885559082,152207825.0
2024-04-26,8.970000267028809,9.369999885559082,8.869999885559082,9.279999732971191,287525937.0
2024-04-29,9.140000343322754,9.220000267028809,8.819999694824219,9.010000228881836,271958703.0
2024-04-30,9.100000381469727,9.229999542236328,8.8100004196167,8.979999542236328,276173717.0
2024-05-06,8.779999732971191,8.850000381469727,8.5,8.829999923706055,313827520.0
2024-05-07,8.869999885559082,9.149999618530273,8.789999961853027,8.829999923706055,239033159.0
2024-05-08,8.760000228881836,8.989999771118164,8.600000381469727,8.829999923706055,190674443.0
2024-05-09,8.789999961853027,9.130000114440918,8.75,9.039999961853027,194546618.0
2024-05-10,9.170000076293945,9.25,8.899999618530273,9.199999809265137,203676324.0
2024-05-13,9.0600004196167,9.34000015258789,8.979999542236328,9.260000228881836,172833865.0
2024-05-14,9.350000381469727,9.579999923706055,9.329999923706055,9.460000038146973,233204800.0
2024-05-15,9.390000343322754,9.449999809265137,9.079999923706055,9.130000114440918,215375300.0
2024-05-16,9.239999771118164,9.329999923706055,8.569999694824219,8.670000076293945,488232121.0
2024-05-17,8.800000190734863,8.8100004196167,8.390000343322754,8.6899995803833,372773037.0
2024-05-20,8.949999809265137,9.149999618530273,8.579999923706055,8.9399995803833,458580359.0
2024-05-21,8.920000076293945,8.979999542236328,8.350000381469727,8.420000076293945,375591139.0
2024-05-22,8.40999984741211,8.5,8.149999618530273,8.210000038146973,283605929.0
2024-05-23,8.0,8.289999961853027,7.880000114440918,8.170000076293945,264844164.0
2024-05-24,8.149999618530273,8.289999961853027,8.109999656677246,8.180000305175781,153473322.0
2024-05-27,8.149999618530273,8.579999923706055,8.149999618530273,8.539999961853027,233939360.0
2024-05-28,8.550000190734863,8.75,8.520000457763672,8.539999961853027,182115049.0
2024-05-29,8.5,8.880000114440918,8.479999542236328,8.760000228881836,175097938.0
2024-05-30,8.699999809265137,8.739999771118164,8.289999961853027,8.34000015258789,188322296.0
2024-05-31,8.319999694824219,8.449999809265137,8.210000038146973,8.34000015258789,147544165.0
2024-06-03,8.329999923706055,8.430000305175781,8.079999923706055,8.170000076293945,175293292.0
2024-06-04,8.25,8.569999694824219,8.149999618530273,8.399999618530273,179985821.0
2024-06-05,8.199999809265137,8.229999542236328,8.010000228881836,8.029999732971191,221866498.0
2024-06-06,8.149999618530273,8.420000076293945,8.119999885559082,8.270000457763672,207279577.0
2024-06-07,8.359999656677246,8.479999542236328,8.239999771118164,8.40999984741211,174403333.0
2024-06-11,8.1899995803833,8.270000457763672,8.0600004196167,8.130000114440918,169286239.0
2024-06-12,8.130000114440918,8.329999923706055,8.100000381469727,8.25,111603800.0
2024-06-13,8.199999809265137,8.3100004196167,8.010000228881836,8.100000381469727,135102947.0
2024-06-14,8.029999732971191,8.3100004196167,7.960000038146973,8.279999732971191,136116373.0
2024-06-17,8.199999809265137,8.369999885559082,8.0600004196167,8.1899995803833,118526793.0
2024-06-18,8.229999542236328,8.270000457763672,8.050000190734863,8.140000343322754,108964606.0
2024-06-19,8.1899995803833,8.529999732971191,8.170000076293945,8.399999618530273,175024590.0
2024-06-20,8.5,8.630000114440918,8.380000114440918,8.449999809265137,151781445.0
2024-06-21,8.550000190734863,8.600000381469727,8.300000190734863,8.329999923706055,118205623.0
2024-06-24,8.15999984741211,8.350000381469727,8.100000381469727,8.25,98791922.0
2024-06-25,8.289999961853027,8.449999809265137,8.220000267028809,8.329999923706055,106708249.0
2024-06-26,8.260000228881836,8.34000015258789,8.09000015258789,8.300000190734863,120544980.0
2024-06-27,8.260000228881836,8.300000190734863,8.020000457763672,8.1899995803833,118937114.0
2024-06-28,8.15999984741211,8.569999694824219,8.149999618530273,8.5,167482479.0
2024-07-01,8.479999542236328,8.680000305175781,8.420000076293945,8.65999984741211,126167622.0
2024-07-02,8.65999984741211,8.729999542236328,8.430000305175781,8.539999961853027,108995200.0
2024-07-03,8.5600004196167,8.630000114440918,8.470000267028809,8.630000114440918,89587122.0
2024-07-04,8.850000381469727,8.960000038146973,8.770000457763672,8.819999694824219,186143250.0
2024-07-05,8.819999694824219,8.819999694824219,8.819999694824219,8.819999694824219,0.0
2024-07-08,8.979999542236328,9.050000190734863,8.869999885559082,8.920000076293945,138453282.0
2024-07-09,8.920000076293945,9.109999656677246,8.829999923706055,9.09000015258789,132743707.0
2024-07-10,9.039999961853027,9.09000015258789,8.739999771118164,8.779999732971191,144345009.0
2024-07-11,8.819999694824219,9.100000381469727,8.739999771118164,9.050000190734863,132168960.0
2024-07-12,9.0,9.069999694824219,8.630000114440918,8.760000228881836,200344876.0
2024-07-15,8.890000343322754,9.25,8.8100004196167,9.130000114440918,214839718.0
2024-07-16,9.050000190734863,9.210000038146973,8.989999771118164,9.170000076293945,120144239.0
2024-07-17,9.079999923706055,9.15999984741211,8.460000038146973,8.5600004196167,243452577.0
2024-07-18,8.470000267028809,8.670000076293945,8.390000343322754,8.619999885559082,136136898.0
2024-07-19,8.279999732971191,8.470000267028809,8.010000228881836,8.40999984741211,194462095.0
2024-07-22,8.300000190734863,8.350000381469727,8.050000190734863,8.130000114440918,167048903.0
2024-07-23,8.149999618530273,8.210000038146973,7.550000190734863,7.559999942779541,275322841.0
2024-07-24,7.550000190734863,7.570000171661377,7.340000152587891,7.429999828338623,185215722.0
2024-07-25,7.239999771118164,7.320000171661377,6.989999771118164,7.019999980926514,247974439.0
2024-07-26,7.079999923706055,7.389999866485596,7.079999923706055,7.269999980926514,188923105.0
2024-07-29,7.340000152587891,7.460000038146973,7.25,7.360000133514404,123424977.0
2024-07-30,7.309999942779541,7.309999942779541,7.070000171661377,7.159999847412109,127468128.0
2024-07-31,7.239999771118164,7.510000228881836,7.159999847412109,7.46999979019165,175730264.0
2024-08-01,7.639999866485596,7.699999809265137,7.489999771118164,7.519999980926514,125994398.0
2024-08-02,7.289999961853027,7.320000171661377,7.139999866485596,7.21999979019165,166783477.0
2024-08-05,7.110000133514404,7.239999771118164,7.010000228881836,7.03000020980835,156512081.0
2024-08-06,7.03000020980835,7.119999885559082,6.900000095367432,6.980000019073486,132024404.0
2024-08-07,6.980000019073486,7.170000076293945,6.900000095367432,7.090000152587891,102401685.0
2024-08-08,7.019999980926514,7.03000020980835,6.849999904632568,6.949999809265137,113566856.0
2024-08-09,7.019999980926514,7.159999847412109,7.019999980926514,7.059999942779541,119481786.0
2024-08-12,7.059999942779541,7.179999828338623,7.050000190734863,7.119999885559082,78326795.0
2024-08-13,7.179999828338623,7.21999979019165,7.070000171661377,7.179999828338623,85546330.0
2024-08-14,7.170000076293945,7.230000019073486,7.059999942779541,7.099999904632568,82310815.0
2024-08-15,7.079999923706055,7.269999980926514,7.019999980926514,7.230000019073486,113364910.0
2024-08-16,7.300000190734863,7.519999980926514,7.300000190734863,7.429999828338623,173024370.0
2024-08-19,7.480000019073486,7.619999885559082,7.440000057220459,7.510000228881836,115633710.0
2024-08-20,7.559999942779541,7.570000171661377,7.360000133514404,7.409999847412109,77398500.0
2024-08-21,7.400000095367432,7.449999809265137,7.329999923706055,7.429999828338623,50283767.0
2024-08-22,7.480000019073486,7.489999771118164,7.300000190734863,7.440000057220459,78752757.0
2024-08-23,7.380000114440918,7.480000019073486,7.360000133514404,7.420000076293945,56958526.0
2024-08-26,7.519999980926514,7.650000095367432,7.420000076293945,7.639999866485596,155839053.0
2024-08-27,7.630000114440918,7.679999828338623,7.429999828338623,7.539999961853027,97853659.0
2024-08-28,7.539999961853027,7.659999847412109,7.360000133514404,7.429999828338623,97487609.0
2024-08-29,7.289999961853027,7.5,7.25,7.420000076293945,77284236.0
2024-08-30,7.420000076293945,7.570000171661377,7.300000190734863,7.489999771118164,132767964.0
2024-09-02,7.400000095367432,7.440000057220459,7.190000057220459,7.300000190734863,107539615.0
2024-09-03,7.289999961853027,7.420000076293945,7.25,7.300000190734863,71698925.0
2024-09-04,7.090000152587891,7.090000152587891,6.860000133514404,6.940000057220459,176641056.0
2024-09-05,6.980000019073486,7.019999980926514,6.849999904632568,6.920000076293945,80686520.0
2024-09-06,6.96999979019165,7.019999980926514,6.909999847412109,6.909999847412109,57347200.0
2024-09-09,6.840000152587891,6.840000152587891,6.590000152587891,6.710000038146973,145140397.0
2024-09-10,6.760000228881836,6.789999961853027,6.630000114440918,6.71999979019165,69202728.0
2024-09-11,6.679999828338623,6.699999809265137,6.480000019073486,6.559999942779541,137082788.0
2024-09-12,6.599999904632568,6.630000114440918,6.53000020980835,6.570000171661377,108688458.0
2024-09-13,6.659999847412109,6.730000019073486,6.519999980926514,6.53000020980835,154815698.0
2024-09-18,6.619999885559082,6.789999961853027,6.579999923706055,6.739999771118164,162277363.0
2024-09-19,6.769999980926514,7.199999809265137,6.699999809265137,7.159999847412109,234868647.0
2024-09-20,7.199999809265137,7.480000019073486,7.150000095367432,7.440000057220459,208721474.0
2024-09-23,7.389999866485596,7.550000190734863,7.349999904632568,7.389999866485596,121124070.0
2024-09-24,7.480000019073486,7.760000228881836,7.440000057220459,7.679999828338623,188664491.0
2024-09-25,7.880000114440918,8.220000267028809,7.760000228881836,7.78000020980835,230391360.0
2024-09-26,7.789999961853027,8.119999885559082,7.690000057220459,8.119999885559082,175216420.0
2024-09-27,8.359999656677246,8.479999542236328,8.229999542236328,8.369999885559082,131133055.0
2024-09-30,8.649999618530273,8.890000343322754,8.220000267028809,8.699999809265137,499140949.0
2024-10-08,9.479999542236328,9.550000190734863,8.25,8.630000114440918,618523536.0
2024-10-09,8.380000114440918,8.380000114440918,7.849999904632568,7.929999828338623,335596413.0
2024-10-10,8.010000228881836,8.390000343322754,7.949999809265137,8.199999809265137,265719616.0
2024-10-11,8.25,8.25,7.980000019073486,8.050000190734863,143021609.0
2024-10-14,8.09000015258789,8.430000305175781,8.050000190734863,8.399999618530273,212338944.0
2024-10-15,8.300000190734863,8.300000190734863,8.0,8.010000228881836,215078687.0
2024-10-16,7.909999847412109,8.0600004196167,7.809999942779541,8.020000457763672,136259518.0
2024-10-17,8.079999923706055,8.109999656677246,7.860000133514404,7.880000114440918,120758195.0
2024-10-18,7.909999847412109,8.09000015258789,7.829999923706055,8.0,198828698.0
2024-10-21,8.109999656677246,8.4399995803833,8.050000190734863,8.319999694824219,319543555.0
2024-10-22,8.220000267028809,8.350000381469727,8.069999694824219,8.329999923706055,173591287.0
2024-10-23,8.260000228881836,8.300000190734863,8.0600004196167,8.199999809265137,225517659.0
2024-10-24,8.100000381469727,8.109999656677246,7.929999828338623,8.020000457763672,170160081.0
2024-10-25,8.010000228881836,8.020000457763672,7.880000114440918,7.920000076293945,167114715.0
2024-10-28,7.889999866485596,7.920000076293945,7.760000228881836,7.920000076293945,166683996.0
2024-10-29,7.920000076293945,7.960000038146973,7.630000114440918,7.659999847412109,306016324.0
2024-10-30,7.679999828338623,7.860000133514404,7.659999847412109,7.739999771118164,170933534.0
2024-10-31,7.75,7.75,7.579999923706055,7.599999904632568,187129506.0
2024-11-01,7.599999904632568,8.140000343322754,7.510000228881836,7.929999828338623,464577502.0
2024-11-04,8.029999732971191,8.100000381469727,7.849999904632568,8.0,249825630.0
2024-11-05,7.980000019073486,8.239999771118164,7.929999828338623,8.180000305175781,291754473.0
2024-11-06,8.210000038146973,8.380000114440918,8.119999885559082,8.199999809265137,292064446.0
2024-11-07,7.949999809265137,8.170000076293945,7.800000190734863,8.130000114440918,288931709.0
2024-11-08,8.279999732971191,8.40999984741211,8.09000015258789,8.100000381469727,264970084.0
2024-11-11,8.010000228881836,8.039999961853027,7.800000190734863,7.920000076293945,281082994.0
2024-11-12,7.829999923706055,7.980000019073486,7.610000133514404,7.679999828338623,313169657.0
2024-11-13,7.599999904632568,7.739999771118164,7.579999923706055,7.670000076293945,176939647.0
2024-11-14,7.610000133514404,7.630000114440918,7.429999828338623,7.440000057220459,201144855.0
2024-11-15,7.440000057220459,7.630000114440918,7.409999847412109,7.460000038146973,146202325.0
2024-11-18,7.420000076293945,7.579999923706055,7.329999923706055,7.400000095367432,171623609.0
2024-11-19,7.539999961853027,7.650000095367432,7.440000057220459,7.639999866485596,184565672.0
2024-11-20,7.650000095367432,7.659999847412109,7.559999942779541,7.610000133514404,100900379.0
2024-11-21,7.599999904632568,7.639999866485596,7.559999942779541,7.610000133514404,88198066.0
2024-11-22,7.579999923706055,7.610000133514404,7.320000171661377,7.320000171661377,132481960.0
2024-11-25,7.349999904632568,7.440000057220459,7.21999979019165,7.269999980926514,105626880.0
2024-11-26,7.25,7.389999866485596,7.239999771118164,7.289999961853027,68724478.0
2024-11-27,7.25,7.300000190734863,7.139999866485596,7.300000190734863,121926065.0
2024-11-28,7.25,7.289999961853027,7.130000114440918,7.150000095367432,114098300.0
2024-11-29,7.150000095367432,7.349999904632568,7.070000171661377,7.28000020980835,160655933.0
2024-12-02,7.400000095367432,7.559999942779541,7.380000114440918,7.480000019073486,177359536.0
2024-12-03,7.5,7.519999980926514,7.409999847412109,7.460000038146973,100202295.0
2024-12-04,7.519999980926514,7.599999904632568,7.449999809265137,7.519999980926514,130746299.0
2024-12-05,7.480000019073486,7.489999771118164,7.349999904632568,7.369999885559082,126828170.0
2024-12-06,7.360000133514404,7.420000076293945,7.329999923706055,7.420000076293945,130936742.0
2024-12-09,7.420000076293945,7.46999979019165,7.329999923706055,7.389999866485596,126760227.0
2024-12-10,7.579999923706055,7.679999828338623,7.380000114440918,7.400000095367432,200059103.0
2024-12-11,7.409999847412109,7.570000171661377,7.340000152587891,7.5,177829306.0
2024-12-12,7.480000019073486,7.519999980926514,7.429999828338623,7.5,139072170.0
2024-12-13,7.429999828338623,7.440000057220459,7.170000076293945,7.21999979019165,330893017.0
2024-12-16,7.179999828338623,7.21999979019165,7.099999904632568,7.130000114440918,140905802.0
2024-12-17,7.099999904632568,7.210000038146973,7.059999942779541,7.070000171661377,132301050.0
2024-12-18,7.099999904632568,7.130000114440918,6.980000019073486,6.989999771118164,154700775.0
2024-12-19,6.889999866485596,7.03000020980835,6.800000190734863,7.010000228881836,126085518.0
2024-12-20,6.989999771118164,7.019999980926514,6.820000171661377,6.849999904632568,177910312.0
2024-12-23,6.860000133514404,6.940000057220459,6.840000152587891,6.909999847412109,158374730.0
2024-12-24,6.909999847412109,6.989999771118164,6.869999885559082,6.989999771118164,126061367.0
2024-12-25,6.980000019073486,6.989999771118164,6.849999904632568,6.889999866485596,89460147.0
2024-12-26,6.880000114440918,7.0,6.860000133514404,6.949999809265137,93620836.0
2024-12-27,6.960000038146973,7.019999980926514,6.820000171661377,6.820000171661377,187709171.0
2024-12-30,6.829999923706055,6.869999885559082,6.769999980926514,6.809999942779541,136304110.0
2024-12-31,6.789999961853027,6.800000190734863,6.650000095367432,6.650000095367432,172000920.0
2025-01-02,6.659999847412109,6.75,6.550000190734863,6.579999923706055,184609145.0
2025-01-03,6.610000133514404,6.96999979019165,6.610000133514404,6.769999980926514,328432488.0
2025-01-06,6.800000190734863,6.920000076293945,6.619999885559082,6.809999942779541,204092387.0
2025-01-07,6.849999904632568,7.139999866485596,6.820000171661377,7.039999961853027,236199927.0
2025-01-08,7.039999961853027,7.039999961853027,6.860000133514404,6.949999809265137,162436659.0
2025-01-09,7.0,7.0,6.880000114440918,6.940000057220459,108483300.0
2025-01-10,6.96999979019165,7.079999923706055,6.889999866485596,6.960000038146973,170133191.0
2025-01-13,6.889999866485596,7.059999942779541,6.860000133514404,6.940000057220459,175740897.0
2025-01-14,6.900000095367432,7.050000190734863,6.849999904632568,7.050000190734863,201217136.0
2025-01-15,7.010000228881836,7.050000190734863,6.809999942779541,6.900000095367432,198950742.0
2025-01-16,6.96999979019165,7.210000038146973,6.96999979019165,7.099999904632568,305579956.0
2025-01-17,7.090000152587891,7.199999809265137,7.050000190734863,7.159999847412109,159925691.0
2025-01-20,7.159999847412109,7.190000057220459,7.039999961853027,7.050000190734863,159137210.0
2025-01-21,7.090000152587891,7.099999904632568,6.980000019073486,7.070000171661377,107121950.0
2025-01-22,7.070000171661377,7.130000114440918,6.989999771118164,7.110000133514404,153527572.0
2025-01-23,7.21999979019165,7.400000095367432,7.119999885559082,7.139999866485596,286761900.0
2025-01-24,7.170000076293945,7.329999923706055,7.170000076293945,7.289999961853027,157742828.0
2025-01-27,7.289999961853027,7.340000152587891,7.239999771118164,7.239999771118164,100347411.0
2025-02-05,7.309999942779541,7.349999904632568,7.190000057220459,7.21999979019165,186431546.0
2025-02-06,7.28000020980835,7.300000190734863,7.190000057220459,7.230000019073486,157277909.0
2025-02-07,7.210000038146973,7.360000133514404,7.139999866485596,7.289999961853027,259496209.0
2025-02-10,7.329999923706055,7.599999904632568,7.309999942779541,7.489999771118164,354101239.0
2025-02-11,7.46999979019165,7.570000171661377,7.400000095367432,7.429999828338623,189787466.0
2025-02-12,7.389999866485596,7.400000095367432,7.210000038146973,7.289999961853027,197525570.0
2025-02-13,7.289999961853027,7.340000152587891,7.21999979019165,7.21999979019165,142195768.0
2025-02-14,7.260000228881836,7.340000152587891,7.21999979019165,7.320000171661377,166885726.0
2025-02-17,7.239999771118164,7.25,7.039999961853027,7.079999923706055,257534986.0
2025-02-18,7.039999961853027,7.059999942779541,6.920000076293945,6.940000057220459,148351087.0
2025-02-19,6.940000057220459,6.980000019073486,6.909999847412109,6.960000038146973,113626106.0
2025-02-20,6.940000057220459,6.960000038146973,6.880000114440918,6.929999828338623,126877431.0
2025-02-21,6.940000057220459,6.980000019073486,6.880000114440918,6.909999847412109,151554422.0
2025-02-24,6.900000095367432,6.940000057220459,6.820000171661377,6.920000076293945,144732773.0
2025-02-25,6.889999866485596,6.900000095367432,6.75,6.769999980926514,179981975.0
2025-02-26,6.789999961853027,6.920000076293945,6.78000020980835,6.849999904632568,150065293.0
2025-02-27,6.829999923706055,6.840000152587891,6.699999809265137,6.760000228881836,162942737.0
2025-02-28,6.710000038146973,6.71999979019165,6.619999885559082,6.639999866485596,156648435.0
2025-03-03,6.639999866485596,6.800000190734863,6.639999866485596,6.739999771118164,146751091.0
2025-03-04,6.699999809265137,6.800000190734863,6.679999828338623,6.789999961853027,108426426.0
2025-03-05,6.800000190734863,6.880000114440918,6.730000019073486,6.840000152587891,132434475.0
2025-03-06,6.929999828338623,7.139999866485596,6.929999828338623,7.090000152587891,326771765.0
2025-03-07,7.090000152587891,7.300000190734863,7.079999923706055,7.190000057220459,303825153.0
2025-03-10,7.300000190734863,7.849999904632568,7.300000190734863,7.809999942779541,747275182.0
2025-03-11,7.650000095367432,7.730000019073486,7.480000019073486,7.699999809265137,495890784.0
2025-03-12,7.820000171661377,7.940000057220459,7.710000038146973,7.800000190734863,413668247.0
2025-03-13,7.900000095367432,7.980000019073486,7.78000020980835,7.909999847412109,328851813.0
2025-03-14,8.09000015258789,8.210000038146973,7.840000152587891,7.920000076293945,398984949.0
2025-03-17,7.849999904632568,7.909999847412109,7.710000038146973,7.730000019073486,251414971.0
2025-03-18,7.760000228881836,7.929999828338623,7.699999809265137,7.860000133514404,259782100.0
2025-03-19,7.840000152587891,7.909999847412109,7.739999771118164,7.869999885559082,158865084.0
2025-03-20,7.980000019073486,8.079999923706055,7.869999885559082,7.909999847412109,233414215.0
2025-03-21,7.869999885559082,7.929999828338623,7.579999923706055,7.639999866485596,213049190.0
2025-03-24,7.730000019073486,8.100000381469727,7.690000057220459,8.010000228881836,432651586.0
2025-03-25,8.029999732971191,8.1899995803833,7.96999979019165,8.079999923706055,307438820.0
2025-03-26,8.220000267028809,8.390000343322754,7.929999828338623,7.980000019073486,423444392.0
2025-03-27,7.809999942779541,7.920000076293945,7.730000019073486,7.789999961853027,266736737.0
2025-03-28,7.739999771118164,7.789999961853027,7.650000095367432,7.710000038146973,168211531.0
2025-03-31,7.650000095367432,7.710000038146973,7.519999980926514,7.599999904632568,176074406.0
2025-04-01,7.610000133514404,7.690000057220459,7.559999942779541,7.590000152587891,131471452.0
2025-04-02,7.559999942779541,7.610000133514404,7.5,7.53000020980835,121464532.0
2025-04-03,7.340000152587891,7.380000114440918,7.199999809265137,7.230000019073486,260176749.0
2025-04-07,6.510000228881836,6.579999923706055,6.510000228881836,6.510000228881836,251079218.0
2025-04-08,6.510000228881836,6.510000228881836,6.079999923706055,6.210000038146973,542242540.0
2025-04-09,6.070000171661377,6.190000057220459,5.909999847412109,6.150000095367432,392787279.0
2025-04-10,6.460000038146973,6.679999828338623,6.369999885559082,6.579999923706055,421705398.0
2025-04-11,6.559999942779541,6.659999847412109,6.480000019073486,6.590000152587891,216336816.0
2025-04-14,6.699999809265137,7.03000020980835,6.699999809265137,6.880000114440918,304253263.0
2025-04-15,6.900000095367432,6.940000057220459,6.760000228881836,6.800000190734863,173952722.0
2025-04-16,6.800000190734863,6.800000190734863,6.559999942779541,6.650000095367432,191901100.0
2025-04-17,6.699999809265137,6.710000038146973,6.619999885559082,6.659999847412109,128582527.0
2025-04-18,6.659999847412109,6.730000019073486,6.619999885559082,6.71999979019165,104547005.0
2025-04-21,6.710000038146973,6.929999828338623,6.690000057220459,6.920000076293945,154389362.0
2025-04-22,6.980000019073486,7.349999904632568,6.940000057220459,7.199999809265137,438371301.0
2025-04-23,7.199999809265137,7.28000020980835,7.110000133514404,7.139999866485596,227867339.0
2025-04-24,7.079999923706055,7.199999809265137,7.039999961853027,7.059999942779541,133969309.0
2025-04-25,7.150000095367432,7.199999809265137,7.079999923706055,7.130000114440918,145925303.0
2025-04-28,7.199999809265137,7.230000019073486,7.099999904632568,7.159999847412109,151004071.0
2025-04-29,7.159999847412109,7.199999809265137,7.099999904632568,7.130000114440918,85102478.0
2025-04-30,7.099999904632568,7.150000095367432,7.03000020980835,7.059999942779541,116022169.0
2025-05-06,7.099999904632568,7.119999885559082,7.010000228881836,7.099999904632568,144422698.0
2025-05-07,7.190000057220459,7.369999885559082,7.179999828338623,7.289999961853027,277357103.0
2025-05-08,7.190000057220459,7.199999809265137,7.139999866485596,7.170000076293945,160130838.0
2025-05-09,7.150000095367432,7.159999847412109,7.079999923706055,7.090000152587891,115227583.0
2025-05-12,7.159999847412109,7.28000020980835,7.099999904632568,7.28000020980835,192935476.0
2025-05-13,7.320000171661377,7.429999828338623,7.289999961853027,7.340000152587891,163486675.0
2025-05-14,7.389999866485596,7.440000057220459,7.329999923706055,7.440000057220459,131024232.0
2025-05-15,7.409999847412109,7.420000076293945,7.260000228881836,7.309999942779541,114903916.0
2025-05-16,7.300000190734863,7.369999885559082,7.25,7.320000171661377,73834865.0
2025-05-19,7.289999961853027,7.300000190734863,7.159999847412109,7.190000057220459,87506463.0
2025-05-20,7.199999809265137,7.28000020980835,7.190000057220459,7.260000228881836,89346268.0
2025-05-21,7.300000190734863,7.489999771118164,7.28000020980835,7.480000019073486,180778291.0
2025-05-22,7.400000095367432,7.400000095367432,7.329999923706055,7.349999904632568,81693394.0
2025-05-23,7.329999923706055,7.340000152587891,7.230000019073486,7.230000019073486,133622862.0
2025-05-26,7.309999942779541,7.5,7.309999942779541,7.409999847412109,182620041.0
2025-05-27,7.380000114440918,7.420000076293945,7.150000095367432,7.179999828338623,186374860.0
2025-05-28,7.179999828338623,7.28000020980835,7.179999828338623,7.21999979019165,80690768.0
2025-05-29,7.179999828338623,7.320000171661377,7.170000076293945,7.260000228881836,92464213.0
2025-05-30,7.230000019073486,7.25,7.119999885559082,7.199999809265137,100004015.0
2025-06-03,7.25,7.320000171661377,7.199999809265137,7.230000019073486,123244978.0
2025-06-04,7.28000020980835,7.519999980926514,7.269999980926514,7.380000114440918,240916837.0
2025-06-05,7.369999885559082,7.449999809265137,7.269999980926514,7.300000190734863,139632603.0
2025-06-06,7.380000114440918,7.599999904632568,7.369999885559082,7.590000152587891,301645528.0
2025-06-09,7.539999961853027,7.570000171661377,7.420000076293945,7.5,197717716.0
2025-06-10,7.570000171661377,7.590000152587891,7.449999809265137,7.5,142911316.0
2025-06-11,7.489999771118164,7.760000228881836,7.46999979019165,7.730000019073486,254428478.0
2025-06-12,7.670000076293945,7.869999885559082,7.639999866485596,7.840000152587891,199498850.0
2025-06-13,7.849999904632568,7.929999828338623,7.769999980926514,7.909999847412109,203682510.0
2025-06-16,7.889999866485596,7.980000019073486,7.800000190734863,7.849999904632568,131848126.0
2025-06-17,7.849999904632568,7.889999866485596,7.809999942779541,7.820000171661377,84677066.0
2025-06-18,7.829999923706055,7.860000133514404,7.730000019073486,7.820000171661377,105904777.0
2025-06-19,7.809999942779541,7.860000133514404,7.710000038146973,7.75,105741203.0
2025-06-20,7.769999980926514,7.900000095367432,7.730000019073486,7.78000020980835,125298578.0
2025-06-23,7.809999942779541,7.949999809265137,7.789999961853027,7.849999904632568,122330913.0
2025-06-24,7.880000114440918,8.029999732971191,7.880000114440918,7.889999866485596,182034720.0
2025-06-25,7.900000095367432,7.940000057220459,7.869999885559082,7.929999828338623,110833677.0
2025-06-26,8.0,8.229999542236328,7.949999809265137,8.149999618530273,214137812.0
2025-06-27,8.09000015258789,8.420000076293945,8.020000457763672,8.300000190734863,402167801.0
2025-06-30,8.300000190734863,8.4399995803833,8.239999771118164,8.420000076293945,200819231.0
2025-07-01,8.520000457763672,8.529999732971191,8.300000190734863,8.520000457763672,157248360.0
2025-07-02,8.5,8.720000267028809,8.449999809265137,8.640000343322754,218977845.0
2025-07-03,8.710000038146973,8.720000267028809,8.539999961853027,8.65999984741211,143580823.0
2025-07-04,8.550000190734863,8.680000305175781,8.40999984741211,8.539999961853027,194120668.0
2025-07-07,8.430000305175781,8.529999732971191,8.390000343322754,8.420000076293945,115751364.0
2025-07-08,8.489999771118164,8.579999923706055,8.420000076293945,8.539999961853027,115787227.0
2025-07-09,8.65999984741211,8.65999984741211,8.029999732971191,8.0600004196167,438653358.0
2025-07-10,8.020000457763672,8.119999885559082,8.020000457763672,8.069999694824219,184057531.0
2025-07-11,8.109999656677246,8.300000190734863,8.079999923706055,8.119999885559082,221188752.0
2025-07-14,8.130000114440918,8.1899995803833,8.100000381469727,8.100000381469727,157467491.0
2025-07-15,8.170000076293945,8.229999542236328,8.020000457763672,8.100000381469727,165297751.0
2025-07-16,8.140000343322754,8.199999809265137,8.09000015258789,8.109999656677246,101148304.0
2025-07-17,8.109999656677246,8.130000114440918,8.050000190734863,8.09000015258789,103875560.0
2025-07-18,8.119999885559082,8.300000190734863,8.079999923706055,8.210000038146973,217265416.0
2025-07-21,8.260000228881836,8.710000038146973,8.260000228881836,8.630000114440918,326808628.0
2025-07-22,8.630000114440918,9.069999694824219,8.59000015258789,9.0600004196167,359138296.0
2025-07-23,9.100000381469727,9.109999656677246,8.899999618530273,9.0,228621569.0
2025-07-24,9.0,9.399999618530273,8.979999542236328,9.3100004196167,318152582.0
2025-07-25,9.239999771118164,9.319999694824219,9.130000114440918,9.210000038146973,181886113.0
2025-07-28,9.109999656677246,9.199999809265137,8.90999984741211,9.15999984741211,188126237.0
2025-07-29,9.119999885559082,9.25,9.079999923706055,9.25,145316887.0
2025-07-30,9.350000381469727,9.510000228881836,9.270000457763672,9.34000015258789,213798909.0
2025-07-31,9.0600004196167,9.210000038146973,8.869999885559082,8.9399995803833,246755596.0
2025-08-01,8.890000343322754,9.050000190734863,8.850000381469727,8.979999542236328,140853390.0
2025-08-04,8.970000267028809,9.279999732971191,8.960000038146973,9.260000228881836,188127632.0
2025-08-05,9.270000457763672,9.399999618530273,9.15999984741211,9.380000114440918,171291420.0
2025-08-06,9.319999694824219,9.550000190734863,9.319999694824219,9.510000228881836,153228078.0
2025-08-07,9.550000190734863,9.579999923706055,9.300000190734863,9.479999542236328,127538179.0
2025-08-08,9.5,9.880000114440918,9.489999771118164,9.760000228881836,193593700.0
2025-08-11,9.880000114440918,9.890000343322754,9.710000038146973,9.819999694824219,162415841.0
2025-08-12,9.789999961853027,10.0,9.699999809265137,9.850000381469727,117878385.0
2025-08-13,9.960000038146973,10.640000343322754,9.9399995803833,10.59000015258789,290351266.0
2025-08-14,10.600000381469727,10.899999618530273,10.579999923706055,10.670000076293945,270536927.0
2025-08-15,10.539999961853027,11.300000190734863,10.520000457763672,11.109999656677246,298272829.0
2025-08-18,11.300000190734863,11.359999656677246,10.75,10.770000457763672,365585661.0
2025-08-19,10.770000457763672,11.050000190734863,10.770000457763672,10.850000381469727,243029686.0
2025-08-20,10.680000305175781,11.029999732971191,10.670000076293945,10.949999809265137,178316729.0
2025-08-21,11.020000457763672,11.25,10.970000267028809,11.0600004196167,180332465.0
2025-08-22,11.09000015258789,11.25,10.970000267028809,11.109999656677246,182615155.0
2025-08-25,11.359999656677246,12.079999923706055,11.300000190734863,12.079999923706055,402373687.0
2025-08-26,12.010000228881836,12.210000038146973,11.779999732971191,12.050000190734863,238854758.0
2025-08-27,12.109999656677246,12.15999984741211,11.710000038146973,11.710000038146973,239615239.0
2025-08-28,11.65999984741211,11.869999885559082,11.470000267028809,11.859999656677246,230368765.0
2025-08-29,11.960000038146973,12.550000190734863,11.859999656677246,12.359999656677246,255283523.0
2025-09-01,12.600000381469727,13.569999694824219,12.229999542236328,13.529999732971191,369215674.0
2025-09-02,13.600000381469727,14.100000381469727,13.350000381469727,13.819999694824219,434837559.0
2025-09-03,13.970000267028809,14.100000381469727,13.199999809265137,13.649999618530273,342130192.0
2025-09-04,13.600000381469727,13.770000457763672,12.289999961853027,12.4399995803833,528559944.0
2025-09-05,12.300000190734863,12.970000267028809,12.289999961853027,12.899999618530273,326934398.0
2025-09-08,13.0,13.100000381469727,12.430000305175781,12.550000190734863,289812382.0
2025-09-09,12.489999771118164,12.90999984741211,12.40999984741211,12.579999923706055,265453176.0
2025-09-10,12.350000381469727,12.609999656677246,12.239999771118164,12.510000228881836,183056921.0
2025-09-11,12.5600004196167,13.0,12.5,13.0,246496935.0
2025-09-12,13.100000381469727,13.729999542236328,13.010000228881836,13.420000076293945,329016664.0
2025-09-15,13.430000305175781,13.550000190734863,13.270000457763672,13.350000381469727,182197983.0
2025-09-16,13.569999694824219,13.630000114440918,12.6899995803833,12.989999771118164,308080552.0
2025-09-17,12.850000381469727,12.920000076293945,12.649999618530273,12.800000190734863,235302841.0
2025-09-18,12.600000381469727,12.760000228881836,12.270000457763672,12.380000114440918,266421267.0
2025-09-19,12.380000114440918,12.680000305175781,12.380000114440918,12.510000228881836,168589427.0
2025-09-22,12.979999542236328,13.020000457763672,12.539999961853027,12.710000038146973,194829634.0
2025-09-23,12.75,13.020000457763672,12.270000457763672,12.520000457763672,198204552.0
2025-09-24,12.460000038146973,12.699999809265137,12.34000015258789,12.619999885559082,148634776.0
2025-09-25,13.699999809265137,13.880000114440918,13.479999542236328,13.869999885559082,647552586.0
2025-09-26,13.65999984741211,14.260000228881836,13.630000114440918,13.800000190734863,394469872.0
2025-09-29,13.899999618530273,14.869999885559082,13.720000267028809,14.739999771118164,389771929.0
2025-09-30,15.010000228881836,15.850000381469727,14.739999771118164,15.699999809265137,369887970.0
2025-10-09,16.3700008392334,17.270000457763672,16.0,17.270000457763672,394493174.0
2025-10-10,17.09000015258789,18.0,16.399999618530273,16.719999313354492,452534720.0
2025-10-13,15.510000228881836,17.299999237060547,15.510000228881836,17.239999771118164,414280809.0
2025-10-14,17.799999237060547,17.809999465942383,15.699999809265137,16.010000228881836,439358265.0
2025-10-15,16.25,16.329999923706055,15.479999542236328,16.309999465942383,305389344.0
2025-10-16,16.100000381469727,16.170000076293945,15.5600004196167,15.699999809265137,243426365.0
2025-10-17,15.729999542236328,15.850000381469727,15.0,15.039999961853027,293969379.0
2025-10-20,15.039999961853027,15.350000381469727,14.90999984741211,15.109999656677246,208901413.0
2025-10-21,15.25,15.84000015258789,15.119999885559082,15.449999809265137,215725595.0
2025-10-22,14.850000381469727,15.630000114440918,14.729999542236328,15.539999961853027,200825632.0
2025-10-23,15.510000228881836,15.979999542236328,15.25,15.899999618530273,221668015.0
2025-10-24,16.239999771118164,16.850000381469727,16.18000030517578,16.780000686645508,329217666.0
2025-10-27,17.489999771118164,17.81999969482422,17.0,17.290000915527344,398640937.0
2025-10-28,17.270000457763672,17.350000381469727,16.65999984741211,16.75,280920443.0
2025-10-29,16.979999542236328,17.559999465942383,16.93000030517578,17.549999237060547,283842730.0
2025-10-30,17.389999389648438,18.15999984741211,17.239999771118164,17.600000381469727,308434278.0
2025-10-31,17.59000015258789,17.639999389648438,16.940000534057617,17.040000915527344,202917345.0
2025-11-03,16.850000381469727,17.0,15.899999618530273,16.3700008392334,273989067.0
2025-11-04,16.149999618530273,16.299999237060547,15.5600004196167,15.729999542236328,206562804.0
2025-11-05,15.300000190734863,15.989999771118164,15.100000381469727,15.84000015258789,214436222.0
2025-11-06,15.899999618530273,16.600000381469727,15.899999618530273,16.56999969482422,215998906.0
2025-11-07,16.5,16.780000686645508,16.200000762939453,16.540000915527344,162270549.0
2025-11-10,16.780000686645508,16.959999084472656,16.200000762939453,16.360000610351562,171632625.0
2025-11-11,16.520000457763672,16.6299991607666,16.0,16.110000610351562,135417611.0
2025-11-12,15.989999771118164,16.420000076293945,15.8100004196167,16.079999923706055,166453381.0
2025-11-13,16.229999542236328,17.1200008392334,16.190000534057617,16.84000015258789,305150663.0
2025-11-14,16.610000610351562,17.06999969482422,16.200000762939453,16.780000686645508,198514319.0
2025-11-17,16.5,16.649999618530273,15.9399995803833,16.049999237060547,229867039.0
2025-11-18,15.899999618530273,15.970000267028809,15.329999923706055,15.5600004196167,195440526.0
2025-11-19,15.550000190734863,16.049999237060547,15.5,15.880000114440918,166588500.0
2025-11-20,15.960000038146973,16.1200008392334,15.75,15.789999961853027,111353776.0
2025-11-21,15.399999618530273,15.579999923706055,15.09000015258789,15.180000305175781,162184916.0
2025-11-24,15.3100004196167,15.539999961853027,15.069999694824219,15.350000381469727,162737110.0
2025-11-25,15.699999809265137,16.1299991607666,15.649999618530273,15.970000267028809,195534922.0
2025-11-26,16.079999923706055,16.229999542236328,15.859999656677246,15.979999542236328,153223276.0
2025-11-27,16.09000015258789,16.549999237060547,15.920000076293945,15.949999809265137,165428240.0
2025-11-28,15.949999809265137,16.329999923706055,15.789999961853027,16.229999542236328,148067541.0
2025-12-01,16.959999084472656,17.670000076293945,16.899999618530273,17.290000915527344,377375309.0
2025-12-02,17.190000534057617,17.360000610351562,16.979999542236328,17.190000534057617,169316473.0
2025-12-03,17.149999618530273,17.790000915527344,17.049999237060547,17.6200008392334,249157768.0
2025-12-04,18.399999618530273,18.65999984741211,17.790000915527344,17.899999618530273,290205313.0
2025-12-05,17.8799991607666,18.549999237060547,17.8700008392334,18.420000076293945,242491180.0
2025-12-08,18.43000030517578,18.780000686645508,17.950000762939453,18.690000534057617,251207113.0
2025-12-09,18.389999389648438,18.389999389648438,17.40999984741211,17.549999237060547,269305897.0
2025-12-10,17.549999237060547,17.790000915527344,17.389999389648438,17.6299991607666,157598078.0
2025-12-11,17.829999923706055,18.149999618530273,17.3799991607666,17.459999084472656,207752455.0
2025-12-12,17.850000381469727,17.93000030517578,17.389999389648438,17.579999923706055,260422918.0
2025-12-15,17.100000381469727,18.31999969482422,17.100000381469727,17.93000030517578,254516617.0
2025-12-16,18.0,18.350000381469727,17.43000030517578,17.5,212917978.0
2025-12-17,17.610000610351562,18.229999542236328,17.56999969482422,18.0,190692537.0
2025-12-18,17.899999618530273,18.350000381469727,17.799999237060547,17.889999389648438,141940484.0
2025-12-19,17.950000762939453,18.360000610351562,17.559999465942383,18.360000610351562,212376436.0
2025-12-22,18.5,18.8700008392334,18.3700008392334,18.6200008392334,203565376.0
2025-12-23,18.719999313354492,19.110000610351562,18.31999969482422,18.549999237060547,212167806.0
2025-12-24,18.75,18.84000015258789,18.350000381469727,18.68000030517578,162996180.0
2025-12-25,18.450000762939453,18.75,18.209999084472656,18.700000762939453,138439146.0
2025-12-26,19.040000915527344,19.989999771118164,18.979999542236328,19.75,258406453.0
2025-12-29,20.059999465942383,20.15999984741211,18.780000686645508,18.8799991607666,339263345.0
2025-12-30,18.270000457763672,19.549999237060547,18.209999084472656,19.520000457763672,232214523.0
2025-12-31,19.510000228881836,20.469999313354492,19.3799991607666,20.0,250381667.0
2026-01-05,20.200000762939453,20.549999237060547,19.8700008392334,20.440000534057617,223048045.0
2026-01-06,20.790000915527344,22.030000686645508,20.700000762939453,21.68000030517578,272232975.0
2026-01-07,21.899999618530273,22.459999084472656,21.5,21.969999313354492,269369315.0
2026-01-08,21.549999237060547,22.399999618530273,21.290000915527344,21.68000030517578,215982051.0
2026-01-09,21.450000762939453,22.889999389648438,21.350000381469727,22.780000686645508,258307552.0
2026-01-12,23.200000762939453,23.329999923706055,22.299999237060547,22.690000534057617,299668151.0
2026-01-13,22.6299991607666,23.260000228881836,22.360000610351562,22.799999237060547,239923628.0
2026-01-14,22.850000381469727,23.940000534057617,22.850000381469727,23.299999237060547,281459116.0
2026-01-15,23.299999237060547,24.549999237060547,23.200000762939453,24.049999237060547,305593872.0
2026-01-16,24.170000076293945,25.09000015258789,24.149999618530273,24.25,330420149.0
2026-01-19,24.270000457763672,24.3700008392334,22.860000610351562,23.309999465942383,327015400.0
2026-01-20,23.329999923706055,23.600000381469727,22.280000686645508,23.06999969482422,310074383.0
2026-01-21,22.8799991607666,23.270000457763672,22.549999237060547,23.229999542236328,220745406.0
2026-01-22,23.18000030517578,23.18000030517578,22.530000686645508,22.700000762939453,219224692.0
2026-01-23,22.989999771118164,23.040000915527344,22.510000228881836,22.760000228881836,250439708.0
2026-01-26,23.65999984741211,24.940000534057617,23.5,24.65999984741211,473163858.0
2026-01-27,24.420000076293945,25.799999237060547,23.799999237060547,24.479999542236328,454561623.0
2026-01-28,24.8799991607666,26.889999389648438,24.3700008392334,26.8799991607666,499425169.0
2026-01-29,27.56999969482422,28.780000686645508,25.399999618530273,27.030000686645508,650043802.0
2026-01-30,25.700000762939453,25.979999542236328,24.329999923706055,24.329999923706055,497696281.0
2026-02-02,21.899999618530273,23.700000762939453,21.899999618530273,22.09000015258789,535622910.0
2026-02-03,22.780000686645508,23.329999923706055,22.149999618530273,23.1299991607666,407562716.0
2026-02-04,24.049999237060547,24.049999237060547,23.270000457763672,23.670000076293945,246990641.0
2026-02-05,23.040000915527344,23.3799991607666,21.6200008392334,22.170000076293945,330634854.0
2026-02-06,21.0,22.3700008392334,20.860000610351562,21.989999771118164,278515433.0
2026-02-09,22.459999084472656,22.5,22.0,22.420000076293945,189989202.0
2026-02-10,22.489999771118164,23.0,22.329999923706055,22.549999237060547,169334753.0
2026-02-11,22.5,23.549999237060547,22.479999542236328,23.209999084472656,247403564.0
2026-02-12,23.200000762939453,23.639999389648438,23.030000686645508,23.15999984741211,219336425.0
2026-02-13,22.5,22.889999389648438,21.93000030517578,21.979999542236328,280186393.0
2026-02-24,22.950000762939453,23.18000030517578,22.700000762939453,22.860000610351562,220547310.0
2026-02-25,23.0,23.860000610351562,22.829999923706055,23.450000762939453,295178065.0
2026-02-26,23.729999542236328,23.75,22.899999618530273,23.030000686645508,253480155.0
2026-02-27,22.950000762939453,24.100000381469727,22.899999618530273,23.989999771118164,338388430.0
2026-03-02,24.399999618530273,24.8799991607666,23.34000015258789,24.799999237060547,464528887.0
2026-03-03,24.299999237060547,24.559999465942383,23.360000610351562,23.479999542236328,343692971.0
2026-03-04,22.540000915527344,23.649999618530273,22.450000762939453,22.989999771118164,218236801.0
2026-03-05,23.3700008392334,23.420000076293945,22.309999465942383,22.6299991607666,227587849.0
2026-03-06,22.25,22.450000762939453,21.68000030517578,22.020000457763672,221250389.0
2026-03-09,21.100000381469727,21.5,20.280000686645508,21.239999771118164,340379059.0
2026-03-10,21.6200008392334,21.950000762939453,21.450000762939453,21.739999771118164,180888421.0
2026-03-11,21.850000381469727,21.959999084472656,21.43000030517578,21.479999542236328,174122320.0
2026-03-12,21.190000534057617,21.3700008392334,20.31999969482422,20.65999984741211,349386224.0
2026-03-13,20.299999237060547,20.700000762939453,19.690000534057617,19.760000228881836,353094242.0
2026-03-16,19.200000762939453,19.579999923706055,18.799999237060547,19.360000610351562,389113131.0
2026-03-17,19.450000762939453,19.969999313354492,19.360000610351562,19.420000076293945,234501032.0
2026-03-18,19.3799991607666,19.540000915527344,19.030000686645508,19.40999984741211,186914403.0
2026-03-19,18.700000762939453,18.899999618530273,17.690000534057617,17.850000381469727,493643605.0
2026-03-20,17.799999237060547,18.270000457763672,17.5,17.549999237060547,304636972.0
2026-03-23,16.989999771118164,17.3700008392334,16.31999969482422,16.489999771118164,418291607.0
2026-03-24,16.90999984741211,17.3799991607666,16.700000762939453,17.3700008392334,363246438.0
2026-03-25,18.020000457763672,18.450000762939453,17.75,17.889999389648438,362107155.0
2026-03-26,17.899999618530273,18.079999923706055,17.399999618530273,17.489999771118164,210678638.0
2026-03-27,17.219999313354492,17.780000686645508,17.209999084472656,17.579999923706055,220251664.0
2026-03-30,17.25,17.450000762939453,16.969999313354492,17.43000030517578,227010235.0
2026-03-31,17.65999984741211,17.790000915527344,17.09000015258789,17.149999618530273,203014510.0
2026-04-01,17.899999618530273,18.3700008392334,17.829999923706055,18.239999771118164,385403523.0
2026-04-02,18.1200008392334,18.200000762939453,17.510000228881836,17.709999084472656,259457255.0
2026-04-03,17.709999084472656,17.799999237060547,17.440000534057617,17.520000457763672,133052210.0
2026-04-07,17.559999465942383,17.690000534057617,17.350000381469727,17.600000381469727,142498488.0
2026-04-08,18.489999771118164,19.290000915527344,18.479999542236328,19.139999389648438,441613557.0
2026-04-09,18.700000762939453,19.280000686645508,18.649999618530273,19.1200008392334,250933007.0
2026-04-10,19.389999389648438,19.43000030517578,18.90999984741211,18.959999084472656,232931280.0
2026-04-13,18.68000030517578,19.030000686645508,18.649999618530273,18.860000610351562,168080633.0
2026-04-14,19.450000762939453,19.780000686645508,19.31999969482422,19.559999465942383,294379752.0
2026-04-15,20.0,20.600000381469727,19.8799991607666,19.969999313354492,360431010.0
2026-04-16,19.979999542236328,20.34000015258789,19.979999542236328,20.290000915527344,216213208.0
2026-04-17,20.020000457763672,20.31999969482422,19.979999542236328,20.229999542236328,163883162.0
2026-04-20,20.18000030517578,20.649999618530273,20.110000610351562,20.239999771118164,214123793.0
2026-04-21,20.149999618530273,20.219999313354492,19.75,20.079999923706055,158394548.0
2026-04-22,19.940000534057617,20.25,19.799999237060547,20.09000015258789,178157007.0
2026-04-23,20.25,20.309999465942383,19.1299991607666,19.360000610351562,261936169.0
2026-04-24,19.079999923706055,19.489999771118164,18.8700008392334,19.3700008392334,181980683.0
2026-04-27,19.299999237060547,19.40999984741211,18.899999618530273,19.0,215012715.0
2026-04-28,18.760000228881836,18.84000015258789,18.329999923706055,18.479999542236328,201501177.0
2026-04-29,18.209999084472656,19.350000381469727,18.170000076293945,19.190000534057617,211651078.0
2026-04-30,19.0,19.0,18.459999084472656,18.6200008392334,228758543.0
2026-05-06,18.899999618530273,19.540000915527344,18.600000381469727,19.479999542236328,312371082.0
2026-05-07,19.899999618530273,20.350000381469727,19.530000686645508,19.860000610351562,323859408.0
2026-05-08,19.600000381469727,20.25,19.420000076293945,20.200000762939453,295986316.0
2026-05-11,20.09000015258789,20.149999618530273,19.739999771118164,20.010000228881836,253470097.0
2026-05-12,20.649999618530273,20.959999084472656,20.31999969482422,20.579999923706055,365787791.0
2026-05-13,20.989999771118164,21.450000762939453,20.719999313354492,20.989999771118164,333395460.0
2026-05-14,20.719999313354492,21.030000686645508,20.030000686645508,20.049999237060547,231447722.0
2026-05-15,19.81999969482422,19.84000015258789,18.579999923706055,18.8799991607666,355348356.0
2026-05-18,18.149999618530273,18.3799991607666,17.809999465942383,18.309999465942383,230984727.0
2026-05-19,18.360000610351562,18.450000762939453,17.8700008392334,18.18000030517578,182096488.0
2026-05-20,17.799999237060547,18.06999969482422,17.56999969482422,17.959999084472656,221947418.0
2026-05-21,18.3799991607666,18.6200008392334,17.600000381469727,17.639999389648438,200852948.0
2026-05-22,17.799999237060547,18.639999389648438,17.56999969482422,18.530000686645508,225811633.0
2026-05-25,18.950000762939453,19.540000915527344,18.899999618530273,19.34000015258789,263302043.0
2026-05-26,19.170000076293945,20.459999084472656,18.809999465942383,20.389999389648438,378798251.0
2026-05-27,20.0,20.15999984741211,19.280000686645508,19.31999969482422,236634021.0
2026-05-28,19.100000381469727,19.100000381469727,18.200000762939453,18.799999237060547,236865427.0
2026-05-29,19.270000457763672,19.31999969482422,18.5,18.510000228881836,225655308.0
2026-06-01,18.549999237060547,18.93000030517578,18.309999465942383,18.420000076293945,161174291.0
2026-06-02,18.709999084472656,19.780000686645508,18.520000457763672,19.739999771118164,352374525.0
2026-06-03,19.530000686645508,20.149999618530273,19.3799991607666,19.889999389648438,291992923.0
2026-06-04,19.479999542236328,19.479999542236328,18.6200008392334,18.739999771118164,250233986.0
2026-06-05,18.600000381469727,19.1299991607666,18.06999969482422,18.190000534057617,219791404.0
2026-06-08,17.100000381469727,17.450000762939453,16.65999984741211,16.889999389648438,274470366.0
2026-06-09,17.0,17.100000381469727,16.31999969482422,17.049999237060547,268533880.0
2026-06-10,16.450000762939453,16.969999313354492,16.18000030517578,16.790000915527344,229722390.0
2026-06-11,16.600000381469727,17.600000381469727,16.40999984741211,17.3700008392334,266563708.0
2026-06-12,18.360000610351562,19.110000610351562,18.0,19.110000610351562,455323977.0
2026-06-15,19.489999771118164,21.0,19.489999771118164,20.920000076293945,731318674.0
2026-06-16,20.399999618530273,20.719999313354492,19.93000030517578,20.030000686645508,508603647.0
2026-06-17,19.829999923706055,20.5,19.579999923706055,20.170000076293945,350521531.0
2026-06-18,19.770000457763672,21.139999389648438,19.709999084472656,20.040000915527344,453558307.0
2026-06-22,20.219999313354492,21.739999771118164,19.639999389648438,21.649999618530273,694728353.0
2026-06-23,21.600000381469727,21.610000610351562,19.489999771118164,19.489999771118164,552668930.0
2026-06-24,18.899999618530273,19.290000915527344,18.3799991607666,18.979999542236328,396962495.0
2026-06-25,18.3799991607666,18.479999542236328,17.93000030517578,18.06999969482422,387119542.0
2026-06-26,18.350000381469727,18.420000076293945,17.15999984741211,17.239999771118164,336797495.0
2026-06-29,17.25,18.200000762939453,17.18000030517578,18.0,312224064.0
2026-06-30,17.600000381469727,17.610000610351562,17.110000610351562,17.549999237060547,243410061.0
2026-07-01,17.3799991607666,17.979999542236328,17.200000762939453,17.729999542236328,256109304.0
2026-07-02,17.920000076293945,18.649999618530273,17.399999618530273,18.290000915527344,437420990.0
2026-07-03,18.799999237060547,19.299999237060547,18.5,18.520000457763672,369606237.0
2026-07-06,18.530000686645508,19.209999084472656,18.280000686645508,18.309999465942383,299603226.0
2026-07-07,18.100000381469727,18.200000762939453,17.600000381469727,17.690000534057617,185116642.0
2026-07-08,17.5,17.959999084472656,17.43000030517578,17.530000686645508,155001231.0
2026-07-09,17.329999923706055,17.579999923706055,16.40999984741211,17.190000534057617,298273569.0
2026-07-10,17.540000915527344,18.100000381469727,17.260000228881836,17.5,260316433.0
2026-07-13,17.239999771118164,17.239999771118164,16.770000457763672,16.860000610351562,192636636.0
2026-07-14,16.799999237060547,18.34000015258789,16.6200008392334,18.209999084472656,313592598.0
2026-07-15,18.219999313354492,18.459999084472656,17.780000686645508,17.90999984741211,254814124.0
2026-07-16,17.780000686645508,18.579999923706055,17.719999313354492,18.200000762939453,256325260.0
2026-07-17,17.84000015258789,17.899999618530273,17.190000534057617,17.40999984741211,213625310.0
2026-07-20,17.700000762939453,18.190000534057617,17.40999984741211,17.989999771118164,259248015.0
2026-07-21,18.399999618530273,18.829999923706055,17.799999237060547,18.68000030517578,324879638.0
2026-07-22,19.0,20.329999923706055,18.899999618530273,19.610000610351562,465912865.0
2026-07-23,19.799999237060547,20.59000015258789,19.299999237060547,20.030000686645508,360488900.0
2026-07-24,19.25,19.799999237060547,18.719999313354492,19.040000915527344,273361305.0
2026-07-27,19.579999923706055,19.579999923706055,18.81999969482422,19.360000610351562,188796481.0
2026-07-28,18.860000610351562,19.18000030517578,18.59000015258789,19.0,168356319.0
2026-07-29,19.020000457763672,19.329999923706055,18.479999542236328,19.079999923706055,187796103.0
2026-07-30,19.100000381469727,19.3799991607666,18.530000686645508,18.959999084472656,185706156.0
2026-07-31,19.200000762939453,19.709999084472656,19.09000015258789,19.520000457763672,228915345.0
2026-08-03,19.510000228881836,19.520000457763672,18.950000762939453,19.18000030517578,160083074.0
2026-08-04,19.18000030517578,19.329999923706055,18.760000228881836,19.190000534057617,184529842.0
2026-08-05,19.420000076293945,20.579999923706055,19.260000228881836,20.469999313354492,390460631.0
2026-08-06,21.0,21.170000076293945,20.229999542236328,20.3700008392334,324131065.0
2026-08-07,20.549999237060547,20.989999771118164,20.209999084472656,20.829999923706055,274754484.0
2026-08-10,20.860000610351562,21.100000381469727,20.31999969482422,20.75,252930018.0
2026-08-11,20.770000457763672,21.030000686645508,19.110000610351562,19.1299991607666,404581900.0
2026-08-12,19.010000228881836,19.540000915527344,18.899999618530273,19.0,250614627.0
2026-08-13,19.0,19.1299991607666,18.299999237060547,18.40999984741211,296896943.0
2026-08-14,18.209999084472656,18.540000915527344,18.15999984741211,18.440000534057617,159521474.0
2026-08-17,18.799999237060547,19.139999389648438,18.719999313354492,19.1299991607666,224477497.0
2026-08-18,18.799999237060547,19.079999923706055,18.600000381469727,18.81999969482422,188805826.0
2026-08-19,18.299999237060547,18.329999923706055,17.90999984741211,18.0,237818655.0
2026-08-20,18.479999542236328,18.950000762939453,18.1299991607666,18.270000457763672,221462996.0
2026-08-21,18.389999389648438,18.729999542236328,18.190000534057617,18.6200008392334,175804884.0
2026-08-24,19.0,19.350000381469727,18.719999313354492,18.989999771118164,300106849.0
2026-08-25,18.799999237060547,18.940000534057617,18.18000030517578,18.420000076293945,186333865.0
2026-08-26,18.559999465942383,19.989999771118164,18.559999465942383,19.59000015258789,466911944.0
2026-08-27,19.229999542236328,19.6299991607666,19.149999618530273,19.510000228881836,258420874.0
2026-08-28,19.5,19.729999542236328,19.110000610351562,19.510000228881836,186902155.0
