case,rule,mode,date,return
full5y,v5,reset_liquidate,2021-08-27,0.0
full5y,v5,reset_liquidate,2021-08-30,0.0
full5y,v5,reset_liquidate,2021-08-31,0.0
full5y,v5,reset_liquidate,2021-09-01,0.0
full5y,v5,reset_liquidate,2021-09-02,0.0
full5y,v5,reset_liquidate,2021-09-03,0.0
full5y,v5,reset_liquidate,2021-09-07,0.0
full5y,v5,reset_liquidate,2021-09-08,0.0
full5y,v5,reset_liquidate,2021-09-09,0.0
full5y,v5,reset_liquidate,2021-09-10,0.0
full5y,v5,reset_liquidate,2021-09-13,0.0
full5y,v5,reset_liquidate,2021-09-14,0.0
full5y,v5,reset_liquidate,2021-09-15,0.0
full5y,v5,reset_liquidate,2021-09-16,0.0
full5y,v5,reset_liquidate,2021-09-17,0.0
full5y,v5,reset_liquidate,2021-09-20,0.0
full5y,v5,reset_liquidate,2021-09-21,0.0
full5y,v5,reset_liquidate,2021-09-22,0.0
full5y,v5,reset_liquidate,2021-09-23,0.0006751727066287572
full5y,v5,reset_liquidate,2021-09-24,-0.006448512492050251
full5y,v5,reset_liquidate,2021-09-27,0.004423871591320627
full5y,v5,reset_liquidate,2021-09-28,0.0001970413283174377
full5y,v5,reset_liquidate,2021-09-29,-0.002163222236242379
full5y,v5,reset_liquidate,2021-09-30,0.003015075376884413
full5y,v5,reset_liquidate,2021-10-01,-0.0024390243902438933
full5y,v5,reset_liquidate,2021-10-04,-0.007300003051757808
full5y,v5,reset_liquidate,2021-10-05,0.0039913750803061586
full5y,v5,reset_liquidate,2021-10-06,-0.0014522837175506397
full5y,v5,reset_liquidate,2021-10-07,0.012315786261307582
full5y,v5,reset_liquidate,2021-10-08,0.0028116214487384104
full5y,v5,reset_liquidate,2021-10-11,-0.0003646252576225195
full5y,v5,reset_liquidate,2021-10-12,-0.0013723695865677898
full5y,v5,reset_liquidate,2021-10-13,0.005473092513412681
full5y,v5,reset_liquidate,2021-10-14,-0.0012313051311001245
full5y,v5,reset_liquidate,2021-10-15,0.0029385532793283708
full5y,v5,reset_liquidate,2021-10-18,0.0018166077005539183
full5y,v5,reset_liquidate,2021-10-19,0.00824129552178512
full5y,v5,reset_liquidate,2021-10-20,0.0011773880318995066
full5y,v5,reset_liquidate,2021-10-21,-0.0005430542912239101
full5y,v5,reset_liquidate,2021-10-22,0.00023401174641131118
full5y,v5,reset_liquidate,2021-10-25,0.0009338497651690148
full5y,v5,reset_liquidate,2021-10-26,-0.006168080330173365
full5y,v5,reset_liquidate,2021-10-27,-0.0030402605102905376
full5y,v5,reset_liquidate,2021-10-28,0.0006779686879303304
full5y,v5,reset_liquidate,2021-10-29,-0.00563973434808559
full5y,v5,reset_liquidate,2021-11-01,0.005263159327554279
full5y,v5,reset_liquidate,2021-11-02,-0.00805084745762713
full5y,v5,reset_liquidate,2021-11-03,0.002211982973160298
full5y,v5,reset_liquidate,2021-11-04,-0.0015329166404384642
full5y,v5,reset_liquidate,2021-11-05,-0.0049450494939517805
full5y,v5,reset_liquidate,2021-11-08,0.002986510966262057
full5y,v5,reset_liquidate,2021-11-09,-0.0024321781450037383
full5y,v5,reset_liquidate,2021-11-10,0.0028763182284005095
full5y,v5,reset_liquidate,2021-11-11,0.011369987512821745
full5y,v5,reset_liquidate,2021-11-12,0.0003347293103589166
full5y,v5,reset_liquidate,2021-11-15,-0.0018348661798489375
full5y,v5,reset_liquidate,2021-11-16,0.003313510303312839
full5y,v5,reset_liquidate,2021-11-17,-0.003289473725487968
full5y,v5,reset_liquidate,2021-11-18,-0.0063775511031579305
full5y,v5,reset_liquidate,2021-11-19,0.0013623978390449932
full5y,v5,reset_liquidate,2021-11-22,-0.0037634381771215917
full5y,v5,reset_liquidate,2021-11-23,-0.0013035395772704518
full5y,v5,reset_liquidate,2021-11-24,0.0008490580432819695
full5y,v5,reset_liquidate,2021-11-26,-0.008325539194425868
full5y,v5,reset_liquidate,2021-11-29,0.0006135683176469175
full5y,v5,reset_liquidate,2021-11-30,0.0
full5y,v5,reset_liquidate,2021-12-01,0.0
full5y,v5,reset_liquidate,2021-12-02,0.0
full5y,v5,reset_liquidate,2021-12-03,0.0
full5y,v5,reset_liquidate,2021-12-06,0.0
full5y,v5,reset_liquidate,2021-12-07,0.0
full5y,v5,reset_liquidate,2021-12-08,0.0
full5y,v5,reset_liquidate,2021-12-09,-0.0024435980224609467
full5y,v5,reset_liquidate,2021-12-10,0.002745483977933971
full5y,v5,reset_liquidate,2021-12-13,-0.0046681357149386486
full5y,v5,reset_liquidate,2021-12-14,-0.000935265328570345
full5y,v5,reset_liquidate,2021-12-15,0.0027780918610421424
full5y,v5,reset_liquidate,2021-12-16,-0.009812950466482628
full5y,v5,reset_liquidate,2021-12-17,0.0022616700527611
full5y,v5,reset_liquidate,2021-12-20,-0.0003791349859946669
full5y,v5,reset_liquidate,2021-12-21,0.0071737093287165266
full5y,v5,reset_liquidate,2021-12-22,0.0009244120149909607
full5y,v5,reset_liquidate,2021-12-23,-0.0024797555798548587
full5y,v5,reset_liquidate,2021-12-27,0.0007931931172296513
full5y,v5,reset_liquidate,2021-12-28,-0.0033552083542858656
full5y,v5,reset_liquidate,2021-12-29,0.0011846666076972268
full5y,v5,reset_liquidate,2021-12-30,-0.0010400588771790065
full5y,v5,reset_liquidate,2021-12-31,-0.0017197274534627494
full5y,v5,reset_liquidate,2022-01-03,-0.0022297665388189116
full5y,v5,reset_liquidate,2022-01-04,-0.010258536520358496
full5y,v5,reset_liquidate,2022-01-05,-0.011631776763448254
full5y,v5,reset_liquidate,2022-01-06,0.0045405895165822165
full5y,v5,reset_liquidate,2022-01-07,0.006002550146946217
full5y,v5,reset_liquidate,2022-01-10,0.00024096017860504305
full5y,v5,reset_liquidate,2022-01-11,0.007477601512437149
full5y,v5,reset_liquidate,2022-01-12,0.0072564849679140455
full5y,v5,reset_liquidate,2022-01-13,-0.012702731760111653
full5y,v5,reset_liquidate,2022-01-14,0.000840819775274515
full5y,v5,reset_liquidate,2022-01-18,-0.012593994692962195
full5y,v5,reset_liquidate,2022-01-19,-0.005386563549346068
full5y,v5,reset_liquidate,2022-01-20,0.009419226802286995
full5y,v5,reset_liquidate,2022-01-21,-0.005734410955871771
full5y,v5,reset_liquidate,2022-01-24,-0.004258051258785023
full5y,v5,reset_liquidate,2022-01-25,-0.006760593784593294
full5y,v5,reset_liquidate,2022-01-26,-0.004868637081682614
full5y,v5,reset_liquidate,2022-01-27,-0.010129021452757302
full5y,v5,reset_liquidate,2022-01-28,0.014251162311491372
full5y,v5,reset_liquidate,2022-01-31,0.025843541452979645
full5y,v5,reset_liquidate,2022-02-01,0.0046141102782761845
full5y,v5,reset_liquidate,2022-02-02,-0.006727646445012558
full5y,v5,reset_liquidate,2022-02-03,-0.027474183795001862
full5y,v5,reset_liquidate,2022-02-04,0.01534430879365083
full5y,v5,reset_liquidate,2022-02-07,-0.0009226527250840277
full5y,v5,reset_liquidate,2022-02-08,0.0033231608218325603
full5y,v5,reset_liquidate,2022-02-09,0.019527828679434013
full5y,v5,reset_liquidate,2022-02-10,-0.013504781667255628
full5y,v5,reset_liquidate,2022-02-11,-0.02362775853389233
full5y,v5,reset_liquidate,2022-02-14,-0.0032420857068217067
full5y,v5,reset_liquidate,2022-02-15,0.016764250887556665
full5y,v5,reset_liquidate,2022-02-16,0.014018979586114422
full5y,v5,reset_liquidate,2022-02-17,-0.021248117879413265
full5y,v5,reset_liquidate,2022-02-18,-0.0028339848502002885
full5y,v5,reset_liquidate,2022-02-22,-0.013308254226869065
full5y,v5,reset_liquidate,2022-02-23,-0.013707759440092337
full5y,v5,reset_liquidate,2022-02-24,0.029941634022192874
full5y,v5,reset_liquidate,2022-02-25,-0.008994145637484541
full5y,v5,reset_liquidate,2022-02-28,0.006219379688044502
full5y,v5,reset_liquidate,2022-03-01,-0.010564988226539184
full5y,v5,reset_liquidate,2022-03-02,0.005731666331558749
full5y,v5,reset_liquidate,2022-03-03,-0.022249341515597088
full5y,v5,reset_liquidate,2022-03-04,-0.01852790963897747
full5y,v5,reset_liquidate,2022-03-07,-0.041462228252992436
full5y,v5,reset_liquidate,2022-03-08,0.0011497043754050585
full5y,v5,reset_liquidate,2022-03-09,0.03467102463460838
full5y,v5,reset_liquidate,2022-03-10,-0.00945790033956997
full5y,v5,reset_liquidate,2022-03-11,-0.016137702445318147
full5y,v5,reset_liquidate,2022-03-14,-0.005226128649590267
full5y,v5,reset_liquidate,2022-03-15,0.012219014026115893
full5y,v5,reset_liquidate,2022-03-16,0.04658501131525583
full5y,v5,reset_liquidate,2022-03-17,-0.0003523786929826689
full5y,v5,reset_liquidate,2022-03-18,0.035559546741743796
full5y,v5,reset_liquidate,2022-03-21,-0.01752062634949767
full5y,v5,reset_liquidate,2022-03-22,0.0366068700772713
full5y,v5,reset_liquidate,2022-03-23,-0.008778741690660397
full5y,v5,reset_liquidate,2022-03-24,0.005388497259365854
full5y,v5,reset_liquidate,2022-03-25,-0.015911713060816835
full5y,v5,reset_liquidate,2022-03-28,0.02542507757178374
full5y,v5,reset_liquidate,2022-03-29,0.01588951154941476
full5y,v5,reset_liquidate,2022-03-30,-0.009256337856246976
full5y,v5,reset_liquidate,2022-03-31,-0.018354307242410196
full5y,v5,reset_liquidate,2022-04-01,0.017602538258522937
full5y,v5,reset_liquidate,2022-04-04,0.02021008709079889
full5y,v5,reset_liquidate,2022-04-05,-0.02724643277117781
full5y,v5,reset_liquidate,2022-04-06,-0.028217942027743005
full5y,v5,reset_liquidate,2022-04-07,0.0006233303246806598
full5y,v5,reset_liquidate,2022-04-08,-0.007598340746179743
full5y,v5,reset_liquidate,2022-04-11,-0.01937920620941167
full5y,v5,reset_liquidate,2022-04-12,0.003776007286518368
full5y,v5,reset_liquidate,2022-04-13,0.015281511128537461
full5y,v5,reset_liquidate,2022-04-14,-0.01861708365758199
full5y,v5,reset_liquidate,2022-04-18,-0.006679531319448051
full5y,v5,reset_liquidate,2022-04-19,0.00524780319721867
full5y,v5,reset_liquidate,2022-04-20,-0.0078009495173982256
full5y,v5,reset_liquidate,2022-04-21,-0.004969230609638798
full5y,v5,reset_liquidate,2022-04-22,-0.007911576346057447
full5y,v5,reset_liquidate,2022-04-25,0.004616021378190826
full5y,v5,reset_liquidate,2022-04-26,-0.019519085912264634
full5y,v5,reset_liquidate,2022-04-27,0.003565951157709346
full5y,v5,reset_liquidate,2022-04-28,0.004016697896795196
full5y,v5,reset_liquidate,2022-04-29,-0.004181202107854975
full5y,v5,reset_liquidate,2022-05-02,0.002504328510437093
full5y,v5,reset_liquidate,2022-05-03,-0.0009456190212897897
full5y,v5,reset_liquidate,2022-05-04,0.0029100760318527376
full5y,v5,reset_liquidate,2022-05-05,-0.004355474310057861
full5y,v5,reset_liquidate,2022-05-06,-0.0009446529870309917
full5y,v5,reset_liquidate,2022-05-09,-0.0036945451927956952
full5y,v5,reset_liquidate,2022-05-10,0.001859556155956854
full5y,v5,reset_liquidate,2022-05-11,-0.003320969279046848
full5y,v5,reset_liquidate,2022-05-12,-0.0019957712274333295
full5y,v5,reset_liquidate,2022-05-13,0.002259639269925384
full5y,v5,reset_liquidate,2022-05-16,0.00014552883345526625
full5y,v5,reset_liquidate,2022-05-17,0.0020344196268522905
full5y,v5,reset_liquidate,2022-05-18,-0.004774756443838712
full5y,v5,reset_liquidate,2022-05-19,-0.0003699631748394272
full5y,v5,reset_liquidate,2022-05-20,-0.0002291229487450308
full5y,v5,reset_liquidate,2022-05-23,0.0032031978207529787
full5y,v5,reset_liquidate,2022-05-24,-0.0003951654722485598
full5y,v5,reset_liquidate,2022-05-25,0.0011170148490201592
full5y,v5,reset_liquidate,2022-05-26,0.0012875228646442194
full5y,v5,reset_liquidate,2022-05-27,0.004230405315745233
full5y,v5,reset_liquidate,2022-05-31,-0.0022410564676106025
full5y,v5,reset_liquidate,2022-06-01,-0.0009727788078103816
full5y,v5,reset_liquidate,2022-06-02,0.010376715233526502
full5y,v5,reset_liquidate,2022-06-03,-0.007751572294754383
full5y,v5,reset_liquidate,2022-06-06,-0.0018183517409255056
full5y,v5,reset_liquidate,2022-06-07,0.003886164016552196
full5y,v5,reset_liquidate,2022-06-08,0.0025165981169850693
full5y,v5,reset_liquidate,2022-06-09,-0.003804377717932084
full5y,v5,reset_liquidate,2022-06-10,-0.012570149267352526
full5y,v5,reset_liquidate,2022-06-13,-0.011691037842629282
full5y,v5,reset_liquidate,2022-06-14,0.001062878398507694
full5y,v5,reset_liquidate,2022-06-15,0.007613943935911216
full5y,v5,reset_liquidate,2022-06-16,-0.011669314779698504
full5y,v5,reset_liquidate,2022-06-17,0.008076800467508605
full5y,v5,reset_liquidate,2022-06-21,0.010190001005630788
full5y,v5,reset_liquidate,2022-06-22,0.003564246878155686
full5y,v5,reset_liquidate,2022-06-23,0.016648127278401682
full5y,v5,reset_liquidate,2022-06-24,0.01634548173718735
full5y,v5,reset_liquidate,2022-06-27,-0.0045894256975792195
full5y,v5,reset_liquidate,2022-06-28,-0.012077410817883771
full5y,v5,reset_liquidate,2022-06-29,-0.0003063912053249851
full5y,v5,reset_liquidate,2022-06-30,-0.006312628456834857
full5y,v5,reset_liquidate,2022-07-01,0.0055585312381704055
full5y,v5,reset_liquidate,2022-07-05,0.012341050270722565
full5y,v5,reset_liquidate,2022-07-06,0.0013293148534655242
full5y,v5,reset_liquidate,2022-07-07,0.009489603379203192
full5y,v5,reset_liquidate,2022-07-08,0.0008517651193323151
full5y,v5,reset_liquidate,2022-07-11,-0.009062569533544073
full5y,v5,reset_liquidate,2022-07-12,-0.009326454090748093
full5y,v5,reset_liquidate,2022-07-13,0.0022362201843154073
full5y,v5,reset_liquidate,2022-07-14,-0.0012406113804903196
full5y,v5,reset_liquidate,2022-07-15,0.006462220470643798
full5y,v5,reset_liquidate,2022-07-18,-0.0033146267035909726
full5y,v5,reset_liquidate,2022-07-19,0.008743652040458494
full5y,v5,reset_liquidate,2022-07-20,0.012152801474621389
full5y,v5,reset_liquidate,2022-07-21,0.00477791595209629
full5y,v5,reset_liquidate,2022-07-22,-0.014576123405546171
full5y,v5,reset_liquidate,2022-07-25,-0.0033992526730326155
full5y,v5,reset_liquidate,2022-07-26,-0.013279628778868202
full5y,v5,reset_liquidate,2022-07-27,0.02106920720004417
full5y,v5,reset_liquidate,2022-07-28,0.0042639915799987495
full5y,v5,reset_liquidate,2022-07-29,0.010130163019288286
full5y,v5,reset_liquidate,2022-08-01,0.0005638798889855857
full5y,v5,reset_liquidate,2022-08-02,0.000652338313404488
full5y,v5,reset_liquidate,2022-08-03,0.01386817039691306
full5y,v5,reset_liquidate,2022-08-04,0.00043940048771523577
full5y,v5,reset_liquidate,2022-08-05,0.0005881856598966562
full5y,v5,reset_liquidate,2022-08-08,0.002193795557494971
full5y,v5,reset_liquidate,2022-08-09,-0.009464131047173318
full5y,v5,reset_liquidate,2022-08-10,0.013693767694748038
full5y,v5,reset_liquidate,2022-08-11,-0.0015068556701539615
full5y,v5,reset_liquidate,2022-08-12,0.01084702134949007
full5y,v5,reset_liquidate,2022-08-15,0.0009817534116230097
full5y,v5,reset_liquidate,2022-08-16,-0.0040200020660128176
full5y,v5,reset_liquidate,2022-08-17,-0.004071082061456332
full5y,v5,reset_liquidate,2022-08-18,-0.0036924328605211
full5y,v5,reset_liquidate,2022-08-19,-0.001676603452033565
full5y,v5,reset_liquidate,2022-08-22,0.0020823030137983923
full5y,v5,reset_liquidate,2022-08-23,-0.0003051696624335909
full5y,v5,reset_liquidate,2022-08-24,0.001224427485044499
full5y,v5,reset_liquidate,2022-08-25,0.014833677261199218
full5y,v5,reset_liquidate,2022-08-26,-0.0023977869997869215
full5y,v5,reset_liquidate,2022-08-29,-0.0028969056639751136
full5y,v5,reset_liquidate,2022-08-30,-0.008072531244201653
full5y,v5,reset_liquidate,2022-08-31,0.006315623897797651
full5y,v5,reset_liquidate,2022-09-01,-0.0034266060942455545
full5y,v5,reset_liquidate,2022-09-02,-0.006213204337382849
full5y,v5,reset_liquidate,2022-09-06,-0.005831817033679243
full5y,v5,reset_liquidate,2022-09-07,0.0002855810868112707
full5y,v5,reset_liquidate,2022-09-08,0.0
full5y,v5,reset_liquidate,2022-09-09,0.0
full5y,v5,reset_liquidate,2022-09-12,0.0
full5y,v5,reset_liquidate,2022-09-13,0.0
full5y,v5,reset_liquidate,2022-09-14,0.0
full5y,v5,reset_liquidate,2022-09-15,0.0
full5y,v5,reset_liquidate,2022-09-16,0.0
full5y,v5,reset_liquidate,2022-09-19,0.0
full5y,v5,reset_liquidate,2022-09-20,0.0
full5y,v5,reset_liquidate,2022-09-21,0.0
full5y,v5,reset_liquidate,2022-09-22,0.0
full5y,v5,reset_liquidate,2022-09-23,0.0
full5y,v5,reset_liquidate,2022-09-26,0.0
full5y,v5,reset_liquidate,2022-09-27,0.0
full5y,v5,reset_liquidate,2022-09-28,0.0
full5y,v5,reset_liquidate,2022-09-29,0.0
full5y,v5,reset_liquidate,2022-09-30,0.0
full5y,v5,reset_liquidate,2022-10-03,0.0
full5y,v5,reset_liquidate,2022-10-04,0.0
full5y,v5,reset_liquidate,2022-10-05,0.0
full5y,v5,reset_liquidate,2022-10-06,0.0
full5y,v5,reset_liquidate,2022-10-07,0.0
full5y,v5,reset_liquidate,2022-10-10,0.0
full5y,v5,reset_liquidate,2022-10-11,0.0
full5y,v5,reset_liquidate,2022-10-12,0.0
full5y,v5,reset_liquidate,2022-10-13,0.0
full5y,v5,reset_liquidate,2022-10-14,-0.01972387435530636
full5y,v5,reset_liquidate,2022-10-17,0.018548621603363326
full5y,v5,reset_liquidate,2022-10-18,0.0003802951783891784
full5y,v5,reset_liquidate,2022-10-19,-0.013982344413236791
full5y,v5,reset_liquidate,2022-10-20,-0.00047175495461944107
full5y,v5,reset_liquidate,2022-10-21,0.008834612356483928
full5y,v5,reset_liquidate,2022-10-24,-0.02636384908084739
full5y,v5,reset_liquidate,2022-10-25,0.012414322686174817
full5y,v5,reset_liquidate,2022-10-26,-0.006607509486069763
full5y,v5,reset_liquidate,2022-10-27,-0.005508077581122239
full5y,v5,reset_liquidate,2022-10-28,0.009045212635684318
full5y,v5,reset_liquidate,2022-10-31,-0.00345623722281273
full5y,v5,reset_liquidate,2022-11-01,-0.003102615995200875
full5y,v5,reset_liquidate,2022-11-02,-0.010344828946187823
full5y,v5,reset_liquidate,2022-11-03,-0.005769242612733571
full5y,v5,reset_liquidate,2022-11-04,0.005608576230622187
full5y,v5,reset_liquidate,2022-11-07,0.0
full5y,v5,reset_liquidate,2022-11-08,0.0017868800499873494
full5y,v5,reset_liquidate,2022-11-09,-0.011980775391914954
full5y,v5,reset_liquidate,2022-11-10,0.017706712260532508
full5y,v5,reset_liquidate,2022-11-11,0.022052318114762583
full5y,v5,reset_liquidate,2022-11-14,0.0005337953867977751
full5y,v5,reset_liquidate,2022-11-15,0.01897084177894972
full5y,v5,reset_liquidate,2022-11-16,-0.012170137404703296
full5y,v5,reset_liquidate,2022-11-17,0.00284552767805345
full5y,v5,reset_liquidate,2022-11-18,-0.01029672113398702
full5y,v5,reset_liquidate,2022-11-21,-0.008154941733035093
full5y,v5,reset_liquidate,2022-11-22,-0.001422487030816666
full5y,v5,reset_liquidate,2022-11-23,0.005896498001877371
full5y,v5,reset_liquidate,2022-11-25,-0.006332974278069103
full5y,v5,reset_liquidate,2022-11-28,7.294576189273983e-05
full5y,v5,reset_liquidate,2022-11-29,0.011685355823771148
full5y,v5,reset_liquidate,2022-11-30,0.018211511298910677
full5y,v5,reset_liquidate,2022-12-01,0.004729834806107414
full5y,v5,reset_liquidate,2022-12-02,0.00818400143749728
full5y,v5,reset_liquidate,2022-12-05,-0.01646890159800265
full5y,v5,reset_liquidate,2022-12-06,0.0009241036684047854
full5y,v5,reset_liquidate,2022-12-07,-0.008167108471751417
full5y,v5,reset_liquidate,2022-12-08,0.012280911274506867
full5y,v5,reset_liquidate,2022-12-09,0.007538973256688486
full5y,v5,reset_liquidate,2022-12-12,-0.0033877600384950466
full5y,v5,reset_liquidate,2022-12-13,-0.00265535121290289
full5y,v5,reset_liquidate,2022-12-14,-0.0042784371280296775
full5y,v5,reset_liquidate,2022-12-15,-0.012462493881007198
full5y,v5,reset_liquidate,2022-12-16,-0.0047556210476764615
full5y,v5,reset_liquidate,2022-12-19,-0.004122331866284024
full5y,v5,reset_liquidate,2022-12-20,-0.005839803397241961
full5y,v5,reset_liquidate,2022-12-21,0.008329791240569739
full5y,v5,reset_liquidate,2022-12-22,-0.004418012092720946
full5y,v5,reset_liquidate,2022-12-23,-0.002276335637646576
full5y,v5,reset_liquidate,2022-12-27,-0.004185246486137129
full5y,v5,reset_liquidate,2022-12-28,-0.0020862693867820027
full5y,v5,reset_liquidate,2022-12-29,0.00800388467306683
full5y,v5,reset_liquidate,2022-12-30,0.002106281298778545
full5y,v5,reset_liquidate,2023-01-03,-0.005577483358000346
full5y,v5,reset_liquidate,2023-01-04,0.008494403313123945
full5y,v5,reset_liquidate,2023-01-05,-0.0013406552680141348
full5y,v5,reset_liquidate,2023-01-06,0.002716468584871112
full5y,v5,reset_liquidate,2023-01-09,6.014068960888963e-05
full5y,v5,reset_liquidate,2023-01-10,0.007251107740259344
full5y,v5,reset_liquidate,2023-01-11,0.0029116531278782
full5y,v5,reset_liquidate,2023-01-12,-0.0008834323748686979
full5y,v5,reset_liquidate,2023-01-13,0.012181590878803817
full5y,v5,reset_liquidate,2023-01-17,-0.004002127141895173
full5y,v5,reset_liquidate,2023-01-18,-0.019301829562553108
full5y,v5,reset_liquidate,2023-01-19,-0.008324783415304137
full5y,v5,reset_liquidate,2023-01-20,0.035753689644188555
full5y,v5,reset_liquidate,2023-01-23,0.02548484635261623
full5y,v5,reset_liquidate,2023-01-24,-0.0019365851461989215
full5y,v5,reset_liquidate,2023-01-25,0.0005019778338304692
full5y,v5,reset_liquidate,2023-01-26,0.02523827275376451
full5y,v5,reset_liquidate,2023-01-27,0.01679564472995314
full5y,v5,reset_liquidate,2023-01-30,-0.029563929886600292
full5y,v5,reset_liquidate,2023-01-31,0.004755081635441349
full5y,v5,reset_liquidate,2023-02-01,0.019059140037159604
full5y,v5,reset_liquidate,2023-02-02,0.00704425746652475
full5y,v5,reset_liquidate,2023-02-03,-0.015254269701252354
full5y,v5,reset_liquidate,2023-02-06,-0.005571069906128679
full5y,v5,reset_liquidate,2023-02-07,0.003940865580137287
full5y,v5,reset_liquidate,2023-02-08,0.0033453241258849962
full5y,v5,reset_liquidate,2023-02-09,0.0018153052851291763
full5y,v5,reset_liquidate,2023-02-10,-0.009207425357664601
full5y,v5,reset_liquidate,2023-02-13,0.0018739410764965659
full5y,v5,reset_liquidate,2023-02-14,0.0003876507934245099
full5y,v5,reset_liquidate,2023-02-15,0.00040560038617505346
full5y,v5,reset_liquidate,2023-02-16,-0.0029633091587358273
full5y,v5,reset_liquidate,2023-02-17,-0.0007841171277746861
full5y,v5,reset_liquidate,2023-02-21,-0.0030060966525144784
full5y,v5,reset_liquidate,2023-02-22,-0.00010000000000001119
full5y,v5,reset_liquidate,2023-02-23,0.0
full5y,v5,reset_liquidate,2023-02-24,0.0
full5y,v5,reset_liquidate,2023-02-27,0.0
full5y,v5,reset_liquidate,2023-02-28,0.0
full5y,v5,reset_liquidate,2023-03-01,0.0
full5y,v5,reset_liquidate,2023-03-02,0.0
full5y,v5,reset_liquidate,2023-03-03,0.0
full5y,v5,reset_liquidate,2023-03-06,0.0
full5y,v5,reset_liquidate,2023-03-07,0.0
full5y,v5,reset_liquidate,2023-03-08,0.0
full5y,v5,reset_liquidate,2023-03-09,0.0
full5y,v5,reset_liquidate,2023-03-10,0.0
full5y,v5,reset_liquidate,2023-03-13,0.0
full5y,v5,reset_liquidate,2023-03-14,0.0
full5y,v5,reset_liquidate,2023-03-15,0.0
full5y,v5,reset_liquidate,2023-03-16,0.0
full5y,v5,reset_liquidate,2023-03-17,0.0
full5y,v5,reset_liquidate,2023-03-20,0.0
full5y,v5,reset_liquidate,2023-03-21,0.0
full5y,v5,reset_liquidate,2023-03-22,0.0
full5y,v5,reset_liquidate,2023-03-23,0.0
full5y,v5,reset_liquidate,2023-03-24,0.0
full5y,v5,reset_liquidate,2023-03-27,-6.64577191686333e-05
full5y,v5,reset_liquidate,2023-03-28,-0.00126349772568779
full5y,v5,reset_liquidate,2023-03-29,0.003079334206671458
full5y,v5,reset_liquidate,2023-03-30,0.0073920104163430755
full5y,v5,reset_liquidate,2023-03-31,0.01659093126877571
full5y,v5,reset_liquidate,2023-04-03,0.004430369043533356
full5y,v5,reset_liquidate,2023-04-04,-0.003932747880175192
full5y,v5,reset_liquidate,2023-04-05,-0.0057938150790863615
full5y,v5,reset_liquidate,2023-04-06,0.0005396671100548423
full5y,v5,reset_liquidate,2023-04-10,0.003638115387587604
full5y,v5,reset_liquidate,2023-04-11,0.0024726074062450753
full5y,v5,reset_liquidate,2023-04-12,-0.0012457448431196006
full5y,v5,reset_liquidate,2023-04-13,0.001536166336011835
full5y,v5,reset_liquidate,2023-04-14,-0.007116514819488495
full5y,v5,reset_liquidate,2023-04-17,0.0015566284897158722
full5y,v5,reset_liquidate,2023-04-18,0.0007511612359413667
full5y,v5,reset_liquidate,2023-04-19,-0.003625053525113575
full5y,v5,reset_liquidate,2023-04-20,-0.0025062100392250542
full5y,v5,reset_liquidate,2023-04-21,0.0017517683558344599
full5y,v5,reset_liquidate,2023-04-24,0.0007843820326134621
full5y,v5,reset_liquidate,2023-04-25,-0.008478076332822793
full5y,v5,reset_liquidate,2023-04-26,0.002053520501258621
full5y,v5,reset_liquidate,2023-04-27,-0.0038763184540968167
full5y,v5,reset_liquidate,2023-04-28,0.0017072674971474245
full5y,v5,reset_liquidate,2023-05-01,-0.008499831868607621
full5y,v5,reset_liquidate,2023-05-02,-0.002176114032141352
full5y,v5,reset_liquidate,2023-05-03,0.00022039175128667486
full5y,v5,reset_liquidate,2023-05-04,0.0007953136824433215
full5y,v5,reset_liquidate,2023-05-05,0.002332974466935922
full5y,v5,reset_liquidate,2023-05-08,0.0019742248752856574
full5y,v5,reset_liquidate,2023-05-09,0.00133943024846207
full5y,v5,reset_liquidate,2023-05-10,0.005494955414782221
full5y,v5,reset_liquidate,2023-05-11,-0.00548742455562432
full5y,v5,reset_liquidate,2023-05-12,-0.0029497823368640043
full5y,v5,reset_liquidate,2023-05-15,-0.003976840381292257
full5y,v5,reset_liquidate,2023-05-16,0.005587458442052951
full5y,v5,reset_liquidate,2023-05-17,0.0031636697011306002
full5y,v5,reset_liquidate,2023-05-18,0.01122999908630531
full5y,v5,reset_liquidate,2023-05-19,-0.003939361666062136
full5y,v5,reset_liquidate,2023-05-22,0.0031728976187818114
full5y,v5,reset_liquidate,2023-05-23,-0.00604975319601706
full5y,v5,reset_liquidate,2023-05-24,0.004367166584109905
full5y,v5,reset_liquidate,2023-05-25,0.0016742110622448235
full5y,v5,reset_liquidate,2023-05-26,0.016247590436893257
full5y,v5,reset_liquidate,2023-05-30,0.02426944691224664
full5y,v5,reset_liquidate,2023-05-31,-0.003757129878477283
full5y,v5,reset_liquidate,2023-06-01,0.0028243017978596074
full5y,v5,reset_liquidate,2023-06-02,0.002903014112913638
full5y,v5,reset_liquidate,2023-06-05,0.0035707708948012453
full5y,v5,reset_liquidate,2023-06-06,0.015012282923980557
full5y,v5,reset_liquidate,2023-06-07,-0.002966571931221118
full5y,v5,reset_liquidate,2023-06-08,0.01768861626393279
full5y,v5,reset_liquidate,2023-06-09,0.005956568028290321
full5y,v5,reset_liquidate,2023-06-12,0.0049810361602714345
full5y,v5,reset_liquidate,2023-06-13,0.014147362134236108
full5y,v5,reset_liquidate,2023-06-14,0.009291705434176012
full5y,v5,reset_liquidate,2023-06-15,0.025741002130942704
full5y,v5,reset_liquidate,2023-06-16,0.005539182879331106
full5y,v5,reset_liquidate,2023-06-20,-0.006137531068809476
full5y,v5,reset_liquidate,2023-06-21,-0.025979657705956127
full5y,v5,reset_liquidate,2023-06-22,0.013991987784389103
full5y,v5,reset_liquidate,2023-06-23,-0.0010160773816908053
full5y,v5,reset_liquidate,2023-06-26,-0.00382186577195649
full5y,v5,reset_liquidate,2023-06-27,0.0020908730421051345
full5y,v5,reset_liquidate,2023-06-28,0.0034419476904526737
full5y,v5,reset_liquidate,2023-06-29,-0.0006104381887382382
full5y,v5,reset_liquidate,2023-06-30,0.004499109499848042
full5y,v5,reset_liquidate,2023-07-03,-0.0005331443840747907
full5y,v5,reset_liquidate,2023-07-05,0.001057667634429893
full5y,v5,reset_liquidate,2023-07-06,-0.0006606514856712265
full5y,v5,reset_liquidate,2023-07-07,-0.001355360775907266
full5y,v5,reset_liquidate,2023-07-10,-0.0007743545285504138
full5y,v5,reset_liquidate,2023-07-11,-0.00014671850152854217
full5y,v5,reset_liquidate,2023-07-12,0.002294996432037233
full5y,v5,reset_liquidate,2023-07-13,0.003044728367245142
full5y,v5,reset_liquidate,2023-07-14,-0.001127696997732086
full5y,v5,reset_liquidate,2023-07-17,0.001983938350837988
full5y,v5,reset_liquidate,2023-07-18,0.009479363687843434
full5y,v5,reset_liquidate,2023-07-19,-0.0006391245008099622
full5y,v5,reset_liquidate,2023-07-20,-0.01072312943818815
full5y,v5,reset_liquidate,2023-07-21,-0.0031615529064118464
full5y,v5,reset_liquidate,2023-07-24,0.0005933074336978983
full5y,v5,reset_liquidate,2023-07-25,0.001544504484809761
full5y,v5,reset_liquidate,2023-07-26,-0.004939816402651909
full5y,v5,reset_liquidate,2023-07-27,-0.004334824781887137
full5y,v5,reset_liquidate,2023-07-28,0.0027910052032474875
full5y,v5,reset_liquidate,2023-07-31,-0.0007240540605867318
full5y,v5,reset_liquidate,2023-08-01,0.00012502467652069081
full5y,v5,reset_liquidate,2023-08-02,-0.002628291738758848
full5y,v5,reset_liquidate,2023-08-03,-0.00025648743141698516
full5y,v5,reset_liquidate,2023-08-04,0.0003428626414716973
full5y,v5,reset_liquidate,2023-08-07,0.0007108385444331234
full5y,v5,reset_liquidate,2023-08-08,-0.001229892380949915
full5y,v5,reset_liquidate,2023-08-09,-0.00117159237836445
full5y,v5,reset_liquidate,2023-08-10,0.0002172304458267327
full5y,v5,reset_liquidate,2023-08-11,-0.0005945508171128156
full5y,v5,reset_liquidate,2023-08-14,0.0009438954198061067
full5y,v5,reset_liquidate,2023-08-15,-0.0006727635896408679
full5y,v5,reset_liquidate,2023-08-16,-0.0004536107380615939
full5y,v5,reset_liquidate,2023-08-17,-0.0010986233085912955
full5y,v5,reset_liquidate,2023-08-18,-0.004263734694173571
full5y,v5,reset_liquidate,2023-08-21,0.011015456922322198
full5y,v5,reset_liquidate,2023-08-22,0.004825484237337396
full5y,v5,reset_liquidate,2023-08-23,0.0007369048250304821
full5y,v5,reset_liquidate,2023-08-24,-0.004583587914010356
full5y,v5,reset_liquidate,2023-08-25,0.00030156736242021865
full5y,v5,reset_liquidate,2023-08-28,0.0019204152514135987
full5y,v5,reset_liquidate,2023-08-29,0.003352611309294806
full5y,v5,reset_liquidate,2023-08-30,0.0006588649990350026
full5y,v5,reset_liquidate,2023-08-31,-0.0033573468068047287
full5y,v5,reset_liquidate,2023-09-01,-0.0009209794237970192
full5y,v5,reset_liquidate,2023-09-05,0.00010915336099743822
full5y,v5,reset_liquidate,2023-09-06,-0.002410852008605391
full5y,v5,reset_liquidate,2023-09-07,0.0007015651852750326
full5y,v5,reset_liquidate,2023-09-08,0.0044888581705436305
full5y,v5,reset_liquidate,2023-09-11,0.0019314559966605693
full5y,v5,reset_liquidate,2023-09-12,-0.0043178183117324135
full5y,v5,reset_liquidate,2023-09-13,0.003583137988901963
full5y,v5,reset_liquidate,2023-09-14,0.0032443947881293012
full5y,v5,reset_liquidate,2023-09-15,-0.0012755517857745645
full5y,v5,reset_liquidate,2023-09-18,-0.010061849840756022
full5y,v5,reset_liquidate,2023-09-19,0.0013128930698545927
full5y,v5,reset_liquidate,2023-09-20,-0.00609987525519502
full5y,v5,reset_liquidate,2023-09-21,-0.009625866649480563
full5y,v5,reset_liquidate,2023-09-22,-0.0005785369595735612
full5y,v5,reset_liquidate,2023-09-25,-0.0016262691716653732
full5y,v5,reset_liquidate,2023-09-26,-0.0035479473224998004
full5y,v5,reset_liquidate,2023-09-27,0.0018731490589915189
full5y,v5,reset_liquidate,2023-09-28,0.00354675888059468
full5y,v5,reset_liquidate,2023-09-29,0.004776467071601865
full5y,v5,reset_liquidate,2023-10-02,0.000888098673244564
full5y,v5,reset_liquidate,2023-10-03,-0.004410432728773073
full5y,v5,reset_liquidate,2023-10-04,0.005052601525744604
full5y,v5,reset_liquidate,2023-10-05,-0.0022371870742993625
full5y,v5,reset_liquidate,2023-10-06,0.009813358629735069
full5y,v5,reset_liquidate,2023-10-09,-1.8689650547065727e-05
full5y,v5,reset_liquidate,2023-10-10,0.004165833633644622
full5y,v5,reset_liquidate,2023-10-11,0.002008129660780822
full5y,v5,reset_liquidate,2023-10-12,-0.012016008882626073
full5y,v5,reset_liquidate,2023-10-13,-0.011299028457485816
full5y,v5,reset_liquidate,2023-10-16,0.0036713091377891917
full5y,v5,reset_liquidate,2023-10-17,-0.006892092131124505
full5y,v5,reset_liquidate,2023-10-18,-0.013868754299939823
full5y,v5,reset_liquidate,2023-10-19,-0.007161651382923162
full5y,v5,reset_liquidate,2023-10-20,-0.015934589294816857
full5y,v5,reset_liquidate,2023-10-23,0.004654423040024791
full5y,v5,reset_liquidate,2023-10-24,0.014282271564911464
full5y,v5,reset_liquidate,2023-10-25,-0.017058294457931368
full5y,v5,reset_liquidate,2023-10-26,-0.012312481092478466
full5y,v5,reset_liquidate,2023-10-27,0.0039262038580218815
full5y,v5,reset_liquidate,2023-10-30,0.00906585734619143
full5y,v5,reset_liquidate,2023-10-31,-0.0028814658563175665
full5y,v5,reset_liquidate,2023-11-01,0.002390325312753594
full5y,v5,reset_liquidate,2023-11-02,0.0039815985492115845
full5y,v5,reset_liquidate,2023-11-03,0.02110639584670877
full5y,v5,reset_liquidate,2023-11-06,-0.008529670062336436
full5y,v5,reset_liquidate,2023-11-07,0.01298053621695745
full5y,v5,reset_liquidate,2023-11-08,-0.004824487688821188
full5y,v5,reset_liquidate,2023-11-09,-0.009303467853177238
full5y,v5,reset_liquidate,2023-11-10,0.007932377670386792
full5y,v5,reset_liquidate,2023-11-13,0.00143100906009751
full5y,v5,reset_liquidate,2023-11-14,0.018272982840863095
full5y,v5,reset_liquidate,2023-11-15,0.011336916329258984
full5y,v5,reset_liquidate,2023-11-16,-0.010205317694008887
full5y,v5,reset_liquidate,2023-11-17,-0.0016890077171754503
full5y,v5,reset_liquidate,2023-11-20,0.016607645292886275
full5y,v5,reset_liquidate,2023-11-21,-0.009026366402940921
full5y,v5,reset_liquidate,2023-11-22,0.0056278944211085365
full5y,v5,reset_liquidate,2023-11-24,0.002960620530744862
full5y,v5,reset_liquidate,2023-11-27,-0.005509087578491811
full5y,v5,reset_liquidate,2023-11-28,-0.0010296401354937812
full5y,v5,reset_liquidate,2023-11-29,-0.0057246125961150866
full5y,v5,reset_liquidate,2023-11-30,0.0056276540634254135
full5y,v5,reset_liquidate,2023-12-01,-0.0010674183890541534
full5y,v5,reset_liquidate,2023-12-04,-0.0026730683826224457
full5y,v5,reset_liquidate,2023-12-05,-0.0019361979938145146
full5y,v5,reset_liquidate,2023-12-06,-0.0007926448722852863
full5y,v5,reset_liquidate,2023-12-07,0.002495753073709839
full5y,v5,reset_liquidate,2023-12-08,0.0035302042455060967
full5y,v5,reset_liquidate,2023-12-11,0.0038763846493356513
full5y,v5,reset_liquidate,2023-12-12,-0.003064413378977915
full5y,v5,reset_liquidate,2023-12-13,0.005963770362133014
full5y,v5,reset_liquidate,2023-12-14,0.007073069503828888
full5y,v5,reset_liquidate,2023-12-15,0.0010283640204974299
full5y,v5,reset_liquidate,2023-12-18,0.0027902561480303567
full5y,v5,reset_liquidate,2023-12-19,0.006316065761137657
full5y,v5,reset_liquidate,2023-12-20,-0.007505657922194864
full5y,v5,reset_liquidate,2023-12-21,0.008324416931180134
full5y,v5,reset_liquidate,2023-12-22,0.002814425667056153
full5y,v5,reset_liquidate,2023-12-26,0.004979840199050023
full5y,v5,reset_liquidate,2023-12-27,0.00353350033585238
full5y,v5,reset_liquidate,2023-12-28,-0.0005945803216854895
full5y,v5,reset_liquidate,2023-12-29,-0.0009776286935259115
full5y,v5,reset_liquidate,2024-01-02,0.0006954319625171124
full5y,v5,reset_liquidate,2024-01-03,-0.0006171899000706693
full5y,v5,reset_liquidate,2024-01-04,-0.0037279382078791003
full5y,v5,reset_liquidate,2024-01-05,0.000416858077434934
full5y,v5,reset_liquidate,2024-01-08,0.004583849948342722
full5y,v5,reset_liquidate,2024-01-09,-0.0109229862438735
full5y,v5,reset_liquidate,2024-01-10,0.0002482618930810143
full5y,v5,reset_liquidate,2024-01-11,0.005299919203927317
full5y,v5,reset_liquidate,2024-01-12,-0.0009319601763883356
full5y,v5,reset_liquidate,2024-01-16,-0.014775135959817876
full5y,v5,reset_liquidate,2024-01-17,-0.012996277826754476
full5y,v5,reset_liquidate,2024-01-18,0.000890985951321388
full5y,v5,reset_liquidate,2024-01-19,0.0013683048477951209
full5y,v5,reset_liquidate,2024-01-22,2.968738510741309e-05
full5y,v5,reset_liquidate,2024-01-23,0.004163571234229657
full5y,v5,reset_liquidate,2024-01-24,0.01082596428536503
full5y,v5,reset_liquidate,2024-01-25,0.005399032534474646
full5y,v5,reset_liquidate,2024-01-26,0.0002933769893749383
full5y,v5,reset_liquidate,2024-01-29,0.005350959106493214
full5y,v5,reset_liquidate,2024-01-30,-0.00478372723352759
full5y,v5,reset_liquidate,2024-01-31,-0.003856545084009677
full5y,v5,reset_liquidate,2024-02-01,0.00015324454461987936
full5y,v5,reset_liquidate,2024-02-02,-0.00019816769062771522
full5y,v5,reset_liquidate,2024-02-05,-0.0038729758091203604
full5y,v5,reset_liquidate,2024-02-06,0.0036154550692260035
full5y,v5,reset_liquidate,2024-02-07,0.001996487794916202
full5y,v5,reset_liquidate,2024-02-08,-0.005802938593818618
full5y,v5,reset_liquidate,2024-02-09,-0.004618405225141143
full5y,v5,reset_liquidate,2024-02-12,-0.0019760573248778445
full5y,v5,reset_liquidate,2024-02-13,-0.0027498036096624046
full5y,v5,reset_liquidate,2024-02-14,0.00525430704992087
full5y,v5,reset_liquidate,2024-02-15,0.0017235055064127702
full5y,v5,reset_liquidate,2024-02-16,-0.0022173826222594783
full5y,v5,reset_liquidate,2024-02-20,-0.0018247102627435452
full5y,v5,reset_liquidate,2024-02-21,-0.00046094529970204247
full5y,v5,reset_liquidate,2024-02-22,0.004991801904215198
full5y,v5,reset_liquidate,2024-02-23,-0.0011525999235800666
full5y,v5,reset_liquidate,2024-02-26,1.8513210636661447e-05
full5y,v5,reset_liquidate,2024-02-27,0.002371052714936028
full5y,v5,reset_liquidate,2024-02-28,-0.0008037045775349694
full5y,v5,reset_liquidate,2024-02-29,0.0025316492277693394
full5y,v5,reset_liquidate,2024-03-01,0.003173072717783709
full5y,v5,reset_liquidate,2024-03-04,-0.0007063166173069014
full5y,v5,reset_liquidate,2024-03-05,-0.005771292249858451
full5y,v5,reset_liquidate,2024-03-06,-0.0002744121171567304
full5y,v5,reset_liquidate,2024-03-07,0.003563647569358075
full5y,v5,reset_liquidate,2024-03-08,-0.0013201000275995579
full5y,v5,reset_liquidate,2024-03-11,-0.0010616619238793313
full5y,v5,reset_liquidate,2024-03-12,0.004348999150059018
full5y,v5,reset_liquidate,2024-03-13,-0.00031008662697611377
full5y,v5,reset_liquidate,2024-03-14,0.003022097128221768
full5y,v5,reset_liquidate,2024-03-15,-0.004258017693607974
full5y,v5,reset_liquidate,2024-03-18,0.006884942630070801
full5y,v5,reset_liquidate,2024-03-19,0.0009199456966069164
full5y,v5,reset_liquidate,2024-03-20,0.0031891457765520713
full5y,v5,reset_liquidate,2024-03-21,-0.0005862376429697335
full5y,v5,reset_liquidate,2024-03-22,0.002852083948414097
full5y,v5,reset_liquidate,2024-03-25,-0.0019233217482296672
full5y,v5,reset_liquidate,2024-03-26,0.0003973482624812563
full5y,v5,reset_liquidate,2024-03-27,-0.0024160991544916245
full5y,v5,reset_liquidate,2024-03-28,-0.0011392480396961613
full5y,v5,reset_liquidate,2024-04-01,0.00508566570982647
full5y,v5,reset_liquidate,2024-04-02,-0.001351607594157489
full5y,v5,reset_liquidate,2024-04-03,0.0025818165896726807
full5y,v5,reset_liquidate,2024-04-04,-0.0054986772954861984
full5y,v5,reset_liquidate,2024-04-05,0.006222180635687291
full5y,v5,reset_liquidate,2024-04-08,0.00010108008647303768
full5y,v5,reset_liquidate,2024-04-09,-9.657780406835403e-05
full5y,v5,reset_liquidate,2024-04-10,-0.0009407262166612806
full5y,v5,reset_liquidate,2024-04-11,0.004846546204319258
full5y,v5,reset_liquidate,2024-04-12,-0.0034092726804772267
full5y,v5,reset_liquidate,2024-04-15,-0.006294909188095587
full5y,v5,reset_liquidate,2024-04-16,0.0016381749705633108
full5y,v5,reset_liquidate,2024-04-17,-0.0011859634636087746
full5y,v5,reset_liquidate,2024-04-18,-0.004671909824278264
full5y,v5,reset_liquidate,2024-04-19,-0.007652765361515967
full5y,v5,reset_liquidate,2024-04-22,-0.006365330886890841
full5y,v5,reset_liquidate,2024-04-23,0.008257700960555359
full5y,v5,reset_liquidate,2024-04-24,-0.0066428123699995845
full5y,v5,reset_liquidate,2024-04-25,-0.004423856557186301
full5y,v5,reset_liquidate,2024-04-26,0.013199024792029824
full5y,v5,reset_liquidate,2024-04-29,-0.010491236141343752
full5y,v5,reset_liquidate,2024-04-30,-0.012519214426814095
full5y,v5,reset_liquidate,2024-05-01,0.001011280305672202
full5y,v5,reset_liquidate,2024-05-02,0.009411275251693208
full5y,v5,reset_liquidate,2024-05-03,0.012711957939681051
full5y,v5,reset_liquidate,2024-05-06,0.017052290870404652
full5y,v5,reset_liquidate,2024-05-07,-0.003817517741949794
full5y,v5,reset_liquidate,2024-05-08,-0.009270214909992991
full5y,v5,reset_liquidate,2024-05-09,-0.0024983359835148876
full5y,v5,reset_liquidate,2024-05-10,-0.004773836228077599
full5y,v5,reset_liquidate,2024-05-13,0.0015174840523655918
full5y,v5,reset_liquidate,2024-05-14,0.0176771949193519
full5y,v5,reset_liquidate,2024-05-15,0.004082278337724654
full5y,v5,reset_liquidate,2024-05-16,0.0018573325404716457
full5y,v5,reset_liquidate,2024-05-17,0.008311427867398325
full5y,v5,reset_liquidate,2024-05-20,0.011292293348879889
full5y,v5,reset_liquidate,2024-05-21,0.006870228120577693
full5y,v5,reset_liquidate,2024-05-22,-0.0057467821922547735
full5y,v5,reset_liquidate,2024-05-23,-0.008863721740265151
full5y,v5,reset_liquidate,2024-05-24,0.014656706039028623
full5y,v5,reset_liquidate,2024-05-28,-0.00038784203842546773
full5y,v5,reset_liquidate,2024-05-29,-0.005321604470488206
full5y,v5,reset_liquidate,2024-05-30,-0.011592035601378569
full5y,v5,reset_liquidate,2024-05-31,-0.010594929788168362
full5y,v5,reset_liquidate,2024-06-03,0.0010384710876926051
full5y,v5,reset_liquidate,2024-06-04,-0.005822885689187596
full5y,v5,reset_liquidate,2024-06-05,0.017235212416218816
full5y,v5,reset_liquidate,2024-06-06,0.0002747283939658729
full5y,v5,reset_liquidate,2024-06-07,-0.001521180051887272
full5y,v5,reset_liquidate,2024-06-10,-0.0028871686666320784
full5y,v5,reset_liquidate,2024-06-11,0.002935503400487871
full5y,v5,reset_liquidate,2024-06-12,0.013315169306184793
full5y,v5,reset_liquidate,2024-06-13,0.0002982868967423613
full5y,v5,reset_liquidate,2024-06-14,0.002528918724513873
full5y,v5,reset_liquidate,2024-06-17,0.012345761419488399
full5y,v5,reset_liquidate,2024-06-18,-0.002812469434636844
full5y,v5,reset_liquidate,2024-06-20,-0.016207526847935548
full5y,v5,reset_liquidate,2024-06-21,0.005086711706210367
full5y,v5,reset_liquidate,2024-06-24,-0.006811697909628678
full5y,v5,reset_liquidate,2024-06-25,0.009874698464446418
full5y,v5,reset_liquidate,2024-06-26,0.006412270906311346
full5y,v5,reset_liquidate,2024-06-27,0.0032258541643392035
full5y,v5,reset_liquidate,2024-06-28,-0.004731831163538258
full5y,v5,reset_liquidate,2024-07-01,0.015839571030852928
full5y,v5,reset_liquidate,2024-07-02,0.015341471567540132
full5y,v5,reset_liquidate,2024-07-03,0.010730457187769904
full5y,v5,reset_liquidate,2024-07-05,0.010461869312487937
full5y,v5,reset_liquidate,2024-07-08,-0.0016046976053388673
full5y,v5,reset_liquidate,2024-07-09,-0.0004352569753606983
full5y,v5,reset_liquidate,2024-07-10,0.00496113407636356
full5y,v5,reset_liquidate,2024-07-11,-0.02498791157561534
full5y,v5,reset_liquidate,2024-07-12,-0.0020867192669068446
full5y,v5,reset_liquidate,2024-07-15,0.010236497612596273
full5y,v5,reset_liquidate,2024-07-16,0.016107507258018638
full5y,v5,reset_liquidate,2024-07-17,-0.021734735758681657
full5y,v5,reset_liquidate,2024-07-18,-0.013689039872301556
full5y,v5,reset_liquidate,2024-07-19,-0.01193993786686447
full5y,v5,reset_liquidate,2024-07-22,0.010110568700907097
full5y,v5,reset_liquidate,2024-07-23,0.0029433772692060156
full5y,v5,reset_liquidate,2024-07-24,-0.023977019212942586
full5y,v5,reset_liquidate,2024-07-25,-0.0034546432524203198
full5y,v5,reset_liquidate,2024-07-26,0.0005903455605182906
full5y,v5,reset_liquidate,2024-07-29,0.0016016678893135071
full5y,v5,reset_liquidate,2024-07-30,-0.001675681890864189
full5y,v5,reset_liquidate,2024-07-31,0.0017441189648910948
full5y,v5,reset_liquidate,2024-08-01,-0.0060481199250345345
full5y,v5,reset_liquidate,2024-08-02,-0.009828487537332365
full5y,v5,reset_liquidate,2024-08-05,-0.0161323854331513
full5y,v5,reset_liquidate,2024-08-06,0.00736566419974678
full5y,v5,reset_liquidate,2024-08-07,-0.0018444705845496513
full5y,v5,reset_liquidate,2024-08-08,0.022189443008395583
full5y,v5,reset_liquidate,2024-08-09,0.0032329630482842873
full5y,v5,reset_liquidate,2024-08-12,0.002257837748959368
full5y,v5,reset_liquidate,2024-08-13,0.014414428170381988
full5y,v5,reset_liquidate,2024-08-14,-0.004981079242326969
full5y,v5,reset_liquidate,2024-08-15,0.015165753278151572
full5y,v5,reset_liquidate,2024-08-16,0.008440538487977055
full5y,v5,reset_liquidate,2024-08-19,0.011912093589781736
full5y,v5,reset_liquidate,2024-08-20,-0.0027420822967905044
full5y,v5,reset_liquidate,2024-08-21,0.004815740101510435
full5y,v5,reset_liquidate,2024-08-22,-0.010426505826678156
full5y,v5,reset_liquidate,2024-08-23,0.016868655400601694
full5y,v5,reset_liquidate,2024-08-26,-0.006836836582630001
full5y,v5,reset_liquidate,2024-08-27,-0.0004135244120197612
full5y,v5,reset_liquidate,2024-08-28,-0.012406563341301625
full5y,v5,reset_liquidate,2024-08-29,0.01597343771981994
full5y,v5,reset_liquidate,2024-08-30,0.01805358921884357
full5y,v5,reset_liquidate,2024-09-03,-0.01566284729277273
full5y,v5,reset_liquidate,2024-09-04,0.005121290711390026
full5y,v5,reset_liquidate,2024-09-05,-0.006199759996128007
full5y,v5,reset_liquidate,2024-09-06,-0.023791115693195773
full5y,v5,reset_liquidate,2024-09-09,0.016515797249096596
full5y,v5,reset_liquidate,2024-09-10,-0.003042694252692191
full5y,v5,reset_liquidate,2024-09-11,0.010357285814471862
full5y,v5,reset_liquidate,2024-09-12,0.013104912880849662
full5y,v5,reset_liquidate,2024-09-13,0.004554075739284724
full5y,v5,reset_liquidate,2024-09-16,-0.00809880322695844
full5y,v5,reset_liquidate,2024-09-17,0.009282066943848633
full5y,v5,reset_liquidate,2024-09-18,-0.007110019746209328
full5y,v5,reset_liquidate,2024-09-19,0.022633537556344986
full5y,v5,reset_liquidate,2024-09-20,-0.002999609919812818
full5y,v5,reset_liquidate,2024-09-23,0.006674530101831444
full5y,v5,reset_liquidate,2024-09-24,0.04429621750290236
full5y,v5,reset_liquidate,2024-09-25,-0.01163515204752712
full5y,v5,reset_liquidate,2024-09-26,0.019025453896193444
full5y,v5,reset_liquidate,2024-09-27,-0.005221350594467067
full5y,v5,reset_liquidate,2024-09-30,0.002496913643632248
full5y,v5,reset_liquidate,2024-10-01,0.003332461626633143
full5y,v5,reset_liquidate,2024-10-02,0.024217146325439178
full5y,v5,reset_liquidate,2024-10-03,-0.004935593834140694
full5y,v5,reset_liquidate,2024-10-04,0.021530535838565214
full5y,v5,reset_liquidate,2024-10-07,0.0037898814780863654
full5y,v5,reset_liquidate,2024-10-08,-0.01535302895684818
full5y,v5,reset_liquidate,2024-10-09,-0.011347073732489799
full5y,v5,reset_liquidate,2024-10-10,0.003171331592788362
full5y,v5,reset_liquidate,2024-10-11,0.00700702636833801
full5y,v5,reset_liquidate,2024-10-14,0.0035120560684853254
full5y,v5,reset_liquidate,2024-10-15,-0.006314374370626441
full5y,v5,reset_liquidate,2024-10-16,0.00765222790843918
full5y,v5,reset_liquidate,2024-10-17,-0.003092029929602469
full5y,v5,reset_liquidate,2024-10-18,0.009470179341128837
full5y,v5,reset_liquidate,2024-10-21,0.0012937581158934286
full5y,v5,reset_liquidate,2024-10-22,-0.003031560459539062
full5y,v5,reset_liquidate,2024-10-23,-0.007582699741105958
full5y,v5,reset_liquidate,2024-10-24,0.0032824761247035594
full5y,v5,reset_liquidate,2024-10-25,0.0023322459551555095
full5y,v5,reset_liquidate,2024-10-28,-0.007911554007844213
full5y,v5,reset_liquidate,2024-10-29,-0.0023319039521703332
full5y,v5,reset_liquidate,2024-10-30,0.005781204814953434
full5y,v5,reset_liquidate,2024-10-31,-0.015123697181305218
full5y,v5,reset_liquidate,2024-11-01,0.008566035386135595
full5y,v5,reset_liquidate,2024-11-04,-0.006819148781166473
full5y,v5,reset_liquidate,2024-11-05,0.006536826823749675
full5y,v5,reset_liquidate,2024-11-06,0.0209973531022833
full5y,v5,reset_liquidate,2024-11-07,0.019074664538949838
full5y,v5,reset_liquidate,2024-11-08,0.06107604603198352
full5y,v5,reset_liquidate,2024-11-11,0.01222622992114183
full5y,v5,reset_liquidate,2024-11-12,-0.0016112793270926184
full5y,v5,reset_liquidate,2024-11-13,-0.0036092435678908076
full5y,v5,reset_liquidate,2024-11-14,-0.0031364477174204318
full5y,v5,reset_liquidate,2024-11-15,-0.00786363763669845
full5y,v5,reset_liquidate,2024-11-18,0.012173436396280036
full5y,v5,reset_liquidate,2024-11-19,0.007385236397214945
full5y,v5,reset_liquidate,2024-11-20,0.016934597210849146
full5y,v5,reset_liquidate,2024-11-21,0.0032114563450125534
full5y,v5,reset_liquidate,2024-11-22,0.017617982684165125
full5y,v5,reset_liquidate,2024-11-25,0.0006265740055033775
full5y,v5,reset_liquidate,2024-11-26,-0.0022580851238974352
full5y,v5,reset_liquidate,2024-11-27,-0.0005728805508959933
full5y,v5,reset_liquidate,2024-11-29,0.017129997077295712
full5y,v5,reset_liquidate,2024-12-02,0.009590455564042644
full5y,v5,reset_liquidate,2024-12-03,-0.0024719498623941515
full5y,v5,reset_liquidate,2024-12-04,0.009304020091479482
full5y,v5,reset_liquidate,2024-12-05,-0.014369186947136448
full5y,v5,reset_liquidate,2024-12-06,0.020589733304997228
full5y,v5,reset_liquidate,2024-12-09,0.0015473637479080926
full5y,v5,reset_liquidate,2024-12-10,-0.0012478147145519758
full5y,v5,reset_liquidate,2024-12-11,0.018525102871860977
full5y,v5,reset_liquidate,2024-12-12,-0.004472694895751317
full5y,v5,reset_liquidate,2024-12-13,-0.0003216507929454604
full5y,v5,reset_liquidate,2024-12-16,0.010974939274703787
full5y,v5,reset_liquidate,2024-12-17,0.0008490157655754116
full5y,v5,reset_liquidate,2024-12-18,-0.02473424163882674
full5y,v5,reset_liquidate,2024-12-19,0.0070754146345057166
full5y,v5,reset_liquidate,2024-12-20,0.001787386480280828
full5y,v5,reset_liquidate,2024-12-23,0.0021447990160566198
full5y,v5,reset_liquidate,2024-12-24,0.005683227002753699
full5y,v5,reset_liquidate,2024-12-26,-0.0009965427106170765
full5y,v5,reset_liquidate,2024-12-27,-0.00571931314331473
full5y,v5,reset_liquidate,2024-12-30,-0.004765945577165742
full5y,v5,reset_liquidate,2024-12-31,0.0027765869489139285
full5y,v5,reset_liquidate,2025-01-02,-0.00012897667546717394
full5y,v5,reset_liquidate,2025-01-03,0.003435026268118069
full5y,v5,reset_liquidate,2025-01-06,0.0046362890574927155
full5y,v5,reset_liquidate,2025-01-07,0.001154843952654705
full5y,v5,reset_liquidate,2025-01-08,-0.009463836881823607
full5y,v5,reset_liquidate,2025-01-10,-0.00743489880777507
full5y,v5,reset_liquidate,2025-01-13,-0.019733074408823315
full5y,v5,reset_liquidate,2025-01-14,-0.0022744679704893023
full5y,v5,reset_liquidate,2025-01-15,0.009065415876335225
full5y,v5,reset_liquidate,2025-01-16,-0.003715623394016665
full5y,v5,reset_liquidate,2025-01-17,0.005749372065669611
full5y,v5,reset_liquidate,2025-01-21,0.0031880008752505516
full5y,v5,reset_liquidate,2025-01-22,0.008723150472537067
full5y,v5,reset_liquidate,2025-01-23,1.968680980533044e-05
full5y,v5,reset_liquidate,2025-01-24,-0.002591417764964521
full5y,v5,reset_liquidate,2025-01-27,-0.023303126166878563
full5y,v5,reset_liquidate,2025-01-28,0.01774266116917005
full5y,v5,reset_liquidate,2025-01-29,-0.0061160169185693666
full5y,v5,reset_liquidate,2025-01-30,0.0038132054205054612
full5y,v5,reset_liquidate,2025-01-31,-0.008162601491699839
full5y,v5,reset_liquidate,2025-02-03,-0.006805475489968915
full5y,v5,reset_liquidate,2025-02-04,0.009737856448763793
full5y,v5,reset_liquidate,2025-02-05,-0.011796325014052422
full5y,v5,reset_liquidate,2025-02-06,0.0038902888214605857
full5y,v5,reset_liquidate,2025-02-07,-0.0002266956314317059
full5y,v5,reset_liquidate,2025-02-10,0.008934514772517721
full5y,v5,reset_liquidate,2025-02-11,-0.0035906133446312327
full5y,v5,reset_liquidate,2025-02-12,0.006037911603502944
full5y,v5,reset_liquidate,2025-02-13,0.001744632217459774
full5y,v5,reset_liquidate,2025-02-14,0.006671218272001423
full5y,v5,reset_liquidate,2025-02-18,0.009455190347323839
full5y,v5,reset_liquidate,2025-02-19,0.0003487134758095922
full5y,v5,reset_liquidate,2025-02-20,-0.0001062857155256891
full5y,v5,reset_liquidate,2025-02-21,0.004972942986118545
full5y,v5,reset_liquidate,2025-02-24,-0.015967310800983757
full5y,v5,reset_liquidate,2025-02-25,-0.0017436540296107417
full5y,v5,reset_liquidate,2025-02-26,-0.00017209359062344553
full5y,v5,reset_liquidate,2025-02-27,-0.01166525776000774
full5y,v5,reset_liquidate,2025-02-28,0.001774451497064633
full5y,v5,reset_liquidate,2025-03-03,-0.0062901586983168944
full5y,v5,reset_liquidate,2025-03-04,0.002702428362374998
full5y,v5,reset_liquidate,2025-03-05,0.020358856130289628
full5y,v5,reset_liquidate,2025-03-06,-0.004001597534852086
full5y,v5,reset_liquidate,2025-03-07,0.0037933495940169148
full5y,v5,reset_liquidate,2025-03-10,-0.006956206284936239
full5y,v5,reset_liquidate,2025-03-11,-0.00714489993234374
full5y,v5,reset_liquidate,2025-03-12,0.005890687885733015
full5y,v5,reset_liquidate,2025-03-13,-0.012545613931746103
full5y,v5,reset_liquidate,2025-03-14,0.0467011568540421
full5y,v5,reset_liquidate,2025-03-17,-0.009603197890689762
full5y,v5,reset_liquidate,2025-03-18,-0.01297928925138433
full5y,v5,reset_liquidate,2025-03-19,0.008958308923035063
full5y,v5,reset_liquidate,2025-03-20,-0.0029307758524714676
full5y,v5,reset_liquidate,2025-03-21,0.003975875202180179
full5y,v5,reset_liquidate,2025-03-24,0.026077437977845053
full5y,v5,reset_liquidate,2025-03-25,0.0026565461228906127
full5y,v5,reset_liquidate,2025-03-26,-0.027038881755492163
full5y,v5,reset_liquidate,2025-03-27,-0.00556562516489425
full5y,v5,reset_liquidate,2025-03-28,-0.015249753739948291
full5y,v5,reset_liquidate,2025-03-31,-0.011608300150032813
full5y,v5,reset_liquidate,2025-04-01,0.006088265862934294
full5y,v5,reset_liquidate,2025-04-02,0.006082692288126612
full5y,v5,reset_liquidate,2025-04-03,-0.009811930185424311
full5y,v5,reset_liquidate,2025-04-04,-0.019596657695204866
full5y,v5,reset_liquidate,2025-04-07,-0.0011658320519105981
full5y,v5,reset_liquidate,2025-04-08,-0.03771686693464217
full5y,v5,reset_liquidate,2025-04-09,0.0933921820984093
full5y,v5,reset_liquidate,2025-04-10,-0.03900900980042711
full5y,v5,reset_liquidate,2025-04-11,0.017173107240058515
full5y,v5,reset_liquidate,2025-04-14,0.0065073753806239145
full5y,v5,reset_liquidate,2025-04-15,0.006860614718551772
full5y,v5,reset_liquidate,2025-04-16,-0.03326565681139444
full5y,v5,reset_liquidate,2025-04-17,-0.0018366823834516043
full5y,v5,reset_liquidate,2025-04-21,-0.010535863047577542
full5y,v5,reset_liquidate,2025-04-22,0.020577487964643582
full5y,v5,reset_liquidate,2025-04-23,0.00830857307812547
full5y,v5,reset_liquidate,2025-04-24,0.010137600788570312
full5y,v5,reset_liquidate,2025-04-25,0.0036969152099899706
full5y,v5,reset_liquidate,2025-04-28,-0.0012810926076618268
full5y,v5,reset_liquidate,2025-04-29,0.0014527518181797316
full5y,v5,reset_liquidate,2025-04-30,0.003160810449629581
full5y,v5,reset_liquidate,2025-05-01,-0.0031942587252721476
full5y,v5,reset_liquidate,2025-05-02,0.014410535250463364
full5y,v5,reset_liquidate,2025-05-05,-0.00526169104586619
full5y,v5,reset_liquidate,2025-05-06,-0.012446191242346671
full5y,v5,reset_liquidate,2025-05-07,-0.0030855610335403295
full5y,v5,reset_liquidate,2025-05-08,0.010358590022423864
full5y,v5,reset_liquidate,2025-05-09,-0.003258713937075586
full5y,v5,reset_liquidate,2025-05-12,0.04306212967437173
full5y,v5,reset_liquidate,2025-05-13,0.016270194353670296
full5y,v5,reset_liquidate,2025-05-14,-0.0019082491277378488
full5y,v5,reset_liquidate,2025-05-15,-0.005101449114440093
full5y,v5,reset_liquidate,2025-05-16,0.004559263169325023
full5y,v5,reset_liquidate,2025-05-19,0.010028276587535023
full5y,v5,reset_liquidate,2025-05-20,0.007956697209310647
full5y,v5,reset_liquidate,2025-05-21,-0.021012213251941237
full5y,v5,reset_liquidate,2025-05-22,0.005541938595106699
full5y,v5,reset_liquidate,2025-05-23,-0.001273265853830452
full5y,v5,reset_liquidate,2025-05-27,0.008373216583523125
full5y,v5,reset_liquidate,2025-05-28,-0.01146774174017522
full5y,v5,reset_liquidate,2025-05-29,0.0035907078337061304
full5y,v5,reset_liquidate,2025-05-30,-0.016744244171001954
full5y,v5,reset_liquidate,2025-06-02,0.0065804264232440565
full5y,v5,reset_liquidate,2025-06-03,0.00887890107175937
full5y,v5,reset_liquidate,2025-06-04,0.005537729288536819
full5y,v5,reset_liquidate,2025-06-05,-0.0025125066689219767
full5y,v5,reset_liquidate,2025-06-06,0.005239135701893172
full5y,v5,reset_liquidate,2025-06-09,0.005391116125977491
full5y,v5,reset_liquidate,2025-06-10,-0.0010129209016800146
full5y,v5,reset_liquidate,2025-06-11,0.0024386608755517904
full5y,v5,reset_liquidate,2025-06-12,-0.0016938088175975086
full5y,v5,reset_liquidate,2025-06-13,-0.010217745083540864
full5y,v5,reset_liquidate,2025-06-16,0.00508894011704567
full5y,v5,reset_liquidate,2025-06-17,-0.00568704151477476
full5y,v5,reset_liquidate,2025-06-18,-0.0035227500951574677
full5y,v5,reset_liquidate,2025-06-20,-0.00039114289236230615
full5y,v5,reset_liquidate,2025-06-23,0.005422599949238771
full5y,v5,reset_liquidate,2025-06-24,0.016772478532923917
full5y,v5,reset_liquidate,2025-06-25,0.0038766261093716057
full5y,v5,reset_liquidate,2025-06-26,0.006241306659110335
full5y,v5,reset_liquidate,2025-06-27,-0.0010765907911864825
full5y,v5,reset_liquidate,2025-06-30,0.0024597063184558675
full5y,v5,reset_liquidate,2025-07-01,-0.0016982959094727246
full5y,v5,reset_liquidate,2025-07-02,0.00618270671684511
full5y,v5,reset_liquidate,2025-07-03,-0.0003322176349127459
full5y,v5,reset_liquidate,2025-07-07,-0.003106651277329631
full5y,v5,reset_liquidate,2025-07-08,0.011697867379285808
full5y,v5,reset_liquidate,2025-07-09,-0.0005567122848697869
full5y,v5,reset_liquidate,2025-07-10,0.0051195302346942586
full5y,v5,reset_liquidate,2025-07-11,-0.0021559080964143828
full5y,v5,reset_liquidate,2025-07-14,0.0018638984744450027
full5y,v5,reset_liquidate,2025-07-15,0.005842745390021132
full5y,v5,reset_liquidate,2025-07-16,-0.00016402739583404324
full5y,v5,reset_liquidate,2025-07-17,0.004110506854790108
full5y,v5,reset_liquidate,2025-07-18,-0.004525098330689092
full5y,v5,reset_liquidate,2025-07-21,0.0015956633040107525
full5y,v5,reset_liquidate,2025-07-22,0.0036206576020349156
full5y,v5,reset_liquidate,2025-07-23,0.009527847744409335
full5y,v5,reset_liquidate,2025-07-24,-0.0009460910573628855
full5y,v5,reset_liquidate,2025-07-25,-0.0017935684136863527
full5y,v5,reset_liquidate,2025-07-28,-0.0007552854823709044
full5y,v5,reset_liquidate,2025-07-29,-0.00700375832299247
full5y,v5,reset_liquidate,2025-07-30,-0.001208311837736975
full5y,v5,reset_liquidate,2025-07-31,-0.01396079803202217
full5y,v5,reset_liquidate,2025-08-01,-0.013784442540813735
full5y,v5,reset_liquidate,2025-08-04,0.010853554420815658
full5y,v5,reset_liquidate,2025-08-05,-0.0014344802183593798
full5y,v5,reset_liquidate,2025-08-06,0.004453781142028634
full5y,v5,reset_liquidate,2025-08-07,0.0005229889007498989
full5y,v5,reset_liquidate,2025-08-08,0.0029341236419549444
full5y,v5,reset_liquidate,2025-08-11,-0.00225920509532892
full5y,v5,reset_liquidate,2025-08-12,0.006123974152294731
full5y,v5,reset_liquidate,2025-08-13,0.006236188001845511
full5y,v5,reset_liquidate,2025-08-14,-0.0034904060758442546
full5y,v5,reset_liquidate,2025-08-15,-3.623446903244787e-06
full5y,v5,reset_liquidate,2025-08-18,0.003017539872731012
full5y,v5,reset_liquidate,2025-08-19,-0.008723888448176864
full5y,v5,reset_liquidate,2025-08-20,0.0012252520418396307
full5y,v5,reset_liquidate,2025-08-21,-0.001222410758411674
full5y,v5,reset_liquidate,2025-08-22,0.00809530050033357
full5y,v5,reset_liquidate,2025-08-25,0.0015341292029576238
full5y,v5,reset_liquidate,2025-08-26,0.0023127265400596287
full5y,v5,reset_liquidate,2025-08-27,-0.007765289317147273
full5y,v5,reset_liquidate,2025-08-28,0.0024224062960179426
full5y,v5,reset_liquidate,2025-08-29,-0.002734333899115371
full5y,v5,reset_liquidate,2025-09-02,0.0010116413563060257
full5y,v5,reset_liquidate,2025-09-03,-0.0015807739088076866
full5y,v5,reset_liquidate,2025-09-04,-0.0012423449053444613
full5y,v5,reset_liquidate,2025-09-05,0.00010244090230425718
full5y,v5,reset_liquidate,2025-09-08,0.005132085067892089
full5y,v5,reset_liquidate,2025-09-09,0.006739581840475961
full5y,v5,reset_liquidate,2025-09-10,0.0008671678738184308
full5y,v5,reset_liquidate,2025-09-11,0.00396321221167667
full5y,v5,reset_liquidate,2025-09-12,-0.002690692329185995
full5y,v5,reset_liquidate,2025-09-15,0.003077904201522075
full5y,v5,reset_liquidate,2025-09-16,-0.0024016989230834064
full5y,v5,reset_liquidate,2025-09-17,0.005827557990814303
full5y,v5,reset_liquidate,2025-09-18,-0.0033789185399766054
full5y,v5,reset_liquidate,2025-09-19,0.0003395527886793648
full5y,v5,reset_liquidate,2025-09-22,0.007169171883640679
full5y,v5,reset_liquidate,2025-09-23,-0.01561894809399882
full5y,v5,reset_liquidate,2025-09-24,-0.0036479918058522575
full5y,v5,reset_liquidate,2025-09-25,0.00016078606609932767
full5y,v5,reset_liquidate,2025-09-26,-0.004045680230963777
full5y,v5,reset_liquidate,2025-09-29,0.006887399094489233
full5y,v5,reset_liquidate,2025-09-30,0.0031534155948865217
full5y,v5,reset_liquidate,2025-10-01,0.009240328658945085
full5y,v5,reset_liquidate,2025-10-02,0.001246425787420502
full5y,v5,reset_liquidate,2025-10-03,-0.00386864245313715
full5y,v5,reset_liquidate,2025-10-06,0.020539890905952575
full5y,v5,reset_liquidate,2025-10-07,-0.008497927495173929
full5y,v5,reset_liquidate,2025-10-08,0.007719915959033474
full5y,v5,reset_liquidate,2025-10-09,-0.00026013451795302566
full5y,v5,reset_liquidate,2025-10-10,-0.03788826873881453
full5y,v5,reset_liquidate,2025-10-13,0.02046609796655855
full5y,v5,reset_liquidate,2025-10-14,-0.006834557771373251
full5y,v5,reset_liquidate,2025-10-15,0.014591841646850989
full5y,v5,reset_liquidate,2025-10-16,-0.006029314636119831
full5y,v5,reset_liquidate,2025-10-17,0.004612737179776926
full5y,v5,reset_liquidate,2025-10-20,0.009906735975250014
full5y,v5,reset_liquidate,2025-10-21,-0.002752617690450254
full5y,v5,reset_liquidate,2025-10-22,-0.020808322371172326
full5y,v5,reset_liquidate,2025-10-23,0.005547762286040115
full5y,v5,reset_liquidate,2025-10-24,0.008865642321797373
full5y,v5,reset_liquidate,2025-10-27,0.012234447585633069
full5y,v5,reset_liquidate,2025-10-28,0.0047670347645776935
full5y,v5,reset_liquidate,2025-10-29,-0.0009699715621051541
full5y,v5,reset_liquidate,2025-10-30,-0.00419690924519669
full5y,v5,reset_liquidate,2025-10-31,0.003942024408067601
full5y,v5,reset_liquidate,2025-11-03,-0.006596210582406026
full5y,v5,reset_liquidate,2025-11-04,-0.015321237345995341
full5y,v5,reset_liquidate,2025-11-05,0.002850942829179437
full5y,v5,reset_liquidate,2025-11-06,-0.003783570887349674
full5y,v5,reset_liquidate,2025-11-07,0.0006424913066863436
full5y,v5,reset_liquidate,2025-11-10,0.007280131070995344
full5y,v5,reset_liquidate,2025-11-11,-0.0014975504914568783
full5y,v5,reset_liquidate,2025-11-12,0.0021844925792981586
full5y,v5,reset_liquidate,2025-11-13,-0.008363575529343258
full5y,v5,reset_liquidate,2025-11-14,-0.0026338137823627593
full5y,v5,reset_liquidate,2025-11-17,-0.0027511435736777834
full5y,v5,reset_liquidate,2025-11-18,0.0012835165737990484
full5y,v5,reset_liquidate,2025-11-19,-0.003709217700467793
full5y,v5,reset_liquidate,2025-11-20,-0.014615724112391492
full5y,v5,reset_liquidate,2025-11-21,0.00449745920987511
full5y,v5,reset_liquidate,2025-11-24,0.011733431082592194
full5y,v5,reset_liquidate,2025-11-25,0.0010504973815981921
full5y,v5,reset_liquidate,2025-11-26,0.014917180400843666
full5y,v5,reset_liquidate,2025-11-28,0.006802060663721077
full5y,v5,reset_liquidate,2025-12-01,-0.006289197114386557
full5y,v5,reset_liquidate,2025-12-02,-0.001480333285230373
full5y,v5,reset_liquidate,2025-12-03,0.0022025180148094515
full5y,v5,reset_liquidate,2025-12-04,0.0056473826994213995
full5y,v5,reset_liquidate,2025-12-05,0.009474953013501753
full5y,v5,reset_liquidate,2025-12-08,0.007397141611889979
full5y,v5,reset_liquidate,2025-12-09,0.009776293564252614
full5y,v5,reset_liquidate,2025-12-10,0.01729564693762926
full5y,v5,reset_liquidate,2025-12-11,0.0043468080846400855
full5y,v5,reset_liquidate,2025-12-12,-0.015569262470956247
full5y,v5,reset_liquidate,2025-12-15,0.0072350401414821965
full5y,v5,reset_liquidate,2025-12-16,0.0007108997006081807
full5y,v5,reset_liquidate,2025-12-17,-0.0017407163033544282
full5y,v5,reset_liquidate,2025-12-18,0.003314147194073036
full5y,v5,reset_liquidate,2025-12-19,0.013142014683673575
full5y,v5,reset_liquidate,2025-12-22,0.00474624287227674
full5y,v5,reset_liquidate,2025-12-23,-0.004473448841811734
full5y,v5,reset_liquidate,2025-12-24,0.0011074763754093664
full5y,v5,reset_liquidate,2025-12-26,-0.003714847156524592
full5y,v5,reset_liquidate,2025-12-29,0.000477864011113327
full5y,v5,reset_liquidate,2025-12-30,-0.0014447669550015862
full5y,v5,reset_liquidate,2025-12-31,-0.006563923596844557
full5y,v5,reset_liquidate,2026-01-02,0.017950782638435036
full5y,v5,reset_liquidate,2026-01-05,0.004445172664822405
full5y,v5,reset_liquidate,2026-01-06,0.010485004578809265
full5y,v5,reset_liquidate,2026-01-07,-0.0037061893377179135
full5y,v5,reset_liquidate,2026-01-08,-0.011046368252364925
full5y,v5,reset_liquidate,2026-01-09,-0.001419169208179205
full5y,v5,reset_liquidate,2026-01-12,0.009133999489923684
full5y,v5,reset_liquidate,2026-01-13,0.009687442238674127
full5y,v5,reset_liquidate,2026-01-14,-0.0022430241797682495
full5y,v5,reset_liquidate,2026-01-15,-0.00029232874431233123
full5y,v5,reset_liquidate,2026-01-16,0.0016241044869099053
full5y,v5,reset_liquidate,2026-01-20,-0.006633180702615138
full5y,v5,reset_liquidate,2026-01-21,0.02233987726453319
full5y,v5,reset_liquidate,2026-01-22,0.007999238437322198
full5y,v5,reset_liquidate,2026-01-23,-0.005548819807852201
full5y,v5,reset_liquidate,2026-01-26,-0.0012983531875916166
full5y,v5,reset_liquidate,2026-01-27,0.0003810578817152632
full5y,v5,reset_liquidate,2026-01-28,0.006771225106946344
full5y,v5,reset_liquidate,2026-01-29,-0.0015905263188149333
full5y,v5,reset_liquidate,2026-01-30,-0.01852650467188305
full5y,v5,reset_liquidate,2026-02-02,-0.011006394351886306
full5y,v5,reset_liquidate,2026-02-03,-0.016070154143750036
full5y,v5,reset_liquidate,2026-02-04,-0.0068875113323705
full5y,v5,reset_liquidate,2026-02-05,-0.006394861181190548
full5y,v5,reset_liquidate,2026-02-06,0.016262849676420933
full5y,v5,reset_liquidate,2026-02-09,0.0038023028627598653
full5y,v5,reset_liquidate,2026-02-10,0.00018803478019243646
full5y,v5,reset_liquidate,2026-02-11,0.000360943733252872
full5y,v5,reset_liquidate,2026-02-12,-0.011060683820456007
full5y,v5,reset_liquidate,2026-02-13,-0.004571650337269051
full5y,v5,reset_liquidate,2026-02-17,0.0009514894570442301
full5y,v5,reset_liquidate,2026-02-18,0.0032487377602767207
full5y,v5,reset_liquidate,2026-02-19,-0.0009341240834552344
full5y,v5,reset_liquidate,2026-02-20,0.00242426722153295
full5y,v5,reset_liquidate,2026-02-23,-0.002912584423668085
full5y,v5,reset_liquidate,2026-02-24,0.0006350830599559099
full5y,v5,reset_liquidate,2026-02-25,0.00387251118738412
full5y,v5,reset_liquidate,2026-02-26,-0.017178666376299077
full5y,v5,reset_liquidate,2026-02-27,0.004654818398397043
full5y,v5,reset_liquidate,2026-03-02,0.005210012200085101
full5y,v5,reset_liquidate,2026-03-03,-0.006068885465582996
full5y,v5,reset_liquidate,2026-03-04,0.007575749236878515
full5y,v5,reset_liquidate,2026-03-05,0.006046531138240141
full5y,v5,reset_liquidate,2026-03-06,-0.003629352456795143
full5y,v5,reset_liquidate,2026-03-09,0.003808440755970033
full5y,v5,reset_liquidate,2026-03-10,-0.004215296417539904
full5y,v5,reset_liquidate,2026-03-11,0.003066021994568713
full5y,v5,reset_liquidate,2026-03-12,-0.0076855018375592945
full5y,v5,reset_liquidate,2026-03-13,-0.001105120565098383
full5y,v5,reset_liquidate,2026-03-16,0.0013474828885363
full5y,v5,reset_liquidate,2026-03-17,0.0012203272123923025
full5y,v5,reset_liquidate,2026-03-18,-0.003918180936826965
full5y,v5,reset_liquidate,2026-03-19,-0.006263992805347318
full5y,v5,reset_liquidate,2026-03-20,-0.012642830972913643
full5y,v5,reset_liquidate,2026-03-23,0.010934741790751734
full5y,v5,reset_liquidate,2026-03-24,-0.013541748931829878
full5y,v5,reset_liquidate,2026-03-25,0.003960718662849527
full5y,v5,reset_liquidate,2026-03-26,-0.008992581165280955
full5y,v5,reset_liquidate,2026-03-27,-0.013030212629587779
full5y,v5,reset_liquidate,2026-03-30,-0.0034422195999590176
full5y,v5,reset_liquidate,2026-03-31,0.01233108823348591
full5y,v5,reset_liquidate,2026-04-01,0.0068775615915798284
full5y,v5,reset_liquidate,2026-04-02,-0.0035408151055096094
full5y,v5,reset_liquidate,2026-04-06,-0.0020809562502856704
full5y,v5,reset_liquidate,2026-04-07,-0.00013028691416211435
full5y,v5,reset_liquidate,2026-04-08,0.002570871174947531
full5y,v5,reset_liquidate,2026-04-09,-0.007093577086290459
full5y,v5,reset_liquidate,2026-04-10,0.003693847741262757
full5y,v5,reset_liquidate,2026-04-13,0.005813771134896606
full5y,v5,reset_liquidate,2026-04-14,0.01850053728461485
full5y,v5,reset_liquidate,2026-04-15,0.02549367854696032
full5y,v5,reset_liquidate,2026-04-16,0.0016646139452313302
full5y,v5,reset_liquidate,2026-04-17,0.001383584569788965
full5y,v5,reset_liquidate,2026-04-20,-0.0008598431817615548
full5y,v5,reset_liquidate,2026-04-21,-0.003596508613825311
full5y,v5,reset_liquidate,2026-04-22,0.013804988257668937
full5y,v5,reset_liquidate,2026-04-23,-0.016602486687652317
full5y,v5,reset_liquidate,2026-04-24,0.010259506655941941
full5y,v5,reset_liquidate,2026-04-27,0.009334695336157694
full5y,v5,reset_liquidate,2026-04-28,-0.005609762039583211
full5y,v5,reset_liquidate,2026-04-29,-0.0028614296136693753
full5y,v5,reset_liquidate,2026-04-30,0.0031267896219765445
full5y,v5,reset_liquidate,2026-05-01,0.009800739057132468
full5y,v5,reset_liquidate,2026-05-04,0.0012963966615763378
full5y,v5,reset_liquidate,2026-05-05,0.0010995571167439432
full5y,v5,reset_liquidate,2026-05-06,0.016083559422505257
full5y,v5,reset_liquidate,2026-05-07,0.016356703026161802
full5y,v5,reset_liquidate,2026-05-08,0.011232562878092734
full5y,v5,reset_liquidate,2026-05-11,0.002499039904793543
full5y,v5,reset_liquidate,2026-05-12,-0.005783710582710122
full5y,v5,reset_liquidate,2026-05-13,0.011626902822270923
full5y,v5,reset_liquidate,2026-05-14,0.005759527810101428
full5y,v5,reset_liquidate,2026-05-15,-0.007311635855668175
full5y,v5,reset_liquidate,2026-05-18,-0.0008629740545387343
full5y,v5,reset_liquidate,2026-05-19,-0.004623420609736528
full5y,v5,reset_liquidate,2026-05-20,0.009132087096903607
full5y,v5,reset_liquidate,2026-05-21,-0.002701293977409891
full5y,v5,reset_liquidate,2026-05-22,0.003894511390707356
full5y,v5,reset_liquidate,2026-05-26,0.010913352849066749
full5y,v5,reset_liquidate,2026-05-27,-0.0019701983300647987
full5y,v5,reset_liquidate,2026-05-28,0.043919719303088536
full5y,v5,reset_liquidate,2026-05-29,0.007943739427139418
full5y,v5,reset_liquidate,2026-06-01,0.014312400605351727
full5y,v5,reset_liquidate,2026-06-02,-0.011081225886195667
full5y,v5,reset_liquidate,2026-06-03,-0.015158608015473663
full5y,v5,reset_liquidate,2026-06-04,0.0005203237571319352
full5y,v5,reset_liquidate,2026-06-05,-0.03212502138102043
full5y,v5,reset_liquidate,2026-06-08,0.007131693972933029
full5y,v5,reset_liquidate,2026-06-09,-0.004847001242489523
full5y,v5,reset_liquidate,2026-06-10,-0.004067851220674346
full5y,v5,reset_liquidate,2026-06-11,0.00020425406654052126
full5y,v5,reset_liquidate,2026-06-12,-0.0031656893505026653
full5y,v5,reset_liquidate,2026-06-15,0.0034367213858373493
full5y,v5,reset_liquidate,2026-06-16,-0.0010216759978194934
full5y,v5,reset_liquidate,2026-06-17,-0.001594496028437986
full5y,v5,reset_liquidate,2026-06-18,-0.0009508830571814842
full5y,v5,reset_liquidate,2026-06-22,-0.002453828022294935
full5y,v5,reset_liquidate,2026-06-23,0.0016858675960797153
full5y,v5,reset_liquidate,2026-06-24,-0.0019356827581182956
full5y,v5,reset_liquidate,2026-06-25,0.000491259404887634
full5y,v5,reset_liquidate,2026-06-26,0.009645031881770395
full5y,v5,reset_liquidate,2026-06-29,-0.001382705731639955
full5y,v5,reset_liquidate,2026-06-30,0.002339891814490769
full5y,v5,reset_liquidate,2026-07-01,0.005647292260248249
full5y,v5,reset_liquidate,2026-07-02,0.0012178261018067405
full5y,v5,reset_liquidate,2026-07-06,-0.00021460733777332042
full5y,v5,reset_liquidate,2026-07-07,0.0007910061420274728
full5y,v5,reset_liquidate,2026-07-08,-0.001958725070174516
full5y,v5,reset_liquidate,2026-07-09,0.0026310837645209693
full5y,v5,reset_liquidate,2026-07-10,-0.0020654869606451798
full5y,v5,reset_liquidate,2026-07-13,0.004283334220519119
full5y,v5,reset_liquidate,2026-07-14,0.001163659904791281
full5y,v5,reset_liquidate,2026-07-15,0.0013047684426035766
full5y,v5,reset_liquidate,2026-07-16,0.0007021307088800443
full5y,v5,reset_liquidate,2026-07-17,-0.002229790692674338
full5y,v5,reset_liquidate,2026-07-20,0.003020974787506581
full5y,v5,reset_liquidate,2026-07-21,-0.0004970702730712762
full5y,v5,reset_liquidate,2026-07-22,-0.003513149966285778
full5y,v5,reset_liquidate,2026-07-23,-0.002715887969955477
full5y,v5,reset_liquidate,2026-07-24,0.0028784733434240374
full5y,v5,reset_liquidate,2026-07-27,0.004194022431430922
full5y,v5,reset_liquidate,2026-07-28,0.0029809515802536545
full5y,v5,reset_liquidate,2026-07-29,0.005636828472016386
full5y,v5,reset_liquidate,2026-07-30,0.020254916898038322
full5y,v5,reset_liquidate,2026-07-31,-0.006461426939668291
full5y,v5,reset_liquidate,2026-08-03,0.028898996872659045
full5y,v5,reset_liquidate,2026-08-04,0.02628403750571211
full5y,v5,reset_liquidate,2026-08-05,-0.006569676005007652
full5y,v5,reset_liquidate,2026-08-06,-0.002444545040455082
full5y,v5,reset_liquidate,2026-08-07,0.012785295520698037
full5y,v5,reset_liquidate,2026-08-10,0.00421746303783076
full5y,v5,reset_liquidate,2026-08-11,-0.005271158881184202
full5y,v5,reset_liquidate,2026-08-12,-0.0008809228739185881
full5y,v5,reset_liquidate,2026-08-13,0.002902293664416189
full5y,v5,reset_liquidate,2026-08-14,0.01248843679204371
full5y,v5,reset_liquidate,2026-08-17,-0.0028958297786084164
full5y,v5,reset_liquidate,2026-08-18,-0.013980503302559389
full5y,v5,reset_liquidate,2026-08-19,0.007034841814780734
full5y,v5,reset_liquidate,2026-08-20,-0.003071646970326225
full5y,v5,reset_liquidate,2026-08-21,0.004542463553132448
full5y,v5,reset_liquidate,2026-08-24,-0.0006954255409217014
full5y,v5,reset_liquidate,2026-08-25,0.001577029946714581
full5y,v5,reset_liquidate,2026-08-26,-0.0019387163847680799
full5y,v5,reset_liquidate,2026-08-27,0.0033203227204486874
full5y,v5,reset_mark,2021-08-27,0.0
full5y,v5,reset_mark,2021-08-30,0.0
full5y,v5,reset_mark,2021-08-31,0.0
full5y,v5,reset_mark,2021-09-01,0.0
full5y,v5,reset_mark,2021-09-02,0.0
full5y,v5,reset_mark,2021-09-03,0.0
full5y,v5,reset_mark,2021-09-07,0.0
full5y,v5,reset_mark,2021-09-08,0.0
full5y,v5,reset_mark,2021-09-09,0.0
full5y,v5,reset_mark,2021-09-10,0.0
full5y,v5,reset_mark,2021-09-13,0.0
full5y,v5,reset_mark,2021-09-14,0.0
full5y,v5,reset_mark,2021-09-15,0.0
full5y,v5,reset_mark,2021-09-16,0.0
full5y,v5,reset_mark,2021-09-17,0.0
full5y,v5,reset_mark,2021-09-20,0.0
full5y,v5,reset_mark,2021-09-21,0.0
full5y,v5,reset_mark,2021-09-22,0.0
full5y,v5,reset_mark,2021-09-23,0.0006751727066287572
full5y,v5,reset_mark,2021-09-24,-0.006448512492050251
full5y,v5,reset_mark,2021-09-27,0.004423871591320627
full5y,v5,reset_mark,2021-09-28,0.0001970413283174377
full5y,v5,reset_mark,2021-09-29,-0.002163222236242379
full5y,v5,reset_mark,2021-09-30,0.003015075376884413
full5y,v5,reset_mark,2021-10-01,-0.0024390243902438933
full5y,v5,reset_mark,2021-10-04,-0.007300003051757808
full5y,v5,reset_mark,2021-10-05,0.0039913750803061586
full5y,v5,reset_mark,2021-10-06,-0.0014522837175506397
full5y,v5,reset_mark,2021-10-07,0.012315786261307582
full5y,v5,reset_mark,2021-10-08,0.0028116214487384104
full5y,v5,reset_mark,2021-10-11,-0.0003646252576225195
full5y,v5,reset_mark,2021-10-12,-0.0013723695865677898
full5y,v5,reset_mark,2021-10-13,0.005473092513412681
full5y,v5,reset_mark,2021-10-14,-0.0012313051311001245
full5y,v5,reset_mark,2021-10-15,0.0029385532793283708
full5y,v5,reset_mark,2021-10-18,0.0018166077005539183
full5y,v5,reset_mark,2021-10-19,0.00824129552178512
full5y,v5,reset_mark,2021-10-20,0.0011773880318995066
full5y,v5,reset_mark,2021-10-21,-0.0005430542912239101
full5y,v5,reset_mark,2021-10-22,0.00023401174641131118
full5y,v5,reset_mark,2021-10-25,0.0009338497651690148
full5y,v5,reset_mark,2021-10-26,-0.006168080330173365
full5y,v5,reset_mark,2021-10-27,-0.0030402605102905376
full5y,v5,reset_mark,2021-10-28,0.0006779686879303304
full5y,v5,reset_mark,2021-10-29,-0.00563973434808559
full5y,v5,reset_mark,2021-11-01,0.005263159327554279
full5y,v5,reset_mark,2021-11-02,-0.00805084745762713
full5y,v5,reset_mark,2021-11-03,0.002211982973160298
full5y,v5,reset_mark,2021-11-04,-0.0015329166404384642
full5y,v5,reset_mark,2021-11-05,-0.0049450494939517805
full5y,v5,reset_mark,2021-11-08,0.002986510966262057
full5y,v5,reset_mark,2021-11-09,-0.0024321781450037383
full5y,v5,reset_mark,2021-11-10,0.0028763182284005095
full5y,v5,reset_mark,2021-11-11,0.011369987512821745
full5y,v5,reset_mark,2021-11-12,0.0003347293103589166
full5y,v5,reset_mark,2021-11-15,-0.0018348661798489375
full5y,v5,reset_mark,2021-11-16,0.003313510303312839
full5y,v5,reset_mark,2021-11-17,-0.003289473725487968
full5y,v5,reset_mark,2021-11-18,-0.0063775511031579305
full5y,v5,reset_mark,2021-11-19,0.0013623978390449932
full5y,v5,reset_mark,2021-11-22,-0.0037634381771215917
full5y,v5,reset_mark,2021-11-23,-0.0013035395772704518
full5y,v5,reset_mark,2021-11-24,0.0008490580432819695
full5y,v5,reset_mark,2021-11-26,-0.008325539194425868
full5y,v5,reset_mark,2021-11-29,0.0006135683176469175
full5y,v5,reset_mark,2021-11-30,0.0
full5y,v5,reset_mark,2021-12-01,0.0
full5y,v5,reset_mark,2021-12-02,0.0
full5y,v5,reset_mark,2021-12-03,0.0
full5y,v5,reset_mark,2021-12-06,0.0
full5y,v5,reset_mark,2021-12-07,0.0
full5y,v5,reset_mark,2021-12-08,0.0
full5y,v5,reset_mark,2021-12-09,-0.0024435980224609467
full5y,v5,reset_mark,2021-12-10,0.002745483977933971
full5y,v5,reset_mark,2021-12-13,-0.0046681357149386486
full5y,v5,reset_mark,2021-12-14,-0.000935265328570345
full5y,v5,reset_mark,2021-12-15,0.0027780918610421424
full5y,v5,reset_mark,2021-12-16,-0.009812950466482628
full5y,v5,reset_mark,2021-12-17,0.0022616700527611
full5y,v5,reset_mark,2021-12-20,-0.0003791349859946669
full5y,v5,reset_mark,2021-12-21,0.0071737093287165266
full5y,v5,reset_mark,2021-12-22,0.0009244120149909607
full5y,v5,reset_mark,2021-12-23,-0.0024797555798548587
full5y,v5,reset_mark,2021-12-27,0.0007931931172296513
full5y,v5,reset_mark,2021-12-28,-0.0033552083542858656
full5y,v5,reset_mark,2021-12-29,0.0011846666076972268
full5y,v5,reset_mark,2021-12-30,-0.0010400588771790065
full5y,v5,reset_mark,2021-12-31,-0.0017197274534627494
full5y,v5,reset_mark,2022-01-03,-0.0022297665388189116
full5y,v5,reset_mark,2022-01-04,-0.010258536520358496
full5y,v5,reset_mark,2022-01-05,-0.011631776763448254
full5y,v5,reset_mark,2022-01-06,0.0045405895165822165
full5y,v5,reset_mark,2022-01-07,0.006002550146946217
full5y,v5,reset_mark,2022-01-10,0.00024096017860504305
full5y,v5,reset_mark,2022-01-11,0.007477601512437149
full5y,v5,reset_mark,2022-01-12,0.0072564849679140455
full5y,v5,reset_mark,2022-01-13,-0.012702731760111653
full5y,v5,reset_mark,2022-01-14,0.000840819775274515
full5y,v5,reset_mark,2022-01-18,-0.012593994692962195
full5y,v5,reset_mark,2022-01-19,-0.005386563549346068
full5y,v5,reset_mark,2022-01-20,0.009419226802286995
full5y,v5,reset_mark,2022-01-21,-0.005734410955871771
full5y,v5,reset_mark,2022-01-24,-0.004258051258785023
full5y,v5,reset_mark,2022-01-25,-0.006760593784593294
full5y,v5,reset_mark,2022-01-26,-0.004868637081682614
full5y,v5,reset_mark,2022-01-27,-0.010129021452757302
full5y,v5,reset_mark,2022-01-28,0.014251162311491372
full5y,v5,reset_mark,2022-01-31,0.025843541452979645
full5y,v5,reset_mark,2022-02-01,0.0046141102782761845
full5y,v5,reset_mark,2022-02-02,-0.006727646445012558
full5y,v5,reset_mark,2022-02-03,-0.027474183795001862
full5y,v5,reset_mark,2022-02-04,0.01534430879365083
full5y,v5,reset_mark,2022-02-07,-0.0009226527250840277
full5y,v5,reset_mark,2022-02-08,0.0033231608218325603
full5y,v5,reset_mark,2022-02-09,0.019527828679434013
full5y,v5,reset_mark,2022-02-10,-0.013504781667255628
full5y,v5,reset_mark,2022-02-11,-0.02362775853389233
full5y,v5,reset_mark,2022-02-14,-0.0032420857068217067
full5y,v5,reset_mark,2022-02-15,0.016764250887556665
full5y,v5,reset_mark,2022-02-16,0.014018979586114422
full5y,v5,reset_mark,2022-02-17,-0.021248117879413265
full5y,v5,reset_mark,2022-02-18,-0.0028339848502002885
full5y,v5,reset_mark,2022-02-22,-0.013308254226869065
full5y,v5,reset_mark,2022-02-23,-0.013707759440092337
full5y,v5,reset_mark,2022-02-24,0.029941634022192874
full5y,v5,reset_mark,2022-02-25,-0.008994145637484541
full5y,v5,reset_mark,2022-02-28,0.006219379688044502
full5y,v5,reset_mark,2022-03-01,-0.010564988226539184
full5y,v5,reset_mark,2022-03-02,0.005731666331558749
full5y,v5,reset_mark,2022-03-03,-0.022249341515597088
full5y,v5,reset_mark,2022-03-04,-0.01852790963897747
full5y,v5,reset_mark,2022-03-07,-0.041462228252992436
full5y,v5,reset_mark,2022-03-08,0.0011497043754050585
full5y,v5,reset_mark,2022-03-09,0.03467102463460838
full5y,v5,reset_mark,2022-03-10,-0.00945790033956997
full5y,v5,reset_mark,2022-03-11,-0.016137702445318147
full5y,v5,reset_mark,2022-03-14,-0.005226128649590267
full5y,v5,reset_mark,2022-03-15,0.012219014026115893
full5y,v5,reset_mark,2022-03-16,0.04658501131525583
full5y,v5,reset_mark,2022-03-17,-0.0003523786929826689
full5y,v5,reset_mark,2022-03-18,0.035559546741743796
full5y,v5,reset_mark,2022-03-21,-0.01752062634949767
full5y,v5,reset_mark,2022-03-22,0.0366068700772713
full5y,v5,reset_mark,2022-03-23,-0.008778741690660397
full5y,v5,reset_mark,2022-03-24,0.005388497259365854
full5y,v5,reset_mark,2022-03-25,-0.015911713060816835
full5y,v5,reset_mark,2022-03-28,0.02542507757178374
full5y,v5,reset_mark,2022-03-29,0.01588951154941476
full5y,v5,reset_mark,2022-03-30,-0.009256337856246976
full5y,v5,reset_mark,2022-03-31,-0.018354307242410196
full5y,v5,reset_mark,2022-04-01,0.017602538258522937
full5y,v5,reset_mark,2022-04-04,0.02021008709079889
full5y,v5,reset_mark,2022-04-05,-0.02724643277117781
full5y,v5,reset_mark,2022-04-06,-0.028217942027743005
full5y,v5,reset_mark,2022-04-07,0.0006233303246806598
full5y,v5,reset_mark,2022-04-08,-0.007598340746179743
full5y,v5,reset_mark,2022-04-11,-0.01937920620941167
full5y,v5,reset_mark,2022-04-12,0.003776007286518368
full5y,v5,reset_mark,2022-04-13,0.015281511128537461
full5y,v5,reset_mark,2022-04-14,-0.01861708365758199
full5y,v5,reset_mark,2022-04-18,-0.006679531319448051
full5y,v5,reset_mark,2022-04-19,0.00524780319721867
full5y,v5,reset_mark,2022-04-20,-0.0078009495173982256
full5y,v5,reset_mark,2022-04-21,-0.004969230609638798
full5y,v5,reset_mark,2022-04-22,-0.007911576346057447
full5y,v5,reset_mark,2022-04-25,0.004616021378190826
full5y,v5,reset_mark,2022-04-26,-0.019519085912264634
full5y,v5,reset_mark,2022-04-27,0.003565951157709346
full5y,v5,reset_mark,2022-04-28,0.004016697896795196
full5y,v5,reset_mark,2022-04-29,-0.004181202107854975
full5y,v5,reset_mark,2022-05-02,0.002504328510437093
full5y,v5,reset_mark,2022-05-03,-0.0009456190212897897
full5y,v5,reset_mark,2022-05-04,0.0029100760318527376
full5y,v5,reset_mark,2022-05-05,-0.004355474310057861
full5y,v5,reset_mark,2022-05-06,-0.0009446529870309917
full5y,v5,reset_mark,2022-05-09,-0.0036945451927956952
full5y,v5,reset_mark,2022-05-10,0.001859556155956854
full5y,v5,reset_mark,2022-05-11,-0.003320969279046848
full5y,v5,reset_mark,2022-05-12,-0.0019957712274333295
full5y,v5,reset_mark,2022-05-13,0.002259639269925384
full5y,v5,reset_mark,2022-05-16,0.00014552883345526625
full5y,v5,reset_mark,2022-05-17,0.0020344196268522905
full5y,v5,reset_mark,2022-05-18,-0.004774756443838712
full5y,v5,reset_mark,2022-05-19,-0.0003699631748394272
full5y,v5,reset_mark,2022-05-20,-0.0002291229487450308
full5y,v5,reset_mark,2022-05-23,0.0032031978207529787
full5y,v5,reset_mark,2022-05-24,-0.0003951654722485598
full5y,v5,reset_mark,2022-05-25,0.0011170148490201592
full5y,v5,reset_mark,2022-05-26,0.0012875228646442194
full5y,v5,reset_mark,2022-05-27,0.004230405315745233
full5y,v5,reset_mark,2022-05-31,-0.0022410564676106025
full5y,v5,reset_mark,2022-06-01,-0.0009727788078103816
full5y,v5,reset_mark,2022-06-02,0.010376715233526502
full5y,v5,reset_mark,2022-06-03,-0.007751572294754383
full5y,v5,reset_mark,2022-06-06,-0.0018183517409255056
full5y,v5,reset_mark,2022-06-07,0.003886164016552196
full5y,v5,reset_mark,2022-06-08,0.0025165981169850693
full5y,v5,reset_mark,2022-06-09,-0.003804377717932084
full5y,v5,reset_mark,2022-06-10,-0.012570149267352526
full5y,v5,reset_mark,2022-06-13,-0.011691037842629282
full5y,v5,reset_mark,2022-06-14,0.001062878398507694
full5y,v5,reset_mark,2022-06-15,0.007613943935911216
full5y,v5,reset_mark,2022-06-16,-0.011669314779698504
full5y,v5,reset_mark,2022-06-17,0.008076800467508605
full5y,v5,reset_mark,2022-06-21,0.010190001005630788
full5y,v5,reset_mark,2022-06-22,0.003564246878155686
full5y,v5,reset_mark,2022-06-23,0.016648127278401682
full5y,v5,reset_mark,2022-06-24,0.01634548173718735
full5y,v5,reset_mark,2022-06-27,-0.0045894256975792195
full5y,v5,reset_mark,2022-06-28,-0.012077410817883771
full5y,v5,reset_mark,2022-06-29,-0.0003063912053249851
full5y,v5,reset_mark,2022-06-30,-0.006312628456834857
full5y,v5,reset_mark,2022-07-01,0.0055585312381704055
full5y,v5,reset_mark,2022-07-05,0.012341050270722565
full5y,v5,reset_mark,2022-07-06,0.0013293148534655242
full5y,v5,reset_mark,2022-07-07,0.009489603379203192
full5y,v5,reset_mark,2022-07-08,0.0008517651193323151
full5y,v5,reset_mark,2022-07-11,-0.009062569533544073
full5y,v5,reset_mark,2022-07-12,-0.009326454090748093
full5y,v5,reset_mark,2022-07-13,0.0022362201843154073
full5y,v5,reset_mark,2022-07-14,-0.0012406113804903196
full5y,v5,reset_mark,2022-07-15,0.006462220470643798
full5y,v5,reset_mark,2022-07-18,-0.0033146267035909726
full5y,v5,reset_mark,2022-07-19,0.008743652040458494
full5y,v5,reset_mark,2022-07-20,0.012152801474621389
full5y,v5,reset_mark,2022-07-21,0.00477791595209629
full5y,v5,reset_mark,2022-07-22,-0.014576123405546171
full5y,v5,reset_mark,2022-07-25,-0.0033992526730326155
full5y,v5,reset_mark,2022-07-26,-0.013279628778868202
full5y,v5,reset_mark,2022-07-27,0.02106920720004417
full5y,v5,reset_mark,2022-07-28,0.0042639915799987495
full5y,v5,reset_mark,2022-07-29,0.010130163019288286
full5y,v5,reset_mark,2022-08-01,0.0005638798889855857
full5y,v5,reset_mark,2022-08-02,0.000652338313404488
full5y,v5,reset_mark,2022-08-03,0.01386817039691306
full5y,v5,reset_mark,2022-08-04,0.00043940048771523577
full5y,v5,reset_mark,2022-08-05,0.0005881856598966562
full5y,v5,reset_mark,2022-08-08,0.002193795557494971
full5y,v5,reset_mark,2022-08-09,-0.009464131047173318
full5y,v5,reset_mark,2022-08-10,0.013693767694748038
full5y,v5,reset_mark,2022-08-11,-0.0015068556701539615
full5y,v5,reset_mark,2022-08-12,0.01084702134949007
full5y,v5,reset_mark,2022-08-15,0.0009817534116230097
full5y,v5,reset_mark,2022-08-16,-0.0040200020660128176
full5y,v5,reset_mark,2022-08-17,-0.004071082061456332
full5y,v5,reset_mark,2022-08-18,-0.0036924328605211
full5y,v5,reset_mark,2022-08-19,-0.001676603452033565
full5y,v5,reset_mark,2022-08-22,0.0020823030137983923
full5y,v5,reset_mark,2022-08-23,-0.0003051696624335909
full5y,v5,reset_mark,2022-08-24,0.001224427485044499
full5y,v5,reset_mark,2022-08-25,0.014833677261199218
full5y,v5,reset_mark,2022-08-26,-0.0023977869997869215
full5y,v5,reset_mark,2022-08-29,-0.0028969056639751136
full5y,v5,reset_mark,2022-08-30,-0.008072531244201653
full5y,v5,reset_mark,2022-08-31,0.006315623897797651
full5y,v5,reset_mark,2022-09-01,-0.0034266060942455545
full5y,v5,reset_mark,2022-09-02,-0.006213204337382849
full5y,v5,reset_mark,2022-09-06,-0.005831817033679243
full5y,v5,reset_mark,2022-09-07,0.0002855810868112707
full5y,v5,reset_mark,2022-09-08,0.0
full5y,v5,reset_mark,2022-09-09,0.0
full5y,v5,reset_mark,2022-09-12,0.0
full5y,v5,reset_mark,2022-09-13,0.0
full5y,v5,reset_mark,2022-09-14,0.0
full5y,v5,reset_mark,2022-09-15,0.0
full5y,v5,reset_mark,2022-09-16,0.0
full5y,v5,reset_mark,2022-09-19,0.0
full5y,v5,reset_mark,2022-09-20,0.0
full5y,v5,reset_mark,2022-09-21,0.0
full5y,v5,reset_mark,2022-09-22,0.0
full5y,v5,reset_mark,2022-09-23,0.0
full5y,v5,reset_mark,2022-09-26,0.0
full5y,v5,reset_mark,2022-09-27,0.0
full5y,v5,reset_mark,2022-09-28,0.0
full5y,v5,reset_mark,2022-09-29,0.0
full5y,v5,reset_mark,2022-09-30,0.0
full5y,v5,reset_mark,2022-10-03,0.0
full5y,v5,reset_mark,2022-10-04,0.0
full5y,v5,reset_mark,2022-10-05,0.0
full5y,v5,reset_mark,2022-10-06,0.0
full5y,v5,reset_mark,2022-10-07,0.0
full5y,v5,reset_mark,2022-10-10,0.0
full5y,v5,reset_mark,2022-10-11,0.0
full5y,v5,reset_mark,2022-10-12,0.0
full5y,v5,reset_mark,2022-10-13,0.0
full5y,v5,reset_mark,2022-10-14,-0.01972387435530636
full5y,v5,reset_mark,2022-10-17,0.018548621603363326
full5y,v5,reset_mark,2022-10-18,0.0003802951783891784
full5y,v5,reset_mark,2022-10-19,-0.013982344413236791
full5y,v5,reset_mark,2022-10-20,-0.00047175495461944107
full5y,v5,reset_mark,2022-10-21,0.008834612356483928
full5y,v5,reset_mark,2022-10-24,-0.02636384908084739
full5y,v5,reset_mark,2022-10-25,0.012414322686174817
full5y,v5,reset_mark,2022-10-26,-0.006607509486069763
full5y,v5,reset_mark,2022-10-27,-0.005508077581122239
full5y,v5,reset_mark,2022-10-28,0.009045212635684318
full5y,v5,reset_mark,2022-10-31,-0.00345623722281273
full5y,v5,reset_mark,2022-11-01,-0.003102615995200875
full5y,v5,reset_mark,2022-11-02,-0.010344828946187823
full5y,v5,reset_mark,2022-11-03,-0.005769242612733571
full5y,v5,reset_mark,2022-11-04,0.005608576230622187
full5y,v5,reset_mark,2022-11-07,0.0
full5y,v5,reset_mark,2022-11-08,0.0017868800499873494
full5y,v5,reset_mark,2022-11-09,-0.011980775391914954
full5y,v5,reset_mark,2022-11-10,0.017706712260532508
full5y,v5,reset_mark,2022-11-11,0.022052318114762583
full5y,v5,reset_mark,2022-11-14,0.0005337953867977751
full5y,v5,reset_mark,2022-11-15,0.01897084177894972
full5y,v5,reset_mark,2022-11-16,-0.012170137404703296
full5y,v5,reset_mark,2022-11-17,0.00284552767805345
full5y,v5,reset_mark,2022-11-18,-0.01029672113398702
full5y,v5,reset_mark,2022-11-21,-0.008154941733035093
full5y,v5,reset_mark,2022-11-22,-0.001422487030816666
full5y,v5,reset_mark,2022-11-23,0.005896498001877371
full5y,v5,reset_mark,2022-11-25,-0.006332974278069103
full5y,v5,reset_mark,2022-11-28,7.294576189273983e-05
full5y,v5,reset_mark,2022-11-29,0.011685355823771148
full5y,v5,reset_mark,2022-11-30,0.018211511298910677
full5y,v5,reset_mark,2022-12-01,0.004729834806107414
full5y,v5,reset_mark,2022-12-02,0.00818400143749728
full5y,v5,reset_mark,2022-12-05,-0.01646890159800265
full5y,v5,reset_mark,2022-12-06,0.0009241036684047854
full5y,v5,reset_mark,2022-12-07,-0.008167108471751417
full5y,v5,reset_mark,2022-12-08,0.012280911274506867
full5y,v5,reset_mark,2022-12-09,0.007538973256688486
full5y,v5,reset_mark,2022-12-12,-0.0033877600384950466
full5y,v5,reset_mark,2022-12-13,-0.00265535121290289
full5y,v5,reset_mark,2022-12-14,-0.0042784371280296775
full5y,v5,reset_mark,2022-12-15,-0.012462493881007198
full5y,v5,reset_mark,2022-12-16,-0.0047556210476764615
full5y,v5,reset_mark,2022-12-19,-0.004122331866284024
full5y,v5,reset_mark,2022-12-20,-0.005839803397241961
full5y,v5,reset_mark,2022-12-21,0.008329791240569739
full5y,v5,reset_mark,2022-12-22,-0.004418012092720946
full5y,v5,reset_mark,2022-12-23,-0.002276335637646576
full5y,v5,reset_mark,2022-12-27,-0.004185246486137129
full5y,v5,reset_mark,2022-12-28,-0.0020862693867820027
full5y,v5,reset_mark,2022-12-29,0.00800388467306683
full5y,v5,reset_mark,2022-12-30,0.002106281298778545
full5y,v5,reset_mark,2023-01-03,-0.005577483358000346
full5y,v5,reset_mark,2023-01-04,0.008494403313123945
full5y,v5,reset_mark,2023-01-05,-0.0013406552680141348
full5y,v5,reset_mark,2023-01-06,0.002716468584871112
full5y,v5,reset_mark,2023-01-09,6.014068960888963e-05
full5y,v5,reset_mark,2023-01-10,0.007251107740259344
full5y,v5,reset_mark,2023-01-11,0.0029116531278782
full5y,v5,reset_mark,2023-01-12,-0.0008834323748686979
full5y,v5,reset_mark,2023-01-13,0.012181590878803817
full5y,v5,reset_mark,2023-01-17,-0.004002127141895173
full5y,v5,reset_mark,2023-01-18,-0.019301829562553108
full5y,v5,reset_mark,2023-01-19,-0.008324783415304137
full5y,v5,reset_mark,2023-01-20,0.035753689644188555
full5y,v5,reset_mark,2023-01-23,0.02548484635261623
full5y,v5,reset_mark,2023-01-24,-0.0019365851461989215
full5y,v5,reset_mark,2023-01-25,0.0005019778338304692
full5y,v5,reset_mark,2023-01-26,0.02523827275376451
full5y,v5,reset_mark,2023-01-27,0.01679564472995314
full5y,v5,reset_mark,2023-01-30,-0.029563929886600292
full5y,v5,reset_mark,2023-01-31,0.004755081635441349
full5y,v5,reset_mark,2023-02-01,0.019059140037159604
full5y,v5,reset_mark,2023-02-02,0.00704425746652475
full5y,v5,reset_mark,2023-02-03,-0.015254269701252354
full5y,v5,reset_mark,2023-02-06,-0.005571069906128679
full5y,v5,reset_mark,2023-02-07,0.003940865580137287
full5y,v5,reset_mark,2023-02-08,0.0033453241258849962
full5y,v5,reset_mark,2023-02-09,0.0018153052851291763
full5y,v5,reset_mark,2023-02-10,-0.009207425357664601
full5y,v5,reset_mark,2023-02-13,0.0018739410764965659
full5y,v5,reset_mark,2023-02-14,0.0003876507934245099
full5y,v5,reset_mark,2023-02-15,0.00040560038617505346
full5y,v5,reset_mark,2023-02-16,-0.0029633091587358273
full5y,v5,reset_mark,2023-02-17,-0.0007841171277746861
full5y,v5,reset_mark,2023-02-21,-0.0030060966525144784
full5y,v5,reset_mark,2023-02-22,-0.00010000000000001119
full5y,v5,reset_mark,2023-02-23,0.0
full5y,v5,reset_mark,2023-02-24,0.0
full5y,v5,reset_mark,2023-02-27,0.0
full5y,v5,reset_mark,2023-02-28,0.0
full5y,v5,reset_mark,2023-03-01,0.0
full5y,v5,reset_mark,2023-03-02,0.0
full5y,v5,reset_mark,2023-03-03,0.0
full5y,v5,reset_mark,2023-03-06,0.0
full5y,v5,reset_mark,2023-03-07,0.0
full5y,v5,reset_mark,2023-03-08,0.0
full5y,v5,reset_mark,2023-03-09,0.0
full5y,v5,reset_mark,2023-03-10,0.0
full5y,v5,reset_mark,2023-03-13,0.0
full5y,v5,reset_mark,2023-03-14,0.0
full5y,v5,reset_mark,2023-03-15,0.0
full5y,v5,reset_mark,2023-03-16,0.0
full5y,v5,reset_mark,2023-03-17,0.0
full5y,v5,reset_mark,2023-03-20,0.0
full5y,v5,reset_mark,2023-03-21,0.0
full5y,v5,reset_mark,2023-03-22,0.0
full5y,v5,reset_mark,2023-03-23,0.0
full5y,v5,reset_mark,2023-03-24,0.0
full5y,v5,reset_mark,2023-03-27,-6.64577191686333e-05
full5y,v5,reset_mark,2023-03-28,-0.00126349772568779
full5y,v5,reset_mark,2023-03-29,0.003079334206671458
full5y,v5,reset_mark,2023-03-30,0.0073920104163430755
full5y,v5,reset_mark,2023-03-31,0.01659093126877571
full5y,v5,reset_mark,2023-04-03,0.004430369043533356
full5y,v5,reset_mark,2023-04-04,-0.003932747880175192
full5y,v5,reset_mark,2023-04-05,-0.0057938150790863615
full5y,v5,reset_mark,2023-04-06,0.0005396671100548423
full5y,v5,reset_mark,2023-04-10,0.003638115387587604
full5y,v5,reset_mark,2023-04-11,0.0024726074062450753
full5y,v5,reset_mark,2023-04-12,-0.0012457448431196006
full5y,v5,reset_mark,2023-04-13,0.001536166336011835
full5y,v5,reset_mark,2023-04-14,-0.007116514819488495
full5y,v5,reset_mark,2023-04-17,0.0015566284897158722
full5y,v5,reset_mark,2023-04-18,0.0007511612359413667
full5y,v5,reset_mark,2023-04-19,-0.003625053525113575
full5y,v5,reset_mark,2023-04-20,-0.0025062100392250542
full5y,v5,reset_mark,2023-04-21,0.0017517683558344599
full5y,v5,reset_mark,2023-04-24,0.0007843820326134621
full5y,v5,reset_mark,2023-04-25,-0.008478076332822793
full5y,v5,reset_mark,2023-04-26,0.002053520501258621
full5y,v5,reset_mark,2023-04-27,-0.0038763184540968167
full5y,v5,reset_mark,2023-04-28,0.0017072674971474245
full5y,v5,reset_mark,2023-05-01,-0.008499831868607621
full5y,v5,reset_mark,2023-05-02,-0.002176114032141352
full5y,v5,reset_mark,2023-05-03,0.00022039175128667486
full5y,v5,reset_mark,2023-05-04,0.0007953136824433215
full5y,v5,reset_mark,2023-05-05,0.002332974466935922
full5y,v5,reset_mark,2023-05-08,0.0019742248752856574
full5y,v5,reset_mark,2023-05-09,0.00133943024846207
full5y,v5,reset_mark,2023-05-10,0.005494955414782221
full5y,v5,reset_mark,2023-05-11,-0.00548742455562432
full5y,v5,reset_mark,2023-05-12,-0.0029497823368640043
full5y,v5,reset_mark,2023-05-15,-0.003976840381292257
full5y,v5,reset_mark,2023-05-16,0.005587458442052951
full5y,v5,reset_mark,2023-05-17,0.0031636697011306002
full5y,v5,reset_mark,2023-05-18,0.01122999908630531
full5y,v5,reset_mark,2023-05-19,-0.003939361666062136
full5y,v5,reset_mark,2023-05-22,0.0031728976187818114
full5y,v5,reset_mark,2023-05-23,-0.00604975319601706
full5y,v5,reset_mark,2023-05-24,0.004367166584109905
full5y,v5,reset_mark,2023-05-25,0.0016742110622448235
full5y,v5,reset_mark,2023-05-26,0.016247590436893257
full5y,v5,reset_mark,2023-05-30,0.02426944691224664
full5y,v5,reset_mark,2023-05-31,-0.003757129878477283
full5y,v5,reset_mark,2023-06-01,0.0028243017978596074
full5y,v5,reset_mark,2023-06-02,0.002903014112913638
full5y,v5,reset_mark,2023-06-05,0.0035707708948012453
full5y,v5,reset_mark,2023-06-06,0.015012282923980557
full5y,v5,reset_mark,2023-06-07,-0.002966571931221118
full5y,v5,reset_mark,2023-06-08,0.01768861626393279
full5y,v5,reset_mark,2023-06-09,0.005956568028290321
full5y,v5,reset_mark,2023-06-12,0.0049810361602714345
full5y,v5,reset_mark,2023-06-13,0.014147362134236108
full5y,v5,reset_mark,2023-06-14,0.009291705434176012
full5y,v5,reset_mark,2023-06-15,0.025741002130942704
full5y,v5,reset_mark,2023-06-16,0.005539182879331106
full5y,v5,reset_mark,2023-06-20,-0.006137531068809476
full5y,v5,reset_mark,2023-06-21,-0.025979657705956127
full5y,v5,reset_mark,2023-06-22,0.013991987784389103
full5y,v5,reset_mark,2023-06-23,-0.0010160773816908053
full5y,v5,reset_mark,2023-06-26,-0.00382186577195649
full5y,v5,reset_mark,2023-06-27,0.0020908730421051345
full5y,v5,reset_mark,2023-06-28,0.0034419476904526737
full5y,v5,reset_mark,2023-06-29,-0.0006104381887382382
full5y,v5,reset_mark,2023-06-30,0.004499109499848042
full5y,v5,reset_mark,2023-07-03,-0.0005331443840747907
full5y,v5,reset_mark,2023-07-05,0.001057667634429893
full5y,v5,reset_mark,2023-07-06,-0.0006606514856712265
full5y,v5,reset_mark,2023-07-07,-0.001355360775907266
full5y,v5,reset_mark,2023-07-10,-0.0007743545285504138
full5y,v5,reset_mark,2023-07-11,-0.00014671850152854217
full5y,v5,reset_mark,2023-07-12,0.002294996432037233
full5y,v5,reset_mark,2023-07-13,0.003044728367245142
full5y,v5,reset_mark,2023-07-14,-0.001127696997732086
full5y,v5,reset_mark,2023-07-17,0.001983938350837988
full5y,v5,reset_mark,2023-07-18,0.009479363687843434
full5y,v5,reset_mark,2023-07-19,-0.0006391245008099622
full5y,v5,reset_mark,2023-07-20,-0.01072312943818815
full5y,v5,reset_mark,2023-07-21,-0.0031615529064118464
full5y,v5,reset_mark,2023-07-24,0.0005933074336978983
full5y,v5,reset_mark,2023-07-25,0.001544504484809761
full5y,v5,reset_mark,2023-07-26,-0.004939816402651909
full5y,v5,reset_mark,2023-07-27,-0.004334824781887137
full5y,v5,reset_mark,2023-07-28,0.0027910052032474875
full5y,v5,reset_mark,2023-07-31,-0.0007240540605867318
full5y,v5,reset_mark,2023-08-01,0.00012502467652069081
full5y,v5,reset_mark,2023-08-02,-0.002628291738758848
full5y,v5,reset_mark,2023-08-03,-0.00025648743141698516
full5y,v5,reset_mark,2023-08-04,0.0003428626414716973
full5y,v5,reset_mark,2023-08-07,0.0007108385444331234
full5y,v5,reset_mark,2023-08-08,-0.001229892380949915
full5y,v5,reset_mark,2023-08-09,-0.00117159237836445
full5y,v5,reset_mark,2023-08-10,0.0002172304458267327
full5y,v5,reset_mark,2023-08-11,-0.0005945508171128156
full5y,v5,reset_mark,2023-08-14,0.0009438954198061067
full5y,v5,reset_mark,2023-08-15,-0.0006727635896408679
full5y,v5,reset_mark,2023-08-16,-0.0004536107380615939
full5y,v5,reset_mark,2023-08-17,-0.0010986233085912955
full5y,v5,reset_mark,2023-08-18,-0.004263734694173571
full5y,v5,reset_mark,2023-08-21,0.011015456922322198
full5y,v5,reset_mark,2023-08-22,0.004825484237337396
full5y,v5,reset_mark,2023-08-23,0.0007369048250304821
full5y,v5,reset_mark,2023-08-24,-0.004583587914010356
full5y,v5,reset_mark,2023-08-25,0.00030156736242021865
full5y,v5,reset_mark,2023-08-28,0.0019204152514135987
full5y,v5,reset_mark,2023-08-29,0.003352611309294806
full5y,v5,reset_mark,2023-08-30,0.0006588649990350026
full5y,v5,reset_mark,2023-08-31,-0.0033573468068047287
full5y,v5,reset_mark,2023-09-01,-0.0009209794237970192
full5y,v5,reset_mark,2023-09-05,0.00010915336099743822
full5y,v5,reset_mark,2023-09-06,-0.002410852008605391
full5y,v5,reset_mark,2023-09-07,0.0007015651852750326
full5y,v5,reset_mark,2023-09-08,0.0044888581705436305
full5y,v5,reset_mark,2023-09-11,0.0019314559966605693
full5y,v5,reset_mark,2023-09-12,-0.0043178183117324135
full5y,v5,reset_mark,2023-09-13,0.003583137988901963
full5y,v5,reset_mark,2023-09-14,0.0032443947881293012
full5y,v5,reset_mark,2023-09-15,-0.0012755517857745645
full5y,v5,reset_mark,2023-09-18,-0.010061849840756022
full5y,v5,reset_mark,2023-09-19,0.0013128930698545927
full5y,v5,reset_mark,2023-09-20,-0.00609987525519502
full5y,v5,reset_mark,2023-09-21,-0.009625866649480563
full5y,v5,reset_mark,2023-09-22,-0.0005785369595735612
full5y,v5,reset_mark,2023-09-25,-0.0016262691716653732
full5y,v5,reset_mark,2023-09-26,-0.0035479473224998004
full5y,v5,reset_mark,2023-09-27,0.0018731490589915189
full5y,v5,reset_mark,2023-09-28,0.00354675888059468
full5y,v5,reset_mark,2023-09-29,0.004776467071601865
full5y,v5,reset_mark,2023-10-02,0.000888098673244564
full5y,v5,reset_mark,2023-10-03,-0.004410432728773073
full5y,v5,reset_mark,2023-10-04,0.005052601525744604
full5y,v5,reset_mark,2023-10-05,-0.0022371870742993625
full5y,v5,reset_mark,2023-10-06,0.009813358629735069
full5y,v5,reset_mark,2023-10-09,-1.8689650547065727e-05
full5y,v5,reset_mark,2023-10-10,0.004165833633644622
full5y,v5,reset_mark,2023-10-11,0.002008129660780822
full5y,v5,reset_mark,2023-10-12,-0.012016008882626073
full5y,v5,reset_mark,2023-10-13,-0.011299028457485816
full5y,v5,reset_mark,2023-10-16,0.0036713091377891917
full5y,v5,reset_mark,2023-10-17,-0.006892092131124505
full5y,v5,reset_mark,2023-10-18,-0.013868754299939823
full5y,v5,reset_mark,2023-10-19,-0.007161651382923162
full5y,v5,reset_mark,2023-10-20,-0.015934589294816857
full5y,v5,reset_mark,2023-10-23,0.004654423040024791
full5y,v5,reset_mark,2023-10-24,0.014282271564911464
full5y,v5,reset_mark,2023-10-25,-0.017058294457931368
full5y,v5,reset_mark,2023-10-26,-0.012312481092478466
full5y,v5,reset_mark,2023-10-27,0.0039262038580218815
full5y,v5,reset_mark,2023-10-30,0.00906585734619143
full5y,v5,reset_mark,2023-10-31,-0.0028814658563175665
full5y,v5,reset_mark,2023-11-01,0.002390325312753594
full5y,v5,reset_mark,2023-11-02,0.0039815985492115845
full5y,v5,reset_mark,2023-11-03,0.02110639584670877
full5y,v5,reset_mark,2023-11-06,-0.008529670062336436
full5y,v5,reset_mark,2023-11-07,0.01298053621695745
full5y,v5,reset_mark,2023-11-08,-0.004824487688821188
full5y,v5,reset_mark,2023-11-09,-0.009303467853177238
full5y,v5,reset_mark,2023-11-10,0.007932377670386792
full5y,v5,reset_mark,2023-11-13,0.00143100906009751
full5y,v5,reset_mark,2023-11-14,0.018272982840863095
full5y,v5,reset_mark,2023-11-15,0.011336916329258984
full5y,v5,reset_mark,2023-11-16,-0.010205317694008887
full5y,v5,reset_mark,2023-11-17,-0.0016890077171754503
full5y,v5,reset_mark,2023-11-20,0.016607645292886275
full5y,v5,reset_mark,2023-11-21,-0.009026366402940921
full5y,v5,reset_mark,2023-11-22,0.0056278944211085365
full5y,v5,reset_mark,2023-11-24,0.002960620530744862
full5y,v5,reset_mark,2023-11-27,-0.005509087578491811
full5y,v5,reset_mark,2023-11-28,-0.0010296401354937812
full5y,v5,reset_mark,2023-11-29,-0.0057246125961150866
full5y,v5,reset_mark,2023-11-30,0.0056276540634254135
full5y,v5,reset_mark,2023-12-01,-0.0010674183890541534
full5y,v5,reset_mark,2023-12-04,-0.0026730683826224457
full5y,v5,reset_mark,2023-12-05,-0.0019361979938145146
full5y,v5,reset_mark,2023-12-06,-0.0007926448722852863
full5y,v5,reset_mark,2023-12-07,0.002495753073709839
full5y,v5,reset_mark,2023-12-08,0.0035302042455060967
full5y,v5,reset_mark,2023-12-11,0.0038763846493356513
full5y,v5,reset_mark,2023-12-12,-0.003064413378977915
full5y,v5,reset_mark,2023-12-13,0.005963770362133014
full5y,v5,reset_mark,2023-12-14,0.007073069503828888
full5y,v5,reset_mark,2023-12-15,0.0010283640204974299
full5y,v5,reset_mark,2023-12-18,0.0027902561480303567
full5y,v5,reset_mark,2023-12-19,0.006316065761137657
full5y,v5,reset_mark,2023-12-20,-0.007505657922194864
full5y,v5,reset_mark,2023-12-21,0.008324416931180134
full5y,v5,reset_mark,2023-12-22,0.002814425667056153
full5y,v5,reset_mark,2023-12-26,0.004979840199050023
full5y,v5,reset_mark,2023-12-27,0.00353350033585238
full5y,v5,reset_mark,2023-12-28,-0.0005945803216854895
full5y,v5,reset_mark,2023-12-29,-0.0009776286935259115
full5y,v5,reset_mark,2024-01-02,0.0006954319625171124
full5y,v5,reset_mark,2024-01-03,-0.0006171899000706693
full5y,v5,reset_mark,2024-01-04,-0.0037279382078791003
full5y,v5,reset_mark,2024-01-05,0.000416858077434934
full5y,v5,reset_mark,2024-01-08,0.004583849948342722
full5y,v5,reset_mark,2024-01-09,-0.0109229862438735
full5y,v5,reset_mark,2024-01-10,0.0002482618930810143
full5y,v5,reset_mark,2024-01-11,0.005299919203927317
full5y,v5,reset_mark,2024-01-12,-0.0009319601763883356
full5y,v5,reset_mark,2024-01-16,-0.014775135959817876
full5y,v5,reset_mark,2024-01-17,-0.012996277826754476
full5y,v5,reset_mark,2024-01-18,0.000890985951321388
full5y,v5,reset_mark,2024-01-19,0.0013683048477951209
full5y,v5,reset_mark,2024-01-22,2.968738510741309e-05
full5y,v5,reset_mark,2024-01-23,0.004163571234229657
full5y,v5,reset_mark,2024-01-24,0.01082596428536503
full5y,v5,reset_mark,2024-01-25,0.005399032534474646
full5y,v5,reset_mark,2024-01-26,0.0002933769893749383
full5y,v5,reset_mark,2024-01-29,0.005350959106493214
full5y,v5,reset_mark,2024-01-30,-0.00478372723352759
full5y,v5,reset_mark,2024-01-31,-0.003856545084009677
full5y,v5,reset_mark,2024-02-01,0.00015324454461987936
full5y,v5,reset_mark,2024-02-02,-0.00019816769062771522
full5y,v5,reset_mark,2024-02-05,-0.0038729758091203604
full5y,v5,reset_mark,2024-02-06,0.0036154550692260035
full5y,v5,reset_mark,2024-02-07,0.001996487794916202
full5y,v5,reset_mark,2024-02-08,-0.005802938593818618
full5y,v5,reset_mark,2024-02-09,-0.004618405225141143
full5y,v5,reset_mark,2024-02-12,-0.0019760573248778445
full5y,v5,reset_mark,2024-02-13,-0.0027498036096624046
full5y,v5,reset_mark,2024-02-14,0.00525430704992087
full5y,v5,reset_mark,2024-02-15,0.0017235055064127702
full5y,v5,reset_mark,2024-02-16,-0.0022173826222594783
full5y,v5,reset_mark,2024-02-20,-0.0018247102627435452
full5y,v5,reset_mark,2024-02-21,-0.00046094529970204247
full5y,v5,reset_mark,2024-02-22,0.004991801904215198
full5y,v5,reset_mark,2024-02-23,-0.0011525999235800666
full5y,v5,reset_mark,2024-02-26,1.8513210636661447e-05
full5y,v5,reset_mark,2024-02-27,0.002371052714936028
full5y,v5,reset_mark,2024-02-28,-0.0008037045775349694
full5y,v5,reset_mark,2024-02-29,0.0025316492277693394
full5y,v5,reset_mark,2024-03-01,0.003173072717783709
full5y,v5,reset_mark,2024-03-04,-0.0007063166173069014
full5y,v5,reset_mark,2024-03-05,-0.005771292249858451
full5y,v5,reset_mark,2024-03-06,-0.0002744121171567304
full5y,v5,reset_mark,2024-03-07,0.003563647569358075
full5y,v5,reset_mark,2024-03-08,-0.0013201000275995579
full5y,v5,reset_mark,2024-03-11,-0.0010616619238793313
full5y,v5,reset_mark,2024-03-12,0.004348999150059018
full5y,v5,reset_mark,2024-03-13,-0.00031008662697611377
full5y,v5,reset_mark,2024-03-14,0.003022097128221768
full5y,v5,reset_mark,2024-03-15,-0.004258017693607974
full5y,v5,reset_mark,2024-03-18,0.006884942630070801
full5y,v5,reset_mark,2024-03-19,0.0009199456966069164
full5y,v5,reset_mark,2024-03-20,0.0031891457765520713
full5y,v5,reset_mark,2024-03-21,-0.0005862376429697335
full5y,v5,reset_mark,2024-03-22,0.002852083948414097
full5y,v5,reset_mark,2024-03-25,-0.0019233217482296672
full5y,v5,reset_mark,2024-03-26,0.0003973482624812563
full5y,v5,reset_mark,2024-03-27,-0.0024160991544916245
full5y,v5,reset_mark,2024-03-28,-0.0011392480396961613
full5y,v5,reset_mark,2024-04-01,0.00508566570982647
full5y,v5,reset_mark,2024-04-02,-0.001351607594157489
full5y,v5,reset_mark,2024-04-03,0.0025818165896726807
full5y,v5,reset_mark,2024-04-04,-0.0054986772954861984
full5y,v5,reset_mark,2024-04-05,0.006222180635687291
full5y,v5,reset_mark,2024-04-08,0.00010108008647303768
full5y,v5,reset_mark,2024-04-09,-9.657780406835403e-05
full5y,v5,reset_mark,2024-04-10,-0.0009407262166612806
full5y,v5,reset_mark,2024-04-11,0.004846546204319258
full5y,v5,reset_mark,2024-04-12,-0.0034092726804772267
full5y,v5,reset_mark,2024-04-15,-0.006294909188095587
full5y,v5,reset_mark,2024-04-16,0.0016381749705633108
full5y,v5,reset_mark,2024-04-17,-0.0011859634636087746
full5y,v5,reset_mark,2024-04-18,-0.004671909824278264
full5y,v5,reset_mark,2024-04-19,-0.007652765361515967
full5y,v5,reset_mark,2024-04-22,-0.006365330886890841
full5y,v5,reset_mark,2024-04-23,0.008257700960555359
full5y,v5,reset_mark,2024-04-24,-0.0066428123699995845
full5y,v5,reset_mark,2024-04-25,-0.004423856557186301
full5y,v5,reset_mark,2024-04-26,0.013199024792029824
full5y,v5,reset_mark,2024-04-29,-0.010491236141343752
full5y,v5,reset_mark,2024-04-30,-0.012519214426814095
full5y,v5,reset_mark,2024-05-01,0.001011280305672202
full5y,v5,reset_mark,2024-05-02,0.009411275251693208
full5y,v5,reset_mark,2024-05-03,0.012711957939681051
full5y,v5,reset_mark,2024-05-06,0.017052290870404652
full5y,v5,reset_mark,2024-05-07,-0.003817517741949794
full5y,v5,reset_mark,2024-05-08,-0.009270214909992991
full5y,v5,reset_mark,2024-05-09,-0.0024983359835148876
full5y,v5,reset_mark,2024-05-10,-0.004773836228077599
full5y,v5,reset_mark,2024-05-13,0.0015174840523655918
full5y,v5,reset_mark,2024-05-14,0.0176771949193519
full5y,v5,reset_mark,2024-05-15,0.004082278337724654
full5y,v5,reset_mark,2024-05-16,0.0018573325404716457
full5y,v5,reset_mark,2024-05-17,0.008311427867398325
full5y,v5,reset_mark,2024-05-20,0.011292293348879889
full5y,v5,reset_mark,2024-05-21,0.006870228120577693
full5y,v5,reset_mark,2024-05-22,-0.0057467821922547735
full5y,v5,reset_mark,2024-05-23,-0.008863721740265151
full5y,v5,reset_mark,2024-05-24,0.014656706039028623
full5y,v5,reset_mark,2024-05-28,-0.00038784203842546773
full5y,v5,reset_mark,2024-05-29,-0.005321604470488206
full5y,v5,reset_mark,2024-05-30,-0.011592035601378569
full5y,v5,reset_mark,2024-05-31,-0.010594929788168362
full5y,v5,reset_mark,2024-06-03,0.0010384710876926051
full5y,v5,reset_mark,2024-06-04,-0.005822885689187596
full5y,v5,reset_mark,2024-06-05,0.017235212416218816
full5y,v5,reset_mark,2024-06-06,0.0002747283939658729
full5y,v5,reset_mark,2024-06-07,-0.001521180051887272
full5y,v5,reset_mark,2024-06-10,-0.0028871686666320784
full5y,v5,reset_mark,2024-06-11,0.002935503400487871
full5y,v5,reset_mark,2024-06-12,0.013315169306184793
full5y,v5,reset_mark,2024-06-13,0.0002982868967423613
full5y,v5,reset_mark,2024-06-14,0.002528918724513873
full5y,v5,reset_mark,2024-06-17,0.012345761419488399
full5y,v5,reset_mark,2024-06-18,-0.002812469434636844
full5y,v5,reset_mark,2024-06-20,-0.016207526847935548
full5y,v5,reset_mark,2024-06-21,0.005086711706210367
full5y,v5,reset_mark,2024-06-24,-0.006811697909628678
full5y,v5,reset_mark,2024-06-25,0.009874698464446418
full5y,v5,reset_mark,2024-06-26,0.006412270906311346
full5y,v5,reset_mark,2024-06-27,0.0032258541643392035
full5y,v5,reset_mark,2024-06-28,-0.004731831163538258
full5y,v5,reset_mark,2024-07-01,0.015839571030852928
full5y,v5,reset_mark,2024-07-02,0.015341471567540132
full5y,v5,reset_mark,2024-07-03,0.010730457187769904
full5y,v5,reset_mark,2024-07-05,0.010461869312487937
full5y,v5,reset_mark,2024-07-08,-0.0016046976053388673
full5y,v5,reset_mark,2024-07-09,-0.0004352569753606983
full5y,v5,reset_mark,2024-07-10,0.00496113407636356
full5y,v5,reset_mark,2024-07-11,-0.02498791157561534
full5y,v5,reset_mark,2024-07-12,-0.0020867192669068446
full5y,v5,reset_mark,2024-07-15,0.010236497612596273
full5y,v5,reset_mark,2024-07-16,0.016107507258018638
full5y,v5,reset_mark,2024-07-17,-0.021734735758681657
full5y,v5,reset_mark,2024-07-18,-0.013689039872301556
full5y,v5,reset_mark,2024-07-19,-0.01193993786686447
full5y,v5,reset_mark,2024-07-22,0.010110568700907097
full5y,v5,reset_mark,2024-07-23,0.0029433772692060156
full5y,v5,reset_mark,2024-07-24,-0.023977019212942586
full5y,v5,reset_mark,2024-07-25,-0.0034546432524203198
full5y,v5,reset_mark,2024-07-26,0.0005903455605182906
full5y,v5,reset_mark,2024-07-29,0.0016016678893135071
full5y,v5,reset_mark,2024-07-30,-0.001675681890864189
full5y,v5,reset_mark,2024-07-31,0.0017441189648910948
full5y,v5,reset_mark,2024-08-01,-0.0060481199250345345
full5y,v5,reset_mark,2024-08-02,-0.009828487537332365
full5y,v5,reset_mark,2024-08-05,-0.0161323854331513
full5y,v5,reset_mark,2024-08-06,0.00736566419974678
full5y,v5,reset_mark,2024-08-07,-0.0018444705845496513
full5y,v5,reset_mark,2024-08-08,0.022189443008395583
full5y,v5,reset_mark,2024-08-09,0.0032329630482842873
full5y,v5,reset_mark,2024-08-12,0.002257837748959368
full5y,v5,reset_mark,2024-08-13,0.014414428170381988
full5y,v5,reset_mark,2024-08-14,-0.004981079242326969
full5y,v5,reset_mark,2024-08-15,0.015165753278151572
full5y,v5,reset_mark,2024-08-16,0.008440538487977055
full5y,v5,reset_mark,2024-08-19,0.011912093589781736
full5y,v5,reset_mark,2024-08-20,-0.0027420822967905044
full5y,v5,reset_mark,2024-08-21,0.004815740101510435
full5y,v5,reset_mark,2024-08-22,-0.010426505826678156
full5y,v5,reset_mark,2024-08-23,0.016868655400601694
full5y,v5,reset_mark,2024-08-26,-0.006836836582630001
full5y,v5,reset_mark,2024-08-27,-0.0004135244120197612
full5y,v5,reset_mark,2024-08-28,-0.012406563341301625
full5y,v5,reset_mark,2024-08-29,0.01597343771981994
full5y,v5,reset_mark,2024-08-30,0.01805358921884357
full5y,v5,reset_mark,2024-09-03,-0.01566284729277273
full5y,v5,reset_mark,2024-09-04,0.005121290711390026
full5y,v5,reset_mark,2024-09-05,-0.006199759996128007
full5y,v5,reset_mark,2024-09-06,-0.023791115693195773
full5y,v5,reset_mark,2024-09-09,0.016515797249096596
full5y,v5,reset_mark,2024-09-10,-0.003042694252692191
full5y,v5,reset_mark,2024-09-11,0.010357285814471862
full5y,v5,reset_mark,2024-09-12,0.013104912880849662
full5y,v5,reset_mark,2024-09-13,0.004554075739284724
full5y,v5,reset_mark,2024-09-16,-0.00809880322695844
full5y,v5,reset_mark,2024-09-17,0.009282066943848633
full5y,v5,reset_mark,2024-09-18,-0.007110019746209328
full5y,v5,reset_mark,2024-09-19,0.022633537556344986
full5y,v5,reset_mark,2024-09-20,-0.002999609919812818
full5y,v5,reset_mark,2024-09-23,0.006674530101831444
full5y,v5,reset_mark,2024-09-24,0.04429621750290236
full5y,v5,reset_mark,2024-09-25,-0.01163515204752712
full5y,v5,reset_mark,2024-09-26,0.019025453896193444
full5y,v5,reset_mark,2024-09-27,-0.005221350594467067
full5y,v5,reset_mark,2024-09-30,0.002496913643632248
full5y,v5,reset_mark,2024-10-01,0.003332461626633143
full5y,v5,reset_mark,2024-10-02,0.024217146325439178
full5y,v5,reset_mark,2024-10-03,-0.004935593834140694
full5y,v5,reset_mark,2024-10-04,0.021530535838565214
full5y,v5,reset_mark,2024-10-07,0.0037898814780863654
full5y,v5,reset_mark,2024-10-08,-0.01535302895684818
full5y,v5,reset_mark,2024-10-09,-0.011347073732489799
full5y,v5,reset_mark,2024-10-10,0.003171331592788362
full5y,v5,reset_mark,2024-10-11,0.00700702636833801
full5y,v5,reset_mark,2024-10-14,0.0035120560684853254
full5y,v5,reset_mark,2024-10-15,-0.006314374370626441
full5y,v5,reset_mark,2024-10-16,0.00765222790843918
full5y,v5,reset_mark,2024-10-17,-0.003092029929602469
full5y,v5,reset_mark,2024-10-18,0.009470179341128837
full5y,v5,reset_mark,2024-10-21,0.0012937581158934286
full5y,v5,reset_mark,2024-10-22,-0.003031560459539062
full5y,v5,reset_mark,2024-10-23,-0.007582699741105958
full5y,v5,reset_mark,2024-10-24,0.0032824761247035594
full5y,v5,reset_mark,2024-10-25,0.0023322459551555095
full5y,v5,reset_mark,2024-10-28,-0.007911554007844213
full5y,v5,reset_mark,2024-10-29,-0.0023319039521703332
full5y,v5,reset_mark,2024-10-30,0.005781204814953434
full5y,v5,reset_mark,2024-10-31,-0.015123697181305218
full5y,v5,reset_mark,2024-11-01,0.008566035386135595
full5y,v5,reset_mark,2024-11-04,-0.006819148781166473
full5y,v5,reset_mark,2024-11-05,0.006536826823749675
full5y,v5,reset_mark,2024-11-06,0.0209973531022833
full5y,v5,reset_mark,2024-11-07,0.019074664538949838
full5y,v5,reset_mark,2024-11-08,0.06107604603198352
full5y,v5,reset_mark,2024-11-11,0.01222622992114183
full5y,v5,reset_mark,2024-11-12,-0.0016112793270926184
full5y,v5,reset_mark,2024-11-13,-0.0036092435678908076
full5y,v5,reset_mark,2024-11-14,-0.0031364477174204318
full5y,v5,reset_mark,2024-11-15,-0.00786363763669845
full5y,v5,reset_mark,2024-11-18,0.012173436396280036
full5y,v5,reset_mark,2024-11-19,0.007385236397214945
full5y,v5,reset_mark,2024-11-20,0.016934597210849146
full5y,v5,reset_mark,2024-11-21,0.0032114563450125534
full5y,v5,reset_mark,2024-11-22,0.017617982684165125
full5y,v5,reset_mark,2024-11-25,0.0006265740055033775
full5y,v5,reset_mark,2024-11-26,-0.0022580851238974352
full5y,v5,reset_mark,2024-11-27,-0.0005728805508959933
full5y,v5,reset_mark,2024-11-29,0.017129997077295712
full5y,v5,reset_mark,2024-12-02,0.009590455564042644
full5y,v5,reset_mark,2024-12-03,-0.0024719498623941515
full5y,v5,reset_mark,2024-12-04,0.009304020091479482
full5y,v5,reset_mark,2024-12-05,-0.014369186947136448
full5y,v5,reset_mark,2024-12-06,0.020589733304997228
full5y,v5,reset_mark,2024-12-09,0.0015473637479080926
full5y,v5,reset_mark,2024-12-10,-0.0012478147145519758
full5y,v5,reset_mark,2024-12-11,0.018525102871860977
full5y,v5,reset_mark,2024-12-12,-0.004472694895751317
full5y,v5,reset_mark,2024-12-13,-0.0003216507929454604
full5y,v5,reset_mark,2024-12-16,0.010974939274703787
full5y,v5,reset_mark,2024-12-17,0.0008490157655754116
full5y,v5,reset_mark,2024-12-18,-0.02473424163882674
full5y,v5,reset_mark,2024-12-19,0.0070754146345057166
full5y,v5,reset_mark,2024-12-20,0.001787386480280828
full5y,v5,reset_mark,2024-12-23,0.0021447990160566198
full5y,v5,reset_mark,2024-12-24,0.005683227002753699
full5y,v5,reset_mark,2024-12-26,-0.0009965427106170765
full5y,v5,reset_mark,2024-12-27,-0.00571931314331473
full5y,v5,reset_mark,2024-12-30,-0.004765945577165742
full5y,v5,reset_mark,2024-12-31,0.0027765869489139285
full5y,v5,reset_mark,2025-01-02,-0.00012897667546717394
full5y,v5,reset_mark,2025-01-03,0.003435026268118069
full5y,v5,reset_mark,2025-01-06,0.0046362890574927155
full5y,v5,reset_mark,2025-01-07,0.001154843952654705
full5y,v5,reset_mark,2025-01-08,-0.009463836881823607
full5y,v5,reset_mark,2025-01-10,-0.00743489880777507
full5y,v5,reset_mark,2025-01-13,-0.019733074408823315
full5y,v5,reset_mark,2025-01-14,-0.0022744679704893023
full5y,v5,reset_mark,2025-01-15,0.009065415876335225
full5y,v5,reset_mark,2025-01-16,-0.003715623394016665
full5y,v5,reset_mark,2025-01-17,0.005749372065669611
full5y,v5,reset_mark,2025-01-21,0.0031880008752505516
full5y,v5,reset_mark,2025-01-22,0.008723150472537067
full5y,v5,reset_mark,2025-01-23,1.968680980533044e-05
full5y,v5,reset_mark,2025-01-24,-0.002591417764964521
full5y,v5,reset_mark,2025-01-27,-0.023303126166878563
full5y,v5,reset_mark,2025-01-28,0.01774266116917005
full5y,v5,reset_mark,2025-01-29,-0.0061160169185693666
full5y,v5,reset_mark,2025-01-30,0.0038132054205054612
full5y,v5,reset_mark,2025-01-31,-0.008162601491699839
full5y,v5,reset_mark,2025-02-03,-0.006805475489968915
full5y,v5,reset_mark,2025-02-04,0.009737856448763793
full5y,v5,reset_mark,2025-02-05,-0.011796325014052422
full5y,v5,reset_mark,2025-02-06,0.0038902888214605857
full5y,v5,reset_mark,2025-02-07,-0.0002266956314317059
full5y,v5,reset_mark,2025-02-10,0.008934514772517721
full5y,v5,reset_mark,2025-02-11,-0.0035906133446312327
full5y,v5,reset_mark,2025-02-12,0.006037911603502944
full5y,v5,reset_mark,2025-02-13,0.001744632217459774
full5y,v5,reset_mark,2025-02-14,0.006671218272001423
full5y,v5,reset_mark,2025-02-18,0.009455190347323839
full5y,v5,reset_mark,2025-02-19,0.0003487134758095922
full5y,v5,reset_mark,2025-02-20,-0.0001062857155256891
full5y,v5,reset_mark,2025-02-21,0.004972942986118545
full5y,v5,reset_mark,2025-02-24,-0.015967310800983757
full5y,v5,reset_mark,2025-02-25,-0.0017436540296107417
full5y,v5,reset_mark,2025-02-26,-0.00017209359062344553
full5y,v5,reset_mark,2025-02-27,-0.01166525776000774
full5y,v5,reset_mark,2025-02-28,0.001774451497064633
full5y,v5,reset_mark,2025-03-03,-0.0062901586983168944
full5y,v5,reset_mark,2025-03-04,0.002702428362374998
full5y,v5,reset_mark,2025-03-05,0.020358856130289628
full5y,v5,reset_mark,2025-03-06,-0.004001597534852086
full5y,v5,reset_mark,2025-03-07,0.0037933495940169148
full5y,v5,reset_mark,2025-03-10,-0.006956206284936239
full5y,v5,reset_mark,2025-03-11,-0.00714489993234374
full5y,v5,reset_mark,2025-03-12,0.005890687885733015
full5y,v5,reset_mark,2025-03-13,-0.012545613931746103
full5y,v5,reset_mark,2025-03-14,0.0467011568540421
full5y,v5,reset_mark,2025-03-17,-0.009603197890689762
full5y,v5,reset_mark,2025-03-18,-0.01297928925138433
full5y,v5,reset_mark,2025-03-19,0.008958308923035063
full5y,v5,reset_mark,2025-03-20,-0.0029307758524714676
full5y,v5,reset_mark,2025-03-21,0.003975875202180179
full5y,v5,reset_mark,2025-03-24,0.026077437977845053
full5y,v5,reset_mark,2025-03-25,0.0026565461228906127
full5y,v5,reset_mark,2025-03-26,-0.027038881755492163
full5y,v5,reset_mark,2025-03-27,-0.00556562516489425
full5y,v5,reset_mark,2025-03-28,-0.015249753739948291
full5y,v5,reset_mark,2025-03-31,-0.011608300150032813
full5y,v5,reset_mark,2025-04-01,0.006088265862934294
full5y,v5,reset_mark,2025-04-02,0.006082692288126612
full5y,v5,reset_mark,2025-04-03,-0.009811930185424311
full5y,v5,reset_mark,2025-04-04,-0.019596657695204866
full5y,v5,reset_mark,2025-04-07,-0.0011658320519105981
full5y,v5,reset_mark,2025-04-08,-0.03771686693464217
full5y,v5,reset_mark,2025-04-09,0.0933921820984093
full5y,v5,reset_mark,2025-04-10,-0.03900900980042711
full5y,v5,reset_mark,2025-04-11,0.017173107240058515
full5y,v5,reset_mark,2025-04-14,0.0065073753806239145
full5y,v5,reset_mark,2025-04-15,0.006860614718551772
full5y,v5,reset_mark,2025-04-16,-0.03326565681139444
full5y,v5,reset_mark,2025-04-17,-0.0018366823834516043
full5y,v5,reset_mark,2025-04-21,-0.010535863047577542
full5y,v5,reset_mark,2025-04-22,0.020577487964643582
full5y,v5,reset_mark,2025-04-23,0.00830857307812547
full5y,v5,reset_mark,2025-04-24,0.010137600788570312
full5y,v5,reset_mark,2025-04-25,0.0036969152099899706
full5y,v5,reset_mark,2025-04-28,-0.0012810926076618268
full5y,v5,reset_mark,2025-04-29,0.0014527518181797316
full5y,v5,reset_mark,2025-04-30,0.003160810449629581
full5y,v5,reset_mark,2025-05-01,-0.0031942587252721476
full5y,v5,reset_mark,2025-05-02,0.014410535250463364
full5y,v5,reset_mark,2025-05-05,-0.00526169104586619
full5y,v5,reset_mark,2025-05-06,-0.012446191242346671
full5y,v5,reset_mark,2025-05-07,-0.0030855610335403295
full5y,v5,reset_mark,2025-05-08,0.010358590022423864
full5y,v5,reset_mark,2025-05-09,-0.003258713937075586
full5y,v5,reset_mark,2025-05-12,0.04306212967437173
full5y,v5,reset_mark,2025-05-13,0.016270194353670296
full5y,v5,reset_mark,2025-05-14,-0.0019082491277378488
full5y,v5,reset_mark,2025-05-15,-0.005101449114440093
full5y,v5,reset_mark,2025-05-16,0.004559263169325023
full5y,v5,reset_mark,2025-05-19,0.010028276587535023
full5y,v5,reset_mark,2025-05-20,0.007956697209310647
full5y,v5,reset_mark,2025-05-21,-0.021012213251941237
full5y,v5,reset_mark,2025-05-22,0.005541938595106699
full5y,v5,reset_mark,2025-05-23,-0.001273265853830452
full5y,v5,reset_mark,2025-05-27,0.008373216583523125
full5y,v5,reset_mark,2025-05-28,-0.01146774174017522
full5y,v5,reset_mark,2025-05-29,0.0035907078337061304
full5y,v5,reset_mark,2025-05-30,-0.016744244171001954
full5y,v5,reset_mark,2025-06-02,0.0065804264232440565
full5y,v5,reset_mark,2025-06-03,0.00887890107175937
full5y,v5,reset_mark,2025-06-04,0.005537729288536819
full5y,v5,reset_mark,2025-06-05,-0.0025125066689219767
full5y,v5,reset_mark,2025-06-06,0.005239135701893172
full5y,v5,reset_mark,2025-06-09,0.005391116125977491
full5y,v5,reset_mark,2025-06-10,-0.0010129209016800146
full5y,v5,reset_mark,2025-06-11,0.0024386608755517904
full5y,v5,reset_mark,2025-06-12,-0.0016938088175975086
full5y,v5,reset_mark,2025-06-13,-0.010217745083540864
full5y,v5,reset_mark,2025-06-16,0.00508894011704567
full5y,v5,reset_mark,2025-06-17,-0.00568704151477476
full5y,v5,reset_mark,2025-06-18,-0.0035227500951574677
full5y,v5,reset_mark,2025-06-20,-0.00039114289236230615
full5y,v5,reset_mark,2025-06-23,0.005422599949238771
full5y,v5,reset_mark,2025-06-24,0.016772478532923917
full5y,v5,reset_mark,2025-06-25,0.0038766261093716057
full5y,v5,reset_mark,2025-06-26,0.006241306659110335
full5y,v5,reset_mark,2025-06-27,-0.0010765907911864825
full5y,v5,reset_mark,2025-06-30,0.0024597063184558675
full5y,v5,reset_mark,2025-07-01,-0.0016982959094727246
full5y,v5,reset_mark,2025-07-02,0.00618270671684511
full5y,v5,reset_mark,2025-07-03,-0.0003322176349127459
full5y,v5,reset_mark,2025-07-07,-0.003106651277329631
full5y,v5,reset_mark,2025-07-08,0.011697867379285808
full5y,v5,reset_mark,2025-07-09,-0.0005567122848697869
full5y,v5,reset_mark,2025-07-10,0.0051195302346942586
full5y,v5,reset_mark,2025-07-11,-0.0021559080964143828
full5y,v5,reset_mark,2025-07-14,0.0018638984744450027
full5y,v5,reset_mark,2025-07-15,0.005842745390021132
full5y,v5,reset_mark,2025-07-16,-0.00016402739583404324
full5y,v5,reset_mark,2025-07-17,0.004110506854790108
full5y,v5,reset_mark,2025-07-18,-0.004525098330689092
full5y,v5,reset_mark,2025-07-21,0.0015956633040107525
full5y,v5,reset_mark,2025-07-22,0.0036206576020349156
full5y,v5,reset_mark,2025-07-23,0.009527847744409335
full5y,v5,reset_mark,2025-07-24,-0.0009460910573628855
full5y,v5,reset_mark,2025-07-25,-0.0017935684136863527
full5y,v5,reset_mark,2025-07-28,-0.0007552854823709044
full5y,v5,reset_mark,2025-07-29,-0.00700375832299247
full5y,v5,reset_mark,2025-07-30,-0.001208311837736975
full5y,v5,reset_mark,2025-07-31,-0.01396079803202217
full5y,v5,reset_mark,2025-08-01,-0.013784442540813735
full5y,v5,reset_mark,2025-08-04,0.010853554420815658
full5y,v5,reset_mark,2025-08-05,-0.0014344802183593798
full5y,v5,reset_mark,2025-08-06,0.004453781142028634
full5y,v5,reset_mark,2025-08-07,0.0005229889007498989
full5y,v5,reset_mark,2025-08-08,0.0029341236419549444
full5y,v5,reset_mark,2025-08-11,-0.00225920509532892
full5y,v5,reset_mark,2025-08-12,0.006123974152294731
full5y,v5,reset_mark,2025-08-13,0.006236188001845511
full5y,v5,reset_mark,2025-08-14,-0.0034904060758442546
full5y,v5,reset_mark,2025-08-15,-3.623446903244787e-06
full5y,v5,reset_mark,2025-08-18,0.003017539872731012
full5y,v5,reset_mark,2025-08-19,-0.008723888448176864
full5y,v5,reset_mark,2025-08-20,0.0012252520418396307
full5y,v5,reset_mark,2025-08-21,-0.001222410758411674
full5y,v5,reset_mark,2025-08-22,0.00809530050033357
full5y,v5,reset_mark,2025-08-25,0.0015341292029576238
full5y,v5,reset_mark,2025-08-26,0.0023127265400596287
full5y,v5,reset_mark,2025-08-27,-0.007765289317147273
full5y,v5,reset_mark,2025-08-28,0.0024224062960179426
full5y,v5,reset_mark,2025-08-29,-0.002734333899115371
full5y,v5,reset_mark,2025-09-02,0.0010116413563060257
full5y,v5,reset_mark,2025-09-03,-0.0015807739088076866
full5y,v5,reset_mark,2025-09-04,-0.0012423449053444613
full5y,v5,reset_mark,2025-09-05,0.00010244090230425718
full5y,v5,reset_mark,2025-09-08,0.005132085067892089
full5y,v5,reset_mark,2025-09-09,0.006739581840475961
full5y,v5,reset_mark,2025-09-10,0.0008671678738184308
full5y,v5,reset_mark,2025-09-11,0.00396321221167667
full5y,v5,reset_mark,2025-09-12,-0.002690692329185995
full5y,v5,reset_mark,2025-09-15,0.003077904201522075
full5y,v5,reset_mark,2025-09-16,-0.0024016989230834064
full5y,v5,reset_mark,2025-09-17,0.005827557990814303
full5y,v5,reset_mark,2025-09-18,-0.0033789185399766054
full5y,v5,reset_mark,2025-09-19,0.0003395527886793648
full5y,v5,reset_mark,2025-09-22,0.007169171883640679
full5y,v5,reset_mark,2025-09-23,-0.01561894809399882
full5y,v5,reset_mark,2025-09-24,-0.0036479918058522575
full5y,v5,reset_mark,2025-09-25,0.00016078606609932767
full5y,v5,reset_mark,2025-09-26,-0.004045680230963777
full5y,v5,reset_mark,2025-09-29,0.006887399094489233
full5y,v5,reset_mark,2025-09-30,0.0031534155948865217
full5y,v5,reset_mark,2025-10-01,0.009240328658945085
full5y,v5,reset_mark,2025-10-02,0.001246425787420502
full5y,v5,reset_mark,2025-10-03,-0.00386864245313715
full5y,v5,reset_mark,2025-10-06,0.020539890905952575
full5y,v5,reset_mark,2025-10-07,-0.008497927495173929
full5y,v5,reset_mark,2025-10-08,0.007719915959033474
full5y,v5,reset_mark,2025-10-09,-0.00026013451795302566
full5y,v5,reset_mark,2025-10-10,-0.03788826873881453
full5y,v5,reset_mark,2025-10-13,0.02046609796655855
full5y,v5,reset_mark,2025-10-14,-0.006834557771373251
full5y,v5,reset_mark,2025-10-15,0.014591841646850989
full5y,v5,reset_mark,2025-10-16,-0.006029314636119831
full5y,v5,reset_mark,2025-10-17,0.004612737179776926
full5y,v5,reset_mark,2025-10-20,0.009906735975250014
full5y,v5,reset_mark,2025-10-21,-0.002752617690450254
full5y,v5,reset_mark,2025-10-22,-0.020808322371172326
full5y,v5,reset_mark,2025-10-23,0.005547762286040115
full5y,v5,reset_mark,2025-10-24,0.008865642321797373
full5y,v5,reset_mark,2025-10-27,0.012234447585633069
full5y,v5,reset_mark,2025-10-28,0.0047670347645776935
full5y,v5,reset_mark,2025-10-29,-0.0009699715621051541
full5y,v5,reset_mark,2025-10-30,-0.00419690924519669
full5y,v5,reset_mark,2025-10-31,0.003942024408067601
full5y,v5,reset_mark,2025-11-03,-0.006596210582406026
full5y,v5,reset_mark,2025-11-04,-0.015321237345995341
full5y,v5,reset_mark,2025-11-05,0.002850942829179437
full5y,v5,reset_mark,2025-11-06,-0.003783570887349674
full5y,v5,reset_mark,2025-11-07,0.0006424913066863436
full5y,v5,reset_mark,2025-11-10,0.007280131070995344
full5y,v5,reset_mark,2025-11-11,-0.0014975504914568783
full5y,v5,reset_mark,2025-11-12,0.0021844925792981586
full5y,v5,reset_mark,2025-11-13,-0.008363575529343258
full5y,v5,reset_mark,2025-11-14,-0.0026338137823627593
full5y,v5,reset_mark,2025-11-17,-0.0027511435736777834
full5y,v5,reset_mark,2025-11-18,0.0012835165737990484
full5y,v5,reset_mark,2025-11-19,-0.003709217700467793
full5y,v5,reset_mark,2025-11-20,-0.014615724112391492
full5y,v5,reset_mark,2025-11-21,0.00449745920987511
full5y,v5,reset_mark,2025-11-24,0.011733431082592194
full5y,v5,reset_mark,2025-11-25,0.0010504973815981921
full5y,v5,reset_mark,2025-11-26,0.014917180400843666
full5y,v5,reset_mark,2025-11-28,0.006802060663721077
full5y,v5,reset_mark,2025-12-01,-0.006289197114386557
full5y,v5,reset_mark,2025-12-02,-0.001480333285230373
full5y,v5,reset_mark,2025-12-03,0.0022025180148094515
full5y,v5,reset_mark,2025-12-04,0.0056473826994213995
full5y,v5,reset_mark,2025-12-05,0.009474953013501753
full5y,v5,reset_mark,2025-12-08,0.007397141611889979
full5y,v5,reset_mark,2025-12-09,0.009776293564252614
full5y,v5,reset_mark,2025-12-10,0.01729564693762926
full5y,v5,reset_mark,2025-12-11,0.0043468080846400855
full5y,v5,reset_mark,2025-12-12,-0.015569262470956247
full5y,v5,reset_mark,2025-12-15,0.0072350401414821965
full5y,v5,reset_mark,2025-12-16,0.0007108997006081807
full5y,v5,reset_mark,2025-12-17,-0.0017407163033544282
full5y,v5,reset_mark,2025-12-18,0.003314147194073036
full5y,v5,reset_mark,2025-12-19,0.013142014683673575
full5y,v5,reset_mark,2025-12-22,0.00474624287227674
full5y,v5,reset_mark,2025-12-23,-0.004473448841811734
full5y,v5,reset_mark,2025-12-24,0.0011074763754093664
full5y,v5,reset_mark,2025-12-26,-0.003714847156524592
full5y,v5,reset_mark,2025-12-29,0.000477864011113327
full5y,v5,reset_mark,2025-12-30,-0.0014447669550015862
full5y,v5,reset_mark,2025-12-31,-0.006563923596844557
full5y,v5,reset_mark,2026-01-02,0.017950782638435036
full5y,v5,reset_mark,2026-01-05,0.004445172664822405
full5y,v5,reset_mark,2026-01-06,0.010485004578809265
full5y,v5,reset_mark,2026-01-07,-0.0037061893377179135
full5y,v5,reset_mark,2026-01-08,-0.011046368252364925
full5y,v5,reset_mark,2026-01-09,-0.001419169208179205
full5y,v5,reset_mark,2026-01-12,0.009133999489923684
full5y,v5,reset_mark,2026-01-13,0.009687442238674127
full5y,v5,reset_mark,2026-01-14,-0.0022430241797682495
full5y,v5,reset_mark,2026-01-15,-0.00029232874431233123
full5y,v5,reset_mark,2026-01-16,0.0016241044869099053
full5y,v5,reset_mark,2026-01-20,-0.006633180702615138
full5y,v5,reset_mark,2026-01-21,0.02233987726453319
full5y,v5,reset_mark,2026-01-22,0.007999238437322198
full5y,v5,reset_mark,2026-01-23,-0.005548819807852201
full5y,v5,reset_mark,2026-01-26,-0.0012983531875916166
full5y,v5,reset_mark,2026-01-27,0.0003810578817152632
full5y,v5,reset_mark,2026-01-28,0.006771225106946344
full5y,v5,reset_mark,2026-01-29,-0.0015905263188149333
full5y,v5,reset_mark,2026-01-30,-0.01852650467188305
full5y,v5,reset_mark,2026-02-02,-0.011006394351886306
full5y,v5,reset_mark,2026-02-03,-0.016070154143750036
full5y,v5,reset_mark,2026-02-04,-0.0068875113323705
full5y,v5,reset_mark,2026-02-05,-0.006394861181190548
full5y,v5,reset_mark,2026-02-06,0.016262849676420933
full5y,v5,reset_mark,2026-02-09,0.0038023028627598653
full5y,v5,reset_mark,2026-02-10,0.00018803478019243646
full5y,v5,reset_mark,2026-02-11,0.000360943733252872
full5y,v5,reset_mark,2026-02-12,-0.011060683820456007
full5y,v5,reset_mark,2026-02-13,-0.004571650337269051
full5y,v5,reset_mark,2026-02-17,0.0009514894570442301
full5y,v5,reset_mark,2026-02-18,0.0032487377602767207
full5y,v5,reset_mark,2026-02-19,-0.0009341240834552344
full5y,v5,reset_mark,2026-02-20,0.00242426722153295
full5y,v5,reset_mark,2026-02-23,-0.002912584423668085
full5y,v5,reset_mark,2026-02-24,0.0006350830599559099
full5y,v5,reset_mark,2026-02-25,0.00387251118738412
full5y,v5,reset_mark,2026-02-26,-0.017178666376299077
full5y,v5,reset_mark,2026-02-27,0.004654818398397043
full5y,v5,reset_mark,2026-03-02,0.005210012200085101
full5y,v5,reset_mark,2026-03-03,-0.006068885465582996
full5y,v5,reset_mark,2026-03-04,0.007575749236878515
full5y,v5,reset_mark,2026-03-05,0.006046531138240141
full5y,v5,reset_mark,2026-03-06,-0.003629352456795143
full5y,v5,reset_mark,2026-03-09,0.003808440755970033
full5y,v5,reset_mark,2026-03-10,-0.004215296417539904
full5y,v5,reset_mark,2026-03-11,0.003066021994568713
full5y,v5,reset_mark,2026-03-12,-0.0076855018375592945
full5y,v5,reset_mark,2026-03-13,-0.001105120565098383
full5y,v5,reset_mark,2026-03-16,0.0013474828885363
full5y,v5,reset_mark,2026-03-17,0.0012203272123923025
full5y,v5,reset_mark,2026-03-18,-0.003918180936826965
full5y,v5,reset_mark,2026-03-19,-0.006263992805347318
full5y,v5,reset_mark,2026-03-20,-0.012642830972913643
full5y,v5,reset_mark,2026-03-23,0.010934741790751734
full5y,v5,reset_mark,2026-03-24,-0.013541748931829878
full5y,v5,reset_mark,2026-03-25,0.003960718662849527
full5y,v5,reset_mark,2026-03-26,-0.008992581165280955
full5y,v5,reset_mark,2026-03-27,-0.013030212629587779
full5y,v5,reset_mark,2026-03-30,-0.0034422195999590176
full5y,v5,reset_mark,2026-03-31,0.01233108823348591
full5y,v5,reset_mark,2026-04-01,0.0068775615915798284
full5y,v5,reset_mark,2026-04-02,-0.0035408151055096094
full5y,v5,reset_mark,2026-04-06,-0.0020809562502856704
full5y,v5,reset_mark,2026-04-07,-0.00013028691416211435
full5y,v5,reset_mark,2026-04-08,0.002570871174947531
full5y,v5,reset_mark,2026-04-09,-0.007093577086290459
full5y,v5,reset_mark,2026-04-10,0.003693847741262757
full5y,v5,reset_mark,2026-04-13,0.005813771134896606
full5y,v5,reset_mark,2026-04-14,0.01850053728461485
full5y,v5,reset_mark,2026-04-15,0.02549367854696032
full5y,v5,reset_mark,2026-04-16,0.0016646139452313302
full5y,v5,reset_mark,2026-04-17,0.001383584569788965
full5y,v5,reset_mark,2026-04-20,-0.0008598431817615548
full5y,v5,reset_mark,2026-04-21,-0.003596508613825311
full5y,v5,reset_mark,2026-04-22,0.013804988257668937
full5y,v5,reset_mark,2026-04-23,-0.016602486687652317
full5y,v5,reset_mark,2026-04-24,0.010259506655941941
full5y,v5,reset_mark,2026-04-27,0.009334695336157694
full5y,v5,reset_mark,2026-04-28,-0.005609762039583211
full5y,v5,reset_mark,2026-04-29,-0.0028614296136693753
full5y,v5,reset_mark,2026-04-30,0.0031267896219765445
full5y,v5,reset_mark,2026-05-01,0.009800739057132468
full5y,v5,reset_mark,2026-05-04,0.0012963966615763378
full5y,v5,reset_mark,2026-05-05,0.0010995571167439432
full5y,v5,reset_mark,2026-05-06,0.016083559422505257
full5y,v5,reset_mark,2026-05-07,0.016356703026161802
full5y,v5,reset_mark,2026-05-08,0.011232562878092734
full5y,v5,reset_mark,2026-05-11,0.002499039904793543
full5y,v5,reset_mark,2026-05-12,-0.005783710582710122
full5y,v5,reset_mark,2026-05-13,0.011626902822270923
full5y,v5,reset_mark,2026-05-14,0.005759527810101428
full5y,v5,reset_mark,2026-05-15,-0.007311635855668175
full5y,v5,reset_mark,2026-05-18,-0.0008629740545387343
full5y,v5,reset_mark,2026-05-19,-0.004623420609736528
full5y,v5,reset_mark,2026-05-20,0.009132087096903607
full5y,v5,reset_mark,2026-05-21,-0.002701293977409891
full5y,v5,reset_mark,2026-05-22,0.003894511390707356
full5y,v5,reset_mark,2026-05-26,0.010913352849066749
full5y,v5,reset_mark,2026-05-27,-0.0019701983300647987
full5y,v5,reset_mark,2026-05-28,0.043919719303088536
full5y,v5,reset_mark,2026-05-29,0.007943739427139418
full5y,v5,reset_mark,2026-06-01,0.014312400605351727
full5y,v5,reset_mark,2026-06-02,-0.011081225886195667
full5y,v5,reset_mark,2026-06-03,-0.015158608015473663
full5y,v5,reset_mark,2026-06-04,0.0005203237571319352
full5y,v5,reset_mark,2026-06-05,-0.03212502138102043
full5y,v5,reset_mark,2026-06-08,0.007131693972933029
full5y,v5,reset_mark,2026-06-09,-0.004847001242489523
full5y,v5,reset_mark,2026-06-10,-0.004067851220674346
full5y,v5,reset_mark,2026-06-11,0.00020425406654052126
full5y,v5,reset_mark,2026-06-12,-0.0031656893505026653
full5y,v5,reset_mark,2026-06-15,0.0034367213858373493
full5y,v5,reset_mark,2026-06-16,-0.0010216759978194934
full5y,v5,reset_mark,2026-06-17,-0.001594496028437986
full5y,v5,reset_mark,2026-06-18,-0.0009508830571814842
full5y,v5,reset_mark,2026-06-22,-0.002453828022294935
full5y,v5,reset_mark,2026-06-23,0.0016858675960797153
full5y,v5,reset_mark,2026-06-24,-0.0019356827581182956
full5y,v5,reset_mark,2026-06-25,0.000491259404887634
full5y,v5,reset_mark,2026-06-26,0.009645031881770395
full5y,v5,reset_mark,2026-06-29,-0.001382705731639955
full5y,v5,reset_mark,2026-06-30,0.002339891814490769
full5y,v5,reset_mark,2026-07-01,0.005647292260248249
full5y,v5,reset_mark,2026-07-02,0.0012178261018067405
full5y,v5,reset_mark,2026-07-06,-0.00021460733777332042
full5y,v5,reset_mark,2026-07-07,0.0007910061420274728
full5y,v5,reset_mark,2026-07-08,-0.001958725070174516
full5y,v5,reset_mark,2026-07-09,0.0026310837645209693
full5y,v5,reset_mark,2026-07-10,-0.0020654869606451798
full5y,v5,reset_mark,2026-07-13,0.004283334220519119
full5y,v5,reset_mark,2026-07-14,0.001163659904791281
full5y,v5,reset_mark,2026-07-15,0.0013047684426035766
full5y,v5,reset_mark,2026-07-16,0.0007021307088800443
full5y,v5,reset_mark,2026-07-17,-0.002229790692674338
full5y,v5,reset_mark,2026-07-20,0.003020974787506581
full5y,v5,reset_mark,2026-07-21,-0.0004970702730712762
full5y,v5,reset_mark,2026-07-22,-0.003513149966285778
full5y,v5,reset_mark,2026-07-23,-0.002715887969955477
full5y,v5,reset_mark,2026-07-24,0.0028784733434240374
full5y,v5,reset_mark,2026-07-27,0.004194022431430922
full5y,v5,reset_mark,2026-07-28,0.0029809515802536545
full5y,v5,reset_mark,2026-07-29,0.005636828472016386
full5y,v5,reset_mark,2026-07-30,0.020254916898038322
full5y,v5,reset_mark,2026-07-31,-0.006461426939668291
full5y,v5,reset_mark,2026-08-03,0.028898996872659045
full5y,v5,reset_mark,2026-08-04,0.02628403750571211
full5y,v5,reset_mark,2026-08-05,-0.006569676005007652
full5y,v5,reset_mark,2026-08-06,-0.002444545040455082
full5y,v5,reset_mark,2026-08-07,0.012785295520698037
full5y,v5,reset_mark,2026-08-10,0.00421746303783076
full5y,v5,reset_mark,2026-08-11,-0.005271158881184202
full5y,v5,reset_mark,2026-08-12,-0.0008809228739185881
full5y,v5,reset_mark,2026-08-13,0.002902293664416189
full5y,v5,reset_mark,2026-08-14,0.01248843679204371
full5y,v5,reset_mark,2026-08-17,-0.0028958297786084164
full5y,v5,reset_mark,2026-08-18,-0.013980503302559389
full5y,v5,reset_mark,2026-08-19,0.007034841814780734
full5y,v5,reset_mark,2026-08-20,-0.003071646970326225
full5y,v5,reset_mark,2026-08-21,0.004542463553132448
full5y,v5,reset_mark,2026-08-24,-0.0006954255409217014
full5y,v5,reset_mark,2026-08-25,0.001577029946714581
full5y,v5,reset_mark,2026-08-26,-0.0019387163847680799
full5y,v5,reset_mark,2026-08-27,0.0037240467672158607
full5y,v5,carry_mark,2021-08-27,0.0
full5y,v5,carry_mark,2021-08-30,0.0
full5y,v5,carry_mark,2021-08-31,0.0
full5y,v5,carry_mark,2021-09-01,0.0
full5y,v5,carry_mark,2021-09-02,0.0
full5y,v5,carry_mark,2021-09-03,0.0
full5y,v5,carry_mark,2021-09-07,0.0
full5y,v5,carry_mark,2021-09-08,0.0
full5y,v5,carry_mark,2021-09-09,0.0
full5y,v5,carry_mark,2021-09-10,0.0
full5y,v5,carry_mark,2021-09-13,0.0
full5y,v5,carry_mark,2021-09-14,0.0
full5y,v5,carry_mark,2021-09-15,0.0
full5y,v5,carry_mark,2021-09-16,0.0
full5y,v5,carry_mark,2021-09-17,0.0
full5y,v5,carry_mark,2021-09-20,0.0
full5y,v5,carry_mark,2021-09-21,0.0
full5y,v5,carry_mark,2021-09-22,0.0
full5y,v5,carry_mark,2021-09-23,0.0006751727066287572
full5y,v5,carry_mark,2021-09-24,-0.006448512492050251
full5y,v5,carry_mark,2021-09-27,0.004423871591320627
full5y,v5,carry_mark,2021-09-28,0.0001970413283174377
full5y,v5,carry_mark,2021-09-29,-0.002163222236242379
full5y,v5,carry_mark,2021-09-30,0.003015075376884413
full5y,v5,carry_mark,2021-10-01,-0.0024390243902438933
full5y,v5,carry_mark,2021-10-04,-0.007300003051757808
full5y,v5,carry_mark,2021-10-05,0.0039913750803061586
full5y,v5,carry_mark,2021-10-06,-0.0014522837175506397
full5y,v5,carry_mark,2021-10-07,0.012315786261307582
full5y,v5,carry_mark,2021-10-08,0.0028116214487384104
full5y,v5,carry_mark,2021-10-11,-0.0003646252576225195
full5y,v5,carry_mark,2021-10-12,-0.0013723695865677898
full5y,v5,carry_mark,2021-10-13,0.005473092513412681
full5y,v5,carry_mark,2021-10-14,-0.0012313051311001245
full5y,v5,carry_mark,2021-10-15,0.0029385532793283708
full5y,v5,carry_mark,2021-10-18,0.0018166077005539183
full5y,v5,carry_mark,2021-10-19,0.00824129552178512
full5y,v5,carry_mark,2021-10-20,0.0011773880318995066
full5y,v5,carry_mark,2021-10-21,-0.0005430542912239101
full5y,v5,carry_mark,2021-10-22,0.00023401174641131118
full5y,v5,carry_mark,2021-10-25,0.0009338497651690148
full5y,v5,carry_mark,2021-10-26,-0.006168080330173365
full5y,v5,carry_mark,2021-10-27,-0.0030402605102905376
full5y,v5,carry_mark,2021-10-28,0.0006779686879303304
full5y,v5,carry_mark,2021-10-29,-0.00563973434808559
full5y,v5,carry_mark,2021-11-01,0.005263159327554279
full5y,v5,carry_mark,2021-11-02,-0.00805084745762713
full5y,v5,carry_mark,2021-11-03,0.002211982973160298
full5y,v5,carry_mark,2021-11-04,-0.0015329166404384642
full5y,v5,carry_mark,2021-11-05,-0.0049450494939517805
full5y,v5,carry_mark,2021-11-08,0.002986510966262057
full5y,v5,carry_mark,2021-11-09,-0.0024321781450037383
full5y,v5,carry_mark,2021-11-10,0.0028763182284005095
full5y,v5,carry_mark,2021-11-11,0.011369987512821745
full5y,v5,carry_mark,2021-11-12,0.0003347293103589166
full5y,v5,carry_mark,2021-11-15,-0.0018348661798489375
full5y,v5,carry_mark,2021-11-16,0.003313510303312839
full5y,v5,carry_mark,2021-11-17,-0.003289473725487968
full5y,v5,carry_mark,2021-11-18,-0.0063775511031579305
full5y,v5,carry_mark,2021-11-19,0.0013623978390449932
full5y,v5,carry_mark,2021-11-22,-0.0037634381771215917
full5y,v5,carry_mark,2021-11-23,-0.0013035395772704518
full5y,v5,carry_mark,2021-11-24,0.0008490580432819695
full5y,v5,carry_mark,2021-11-26,-0.008325539194425868
full5y,v5,carry_mark,2021-11-29,0.0006135683176469175
full5y,v5,carry_mark,2021-11-30,0.0
full5y,v5,carry_mark,2021-12-01,0.0
full5y,v5,carry_mark,2021-12-02,0.0
full5y,v5,carry_mark,2021-12-03,0.0
full5y,v5,carry_mark,2021-12-06,0.0
full5y,v5,carry_mark,2021-12-07,0.0
full5y,v5,carry_mark,2021-12-08,0.0
full5y,v5,carry_mark,2021-12-09,-0.0024435980224609467
full5y,v5,carry_mark,2021-12-10,0.002745483977933971
full5y,v5,carry_mark,2021-12-13,-0.0046681357149386486
full5y,v5,carry_mark,2021-12-14,-0.000935265328570345
full5y,v5,carry_mark,2021-12-15,0.0027780918610421424
full5y,v5,carry_mark,2021-12-16,-0.009812950466482628
full5y,v5,carry_mark,2021-12-17,0.0022616700527611
full5y,v5,carry_mark,2021-12-20,-0.0003791349859946669
full5y,v5,carry_mark,2021-12-21,0.0071737093287165266
full5y,v5,carry_mark,2021-12-22,0.0009244120149909607
full5y,v5,carry_mark,2021-12-23,-0.0024797555798548587
full5y,v5,carry_mark,2021-12-27,0.0007931931172296513
full5y,v5,carry_mark,2021-12-28,-0.0033552083542858656
full5y,v5,carry_mark,2021-12-29,0.0011846666076972268
full5y,v5,carry_mark,2021-12-30,-0.0010400588771790065
full5y,v5,carry_mark,2021-12-31,-0.0017197274534627494
full5y,v5,carry_mark,2022-01-03,-0.0022297665388189116
full5y,v5,carry_mark,2022-01-04,-0.010258536520358496
full5y,v5,carry_mark,2022-01-05,-0.011631776763448254
full5y,v5,carry_mark,2022-01-06,0.0045405895165822165
full5y,v5,carry_mark,2022-01-07,0.006002550146946217
full5y,v5,carry_mark,2022-01-10,0.00024096017860504305
full5y,v5,carry_mark,2022-01-11,0.007477601512437149
full5y,v5,carry_mark,2022-01-12,0.0072564849679140455
full5y,v5,carry_mark,2022-01-13,-0.012702731760111653
full5y,v5,carry_mark,2022-01-14,0.000840819775274515
full5y,v5,carry_mark,2022-01-18,-0.012593994692962195
full5y,v5,carry_mark,2022-01-19,-0.005386563549346068
full5y,v5,carry_mark,2022-01-20,0.009419226802286995
full5y,v5,carry_mark,2022-01-21,-0.005734410955871771
full5y,v5,carry_mark,2022-01-24,-0.004258051258785023
full5y,v5,carry_mark,2022-01-25,-0.006760593784593294
full5y,v5,carry_mark,2022-01-26,-0.004868637081682614
full5y,v5,carry_mark,2022-01-27,-0.010129021452757302
full5y,v5,carry_mark,2022-01-28,0.014251162311491372
full5y,v5,carry_mark,2022-01-31,0.025843541452979645
full5y,v5,carry_mark,2022-02-01,0.0046141102782761845
full5y,v5,carry_mark,2022-02-02,-0.006727646445012558
full5y,v5,carry_mark,2022-02-03,-0.027474183795001862
full5y,v5,carry_mark,2022-02-04,0.01534430879365083
full5y,v5,carry_mark,2022-02-07,-0.0009226527250840277
full5y,v5,carry_mark,2022-02-08,0.0033231608218325603
full5y,v5,carry_mark,2022-02-09,0.019527828679434013
full5y,v5,carry_mark,2022-02-10,-0.013504781667255628
full5y,v5,carry_mark,2022-02-11,-0.02362775853389233
full5y,v5,carry_mark,2022-02-14,-0.0032420857068217067
full5y,v5,carry_mark,2022-02-15,0.016764250887556665
full5y,v5,carry_mark,2022-02-16,0.014018979586114422
full5y,v5,carry_mark,2022-02-17,-0.021248117879413265
full5y,v5,carry_mark,2022-02-18,-0.0028339848502002885
full5y,v5,carry_mark,2022-02-22,-0.013308254226869065
full5y,v5,carry_mark,2022-02-23,-0.013707759440092337
full5y,v5,carry_mark,2022-02-24,0.029941634022192874
full5y,v5,carry_mark,2022-02-25,-0.008994145637484541
full5y,v5,carry_mark,2022-02-28,0.006219379688044502
full5y,v5,carry_mark,2022-03-01,-0.010564988226539184
full5y,v5,carry_mark,2022-03-02,0.005731666331558749
full5y,v5,carry_mark,2022-03-03,-0.022249341515597088
full5y,v5,carry_mark,2022-03-04,-0.01852790963897747
full5y,v5,carry_mark,2022-03-07,-0.041462228252992436
full5y,v5,carry_mark,2022-03-08,0.0011497043754050585
full5y,v5,carry_mark,2022-03-09,0.03467102463460838
full5y,v5,carry_mark,2022-03-10,-0.00945790033956997
full5y,v5,carry_mark,2022-03-11,-0.016137702445318147
full5y,v5,carry_mark,2022-03-14,-0.005226128649590267
full5y,v5,carry_mark,2022-03-15,0.012219014026115893
full5y,v5,carry_mark,2022-03-16,0.04658501131525583
full5y,v5,carry_mark,2022-03-17,-0.0003523786929826689
full5y,v5,carry_mark,2022-03-18,0.035559546741743796
full5y,v5,carry_mark,2022-03-21,-0.01752062634949767
full5y,v5,carry_mark,2022-03-22,0.0366068700772713
full5y,v5,carry_mark,2022-03-23,-0.008778741690660397
full5y,v5,carry_mark,2022-03-24,0.005388497259365854
full5y,v5,carry_mark,2022-03-25,-0.015911713060816835
full5y,v5,carry_mark,2022-03-28,0.02542507757178374
full5y,v5,carry_mark,2022-03-29,0.01588951154941476
full5y,v5,carry_mark,2022-03-30,-0.009256337856246976
full5y,v5,carry_mark,2022-03-31,-0.018354307242410196
full5y,v5,carry_mark,2022-04-01,0.017602538258522937
full5y,v5,carry_mark,2022-04-04,0.02021008709079889
full5y,v5,carry_mark,2022-04-05,-0.02724643277117781
full5y,v5,carry_mark,2022-04-06,-0.028217942027743005
full5y,v5,carry_mark,2022-04-07,0.0006233303246806598
full5y,v5,carry_mark,2022-04-08,-0.007598340746179743
full5y,v5,carry_mark,2022-04-11,-0.01937920620941167
full5y,v5,carry_mark,2022-04-12,0.003776007286518368
full5y,v5,carry_mark,2022-04-13,0.015281511128537461
full5y,v5,carry_mark,2022-04-14,-0.01861708365758199
full5y,v5,carry_mark,2022-04-18,-0.006679531319448051
full5y,v5,carry_mark,2022-04-19,0.00524780319721867
full5y,v5,carry_mark,2022-04-20,-0.0078009495173982256
full5y,v5,carry_mark,2022-04-21,-0.004969230609638798
full5y,v5,carry_mark,2022-04-22,-0.007911576346057447
full5y,v5,carry_mark,2022-04-25,0.004616021378190826
full5y,v5,carry_mark,2022-04-26,-0.019519085912264634
full5y,v5,carry_mark,2022-04-27,0.003565951157709346
full5y,v5,carry_mark,2022-04-28,0.004016697896795196
full5y,v5,carry_mark,2022-04-29,-0.004181202107854975
full5y,v5,carry_mark,2022-05-02,0.002504328510437093
full5y,v5,carry_mark,2022-05-03,-0.0009456190212897897
full5y,v5,carry_mark,2022-05-04,0.0029100760318527376
full5y,v5,carry_mark,2022-05-05,-0.004355474310057861
full5y,v5,carry_mark,2022-05-06,-0.0009446529870309917
full5y,v5,carry_mark,2022-05-09,-0.0036945451927956952
full5y,v5,carry_mark,2022-05-10,0.001859556155956854
full5y,v5,carry_mark,2022-05-11,-0.003320969279046848
full5y,v5,carry_mark,2022-05-12,-0.0019957712274333295
full5y,v5,carry_mark,2022-05-13,0.002259639269925384
full5y,v5,carry_mark,2022-05-16,0.00014552883345526625
full5y,v5,carry_mark,2022-05-17,0.0020344196268522905
full5y,v5,carry_mark,2022-05-18,-0.004774756443838712
full5y,v5,carry_mark,2022-05-19,-0.0003699631748394272
full5y,v5,carry_mark,2022-05-20,-0.0002291229487450308
full5y,v5,carry_mark,2022-05-23,0.0032031978207529787
full5y,v5,carry_mark,2022-05-24,-0.0003951654722485598
full5y,v5,carry_mark,2022-05-25,0.0011170148490201592
full5y,v5,carry_mark,2022-05-26,0.0012875228646442194
full5y,v5,carry_mark,2022-05-27,0.004230405315745233
full5y,v5,carry_mark,2022-05-31,-0.0022410564676106025
full5y,v5,carry_mark,2022-06-01,-0.0009727788078103816
full5y,v5,carry_mark,2022-06-02,0.010376715233526502
full5y,v5,carry_mark,2022-06-03,-0.007751572294754383
full5y,v5,carry_mark,2022-06-06,-0.0018183517409255056
full5y,v5,carry_mark,2022-06-07,0.003886164016552196
full5y,v5,carry_mark,2022-06-08,0.0025165981169850693
full5y,v5,carry_mark,2022-06-09,-0.003804377717932084
full5y,v5,carry_mark,2022-06-10,-0.012570149267352526
full5y,v5,carry_mark,2022-06-13,-0.011691037842629282
full5y,v5,carry_mark,2022-06-14,0.001062878398507694
full5y,v5,carry_mark,2022-06-15,0.007613943935911216
full5y,v5,carry_mark,2022-06-16,-0.011669314779698504
full5y,v5,carry_mark,2022-06-17,0.008076800467508605
full5y,v5,carry_mark,2022-06-21,0.010190001005630788
full5y,v5,carry_mark,2022-06-22,0.003564246878155686
full5y,v5,carry_mark,2022-06-23,0.016648127278401682
full5y,v5,carry_mark,2022-06-24,0.01634548173718735
full5y,v5,carry_mark,2022-06-27,-0.0045894256975792195
full5y,v5,carry_mark,2022-06-28,-0.012077410817883771
full5y,v5,carry_mark,2022-06-29,-0.0003063912053249851
full5y,v5,carry_mark,2022-06-30,-0.006312628456834857
full5y,v5,carry_mark,2022-07-01,0.0055585312381704055
full5y,v5,carry_mark,2022-07-05,0.012341050270722565
full5y,v5,carry_mark,2022-07-06,0.0013293148534655242
full5y,v5,carry_mark,2022-07-07,0.009489603379203192
full5y,v5,carry_mark,2022-07-08,0.0008517651193323151
full5y,v5,carry_mark,2022-07-11,-0.009062569533544073
full5y,v5,carry_mark,2022-07-12,-0.009326454090748093
full5y,v5,carry_mark,2022-07-13,0.0022362201843154073
full5y,v5,carry_mark,2022-07-14,-0.0012406113804903196
full5y,v5,carry_mark,2022-07-15,0.006462220470643798
full5y,v5,carry_mark,2022-07-18,-0.0033146267035909726
full5y,v5,carry_mark,2022-07-19,0.008743652040458494
full5y,v5,carry_mark,2022-07-20,0.012152801474621389
full5y,v5,carry_mark,2022-07-21,0.00477791595209629
full5y,v5,carry_mark,2022-07-22,-0.014576123405546171
full5y,v5,carry_mark,2022-07-25,-0.0033992526730326155
full5y,v5,carry_mark,2022-07-26,-0.013279628778868202
full5y,v5,carry_mark,2022-07-27,0.02106920720004417
full5y,v5,carry_mark,2022-07-28,0.0042639915799987495
full5y,v5,carry_mark,2022-07-29,0.010130163019288286
full5y,v5,carry_mark,2022-08-01,0.0005638798889855857
full5y,v5,carry_mark,2022-08-02,0.000652338313404488
full5y,v5,carry_mark,2022-08-03,0.01386817039691306
full5y,v5,carry_mark,2022-08-04,0.00043940048771523577
full5y,v5,carry_mark,2022-08-05,0.0005881856598966562
full5y,v5,carry_mark,2022-08-08,0.002193795557494971
full5y,v5,carry_mark,2022-08-09,-0.009464131047173318
full5y,v5,carry_mark,2022-08-10,0.013693767694748038
full5y,v5,carry_mark,2022-08-11,-0.0015068556701539615
full5y,v5,carry_mark,2022-08-12,0.01084702134949007
full5y,v5,carry_mark,2022-08-15,0.0009817534116230097
full5y,v5,carry_mark,2022-08-16,-0.0040200020660128176
full5y,v5,carry_mark,2022-08-17,-0.004071082061456332
full5y,v5,carry_mark,2022-08-18,-0.0036924328605211
full5y,v5,carry_mark,2022-08-19,-0.001676603452033565
full5y,v5,carry_mark,2022-08-22,0.0020823030137983923
full5y,v5,carry_mark,2022-08-23,-0.0003051696624335909
full5y,v5,carry_mark,2022-08-24,0.001224427485044499
full5y,v5,carry_mark,2022-08-25,0.014833677261199218
full5y,v5,carry_mark,2022-08-26,-0.0023977869997869215
full5y,v5,carry_mark,2022-08-29,-0.0028969056639751136
full5y,v5,carry_mark,2022-08-30,-0.008072531244201653
full5y,v5,carry_mark,2022-08-31,0.006315623897797651
full5y,v5,carry_mark,2022-09-01,-0.0034266060942455545
full5y,v5,carry_mark,2022-09-02,-0.006213204337382849
full5y,v5,carry_mark,2022-09-06,-0.005831817033679243
full5y,v5,carry_mark,2022-09-07,0.0002855810868112707
full5y,v5,carry_mark,2022-09-08,0.0
full5y,v5,carry_mark,2022-09-09,0.0
full5y,v5,carry_mark,2022-09-12,0.0
full5y,v5,carry_mark,2022-09-13,0.0
full5y,v5,carry_mark,2022-09-14,0.0
full5y,v5,carry_mark,2022-09-15,0.0
full5y,v5,carry_mark,2022-09-16,0.0
full5y,v5,carry_mark,2022-09-19,0.0
full5y,v5,carry_mark,2022-09-20,0.0
full5y,v5,carry_mark,2022-09-21,0.0
full5y,v5,carry_mark,2022-09-22,0.0
full5y,v5,carry_mark,2022-09-23,0.0
full5y,v5,carry_mark,2022-09-26,0.0
full5y,v5,carry_mark,2022-09-27,0.0
full5y,v5,carry_mark,2022-09-28,0.0
full5y,v5,carry_mark,2022-09-29,0.0
full5y,v5,carry_mark,2022-09-30,0.0
full5y,v5,carry_mark,2022-10-03,0.0
full5y,v5,carry_mark,2022-10-04,0.0
full5y,v5,carry_mark,2022-10-05,0.0
full5y,v5,carry_mark,2022-10-06,0.0
full5y,v5,carry_mark,2022-10-07,0.0
full5y,v5,carry_mark,2022-10-10,0.0
full5y,v5,carry_mark,2022-10-11,0.0
full5y,v5,carry_mark,2022-10-12,0.0
full5y,v5,carry_mark,2022-10-13,0.0
full5y,v5,carry_mark,2022-10-14,-0.01972387435530636
full5y,v5,carry_mark,2022-10-17,0.018548621603363326
full5y,v5,carry_mark,2022-10-18,0.0003802951783891784
full5y,v5,carry_mark,2022-10-19,-0.013982344413236791
full5y,v5,carry_mark,2022-10-20,-0.00047175495461944107
full5y,v5,carry_mark,2022-10-21,0.008834612356483928
full5y,v5,carry_mark,2022-10-24,-0.02636384908084739
full5y,v5,carry_mark,2022-10-25,0.012414322686174817
full5y,v5,carry_mark,2022-10-26,-0.006607509486069763
full5y,v5,carry_mark,2022-10-27,-0.005508077581122239
full5y,v5,carry_mark,2022-10-28,0.009045212635684318
full5y,v5,carry_mark,2022-10-31,-0.00345623722281273
full5y,v5,carry_mark,2022-11-01,-0.003102615995200875
full5y,v5,carry_mark,2022-11-02,-0.010344828946187823
full5y,v5,carry_mark,2022-11-03,-0.005769242612733571
full5y,v5,carry_mark,2022-11-04,0.005608576230622187
full5y,v5,carry_mark,2022-11-07,0.0
full5y,v5,carry_mark,2022-11-08,0.0017868800499873494
full5y,v5,carry_mark,2022-11-09,-0.011980775391914954
full5y,v5,carry_mark,2022-11-10,0.017706712260532508
full5y,v5,carry_mark,2022-11-11,0.022052318114762583
full5y,v5,carry_mark,2022-11-14,0.0005337953867977751
full5y,v5,carry_mark,2022-11-15,0.01897084177894972
full5y,v5,carry_mark,2022-11-16,-0.012170137404703296
full5y,v5,carry_mark,2022-11-17,0.00284552767805345
full5y,v5,carry_mark,2022-11-18,-0.01029672113398702
full5y,v5,carry_mark,2022-11-21,-0.008154941733035093
full5y,v5,carry_mark,2022-11-22,-0.001422487030816666
full5y,v5,carry_mark,2022-11-23,0.005896498001877371
full5y,v5,carry_mark,2022-11-25,-0.006332974278069103
full5y,v5,carry_mark,2022-11-28,7.294576189273983e-05
full5y,v5,carry_mark,2022-11-29,0.011685355823771148
full5y,v5,carry_mark,2022-11-30,0.018211511298910677
full5y,v5,carry_mark,2022-12-01,0.004729834806107414
full5y,v5,carry_mark,2022-12-02,0.00818400143749728
full5y,v5,carry_mark,2022-12-05,-0.01646890159800265
full5y,v5,carry_mark,2022-12-06,0.0009241036684047854
full5y,v5,carry_mark,2022-12-07,-0.008167108471751417
full5y,v5,carry_mark,2022-12-08,0.012280911274506867
full5y,v5,carry_mark,2022-12-09,0.007538973256688486
full5y,v5,carry_mark,2022-12-12,-0.0033877600384950466
full5y,v5,carry_mark,2022-12-13,-0.00265535121290289
full5y,v5,carry_mark,2022-12-14,-0.0042784371280296775
full5y,v5,carry_mark,2022-12-15,-0.012462493881007198
full5y,v5,carry_mark,2022-12-16,-0.0047556210476764615
full5y,v5,carry_mark,2022-12-19,-0.004122331866284024
full5y,v5,carry_mark,2022-12-20,-0.005839803397241961
full5y,v5,carry_mark,2022-12-21,0.008329791240569739
full5y,v5,carry_mark,2022-12-22,-0.004418012092720946
full5y,v5,carry_mark,2022-12-23,-0.002276335637646576
full5y,v5,carry_mark,2022-12-27,-0.004185246486137129
full5y,v5,carry_mark,2022-12-28,-0.0020862693867820027
full5y,v5,carry_mark,2022-12-29,0.00800388467306683
full5y,v5,carry_mark,2022-12-30,0.002106281298778545
full5y,v5,carry_mark,2023-01-03,-0.005577483358000346
full5y,v5,carry_mark,2023-01-04,0.008494403313123945
full5y,v5,carry_mark,2023-01-05,-0.0013406552680141348
full5y,v5,carry_mark,2023-01-06,0.002716468584871112
full5y,v5,carry_mark,2023-01-09,6.014068960888963e-05
full5y,v5,carry_mark,2023-01-10,0.007251107740259344
full5y,v5,carry_mark,2023-01-11,0.0029116531278782
full5y,v5,carry_mark,2023-01-12,-0.0008834323748686979
full5y,v5,carry_mark,2023-01-13,0.012181590878803817
full5y,v5,carry_mark,2023-01-17,-0.004002127141895173
full5y,v5,carry_mark,2023-01-18,-0.019301829562553108
full5y,v5,carry_mark,2023-01-19,-0.008324783415304137
full5y,v5,carry_mark,2023-01-20,0.035753689644188555
full5y,v5,carry_mark,2023-01-23,0.02548484635261623
full5y,v5,carry_mark,2023-01-24,-0.0019365851461989215
full5y,v5,carry_mark,2023-01-25,0.0005019778338304692
full5y,v5,carry_mark,2023-01-26,0.02523827275376451
full5y,v5,carry_mark,2023-01-27,0.01679564472995314
full5y,v5,carry_mark,2023-01-30,-0.029563929886600292
full5y,v5,carry_mark,2023-01-31,0.004755081635441349
full5y,v5,carry_mark,2023-02-01,0.019059140037159604
full5y,v5,carry_mark,2023-02-02,0.00704425746652475
full5y,v5,carry_mark,2023-02-03,-0.015254269701252354
full5y,v5,carry_mark,2023-02-06,-0.005571069906128679
full5y,v5,carry_mark,2023-02-07,0.003940865580137287
full5y,v5,carry_mark,2023-02-08,0.0033453241258849962
full5y,v5,carry_mark,2023-02-09,0.0018153052851291763
full5y,v5,carry_mark,2023-02-10,-0.009207425357664601
full5y,v5,carry_mark,2023-02-13,0.0018739410764965659
full5y,v5,carry_mark,2023-02-14,0.0003876507934245099
full5y,v5,carry_mark,2023-02-15,0.00040560038617505346
full5y,v5,carry_mark,2023-02-16,-0.0029633091587358273
full5y,v5,carry_mark,2023-02-17,-0.0007841171277746861
full5y,v5,carry_mark,2023-02-21,-0.0030060966525144784
full5y,v5,carry_mark,2023-02-22,-0.00010000000000001119
full5y,v5,carry_mark,2023-02-23,0.0
full5y,v5,carry_mark,2023-02-24,0.0
full5y,v5,carry_mark,2023-02-27,0.0
full5y,v5,carry_mark,2023-02-28,0.0
full5y,v5,carry_mark,2023-03-01,0.0
full5y,v5,carry_mark,2023-03-02,0.0
full5y,v5,carry_mark,2023-03-03,0.0
full5y,v5,carry_mark,2023-03-06,0.0
full5y,v5,carry_mark,2023-03-07,0.0
full5y,v5,carry_mark,2023-03-08,0.0
full5y,v5,carry_mark,2023-03-09,0.0
full5y,v5,carry_mark,2023-03-10,0.0
full5y,v5,carry_mark,2023-03-13,0.0
full5y,v5,carry_mark,2023-03-14,0.0
full5y,v5,carry_mark,2023-03-15,0.0
full5y,v5,carry_mark,2023-03-16,0.0
full5y,v5,carry_mark,2023-03-17,0.0
full5y,v5,carry_mark,2023-03-20,0.0
full5y,v5,carry_mark,2023-03-21,0.0
full5y,v5,carry_mark,2023-03-22,0.0
full5y,v5,carry_mark,2023-03-23,0.0
full5y,v5,carry_mark,2023-03-24,0.0
full5y,v5,carry_mark,2023-03-27,-6.64577191686333e-05
full5y,v5,carry_mark,2023-03-28,-0.00126349772568779
full5y,v5,carry_mark,2023-03-29,0.003079334206671458
full5y,v5,carry_mark,2023-03-30,0.0073920104163430755
full5y,v5,carry_mark,2023-03-31,0.01659093126877571
full5y,v5,carry_mark,2023-04-03,0.004430369043533356
full5y,v5,carry_mark,2023-04-04,-0.003932747880175192
full5y,v5,carry_mark,2023-04-05,-0.0057938150790863615
full5y,v5,carry_mark,2023-04-06,0.0005396671100548423
full5y,v5,carry_mark,2023-04-10,0.003638115387587604
full5y,v5,carry_mark,2023-04-11,0.0024726074062450753
full5y,v5,carry_mark,2023-04-12,-0.0012457448431196006
full5y,v5,carry_mark,2023-04-13,0.001536166336011835
full5y,v5,carry_mark,2023-04-14,-0.007116514819488495
full5y,v5,carry_mark,2023-04-17,0.0015566284897158722
full5y,v5,carry_mark,2023-04-18,0.0007511612359413667
full5y,v5,carry_mark,2023-04-19,-0.003625053525113575
full5y,v5,carry_mark,2023-04-20,-0.0025062100392250542
full5y,v5,carry_mark,2023-04-21,0.0017517683558344599
full5y,v5,carry_mark,2023-04-24,0.0007843820326134621
full5y,v5,carry_mark,2023-04-25,-0.008478076332822793
full5y,v5,carry_mark,2023-04-26,0.002053520501258621
full5y,v5,carry_mark,2023-04-27,-0.0038763184540968167
full5y,v5,carry_mark,2023-04-28,0.0017072674971474245
full5y,v5,carry_mark,2023-05-01,-0.008499831868607621
full5y,v5,carry_mark,2023-05-02,-0.002176114032141352
full5y,v5,carry_mark,2023-05-03,0.00022039175128667486
full5y,v5,carry_mark,2023-05-04,0.0007953136824433215
full5y,v5,carry_mark,2023-05-05,0.002332974466935922
full5y,v5,carry_mark,2023-05-08,0.0019742248752856574
full5y,v5,carry_mark,2023-05-09,0.00133943024846207
full5y,v5,carry_mark,2023-05-10,0.005494955414782221
full5y,v5,carry_mark,2023-05-11,-0.00548742455562432
full5y,v5,carry_mark,2023-05-12,-0.0029497823368640043
full5y,v5,carry_mark,2023-05-15,-0.003976840381292257
full5y,v5,carry_mark,2023-05-16,0.005587458442052951
full5y,v5,carry_mark,2023-05-17,0.0031636697011306002
full5y,v5,carry_mark,2023-05-18,0.01122999908630531
full5y,v5,carry_mark,2023-05-19,-0.003939361666062136
full5y,v5,carry_mark,2023-05-22,0.0031728976187818114
full5y,v5,carry_mark,2023-05-23,-0.00604975319601706
full5y,v5,carry_mark,2023-05-24,0.004367166584109905
full5y,v5,carry_mark,2023-05-25,0.0016742110622448235
full5y,v5,carry_mark,2023-05-26,0.016247590436893257
full5y,v5,carry_mark,2023-05-30,0.02426944691224664
full5y,v5,carry_mark,2023-05-31,-0.003757129878477283
full5y,v5,carry_mark,2023-06-01,0.0028243017978596074
full5y,v5,carry_mark,2023-06-02,0.002903014112913638
full5y,v5,carry_mark,2023-06-05,0.0035707708948012453
full5y,v5,carry_mark,2023-06-06,0.015012282923980557
full5y,v5,carry_mark,2023-06-07,-0.002966571931221118
full5y,v5,carry_mark,2023-06-08,0.01768861626393279
full5y,v5,carry_mark,2023-06-09,0.005956568028290321
full5y,v5,carry_mark,2023-06-12,0.0049810361602714345
full5y,v5,carry_mark,2023-06-13,0.014147362134236108
full5y,v5,carry_mark,2023-06-14,0.009291705434176012
full5y,v5,carry_mark,2023-06-15,0.025741002130942704
full5y,v5,carry_mark,2023-06-16,0.005539182879331106
full5y,v5,carry_mark,2023-06-20,-0.006137531068809476
full5y,v5,carry_mark,2023-06-21,-0.025979657705956127
full5y,v5,carry_mark,2023-06-22,0.013991987784389103
full5y,v5,carry_mark,2023-06-23,-0.0010160773816908053
full5y,v5,carry_mark,2023-06-26,-0.00382186577195649
full5y,v5,carry_mark,2023-06-27,0.0020908730421051345
full5y,v5,carry_mark,2023-06-28,0.0034419476904526737
full5y,v5,carry_mark,2023-06-29,-0.0006104381887382382
full5y,v5,carry_mark,2023-06-30,0.004499109499848042
full5y,v5,carry_mark,2023-07-03,-0.0005331443840747907
full5y,v5,carry_mark,2023-07-05,0.001057667634429893
full5y,v5,carry_mark,2023-07-06,-0.0006606514856712265
full5y,v5,carry_mark,2023-07-07,-0.001355360775907266
full5y,v5,carry_mark,2023-07-10,-0.0007743545285504138
full5y,v5,carry_mark,2023-07-11,-0.00014671850152854217
full5y,v5,carry_mark,2023-07-12,0.002294996432037233
full5y,v5,carry_mark,2023-07-13,0.003044728367245142
full5y,v5,carry_mark,2023-07-14,-0.001127696997732086
full5y,v5,carry_mark,2023-07-17,0.001983938350837988
full5y,v5,carry_mark,2023-07-18,0.009479363687843434
full5y,v5,carry_mark,2023-07-19,-0.0006391245008099622
full5y,v5,carry_mark,2023-07-20,-0.01072312943818815
full5y,v5,carry_mark,2023-07-21,-0.0031615529064118464
full5y,v5,carry_mark,2023-07-24,0.0005933074336978983
full5y,v5,carry_mark,2023-07-25,0.001544504484809761
full5y,v5,carry_mark,2023-07-26,-0.004939816402651909
full5y,v5,carry_mark,2023-07-27,-0.004334824781887137
full5y,v5,carry_mark,2023-07-28,0.0027910052032474875
full5y,v5,carry_mark,2023-07-31,-0.0007240540605867318
full5y,v5,carry_mark,2023-08-01,0.00012502467652069081
full5y,v5,carry_mark,2023-08-02,-0.002628291738758848
full5y,v5,carry_mark,2023-08-03,-0.00025648743141698516
full5y,v5,carry_mark,2023-08-04,0.0003428626414716973
full5y,v5,carry_mark,2023-08-07,0.0007108385444331234
full5y,v5,carry_mark,2023-08-08,-0.001229892380949915
full5y,v5,carry_mark,2023-08-09,-0.00117159237836445
full5y,v5,carry_mark,2023-08-10,0.0002172304458267327
full5y,v5,carry_mark,2023-08-11,-0.0005945508171128156
full5y,v5,carry_mark,2023-08-14,0.0009438954198061067
full5y,v5,carry_mark,2023-08-15,-0.0006727635896408679
full5y,v5,carry_mark,2023-08-16,-0.0004536107380615939
full5y,v5,carry_mark,2023-08-17,-0.0010986233085912955
full5y,v5,carry_mark,2023-08-18,-0.004263734694173571
full5y,v5,carry_mark,2023-08-21,0.011015456922322198
full5y,v5,carry_mark,2023-08-22,0.004825484237337396
full5y,v5,carry_mark,2023-08-23,0.0007369048250304821
full5y,v5,carry_mark,2023-08-24,-0.004583587914010356
full5y,v5,carry_mark,2023-08-25,0.00030156736242021865
full5y,v5,carry_mark,2023-08-28,0.0019204152514135987
full5y,v5,carry_mark,2023-08-29,0.003352611309294806
full5y,v5,carry_mark,2023-08-30,0.0006588649990350026
full5y,v5,carry_mark,2023-08-31,-0.0033573468068047287
full5y,v5,carry_mark,2023-09-01,-0.0009209794237970192
full5y,v5,carry_mark,2023-09-05,0.00010915336099743822
full5y,v5,carry_mark,2023-09-06,-0.002410852008605391
full5y,v5,carry_mark,2023-09-07,0.0007015651852750326
full5y,v5,carry_mark,2023-09-08,0.0044888581705436305
full5y,v5,carry_mark,2023-09-11,0.0019314559966605693
full5y,v5,carry_mark,2023-09-12,-0.0043178183117324135
full5y,v5,carry_mark,2023-09-13,0.003583137988901963
full5y,v5,carry_mark,2023-09-14,0.0032443947881293012
full5y,v5,carry_mark,2023-09-15,-0.0012755517857745645
full5y,v5,carry_mark,2023-09-18,-0.010061849840756022
full5y,v5,carry_mark,2023-09-19,0.0013128930698545927
full5y,v5,carry_mark,2023-09-20,-0.00609987525519502
full5y,v5,carry_mark,2023-09-21,-0.009625866649480563
full5y,v5,carry_mark,2023-09-22,-0.0005785369595735612
full5y,v5,carry_mark,2023-09-25,-0.0016262691716653732
full5y,v5,carry_mark,2023-09-26,-0.0035479473224998004
full5y,v5,carry_mark,2023-09-27,0.0018731490589915189
full5y,v5,carry_mark,2023-09-28,0.00354675888059468
full5y,v5,carry_mark,2023-09-29,0.004776467071601865
full5y,v5,carry_mark,2023-10-02,0.000888098673244564
full5y,v5,carry_mark,2023-10-03,-0.004410432728773073
full5y,v5,carry_mark,2023-10-04,0.005052601525744604
full5y,v5,carry_mark,2023-10-05,-0.0022371870742993625
full5y,v5,carry_mark,2023-10-06,0.009813358629735069
full5y,v5,carry_mark,2023-10-09,-1.8689650547065727e-05
full5y,v5,carry_mark,2023-10-10,0.004165833633644622
full5y,v5,carry_mark,2023-10-11,0.002008129660780822
full5y,v5,carry_mark,2023-10-12,-0.012016008882626073
full5y,v5,carry_mark,2023-10-13,-0.011299028457485816
full5y,v5,carry_mark,2023-10-16,0.0036713091377891917
full5y,v5,carry_mark,2023-10-17,-0.006892092131124505
full5y,v5,carry_mark,2023-10-18,-0.013868754299939823
full5y,v5,carry_mark,2023-10-19,-0.007161651382923162
full5y,v5,carry_mark,2023-10-20,-0.015934589294816857
full5y,v5,carry_mark,2023-10-23,0.004654423040024791
full5y,v5,carry_mark,2023-10-24,0.014282271564911464
full5y,v5,carry_mark,2023-10-25,-0.017058294457931368
full5y,v5,carry_mark,2023-10-26,-0.012312481092478466
full5y,v5,carry_mark,2023-10-27,0.0039262038580218815
full5y,v5,carry_mark,2023-10-30,0.00906585734619143
full5y,v5,carry_mark,2023-10-31,-0.0028814658563175665
full5y,v5,carry_mark,2023-11-01,0.002390325312753594
full5y,v5,carry_mark,2023-11-02,0.0039815985492115845
full5y,v5,carry_mark,2023-11-03,0.02110639584670877
full5y,v5,carry_mark,2023-11-06,-0.008529670062336436
full5y,v5,carry_mark,2023-11-07,0.01298053621695745
full5y,v5,carry_mark,2023-11-08,-0.004824487688821188
full5y,v5,carry_mark,2023-11-09,-0.009303467853177238
full5y,v5,carry_mark,2023-11-10,0.007932377670386792
full5y,v5,carry_mark,2023-11-13,0.00143100906009751
full5y,v5,carry_mark,2023-11-14,0.018272982840863095
full5y,v5,carry_mark,2023-11-15,0.011336916329258984
full5y,v5,carry_mark,2023-11-16,-0.010205317694008887
full5y,v5,carry_mark,2023-11-17,-0.0016890077171754503
full5y,v5,carry_mark,2023-11-20,0.016607645292886275
full5y,v5,carry_mark,2023-11-21,-0.009026366402940921
full5y,v5,carry_mark,2023-11-22,0.0056278944211085365
full5y,v5,carry_mark,2023-11-24,0.002960620530744862
full5y,v5,carry_mark,2023-11-27,-0.005509087578491811
full5y,v5,carry_mark,2023-11-28,-0.0010296401354937812
full5y,v5,carry_mark,2023-11-29,-0.0057246125961150866
full5y,v5,carry_mark,2023-11-30,0.0056276540634254135
full5y,v5,carry_mark,2023-12-01,-0.0010674183890541534
full5y,v5,carry_mark,2023-12-04,-0.0026730683826224457
full5y,v5,carry_mark,2023-12-05,-0.0019361979938145146
full5y,v5,carry_mark,2023-12-06,-0.0007926448722852863
full5y,v5,carry_mark,2023-12-07,0.002495753073709839
full5y,v5,carry_mark,2023-12-08,0.0035302042455060967
full5y,v5,carry_mark,2023-12-11,0.0038763846493356513
full5y,v5,carry_mark,2023-12-12,-0.003064413378977915
full5y,v5,carry_mark,2023-12-13,0.005963770362133014
full5y,v5,carry_mark,2023-12-14,0.007073069503828888
full5y,v5,carry_mark,2023-12-15,0.0010283640204974299
full5y,v5,carry_mark,2023-12-18,0.0027902561480303567
full5y,v5,carry_mark,2023-12-19,0.006316065761137657
full5y,v5,carry_mark,2023-12-20,-0.007505657922194864
full5y,v5,carry_mark,2023-12-21,0.008324416931180134
full5y,v5,carry_mark,2023-12-22,0.002814425667056153
full5y,v5,carry_mark,2023-12-26,0.004979840199050023
full5y,v5,carry_mark,2023-12-27,0.00353350033585238
full5y,v5,carry_mark,2023-12-28,-0.0005945803216854895
full5y,v5,carry_mark,2023-12-29,-0.0009776286935259115
full5y,v5,carry_mark,2024-01-02,0.0006954319625171124
full5y,v5,carry_mark,2024-01-03,-0.0006171899000706693
full5y,v5,carry_mark,2024-01-04,-0.0037279382078791003
full5y,v5,carry_mark,2024-01-05,0.000416858077434934
full5y,v5,carry_mark,2024-01-08,0.004583849948342722
full5y,v5,carry_mark,2024-01-09,-0.0109229862438735
full5y,v5,carry_mark,2024-01-10,0.0002482618930810143
full5y,v5,carry_mark,2024-01-11,0.005299919203927317
full5y,v5,carry_mark,2024-01-12,-0.0009319601763883356
full5y,v5,carry_mark,2024-01-16,-0.014775135959817876
full5y,v5,carry_mark,2024-01-17,-0.012996277826754476
full5y,v5,carry_mark,2024-01-18,0.000890985951321388
full5y,v5,carry_mark,2024-01-19,0.0013683048477951209
full5y,v5,carry_mark,2024-01-22,2.968738510741309e-05
full5y,v5,carry_mark,2024-01-23,0.004163571234229657
full5y,v5,carry_mark,2024-01-24,0.01082596428536503
full5y,v5,carry_mark,2024-01-25,0.005399032534474646
full5y,v5,carry_mark,2024-01-26,0.0002933769893749383
full5y,v5,carry_mark,2024-01-29,0.005350959106493214
full5y,v5,carry_mark,2024-01-30,-0.00478372723352759
full5y,v5,carry_mark,2024-01-31,-0.003856545084009677
full5y,v5,carry_mark,2024-02-01,0.00015324454461987936
full5y,v5,carry_mark,2024-02-02,-0.00019816769062771522
full5y,v5,carry_mark,2024-02-05,-0.0038729758091203604
full5y,v5,carry_mark,2024-02-06,0.0036154550692260035
full5y,v5,carry_mark,2024-02-07,0.001996487794916202
full5y,v5,carry_mark,2024-02-08,-0.005802938593818618
full5y,v5,carry_mark,2024-02-09,-0.004618405225141143
full5y,v5,carry_mark,2024-02-12,-0.0019760573248778445
full5y,v5,carry_mark,2024-02-13,-0.0027498036096624046
full5y,v5,carry_mark,2024-02-14,0.00525430704992087
full5y,v5,carry_mark,2024-02-15,0.0017235055064127702
full5y,v5,carry_mark,2024-02-16,-0.0022173826222594783
full5y,v5,carry_mark,2024-02-20,-0.0018247102627435452
full5y,v5,carry_mark,2024-02-21,-0.00046094529970204247
full5y,v5,carry_mark,2024-02-22,0.004991801904215198
full5y,v5,carry_mark,2024-02-23,-0.0011525999235800666
full5y,v5,carry_mark,2024-02-26,1.8513210636661447e-05
full5y,v5,carry_mark,2024-02-27,0.002371052714936028
full5y,v5,carry_mark,2024-02-28,-0.0008037045775349694
full5y,v5,carry_mark,2024-02-29,0.0025316492277693394
full5y,v5,carry_mark,2024-03-01,0.003173072717783709
full5y,v5,carry_mark,2024-03-04,-0.0007063166173069014
full5y,v5,carry_mark,2024-03-05,-0.005771292249858451
full5y,v5,carry_mark,2024-03-06,-0.0002744121171567304
full5y,v5,carry_mark,2024-03-07,0.003563647569358075
full5y,v5,carry_mark,2024-03-08,-0.0013201000275995579
full5y,v5,carry_mark,2024-03-11,-0.0010616619238793313
full5y,v5,carry_mark,2024-03-12,0.004348999150059018
full5y,v5,carry_mark,2024-03-13,-0.00031008662697611377
full5y,v5,carry_mark,2024-03-14,0.003022097128221768
full5y,v5,carry_mark,2024-03-15,-0.004258017693607974
full5y,v5,carry_mark,2024-03-18,0.006884942630070801
full5y,v5,carry_mark,2024-03-19,0.0009199456966069164
full5y,v5,carry_mark,2024-03-20,0.0031891457765520713
full5y,v5,carry_mark,2024-03-21,-0.0005862376429697335
full5y,v5,carry_mark,2024-03-22,0.002852083948414097
full5y,v5,carry_mark,2024-03-25,-0.0019233217482296672
full5y,v5,carry_mark,2024-03-26,0.0003973482624812563
full5y,v5,carry_mark,2024-03-27,-0.0024160991544916245
full5y,v5,carry_mark,2024-03-28,-0.0011392480396961613
full5y,v5,carry_mark,2024-04-01,0.00508566570982647
full5y,v5,carry_mark,2024-04-02,-0.001351607594157489
full5y,v5,carry_mark,2024-04-03,0.0025818165896726807
full5y,v5,carry_mark,2024-04-04,-0.0054986772954861984
full5y,v5,carry_mark,2024-04-05,0.006222180635687291
full5y,v5,carry_mark,2024-04-08,0.00010108008647303768
full5y,v5,carry_mark,2024-04-09,-9.657780406835403e-05
full5y,v5,carry_mark,2024-04-10,-0.0009407262166612806
full5y,v5,carry_mark,2024-04-11,0.004846546204319258
full5y,v5,carry_mark,2024-04-12,-0.0034092726804772267
full5y,v5,carry_mark,2024-04-15,-0.006294909188095587
full5y,v5,carry_mark,2024-04-16,0.0016381749705633108
full5y,v5,carry_mark,2024-04-17,-0.0011859634636087746
full5y,v5,carry_mark,2024-04-18,-0.004671909824278264
full5y,v5,carry_mark,2024-04-19,-0.007652765361515967
full5y,v5,carry_mark,2024-04-22,-0.006365330886890841
full5y,v5,carry_mark,2024-04-23,0.008257700960555359
full5y,v5,carry_mark,2024-04-24,-0.0066428123699995845
full5y,v5,carry_mark,2024-04-25,-0.004423856557186301
full5y,v5,carry_mark,2024-04-26,0.013199024792029824
full5y,v5,carry_mark,2024-04-29,-0.010491236141343752
full5y,v5,carry_mark,2024-04-30,-0.012519214426814095
full5y,v5,carry_mark,2024-05-01,0.001011280305672202
full5y,v5,carry_mark,2024-05-02,0.009411275251693208
full5y,v5,carry_mark,2024-05-03,0.012711957939681051
full5y,v5,carry_mark,2024-05-06,0.017052290870404652
full5y,v5,carry_mark,2024-05-07,-0.003817517741949794
full5y,v5,carry_mark,2024-05-08,-0.009270214909992991
full5y,v5,carry_mark,2024-05-09,-0.0024983359835148876
full5y,v5,carry_mark,2024-05-10,-0.004773836228077599
full5y,v5,carry_mark,2024-05-13,0.0015174840523655918
full5y,v5,carry_mark,2024-05-14,0.0176771949193519
full5y,v5,carry_mark,2024-05-15,0.004082278337724654
full5y,v5,carry_mark,2024-05-16,0.0018573325404716457
full5y,v5,carry_mark,2024-05-17,0.008311427867398325
full5y,v5,carry_mark,2024-05-20,0.011292293348879889
full5y,v5,carry_mark,2024-05-21,0.006870228120577693
full5y,v5,carry_mark,2024-05-22,-0.0057467821922547735
full5y,v5,carry_mark,2024-05-23,-0.008863721740265151
full5y,v5,carry_mark,2024-05-24,0.014656706039028623
full5y,v5,carry_mark,2024-05-28,-0.00038784203842546773
full5y,v5,carry_mark,2024-05-29,-0.005321604470488206
full5y,v5,carry_mark,2024-05-30,-0.011592035601378569
full5y,v5,carry_mark,2024-05-31,-0.010594929788168362
full5y,v5,carry_mark,2024-06-03,0.0010384710876926051
full5y,v5,carry_mark,2024-06-04,-0.005822885689187596
full5y,v5,carry_mark,2024-06-05,0.017235212416218816
full5y,v5,carry_mark,2024-06-06,0.0002747283939658729
full5y,v5,carry_mark,2024-06-07,-0.001521180051887272
full5y,v5,carry_mark,2024-06-10,-0.0028871686666320784
full5y,v5,carry_mark,2024-06-11,0.002935503400487871
full5y,v5,carry_mark,2024-06-12,0.013315169306184793
full5y,v5,carry_mark,2024-06-13,0.0002982868967423613
full5y,v5,carry_mark,2024-06-14,0.002528918724513873
full5y,v5,carry_mark,2024-06-17,0.012345761419488399
full5y,v5,carry_mark,2024-06-18,-0.002812469434636844
full5y,v5,carry_mark,2024-06-20,-0.016207526847935548
full5y,v5,carry_mark,2024-06-21,0.005086711706210367
full5y,v5,carry_mark,2024-06-24,-0.006811697909628678
full5y,v5,carry_mark,2024-06-25,0.009874698464446418
full5y,v5,carry_mark,2024-06-26,0.006412270906311346
full5y,v5,carry_mark,2024-06-27,0.0032258541643392035
full5y,v5,carry_mark,2024-06-28,-0.004731831163538258
full5y,v5,carry_mark,2024-07-01,0.015839571030852928
full5y,v5,carry_mark,2024-07-02,0.015341471567540132
full5y,v5,carry_mark,2024-07-03,0.010730457187769904
full5y,v5,carry_mark,2024-07-05,0.010461869312487937
full5y,v5,carry_mark,2024-07-08,-0.0016046976053388673
full5y,v5,carry_mark,2024-07-09,-0.0004352569753606983
full5y,v5,carry_mark,2024-07-10,0.00496113407636356
full5y,v5,carry_mark,2024-07-11,-0.02498791157561534
full5y,v5,carry_mark,2024-07-12,-0.0020867192669068446
full5y,v5,carry_mark,2024-07-15,0.010236497612596273
full5y,v5,carry_mark,2024-07-16,0.016107507258018638
full5y,v5,carry_mark,2024-07-17,-0.021734735758681657
full5y,v5,carry_mark,2024-07-18,-0.013689039872301556
full5y,v5,carry_mark,2024-07-19,-0.01193993786686447
full5y,v5,carry_mark,2024-07-22,0.010110568700907097
full5y,v5,carry_mark,2024-07-23,0.0029433772692060156
full5y,v5,carry_mark,2024-07-24,-0.023977019212942586
full5y,v5,carry_mark,2024-07-25,-0.0034546432524203198
full5y,v5,carry_mark,2024-07-26,0.0005903455605182906
full5y,v5,carry_mark,2024-07-29,0.0016016678893135071
full5y,v5,carry_mark,2024-07-30,-0.001675681890864189
full5y,v5,carry_mark,2024-07-31,0.0017441189648910948
full5y,v5,carry_mark,2024-08-01,-0.0060481199250345345
full5y,v5,carry_mark,2024-08-02,-0.009828487537332365
full5y,v5,carry_mark,2024-08-05,-0.0161323854331513
full5y,v5,carry_mark,2024-08-06,0.00736566419974678
full5y,v5,carry_mark,2024-08-07,-0.0018444705845496513
full5y,v5,carry_mark,2024-08-08,0.022189443008395583
full5y,v5,carry_mark,2024-08-09,0.0032329630482842873
full5y,v5,carry_mark,2024-08-12,0.002257837748959368
full5y,v5,carry_mark,2024-08-13,0.014414428170381988
full5y,v5,carry_mark,2024-08-14,-0.004981079242326969
full5y,v5,carry_mark,2024-08-15,0.015165753278151572
full5y,v5,carry_mark,2024-08-16,0.008440538487977055
full5y,v5,carry_mark,2024-08-19,0.011912093589781736
full5y,v5,carry_mark,2024-08-20,-0.0027420822967905044
full5y,v5,carry_mark,2024-08-21,0.004815740101510435
full5y,v5,carry_mark,2024-08-22,-0.010426505826678156
full5y,v5,carry_mark,2024-08-23,0.016868655400601694
full5y,v5,carry_mark,2024-08-26,-0.006836836582630001
full5y,v5,carry_mark,2024-08-27,-0.0004135244120197612
full5y,v5,carry_mark,2024-08-28,-0.012406563341301625
full5y,v5,carry_mark,2024-08-29,0.01597343771981994
full5y,v5,carry_mark,2024-08-30,0.01805358921884357
full5y,v5,carry_mark,2024-09-03,-0.01566284729277273
full5y,v5,carry_mark,2024-09-04,0.005121290711390026
full5y,v5,carry_mark,2024-09-05,-0.006199759996128007
full5y,v5,carry_mark,2024-09-06,-0.023791115693195773
full5y,v5,carry_mark,2024-09-09,0.016515797249096596
full5y,v5,carry_mark,2024-09-10,-0.003042694252692191
full5y,v5,carry_mark,2024-09-11,0.010357285814471862
full5y,v5,carry_mark,2024-09-12,0.013104912880849662
full5y,v5,carry_mark,2024-09-13,0.004554075739284724
full5y,v5,carry_mark,2024-09-16,-0.00809880322695844
full5y,v5,carry_mark,2024-09-17,0.009282066943848633
full5y,v5,carry_mark,2024-09-18,-0.007110019746209328
full5y,v5,carry_mark,2024-09-19,0.022633537556344986
full5y,v5,carry_mark,2024-09-20,-0.002999609919812818
full5y,v5,carry_mark,2024-09-23,0.006674530101831444
full5y,v5,carry_mark,2024-09-24,0.04429621750290236
full5y,v5,carry_mark,2024-09-25,-0.01163515204752712
full5y,v5,carry_mark,2024-09-26,0.019025453896193444
full5y,v5,carry_mark,2024-09-27,-0.005221350594467067
full5y,v5,carry_mark,2024-09-30,0.002496913643632248
full5y,v5,carry_mark,2024-10-01,0.003332461626633143
full5y,v5,carry_mark,2024-10-02,0.024217146325439178
full5y,v5,carry_mark,2024-10-03,-0.004935593834140694
full5y,v5,carry_mark,2024-10-04,0.021530535838565214
full5y,v5,carry_mark,2024-10-07,0.0037898814780863654
full5y,v5,carry_mark,2024-10-08,-0.01535302895684818
full5y,v5,carry_mark,2024-10-09,-0.011347073732489799
full5y,v5,carry_mark,2024-10-10,0.003171331592788362
full5y,v5,carry_mark,2024-10-11,0.00700702636833801
full5y,v5,carry_mark,2024-10-14,0.0035120560684853254
full5y,v5,carry_mark,2024-10-15,-0.006314374370626441
full5y,v5,carry_mark,2024-10-16,0.00765222790843918
full5y,v5,carry_mark,2024-10-17,-0.003092029929602469
full5y,v5,carry_mark,2024-10-18,0.009470179341128837
full5y,v5,carry_mark,2024-10-21,0.0012937581158934286
full5y,v5,carry_mark,2024-10-22,-0.003031560459539062
full5y,v5,carry_mark,2024-10-23,-0.007582699741105958
full5y,v5,carry_mark,2024-10-24,0.0032824761247035594
full5y,v5,carry_mark,2024-10-25,0.0023322459551555095
full5y,v5,carry_mark,2024-10-28,-0.007911554007844213
full5y,v5,carry_mark,2024-10-29,-0.0023319039521703332
full5y,v5,carry_mark,2024-10-30,0.005781204814953434
full5y,v5,carry_mark,2024-10-31,-0.015123697181305218
full5y,v5,carry_mark,2024-11-01,0.008566035386135595
full5y,v5,carry_mark,2024-11-04,-0.006819148781166473
full5y,v5,carry_mark,2024-11-05,0.006536826823749675
full5y,v5,carry_mark,2024-11-06,0.0209973531022833
full5y,v5,carry_mark,2024-11-07,0.019074664538949838
full5y,v5,carry_mark,2024-11-08,0.06107604603198352
full5y,v5,carry_mark,2024-11-11,0.01222622992114183
full5y,v5,carry_mark,2024-11-12,-0.0016112793270926184
full5y,v5,carry_mark,2024-11-13,-0.0036092435678908076
full5y,v5,carry_mark,2024-11-14,-0.0031364477174204318
full5y,v5,carry_mark,2024-11-15,-0.00786363763669845
full5y,v5,carry_mark,2024-11-18,0.012173436396280036
full5y,v5,carry_mark,2024-11-19,0.007385236397214945
full5y,v5,carry_mark,2024-11-20,0.016934597210849146
full5y,v5,carry_mark,2024-11-21,0.0032114563450125534
full5y,v5,carry_mark,2024-11-22,0.017617982684165125
full5y,v5,carry_mark,2024-11-25,0.0006265740055033775
full5y,v5,carry_mark,2024-11-26,-0.0022580851238974352
full5y,v5,carry_mark,2024-11-27,-0.0005728805508959933
full5y,v5,carry_mark,2024-11-29,0.017129997077295712
full5y,v5,carry_mark,2024-12-02,0.009590455564042644
full5y,v5,carry_mark,2024-12-03,-0.0024719498623941515
full5y,v5,carry_mark,2024-12-04,0.009304020091479482
full5y,v5,carry_mark,2024-12-05,-0.014369186947136448
full5y,v5,carry_mark,2024-12-06,0.020589733304997228
full5y,v5,carry_mark,2024-12-09,0.0015473637479080926
full5y,v5,carry_mark,2024-12-10,-0.0012478147145519758
full5y,v5,carry_mark,2024-12-11,0.018525102871860977
full5y,v5,carry_mark,2024-12-12,-0.004472694895751317
full5y,v5,carry_mark,2024-12-13,-0.0003216507929454604
full5y,v5,carry_mark,2024-12-16,0.010974939274703787
full5y,v5,carry_mark,2024-12-17,0.0008490157655754116
full5y,v5,carry_mark,2024-12-18,-0.02473424163882674
full5y,v5,carry_mark,2024-12-19,0.0070754146345057166
full5y,v5,carry_mark,2024-12-20,0.001787386480280828
full5y,v5,carry_mark,2024-12-23,0.0021447990160566198
full5y,v5,carry_mark,2024-12-24,0.005683227002753699
full5y,v5,carry_mark,2024-12-26,-0.0009965427106170765
full5y,v5,carry_mark,2024-12-27,-0.00571931314331473
full5y,v5,carry_mark,2024-12-30,-0.004765945577165742
full5y,v5,carry_mark,2024-12-31,0.0027765869489139285
full5y,v5,carry_mark,2025-01-02,-0.00012897667546717394
full5y,v5,carry_mark,2025-01-03,0.003435026268118069
full5y,v5,carry_mark,2025-01-06,0.0046362890574927155
full5y,v5,carry_mark,2025-01-07,0.001154843952654705
full5y,v5,carry_mark,2025-01-08,-0.009463836881823607
full5y,v5,carry_mark,2025-01-10,-0.00743489880777507
full5y,v5,carry_mark,2025-01-13,-0.019733074408823315
full5y,v5,carry_mark,2025-01-14,-0.0022744679704893023
full5y,v5,carry_mark,2025-01-15,0.009065415876335225
full5y,v5,carry_mark,2025-01-16,-0.003715623394016665
full5y,v5,carry_mark,2025-01-17,0.005749372065669611
full5y,v5,carry_mark,2025-01-21,0.0031880008752505516
full5y,v5,carry_mark,2025-01-22,0.008723150472537067
full5y,v5,carry_mark,2025-01-23,1.968680980533044e-05
full5y,v5,carry_mark,2025-01-24,-0.002591417764964521
full5y,v5,carry_mark,2025-01-27,-0.023303126166878563
full5y,v5,carry_mark,2025-01-28,0.01774266116917005
full5y,v5,carry_mark,2025-01-29,-0.0061160169185693666
full5y,v5,carry_mark,2025-01-30,0.0038132054205054612
full5y,v5,carry_mark,2025-01-31,-0.008162601491699839
full5y,v5,carry_mark,2025-02-03,-0.006805475489968915
full5y,v5,carry_mark,2025-02-04,0.009737856448763793
full5y,v5,carry_mark,2025-02-05,-0.011796325014052422
full5y,v5,carry_mark,2025-02-06,0.0038902888214605857
full5y,v5,carry_mark,2025-02-07,-0.0002266956314317059
full5y,v5,carry_mark,2025-02-10,0.008934514772517721
full5y,v5,carry_mark,2025-02-11,-0.0035906133446312327
full5y,v5,carry_mark,2025-02-12,0.006037911603502944
full5y,v5,carry_mark,2025-02-13,0.001744632217459774
full5y,v5,carry_mark,2025-02-14,0.006671218272001423
full5y,v5,carry_mark,2025-02-18,0.009455190347323839
full5y,v5,carry_mark,2025-02-19,0.0003487134758095922
full5y,v5,carry_mark,2025-02-20,-0.0001062857155256891
full5y,v5,carry_mark,2025-02-21,0.004972942986118545
full5y,v5,carry_mark,2025-02-24,-0.015967310800983757
full5y,v5,carry_mark,2025-02-25,-0.0017436540296107417
full5y,v5,carry_mark,2025-02-26,-0.00017209359062344553
full5y,v5,carry_mark,2025-02-27,-0.01166525776000774
full5y,v5,carry_mark,2025-02-28,0.001774451497064633
full5y,v5,carry_mark,2025-03-03,-0.0062901586983168944
full5y,v5,carry_mark,2025-03-04,0.002702428362374998
full5y,v5,carry_mark,2025-03-05,0.020358856130289628
full5y,v5,carry_mark,2025-03-06,-0.004001597534852086
full5y,v5,carry_mark,2025-03-07,0.0037933495940169148
full5y,v5,carry_mark,2025-03-10,-0.006956206284936239
full5y,v5,carry_mark,2025-03-11,-0.00714489993234374
full5y,v5,carry_mark,2025-03-12,0.005890687885733015
full5y,v5,carry_mark,2025-03-13,-0.012545613931746103
full5y,v5,carry_mark,2025-03-14,0.0467011568540421
full5y,v5,carry_mark,2025-03-17,-0.009603197890689762
full5y,v5,carry_mark,2025-03-18,-0.01297928925138433
full5y,v5,carry_mark,2025-03-19,0.008958308923035063
full5y,v5,carry_mark,2025-03-20,-0.0029307758524714676
full5y,v5,carry_mark,2025-03-21,0.003975875202180179
full5y,v5,carry_mark,2025-03-24,0.026077437977845053
full5y,v5,carry_mark,2025-03-25,0.0026565461228906127
full5y,v5,carry_mark,2025-03-26,-0.027038881755492163
full5y,v5,carry_mark,2025-03-27,-0.00556562516489425
full5y,v5,carry_mark,2025-03-28,-0.015249753739948291
full5y,v5,carry_mark,2025-03-31,-0.011608300150032813
full5y,v5,carry_mark,2025-04-01,0.006088265862934294
full5y,v5,carry_mark,2025-04-02,0.006082692288126612
full5y,v5,carry_mark,2025-04-03,-0.009811930185424311
full5y,v5,carry_mark,2025-04-04,-0.019596657695204866
full5y,v5,carry_mark,2025-04-07,-0.0011658320519105981
full5y,v5,carry_mark,2025-04-08,-0.03771686693464217
full5y,v5,carry_mark,2025-04-09,0.0933921820984093
full5y,v5,carry_mark,2025-04-10,-0.03900900980042711
full5y,v5,carry_mark,2025-04-11,0.017173107240058515
full5y,v5,carry_mark,2025-04-14,0.0065073753806239145
full5y,v5,carry_mark,2025-04-15,0.006860614718551772
full5y,v5,carry_mark,2025-04-16,-0.03326565681139444
full5y,v5,carry_mark,2025-04-17,-0.0018366823834516043
full5y,v5,carry_mark,2025-04-21,-0.010535863047577542
full5y,v5,carry_mark,2025-04-22,0.020577487964643582
full5y,v5,carry_mark,2025-04-23,0.00830857307812547
full5y,v5,carry_mark,2025-04-24,0.010137600788570312
full5y,v5,carry_mark,2025-04-25,0.0036969152099899706
full5y,v5,carry_mark,2025-04-28,-0.0012810926076618268
full5y,v5,carry_mark,2025-04-29,0.0014527518181797316
full5y,v5,carry_mark,2025-04-30,0.003160810449629581
full5y,v5,carry_mark,2025-05-01,-0.0031942587252721476
full5y,v5,carry_mark,2025-05-02,0.014410535250463364
full5y,v5,carry_mark,2025-05-05,-0.00526169104586619
full5y,v5,carry_mark,2025-05-06,-0.012446191242346671
full5y,v5,carry_mark,2025-05-07,-0.0030855610335403295
full5y,v5,carry_mark,2025-05-08,0.010358590022423864
full5y,v5,carry_mark,2025-05-09,-0.003258713937075586
full5y,v5,carry_mark,2025-05-12,0.04306212967437173
full5y,v5,carry_mark,2025-05-13,0.016270194353670296
full5y,v5,carry_mark,2025-05-14,-0.0019082491277378488
full5y,v5,carry_mark,2025-05-15,-0.005101449114440093
full5y,v5,carry_mark,2025-05-16,0.004559263169325023
full5y,v5,carry_mark,2025-05-19,0.010028276587535023
full5y,v5,carry_mark,2025-05-20,0.007956697209310647
full5y,v5,carry_mark,2025-05-21,-0.021012213251941237
full5y,v5,carry_mark,2025-05-22,0.005541938595106699
full5y,v5,carry_mark,2025-05-23,-0.001273265853830452
full5y,v5,carry_mark,2025-05-27,0.008373216583523125
full5y,v5,carry_mark,2025-05-28,-0.01146774174017522
full5y,v5,carry_mark,2025-05-29,0.0035907078337061304
full5y,v5,carry_mark,2025-05-30,-0.016744244171001954
full5y,v5,carry_mark,2025-06-02,0.0065804264232440565
full5y,v5,carry_mark,2025-06-03,0.00887890107175937
full5y,v5,carry_mark,2025-06-04,0.005537729288536819
full5y,v5,carry_mark,2025-06-05,-0.0025125066689219767
full5y,v5,carry_mark,2025-06-06,0.005239135701893172
full5y,v5,carry_mark,2025-06-09,0.005391116125977491
full5y,v5,carry_mark,2025-06-10,-0.0010129209016800146
full5y,v5,carry_mark,2025-06-11,0.0024386608755517904
full5y,v5,carry_mark,2025-06-12,-0.0016938088175975086
full5y,v5,carry_mark,2025-06-13,-0.010217745083540864
full5y,v5,carry_mark,2025-06-16,0.00508894011704567
full5y,v5,carry_mark,2025-06-17,-0.00568704151477476
full5y,v5,carry_mark,2025-06-18,-0.0035227500951574677
full5y,v5,carry_mark,2025-06-20,-0.00039114289236230615
full5y,v5,carry_mark,2025-06-23,0.005422599949238771
full5y,v5,carry_mark,2025-06-24,0.016772478532923917
full5y,v5,carry_mark,2025-06-25,0.0038766261093716057
full5y,v5,carry_mark,2025-06-26,0.006241306659110335
full5y,v5,carry_mark,2025-06-27,-0.0010765907911864825
full5y,v5,carry_mark,2025-06-30,0.0024597063184558675
full5y,v5,carry_mark,2025-07-01,-0.0016982959094727246
full5y,v5,carry_mark,2025-07-02,0.00618270671684511
full5y,v5,carry_mark,2025-07-03,-0.0003322176349127459
full5y,v5,carry_mark,2025-07-07,-0.003106651277329631
full5y,v5,carry_mark,2025-07-08,0.011697867379285808
full5y,v5,carry_mark,2025-07-09,-0.0005567122848697869
full5y,v5,carry_mark,2025-07-10,0.0051195302346942586
full5y,v5,carry_mark,2025-07-11,-0.0021559080964143828
full5y,v5,carry_mark,2025-07-14,0.0018638984744450027
full5y,v5,carry_mark,2025-07-15,0.005842745390021132
full5y,v5,carry_mark,2025-07-16,-0.00016402739583404324
full5y,v5,carry_mark,2025-07-17,0.004110506854790108
full5y,v5,carry_mark,2025-07-18,-0.004525098330689092
full5y,v5,carry_mark,2025-07-21,0.0015956633040107525
full5y,v5,carry_mark,2025-07-22,0.0036206576020349156
full5y,v5,carry_mark,2025-07-23,0.009527847744409335
full5y,v5,carry_mark,2025-07-24,-0.0009460910573628855
full5y,v5,carry_mark,2025-07-25,-0.0017935684136863527
full5y,v5,carry_mark,2025-07-28,-0.0007552854823709044
full5y,v5,carry_mark,2025-07-29,-0.00700375832299247
full5y,v5,carry_mark,2025-07-30,-0.001208311837736975
full5y,v5,carry_mark,2025-07-31,-0.01396079803202217
full5y,v5,carry_mark,2025-08-01,-0.013784442540813735
full5y,v5,carry_mark,2025-08-04,0.010853554420815658
full5y,v5,carry_mark,2025-08-05,-0.0014344802183593798
full5y,v5,carry_mark,2025-08-06,0.004453781142028634
full5y,v5,carry_mark,2025-08-07,0.0005229889007498989
full5y,v5,carry_mark,2025-08-08,0.0029341236419549444
full5y,v5,carry_mark,2025-08-11,-0.00225920509532892
full5y,v5,carry_mark,2025-08-12,0.006123974152294731
full5y,v5,carry_mark,2025-08-13,0.006236188001845511
full5y,v5,carry_mark,2025-08-14,-0.0034904060758442546
full5y,v5,carry_mark,2025-08-15,-3.623446903244787e-06
full5y,v5,carry_mark,2025-08-18,0.003017539872731012
full5y,v5,carry_mark,2025-08-19,-0.008723888448176864
full5y,v5,carry_mark,2025-08-20,0.0012252520418396307
full5y,v5,carry_mark,2025-08-21,-0.001222410758411674
full5y,v5,carry_mark,2025-08-22,0.00809530050033357
full5y,v5,carry_mark,2025-08-25,0.0015341292029576238
full5y,v5,carry_mark,2025-08-26,0.0023127265400596287
full5y,v5,carry_mark,2025-08-27,-0.007765289317147273
full5y,v5,carry_mark,2025-08-28,0.0024224062960179426
full5y,v5,carry_mark,2025-08-29,-0.002734333899115371
full5y,v5,carry_mark,2025-09-02,0.0010116413563060257
full5y,v5,carry_mark,2025-09-03,-0.0015807739088076866
full5y,v5,carry_mark,2025-09-04,-0.0012423449053444613
full5y,v5,carry_mark,2025-09-05,0.00010244090230425718
full5y,v5,carry_mark,2025-09-08,0.005132085067892089
full5y,v5,carry_mark,2025-09-09,0.006739581840475961
full5y,v5,carry_mark,2025-09-10,0.0008671678738184308
full5y,v5,carry_mark,2025-09-11,0.00396321221167667
full5y,v5,carry_mark,2025-09-12,-0.002690692329185995
full5y,v5,carry_mark,2025-09-15,0.003077904201522075
full5y,v5,carry_mark,2025-09-16,-0.0024016989230834064
full5y,v5,carry_mark,2025-09-17,0.005827557990814303
full5y,v5,carry_mark,2025-09-18,-0.0033789185399766054
full5y,v5,carry_mark,2025-09-19,0.0003395527886793648
full5y,v5,carry_mark,2025-09-22,0.007169171883640679
full5y,v5,carry_mark,2025-09-23,-0.01561894809399882
full5y,v5,carry_mark,2025-09-24,-0.0036479918058522575
full5y,v5,carry_mark,2025-09-25,0.00016078606609932767
full5y,v5,carry_mark,2025-09-26,-0.004045680230963777
full5y,v5,carry_mark,2025-09-29,0.006887399094489233
full5y,v5,carry_mark,2025-09-30,0.0031534155948865217
full5y,v5,carry_mark,2025-10-01,0.009240328658945085
full5y,v5,carry_mark,2025-10-02,0.001246425787420502
full5y,v5,carry_mark,2025-10-03,-0.00386864245313715
full5y,v5,carry_mark,2025-10-06,0.020539890905952575
full5y,v5,carry_mark,2025-10-07,-0.008497927495173929
full5y,v5,carry_mark,2025-10-08,0.007719915959033474
full5y,v5,carry_mark,2025-10-09,-0.00026013451795302566
full5y,v5,carry_mark,2025-10-10,-0.03788826873881453
full5y,v5,carry_mark,2025-10-13,0.02046609796655855
full5y,v5,carry_mark,2025-10-14,-0.006834557771373251
full5y,v5,carry_mark,2025-10-15,0.014591841646850989
full5y,v5,carry_mark,2025-10-16,-0.006029314636119831
full5y,v5,carry_mark,2025-10-17,0.004612737179776926
full5y,v5,carry_mark,2025-10-20,0.009906735975250014
full5y,v5,carry_mark,2025-10-21,-0.002752617690450254
full5y,v5,carry_mark,2025-10-22,-0.020808322371172326
full5y,v5,carry_mark,2025-10-23,0.005547762286040115
full5y,v5,carry_mark,2025-10-24,0.008865642321797373
full5y,v5,carry_mark,2025-10-27,0.012234447585633069
full5y,v5,carry_mark,2025-10-28,0.0047670347645776935
full5y,v5,carry_mark,2025-10-29,-0.0009699715621051541
full5y,v5,carry_mark,2025-10-30,-0.00419690924519669
full5y,v5,carry_mark,2025-10-31,0.003942024408067601
full5y,v5,carry_mark,2025-11-03,-0.006596210582406026
full5y,v5,carry_mark,2025-11-04,-0.015321237345995341
full5y,v5,carry_mark,2025-11-05,0.002850942829179437
full5y,v5,carry_mark,2025-11-06,-0.003783570887349674
full5y,v5,carry_mark,2025-11-07,0.0006424913066863436
full5y,v5,carry_mark,2025-11-10,0.007280131070995344
full5y,v5,carry_mark,2025-11-11,-0.0014975504914568783
full5y,v5,carry_mark,2025-11-12,0.0021844925792981586
full5y,v5,carry_mark,2025-11-13,-0.008363575529343258
full5y,v5,carry_mark,2025-11-14,-0.0026338137823627593
full5y,v5,carry_mark,2025-11-17,-0.0027511435736777834
full5y,v5,carry_mark,2025-11-18,0.0012835165737990484
full5y,v5,carry_mark,2025-11-19,-0.003709217700467793
full5y,v5,carry_mark,2025-11-20,-0.014615724112391492
full5y,v5,carry_mark,2025-11-21,0.00449745920987511
full5y,v5,carry_mark,2025-11-24,0.011733431082592194
full5y,v5,carry_mark,2025-11-25,0.0010504973815981921
full5y,v5,carry_mark,2025-11-26,0.014917180400843666
full5y,v5,carry_mark,2025-11-28,0.006802060663721077
full5y,v5,carry_mark,2025-12-01,-0.006289197114386557
full5y,v5,carry_mark,2025-12-02,-0.001480333285230373
full5y,v5,carry_mark,2025-12-03,0.0022025180148094515
full5y,v5,carry_mark,2025-12-04,0.0056473826994213995
full5y,v5,carry_mark,2025-12-05,0.009474953013501753
full5y,v5,carry_mark,2025-12-08,0.007397141611889979
full5y,v5,carry_mark,2025-12-09,0.009776293564252614
full5y,v5,carry_mark,2025-12-10,0.01729564693762926
full5y,v5,carry_mark,2025-12-11,0.0043468080846400855
full5y,v5,carry_mark,2025-12-12,-0.015569262470956247
full5y,v5,carry_mark,2025-12-15,0.0072350401414821965
full5y,v5,carry_mark,2025-12-16,0.0007108997006081807
full5y,v5,carry_mark,2025-12-17,-0.0017407163033544282
full5y,v5,carry_mark,2025-12-18,0.003314147194073036
full5y,v5,carry_mark,2025-12-19,0.013142014683673575
full5y,v5,carry_mark,2025-12-22,0.00474624287227674
full5y,v5,carry_mark,2025-12-23,-0.004473448841811734
full5y,v5,carry_mark,2025-12-24,0.0011074763754093664
full5y,v5,carry_mark,2025-12-26,-0.003714847156524592
full5y,v5,carry_mark,2025-12-29,0.000477864011113327
full5y,v5,carry_mark,2025-12-30,-0.0014447669550015862
full5y,v5,carry_mark,2025-12-31,-0.006563923596844557
full5y,v5,carry_mark,2026-01-02,0.017950782638435036
full5y,v5,carry_mark,2026-01-05,0.004445172664822405
full5y,v5,carry_mark,2026-01-06,0.010485004578809265
full5y,v5,carry_mark,2026-01-07,-0.0037061893377179135
full5y,v5,carry_mark,2026-01-08,-0.011046368252364925
full5y,v5,carry_mark,2026-01-09,-0.001419169208179205
full5y,v5,carry_mark,2026-01-12,0.009133999489923684
full5y,v5,carry_mark,2026-01-13,0.009687442238674127
full5y,v5,carry_mark,2026-01-14,-0.0022430241797682495
full5y,v5,carry_mark,2026-01-15,-0.00029232874431233123
full5y,v5,carry_mark,2026-01-16,0.0016241044869099053
full5y,v5,carry_mark,2026-01-20,-0.006633180702615138
full5y,v5,carry_mark,2026-01-21,0.02233987726453319
full5y,v5,carry_mark,2026-01-22,0.007999238437322198
full5y,v5,carry_mark,2026-01-23,-0.005548819807852201
full5y,v5,carry_mark,2026-01-26,-0.0012983531875916166
full5y,v5,carry_mark,2026-01-27,0.0003810578817152632
full5y,v5,carry_mark,2026-01-28,0.006771225106946344
full5y,v5,carry_mark,2026-01-29,-0.0015905263188149333
full5y,v5,carry_mark,2026-01-30,-0.01852650467188305
full5y,v5,carry_mark,2026-02-02,-0.011006394351886306
full5y,v5,carry_mark,2026-02-03,-0.016070154143750036
full5y,v5,carry_mark,2026-02-04,-0.0068875113323705
full5y,v5,carry_mark,2026-02-05,-0.006394861181190548
full5y,v5,carry_mark,2026-02-06,0.016262849676420933
full5y,v5,carry_mark,2026-02-09,0.0038023028627598653
full5y,v5,carry_mark,2026-02-10,0.00018803478019243646
full5y,v5,carry_mark,2026-02-11,0.000360943733252872
full5y,v5,carry_mark,2026-02-12,-0.011060683820456007
full5y,v5,carry_mark,2026-02-13,-0.004571650337269051
full5y,v5,carry_mark,2026-02-17,0.0009514894570442301
full5y,v5,carry_mark,2026-02-18,0.0032487377602767207
full5y,v5,carry_mark,2026-02-19,-0.0009341240834552344
full5y,v5,carry_mark,2026-02-20,0.00242426722153295
full5y,v5,carry_mark,2026-02-23,-0.002912584423668085
full5y,v5,carry_mark,2026-02-24,0.0006350830599559099
full5y,v5,carry_mark,2026-02-25,0.00387251118738412
full5y,v5,carry_mark,2026-02-26,-0.017178666376299077
full5y,v5,carry_mark,2026-02-27,0.004654818398397043
full5y,v5,carry_mark,2026-03-02,0.005210012200085101
full5y,v5,carry_mark,2026-03-03,-0.006068885465582996
full5y,v5,carry_mark,2026-03-04,0.007575749236878515
full5y,v5,carry_mark,2026-03-05,0.006046531138240141
full5y,v5,carry_mark,2026-03-06,-0.003629352456795143
full5y,v5,carry_mark,2026-03-09,0.003808440755970033
full5y,v5,carry_mark,2026-03-10,-0.004215296417539904
full5y,v5,carry_mark,2026-03-11,0.003066021994568713
full5y,v5,carry_mark,2026-03-12,-0.0076855018375592945
full5y,v5,carry_mark,2026-03-13,-0.001105120565098383
full5y,v5,carry_mark,2026-03-16,0.0013474828885363
full5y,v5,carry_mark,2026-03-17,0.0012203272123923025
full5y,v5,carry_mark,2026-03-18,-0.003918180936826965
full5y,v5,carry_mark,2026-03-19,-0.006263992805347318
full5y,v5,carry_mark,2026-03-20,-0.012642830972913643
full5y,v5,carry_mark,2026-03-23,0.010934741790751734
full5y,v5,carry_mark,2026-03-24,-0.013541748931829878
full5y,v5,carry_mark,2026-03-25,0.003960718662849527
full5y,v5,carry_mark,2026-03-26,-0.008992581165280955
full5y,v5,carry_mark,2026-03-27,-0.013030212629587779
full5y,v5,carry_mark,2026-03-30,-0.0034422195999590176
full5y,v5,carry_mark,2026-03-31,0.01233108823348591
full5y,v5,carry_mark,2026-04-01,0.0068775615915798284
full5y,v5,carry_mark,2026-04-02,-0.0035408151055096094
full5y,v5,carry_mark,2026-04-06,-0.0020809562502856704
full5y,v5,carry_mark,2026-04-07,-0.00013028691416211435
full5y,v5,carry_mark,2026-04-08,0.002570871174947531
full5y,v5,carry_mark,2026-04-09,-0.007093577086290459
full5y,v5,carry_mark,2026-04-10,0.003693847741262757
full5y,v5,carry_mark,2026-04-13,0.005813771134896606
full5y,v5,carry_mark,2026-04-14,0.01850053728461485
full5y,v5,carry_mark,2026-04-15,0.02549367854696032
full5y,v5,carry_mark,2026-04-16,0.0016646139452313302
full5y,v5,carry_mark,2026-04-17,0.001383584569788965
full5y,v5,carry_mark,2026-04-20,-0.0008598431817615548
full5y,v5,carry_mark,2026-04-21,-0.003596508613825311
full5y,v5,carry_mark,2026-04-22,0.013804988257668937
full5y,v5,carry_mark,2026-04-23,-0.016602486687652317
full5y,v5,carry_mark,2026-04-24,0.010259506655941941
full5y,v5,carry_mark,2026-04-27,0.009334695336157694
full5y,v5,carry_mark,2026-04-28,-0.005609762039583211
full5y,v5,carry_mark,2026-04-29,-0.0028614296136693753
full5y,v5,carry_mark,2026-04-30,0.0031267896219765445
full5y,v5,carry_mark,2026-05-01,0.009800739057132468
full5y,v5,carry_mark,2026-05-04,0.0012963966615763378
full5y,v5,carry_mark,2026-05-05,0.0010995571167439432
full5y,v5,carry_mark,2026-05-06,0.016083559422505257
full5y,v5,carry_mark,2026-05-07,0.016356703026161802
full5y,v5,carry_mark,2026-05-08,0.011232562878092734
full5y,v5,carry_mark,2026-05-11,0.002499039904793543
full5y,v5,carry_mark,2026-05-12,-0.005783710582710122
full5y,v5,carry_mark,2026-05-13,0.011626902822270923
full5y,v5,carry_mark,2026-05-14,0.005759527810101428
full5y,v5,carry_mark,2026-05-15,-0.007311635855668175
full5y,v5,carry_mark,2026-05-18,-0.0008629740545387343
full5y,v5,carry_mark,2026-05-19,-0.004623420609736528
full5y,v5,carry_mark,2026-05-20,0.009132087096903607
full5y,v5,carry_mark,2026-05-21,-0.002701293977409891
full5y,v5,carry_mark,2026-05-22,0.003894511390707356
full5y,v5,carry_mark,2026-05-26,0.010913352849066749
full5y,v5,carry_mark,2026-05-27,-0.0019701983300647987
full5y,v5,carry_mark,2026-05-28,0.043919719303088536
full5y,v5,carry_mark,2026-05-29,0.007943739427139418
full5y,v5,carry_mark,2026-06-01,0.014312400605351727
full5y,v5,carry_mark,2026-06-02,-0.011081225886195667
full5y,v5,carry_mark,2026-06-03,-0.015158608015473663
full5y,v5,carry_mark,2026-06-04,0.0005203237571319352
full5y,v5,carry_mark,2026-06-05,-0.03212502138102043
full5y,v5,carry_mark,2026-06-08,0.007131693972933029
full5y,v5,carry_mark,2026-06-09,-0.004847001242489523
full5y,v5,carry_mark,2026-06-10,-0.004067851220674346
full5y,v5,carry_mark,2026-06-11,0.00020425406654052126
full5y,v5,carry_mark,2026-06-12,-0.0031656893505026653
full5y,v5,carry_mark,2026-06-15,0.0034367213858373493
full5y,v5,carry_mark,2026-06-16,-0.0010216759978194934
full5y,v5,carry_mark,2026-06-17,-0.001594496028437986
full5y,v5,carry_mark,2026-06-18,-0.0009508830571814842
full5y,v5,carry_mark,2026-06-22,-0.002453828022294935
full5y,v5,carry_mark,2026-06-23,0.0016858675960797153
full5y,v5,carry_mark,2026-06-24,-0.0019356827581182956
full5y,v5,carry_mark,2026-06-25,0.000491259404887634
full5y,v5,carry_mark,2026-06-26,0.009645031881770395
full5y,v5,carry_mark,2026-06-29,-0.001382705731639955
full5y,v5,carry_mark,2026-06-30,0.002339891814490769
full5y,v5,carry_mark,2026-07-01,0.005647292260248249
full5y,v5,carry_mark,2026-07-02,0.0012178261018067405
full5y,v5,carry_mark,2026-07-06,-0.00021460733777332042
full5y,v5,carry_mark,2026-07-07,0.0007910061420274728
full5y,v5,carry_mark,2026-07-08,-0.001958725070174516
full5y,v5,carry_mark,2026-07-09,0.0026310837645209693
full5y,v5,carry_mark,2026-07-10,-0.0020654869606451798
full5y,v5,carry_mark,2026-07-13,0.004283334220519119
full5y,v5,carry_mark,2026-07-14,0.001163659904791281
full5y,v5,carry_mark,2026-07-15,0.0013047684426035766
full5y,v5,carry_mark,2026-07-16,0.0007021307088800443
full5y,v5,carry_mark,2026-07-17,-0.002229790692674338
full5y,v5,carry_mark,2026-07-20,0.003020974787506581
full5y,v5,carry_mark,2026-07-21,-0.0004970702730712762
full5y,v5,carry_mark,2026-07-22,-0.003513149966285778
full5y,v5,carry_mark,2026-07-23,-0.002715887969955477
full5y,v5,carry_mark,2026-07-24,0.0028784733434240374
full5y,v5,carry_mark,2026-07-27,0.004194022431430922
full5y,v5,carry_mark,2026-07-28,0.0029809515802536545
full5y,v5,carry_mark,2026-07-29,0.005636828472016386
full5y,v5,carry_mark,2026-07-30,0.020254916898038322
full5y,v5,carry_mark,2026-07-31,-0.006461426939668291
full5y,v5,carry_mark,2026-08-03,0.028898996872659045
full5y,v5,carry_mark,2026-08-04,0.02628403750571211
full5y,v5,carry_mark,2026-08-05,-0.006569676005007652
full5y,v5,carry_mark,2026-08-06,-0.002444545040455082
full5y,v5,carry_mark,2026-08-07,0.012785295520698037
full5y,v5,carry_mark,2026-08-10,0.00421746303783076
full5y,v5,carry_mark,2026-08-11,-0.005271158881184202
full5y,v5,carry_mark,2026-08-12,-0.0008809228739185881
full5y,v5,carry_mark,2026-08-13,0.002902293664416189
full5y,v5,carry_mark,2026-08-14,0.01248843679204371
full5y,v5,carry_mark,2026-08-17,-0.0028958297786084164
full5y,v5,carry_mark,2026-08-18,-0.013980503302559389
full5y,v5,carry_mark,2026-08-19,0.007034841814780734
full5y,v5,carry_mark,2026-08-20,-0.003071646970326225
full5y,v5,carry_mark,2026-08-21,0.004542463553132448
full5y,v5,carry_mark,2026-08-24,-0.0006954255409217014
full5y,v5,carry_mark,2026-08-25,0.001577029946714581
full5y,v5,carry_mark,2026-08-26,-0.0019387163847680799
full5y,v5,carry_mark,2026-08-27,0.0037240467672158607
full5y,P-confirm5-v5profit50,reset_liquidate,2021-08-27,0.0
full5y,P-confirm5-v5profit50,reset_liquidate,2021-08-30,0.0
full5y,P-confirm5-v5profit50,reset_liquidate,2021-08-31,0.0002707110181594752
full5y,P-confirm5-v5profit50,reset_liquidate,2021-09-01,-0.00022155233598405432
full5y,P-confirm5-v5profit50,reset_liquidate,2021-09-02,-0.0002315788147756681
full5y,P-confirm5-v5profit50,reset_liquidate,2021-09-03,0.00016111325842673718
full5y,P-confirm5-v5profit50,reset_liquidate,2021-09-07,0.002637783858939624
full5y,P-confirm5-v5profit50,reset_liquidate,2021-09-08,0.00012617502122473921
full5y,P-confirm5-v5profit50,reset_liquidate,2021-09-09,0.0001313231087076927
full5y,P-confirm5-v5profit50,reset_liquidate,2021-09-10,-0.0024627038366134336
full5y,P-confirm5-v5profit50,reset_liquidate,2021-09-13,0.000914066245943812
full5y,P-confirm5-v5profit50,reset_liquidate,2021-09-14,0.00020053498586631858
full5y,P-confirm5-v5profit50,reset_liquidate,2021-09-15,0.0015231899000174077
full5y,P-confirm5-v5profit50,reset_liquidate,2021-09-16,0.0005336353150690698
full5y,P-confirm5-v5profit50,reset_liquidate,2021-09-17,-0.0014225826787375162
full5y,P-confirm5-v5profit50,reset_liquidate,2021-09-20,-0.005717958374318433
full5y,P-confirm5-v5profit50,reset_liquidate,2021-09-21,0.001431247781322531
full5y,P-confirm5-v5profit50,reset_liquidate,2021-09-22,0.002980942985915447
full5y,P-confirm5-v5profit50,reset_liquidate,2021-09-23,0.0012294781050453895
full5y,P-confirm5-v5profit50,reset_liquidate,2021-09-24,-0.0037653064659299296
full5y,P-confirm5-v5profit50,reset_liquidate,2021-09-27,0.004884864494234508
full5y,P-confirm5-v5profit50,reset_liquidate,2021-09-28,-0.005167157994756
full5y,P-confirm5-v5profit50,reset_liquidate,2021-09-29,-0.0015187100880318272
full5y,P-confirm5-v5profit50,reset_liquidate,2021-09-30,0.003291312676963343
full5y,P-confirm5-v5profit50,reset_liquidate,2021-10-01,-0.001978628171490493
full5y,P-confirm5-v5profit50,reset_liquidate,2021-10-04,-0.008898306181800509
full5y,P-confirm5-v5profit50,reset_liquidate,2021-10-05,0.009205595609327256
full5y,P-confirm5-v5profit50,reset_liquidate,2021-10-06,-0.0007764896038820135
full5y,P-confirm5-v5profit50,reset_liquidate,2021-10-07,0.011181380885228631
full5y,P-confirm5-v5profit50,reset_liquidate,2021-10-08,0.0029398124201407637
full5y,P-confirm5-v5profit50,reset_liquidate,2021-10-11,-0.0012529385458969421
full5y,P-confirm5-v5profit50,reset_liquidate,2021-10-12,-0.0017072749981464686
full5y,P-confirm5-v5profit50,reset_liquidate,2021-10-13,0.006244370175751723
full5y,P-confirm5-v5profit50,reset_liquidate,2021-10-14,-0.000589791987276822
full5y,P-confirm5-v5profit50,reset_liquidate,2021-10-15,0.0020691899262901712
full5y,P-confirm5-v5profit50,reset_liquidate,2021-10-18,0.0033573012360781362
full5y,P-confirm5-v5profit50,reset_liquidate,2021-10-19,0.008402746122033223
full5y,P-confirm5-v5profit50,reset_liquidate,2021-10-20,-0.000991628484246798
full5y,P-confirm5-v5profit50,reset_liquidate,2021-10-21,0.0039391448255510775
full5y,P-confirm5-v5profit50,reset_liquidate,2021-10-22,0.0020130473585447508
full5y,P-confirm5-v5profit50,reset_liquidate,2021-10-25,0.0019687839883497428
full5y,P-confirm5-v5profit50,reset_liquidate,2021-10-26,-0.006635583217066454
full5y,P-confirm5-v5profit50,reset_liquidate,2021-10-27,-0.003877928165077882
full5y,P-confirm5-v5profit50,reset_liquidate,2021-10-28,0.0017880670476427385
full5y,P-confirm5-v5profit50,reset_liquidate,2021-10-29,-0.00563973434808559
full5y,P-confirm5-v5profit50,reset_liquidate,2021-11-01,-0.0012585151156275342
full5y,P-confirm5-v5profit50,reset_liquidate,2021-11-02,0.0
full5y,P-confirm5-v5profit50,reset_liquidate,2021-11-03,0.0
full5y,P-confirm5-v5profit50,reset_liquidate,2021-11-04,0.0
full5y,P-confirm5-v5profit50,reset_liquidate,2021-11-05,0.0
full5y,P-confirm5-v5profit50,reset_liquidate,2021-11-08,0.0
full5y,P-confirm5-v5profit50,reset_liquidate,2021-11-09,0.0
full5y,P-confirm5-v5profit50,reset_liquidate,2021-11-10,0.0
full5y,P-confirm5-v5profit50,reset_liquidate,2021-11-11,0.0
full5y,P-confirm5-v5profit50,reset_liquidate,2021-11-12,0.0
full5y,P-confirm5-v5profit50,reset_liquidate,2021-11-15,0.0
full5y,P-confirm5-v5profit50,reset_liquidate,2021-11-16,0.0
full5y,P-confirm5-v5profit50,reset_liquidate,2021-11-17,0.0001446807529615457
full5y,P-confirm5-v5profit50,reset_liquidate,2021-11-18,-0.001398018270000645
full5y,P-confirm5-v5profit50,reset_liquidate,2021-11-19,-0.00047213602117285314
full5y,P-confirm5-v5profit50,reset_liquidate,2021-11-22,-0.0034567254677347224
full5y,P-confirm5-v5profit50,reset_liquidate,2021-11-23,-0.004915026211506801
full5y,P-confirm5-v5profit50,reset_liquidate,2021-11-24,0.0011317999999726602
full5y,P-confirm5-v5profit50,reset_liquidate,2021-11-26,-0.003053759503108211
full5y,P-confirm5-v5profit50,reset_liquidate,2021-11-29,0.0016608423964827646
full5y,P-confirm5-v5profit50,reset_liquidate,2021-11-30,0.0
full5y,P-confirm5-v5profit50,reset_liquidate,2021-12-01,0.0
full5y,P-confirm5-v5profit50,reset_liquidate,2021-12-02,0.0
full5y,P-confirm5-v5profit50,reset_liquidate,2021-12-03,0.0
full5y,P-confirm5-v5profit50,reset_liquidate,2021-12-06,0.0
full5y,P-confirm5-v5profit50,reset_liquidate,2021-12-07,0.0
full5y,P-confirm5-v5profit50,reset_liquidate,2021-12-08,0.0
full5y,P-confirm5-v5profit50,reset_liquidate,2021-12-09,-0.0024435980224609467
full5y,P-confirm5-v5profit50,reset_liquidate,2021-12-10,0.002745483977933971
full5y,P-confirm5-v5profit50,reset_liquidate,2021-12-13,-0.0046681357149386486
full5y,P-confirm5-v5profit50,reset_liquidate,2021-12-14,-0.000935265328570345
full5y,P-confirm5-v5profit50,reset_liquidate,2021-12-15,0.0027780918610421424
full5y,P-confirm5-v5profit50,reset_liquidate,2021-12-16,-0.009812950466482628
full5y,P-confirm5-v5profit50,reset_liquidate,2021-12-17,0.0022616700527611
full5y,P-confirm5-v5profit50,reset_liquidate,2021-12-20,-0.0003791349859946669
full5y,P-confirm5-v5profit50,reset_liquidate,2021-12-21,0.0071737093287165266
full5y,P-confirm5-v5profit50,reset_liquidate,2021-12-22,0.0009244120149909607
full5y,P-confirm5-v5profit50,reset_liquidate,2021-12-23,-0.0024797555798548587
full5y,P-confirm5-v5profit50,reset_liquidate,2021-12-27,0.0007931931172296513
full5y,P-confirm5-v5profit50,reset_liquidate,2021-12-28,-0.0033552083542858656
full5y,P-confirm5-v5profit50,reset_liquidate,2021-12-29,0.0011846666076972268
full5y,P-confirm5-v5profit50,reset_liquidate,2021-12-30,-0.0010400588771790065
full5y,P-confirm5-v5profit50,reset_liquidate,2021-12-31,-0.0017197274534627382
full5y,P-confirm5-v5profit50,reset_liquidate,2022-01-03,-0.0022297665388189116
full5y,P-confirm5-v5profit50,reset_liquidate,2022-01-04,-0.010258536520358496
full5y,P-confirm5-v5profit50,reset_liquidate,2022-01-05,-0.011631776763448254
full5y,P-confirm5-v5profit50,reset_liquidate,2022-01-06,0.0045405895165822165
full5y,P-confirm5-v5profit50,reset_liquidate,2022-01-07,0.006002550146946217
full5y,P-confirm5-v5profit50,reset_liquidate,2022-01-10,0.00024096017860506525
full5y,P-confirm5-v5profit50,reset_liquidate,2022-01-11,0.007477601512437149
full5y,P-confirm5-v5profit50,reset_liquidate,2022-01-12,0.0072564849679140455
full5y,P-confirm5-v5profit50,reset_liquidate,2022-01-13,-0.012702731760111663
full5y,P-confirm5-v5profit50,reset_liquidate,2022-01-14,0.0008408197752745372
full5y,P-confirm5-v5profit50,reset_liquidate,2022-01-18,-0.012593994692962195
full5y,P-confirm5-v5profit50,reset_liquidate,2022-01-19,-0.005386563549346091
full5y,P-confirm5-v5profit50,reset_liquidate,2022-01-20,0.009419226802286995
full5y,P-confirm5-v5profit50,reset_liquidate,2022-01-21,-0.005734410955871771
full5y,P-confirm5-v5profit50,reset_liquidate,2022-01-24,-0.004258051258785023
full5y,P-confirm5-v5profit50,reset_liquidate,2022-01-25,-0.006760593784593294
full5y,P-confirm5-v5profit50,reset_liquidate,2022-01-26,-0.004868637081682614
full5y,P-confirm5-v5profit50,reset_liquidate,2022-01-27,-0.010129021452757302
full5y,P-confirm5-v5profit50,reset_liquidate,2022-01-28,0.014251162311491372
full5y,P-confirm5-v5profit50,reset_liquidate,2022-01-31,0.025843541452979645
full5y,P-confirm5-v5profit50,reset_liquidate,2022-02-01,0.0046141102782761845
full5y,P-confirm5-v5profit50,reset_liquidate,2022-02-02,-0.006727646445012558
full5y,P-confirm5-v5profit50,reset_liquidate,2022-02-03,-0.027474183795001862
full5y,P-confirm5-v5profit50,reset_liquidate,2022-02-04,0.01534430879365083
full5y,P-confirm5-v5profit50,reset_liquidate,2022-02-07,-0.0009226527250840166
full5y,P-confirm5-v5profit50,reset_liquidate,2022-02-08,0.003323160821832538
full5y,P-confirm5-v5profit50,reset_liquidate,2022-02-09,0.019527828679434013
full5y,P-confirm5-v5profit50,reset_liquidate,2022-02-10,-0.013504781667255616
full5y,P-confirm5-v5profit50,reset_liquidate,2022-02-11,-0.023627758533892318
full5y,P-confirm5-v5profit50,reset_liquidate,2022-02-14,-0.003242085706821718
full5y,P-confirm5-v5profit50,reset_liquidate,2022-02-15,0.016764250887556686
full5y,P-confirm5-v5profit50,reset_liquidate,2022-02-16,0.014018979586114432
full5y,P-confirm5-v5profit50,reset_liquidate,2022-02-17,-0.021248117879413265
full5y,P-confirm5-v5profit50,reset_liquidate,2022-02-18,-0.0028339848502002885
full5y,P-confirm5-v5profit50,reset_liquidate,2022-02-22,-0.013308254226869065
full5y,P-confirm5-v5profit50,reset_liquidate,2022-02-23,-0.013707759440092327
full5y,P-confirm5-v5profit50,reset_liquidate,2022-02-24,0.029941634022192853
full5y,P-confirm5-v5profit50,reset_liquidate,2022-02-25,-0.008994145637484519
full5y,P-confirm5-v5profit50,reset_liquidate,2022-02-28,0.006219379688044502
full5y,P-confirm5-v5profit50,reset_liquidate,2022-03-01,-0.010564988226539184
full5y,P-confirm5-v5profit50,reset_liquidate,2022-03-02,0.005731666331558772
full5y,P-confirm5-v5profit50,reset_liquidate,2022-03-03,-0.022249341515597088
full5y,P-confirm5-v5profit50,reset_liquidate,2022-03-04,-0.0185279096389775
full5y,P-confirm5-v5profit50,reset_liquidate,2022-03-07,-0.04146222825299241
full5y,P-confirm5-v5profit50,reset_liquidate,2022-03-08,0.0011497043754050695
full5y,P-confirm5-v5profit50,reset_liquidate,2022-03-09,0.03467102463460836
full5y,P-confirm5-v5profit50,reset_liquidate,2022-03-10,-0.009457900339569957
full5y,P-confirm5-v5profit50,reset_liquidate,2022-03-11,-0.016137702445318137
full5y,P-confirm5-v5profit50,reset_liquidate,2022-03-14,-0.005226128649590267
full5y,P-confirm5-v5profit50,reset_liquidate,2022-03-15,0.012219014026115915
full5y,P-confirm5-v5profit50,reset_liquidate,2022-03-16,0.04658501131525587
full5y,P-confirm5-v5profit50,reset_liquidate,2022-03-17,-0.00035237869298268
full5y,P-confirm5-v5profit50,reset_liquidate,2022-03-18,0.021392510421130793
full5y,P-confirm5-v5profit50,reset_liquidate,2022-03-21,-0.005116046558045107
full5y,P-confirm5-v5profit50,reset_liquidate,2022-03-22,0.024406438077364378
full5y,P-confirm5-v5profit50,reset_liquidate,2022-03-23,-0.007613696109842716
full5y,P-confirm5-v5profit50,reset_liquidate,2022-03-24,0.008335451984381658
full5y,P-confirm5-v5profit50,reset_liquidate,2022-03-25,-0.011458270358417432
full5y,P-confirm5-v5profit50,reset_liquidate,2022-03-28,0.01828108554998593
full5y,P-confirm5-v5profit50,reset_liquidate,2022-03-29,0.004568630320539113
full5y,P-confirm5-v5profit50,reset_liquidate,2022-03-30,-0.0047513845257100675
full5y,P-confirm5-v5profit50,reset_liquidate,2022-03-31,-0.006368497805121265
full5y,P-confirm5-v5profit50,reset_liquidate,2022-04-01,0.004266384302801818
full5y,P-confirm5-v5profit50,reset_liquidate,2022-04-04,0.012151976111005647
full5y,P-confirm5-v5profit50,reset_liquidate,2022-04-05,-0.013556070452555602
full5y,P-confirm5-v5profit50,reset_liquidate,2022-04-06,-0.017311095063024064
full5y,P-confirm5-v5profit50,reset_liquidate,2022-04-07,0.0012870905705439028
full5y,P-confirm5-v5profit50,reset_liquidate,2022-04-08,-0.00637900980274062
full5y,P-confirm5-v5profit50,reset_liquidate,2022-04-11,-0.012125119461478017
full5y,P-confirm5-v5profit50,reset_liquidate,2022-04-12,0.00013966284747410907
full5y,P-confirm5-v5profit50,reset_liquidate,2022-04-13,0.003677749172649647
full5y,P-confirm5-v5profit50,reset_liquidate,2022-04-14,-0.005144265358011291
full5y,P-confirm5-v5profit50,reset_liquidate,2022-04-18,0.000993438653492018
full5y,P-confirm5-v5profit50,reset_liquidate,2022-04-19,0.0035308641123584115
full5y,P-confirm5-v5profit50,reset_liquidate,2022-04-20,-0.0011429798410952264
full5y,P-confirm5-v5profit50,reset_liquidate,2022-04-21,-0.004457246077440502
full5y,P-confirm5-v5profit50,reset_liquidate,2022-04-22,-0.00656380188422383
full5y,P-confirm5-v5profit50,reset_liquidate,2022-04-25,0.005315485916980234
full5y,P-confirm5-v5profit50,reset_liquidate,2022-04-26,-0.007334964030315738
full5y,P-confirm5-v5profit50,reset_liquidate,2022-04-27,0.0011400147275324678
full5y,P-confirm5-v5profit50,reset_liquidate,2022-04-28,0.004016697896795196
full5y,P-confirm5-v5profit50,reset_liquidate,2022-04-29,-0.004181202107854975
full5y,P-confirm5-v5profit50,reset_liquidate,2022-05-02,0.0025043285104370703
full5y,P-confirm5-v5profit50,reset_liquidate,2022-05-03,-0.0009456190212897897
full5y,P-confirm5-v5profit50,reset_liquidate,2022-05-04,0.0029100760318527376
full5y,P-confirm5-v5profit50,reset_liquidate,2022-05-05,-0.004355474310057861
full5y,P-confirm5-v5profit50,reset_liquidate,2022-05-06,-0.0009446529870309917
full5y,P-confirm5-v5profit50,reset_liquidate,2022-05-09,-0.003694545192795706
full5y,P-confirm5-v5profit50,reset_liquidate,2022-05-10,0.001859556155956854
full5y,P-confirm5-v5profit50,reset_liquidate,2022-05-11,-0.003320969279046848
full5y,P-confirm5-v5profit50,reset_liquidate,2022-05-12,-0.0019957712274333295
full5y,P-confirm5-v5profit50,reset_liquidate,2022-05-13,0.002259639269925384
full5y,P-confirm5-v5profit50,reset_liquidate,2022-05-16,0.00014552883345526625
full5y,P-confirm5-v5profit50,reset_liquidate,2022-05-17,0.0020344196268522905
full5y,P-confirm5-v5profit50,reset_liquidate,2022-05-18,-0.004774756443838712
full5y,P-confirm5-v5profit50,reset_liquidate,2022-05-19,-0.0003699631748394383
full5y,P-confirm5-v5profit50,reset_liquidate,2022-05-20,-0.0002291229487450197
full5y,P-confirm5-v5profit50,reset_liquidate,2022-05-23,0.0032031978207529787
full5y,P-confirm5-v5profit50,reset_liquidate,2022-05-24,-0.0003951654722485598
full5y,P-confirm5-v5profit50,reset_liquidate,2022-05-25,0.0011170148490201592
full5y,P-confirm5-v5profit50,reset_liquidate,2022-05-26,0.0012875228646442194
full5y,P-confirm5-v5profit50,reset_liquidate,2022-05-27,0.004230405315745212
full5y,P-confirm5-v5profit50,reset_liquidate,2022-05-31,-0.0022410564676105917
full5y,P-confirm5-v5profit50,reset_liquidate,2022-06-01,-0.0009727788078103927
full5y,P-confirm5-v5profit50,reset_liquidate,2022-06-02,0.010376715233526502
full5y,P-confirm5-v5profit50,reset_liquidate,2022-06-03,-0.0077515722947543945
full5y,P-confirm5-v5profit50,reset_liquidate,2022-06-06,-0.0018183517409254835
full5y,P-confirm5-v5profit50,reset_liquidate,2022-06-07,0.003886164016552196
full5y,P-confirm5-v5profit50,reset_liquidate,2022-06-08,0.002516598116985047
full5y,P-confirm5-v5profit50,reset_liquidate,2022-06-09,-0.0038043777179320613
full5y,P-confirm5-v5profit50,reset_liquidate,2022-06-10,-0.012570149267352526
full5y,P-confirm5-v5profit50,reset_liquidate,2022-06-13,-0.011691037842629282
full5y,P-confirm5-v5profit50,reset_liquidate,2022-06-14,0.0010628783985076496
full5y,P-confirm5-v5profit50,reset_liquidate,2022-06-15,0.007613943935911194
full5y,P-confirm5-v5profit50,reset_liquidate,2022-06-16,-0.011669314779698504
full5y,P-confirm5-v5profit50,reset_liquidate,2022-06-17,0.008076800467508628
full5y,P-confirm5-v5profit50,reset_liquidate,2022-06-21,0.010190001005630767
full5y,P-confirm5-v5profit50,reset_liquidate,2022-06-22,0.003564246878155686
full5y,P-confirm5-v5profit50,reset_liquidate,2022-06-23,0.016648127278401658
full5y,P-confirm5-v5profit50,reset_liquidate,2022-06-24,0.01634548173718735
full5y,P-confirm5-v5profit50,reset_liquidate,2022-06-27,-0.0045894256975792195
full5y,P-confirm5-v5profit50,reset_liquidate,2022-06-28,-0.012077410817883782
full5y,P-confirm5-v5profit50,reset_liquidate,2022-06-29,-0.0008089224699414643
full5y,P-confirm5-v5profit50,reset_liquidate,2022-06-30,-0.0027756423509651797
full5y,P-confirm5-v5profit50,reset_liquidate,2022-07-01,0.003933554808526663
full5y,P-confirm5-v5profit50,reset_liquidate,2022-07-05,0.007174977655000791
full5y,P-confirm5-v5profit50,reset_liquidate,2022-07-06,-0.0005810160955111443
full5y,P-confirm5-v5profit50,reset_liquidate,2022-07-07,0.0032922125481939847
full5y,P-confirm5-v5profit50,reset_liquidate,2022-07-08,0.0003834697450659119
full5y,P-confirm5-v5profit50,reset_liquidate,2022-07-11,-0.002680360079917532
full5y,P-confirm5-v5profit50,reset_liquidate,2022-07-12,-0.006415702453208838
full5y,P-confirm5-v5profit50,reset_liquidate,2022-07-13,0.0028673682443420834
full5y,P-confirm5-v5profit50,reset_liquidate,2022-07-14,-0.0022727332998374373
full5y,P-confirm5-v5profit50,reset_liquidate,2022-07-15,0.0011969904490624073
full5y,P-confirm5-v5profit50,reset_liquidate,2022-07-18,-0.0010003350848711624
full5y,P-confirm5-v5profit50,reset_liquidate,2022-07-19,-6.823586231052836e-06
full5y,P-confirm5-v5profit50,reset_liquidate,2022-07-20,0.007128217058608599
full5y,P-confirm5-v5profit50,reset_liquidate,2022-07-21,0.0005290005502500472
full5y,P-confirm5-v5profit50,reset_liquidate,2022-07-22,-0.009345077432092685
full5y,P-confirm5-v5profit50,reset_liquidate,2022-07-25,-0.001490317792362017
full5y,P-confirm5-v5profit50,reset_liquidate,2022-07-26,0.0
full5y,P-confirm5-v5profit50,reset_liquidate,2022-07-27,0.0
full5y,P-confirm5-v5profit50,reset_liquidate,2022-07-28,0.0
full5y,P-confirm5-v5profit50,reset_liquidate,2022-07-29,0.0
full5y,P-confirm5-v5profit50,reset_liquidate,2022-08-01,0.0
full5y,P-confirm5-v5profit50,reset_liquidate,2022-08-02,0.0
full5y,P-confirm5-v5profit50,reset_liquidate,2022-08-03,0.0
full5y,P-confirm5-v5profit50,reset_liquidate,2022-08-04,0.0
full5y,P-confirm5-v5profit50,reset_liquidate,2022-08-05,0.0
full5y,P-confirm5-v5profit50,reset_liquidate,2022-08-08,0.0
full5y,P-confirm5-v5profit50,reset_liquidate,2022-08-09,0.0
full5y,P-confirm5-v5profit50,reset_liquidate,2022-08-10,0.0
full5y,P-confirm5-v5profit50,reset_liquidate,2022-08-11,0.0
full5y,P-confirm5-v5profit50,reset_liquidate,2022-08-12,0.005200307507449775
full5y,P-confirm5-v5profit50,reset_liquidate,2022-08-15,-0.001414259168114973
full5y,P-confirm5-v5profit50,reset_liquidate,2022-08-16,-0.003377158650139811
full5y,P-confirm5-v5profit50,reset_liquidate,2022-08-17,-0.000603165785577442
full5y,P-confirm5-v5profit50,reset_liquidate,2022-08-18,-0.003485293263993339
full5y,P-confirm5-v5profit50,reset_liquidate,2022-08-19,-0.001676603452033576
full5y,P-confirm5-v5profit50,reset_liquidate,2022-08-22,0.0020823030137983923
full5y,P-confirm5-v5profit50,reset_liquidate,2022-08-23,-0.0003051696624335909
full5y,P-confirm5-v5profit50,reset_liquidate,2022-08-24,0.001224427485044499
full5y,P-confirm5-v5profit50,reset_liquidate,2022-08-25,0.014833677261199241
full5y,P-confirm5-v5profit50,reset_liquidate,2022-08-26,-0.0023977869997869328
full5y,P-confirm5-v5profit50,reset_liquidate,2022-08-29,-0.0028969056639751023
full5y,P-confirm5-v5profit50,reset_liquidate,2022-08-30,-0.008072531244201675
full5y,P-confirm5-v5profit50,reset_liquidate,2022-08-31,0.006315623897797673
full5y,P-confirm5-v5profit50,reset_liquidate,2022-09-01,-0.0034266060942455545
full5y,P-confirm5-v5profit50,reset_liquidate,2022-09-02,-0.006213204337382849
full5y,P-confirm5-v5profit50,reset_liquidate,2022-09-06,-0.005831817033679243
full5y,P-confirm5-v5profit50,reset_liquidate,2022-09-07,0.0002855810868112707
full5y,P-confirm5-v5profit50,reset_liquidate,2022-09-08,0.0
full5y,P-confirm5-v5profit50,reset_liquidate,2022-09-09,0.0
full5y,P-confirm5-v5profit50,reset_liquidate,2022-09-12,0.0
full5y,P-confirm5-v5profit50,reset_liquidate,2022-09-13,0.0
full5y,P-confirm5-v5profit50,reset_liquidate,2022-09-14,0.0
full5y,P-confirm5-v5profit50,reset_liquidate,2022-09-15,0.0
full5y,P-confirm5-v5profit50,reset_liquidate,2022-09-16,0.0
full5y,P-confirm5-v5profit50,reset_liquidate,2022-09-19,0.0
full5y,P-confirm5-v5profit50,reset_liquidate,2022-09-20,0.0
full5y,P-confirm5-v5profit50,reset_liquidate,2022-09-21,0.0
full5y,P-confirm5-v5profit50,reset_liquidate,2022-09-22,0.0
full5y,P-confirm5-v5profit50,reset_liquidate,2022-09-23,0.0
full5y,P-confirm5-v5profit50,reset_liquidate,2022-09-26,0.0
full5y,P-confirm5-v5profit50,reset_liquidate,2022-09-27,0.0
full5y,P-confirm5-v5profit50,reset_liquidate,2022-09-28,0.0
full5y,P-confirm5-v5profit50,reset_liquidate,2022-09-29,0.0
full5y,P-confirm5-v5profit50,reset_liquidate,2022-09-30,0.0
full5y,P-confirm5-v5profit50,reset_liquidate,2022-10-03,0.0
full5y,P-confirm5-v5profit50,reset_liquidate,2022-10-04,0.0
full5y,P-confirm5-v5profit50,reset_liquidate,2022-10-05,0.0
full5y,P-confirm5-v5profit50,reset_liquidate,2022-10-06,0.0
full5y,P-confirm5-v5profit50,reset_liquidate,2022-10-07,0.0
full5y,P-confirm5-v5profit50,reset_liquidate,2022-10-10,0.0
full5y,P-confirm5-v5profit50,reset_liquidate,2022-10-11,0.0
full5y,P-confirm5-v5profit50,reset_liquidate,2022-10-12,0.0
full5y,P-confirm5-v5profit50,reset_liquidate,2022-10-13,0.0
full5y,P-confirm5-v5profit50,reset_liquidate,2022-10-14,-0.01972387435530636
full5y,P-confirm5-v5profit50,reset_liquidate,2022-10-17,0.01854862160336328
full5y,P-confirm5-v5profit50,reset_liquidate,2022-10-18,0.00038029517838921166
full5y,P-confirm5-v5profit50,reset_liquidate,2022-10-19,-0.013982344413236803
full5y,P-confirm5-v5profit50,reset_liquidate,2022-10-20,-0.00047175495461944107
full5y,P-confirm5-v5profit50,reset_liquidate,2022-10-21,0.008834612356483928
full5y,P-confirm5-v5profit50,reset_liquidate,2022-10-24,-0.0263638490808474
full5y,P-confirm5-v5profit50,reset_liquidate,2022-10-25,0.012414322686174817
full5y,P-confirm5-v5profit50,reset_liquidate,2022-10-26,-0.006607509486069763
full5y,P-confirm5-v5profit50,reset_liquidate,2022-10-27,-0.005508077581122239
full5y,P-confirm5-v5profit50,reset_liquidate,2022-10-28,0.00904521263568434
full5y,P-confirm5-v5profit50,reset_liquidate,2022-10-31,-0.0034562372228127414
full5y,P-confirm5-v5profit50,reset_liquidate,2022-11-01,-0.0031026159952008635
full5y,P-confirm5-v5profit50,reset_liquidate,2022-11-02,-0.010344828946187823
full5y,P-confirm5-v5profit50,reset_liquidate,2022-11-03,-0.005769242612733561
full5y,P-confirm5-v5profit50,reset_liquidate,2022-11-04,0.005608576230622164
full5y,P-confirm5-v5profit50,reset_liquidate,2022-11-07,0.0
full5y,P-confirm5-v5profit50,reset_liquidate,2022-11-08,0.0017868800499873494
full5y,P-confirm5-v5profit50,reset_liquidate,2022-11-09,-0.011980775391914954
full5y,P-confirm5-v5profit50,reset_liquidate,2022-11-10,0.017706712260532508
full5y,P-confirm5-v5profit50,reset_liquidate,2022-11-11,0.022052318114762583
full5y,P-confirm5-v5profit50,reset_liquidate,2022-11-14,0.003627150716903249
full5y,P-confirm5-v5profit50,reset_liquidate,2022-11-15,0.022623063552984712
full5y,P-confirm5-v5profit50,reset_liquidate,2022-11-16,-0.013517658902956985
full5y,P-confirm5-v5profit50,reset_liquidate,2022-11-17,-0.0006640449971853868
full5y,P-confirm5-v5profit50,reset_liquidate,2022-11-18,-0.012768949341973302
full5y,P-confirm5-v5profit50,reset_liquidate,2022-11-21,-0.009172377567160018
full5y,P-confirm5-v5profit50,reset_liquidate,2022-11-22,-0.0008471442149169284
full5y,P-confirm5-v5profit50,reset_liquidate,2022-11-23,0.00643237510764294
full5y,P-confirm5-v5profit50,reset_liquidate,2022-11-25,-0.0032258803493833478
full5y,P-confirm5-v5profit50,reset_liquidate,2022-11-28,-0.004052541905729523
full5y,P-confirm5-v5profit50,reset_liquidate,2022-11-29,-0.0032716887405709327
full5y,P-confirm5-v5profit50,reset_liquidate,2022-11-30,0.013387658015124449
full5y,P-confirm5-v5profit50,reset_liquidate,2022-12-01,0.011533429077014157
full5y,P-confirm5-v5profit50,reset_liquidate,2022-12-02,-0.0016998179649078682
full5y,P-confirm5-v5profit50,reset_liquidate,2022-12-05,-0.015649757228278792
full5y,P-confirm5-v5profit50,reset_liquidate,2022-12-06,-0.002879417444050858
full5y,P-confirm5-v5profit50,reset_liquidate,2022-12-07,-0.0017810126923354485
full5y,P-confirm5-v5profit50,reset_liquidate,2022-12-08,0.004225349657375499
full5y,P-confirm5-v5profit50,reset_liquidate,2022-12-09,0.0033079765525869443
full5y,P-confirm5-v5profit50,reset_liquidate,2022-12-12,-0.01027809034588193
full5y,P-confirm5-v5profit50,reset_liquidate,2022-12-13,0.013001441927561374
full5y,P-confirm5-v5profit50,reset_liquidate,2022-12-14,-0.003494896366416822
full5y,P-confirm5-v5profit50,reset_liquidate,2022-12-15,-0.0038352387502257113
full5y,P-confirm5-v5profit50,reset_liquidate,2022-12-16,-0.004858919070880185
full5y,P-confirm5-v5profit50,reset_liquidate,2022-12-19,-0.003293329668611
full5y,P-confirm5-v5profit50,reset_liquidate,2022-12-20,-0.0058016498086379655
full5y,P-confirm5-v5profit50,reset_liquidate,2022-12-21,0.004939669187201301
full5y,P-confirm5-v5profit50,reset_liquidate,2022-12-22,-0.004347533139906301
full5y,P-confirm5-v5profit50,reset_liquidate,2022-12-23,-0.0013393101727003254
full5y,P-confirm5-v5profit50,reset_liquidate,2022-12-27,-0.0005271217830691399
full5y,P-confirm5-v5profit50,reset_liquidate,2022-12-28,0.00047909675408459585
full5y,P-confirm5-v5profit50,reset_liquidate,2022-12-29,0.0028608631456806368
full5y,P-confirm5-v5profit50,reset_liquidate,2022-12-30,0.0008147129958838261
full5y,P-confirm5-v5profit50,reset_liquidate,2023-01-03,-0.005601221723694727
full5y,P-confirm5-v5profit50,reset_liquidate,2023-01-04,0.003591880497852873
full5y,P-confirm5-v5profit50,reset_liquidate,2023-01-05,-0.0014343798684717467
full5y,P-confirm5-v5profit50,reset_liquidate,2023-01-06,0.0008275405745659103
full5y,P-confirm5-v5profit50,reset_liquidate,2023-01-09,0.0001805656823010704
full5y,P-confirm5-v5profit50,reset_liquidate,2023-01-10,0.0033262373170533043
full5y,P-confirm5-v5profit50,reset_liquidate,2023-01-11,0.0029971384931680055
full5y,P-confirm5-v5profit50,reset_liquidate,2023-01-12,-0.0017604070540971795
full5y,P-confirm5-v5profit50,reset_liquidate,2023-01-13,0.01136675731898984
full5y,P-confirm5-v5profit50,reset_liquidate,2023-01-17,-0.0006330293960829292
full5y,P-confirm5-v5profit50,reset_liquidate,2023-01-18,-0.016016017555292493
full5y,P-confirm5-v5profit50,reset_liquidate,2023-01-19,-0.008462074533997188
full5y,P-confirm5-v5profit50,reset_liquidate,2023-01-20,0.02918304949827414
full5y,P-confirm5-v5profit50,reset_liquidate,2023-01-23,0.02265457428313027
full5y,P-confirm5-v5profit50,reset_liquidate,2023-01-24,-0.003821392610944907
full5y,P-confirm5-v5profit50,reset_liquidate,2023-01-25,-0.0025085479684261334
full5y,P-confirm5-v5profit50,reset_liquidate,2023-01-26,0.02616609315218481
full5y,P-confirm5-v5profit50,reset_liquidate,2023-01-27,0.0159062918103986
full5y,P-confirm5-v5profit50,reset_liquidate,2023-01-30,-0.031919181335155936
full5y,P-confirm5-v5profit50,reset_liquidate,2023-01-31,0.0012127676873934013
full5y,P-confirm5-v5profit50,reset_liquidate,2023-02-01,0.009468775478351909
full5y,P-confirm5-v5profit50,reset_liquidate,2023-02-02,0.01154689445894439
full5y,P-confirm5-v5profit50,reset_liquidate,2023-02-03,-0.007381546098435565
full5y,P-confirm5-v5profit50,reset_liquidate,2023-02-06,0.0002441889851090728
full5y,P-confirm5-v5profit50,reset_liquidate,2023-02-07,0.0010525791279409225
full5y,P-confirm5-v5profit50,reset_liquidate,2023-02-08,0.002276304955598252
full5y,P-confirm5-v5profit50,reset_liquidate,2023-02-09,0.0029956849516678654
full5y,P-confirm5-v5profit50,reset_liquidate,2023-02-10,-0.005030873801899538
full5y,P-confirm5-v5profit50,reset_liquidate,2023-02-13,-0.0013532537087366902
full5y,P-confirm5-v5profit50,reset_liquidate,2023-02-14,0.0
full5y,P-confirm5-v5profit50,reset_liquidate,2023-02-15,0.0
full5y,P-confirm5-v5profit50,reset_liquidate,2023-02-16,0.0
full5y,P-confirm5-v5profit50,reset_liquidate,2023-02-17,0.0
full5y,P-confirm5-v5profit50,reset_liquidate,2023-02-21,0.0
full5y,P-confirm5-v5profit50,reset_liquidate,2023-02-22,0.0
full5y,P-confirm5-v5profit50,reset_liquidate,2023-02-23,0.0
full5y,P-confirm5-v5profit50,reset_liquidate,2023-02-24,0.0
full5y,P-confirm5-v5profit50,reset_liquidate,2023-02-27,0.0
full5y,P-confirm5-v5profit50,reset_liquidate,2023-02-28,0.0
full5y,P-confirm5-v5profit50,reset_liquidate,2023-03-01,0.0
full5y,P-confirm5-v5profit50,reset_liquidate,2023-03-02,0.0
full5y,P-confirm5-v5profit50,reset_liquidate,2023-03-03,0.0
full5y,P-confirm5-v5profit50,reset_liquidate,2023-03-06,0.0
full5y,P-confirm5-v5profit50,reset_liquidate,2023-03-07,0.0
full5y,P-confirm5-v5profit50,reset_liquidate,2023-03-08,0.0
full5y,P-confirm5-v5profit50,reset_liquidate,2023-03-09,0.0
full5y,P-confirm5-v5profit50,reset_liquidate,2023-03-10,0.0
full5y,P-confirm5-v5profit50,reset_liquidate,2023-03-13,0.0
full5y,P-confirm5-v5profit50,reset_liquidate,2023-03-14,0.0
full5y,P-confirm5-v5profit50,reset_liquidate,2023-03-15,0.0
full5y,P-confirm5-v5profit50,reset_liquidate,2023-03-16,0.0
full5y,P-confirm5-v5profit50,reset_liquidate,2023-03-17,0.0
full5y,P-confirm5-v5profit50,reset_liquidate,2023-03-20,0.0
full5y,P-confirm5-v5profit50,reset_liquidate,2023-03-21,0.0
full5y,P-confirm5-v5profit50,reset_liquidate,2023-03-22,0.0
full5y,P-confirm5-v5profit50,reset_liquidate,2023-03-23,0.0
full5y,P-confirm5-v5profit50,reset_liquidate,2023-03-24,0.0
full5y,P-confirm5-v5profit50,reset_liquidate,2023-03-27,-6.64577191686333e-05
full5y,P-confirm5-v5profit50,reset_liquidate,2023-03-28,-0.001263497725687812
full5y,P-confirm5-v5profit50,reset_liquidate,2023-03-29,0.003079334206671458
full5y,P-confirm5-v5profit50,reset_liquidate,2023-03-30,0.0073920104163430755
full5y,P-confirm5-v5profit50,reset_liquidate,2023-03-31,0.016590931268775734
full5y,P-confirm5-v5profit50,reset_liquidate,2023-04-03,0.004430369043533356
full5y,P-confirm5-v5profit50,reset_liquidate,2023-04-04,-0.0039327478801751805
full5y,P-confirm5-v5profit50,reset_liquidate,2023-04-05,-0.005793815079086373
full5y,P-confirm5-v5profit50,reset_liquidate,2023-04-06,0.0005396671100548533
full5y,P-confirm5-v5profit50,reset_liquidate,2023-04-10,0.003638115387587604
full5y,P-confirm5-v5profit50,reset_liquidate,2023-04-11,0.0024726074062450753
full5y,P-confirm5-v5profit50,reset_liquidate,2023-04-12,-0.0012457448431195894
full5y,P-confirm5-v5profit50,reset_liquidate,2023-04-13,0.001536166336011835
full5y,P-confirm5-v5profit50,reset_liquidate,2023-04-14,-0.007116514819488484
full5y,P-confirm5-v5profit50,reset_liquidate,2023-04-17,0.0015566284897158612
full5y,P-confirm5-v5profit50,reset_liquidate,2023-04-18,0.0007511612359413888
full5y,P-confirm5-v5profit50,reset_liquidate,2023-04-19,-0.0016438807103072773
full5y,P-confirm5-v5profit50,reset_liquidate,2023-04-20,-0.005467082096411169
full5y,P-confirm5-v5profit50,reset_liquidate,2023-04-21,0.0018071092101553665
full5y,P-confirm5-v5profit50,reset_liquidate,2023-04-24,0.0005004448311666909
full5y,P-confirm5-v5profit50,reset_liquidate,2023-04-25,-0.011440129911350672
full5y,P-confirm5-v5profit50,reset_liquidate,2023-04-26,0.0022630981852373886
full5y,P-confirm5-v5profit50,reset_liquidate,2023-04-27,0.0014634824270334467
full5y,P-confirm5-v5profit50,reset_liquidate,2023-04-28,0.0022200875083641103
full5y,P-confirm5-v5profit50,reset_liquidate,2023-05-01,-0.0023077591566806554
full5y,P-confirm5-v5profit50,reset_liquidate,2023-05-02,-0.004738528998127767
full5y,P-confirm5-v5profit50,reset_liquidate,2023-05-03,-0.0017489818905286447
full5y,P-confirm5-v5profit50,reset_liquidate,2023-05-04,-0.00032074367396977
full5y,P-confirm5-v5profit50,reset_liquidate,2023-05-05,0.004262559435918245
full5y,P-confirm5-v5profit50,reset_liquidate,2023-05-08,0.0019742248752856574
full5y,P-confirm5-v5profit50,reset_liquidate,2023-05-09,0.001339430248462059
full5y,P-confirm5-v5profit50,reset_liquidate,2023-05-10,0.005494955414782221
full5y,P-confirm5-v5profit50,reset_liquidate,2023-05-11,-0.00548742455562431
full5y,P-confirm5-v5profit50,reset_liquidate,2023-05-12,-0.0029497823368640264
full5y,P-confirm5-v5profit50,reset_liquidate,2023-05-15,-0.003976840381292257
full5y,P-confirm5-v5profit50,reset_liquidate,2023-05-16,0.005587458442052939
full5y,P-confirm5-v5profit50,reset_liquidate,2023-05-17,0.003163669701130578
full5y,P-confirm5-v5profit50,reset_liquidate,2023-05-18,0.011229999086305353
full5y,P-confirm5-v5profit50,reset_liquidate,2023-05-19,-0.003939361666062147
full5y,P-confirm5-v5profit50,reset_liquidate,2023-05-22,0.0031728976187817893
full5y,P-confirm5-v5profit50,reset_liquidate,2023-05-23,-0.006049753196017016
full5y,P-confirm5-v5profit50,reset_liquidate,2023-05-24,0.004367166584109872
full5y,P-confirm5-v5profit50,reset_liquidate,2023-05-25,0.0016742110622448348
full5y,P-confirm5-v5profit50,reset_liquidate,2023-05-26,0.016247590436893233
full5y,P-confirm5-v5profit50,reset_liquidate,2023-05-30,0.02426944691224666
full5y,P-confirm5-v5profit50,reset_liquidate,2023-05-31,-0.0037571298784773053
full5y,P-confirm5-v5profit50,reset_liquidate,2023-06-01,0.0028243017978595965
full5y,P-confirm5-v5profit50,reset_liquidate,2023-06-02,0.0029030141129136157
full5y,P-confirm5-v5profit50,reset_liquidate,2023-06-05,0.006846041084988897
full5y,P-confirm5-v5profit50,reset_liquidate,2023-06-06,0.015270880569484346
full5y,P-confirm5-v5profit50,reset_liquidate,2023-06-07,-0.01018311995470469
full5y,P-confirm5-v5profit50,reset_liquidate,2023-06-08,0.0207879183325288
full5y,P-confirm5-v5profit50,reset_liquidate,2023-06-09,0.003856858480145153
full5y,P-confirm5-v5profit50,reset_liquidate,2023-06-12,0.005707672865524582
full5y,P-confirm5-v5profit50,reset_liquidate,2023-06-13,0.015049103397405372
full5y,P-confirm5-v5profit50,reset_liquidate,2023-06-14,0.013690924054684372
full5y,P-confirm5-v5profit50,reset_liquidate,2023-06-15,0.03121401698843691
full5y,P-confirm5-v5profit50,reset_liquidate,2023-06-16,0.001978598941807608
full5y,P-confirm5-v5profit50,reset_liquidate,2023-06-20,-0.008906556504544094
full5y,P-confirm5-v5profit50,reset_liquidate,2023-06-21,-0.02915700994139687
full5y,P-confirm5-v5profit50,reset_liquidate,2023-06-22,0.016996778563676863
full5y,P-confirm5-v5profit50,reset_liquidate,2023-06-23,-0.001212049437432361
full5y,P-confirm5-v5profit50,reset_liquidate,2023-06-26,-0.008539960393055712
full5y,P-confirm5-v5profit50,reset_liquidate,2023-06-27,0.00631838604810282
full5y,P-confirm5-v5profit50,reset_liquidate,2023-06-28,0.007300269725369235
full5y,P-confirm5-v5profit50,reset_liquidate,2023-06-29,-0.005005326175037894
full5y,P-confirm5-v5profit50,reset_liquidate,2023-06-30,0.004618578948544538
full5y,P-confirm5-v5profit50,reset_liquidate,2023-07-03,4.079003469219522e-05
full5y,P-confirm5-v5profit50,reset_liquidate,2023-07-05,-0.00016556838227712589
full5y,P-confirm5-v5profit50,reset_liquidate,2023-07-06,-0.0006606514856712153
full5y,P-confirm5-v5profit50,reset_liquidate,2023-07-07,-0.0013553607759072771
full5y,P-confirm5-v5profit50,reset_liquidate,2023-07-10,-0.0007743545285504138
full5y,P-confirm5-v5profit50,reset_liquidate,2023-07-11,-0.00014671850152855325
full5y,P-confirm5-v5profit50,reset_liquidate,2023-07-12,0.002294996432037233
full5y,P-confirm5-v5profit50,reset_liquidate,2023-07-13,0.0030447283672450976
full5y,P-confirm5-v5profit50,reset_liquidate,2023-07-14,-0.001127696997732086
full5y,P-confirm5-v5profit50,reset_liquidate,2023-07-17,0.001983938350837988
full5y,P-confirm5-v5profit50,reset_liquidate,2023-07-18,0.009479363687843434
full5y,P-confirm5-v5profit50,reset_liquidate,2023-07-19,-0.0040767632155372935
full5y,P-confirm5-v5profit50,reset_liquidate,2023-07-20,-0.01564089447850403
full5y,P-confirm5-v5profit50,reset_liquidate,2023-07-21,-0.001930162428612625
full5y,P-confirm5-v5profit50,reset_liquidate,2023-07-24,0.0005933074336978983
full5y,P-confirm5-v5profit50,reset_liquidate,2023-07-25,0.0015445044848097945
full5y,P-confirm5-v5profit50,reset_liquidate,2023-07-26,-0.00493981640265192
full5y,P-confirm5-v5profit50,reset_liquidate,2023-07-27,-0.004334824781887137
full5y,P-confirm5-v5profit50,reset_liquidate,2023-07-28,0.0027910052032474875
full5y,P-confirm5-v5profit50,reset_liquidate,2023-07-31,-0.0007240540605867318
full5y,P-confirm5-v5profit50,reset_liquidate,2023-08-01,0.00012502467652069081
full5y,P-confirm5-v5profit50,reset_liquidate,2023-08-02,-0.00262829173875887
full5y,P-confirm5-v5profit50,reset_liquidate,2023-08-03,-0.00025648743141698516
full5y,P-confirm5-v5profit50,reset_liquidate,2023-08-04,0.00034286264147171953
full5y,P-confirm5-v5profit50,reset_liquidate,2023-08-07,0.0007108385444331011
full5y,P-confirm5-v5profit50,reset_liquidate,2023-08-08,0.0034804211269733208
full5y,P-confirm5-v5profit50,reset_liquidate,2023-08-09,-0.0014176935596923678
full5y,P-confirm5-v5profit50,reset_liquidate,2023-08-10,0.018967228485147602
full5y,P-confirm5-v5profit50,reset_liquidate,2023-08-11,-0.014791221846421343
full5y,P-confirm5-v5profit50,reset_liquidate,2023-08-14,0.02071790463188412
full5y,P-confirm5-v5profit50,reset_liquidate,2023-08-15,-0.0010096920951715438
full5y,P-confirm5-v5profit50,reset_liquidate,2023-08-16,-0.012353544703046703
full5y,P-confirm5-v5profit50,reset_liquidate,2023-08-17,-0.0018660786412446951
full5y,P-confirm5-v5profit50,reset_liquidate,2023-08-18,-0.005269149321958833
full5y,P-confirm5-v5profit50,reset_liquidate,2023-08-21,0.03164045184661424
full5y,P-confirm5-v5profit50,reset_liquidate,2023-08-22,0.0050845513548252175
full5y,P-confirm5-v5profit50,reset_liquidate,2023-08-23,-0.0002320849874111075
full5y,P-confirm5-v5profit50,reset_liquidate,2023-08-24,-0.012672301399263864
full5y,P-confirm5-v5profit50,reset_liquidate,2023-08-25,-0.007505390547851276
full5y,P-confirm5-v5profit50,reset_liquidate,2023-08-28,0.001766454478190005
full5y,P-confirm5-v5profit50,reset_liquidate,2023-08-29,0.012065025273645369
full5y,P-confirm5-v5profit50,reset_liquidate,2023-08-30,0.009317459598982492
full5y,P-confirm5-v5profit50,reset_liquidate,2023-08-31,-0.012670864965260853
full5y,P-confirm5-v5profit50,reset_liquidate,2023-09-01,-6.094574147742504e-05
full5y,P-confirm5-v5profit50,reset_liquidate,2023-09-05,-0.006911624833842678
full5y,P-confirm5-v5profit50,reset_liquidate,2023-09-06,-0.003475717234627507
full5y,P-confirm5-v5profit50,reset_liquidate,2023-09-07,0.001296528559530341
full5y,P-confirm5-v5profit50,reset_liquidate,2023-09-08,0.005316900771062882
full5y,P-confirm5-v5profit50,reset_liquidate,2023-09-11,0.0023274035452743314
full5y,P-confirm5-v5profit50,reset_liquidate,2023-09-12,-0.00547177818040343
full5y,P-confirm5-v5profit50,reset_liquidate,2023-09-13,0.0045954110885378045
full5y,P-confirm5-v5profit50,reset_liquidate,2023-09-14,0.0042611450780753015
full5y,P-confirm5-v5profit50,reset_liquidate,2023-09-15,-0.0017824396757769368
full5y,P-confirm5-v5profit50,reset_liquidate,2023-09-18,-0.009472320835395887
full5y,P-confirm5-v5profit50,reset_liquidate,2023-09-19,0.0011898821303599205
full5y,P-confirm5-v5profit50,reset_liquidate,2023-09-20,-0.009214905682685426
full5y,P-confirm5-v5profit50,reset_liquidate,2023-09-21,-0.012093343033670257
full5y,P-confirm5-v5profit50,reset_liquidate,2023-09-22,-0.0007241996687502139
full5y,P-confirm5-v5profit50,reset_liquidate,2023-09-25,-0.0009659999890538007
full5y,P-confirm5-v5profit50,reset_liquidate,2023-09-26,-0.00548524674612001
full5y,P-confirm5-v5profit50,reset_liquidate,2023-09-27,0.0034053773001755383
full5y,P-confirm5-v5profit50,reset_liquidate,2023-09-28,0.0029110633181158585
full5y,P-confirm5-v5profit50,reset_liquidate,2023-09-29,0.004776467071601886
full5y,P-confirm5-v5profit50,reset_liquidate,2023-10-02,0.0008880986732445417
full5y,P-confirm5-v5profit50,reset_liquidate,2023-10-03,-0.004410432728773062
full5y,P-confirm5-v5profit50,reset_liquidate,2023-10-04,0.005052601525744604
full5y,P-confirm5-v5profit50,reset_liquidate,2023-10-05,-0.002237187074299374
full5y,P-confirm5-v5profit50,reset_liquidate,2023-10-06,0.009813358629735069
full5y,P-confirm5-v5profit50,reset_liquidate,2023-10-09,-1.8689650547065727e-05
full5y,P-confirm5-v5profit50,reset_liquidate,2023-10-10,0.004165833633644677
full5y,P-confirm5-v5profit50,reset_liquidate,2023-10-11,0.0020081296607807886
full5y,P-confirm5-v5profit50,reset_liquidate,2023-10-12,-0.01201600888262606
full5y,P-confirm5-v5profit50,reset_liquidate,2023-10-13,-0.01129902845748586
full5y,P-confirm5-v5profit50,reset_liquidate,2023-10-16,0.0036713091377891583
full5y,P-confirm5-v5profit50,reset_liquidate,2023-10-17,-0.006892092131124494
full5y,P-confirm5-v5profit50,reset_liquidate,2023-10-18,-0.013868754299939811
full5y,P-confirm5-v5profit50,reset_liquidate,2023-10-19,-0.007161651382923173
full5y,P-confirm5-v5profit50,reset_liquidate,2023-10-20,-0.015934589294816837
full5y,P-confirm5-v5profit50,reset_liquidate,2023-10-23,0.004654423040024747
full5y,P-confirm5-v5profit50,reset_liquidate,2023-10-24,0.014282271564911464
full5y,P-confirm5-v5profit50,reset_liquidate,2023-10-25,-0.017058294457931354
full5y,P-confirm5-v5profit50,reset_liquidate,2023-10-26,-0.012312481092478478
full5y,P-confirm5-v5profit50,reset_liquidate,2023-10-27,0.003926203858021837
full5y,P-confirm5-v5profit50,reset_liquidate,2023-10-30,0.00906585734619143
full5y,P-confirm5-v5profit50,reset_liquidate,2023-10-31,-0.0028814658563175665
full5y,P-confirm5-v5profit50,reset_liquidate,2023-11-01,0.0023903253127536273
full5y,P-confirm5-v5profit50,reset_liquidate,2023-11-02,0.003981598549211563
full5y,P-confirm5-v5profit50,reset_liquidate,2023-11-03,0.021106395846708793
full5y,P-confirm5-v5profit50,reset_liquidate,2023-11-06,-0.008529670062336426
full5y,P-confirm5-v5profit50,reset_liquidate,2023-11-07,0.012980536216957439
full5y,P-confirm5-v5profit50,reset_liquidate,2023-11-08,-0.004824487688821178
full5y,P-confirm5-v5profit50,reset_liquidate,2023-11-09,-0.00930346785317725
full5y,P-confirm5-v5profit50,reset_liquidate,2023-11-10,0.007932377670386782
full5y,P-confirm5-v5profit50,reset_liquidate,2023-11-13,0.0014310090600975212
full5y,P-confirm5-v5profit50,reset_liquidate,2023-11-14,0.018272982840863074
full5y,P-confirm5-v5profit50,reset_liquidate,2023-11-15,0.011336916329258973
full5y,P-confirm5-v5profit50,reset_liquidate,2023-11-16,-0.010205317694008875
full5y,P-confirm5-v5profit50,reset_liquidate,2023-11-17,-0.0016890077171754613
full5y,P-confirm5-v5profit50,reset_liquidate,2023-11-20,0.016607645292886296
full5y,P-confirm5-v5profit50,reset_liquidate,2023-11-21,-0.009026366402940944
full5y,P-confirm5-v5profit50,reset_liquidate,2023-11-22,0.005627894421108559
full5y,P-confirm5-v5profit50,reset_liquidate,2023-11-24,0.0029606205307447842
full5y,P-confirm5-v5profit50,reset_liquidate,2023-11-27,-0.005509087578491801
full5y,P-confirm5-v5profit50,reset_liquidate,2023-11-28,-0.001029640135493759
full5y,P-confirm5-v5profit50,reset_liquidate,2023-11-29,-0.0057246125961150866
full5y,P-confirm5-v5profit50,reset_liquidate,2023-11-30,0.005627654063425402
full5y,P-confirm5-v5profit50,reset_liquidate,2023-12-01,-0.0010674183890541644
full5y,P-confirm5-v5profit50,reset_liquidate,2023-12-04,-0.0026730683826224344
full5y,P-confirm5-v5profit50,reset_liquidate,2023-12-05,-0.0019361979938145146
full5y,P-confirm5-v5profit50,reset_liquidate,2023-12-06,-0.0007926448722852975
full5y,P-confirm5-v5profit50,reset_liquidate,2023-12-07,0.0024957530737098168
full5y,P-confirm5-v5profit50,reset_liquidate,2023-12-08,0.003530204245506119
full5y,P-confirm5-v5profit50,reset_liquidate,2023-12-11,0.0066837119426887085
full5y,P-confirm5-v5profit50,reset_liquidate,2023-12-12,-0.0006497791700344257
full5y,P-confirm5-v5profit50,reset_liquidate,2023-12-13,0.009489683906961432
full5y,P-confirm5-v5profit50,reset_liquidate,2023-12-14,0.006908946386395031
full5y,P-confirm5-v5profit50,reset_liquidate,2023-12-15,0.0022202874856051325
full5y,P-confirm5-v5profit50,reset_liquidate,2023-12-18,0.004882047183150029
full5y,P-confirm5-v5profit50,reset_liquidate,2023-12-19,0.007808030069974059
full5y,P-confirm5-v5profit50,reset_liquidate,2023-12-20,-0.011948839841116332
full5y,P-confirm5-v5profit50,reset_liquidate,2023-12-21,0.011641259537035075
full5y,P-confirm5-v5profit50,reset_liquidate,2023-12-22,0.0032132308210476635
full5y,P-confirm5-v5profit50,reset_liquidate,2023-12-26,0.006807056873140071
full5y,P-confirm5-v5profit50,reset_liquidate,2023-12-27,0.004060124204162063
full5y,P-confirm5-v5profit50,reset_liquidate,2023-12-28,-0.0008468144655379261
full5y,P-confirm5-v5profit50,reset_liquidate,2023-12-29,-0.002358678780594181
full5y,P-confirm5-v5profit50,reset_liquidate,2024-01-02,-0.004373599708011688
full5y,P-confirm5-v5profit50,reset_liquidate,2024-01-03,-0.0038168574332685056
full5y,P-confirm5-v5profit50,reset_liquidate,2024-01-04,-0.00540212778591802
full5y,P-confirm5-v5profit50,reset_liquidate,2024-01-05,0.0007879596792135346
full5y,P-confirm5-v5profit50,reset_liquidate,2024-01-08,0.010608199772739491
full5y,P-confirm5-v5profit50,reset_liquidate,2024-01-09,-0.010266573390712241
full5y,P-confirm5-v5profit50,reset_liquidate,2024-01-10,0.0011587375500523133
full5y,P-confirm5-v5profit50,reset_liquidate,2024-01-11,0.003263960941268673
full5y,P-confirm5-v5profit50,reset_liquidate,2024-01-12,-0.002759594661371456
full5y,P-confirm5-v5profit50,reset_liquidate,2024-01-16,-0.016581314484062182
full5y,P-confirm5-v5profit50,reset_liquidate,2024-01-17,-0.015007605001393743
full5y,P-confirm5-v5profit50,reset_liquidate,2024-01-18,0.0023117779846092423
full5y,P-confirm5-v5profit50,reset_liquidate,2024-01-19,0.0033894989108200434
full5y,P-confirm5-v5profit50,reset_liquidate,2024-01-22,-0.00023674202918356758
full5y,P-confirm5-v5profit50,reset_liquidate,2024-01-23,0.004882790189953234
full5y,P-confirm5-v5profit50,reset_liquidate,2024-01-24,0.011954911332362695
full5y,P-confirm5-v5profit50,reset_liquidate,2024-01-25,0.007530840358282864
full5y,P-confirm5-v5profit50,reset_liquidate,2024-01-26,0.0005040883441569499
full5y,P-confirm5-v5profit50,reset_liquidate,2024-01-29,0.006218290760514234
full5y,P-confirm5-v5profit50,reset_liquidate,2024-01-30,-0.006119137217453741
full5y,P-confirm5-v5profit50,reset_liquidate,2024-01-31,-0.011356875274680035
full5y,P-confirm5-v5profit50,reset_liquidate,2024-02-01,0.0009098451958793219
full5y,P-confirm5-v5profit50,reset_liquidate,2024-02-02,0.0006661006495909505
full5y,P-confirm5-v5profit50,reset_liquidate,2024-02-05,-0.002959934828374
full5y,P-confirm5-v5profit50,reset_liquidate,2024-02-06,0.003907780688062945
full5y,P-confirm5-v5profit50,reset_liquidate,2024-02-07,0.002995784895280462
full5y,P-confirm5-v5profit50,reset_liquidate,2024-02-08,-0.0057038740412956755
full5y,P-confirm5-v5profit50,reset_liquidate,2024-02-09,0.0031147746863269933
full5y,P-confirm5-v5profit50,reset_liquidate,2024-02-12,-0.0028626353253497273
full5y,P-confirm5-v5profit50,reset_liquidate,2024-02-13,-0.004369812698948605
full5y,P-confirm5-v5profit50,reset_liquidate,2024-02-14,0.005805501107466737
full5y,P-confirm5-v5profit50,reset_liquidate,2024-02-15,-0.0004486187336276481
full5y,P-confirm5-v5profit50,reset_liquidate,2024-02-16,-0.0037933439115133026
full5y,P-confirm5-v5profit50,reset_liquidate,2024-02-20,-0.0013977313085134946
full5y,P-confirm5-v5profit50,reset_liquidate,2024-02-21,0.0005523823533940764
full5y,P-confirm5-v5profit50,reset_liquidate,2024-02-22,0.006072119865045833
full5y,P-confirm5-v5profit50,reset_liquidate,2024-02-23,-0.0012428141142436845
full5y,P-confirm5-v5profit50,reset_liquidate,2024-02-26,-0.005282309615006109
full5y,P-confirm5-v5profit50,reset_liquidate,2024-02-27,0.0021034610993271976
full5y,P-confirm5-v5profit50,reset_liquidate,2024-02-28,-0.0021226462893312536
full5y,P-confirm5-v5profit50,reset_liquidate,2024-02-29,0.004397429085841798
full5y,P-confirm5-v5profit50,reset_liquidate,2024-03-01,0.007176243435117446
full5y,P-confirm5-v5profit50,reset_liquidate,2024-03-04,0.002888768236980521
full5y,P-confirm5-v5profit50,reset_liquidate,2024-03-05,-0.004913644182543575
full5y,P-confirm5-v5profit50,reset_liquidate,2024-03-06,0.0029083203275570456
full5y,P-confirm5-v5profit50,reset_liquidate,2024-03-07,0.008038289224598195
full5y,P-confirm5-v5profit50,reset_liquidate,2024-03-08,-0.006867809289756488
full5y,P-confirm5-v5profit50,reset_liquidate,2024-03-11,-0.003065582238922571
full5y,P-confirm5-v5profit50,reset_liquidate,2024-03-12,0.011506170457327602
full5y,P-confirm5-v5profit50,reset_liquidate,2024-03-13,-0.001425265729898706
full5y,P-confirm5-v5profit50,reset_liquidate,2024-03-14,-0.000217067934394799
full5y,P-confirm5-v5profit50,reset_liquidate,2024-03-15,-0.0043796732097501675
full5y,P-confirm5-v5profit50,reset_liquidate,2024-03-18,0.007588504937938989
full5y,P-confirm5-v5profit50,reset_liquidate,2024-03-19,0.0019860472778829184
full5y,P-confirm5-v5profit50,reset_liquidate,2024-03-20,0.00427864189592424
full5y,P-confirm5-v5profit50,reset_liquidate,2024-03-21,0.0005900129684583532
full5y,P-confirm5-v5profit50,reset_liquidate,2024-03-22,0.005973424752577316
full5y,P-confirm5-v5profit50,reset_liquidate,2024-03-25,-0.00239202669533376
full5y,P-confirm5-v5profit50,reset_liquidate,2024-03-26,0.00039734826248130075
full5y,P-confirm5-v5profit50,reset_liquidate,2024-03-27,-0.0024160991544916353
full5y,P-confirm5-v5profit50,reset_liquidate,2024-03-28,-0.0011392480396961613
full5y,P-confirm5-v5profit50,reset_liquidate,2024-04-01,0.005085665709826492
full5y,P-confirm5-v5profit50,reset_liquidate,2024-04-02,-0.0013516075941575
full5y,P-confirm5-v5profit50,reset_liquidate,2024-04-03,0.00258181658967267
full5y,P-confirm5-v5profit50,reset_liquidate,2024-04-04,-0.005498677295486154
full5y,P-confirm5-v5profit50,reset_liquidate,2024-04-05,0.006222180635687224
full5y,P-confirm5-v5profit50,reset_liquidate,2024-04-08,0.00010108008647301548
full5y,P-confirm5-v5profit50,reset_liquidate,2024-04-09,-9.657780406833183e-05
full5y,P-confirm5-v5profit50,reset_liquidate,2024-04-10,-0.0009407262166612918
full5y,P-confirm5-v5profit50,reset_liquidate,2024-04-11,0.004846546204319235
full5y,P-confirm5-v5profit50,reset_liquidate,2024-04-12,-0.0034092726804771933
full5y,P-confirm5-v5profit50,reset_liquidate,2024-04-15,-0.006294909188095587
full5y,P-confirm5-v5profit50,reset_liquidate,2024-04-16,0.0016381749705632997
full5y,P-confirm5-v5profit50,reset_liquidate,2024-04-17,-0.0011859634636087746
full5y,P-confirm5-v5profit50,reset_liquidate,2024-04-18,-0.004671909824278275
full5y,P-confirm5-v5profit50,reset_liquidate,2024-04-19,-0.007652765361515978
full5y,P-confirm5-v5profit50,reset_liquidate,2024-04-22,-0.006365330886890818
full5y,P-confirm5-v5profit50,reset_liquidate,2024-04-23,0.008257700960555402
full5y,P-confirm5-v5profit50,reset_liquidate,2024-04-24,-0.0066428123699995845
full5y,P-confirm5-v5profit50,reset_liquidate,2024-04-25,-0.004423856557186301
full5y,P-confirm5-v5profit50,reset_liquidate,2024-04-26,0.013199024792029801
full5y,P-confirm5-v5profit50,reset_liquidate,2024-04-29,-0.010491236141343752
full5y,P-confirm5-v5profit50,reset_liquidate,2024-04-30,-0.012519214426814074
full5y,P-confirm5-v5profit50,reset_liquidate,2024-05-01,0.0010112803056722241
full5y,P-confirm5-v5profit50,reset_liquidate,2024-05-02,0.009411275251693229
full5y,P-confirm5-v5profit50,reset_liquidate,2024-05-03,0.012711957939681051
full5y,P-confirm5-v5profit50,reset_liquidate,2024-05-06,0.017052290870404697
full5y,P-confirm5-v5profit50,reset_liquidate,2024-05-07,-0.003817517741949794
full5y,P-confirm5-v5profit50,reset_liquidate,2024-05-08,-0.009270214909993014
full5y,P-confirm5-v5profit50,reset_liquidate,2024-05-09,-0.0024983359835148767
full5y,P-confirm5-v5profit50,reset_liquidate,2024-05-10,-0.004773836228077644
full5y,P-confirm5-v5profit50,reset_liquidate,2024-05-13,0.0015174840523656142
full5y,P-confirm5-v5profit50,reset_liquidate,2024-05-14,0.017677194919351946
full5y,P-confirm5-v5profit50,reset_liquidate,2024-05-15,0.004082278337724621
full5y,P-confirm5-v5profit50,reset_liquidate,2024-05-16,0.0018573325404716457
full5y,P-confirm5-v5profit50,reset_liquidate,2024-05-17,0.008311427867398325
full5y,P-confirm5-v5profit50,reset_liquidate,2024-05-20,0.011292293348879856
full5y,P-confirm5-v5profit50,reset_liquidate,2024-05-21,0.006870228120577737
full5y,P-confirm5-v5profit50,reset_liquidate,2024-05-22,-0.005746782192254785
full5y,P-confirm5-v5profit50,reset_liquidate,2024-05-23,-0.008863721740265151
full5y,P-confirm5-v5profit50,reset_liquidate,2024-05-24,0.014656706039028643
full5y,P-confirm5-v5profit50,reset_liquidate,2024-05-28,-0.000387842038425501
full5y,P-confirm5-v5profit50,reset_liquidate,2024-05-29,-0.005321604470488195
full5y,P-confirm5-v5profit50,reset_liquidate,2024-05-30,-0.011592035601378548
full5y,P-confirm5-v5profit50,reset_liquidate,2024-05-31,-0.01059492978816835
full5y,P-confirm5-v5profit50,reset_liquidate,2024-06-03,0.0010384710876925607
full5y,P-confirm5-v5profit50,reset_liquidate,2024-06-04,-0.005822885689187596
full5y,P-confirm5-v5profit50,reset_liquidate,2024-06-05,0.017235212416218903
full5y,P-confirm5-v5profit50,reset_liquidate,2024-06-06,0.0002747283939658729
full5y,P-confirm5-v5profit50,reset_liquidate,2024-06-07,-0.0015211800518873165
full5y,P-confirm5-v5profit50,reset_liquidate,2024-06-10,-0.0028871686666320897
full5y,P-confirm5-v5profit50,reset_liquidate,2024-06-11,0.002935503400487849
full5y,P-confirm5-v5profit50,reset_liquidate,2024-06-12,0.013315169306184793
full5y,P-confirm5-v5profit50,reset_liquidate,2024-06-13,0.0002982868967423613
full5y,P-confirm5-v5profit50,reset_liquidate,2024-06-14,0.0025289187245139287
full5y,P-confirm5-v5profit50,reset_liquidate,2024-06-17,0.012345761419488377
full5y,P-confirm5-v5profit50,reset_liquidate,2024-06-18,-0.002812469434636855
full5y,P-confirm5-v5profit50,reset_liquidate,2024-06-20,-0.016207526847935572
full5y,P-confirm5-v5profit50,reset_liquidate,2024-06-21,0.0050867117062103565
full5y,P-confirm5-v5profit50,reset_liquidate,2024-06-24,-0.006811697909628667
full5y,P-confirm5-v5profit50,reset_liquidate,2024-06-25,0.009874698464446375
full5y,P-confirm5-v5profit50,reset_liquidate,2024-06-26,0.006412270906311401
full5y,P-confirm5-v5profit50,reset_liquidate,2024-06-27,0.0032258541643392256
full5y,P-confirm5-v5profit50,reset_liquidate,2024-06-28,-0.004731831163538291
full5y,P-confirm5-v5profit50,reset_liquidate,2024-07-01,0.015839571030852994
full5y,P-confirm5-v5profit50,reset_liquidate,2024-07-02,0.015341471567540033
full5y,P-confirm5-v5profit50,reset_liquidate,2024-07-03,0.010730457187769927
full5y,P-confirm5-v5profit50,reset_liquidate,2024-07-05,0.01046186931248796
full5y,P-confirm5-v5profit50,reset_liquidate,2024-07-08,-0.0016046976053388895
full5y,P-confirm5-v5profit50,reset_liquidate,2024-07-09,-0.0004352569753606761
full5y,P-confirm5-v5profit50,reset_liquidate,2024-07-10,0.005517050577099591
full5y,P-confirm5-v5profit50,reset_liquidate,2024-07-11,-0.030554585273807
full5y,P-confirm5-v5profit50,reset_liquidate,2024-07-12,-0.0006424411849065281
full5y,P-confirm5-v5profit50,reset_liquidate,2024-07-15,0.009617465091422084
full5y,P-confirm5-v5profit50,reset_liquidate,2024-07-16,0.01448808665787522
full5y,P-confirm5-v5profit50,reset_liquidate,2024-07-17,-0.02579564244931416
full5y,P-confirm5-v5profit50,reset_liquidate,2024-07-18,-0.013689039872301589
full5y,P-confirm5-v5profit50,reset_liquidate,2024-07-19,-0.004972729372560358
full5y,P-confirm5-v5profit50,reset_liquidate,2024-07-22,0.010368972542888755
full5y,P-confirm5-v5profit50,reset_liquidate,2024-07-23,0.0008708304210651385
full5y,P-confirm5-v5profit50,reset_liquidate,2024-07-24,-0.014941483082435768
full5y,P-confirm5-v5profit50,reset_liquidate,2024-07-25,-0.0026856653624438786
full5y,P-confirm5-v5profit50,reset_liquidate,2024-07-26,0.0005903455605182683
full5y,P-confirm5-v5profit50,reset_liquidate,2024-07-29,0.0016016678893135184
full5y,P-confirm5-v5profit50,reset_liquidate,2024-07-30,-0.0016756818908642223
full5y,P-confirm5-v5profit50,reset_liquidate,2024-07-31,0.0017441189648910948
full5y,P-confirm5-v5profit50,reset_liquidate,2024-08-01,-0.006048119925034567
full5y,P-confirm5-v5profit50,reset_liquidate,2024-08-02,-0.00982848753733232
full5y,P-confirm5-v5profit50,reset_liquidate,2024-08-05,-0.0184757791174081
full5y,P-confirm5-v5profit50,reset_liquidate,2024-08-06,0.00796849416135883
full5y,P-confirm5-v5profit50,reset_liquidate,2024-08-07,-0.0022551150869462577
full5y,P-confirm5-v5profit50,reset_liquidate,2024-08-08,0.020245315482016735
full5y,P-confirm5-v5profit50,reset_liquidate,2024-08-09,0.002220805175048557
full5y,P-confirm5-v5profit50,reset_liquidate,2024-08-12,0.0031010007588275325
full5y,P-confirm5-v5profit50,reset_liquidate,2024-08-13,0.013262163426196839
full5y,P-confirm5-v5profit50,reset_liquidate,2024-08-14,-0.002672350891709474
full5y,P-confirm5-v5profit50,reset_liquidate,2024-08-15,0.014585839352301067
full5y,P-confirm5-v5profit50,reset_liquidate,2024-08-16,0.007411397985371671
full5y,P-confirm5-v5profit50,reset_liquidate,2024-08-19,0.009635466624742217
full5y,P-confirm5-v5profit50,reset_liquidate,2024-08-20,-0.003048072884441999
full5y,P-confirm5-v5profit50,reset_liquidate,2024-08-21,0.0056112818113637775
full5y,P-confirm5-v5profit50,reset_liquidate,2024-08-22,-0.009190447354374997
full5y,P-confirm5-v5profit50,reset_liquidate,2024-08-23,0.015757549154251694
full5y,P-confirm5-v5profit50,reset_liquidate,2024-08-26,-0.007162889330391398
full5y,P-confirm5-v5profit50,reset_liquidate,2024-08-27,0.0004771899318109618
full5y,P-confirm5-v5profit50,reset_liquidate,2024-08-28,-0.011295325392761934
full5y,P-confirm5-v5profit50,reset_liquidate,2024-08-29,0.016630488554401145
full5y,P-confirm5-v5profit50,reset_liquidate,2024-08-30,0.01706458803477362
full5y,P-confirm5-v5profit50,reset_liquidate,2024-09-03,-0.011978183262569686
full5y,P-confirm5-v5profit50,reset_liquidate,2024-09-04,0.004350685428839762
full5y,P-confirm5-v5profit50,reset_liquidate,2024-09-05,-0.007028231891955927
full5y,P-confirm5-v5profit50,reset_liquidate,2024-09-06,-0.011661500286477866
full5y,P-confirm5-v5profit50,reset_liquidate,2024-09-09,0.01135996814250928
full5y,P-confirm5-v5profit50,reset_liquidate,2024-09-10,-0.002055036164102286
full5y,P-confirm5-v5profit50,reset_liquidate,2024-09-11,0.007414641549940737
full5y,P-confirm5-v5profit50,reset_liquidate,2024-09-12,0.013153363603609147
full5y,P-confirm5-v5profit50,reset_liquidate,2024-09-13,0.0029544638288119263
full5y,P-confirm5-v5profit50,reset_liquidate,2024-09-16,-0.009625528494851755
full5y,P-confirm5-v5profit50,reset_liquidate,2024-09-17,0.005334697933118115
full5y,P-confirm5-v5profit50,reset_liquidate,2024-09-18,-0.005663357946788084
full5y,P-confirm5-v5profit50,reset_liquidate,2024-09-19,0.012220691055393695
full5y,P-confirm5-v5profit50,reset_liquidate,2024-09-20,-0.0029580634760711377
full5y,P-confirm5-v5profit50,reset_liquidate,2024-09-23,0.0008141814787651413
full5y,P-confirm5-v5profit50,reset_liquidate,2024-09-24,0.015320954999078507
full5y,P-confirm5-v5profit50,reset_liquidate,2024-09-25,-0.0036595080487952236
full5y,P-confirm5-v5profit50,reset_liquidate,2024-09-26,-0.004527305083961175
full5y,P-confirm5-v5profit50,reset_liquidate,2024-09-27,-0.00784518833735911
full5y,P-confirm5-v5profit50,reset_liquidate,2024-09-30,0.006149408971051295
full5y,P-confirm5-v5profit50,reset_liquidate,2024-10-01,-0.008906911296226505
full5y,P-confirm5-v5profit50,reset_liquidate,2024-10-02,0.0024077355917003105
full5y,P-confirm5-v5profit50,reset_liquidate,2024-10-03,0.0024916192285186376
full5y,P-confirm5-v5profit50,reset_liquidate,2024-10-04,0.010640505950241852
full5y,P-confirm5-v5profit50,reset_liquidate,2024-10-07,-0.00921416564840084
full5y,P-confirm5-v5profit50,reset_liquidate,2024-10-08,0.01505503227943159
full5y,P-confirm5-v5profit50,reset_liquidate,2024-10-09,-0.0017864825704399401
full5y,P-confirm5-v5profit50,reset_liquidate,2024-10-10,0.00317133159278834
full5y,P-confirm5-v5profit50,reset_liquidate,2024-10-11,0.007007026368337987
full5y,P-confirm5-v5profit50,reset_liquidate,2024-10-14,0.0035120560684853254
full5y,P-confirm5-v5profit50,reset_liquidate,2024-10-15,-0.006314374370626419
full5y,P-confirm5-v5profit50,reset_liquidate,2024-10-16,0.007652227908439169
full5y,P-confirm5-v5profit50,reset_liquidate,2024-10-17,-0.003092029929602491
full5y,P-confirm5-v5profit50,reset_liquidate,2024-10-18,0.009470179341128848
full5y,P-confirm5-v5profit50,reset_liquidate,2024-10-21,0.0012937581158934176
full5y,P-confirm5-v5profit50,reset_liquidate,2024-10-22,-0.003031560459539051
full5y,P-confirm5-v5profit50,reset_liquidate,2024-10-23,-0.007582699741105969
full5y,P-confirm5-v5profit50,reset_liquidate,2024-10-24,0.0032824761247035707
full5y,P-confirm5-v5profit50,reset_liquidate,2024-10-25,0.0023322459551555095
full5y,P-confirm5-v5profit50,reset_liquidate,2024-10-28,-0.00791155400784419
full5y,P-confirm5-v5profit50,reset_liquidate,2024-10-29,-0.0023319039521703553
full5y,P-confirm5-v5profit50,reset_liquidate,2024-10-30,0.005781204814953422
full5y,P-confirm5-v5profit50,reset_liquidate,2024-10-31,-0.01512369718130525
full5y,P-confirm5-v5profit50,reset_liquidate,2024-11-01,0.008566035386135585
full5y,P-confirm5-v5profit50,reset_liquidate,2024-11-04,-0.006819148781166439
full5y,P-confirm5-v5profit50,reset_liquidate,2024-11-05,0.006536826823749631
full5y,P-confirm5-v5profit50,reset_liquidate,2024-11-06,0.02099735310228331
full5y,P-confirm5-v5profit50,reset_liquidate,2024-11-07,0.020673903215117796
full5y,P-confirm5-v5profit50,reset_liquidate,2024-11-08,0.06078039117222837
full5y,P-confirm5-v5profit50,reset_liquidate,2024-11-11,0.010439594490293557
full5y,P-confirm5-v5profit50,reset_liquidate,2024-11-12,-7.016784052487069e-05
full5y,P-confirm5-v5profit50,reset_liquidate,2024-11-13,-0.005409633466987462
full5y,P-confirm5-v5profit50,reset_liquidate,2024-11-14,-0.0049166457923664805
full5y,P-confirm5-v5profit50,reset_liquidate,2024-11-15,-0.018352743404791948
full5y,P-confirm5-v5profit50,reset_liquidate,2024-11-18,0.011672284549897138
full5y,P-confirm5-v5profit50,reset_liquidate,2024-11-19,0.012280008133666698
full5y,P-confirm5-v5profit50,reset_liquidate,2024-11-20,0.016172742308415845
full5y,P-confirm5-v5profit50,reset_liquidate,2024-11-21,0.0037461127414102568
full5y,P-confirm5-v5profit50,reset_liquidate,2024-11-22,0.014399877763652058
full5y,P-confirm5-v5profit50,reset_liquidate,2024-11-25,-0.0035509615948412397
full5y,P-confirm5-v5profit50,reset_liquidate,2024-11-26,-0.0011242129738794793
full5y,P-confirm5-v5profit50,reset_liquidate,2024-11-27,-0.0005728805508959489
full5y,P-confirm5-v5profit50,reset_liquidate,2024-11-29,0.017129997077295723
full5y,P-confirm5-v5profit50,reset_liquidate,2024-12-02,0.009590455564042621
full5y,P-confirm5-v5profit50,reset_liquidate,2024-12-03,-0.0024719498623941294
full5y,P-confirm5-v5profit50,reset_liquidate,2024-12-04,0.009304020091479449
full5y,P-confirm5-v5profit50,reset_liquidate,2024-12-05,-0.014369186947136459
full5y,P-confirm5-v5profit50,reset_liquidate,2024-12-06,0.02058973330499725
full5y,P-confirm5-v5profit50,reset_liquidate,2024-12-09,0.0015473637479080482
full5y,P-confirm5-v5profit50,reset_liquidate,2024-12-10,-0.001247814714551998
full5y,P-confirm5-v5profit50,reset_liquidate,2024-12-11,0.018525102871860932
full5y,P-confirm5-v5profit50,reset_liquidate,2024-12-12,-0.00447269489575125
full5y,P-confirm5-v5profit50,reset_liquidate,2024-12-13,-0.000321650792945527
full5y,P-confirm5-v5profit50,reset_liquidate,2024-12-16,0.010974939274703787
full5y,P-confirm5-v5profit50,reset_liquidate,2024-12-17,0.0008490157655753894
full5y,P-confirm5-v5profit50,reset_liquidate,2024-12-18,-0.02473424163882674
full5y,P-confirm5-v5profit50,reset_liquidate,2024-12-19,0.007075414634505661
full5y,P-confirm5-v5profit50,reset_liquidate,2024-12-20,0.0017873864802808392
full5y,P-confirm5-v5profit50,reset_liquidate,2024-12-23,0.0021447990160566423
full5y,P-confirm5-v5profit50,reset_liquidate,2024-12-24,0.005683227002753722
full5y,P-confirm5-v5profit50,reset_liquidate,2024-12-26,-0.0009965427106170765
full5y,P-confirm5-v5profit50,reset_liquidate,2024-12-27,-0.005719313143314741
full5y,P-confirm5-v5profit50,reset_liquidate,2024-12-30,-0.004765945577165731
full5y,P-confirm5-v5profit50,reset_liquidate,2024-12-31,0.002776586948913906
full5y,P-confirm5-v5profit50,reset_liquidate,2025-01-02,-0.00012897667546717394
full5y,P-confirm5-v5profit50,reset_liquidate,2025-01-03,0.003435026268118024
full5y,P-confirm5-v5profit50,reset_liquidate,2025-01-06,0.004636289057492737
full5y,P-confirm5-v5profit50,reset_liquidate,2025-01-07,0.0011548439526546828
full5y,P-confirm5-v5profit50,reset_liquidate,2025-01-08,-0.009463836881823584
full5y,P-confirm5-v5profit50,reset_liquidate,2025-01-10,-0.0063410039495665595
full5y,P-confirm5-v5profit50,reset_liquidate,2025-01-13,-0.0029283442925603807
full5y,P-confirm5-v5profit50,reset_liquidate,2025-01-14,-0.004235527455671251
full5y,P-confirm5-v5profit50,reset_liquidate,2025-01-15,0.009965013617272778
full5y,P-confirm5-v5profit50,reset_liquidate,2025-01-16,-0.00662043249074753
full5y,P-confirm5-v5profit50,reset_liquidate,2025-01-17,0.006638006741834501
full5y,P-confirm5-v5profit50,reset_liquidate,2025-01-21,0.00856086623805834
full5y,P-confirm5-v5profit50,reset_liquidate,2025-01-22,0.015995372971109624
full5y,P-confirm5-v5profit50,reset_liquidate,2025-01-23,0.010123581328372721
full5y,P-confirm5-v5profit50,reset_liquidate,2025-01-24,-0.004903282724499414
full5y,P-confirm5-v5profit50,reset_liquidate,2025-01-27,-0.02272355195931718
full5y,P-confirm5-v5profit50,reset_liquidate,2025-01-28,0.02564181358285216
full5y,P-confirm5-v5profit50,reset_liquidate,2025-01-29,-0.015506309608738255
full5y,P-confirm5-v5profit50,reset_liquidate,2025-01-30,0.004599059264393612
full5y,P-confirm5-v5profit50,reset_liquidate,2025-01-31,-0.012109976517145082
full5y,P-confirm5-v5profit50,reset_liquidate,2025-02-03,-0.00997191166839687
full5y,P-confirm5-v5profit50,reset_liquidate,2025-02-04,0.009737856448763816
full5y,P-confirm5-v5profit50,reset_liquidate,2025-02-05,-0.011796325014052422
full5y,P-confirm5-v5profit50,reset_liquidate,2025-02-06,0.0038902888214605636
full5y,P-confirm5-v5profit50,reset_liquidate,2025-02-07,-0.0002266956314317059
full5y,P-confirm5-v5profit50,reset_liquidate,2025-02-10,0.008934514772517721
full5y,P-confirm5-v5profit50,reset_liquidate,2025-02-11,-0.0035906133446312327
full5y,P-confirm5-v5profit50,reset_liquidate,2025-02-12,0.006037911603502921
full5y,P-confirm5-v5profit50,reset_liquidate,2025-02-13,0.001744632217459774
full5y,P-confirm5-v5profit50,reset_liquidate,2025-02-14,0.006671218272001423
full5y,P-confirm5-v5profit50,reset_liquidate,2025-02-18,0.009455190347323839
full5y,P-confirm5-v5profit50,reset_liquidate,2025-02-19,0.0003487134758095922
full5y,P-confirm5-v5profit50,reset_liquidate,2025-02-20,-0.0001062857155257002
full5y,P-confirm5-v5profit50,reset_liquidate,2025-02-21,0.004972942986118533
full5y,P-confirm5-v5profit50,reset_liquidate,2025-02-24,-0.014543501697382822
full5y,P-confirm5-v5profit50,reset_liquidate,2025-02-25,0.00039302760556622076
full5y,P-confirm5-v5profit50,reset_liquidate,2025-02-26,0.0013613703641620844
full5y,P-confirm5-v5profit50,reset_liquidate,2025-02-27,-0.009216351471483697
full5y,P-confirm5-v5profit50,reset_liquidate,2025-02-28,0.000718072399559111
full5y,P-confirm5-v5profit50,reset_liquidate,2025-03-03,-0.004369789720220274
full5y,P-confirm5-v5profit50,reset_liquidate,2025-03-04,0.00036124891760269673
full5y,P-confirm5-v5profit50,reset_liquidate,2025-03-05,0.019130207566041512
full5y,P-confirm5-v5profit50,reset_liquidate,2025-03-06,-0.003614360133163985
full5y,P-confirm5-v5profit50,reset_liquidate,2025-03-07,0.002917228646316472
full5y,P-confirm5-v5profit50,reset_liquidate,2025-03-10,-0.0023605514677762286
full5y,P-confirm5-v5profit50,reset_liquidate,2025-03-11,-0.006522741569797108
full5y,P-confirm5-v5profit50,reset_liquidate,2025-03-12,0.003702606819155885
full5y,P-confirm5-v5profit50,reset_liquidate,2025-03-13,-0.011371506871712378
full5y,P-confirm5-v5profit50,reset_liquidate,2025-03-14,0.04411647252611654
full5y,P-confirm5-v5profit50,reset_liquidate,2025-03-17,-0.009639232132330033
full5y,P-confirm5-v5profit50,reset_liquidate,2025-03-18,-0.011646636040506508
full5y,P-confirm5-v5profit50,reset_liquidate,2025-03-19,0.007837110958463345
full5y,P-confirm5-v5profit50,reset_liquidate,2025-03-20,-0.0026780784753841825
full5y,P-confirm5-v5profit50,reset_liquidate,2025-03-21,0.002833280468032373
full5y,P-confirm5-v5profit50,reset_liquidate,2025-03-24,0.025612280087640316
full5y,P-confirm5-v5profit50,reset_liquidate,2025-03-25,0.0023418548423341013
full5y,P-confirm5-v5profit50,reset_liquidate,2025-03-26,-0.027038881755492173
full5y,P-confirm5-v5profit50,reset_liquidate,2025-03-27,0.0016216508329578217
full5y,P-confirm5-v5profit50,reset_liquidate,2025-03-28,-0.014026014963455536
full5y,P-confirm5-v5profit50,reset_liquidate,2025-03-31,-0.011608300150032813
full5y,P-confirm5-v5profit50,reset_liquidate,2025-04-01,0.006088265862934294
full5y,P-confirm5-v5profit50,reset_liquidate,2025-04-02,0.00608269228812659
full5y,P-confirm5-v5profit50,reset_liquidate,2025-04-03,-0.009811930185424289
full5y,P-confirm5-v5profit50,reset_liquidate,2025-04-04,-0.02064886178894949
full5y,P-confirm5-v5profit50,reset_liquidate,2025-04-07,-0.001716079663759973
full5y,P-confirm5-v5profit50,reset_liquidate,2025-04-08,-0.03863901188743059
full5y,P-confirm5-v5profit50,reset_liquidate,2025-04-09,0.10352586692557128
full5y,P-confirm5-v5profit50,reset_liquidate,2025-04-10,-0.04134965472332865
full5y,P-confirm5-v5profit50,reset_liquidate,2025-04-11,0.019034915549978538
full5y,P-confirm5-v5profit50,reset_liquidate,2025-04-14,0.006342614245773814
full5y,P-confirm5-v5profit50,reset_liquidate,2025-04-15,0.006324273060172736
full5y,P-confirm5-v5profit50,reset_liquidate,2025-04-16,-0.03692625495844043
full5y,P-confirm5-v5profit50,reset_liquidate,2025-04-17,-0.0028673292237516913
full5y,P-confirm5-v5profit50,reset_liquidate,2025-04-21,-0.012890532602978299
full5y,P-confirm5-v5profit50,reset_liquidate,2025-04-22,0.022721621488737243
full5y,P-confirm5-v5profit50,reset_liquidate,2025-04-23,0.010372257493661708
full5y,P-confirm5-v5profit50,reset_liquidate,2025-04-24,0.013585869342595158
full5y,P-confirm5-v5profit50,reset_liquidate,2025-04-25,0.004871719871481228
full5y,P-confirm5-v5profit50,reset_liquidate,2025-04-28,-0.0014571810166598587
full5y,P-confirm5-v5profit50,reset_liquidate,2025-04-29,0.002189024661990302
full5y,P-confirm5-v5profit50,reset_liquidate,2025-04-30,0.0034704239899420062
full5y,P-confirm5-v5profit50,reset_liquidate,2025-05-01,0.004431097593656064
full5y,P-confirm5-v5profit50,reset_liquidate,2025-05-02,0.016733056412797175
full5y,P-confirm5-v5profit50,reset_liquidate,2025-05-05,-0.005057221589209915
full5y,P-confirm5-v5profit50,reset_liquidate,2025-05-06,-0.013101902497383322
full5y,P-confirm5-v5profit50,reset_liquidate,2025-05-07,-0.003076327795178091
full5y,P-confirm5-v5profit50,reset_liquidate,2025-05-08,0.011470856609785418
full5y,P-confirm5-v5profit50,reset_liquidate,2025-05-09,-0.003130910221295713
full5y,P-confirm5-v5profit50,reset_liquidate,2025-05-12,0.04546223874273099
full5y,P-confirm5-v5profit50,reset_liquidate,2025-05-13,0.01624348485035838
full5y,P-confirm5-v5profit50,reset_liquidate,2025-05-14,-0.001062190511485772
full5y,P-confirm5-v5profit50,reset_liquidate,2025-05-15,-0.005059500414748707
full5y,P-confirm5-v5profit50,reset_liquidate,2025-05-16,0.004810843095301031
full5y,P-confirm5-v5profit50,reset_liquidate,2025-05-19,0.011040891599480563
full5y,P-confirm5-v5profit50,reset_liquidate,2025-05-20,0.007804152545919785
full5y,P-confirm5-v5profit50,reset_liquidate,2025-05-21,-0.022234468296879716
full5y,P-confirm5-v5profit50,reset_liquidate,2025-05-22,0.0028430078105378897
full5y,P-confirm5-v5profit50,reset_liquidate,2025-05-23,-0.0038353637630064276
full5y,P-confirm5-v5profit50,reset_liquidate,2025-05-27,0.006904706621291534
full5y,P-confirm5-v5profit50,reset_liquidate,2025-05-28,-0.007287557685912538
full5y,P-confirm5-v5profit50,reset_liquidate,2025-05-29,0.007958638664368379
full5y,P-confirm5-v5profit50,reset_liquidate,2025-05-30,-0.007458897589598501
full5y,P-confirm5-v5profit50,reset_liquidate,2025-06-02,0.007742799869263739
full5y,P-confirm5-v5profit50,reset_liquidate,2025-06-03,0.00909536534375921
full5y,P-confirm5-v5profit50,reset_liquidate,2025-06-04,0.005732125014849832
full5y,P-confirm5-v5profit50,reset_liquidate,2025-06-05,-0.0016911563770948047
full5y,P-confirm5-v5profit50,reset_liquidate,2025-06-06,0.0058164561452124005
full5y,P-confirm5-v5profit50,reset_liquidate,2025-06-09,0.00589496303540934
full5y,P-confirm5-v5profit50,reset_liquidate,2025-06-10,-0.0014000148355278186
full5y,P-confirm5-v5profit50,reset_liquidate,2025-06-11,0.0027996524751823016
full5y,P-confirm5-v5profit50,reset_liquidate,2025-06-12,-0.000371393332732084
full5y,P-confirm5-v5profit50,reset_liquidate,2025-06-13,-0.011034251380025884
full5y,P-confirm5-v5profit50,reset_liquidate,2025-06-16,0.005969019127606856
full5y,P-confirm5-v5profit50,reset_liquidate,2025-06-17,-0.005916620775509795
full5y,P-confirm5-v5profit50,reset_liquidate,2025-06-18,-0.0030625413992054875
full5y,P-confirm5-v5profit50,reset_liquidate,2025-06-20,-0.000982513123005635
full5y,P-confirm5-v5profit50,reset_liquidate,2025-06-23,0.007224025632830244
full5y,P-confirm5-v5profit50,reset_liquidate,2025-06-24,0.017618154531187803
full5y,P-confirm5-v5profit50,reset_liquidate,2025-06-25,0.0037107596799755282
full5y,P-confirm5-v5profit50,reset_liquidate,2025-06-26,0.010033132178236537
full5y,P-confirm5-v5profit50,reset_liquidate,2025-06-27,-0.00040035567890730486
full5y,P-confirm5-v5profit50,reset_liquidate,2025-06-30,0.0046966609918604576
full5y,P-confirm5-v5profit50,reset_liquidate,2025-07-01,-0.005318032982021515
full5y,P-confirm5-v5profit50,reset_liquidate,2025-07-02,0.00797794828263687
full5y,P-confirm5-v5profit50,reset_liquidate,2025-07-03,0.0040459036197789565
full5y,P-confirm5-v5profit50,reset_liquidate,2025-07-07,-0.005559682108742026
full5y,P-confirm5-v5profit50,reset_liquidate,2025-07-08,0.011609526443198348
full5y,P-confirm5-v5profit50,reset_liquidate,2025-07-09,0.002902195784182493
full5y,P-confirm5-v5profit50,reset_liquidate,2025-07-10,0.004256195638188276
full5y,P-confirm5-v5profit50,reset_liquidate,2025-07-11,-0.0025476488987567934
full5y,P-confirm5-v5profit50,reset_liquidate,2025-07-14,0.0028673529602071812
full5y,P-confirm5-v5profit50,reset_liquidate,2025-07-15,0.006659405137002727
full5y,P-confirm5-v5profit50,reset_liquidate,2025-07-16,7.935510861447614e-05
full5y,P-confirm5-v5profit50,reset_liquidate,2025-07-17,0.007640485791808471
full5y,P-confirm5-v5profit50,reset_liquidate,2025-07-18,-0.005192187737994247
full5y,P-confirm5-v5profit50,reset_liquidate,2025-07-21,0.0031192403426104297
full5y,P-confirm5-v5profit50,reset_liquidate,2025-07-22,0.0011259720674102857
full5y,P-confirm5-v5profit50,reset_liquidate,2025-07-23,0.010961474793120308
full5y,P-confirm5-v5profit50,reset_liquidate,2025-07-24,0.0006380295003097336
full5y,P-confirm5-v5profit50,reset_liquidate,2025-07-25,-0.0012396189416390424
full5y,P-confirm5-v5profit50,reset_liquidate,2025-07-28,-0.0009908312028942489
full5y,P-confirm5-v5profit50,reset_liquidate,2025-07-29,-0.006990098357291252
full5y,P-confirm5-v5profit50,reset_liquidate,2025-07-30,-0.0010776013200354706
full5y,P-confirm5-v5profit50,reset_liquidate,2025-07-31,-0.010013325085424019
full5y,P-confirm5-v5profit50,reset_liquidate,2025-08-01,-0.015476131514557156
full5y,P-confirm5-v5profit50,reset_liquidate,2025-08-04,0.010600334799568322
full5y,P-confirm5-v5profit50,reset_liquidate,2025-08-05,-0.0009330924442376154
full5y,P-confirm5-v5profit50,reset_liquidate,2025-08-06,0.001254656910991725
full5y,P-confirm5-v5profit50,reset_liquidate,2025-08-07,-0.001782428829384486
full5y,P-confirm5-v5profit50,reset_liquidate,2025-08-08,0.00321203944236087
full5y,P-confirm5-v5profit50,reset_liquidate,2025-08-11,-0.003740321655018719
full5y,P-confirm5-v5profit50,reset_liquidate,2025-08-12,0.010595463169074115
full5y,P-confirm5-v5profit50,reset_liquidate,2025-08-13,0.0047476989498928535
full5y,P-confirm5-v5profit50,reset_liquidate,2025-08-14,-0.003399524701846901
full5y,P-confirm5-v5profit50,reset_liquidate,2025-08-15,-0.0018622319775296824
full5y,P-confirm5-v5profit50,reset_liquidate,2025-08-18,0.0022986674610632196
full5y,P-confirm5-v5profit50,reset_liquidate,2025-08-19,-0.014221290347744187
full5y,P-confirm5-v5profit50,reset_liquidate,2025-08-20,-0.001393711261635977
full5y,P-confirm5-v5profit50,reset_liquidate,2025-08-21,-0.0029060100673198195
full5y,P-confirm5-v5profit50,reset_liquidate,2025-08-22,0.01318589797013714
full5y,P-confirm5-v5profit50,reset_liquidate,2025-08-25,8.557323364377644e-06
full5y,P-confirm5-v5profit50,reset_liquidate,2025-08-26,0.0018724772286508261
full5y,P-confirm5-v5profit50,reset_liquidate,2025-08-27,-0.006829112596276887
full5y,P-confirm5-v5profit50,reset_liquidate,2025-08-28,0.0029946967151579518
full5y,P-confirm5-v5profit50,reset_liquidate,2025-08-29,-0.003313176243169991
full5y,P-confirm5-v5profit50,reset_liquidate,2025-09-02,0.0007017857608425549
full5y,P-confirm5-v5profit50,reset_liquidate,2025-09-03,-0.0015352379988156973
full5y,P-confirm5-v5profit50,reset_liquidate,2025-09-04,-0.000723893320196789
full5y,P-confirm5-v5profit50,reset_liquidate,2025-09-05,-0.002450859723625387
full5y,P-confirm5-v5profit50,reset_liquidate,2025-09-08,0.0034939315462069074
full5y,P-confirm5-v5profit50,reset_liquidate,2025-09-09,0.007762354632261359
full5y,P-confirm5-v5profit50,reset_liquidate,2025-09-10,0.0016032528093606114
full5y,P-confirm5-v5profit50,reset_liquidate,2025-09-11,0.011816017674587231
full5y,P-confirm5-v5profit50,reset_liquidate,2025-09-12,0.007684985681147627
full5y,P-confirm5-v5profit50,reset_liquidate,2025-09-15,0.010262552840212723
full5y,P-confirm5-v5profit50,reset_liquidate,2025-09-16,-0.001076012066486076
full5y,P-confirm5-v5profit50,reset_liquidate,2025-09-17,0.00638910025886571
full5y,P-confirm5-v5profit50,reset_liquidate,2025-09-18,-0.003107445383877372
full5y,P-confirm5-v5profit50,reset_liquidate,2025-09-19,0.006396449285677774
full5y,P-confirm5-v5profit50,reset_liquidate,2025-09-22,0.010097398892042442
full5y,P-confirm5-v5profit50,reset_liquidate,2025-09-23,-0.020573847414885226
full5y,P-confirm5-v5profit50,reset_liquidate,2025-09-24,-0.0005644086665160031
full5y,P-confirm5-v5profit50,reset_liquidate,2025-09-25,-0.006173186706940115
full5y,P-confirm5-v5profit50,reset_liquidate,2025-09-26,0.002044992813380131
full5y,P-confirm5-v5profit50,reset_liquidate,2025-09-29,0.009472715572699764
full5y,P-confirm5-v5profit50,reset_liquidate,2025-09-30,0.004924848691726691
full5y,P-confirm5-v5profit50,reset_liquidate,2025-10-01,0.014306556406318015
full5y,P-confirm5-v5profit50,reset_liquidate,2025-10-02,-0.0011476998996178046
full5y,P-confirm5-v5profit50,reset_liquidate,2025-10-03,-0.008594050754326366
full5y,P-confirm5-v5profit50,reset_liquidate,2025-10-06,0.03078336309309363
full5y,P-confirm5-v5profit50,reset_liquidate,2025-10-07,-0.012545435249539761
full5y,P-confirm5-v5profit50,reset_liquidate,2025-10-08,0.014444449973807338
full5y,P-confirm5-v5profit50,reset_liquidate,2025-10-09,-0.0005430831248309121
full5y,P-confirm5-v5profit50,reset_liquidate,2025-10-10,-0.043469080127726475
full5y,P-confirm5-v5profit50,reset_liquidate,2025-10-13,0.02317680243160688
full5y,P-confirm5-v5profit50,reset_liquidate,2025-10-14,-0.00953237153732851
full5y,P-confirm5-v5profit50,reset_liquidate,2025-10-15,0.014577035048536757
full5y,P-confirm5-v5profit50,reset_liquidate,2025-10-16,-0.006715939189649567
full5y,P-confirm5-v5profit50,reset_liquidate,2025-10-17,0.005281068151848034
full5y,P-confirm5-v5profit50,reset_liquidate,2025-10-20,0.013280836108360538
full5y,P-confirm5-v5profit50,reset_liquidate,2025-10-21,-0.003131087978277414
full5y,P-confirm5-v5profit50,reset_liquidate,2025-10-22,-0.02637702013057406
full5y,P-confirm5-v5profit50,reset_liquidate,2025-10-23,0.015020808804421582
full5y,P-confirm5-v5profit50,reset_liquidate,2025-10-24,0.011124410150174702
full5y,P-confirm5-v5profit50,reset_liquidate,2025-10-27,0.026479128358435144
full5y,P-confirm5-v5profit50,reset_liquidate,2025-10-28,0.011239589902453528
full5y,P-confirm5-v5profit50,reset_liquidate,2025-10-29,0.001411223000673767
full5y,P-confirm5-v5profit50,reset_liquidate,2025-10-30,-0.018691684433998136
full5y,P-confirm5-v5profit50,reset_liquidate,2025-10-31,0.007586265088814959
full5y,P-confirm5-v5profit50,reset_liquidate,2025-11-03,-0.00278929863575772
full5y,P-confirm5-v5profit50,reset_liquidate,2025-11-04,-0.022663964191693052
full5y,P-confirm5-v5profit50,reset_liquidate,2025-11-05,0.003311165220909429
full5y,P-confirm5-v5profit50,reset_liquidate,2025-11-06,-0.014872034205621776
full5y,P-confirm5-v5profit50,reset_liquidate,2025-11-07,-0.004127914850100245
full5y,P-confirm5-v5profit50,reset_liquidate,2025-11-10,0.019336790304756945
full5y,P-confirm5-v5profit50,reset_liquidate,2025-11-11,-0.0030530647719590686
full5y,P-confirm5-v5profit50,reset_liquidate,2025-11-12,0.00041057561836550517
full5y,P-confirm5-v5profit50,reset_liquidate,2025-11-13,-0.022720175832781197
full5y,P-confirm5-v5profit50,reset_liquidate,2025-11-14,-0.005187574612392154
full5y,P-confirm5-v5profit50,reset_liquidate,2025-11-17,-0.005846672908241424
full5y,P-confirm5-v5profit50,reset_liquidate,2025-11-18,-0.0035522182903261145
full5y,P-confirm5-v5profit50,reset_liquidate,2025-11-19,-0.005059997042356335
full5y,P-confirm5-v5profit50,reset_liquidate,2025-11-20,-0.01639967930382554
full5y,P-confirm5-v5profit50,reset_liquidate,2025-11-21,0.002502050966151448
full5y,P-confirm5-v5profit50,reset_liquidate,2025-11-24,0.0146817306125826
full5y,P-confirm5-v5profit50,reset_liquidate,2025-11-25,-0.000721245447189256
full5y,P-confirm5-v5profit50,reset_liquidate,2025-11-26,0.0183679515693874
full5y,P-confirm5-v5profit50,reset_liquidate,2025-11-28,0.009499649367846807
full5y,P-confirm5-v5profit50,reset_liquidate,2025-12-01,-0.005919533532553478
full5y,P-confirm5-v5profit50,reset_liquidate,2025-12-02,-0.0006089736225019738
full5y,P-confirm5-v5profit50,reset_liquidate,2025-12-03,-0.005230687543875667
full5y,P-confirm5-v5profit50,reset_liquidate,2025-12-04,0.0055865647633975835
full5y,P-confirm5-v5profit50,reset_liquidate,2025-12-05,0.0070704029040891455
full5y,P-confirm5-v5profit50,reset_liquidate,2025-12-08,0.008555188711392481
full5y,P-confirm5-v5profit50,reset_liquidate,2025-12-09,0.009979951260960384
full5y,P-confirm5-v5profit50,reset_liquidate,2025-12-10,0.014559987461261104
full5y,P-confirm5-v5profit50,reset_liquidate,2025-12-11,0.005372803505727964
full5y,P-confirm5-v5profit50,reset_liquidate,2025-12-12,-0.016591043021752218
full5y,P-confirm5-v5profit50,reset_liquidate,2025-12-15,0.006459750929825203
full5y,P-confirm5-v5profit50,reset_liquidate,2025-12-16,0.0010415528533820884
full5y,P-confirm5-v5profit50,reset_liquidate,2025-12-17,-0.0017973966541063647
full5y,P-confirm5-v5profit50,reset_liquidate,2025-12-18,0.004964994868976081
full5y,P-confirm5-v5profit50,reset_liquidate,2025-12-19,0.013542858189059804
full5y,P-confirm5-v5profit50,reset_liquidate,2025-12-22,0.004540447685339344
full5y,P-confirm5-v5profit50,reset_liquidate,2025-12-23,-0.004075446568789665
full5y,P-confirm5-v5profit50,reset_liquidate,2025-12-24,0.0013477932893434907
full5y,P-confirm5-v5profit50,reset_liquidate,2025-12-26,-0.003778368644490737
full5y,P-confirm5-v5profit50,reset_liquidate,2025-12-29,0.0003527926854792751
full5y,P-confirm5-v5profit50,reset_liquidate,2025-12-30,-0.001366753225161521
full5y,P-confirm5-v5profit50,reset_liquidate,2025-12-31,-0.0049231975940356
full5y,P-confirm5-v5profit50,reset_liquidate,2026-01-02,0.011096793262862415
full5y,P-confirm5-v5profit50,reset_liquidate,2026-01-05,0.00018117421943926183
full5y,P-confirm5-v5profit50,reset_liquidate,2026-01-06,0.0008333797126936382
full5y,P-confirm5-v5profit50,reset_liquidate,2026-01-07,-0.003314619273567987
full5y,P-confirm5-v5profit50,reset_liquidate,2026-01-08,-0.006498855237720635
full5y,P-confirm5-v5profit50,reset_liquidate,2026-01-09,-0.0024739171526131807
full5y,P-confirm5-v5profit50,reset_liquidate,2026-01-12,0.010036946211852527
full5y,P-confirm5-v5profit50,reset_liquidate,2026-01-13,-0.008698090049589591
full5y,P-confirm5-v5profit50,reset_liquidate,2026-01-14,-0.005079182631612822
full5y,P-confirm5-v5profit50,reset_liquidate,2026-01-15,0.0006384627994660108
full5y,P-confirm5-v5profit50,reset_liquidate,2026-01-16,0.0016241044869099164
full5y,P-confirm5-v5profit50,reset_liquidate,2026-01-20,-0.006633180702615138
full5y,P-confirm5-v5profit50,reset_liquidate,2026-01-21,0.01962894403819082
full5y,P-confirm5-v5profit50,reset_liquidate,2026-01-22,0.007399969193352773
full5y,P-confirm5-v5profit50,reset_liquidate,2026-01-23,-0.011918414062068417
full5y,P-confirm5-v5profit50,reset_liquidate,2026-01-26,-0.0018178703187001432
full5y,P-confirm5-v5profit50,reset_liquidate,2026-01-27,0.0003810578817152743
full5y,P-confirm5-v5profit50,reset_liquidate,2026-01-28,0.00706719937179876
full5y,P-confirm5-v5profit50,reset_liquidate,2026-01-29,-0.005034238017632697
full5y,P-confirm5-v5profit50,reset_liquidate,2026-01-30,-0.012572597546002618
full5y,P-confirm5-v5profit50,reset_liquidate,2026-02-02,-0.007557334972967833
full5y,P-confirm5-v5profit50,reset_liquidate,2026-02-03,-0.015247596022958687
full5y,P-confirm5-v5profit50,reset_liquidate,2026-02-04,-0.0082382214852594
full5y,P-confirm5-v5profit50,reset_liquidate,2026-02-05,-0.0019524915166047596
full5y,P-confirm5-v5profit50,reset_liquidate,2026-02-06,0.01560510223328091
full5y,P-confirm5-v5profit50,reset_liquidate,2026-02-09,0.0038023028627598653
full5y,P-confirm5-v5profit50,reset_liquidate,2026-02-10,0.0001880347801924809
full5y,P-confirm5-v5profit50,reset_liquidate,2026-02-11,0.0003609437332528498
full5y,P-confirm5-v5profit50,reset_liquidate,2026-02-12,-0.01106068382045603
full5y,P-confirm5-v5profit50,reset_liquidate,2026-02-13,-0.004571650337269017
full5y,P-confirm5-v5profit50,reset_liquidate,2026-02-17,0.0009514894570442078
full5y,P-confirm5-v5profit50,reset_liquidate,2026-02-18,0.0032487377602767207
full5y,P-confirm5-v5profit50,reset_liquidate,2026-02-19,-0.0009341240834552344
full5y,P-confirm5-v5profit50,reset_liquidate,2026-02-20,0.0037670847308692635
full5y,P-confirm5-v5profit50,reset_liquidate,2026-02-23,-0.002070390734800698
full5y,P-confirm5-v5profit50,reset_liquidate,2026-02-24,0.0010924295265480998
full5y,P-confirm5-v5profit50,reset_liquidate,2026-02-25,0.005555010131206783
full5y,P-confirm5-v5profit50,reset_liquidate,2026-02-26,-0.016516801163806605
full5y,P-confirm5-v5profit50,reset_liquidate,2026-02-27,0.008251802817818666
full5y,P-confirm5-v5profit50,reset_liquidate,2026-03-02,0.0038566456175739396
full5y,P-confirm5-v5profit50,reset_liquidate,2026-03-03,-0.011774248924761522
full5y,P-confirm5-v5profit50,reset_liquidate,2026-03-04,0.02357012433850427
full5y,P-confirm5-v5profit50,reset_liquidate,2026-03-05,-0.0008219765752692454
full5y,P-confirm5-v5profit50,reset_liquidate,2026-03-06,-0.006062942144201134
full5y,P-confirm5-v5profit50,reset_liquidate,2026-03-09,0.009939440741951822
full5y,P-confirm5-v5profit50,reset_liquidate,2026-03-10,-0.005578773477721066
full5y,P-confirm5-v5profit50,reset_liquidate,2026-03-11,0.00486667984598661
full5y,P-confirm5-v5profit50,reset_liquidate,2026-03-12,-0.012295117300816316
full5y,P-confirm5-v5profit50,reset_liquidate,2026-03-13,-0.002659715106858862
full5y,P-confirm5-v5profit50,reset_liquidate,2026-03-16,0.0027744234905225486
full5y,P-confirm5-v5profit50,reset_liquidate,2026-03-17,0.002383333995197168
full5y,P-confirm5-v5profit50,reset_liquidate,2026-03-18,-0.006755189597385136
full5y,P-confirm5-v5profit50,reset_liquidate,2026-03-19,-0.0063212496624474365
full5y,P-confirm5-v5profit50,reset_liquidate,2026-03-20,-0.01404951910541712
full5y,P-confirm5-v5profit50,reset_liquidate,2026-03-23,0.010934741790751712
full5y,P-confirm5-v5profit50,reset_liquidate,2026-03-24,-0.013541748931829845
full5y,P-confirm5-v5profit50,reset_liquidate,2026-03-25,0.007752573737058399
full5y,P-confirm5-v5profit50,reset_liquidate,2026-03-26,-0.02384268600693549
full5y,P-confirm5-v5profit50,reset_liquidate,2026-03-27,-0.009253987161004973
full5y,P-confirm5-v5profit50,reset_liquidate,2026-03-30,-0.003442219599959007
full5y,P-confirm5-v5profit50,reset_liquidate,2026-03-31,0.012331088233485887
full5y,P-confirm5-v5profit50,reset_liquidate,2026-04-01,0.006877561591579817
full5y,P-confirm5-v5profit50,reset_liquidate,2026-04-02,-0.003540815105509598
full5y,P-confirm5-v5profit50,reset_liquidate,2026-04-06,-0.0020809562502857037
full5y,P-confirm5-v5profit50,reset_liquidate,2026-04-07,-0.00013028691416213655
full5y,P-confirm5-v5profit50,reset_liquidate,2026-04-08,0.002570871174947553
full5y,P-confirm5-v5profit50,reset_liquidate,2026-04-09,-0.007093577086290492
full5y,P-confirm5-v5profit50,reset_liquidate,2026-04-10,0.0036938477412627345
full5y,P-confirm5-v5profit50,reset_liquidate,2026-04-13,0.005813771134896606
full5y,P-confirm5-v5profit50,reset_liquidate,2026-04-14,0.018500537284614836
full5y,P-confirm5-v5profit50,reset_liquidate,2026-04-15,0.025493678546960295
full5y,P-confirm5-v5profit50,reset_liquidate,2026-04-16,0.0016646139452313412
full5y,P-confirm5-v5profit50,reset_liquidate,2026-04-17,0.0013835845697889205
full5y,P-confirm5-v5profit50,reset_liquidate,2026-04-20,-0.0008598431817615105
full5y,P-confirm5-v5profit50,reset_liquidate,2026-04-21,-0.003596508613825311
full5y,P-confirm5-v5profit50,reset_liquidate,2026-04-22,0.013804988257668937
full5y,P-confirm5-v5profit50,reset_liquidate,2026-04-23,-0.016602486687652285
full5y,P-confirm5-v5profit50,reset_liquidate,2026-04-24,0.01025950665594193
full5y,P-confirm5-v5profit50,reset_liquidate,2026-04-27,0.009334695336157717
full5y,P-confirm5-v5profit50,reset_liquidate,2026-04-28,-0.005609762039583211
full5y,P-confirm5-v5profit50,reset_liquidate,2026-04-29,-0.0028614296136693974
full5y,P-confirm5-v5profit50,reset_liquidate,2026-04-30,0.0031267896219765224
full5y,P-confirm5-v5profit50,reset_liquidate,2026-05-01,0.009800739057132479
full5y,P-confirm5-v5profit50,reset_liquidate,2026-05-04,0.0012963966615763378
full5y,P-confirm5-v5profit50,reset_liquidate,2026-05-05,0.0010995571167439545
full5y,P-confirm5-v5profit50,reset_liquidate,2026-05-06,0.01608355942250529
full5y,P-confirm5-v5profit50,reset_liquidate,2026-05-07,0.016356703026161788
full5y,P-confirm5-v5profit50,reset_liquidate,2026-05-08,0.0112325628780927
full5y,P-confirm5-v5profit50,reset_liquidate,2026-05-11,0.002499039904793543
full5y,P-confirm5-v5profit50,reset_liquidate,2026-05-12,-0.005783710582710133
full5y,P-confirm5-v5profit50,reset_liquidate,2026-05-13,0.01162690282227089
full5y,P-confirm5-v5profit50,reset_liquidate,2026-05-14,-0.00025469128235391383
full5y,P-confirm5-v5profit50,reset_liquidate,2026-05-15,-0.013457559554679765
full5y,P-confirm5-v5profit50,reset_liquidate,2026-05-18,-0.000862974054538701
full5y,P-confirm5-v5profit50,reset_liquidate,2026-05-19,-0.004623420609736528
full5y,P-confirm5-v5profit50,reset_liquidate,2026-05-20,0.009132087096903597
full5y,P-confirm5-v5profit50,reset_liquidate,2026-05-21,-0.002701293977409913
full5y,P-confirm5-v5profit50,reset_liquidate,2026-05-22,0.0038945113907073448
full5y,P-confirm5-v5profit50,reset_liquidate,2026-05-26,0.010913352849066794
full5y,P-confirm5-v5profit50,reset_liquidate,2026-05-27,-0.001970198330064821
full5y,P-confirm5-v5profit50,reset_liquidate,2026-05-28,0.04391971930308858
full5y,P-confirm5-v5profit50,reset_liquidate,2026-05-29,0.007943739427139395
full5y,P-confirm5-v5profit50,reset_liquidate,2026-06-01,0.014312400605351749
full5y,P-confirm5-v5profit50,reset_liquidate,2026-06-02,-0.011081225886195655
full5y,P-confirm5-v5profit50,reset_liquidate,2026-06-03,-0.015158608015473696
full5y,P-confirm5-v5profit50,reset_liquidate,2026-06-04,0.0005203237571319907
full5y,P-confirm5-v5profit50,reset_liquidate,2026-06-05,-0.032125021381020455
full5y,P-confirm5-v5profit50,reset_liquidate,2026-06-08,0.0077800670855041835
full5y,P-confirm5-v5profit50,reset_liquidate,2026-06-09,-0.00569505326396097
full5y,P-confirm5-v5profit50,reset_liquidate,2026-06-10,-0.004067851220674335
full5y,P-confirm5-v5profit50,reset_liquidate,2026-06-11,0.00020425406654052126
full5y,P-confirm5-v5profit50,reset_liquidate,2026-06-12,-0.0031656893505026874
full5y,P-confirm5-v5profit50,reset_liquidate,2026-06-15,0.0034367213858373493
full5y,P-confirm5-v5profit50,reset_liquidate,2026-06-16,-0.0010216759978194823
full5y,P-confirm5-v5profit50,reset_liquidate,2026-06-17,-0.001594496028437986
full5y,P-confirm5-v5profit50,reset_liquidate,2026-06-18,-0.0009508830571814952
full5y,P-confirm5-v5profit50,reset_liquidate,2026-06-22,-0.002453828022294935
full5y,P-confirm5-v5profit50,reset_liquidate,2026-06-23,0.0016858675960797153
full5y,P-confirm5-v5profit50,reset_liquidate,2026-06-24,-0.0019356827581182845
full5y,P-confirm5-v5profit50,reset_liquidate,2026-06-25,0.000491259404887634
full5y,P-confirm5-v5profit50,reset_liquidate,2026-06-26,0.009645031881770395
full5y,P-confirm5-v5profit50,reset_liquidate,2026-06-29,-0.001382705731639966
full5y,P-confirm5-v5profit50,reset_liquidate,2026-06-30,0.002339891814490769
full5y,P-confirm5-v5profit50,reset_liquidate,2026-07-01,0.005647292260248271
full5y,P-confirm5-v5profit50,reset_liquidate,2026-07-02,0.0012178261018067293
full5y,P-confirm5-v5profit50,reset_liquidate,2026-07-06,-0.00021460733777329822
full5y,P-confirm5-v5profit50,reset_liquidate,2026-07-07,0.0007910061420274728
full5y,P-confirm5-v5profit50,reset_liquidate,2026-07-08,-0.001958725070174516
full5y,P-confirm5-v5profit50,reset_liquidate,2026-07-09,0.002631083764520947
full5y,P-confirm5-v5profit50,reset_liquidate,2026-07-10,-0.0020654869606451685
full5y,P-confirm5-v5profit50,reset_liquidate,2026-07-13,0.004283334220519119
full5y,P-confirm5-v5profit50,reset_liquidate,2026-07-14,0.00116365990479127
full5y,P-confirm5-v5profit50,reset_liquidate,2026-07-15,0.0013047684426035987
full5y,P-confirm5-v5profit50,reset_liquidate,2026-07-16,0.0007021307088800665
full5y,P-confirm5-v5profit50,reset_liquidate,2026-07-17,-0.002229790692674338
full5y,P-confirm5-v5profit50,reset_liquidate,2026-07-20,0.003020974787506603
full5y,P-confirm5-v5profit50,reset_liquidate,2026-07-21,-0.0004970702730712984
full5y,P-confirm5-v5profit50,reset_liquidate,2026-07-22,-0.003513149966285789
full5y,P-confirm5-v5profit50,reset_liquidate,2026-07-23,-0.002715887969955466
full5y,P-confirm5-v5profit50,reset_liquidate,2026-07-24,0.0028784733434240595
full5y,P-confirm5-v5profit50,reset_liquidate,2026-07-27,0.004194022431430943
full5y,P-confirm5-v5profit50,reset_liquidate,2026-07-28,0.0029809515802536324
full5y,P-confirm5-v5profit50,reset_liquidate,2026-07-29,0.005636828472016376
full5y,P-confirm5-v5profit50,reset_liquidate,2026-07-30,0.020254916898038357
full5y,P-confirm5-v5profit50,reset_liquidate,2026-07-31,-0.0064614269396683025
full5y,P-confirm5-v5profit50,reset_liquidate,2026-08-03,0.02889899687265902
full5y,P-confirm5-v5profit50,reset_liquidate,2026-08-04,0.02628403750571211
full5y,P-confirm5-v5profit50,reset_liquidate,2026-08-05,-0.006569676005007674
full5y,P-confirm5-v5profit50,reset_liquidate,2026-08-06,-0.002444545040455015
full5y,P-confirm5-v5profit50,reset_liquidate,2026-08-07,0.012785295520698103
full5y,P-confirm5-v5profit50,reset_liquidate,2026-08-10,0.004217463037830748
full5y,P-confirm5-v5profit50,reset_liquidate,2026-08-11,-0.005271158881184202
full5y,P-confirm5-v5profit50,reset_liquidate,2026-08-12,-0.0008809228739186103
full5y,P-confirm5-v5profit50,reset_liquidate,2026-08-13,0.0029022936644162224
full5y,P-confirm5-v5profit50,reset_liquidate,2026-08-14,0.0124884367920437
full5y,P-confirm5-v5profit50,reset_liquidate,2026-08-17,-0.002895829778608405
full5y,P-confirm5-v5profit50,reset_liquidate,2026-08-18,-0.013980503302559389
full5y,P-confirm5-v5profit50,reset_liquidate,2026-08-19,0.0070348418147807125
full5y,P-confirm5-v5profit50,reset_liquidate,2026-08-20,-0.003071646970326214
full5y,P-confirm5-v5profit50,reset_liquidate,2026-08-21,0.00454246355313247
full5y,P-confirm5-v5profit50,reset_liquidate,2026-08-24,-0.0006954255409216791
full5y,P-confirm5-v5profit50,reset_liquidate,2026-08-25,0.001577029946714581
full5y,P-confirm5-v5profit50,reset_liquidate,2026-08-26,-0.0019387163847680688
full5y,P-confirm5-v5profit50,reset_liquidate,2026-08-27,0.0033203227204486653
full5y,P-confirm5-v5profit50,reset_mark,2021-08-27,0.0
full5y,P-confirm5-v5profit50,reset_mark,2021-08-30,0.0
full5y,P-confirm5-v5profit50,reset_mark,2021-08-31,0.0002707110181594752
full5y,P-confirm5-v5profit50,reset_mark,2021-09-01,-0.00022155233598405432
full5y,P-confirm5-v5profit50,reset_mark,2021-09-02,-0.0002315788147756681
full5y,P-confirm5-v5profit50,reset_mark,2021-09-03,0.00016111325842673718
full5y,P-confirm5-v5profit50,reset_mark,2021-09-07,0.002637783858939624
full5y,P-confirm5-v5profit50,reset_mark,2021-09-08,0.00012617502122473921
full5y,P-confirm5-v5profit50,reset_mark,2021-09-09,0.0001313231087076927
full5y,P-confirm5-v5profit50,reset_mark,2021-09-10,-0.0024627038366134336
full5y,P-confirm5-v5profit50,reset_mark,2021-09-13,0.000914066245943812
full5y,P-confirm5-v5profit50,reset_mark,2021-09-14,0.00020053498586631858
full5y,P-confirm5-v5profit50,reset_mark,2021-09-15,0.0015231899000174077
full5y,P-confirm5-v5profit50,reset_mark,2021-09-16,0.0005336353150690698
full5y,P-confirm5-v5profit50,reset_mark,2021-09-17,-0.0014225826787375162
full5y,P-confirm5-v5profit50,reset_mark,2021-09-20,-0.005717958374318433
full5y,P-confirm5-v5profit50,reset_mark,2021-09-21,0.001431247781322531
full5y,P-confirm5-v5profit50,reset_mark,2021-09-22,0.002980942985915447
full5y,P-confirm5-v5profit50,reset_mark,2021-09-23,0.0012294781050453895
full5y,P-confirm5-v5profit50,reset_mark,2021-09-24,-0.0037653064659299296
full5y,P-confirm5-v5profit50,reset_mark,2021-09-27,0.004884864494234508
full5y,P-confirm5-v5profit50,reset_mark,2021-09-28,-0.005167157994756
full5y,P-confirm5-v5profit50,reset_mark,2021-09-29,-0.0015187100880318272
full5y,P-confirm5-v5profit50,reset_mark,2021-09-30,0.003291312676963343
full5y,P-confirm5-v5profit50,reset_mark,2021-10-01,-0.001978628171490493
full5y,P-confirm5-v5profit50,reset_mark,2021-10-04,-0.008898306181800509
full5y,P-confirm5-v5profit50,reset_mark,2021-10-05,0.009205595609327256
full5y,P-confirm5-v5profit50,reset_mark,2021-10-06,-0.0007764896038820135
full5y,P-confirm5-v5profit50,reset_mark,2021-10-07,0.011181380885228631
full5y,P-confirm5-v5profit50,reset_mark,2021-10-08,0.0029398124201407637
full5y,P-confirm5-v5profit50,reset_mark,2021-10-11,-0.0012529385458969421
full5y,P-confirm5-v5profit50,reset_mark,2021-10-12,-0.0017072749981464686
full5y,P-confirm5-v5profit50,reset_mark,2021-10-13,0.006244370175751723
full5y,P-confirm5-v5profit50,reset_mark,2021-10-14,-0.000589791987276822
full5y,P-confirm5-v5profit50,reset_mark,2021-10-15,0.0020691899262901712
full5y,P-confirm5-v5profit50,reset_mark,2021-10-18,0.0033573012360781362
full5y,P-confirm5-v5profit50,reset_mark,2021-10-19,0.008402746122033223
full5y,P-confirm5-v5profit50,reset_mark,2021-10-20,-0.000991628484246798
full5y,P-confirm5-v5profit50,reset_mark,2021-10-21,0.0039391448255510775
full5y,P-confirm5-v5profit50,reset_mark,2021-10-22,0.0020130473585447508
full5y,P-confirm5-v5profit50,reset_mark,2021-10-25,0.0019687839883497428
full5y,P-confirm5-v5profit50,reset_mark,2021-10-26,-0.006635583217066454
full5y,P-confirm5-v5profit50,reset_mark,2021-10-27,-0.003877928165077882
full5y,P-confirm5-v5profit50,reset_mark,2021-10-28,0.0017880670476427385
full5y,P-confirm5-v5profit50,reset_mark,2021-10-29,-0.00563973434808559
full5y,P-confirm5-v5profit50,reset_mark,2021-11-01,-0.0012585151156275342
full5y,P-confirm5-v5profit50,reset_mark,2021-11-02,0.0
full5y,P-confirm5-v5profit50,reset_mark,2021-11-03,0.0
full5y,P-confirm5-v5profit50,reset_mark,2021-11-04,0.0
full5y,P-confirm5-v5profit50,reset_mark,2021-11-05,0.0
full5y,P-confirm5-v5profit50,reset_mark,2021-11-08,0.0
full5y,P-confirm5-v5profit50,reset_mark,2021-11-09,0.0
full5y,P-confirm5-v5profit50,reset_mark,2021-11-10,0.0
full5y,P-confirm5-v5profit50,reset_mark,2021-11-11,0.0
full5y,P-confirm5-v5profit50,reset_mark,2021-11-12,0.0
full5y,P-confirm5-v5profit50,reset_mark,2021-11-15,0.0
full5y,P-confirm5-v5profit50,reset_mark,2021-11-16,0.0
full5y,P-confirm5-v5profit50,reset_mark,2021-11-17,0.0001446807529615457
full5y,P-confirm5-v5profit50,reset_mark,2021-11-18,-0.001398018270000645
full5y,P-confirm5-v5profit50,reset_mark,2021-11-19,-0.00047213602117285314
full5y,P-confirm5-v5profit50,reset_mark,2021-11-22,-0.0034567254677347224
full5y,P-confirm5-v5profit50,reset_mark,2021-11-23,-0.004915026211506801
full5y,P-confirm5-v5profit50,reset_mark,2021-11-24,0.0011317999999726602
full5y,P-confirm5-v5profit50,reset_mark,2021-11-26,-0.003053759503108211
full5y,P-confirm5-v5profit50,reset_mark,2021-11-29,0.0016608423964827646
full5y,P-confirm5-v5profit50,reset_mark,2021-11-30,0.0
full5y,P-confirm5-v5profit50,reset_mark,2021-12-01,0.0
full5y,P-confirm5-v5profit50,reset_mark,2021-12-02,0.0
full5y,P-confirm5-v5profit50,reset_mark,2021-12-03,0.0
full5y,P-confirm5-v5profit50,reset_mark,2021-12-06,0.0
full5y,P-confirm5-v5profit50,reset_mark,2021-12-07,0.0
full5y,P-confirm5-v5profit50,reset_mark,2021-12-08,0.0
full5y,P-confirm5-v5profit50,reset_mark,2021-12-09,-0.0024435980224609467
full5y,P-confirm5-v5profit50,reset_mark,2021-12-10,0.002745483977933971
full5y,P-confirm5-v5profit50,reset_mark,2021-12-13,-0.0046681357149386486
full5y,P-confirm5-v5profit50,reset_mark,2021-12-14,-0.000935265328570345
full5y,P-confirm5-v5profit50,reset_mark,2021-12-15,0.0027780918610421424
full5y,P-confirm5-v5profit50,reset_mark,2021-12-16,-0.009812950466482628
full5y,P-confirm5-v5profit50,reset_mark,2021-12-17,0.0022616700527611
full5y,P-confirm5-v5profit50,reset_mark,2021-12-20,-0.0003791349859946669
full5y,P-confirm5-v5profit50,reset_mark,2021-12-21,0.0071737093287165266
full5y,P-confirm5-v5profit50,reset_mark,2021-12-22,0.0009244120149909607
full5y,P-confirm5-v5profit50,reset_mark,2021-12-23,-0.0024797555798548587
full5y,P-confirm5-v5profit50,reset_mark,2021-12-27,0.0007931931172296513
full5y,P-confirm5-v5profit50,reset_mark,2021-12-28,-0.0033552083542858656
full5y,P-confirm5-v5profit50,reset_mark,2021-12-29,0.0011846666076972268
full5y,P-confirm5-v5profit50,reset_mark,2021-12-30,-0.0010400588771790065
full5y,P-confirm5-v5profit50,reset_mark,2021-12-31,-0.0017197274534627382
full5y,P-confirm5-v5profit50,reset_mark,2022-01-03,-0.0022297665388189116
full5y,P-confirm5-v5profit50,reset_mark,2022-01-04,-0.010258536520358496
full5y,P-confirm5-v5profit50,reset_mark,2022-01-05,-0.011631776763448254
full5y,P-confirm5-v5profit50,reset_mark,2022-01-06,0.0045405895165822165
full5y,P-confirm5-v5profit50,reset_mark,2022-01-07,0.006002550146946217
full5y,P-confirm5-v5profit50,reset_mark,2022-01-10,0.00024096017860506525
full5y,P-confirm5-v5profit50,reset_mark,2022-01-11,0.007477601512437149
full5y,P-confirm5-v5profit50,reset_mark,2022-01-12,0.0072564849679140455
full5y,P-confirm5-v5profit50,reset_mark,2022-01-13,-0.012702731760111663
full5y,P-confirm5-v5profit50,reset_mark,2022-01-14,0.0008408197752745372
full5y,P-confirm5-v5profit50,reset_mark,2022-01-18,-0.012593994692962195
full5y,P-confirm5-v5profit50,reset_mark,2022-01-19,-0.005386563549346091
full5y,P-confirm5-v5profit50,reset_mark,2022-01-20,0.009419226802286995
full5y,P-confirm5-v5profit50,reset_mark,2022-01-21,-0.005734410955871771
full5y,P-confirm5-v5profit50,reset_mark,2022-01-24,-0.004258051258785023
full5y,P-confirm5-v5profit50,reset_mark,2022-01-25,-0.006760593784593294
full5y,P-confirm5-v5profit50,reset_mark,2022-01-26,-0.004868637081682614
full5y,P-confirm5-v5profit50,reset_mark,2022-01-27,-0.010129021452757302
full5y,P-confirm5-v5profit50,reset_mark,2022-01-28,0.014251162311491372
full5y,P-confirm5-v5profit50,reset_mark,2022-01-31,0.025843541452979645
full5y,P-confirm5-v5profit50,reset_mark,2022-02-01,0.0046141102782761845
full5y,P-confirm5-v5profit50,reset_mark,2022-02-02,-0.006727646445012558
full5y,P-confirm5-v5profit50,reset_mark,2022-02-03,-0.027474183795001862
full5y,P-confirm5-v5profit50,reset_mark,2022-02-04,0.01534430879365083
full5y,P-confirm5-v5profit50,reset_mark,2022-02-07,-0.0009226527250840166
full5y,P-confirm5-v5profit50,reset_mark,2022-02-08,0.003323160821832538
full5y,P-confirm5-v5profit50,reset_mark,2022-02-09,0.019527828679434013
full5y,P-confirm5-v5profit50,reset_mark,2022-02-10,-0.013504781667255616
full5y,P-confirm5-v5profit50,reset_mark,2022-02-11,-0.023627758533892318
full5y,P-confirm5-v5profit50,reset_mark,2022-02-14,-0.003242085706821718
full5y,P-confirm5-v5profit50,reset_mark,2022-02-15,0.016764250887556686
full5y,P-confirm5-v5profit50,reset_mark,2022-02-16,0.014018979586114432
full5y,P-confirm5-v5profit50,reset_mark,2022-02-17,-0.021248117879413265
full5y,P-confirm5-v5profit50,reset_mark,2022-02-18,-0.0028339848502002885
full5y,P-confirm5-v5profit50,reset_mark,2022-02-22,-0.013308254226869065
full5y,P-confirm5-v5profit50,reset_mark,2022-02-23,-0.013707759440092327
full5y,P-confirm5-v5profit50,reset_mark,2022-02-24,0.029941634022192853
full5y,P-confirm5-v5profit50,reset_mark,2022-02-25,-0.008994145637484519
full5y,P-confirm5-v5profit50,reset_mark,2022-02-28,0.006219379688044502
full5y,P-confirm5-v5profit50,reset_mark,2022-03-01,-0.010564988226539184
full5y,P-confirm5-v5profit50,reset_mark,2022-03-02,0.005731666331558772
full5y,P-confirm5-v5profit50,reset_mark,2022-03-03,-0.022249341515597088
full5y,P-confirm5-v5profit50,reset_mark,2022-03-04,-0.0185279096389775
full5y,P-confirm5-v5profit50,reset_mark,2022-03-07,-0.04146222825299241
full5y,P-confirm5-v5profit50,reset_mark,2022-03-08,0.0011497043754050695
full5y,P-confirm5-v5profit50,reset_mark,2022-03-09,0.03467102463460836
full5y,P-confirm5-v5profit50,reset_mark,2022-03-10,-0.009457900339569957
full5y,P-confirm5-v5profit50,reset_mark,2022-03-11,-0.016137702445318137
full5y,P-confirm5-v5profit50,reset_mark,2022-03-14,-0.005226128649590267
full5y,P-confirm5-v5profit50,reset_mark,2022-03-15,0.012219014026115915
full5y,P-confirm5-v5profit50,reset_mark,2022-03-16,0.04658501131525587
full5y,P-confirm5-v5profit50,reset_mark,2022-03-17,-0.00035237869298268
full5y,P-confirm5-v5profit50,reset_mark,2022-03-18,0.021392510421130793
full5y,P-confirm5-v5profit50,reset_mark,2022-03-21,-0.005116046558045107
full5y,P-confirm5-v5profit50,reset_mark,2022-03-22,0.024406438077364378
full5y,P-confirm5-v5profit50,reset_mark,2022-03-23,-0.007613696109842716
full5y,P-confirm5-v5profit50,reset_mark,2022-03-24,0.008335451984381658
full5y,P-confirm5-v5profit50,reset_mark,2022-03-25,-0.011458270358417432
full5y,P-confirm5-v5profit50,reset_mark,2022-03-28,0.01828108554998593
full5y,P-confirm5-v5profit50,reset_mark,2022-03-29,0.004568630320539113
full5y,P-confirm5-v5profit50,reset_mark,2022-03-30,-0.0047513845257100675
full5y,P-confirm5-v5profit50,reset_mark,2022-03-31,-0.006368497805121265
full5y,P-confirm5-v5profit50,reset_mark,2022-04-01,0.004266384302801818
full5y,P-confirm5-v5profit50,reset_mark,2022-04-04,0.012151976111005647
full5y,P-confirm5-v5profit50,reset_mark,2022-04-05,-0.013556070452555602
full5y,P-confirm5-v5profit50,reset_mark,2022-04-06,-0.017311095063024064
full5y,P-confirm5-v5profit50,reset_mark,2022-04-07,0.0012870905705439028
full5y,P-confirm5-v5profit50,reset_mark,2022-04-08,-0.00637900980274062
full5y,P-confirm5-v5profit50,reset_mark,2022-04-11,-0.012125119461478017
full5y,P-confirm5-v5profit50,reset_mark,2022-04-12,0.00013966284747410907
full5y,P-confirm5-v5profit50,reset_mark,2022-04-13,0.003677749172649647
full5y,P-confirm5-v5profit50,reset_mark,2022-04-14,-0.005144265358011291
full5y,P-confirm5-v5profit50,reset_mark,2022-04-18,0.000993438653492018
full5y,P-confirm5-v5profit50,reset_mark,2022-04-19,0.0035308641123584115
full5y,P-confirm5-v5profit50,reset_mark,2022-04-20,-0.0011429798410952264
full5y,P-confirm5-v5profit50,reset_mark,2022-04-21,-0.004457246077440502
full5y,P-confirm5-v5profit50,reset_mark,2022-04-22,-0.00656380188422383
full5y,P-confirm5-v5profit50,reset_mark,2022-04-25,0.005315485916980234
full5y,P-confirm5-v5profit50,reset_mark,2022-04-26,-0.007334964030315738
full5y,P-confirm5-v5profit50,reset_mark,2022-04-27,0.0011400147275324678
full5y,P-confirm5-v5profit50,reset_mark,2022-04-28,0.004016697896795196
full5y,P-confirm5-v5profit50,reset_mark,2022-04-29,-0.004181202107854975
full5y,P-confirm5-v5profit50,reset_mark,2022-05-02,0.0025043285104370703
full5y,P-confirm5-v5profit50,reset_mark,2022-05-03,-0.0009456190212897897
full5y,P-confirm5-v5profit50,reset_mark,2022-05-04,0.0029100760318527376
full5y,P-confirm5-v5profit50,reset_mark,2022-05-05,-0.004355474310057861
full5y,P-confirm5-v5profit50,reset_mark,2022-05-06,-0.0009446529870309917
full5y,P-confirm5-v5profit50,reset_mark,2022-05-09,-0.003694545192795706
full5y,P-confirm5-v5profit50,reset_mark,2022-05-10,0.001859556155956854
full5y,P-confirm5-v5profit50,reset_mark,2022-05-11,-0.003320969279046848
full5y,P-confirm5-v5profit50,reset_mark,2022-05-12,-0.0019957712274333295
full5y,P-confirm5-v5profit50,reset_mark,2022-05-13,0.002259639269925384
full5y,P-confirm5-v5profit50,reset_mark,2022-05-16,0.00014552883345526625
full5y,P-confirm5-v5profit50,reset_mark,2022-05-17,0.0020344196268522905
full5y,P-confirm5-v5profit50,reset_mark,2022-05-18,-0.004774756443838712
full5y,P-confirm5-v5profit50,reset_mark,2022-05-19,-0.0003699631748394383
full5y,P-confirm5-v5profit50,reset_mark,2022-05-20,-0.0002291229487450197
full5y,P-confirm5-v5profit50,reset_mark,2022-05-23,0.0032031978207529787
full5y,P-confirm5-v5profit50,reset_mark,2022-05-24,-0.0003951654722485598
full5y,P-confirm5-v5profit50,reset_mark,2022-05-25,0.0011170148490201592
full5y,P-confirm5-v5profit50,reset_mark,2022-05-26,0.0012875228646442194
full5y,P-confirm5-v5profit50,reset_mark,2022-05-27,0.004230405315745212
full5y,P-confirm5-v5profit50,reset_mark,2022-05-31,-0.0022410564676105917
full5y,P-confirm5-v5profit50,reset_mark,2022-06-01,-0.0009727788078103927
full5y,P-confirm5-v5profit50,reset_mark,2022-06-02,0.010376715233526502
full5y,P-confirm5-v5profit50,reset_mark,2022-06-03,-0.0077515722947543945
full5y,P-confirm5-v5profit50,reset_mark,2022-06-06,-0.0018183517409254835
full5y,P-confirm5-v5profit50,reset_mark,2022-06-07,0.003886164016552196
full5y,P-confirm5-v5profit50,reset_mark,2022-06-08,0.002516598116985047
full5y,P-confirm5-v5profit50,reset_mark,2022-06-09,-0.0038043777179320613
full5y,P-confirm5-v5profit50,reset_mark,2022-06-10,-0.012570149267352526
full5y,P-confirm5-v5profit50,reset_mark,2022-06-13,-0.011691037842629282
full5y,P-confirm5-v5profit50,reset_mark,2022-06-14,0.0010628783985076496
full5y,P-confirm5-v5profit50,reset_mark,2022-06-15,0.007613943935911194
full5y,P-confirm5-v5profit50,reset_mark,2022-06-16,-0.011669314779698504
full5y,P-confirm5-v5profit50,reset_mark,2022-06-17,0.008076800467508628
full5y,P-confirm5-v5profit50,reset_mark,2022-06-21,0.010190001005630767
full5y,P-confirm5-v5profit50,reset_mark,2022-06-22,0.003564246878155686
full5y,P-confirm5-v5profit50,reset_mark,2022-06-23,0.016648127278401658
full5y,P-confirm5-v5profit50,reset_mark,2022-06-24,0.01634548173718735
full5y,P-confirm5-v5profit50,reset_mark,2022-06-27,-0.0045894256975792195
full5y,P-confirm5-v5profit50,reset_mark,2022-06-28,-0.012077410817883782
full5y,P-confirm5-v5profit50,reset_mark,2022-06-29,-0.0008089224699414643
full5y,P-confirm5-v5profit50,reset_mark,2022-06-30,-0.0027756423509651797
full5y,P-confirm5-v5profit50,reset_mark,2022-07-01,0.003933554808526663
full5y,P-confirm5-v5profit50,reset_mark,2022-07-05,0.007174977655000791
full5y,P-confirm5-v5profit50,reset_mark,2022-07-06,-0.0005810160955111443
full5y,P-confirm5-v5profit50,reset_mark,2022-07-07,0.0032922125481939847
full5y,P-confirm5-v5profit50,reset_mark,2022-07-08,0.0003834697450659119
full5y,P-confirm5-v5profit50,reset_mark,2022-07-11,-0.002680360079917532
full5y,P-confirm5-v5profit50,reset_mark,2022-07-12,-0.006415702453208838
full5y,P-confirm5-v5profit50,reset_mark,2022-07-13,0.0028673682443420834
full5y,P-confirm5-v5profit50,reset_mark,2022-07-14,-0.0022727332998374373
full5y,P-confirm5-v5profit50,reset_mark,2022-07-15,0.0011969904490624073
full5y,P-confirm5-v5profit50,reset_mark,2022-07-18,-0.0010003350848711624
full5y,P-confirm5-v5profit50,reset_mark,2022-07-19,-6.823586231052836e-06
full5y,P-confirm5-v5profit50,reset_mark,2022-07-20,0.007128217058608599
full5y,P-confirm5-v5profit50,reset_mark,2022-07-21,0.0005290005502500472
full5y,P-confirm5-v5profit50,reset_mark,2022-07-22,-0.009345077432092685
full5y,P-confirm5-v5profit50,reset_mark,2022-07-25,-0.001490317792362017
full5y,P-confirm5-v5profit50,reset_mark,2022-07-26,0.0
full5y,P-confirm5-v5profit50,reset_mark,2022-07-27,0.0
full5y,P-confirm5-v5profit50,reset_mark,2022-07-28,0.0
full5y,P-confirm5-v5profit50,reset_mark,2022-07-29,0.0
full5y,P-confirm5-v5profit50,reset_mark,2022-08-01,0.0
full5y,P-confirm5-v5profit50,reset_mark,2022-08-02,0.0
full5y,P-confirm5-v5profit50,reset_mark,2022-08-03,0.0
full5y,P-confirm5-v5profit50,reset_mark,2022-08-04,0.0
full5y,P-confirm5-v5profit50,reset_mark,2022-08-05,0.0
full5y,P-confirm5-v5profit50,reset_mark,2022-08-08,0.0
full5y,P-confirm5-v5profit50,reset_mark,2022-08-09,0.0
full5y,P-confirm5-v5profit50,reset_mark,2022-08-10,0.0
full5y,P-confirm5-v5profit50,reset_mark,2022-08-11,0.0
full5y,P-confirm5-v5profit50,reset_mark,2022-08-12,0.005200307507449775
full5y,P-confirm5-v5profit50,reset_mark,2022-08-15,-0.001414259168114973
full5y,P-confirm5-v5profit50,reset_mark,2022-08-16,-0.003377158650139811
full5y,P-confirm5-v5profit50,reset_mark,2022-08-17,-0.000603165785577442
full5y,P-confirm5-v5profit50,reset_mark,2022-08-18,-0.003485293263993339
full5y,P-confirm5-v5profit50,reset_mark,2022-08-19,-0.001676603452033576
full5y,P-confirm5-v5profit50,reset_mark,2022-08-22,0.0020823030137983923
full5y,P-confirm5-v5profit50,reset_mark,2022-08-23,-0.0003051696624335909
full5y,P-confirm5-v5profit50,reset_mark,2022-08-24,0.001224427485044499
full5y,P-confirm5-v5profit50,reset_mark,2022-08-25,0.014833677261199241
full5y,P-confirm5-v5profit50,reset_mark,2022-08-26,-0.0023977869997869328
full5y,P-confirm5-v5profit50,reset_mark,2022-08-29,-0.0028969056639751023
full5y,P-confirm5-v5profit50,reset_mark,2022-08-30,-0.008072531244201675
full5y,P-confirm5-v5profit50,reset_mark,2022-08-31,0.006315623897797673
full5y,P-confirm5-v5profit50,reset_mark,2022-09-01,-0.0034266060942455545
full5y,P-confirm5-v5profit50,reset_mark,2022-09-02,-0.006213204337382849
full5y,P-confirm5-v5profit50,reset_mark,2022-09-06,-0.005831817033679243
full5y,P-confirm5-v5profit50,reset_mark,2022-09-07,0.0002855810868112707
full5y,P-confirm5-v5profit50,reset_mark,2022-09-08,0.0
full5y,P-confirm5-v5profit50,reset_mark,2022-09-09,0.0
full5y,P-confirm5-v5profit50,reset_mark,2022-09-12,0.0
full5y,P-confirm5-v5profit50,reset_mark,2022-09-13,0.0
full5y,P-confirm5-v5profit50,reset_mark,2022-09-14,0.0
full5y,P-confirm5-v5profit50,reset_mark,2022-09-15,0.0
full5y,P-confirm5-v5profit50,reset_mark,2022-09-16,0.0
full5y,P-confirm5-v5profit50,reset_mark,2022-09-19,0.0
full5y,P-confirm5-v5profit50,reset_mark,2022-09-20,0.0
full5y,P-confirm5-v5profit50,reset_mark,2022-09-21,0.0
full5y,P-confirm5-v5profit50,reset_mark,2022-09-22,0.0
full5y,P-confirm5-v5profit50,reset_mark,2022-09-23,0.0
full5y,P-confirm5-v5profit50,reset_mark,2022-09-26,0.0
full5y,P-confirm5-v5profit50,reset_mark,2022-09-27,0.0
full5y,P-confirm5-v5profit50,reset_mark,2022-09-28,0.0
full5y,P-confirm5-v5profit50,reset_mark,2022-09-29,0.0
full5y,P-confirm5-v5profit50,reset_mark,2022-09-30,0.0
full5y,P-confirm5-v5profit50,reset_mark,2022-10-03,0.0
full5y,P-confirm5-v5profit50,reset_mark,2022-10-04,0.0
full5y,P-confirm5-v5profit50,reset_mark,2022-10-05,0.0
full5y,P-confirm5-v5profit50,reset_mark,2022-10-06,0.0
full5y,P-confirm5-v5profit50,reset_mark,2022-10-07,0.0
full5y,P-confirm5-v5profit50,reset_mark,2022-10-10,0.0
full5y,P-confirm5-v5profit50,reset_mark,2022-10-11,0.0
full5y,P-confirm5-v5profit50,reset_mark,2022-10-12,0.0
full5y,P-confirm5-v5profit50,reset_mark,2022-10-13,0.0
full5y,P-confirm5-v5profit50,reset_mark,2022-10-14,-0.01972387435530636
full5y,P-confirm5-v5profit50,reset_mark,2022-10-17,0.01854862160336328
full5y,P-confirm5-v5profit50,reset_mark,2022-10-18,0.00038029517838921166
full5y,P-confirm5-v5profit50,reset_mark,2022-10-19,-0.013982344413236803
full5y,P-confirm5-v5profit50,reset_mark,2022-10-20,-0.00047175495461944107
full5y,P-confirm5-v5profit50,reset_mark,2022-10-21,0.008834612356483928
full5y,P-confirm5-v5profit50,reset_mark,2022-10-24,-0.0263638490808474
full5y,P-confirm5-v5profit50,reset_mark,2022-10-25,0.012414322686174817
full5y,P-confirm5-v5profit50,reset_mark,2022-10-26,-0.006607509486069763
full5y,P-confirm5-v5profit50,reset_mark,2022-10-27,-0.005508077581122239
full5y,P-confirm5-v5profit50,reset_mark,2022-10-28,0.00904521263568434
full5y,P-confirm5-v5profit50,reset_mark,2022-10-31,-0.0034562372228127414
full5y,P-confirm5-v5profit50,reset_mark,2022-11-01,-0.0031026159952008635
full5y,P-confirm5-v5profit50,reset_mark,2022-11-02,-0.010344828946187823
full5y,P-confirm5-v5profit50,reset_mark,2022-11-03,-0.005769242612733561
full5y,P-confirm5-v5profit50,reset_mark,2022-11-04,0.005608576230622164
full5y,P-confirm5-v5profit50,reset_mark,2022-11-07,0.0
full5y,P-confirm5-v5profit50,reset_mark,2022-11-08,0.0017868800499873494
full5y,P-confirm5-v5profit50,reset_mark,2022-11-09,-0.011980775391914954
full5y,P-confirm5-v5profit50,reset_mark,2022-11-10,0.017706712260532508
full5y,P-confirm5-v5profit50,reset_mark,2022-11-11,0.022052318114762583
full5y,P-confirm5-v5profit50,reset_mark,2022-11-14,0.003627150716903249
full5y,P-confirm5-v5profit50,reset_mark,2022-11-15,0.022623063552984712
full5y,P-confirm5-v5profit50,reset_mark,2022-11-16,-0.013517658902956985
full5y,P-confirm5-v5profit50,reset_mark,2022-11-17,-0.0006640449971853868
full5y,P-confirm5-v5profit50,reset_mark,2022-11-18,-0.012768949341973302
full5y,P-confirm5-v5profit50,reset_mark,2022-11-21,-0.009172377567160018
full5y,P-confirm5-v5profit50,reset_mark,2022-11-22,-0.0008471442149169284
full5y,P-confirm5-v5profit50,reset_mark,2022-11-23,0.00643237510764294
full5y,P-confirm5-v5profit50,reset_mark,2022-11-25,-0.0032258803493833478
full5y,P-confirm5-v5profit50,reset_mark,2022-11-28,-0.004052541905729523
full5y,P-confirm5-v5profit50,reset_mark,2022-11-29,-0.0032716887405709327
full5y,P-confirm5-v5profit50,reset_mark,2022-11-30,0.013387658015124449
full5y,P-confirm5-v5profit50,reset_mark,2022-12-01,0.011533429077014157
full5y,P-confirm5-v5profit50,reset_mark,2022-12-02,-0.0016998179649078682
full5y,P-confirm5-v5profit50,reset_mark,2022-12-05,-0.015649757228278792
full5y,P-confirm5-v5profit50,reset_mark,2022-12-06,-0.002879417444050858
full5y,P-confirm5-v5profit50,reset_mark,2022-12-07,-0.0017810126923354485
full5y,P-confirm5-v5profit50,reset_mark,2022-12-08,0.004225349657375499
full5y,P-confirm5-v5profit50,reset_mark,2022-12-09,0.0033079765525869443
full5y,P-confirm5-v5profit50,reset_mark,2022-12-12,-0.01027809034588193
full5y,P-confirm5-v5profit50,reset_mark,2022-12-13,0.013001441927561374
full5y,P-confirm5-v5profit50,reset_mark,2022-12-14,-0.003494896366416822
full5y,P-confirm5-v5profit50,reset_mark,2022-12-15,-0.0038352387502257113
full5y,P-confirm5-v5profit50,reset_mark,2022-12-16,-0.004858919070880185
full5y,P-confirm5-v5profit50,reset_mark,2022-12-19,-0.003293329668611
full5y,P-confirm5-v5profit50,reset_mark,2022-12-20,-0.0058016498086379655
full5y,P-confirm5-v5profit50,reset_mark,2022-12-21,0.004939669187201301
full5y,P-confirm5-v5profit50,reset_mark,2022-12-22,-0.004347533139906301
full5y,P-confirm5-v5profit50,reset_mark,2022-12-23,-0.0013393101727003254
full5y,P-confirm5-v5profit50,reset_mark,2022-12-27,-0.0005271217830691399
full5y,P-confirm5-v5profit50,reset_mark,2022-12-28,0.00047909675408459585
full5y,P-confirm5-v5profit50,reset_mark,2022-12-29,0.0028608631456806368
full5y,P-confirm5-v5profit50,reset_mark,2022-12-30,0.0008147129958838261
full5y,P-confirm5-v5profit50,reset_mark,2023-01-03,-0.005601221723694727
full5y,P-confirm5-v5profit50,reset_mark,2023-01-04,0.003591880497852873
full5y,P-confirm5-v5profit50,reset_mark,2023-01-05,-0.0014343798684717467
full5y,P-confirm5-v5profit50,reset_mark,2023-01-06,0.0008275405745659103
full5y,P-confirm5-v5profit50,reset_mark,2023-01-09,0.0001805656823010704
full5y,P-confirm5-v5profit50,reset_mark,2023-01-10,0.0033262373170533043
full5y,P-confirm5-v5profit50,reset_mark,2023-01-11,0.0029971384931680055
full5y,P-confirm5-v5profit50,reset_mark,2023-01-12,-0.0017604070540971795
full5y,P-confirm5-v5profit50,reset_mark,2023-01-13,0.01136675731898984
full5y,P-confirm5-v5profit50,reset_mark,2023-01-17,-0.0006330293960829292
full5y,P-confirm5-v5profit50,reset_mark,2023-01-18,-0.016016017555292493
full5y,P-confirm5-v5profit50,reset_mark,2023-01-19,-0.008462074533997188
full5y,P-confirm5-v5profit50,reset_mark,2023-01-20,0.02918304949827414
full5y,P-confirm5-v5profit50,reset_mark,2023-01-23,0.02265457428313027
full5y,P-confirm5-v5profit50,reset_mark,2023-01-24,-0.003821392610944907
full5y,P-confirm5-v5profit50,reset_mark,2023-01-25,-0.0025085479684261334
full5y,P-confirm5-v5profit50,reset_mark,2023-01-26,0.02616609315218481
full5y,P-confirm5-v5profit50,reset_mark,2023-01-27,0.0159062918103986
full5y,P-confirm5-v5profit50,reset_mark,2023-01-30,-0.031919181335155936
full5y,P-confirm5-v5profit50,reset_mark,2023-01-31,0.0012127676873934013
full5y,P-confirm5-v5profit50,reset_mark,2023-02-01,0.009468775478351909
full5y,P-confirm5-v5profit50,reset_mark,2023-02-02,0.01154689445894439
full5y,P-confirm5-v5profit50,reset_mark,2023-02-03,-0.007381546098435565
full5y,P-confirm5-v5profit50,reset_mark,2023-02-06,0.0002441889851090728
full5y,P-confirm5-v5profit50,reset_mark,2023-02-07,0.0010525791279409225
full5y,P-confirm5-v5profit50,reset_mark,2023-02-08,0.002276304955598252
full5y,P-confirm5-v5profit50,reset_mark,2023-02-09,0.0029956849516678654
full5y,P-confirm5-v5profit50,reset_mark,2023-02-10,-0.005030873801899538
full5y,P-confirm5-v5profit50,reset_mark,2023-02-13,-0.0013532537087366902
full5y,P-confirm5-v5profit50,reset_mark,2023-02-14,0.0
full5y,P-confirm5-v5profit50,reset_mark,2023-02-15,0.0
full5y,P-confirm5-v5profit50,reset_mark,2023-02-16,0.0
full5y,P-confirm5-v5profit50,reset_mark,2023-02-17,0.0
full5y,P-confirm5-v5profit50,reset_mark,2023-02-21,0.0
full5y,P-confirm5-v5profit50,reset_mark,2023-02-22,0.0
full5y,P-confirm5-v5profit50,reset_mark,2023-02-23,0.0
full5y,P-confirm5-v5profit50,reset_mark,2023-02-24,0.0
full5y,P-confirm5-v5profit50,reset_mark,2023-02-27,0.0
full5y,P-confirm5-v5profit50,reset_mark,2023-02-28,0.0
full5y,P-confirm5-v5profit50,reset_mark,2023-03-01,0.0
full5y,P-confirm5-v5profit50,reset_mark,2023-03-02,0.0
full5y,P-confirm5-v5profit50,reset_mark,2023-03-03,0.0
full5y,P-confirm5-v5profit50,reset_mark,2023-03-06,0.0
full5y,P-confirm5-v5profit50,reset_mark,2023-03-07,0.0
full5y,P-confirm5-v5profit50,reset_mark,2023-03-08,0.0
full5y,P-confirm5-v5profit50,reset_mark,2023-03-09,0.0
full5y,P-confirm5-v5profit50,reset_mark,2023-03-10,0.0
full5y,P-confirm5-v5profit50,reset_mark,2023-03-13,0.0
full5y,P-confirm5-v5profit50,reset_mark,2023-03-14,0.0
full5y,P-confirm5-v5profit50,reset_mark,2023-03-15,0.0
full5y,P-confirm5-v5profit50,reset_mark,2023-03-16,0.0
full5y,P-confirm5-v5profit50,reset_mark,2023-03-17,0.0
full5y,P-confirm5-v5profit50,reset_mark,2023-03-20,0.0
full5y,P-confirm5-v5profit50,reset_mark,2023-03-21,0.0
full5y,P-confirm5-v5profit50,reset_mark,2023-03-22,0.0
full5y,P-confirm5-v5profit50,reset_mark,2023-03-23,0.0
full5y,P-confirm5-v5profit50,reset_mark,2023-03-24,0.0
full5y,P-confirm5-v5profit50,reset_mark,2023-03-27,-6.64577191686333e-05
full5y,P-confirm5-v5profit50,reset_mark,2023-03-28,-0.001263497725687812
full5y,P-confirm5-v5profit50,reset_mark,2023-03-29,0.003079334206671458
full5y,P-confirm5-v5profit50,reset_mark,2023-03-30,0.0073920104163430755
full5y,P-confirm5-v5profit50,reset_mark,2023-03-31,0.016590931268775734
full5y,P-confirm5-v5profit50,reset_mark,2023-04-03,0.004430369043533356
full5y,P-confirm5-v5profit50,reset_mark,2023-04-04,-0.0039327478801751805
full5y,P-confirm5-v5profit50,reset_mark,2023-04-05,-0.005793815079086373
full5y,P-confirm5-v5profit50,reset_mark,2023-04-06,0.0005396671100548533
full5y,P-confirm5-v5profit50,reset_mark,2023-04-10,0.003638115387587604
full5y,P-confirm5-v5profit50,reset_mark,2023-04-11,0.0024726074062450753
full5y,P-confirm5-v5profit50,reset_mark,2023-04-12,-0.0012457448431195894
full5y,P-confirm5-v5profit50,reset_mark,2023-04-13,0.001536166336011835
full5y,P-confirm5-v5profit50,reset_mark,2023-04-14,-0.007116514819488484
full5y,P-confirm5-v5profit50,reset_mark,2023-04-17,0.0015566284897158612
full5y,P-confirm5-v5profit50,reset_mark,2023-04-18,0.0007511612359413888
full5y,P-confirm5-v5profit50,reset_mark,2023-04-19,-0.0016438807103072773
full5y,P-confirm5-v5profit50,reset_mark,2023-04-20,-0.005467082096411169
full5y,P-confirm5-v5profit50,reset_mark,2023-04-21,0.0018071092101553665
full5y,P-confirm5-v5profit50,reset_mark,2023-04-24,0.0005004448311666909
full5y,P-confirm5-v5profit50,reset_mark,2023-04-25,-0.011440129911350672
full5y,P-confirm5-v5profit50,reset_mark,2023-04-26,0.0022630981852373886
full5y,P-confirm5-v5profit50,reset_mark,2023-04-27,0.0014634824270334467
full5y,P-confirm5-v5profit50,reset_mark,2023-04-28,0.0022200875083641103
full5y,P-confirm5-v5profit50,reset_mark,2023-05-01,-0.0023077591566806554
full5y,P-confirm5-v5profit50,reset_mark,2023-05-02,-0.004738528998127767
full5y,P-confirm5-v5profit50,reset_mark,2023-05-03,-0.0017489818905286447
full5y,P-confirm5-v5profit50,reset_mark,2023-05-04,-0.00032074367396977
full5y,P-confirm5-v5profit50,reset_mark,2023-05-05,0.004262559435918245
full5y,P-confirm5-v5profit50,reset_mark,2023-05-08,0.0019742248752856574
full5y,P-confirm5-v5profit50,reset_mark,2023-05-09,0.001339430248462059
full5y,P-confirm5-v5profit50,reset_mark,2023-05-10,0.005494955414782221
full5y,P-confirm5-v5profit50,reset_mark,2023-05-11,-0.00548742455562431
full5y,P-confirm5-v5profit50,reset_mark,2023-05-12,-0.0029497823368640264
full5y,P-confirm5-v5profit50,reset_mark,2023-05-15,-0.003976840381292257
full5y,P-confirm5-v5profit50,reset_mark,2023-05-16,0.005587458442052939
full5y,P-confirm5-v5profit50,reset_mark,2023-05-17,0.003163669701130578
full5y,P-confirm5-v5profit50,reset_mark,2023-05-18,0.011229999086305353
full5y,P-confirm5-v5profit50,reset_mark,2023-05-19,-0.003939361666062147
full5y,P-confirm5-v5profit50,reset_mark,2023-05-22,0.0031728976187817893
full5y,P-confirm5-v5profit50,reset_mark,2023-05-23,-0.006049753196017016
full5y,P-confirm5-v5profit50,reset_mark,2023-05-24,0.004367166584109872
full5y,P-confirm5-v5profit50,reset_mark,2023-05-25,0.0016742110622448348
full5y,P-confirm5-v5profit50,reset_mark,2023-05-26,0.016247590436893233
full5y,P-confirm5-v5profit50,reset_mark,2023-05-30,0.02426944691224666
full5y,P-confirm5-v5profit50,reset_mark,2023-05-31,-0.0037571298784773053
full5y,P-confirm5-v5profit50,reset_mark,2023-06-01,0.0028243017978595965
full5y,P-confirm5-v5profit50,reset_mark,2023-06-02,0.0029030141129136157
full5y,P-confirm5-v5profit50,reset_mark,2023-06-05,0.006846041084988897
full5y,P-confirm5-v5profit50,reset_mark,2023-06-06,0.015270880569484346
full5y,P-confirm5-v5profit50,reset_mark,2023-06-07,-0.01018311995470469
full5y,P-confirm5-v5profit50,reset_mark,2023-06-08,0.0207879183325288
full5y,P-confirm5-v5profit50,reset_mark,2023-06-09,0.003856858480145153
full5y,P-confirm5-v5profit50,reset_mark,2023-06-12,0.005707672865524582
full5y,P-confirm5-v5profit50,reset_mark,2023-06-13,0.015049103397405372
full5y,P-confirm5-v5profit50,reset_mark,2023-06-14,0.013690924054684372
full5y,P-confirm5-v5profit50,reset_mark,2023-06-15,0.03121401698843691
full5y,P-confirm5-v5profit50,reset_mark,2023-06-16,0.001978598941807608
full5y,P-confirm5-v5profit50,reset_mark,2023-06-20,-0.008906556504544094
full5y,P-confirm5-v5profit50,reset_mark,2023-06-21,-0.02915700994139687
full5y,P-confirm5-v5profit50,reset_mark,2023-06-22,0.016996778563676863
full5y,P-confirm5-v5profit50,reset_mark,2023-06-23,-0.001212049437432361
full5y,P-confirm5-v5profit50,reset_mark,2023-06-26,-0.008539960393055712
full5y,P-confirm5-v5profit50,reset_mark,2023-06-27,0.00631838604810282
full5y,P-confirm5-v5profit50,reset_mark,2023-06-28,0.007300269725369235
full5y,P-confirm5-v5profit50,reset_mark,2023-06-29,-0.005005326175037894
full5y,P-confirm5-v5profit50,reset_mark,2023-06-30,0.004618578948544538
full5y,P-confirm5-v5profit50,reset_mark,2023-07-03,4.079003469219522e-05
full5y,P-confirm5-v5profit50,reset_mark,2023-07-05,-0.00016556838227712589
full5y,P-confirm5-v5profit50,reset_mark,2023-07-06,-0.0006606514856712153
full5y,P-confirm5-v5profit50,reset_mark,2023-07-07,-0.0013553607759072771
full5y,P-confirm5-v5profit50,reset_mark,2023-07-10,-0.0007743545285504138
full5y,P-confirm5-v5profit50,reset_mark,2023-07-11,-0.00014671850152855325
full5y,P-confirm5-v5profit50,reset_mark,2023-07-12,0.002294996432037233
full5y,P-confirm5-v5profit50,reset_mark,2023-07-13,0.0030447283672450976
full5y,P-confirm5-v5profit50,reset_mark,2023-07-14,-0.001127696997732086
full5y,P-confirm5-v5profit50,reset_mark,2023-07-17,0.001983938350837988
full5y,P-confirm5-v5profit50,reset_mark,2023-07-18,0.009479363687843434
full5y,P-confirm5-v5profit50,reset_mark,2023-07-19,-0.0040767632155372935
full5y,P-confirm5-v5profit50,reset_mark,2023-07-20,-0.01564089447850403
full5y,P-confirm5-v5profit50,reset_mark,2023-07-21,-0.001930162428612625
full5y,P-confirm5-v5profit50,reset_mark,2023-07-24,0.0005933074336978983
full5y,P-confirm5-v5profit50,reset_mark,2023-07-25,0.0015445044848097945
full5y,P-confirm5-v5profit50,reset_mark,2023-07-26,-0.00493981640265192
full5y,P-confirm5-v5profit50,reset_mark,2023-07-27,-0.004334824781887137
full5y,P-confirm5-v5profit50,reset_mark,2023-07-28,0.0027910052032474875
full5y,P-confirm5-v5profit50,reset_mark,2023-07-31,-0.0007240540605867318
full5y,P-confirm5-v5profit50,reset_mark,2023-08-01,0.00012502467652069081
full5y,P-confirm5-v5profit50,reset_mark,2023-08-02,-0.00262829173875887
full5y,P-confirm5-v5profit50,reset_mark,2023-08-03,-0.00025648743141698516
full5y,P-confirm5-v5profit50,reset_mark,2023-08-04,0.00034286264147171953
full5y,P-confirm5-v5profit50,reset_mark,2023-08-07,0.0007108385444331011
full5y,P-confirm5-v5profit50,reset_mark,2023-08-08,0.0034804211269733208
full5y,P-confirm5-v5profit50,reset_mark,2023-08-09,-0.0014176935596923678
full5y,P-confirm5-v5profit50,reset_mark,2023-08-10,0.018967228485147602
full5y,P-confirm5-v5profit50,reset_mark,2023-08-11,-0.014791221846421343
full5y,P-confirm5-v5profit50,reset_mark,2023-08-14,0.02071790463188412
full5y,P-confirm5-v5profit50,reset_mark,2023-08-15,-0.0010096920951715438
full5y,P-confirm5-v5profit50,reset_mark,2023-08-16,-0.012353544703046703
full5y,P-confirm5-v5profit50,reset_mark,2023-08-17,-0.0018660786412446951
full5y,P-confirm5-v5profit50,reset_mark,2023-08-18,-0.005269149321958833
full5y,P-confirm5-v5profit50,reset_mark,2023-08-21,0.03164045184661424
full5y,P-confirm5-v5profit50,reset_mark,2023-08-22,0.0050845513548252175
full5y,P-confirm5-v5profit50,reset_mark,2023-08-23,-0.0002320849874111075
full5y,P-confirm5-v5profit50,reset_mark,2023-08-24,-0.012672301399263864
full5y,P-confirm5-v5profit50,reset_mark,2023-08-25,-0.007505390547851276
full5y,P-confirm5-v5profit50,reset_mark,2023-08-28,0.001766454478190005
full5y,P-confirm5-v5profit50,reset_mark,2023-08-29,0.012065025273645369
full5y,P-confirm5-v5profit50,reset_mark,2023-08-30,0.009317459598982492
full5y,P-confirm5-v5profit50,reset_mark,2023-08-31,-0.012670864965260853
full5y,P-confirm5-v5profit50,reset_mark,2023-09-01,-6.094574147742504e-05
full5y,P-confirm5-v5profit50,reset_mark,2023-09-05,-0.006911624833842678
full5y,P-confirm5-v5profit50,reset_mark,2023-09-06,-0.003475717234627507
full5y,P-confirm5-v5profit50,reset_mark,2023-09-07,0.001296528559530341
full5y,P-confirm5-v5profit50,reset_mark,2023-09-08,0.005316900771062882
full5y,P-confirm5-v5profit50,reset_mark,2023-09-11,0.0023274035452743314
full5y,P-confirm5-v5profit50,reset_mark,2023-09-12,-0.00547177818040343
full5y,P-confirm5-v5profit50,reset_mark,2023-09-13,0.0045954110885378045
full5y,P-confirm5-v5profit50,reset_mark,2023-09-14,0.0042611450780753015
full5y,P-confirm5-v5profit50,reset_mark,2023-09-15,-0.0017824396757769368
full5y,P-confirm5-v5profit50,reset_mark,2023-09-18,-0.009472320835395887
full5y,P-confirm5-v5profit50,reset_mark,2023-09-19,0.0011898821303599205
full5y,P-confirm5-v5profit50,reset_mark,2023-09-20,-0.009214905682685426
full5y,P-confirm5-v5profit50,reset_mark,2023-09-21,-0.012093343033670257
full5y,P-confirm5-v5profit50,reset_mark,2023-09-22,-0.0007241996687502139
full5y,P-confirm5-v5profit50,reset_mark,2023-09-25,-0.0009659999890538007
full5y,P-confirm5-v5profit50,reset_mark,2023-09-26,-0.00548524674612001
full5y,P-confirm5-v5profit50,reset_mark,2023-09-27,0.0034053773001755383
full5y,P-confirm5-v5profit50,reset_mark,2023-09-28,0.0029110633181158585
full5y,P-confirm5-v5profit50,reset_mark,2023-09-29,0.004776467071601886
full5y,P-confirm5-v5profit50,reset_mark,2023-10-02,0.0008880986732445417
full5y,P-confirm5-v5profit50,reset_mark,2023-10-03,-0.004410432728773062
full5y,P-confirm5-v5profit50,reset_mark,2023-10-04,0.005052601525744604
full5y,P-confirm5-v5profit50,reset_mark,2023-10-05,-0.002237187074299374
full5y,P-confirm5-v5profit50,reset_mark,2023-10-06,0.009813358629735069
full5y,P-confirm5-v5profit50,reset_mark,2023-10-09,-1.8689650547065727e-05
full5y,P-confirm5-v5profit50,reset_mark,2023-10-10,0.004165833633644677
full5y,P-confirm5-v5profit50,reset_mark,2023-10-11,0.0020081296607807886
full5y,P-confirm5-v5profit50,reset_mark,2023-10-12,-0.01201600888262606
full5y,P-confirm5-v5profit50,reset_mark,2023-10-13,-0.01129902845748586
full5y,P-confirm5-v5profit50,reset_mark,2023-10-16,0.0036713091377891583
full5y,P-confirm5-v5profit50,reset_mark,2023-10-17,-0.006892092131124494
full5y,P-confirm5-v5profit50,reset_mark,2023-10-18,-0.013868754299939811
full5y,P-confirm5-v5profit50,reset_mark,2023-10-19,-0.007161651382923173
full5y,P-confirm5-v5profit50,reset_mark,2023-10-20,-0.015934589294816837
full5y,P-confirm5-v5profit50,reset_mark,2023-10-23,0.004654423040024747
full5y,P-confirm5-v5profit50,reset_mark,2023-10-24,0.014282271564911464
full5y,P-confirm5-v5profit50,reset_mark,2023-10-25,-0.017058294457931354
full5y,P-confirm5-v5profit50,reset_mark,2023-10-26,-0.012312481092478478
full5y,P-confirm5-v5profit50,reset_mark,2023-10-27,0.003926203858021837
full5y,P-confirm5-v5profit50,reset_mark,2023-10-30,0.00906585734619143
full5y,P-confirm5-v5profit50,reset_mark,2023-10-31,-0.0028814658563175665
full5y,P-confirm5-v5profit50,reset_mark,2023-11-01,0.0023903253127536273
full5y,P-confirm5-v5profit50,reset_mark,2023-11-02,0.003981598549211563
full5y,P-confirm5-v5profit50,reset_mark,2023-11-03,0.021106395846708793
full5y,P-confirm5-v5profit50,reset_mark,2023-11-06,-0.008529670062336426
full5y,P-confirm5-v5profit50,reset_mark,2023-11-07,0.012980536216957439
full5y,P-confirm5-v5profit50,reset_mark,2023-11-08,-0.004824487688821178
full5y,P-confirm5-v5profit50,reset_mark,2023-11-09,-0.00930346785317725
full5y,P-confirm5-v5profit50,reset_mark,2023-11-10,0.007932377670386782
full5y,P-confirm5-v5profit50,reset_mark,2023-11-13,0.0014310090600975212
full5y,P-confirm5-v5profit50,reset_mark,2023-11-14,0.018272982840863074
full5y,P-confirm5-v5profit50,reset_mark,2023-11-15,0.011336916329258973
full5y,P-confirm5-v5profit50,reset_mark,2023-11-16,-0.010205317694008875
full5y,P-confirm5-v5profit50,reset_mark,2023-11-17,-0.0016890077171754613
full5y,P-confirm5-v5profit50,reset_mark,2023-11-20,0.016607645292886296
full5y,P-confirm5-v5profit50,reset_mark,2023-11-21,-0.009026366402940944
full5y,P-confirm5-v5profit50,reset_mark,2023-11-22,0.005627894421108559
full5y,P-confirm5-v5profit50,reset_mark,2023-11-24,0.0029606205307447842
full5y,P-confirm5-v5profit50,reset_mark,2023-11-27,-0.005509087578491801
full5y,P-confirm5-v5profit50,reset_mark,2023-11-28,-0.001029640135493759
full5y,P-confirm5-v5profit50,reset_mark,2023-11-29,-0.0057246125961150866
full5y,P-confirm5-v5profit50,reset_mark,2023-11-30,0.005627654063425402
full5y,P-confirm5-v5profit50,reset_mark,2023-12-01,-0.0010674183890541644
full5y,P-confirm5-v5profit50,reset_mark,2023-12-04,-0.0026730683826224344
full5y,P-confirm5-v5profit50,reset_mark,2023-12-05,-0.0019361979938145146
full5y,P-confirm5-v5profit50,reset_mark,2023-12-06,-0.0007926448722852975
full5y,P-confirm5-v5profit50,reset_mark,2023-12-07,0.0024957530737098168
full5y,P-confirm5-v5profit50,reset_mark,2023-12-08,0.003530204245506119
full5y,P-confirm5-v5profit50,reset_mark,2023-12-11,0.0066837119426887085
full5y,P-confirm5-v5profit50,reset_mark,2023-12-12,-0.0006497791700344257
full5y,P-confirm5-v5profit50,reset_mark,2023-12-13,0.009489683906961432
full5y,P-confirm5-v5profit50,reset_mark,2023-12-14,0.006908946386395031
full5y,P-confirm5-v5profit50,reset_mark,2023-12-15,0.0022202874856051325
full5y,P-confirm5-v5profit50,reset_mark,2023-12-18,0.004882047183150029
full5y,P-confirm5-v5profit50,reset_mark,2023-12-19,0.007808030069974059
full5y,P-confirm5-v5profit50,reset_mark,2023-12-20,-0.011948839841116332
full5y,P-confirm5-v5profit50,reset_mark,2023-12-21,0.011641259537035075
full5y,P-confirm5-v5profit50,reset_mark,2023-12-22,0.0032132308210476635
full5y,P-confirm5-v5profit50,reset_mark,2023-12-26,0.006807056873140071
full5y,P-confirm5-v5profit50,reset_mark,2023-12-27,0.004060124204162063
full5y,P-confirm5-v5profit50,reset_mark,2023-12-28,-0.0008468144655379261
full5y,P-confirm5-v5profit50,reset_mark,2023-12-29,-0.002358678780594181
full5y,P-confirm5-v5profit50,reset_mark,2024-01-02,-0.004373599708011688
full5y,P-confirm5-v5profit50,reset_mark,2024-01-03,-0.0038168574332685056
full5y,P-confirm5-v5profit50,reset_mark,2024-01-04,-0.00540212778591802
full5y,P-confirm5-v5profit50,reset_mark,2024-01-05,0.0007879596792135346
full5y,P-confirm5-v5profit50,reset_mark,2024-01-08,0.010608199772739491
full5y,P-confirm5-v5profit50,reset_mark,2024-01-09,-0.010266573390712241
full5y,P-confirm5-v5profit50,reset_mark,2024-01-10,0.0011587375500523133
full5y,P-confirm5-v5profit50,reset_mark,2024-01-11,0.003263960941268673
full5y,P-confirm5-v5profit50,reset_mark,2024-01-12,-0.002759594661371456
full5y,P-confirm5-v5profit50,reset_mark,2024-01-16,-0.016581314484062182
full5y,P-confirm5-v5profit50,reset_mark,2024-01-17,-0.015007605001393743
full5y,P-confirm5-v5profit50,reset_mark,2024-01-18,0.0023117779846092423
full5y,P-confirm5-v5profit50,reset_mark,2024-01-19,0.0033894989108200434
full5y,P-confirm5-v5profit50,reset_mark,2024-01-22,-0.00023674202918356758
full5y,P-confirm5-v5profit50,reset_mark,2024-01-23,0.004882790189953234
full5y,P-confirm5-v5profit50,reset_mark,2024-01-24,0.011954911332362695
full5y,P-confirm5-v5profit50,reset_mark,2024-01-25,0.007530840358282864
full5y,P-confirm5-v5profit50,reset_mark,2024-01-26,0.0005040883441569499
full5y,P-confirm5-v5profit50,reset_mark,2024-01-29,0.006218290760514234
full5y,P-confirm5-v5profit50,reset_mark,2024-01-30,-0.006119137217453741
full5y,P-confirm5-v5profit50,reset_mark,2024-01-31,-0.011356875274680035
full5y,P-confirm5-v5profit50,reset_mark,2024-02-01,0.0009098451958793219
full5y,P-confirm5-v5profit50,reset_mark,2024-02-02,0.0006661006495909505
full5y,P-confirm5-v5profit50,reset_mark,2024-02-05,-0.002959934828374
full5y,P-confirm5-v5profit50,reset_mark,2024-02-06,0.003907780688062945
full5y,P-confirm5-v5profit50,reset_mark,2024-02-07,0.002995784895280462
full5y,P-confirm5-v5profit50,reset_mark,2024-02-08,-0.0057038740412956755
full5y,P-confirm5-v5profit50,reset_mark,2024-02-09,0.0031147746863269933
full5y,P-confirm5-v5profit50,reset_mark,2024-02-12,-0.0028626353253497273
full5y,P-confirm5-v5profit50,reset_mark,2024-02-13,-0.004369812698948605
full5y,P-confirm5-v5profit50,reset_mark,2024-02-14,0.005805501107466737
full5y,P-confirm5-v5profit50,reset_mark,2024-02-15,-0.0004486187336276481
full5y,P-confirm5-v5profit50,reset_mark,2024-02-16,-0.0037933439115133026
full5y,P-confirm5-v5profit50,reset_mark,2024-02-20,-0.0013977313085134946
full5y,P-confirm5-v5profit50,reset_mark,2024-02-21,0.0005523823533940764
full5y,P-confirm5-v5profit50,reset_mark,2024-02-22,0.006072119865045833
full5y,P-confirm5-v5profit50,reset_mark,2024-02-23,-0.0012428141142436845
full5y,P-confirm5-v5profit50,reset_mark,2024-02-26,-0.005282309615006109
full5y,P-confirm5-v5profit50,reset_mark,2024-02-27,0.0021034610993271976
full5y,P-confirm5-v5profit50,reset_mark,2024-02-28,-0.0021226462893312536
full5y,P-confirm5-v5profit50,reset_mark,2024-02-29,0.004397429085841798
full5y,P-confirm5-v5profit50,reset_mark,2024-03-01,0.007176243435117446
full5y,P-confirm5-v5profit50,reset_mark,2024-03-04,0.002888768236980521
full5y,P-confirm5-v5profit50,reset_mark,2024-03-05,-0.004913644182543575
full5y,P-confirm5-v5profit50,reset_mark,2024-03-06,0.0029083203275570456
full5y,P-confirm5-v5profit50,reset_mark,2024-03-07,0.008038289224598195
full5y,P-confirm5-v5profit50,reset_mark,2024-03-08,-0.006867809289756488
full5y,P-confirm5-v5profit50,reset_mark,2024-03-11,-0.003065582238922571
full5y,P-confirm5-v5profit50,reset_mark,2024-03-12,0.011506170457327602
full5y,P-confirm5-v5profit50,reset_mark,2024-03-13,-0.001425265729898706
full5y,P-confirm5-v5profit50,reset_mark,2024-03-14,-0.000217067934394799
full5y,P-confirm5-v5profit50,reset_mark,2024-03-15,-0.0043796732097501675
full5y,P-confirm5-v5profit50,reset_mark,2024-03-18,0.007588504937938989
full5y,P-confirm5-v5profit50,reset_mark,2024-03-19,0.0019860472778829184
full5y,P-confirm5-v5profit50,reset_mark,2024-03-20,0.00427864189592424
full5y,P-confirm5-v5profit50,reset_mark,2024-03-21,0.0005900129684583532
full5y,P-confirm5-v5profit50,reset_mark,2024-03-22,0.005973424752577316
full5y,P-confirm5-v5profit50,reset_mark,2024-03-25,-0.00239202669533376
full5y,P-confirm5-v5profit50,reset_mark,2024-03-26,0.00039734826248130075
full5y,P-confirm5-v5profit50,reset_mark,2024-03-27,-0.0024160991544916353
full5y,P-confirm5-v5profit50,reset_mark,2024-03-28,-0.0011392480396961613
full5y,P-confirm5-v5profit50,reset_mark,2024-04-01,0.005085665709826492
full5y,P-confirm5-v5profit50,reset_mark,2024-04-02,-0.0013516075941575
full5y,P-confirm5-v5profit50,reset_mark,2024-04-03,0.00258181658967267
full5y,P-confirm5-v5profit50,reset_mark,2024-04-04,-0.005498677295486154
full5y,P-confirm5-v5profit50,reset_mark,2024-04-05,0.006222180635687224
full5y,P-confirm5-v5profit50,reset_mark,2024-04-08,0.00010108008647301548
full5y,P-confirm5-v5profit50,reset_mark,2024-04-09,-9.657780406833183e-05
full5y,P-confirm5-v5profit50,reset_mark,2024-04-10,-0.0009407262166612918
full5y,P-confirm5-v5profit50,reset_mark,2024-04-11,0.004846546204319235
full5y,P-confirm5-v5profit50,reset_mark,2024-04-12,-0.0034092726804771933
full5y,P-confirm5-v5profit50,reset_mark,2024-04-15,-0.006294909188095587
full5y,P-confirm5-v5profit50,reset_mark,2024-04-16,0.0016381749705632997
full5y,P-confirm5-v5profit50,reset_mark,2024-04-17,-0.0011859634636087746
full5y,P-confirm5-v5profit50,reset_mark,2024-04-18,-0.004671909824278275
full5y,P-confirm5-v5profit50,reset_mark,2024-04-19,-0.007652765361515978
full5y,P-confirm5-v5profit50,reset_mark,2024-04-22,-0.006365330886890818
full5y,P-confirm5-v5profit50,reset_mark,2024-04-23,0.008257700960555402
full5y,P-confirm5-v5profit50,reset_mark,2024-04-24,-0.0066428123699995845
full5y,P-confirm5-v5profit50,reset_mark,2024-04-25,-0.004423856557186301
full5y,P-confirm5-v5profit50,reset_mark,2024-04-26,0.013199024792029801
full5y,P-confirm5-v5profit50,reset_mark,2024-04-29,-0.010491236141343752
full5y,P-confirm5-v5profit50,reset_mark,2024-04-30,-0.012519214426814074
full5y,P-confirm5-v5profit50,reset_mark,2024-05-01,0.0010112803056722241
full5y,P-confirm5-v5profit50,reset_mark,2024-05-02,0.009411275251693229
full5y,P-confirm5-v5profit50,reset_mark,2024-05-03,0.012711957939681051
full5y,P-confirm5-v5profit50,reset_mark,2024-05-06,0.017052290870404697
full5y,P-confirm5-v5profit50,reset_mark,2024-05-07,-0.003817517741949794
full5y,P-confirm5-v5profit50,reset_mark,2024-05-08,-0.009270214909993014
full5y,P-confirm5-v5profit50,reset_mark,2024-05-09,-0.0024983359835148767
full5y,P-confirm5-v5profit50,reset_mark,2024-05-10,-0.004773836228077644
full5y,P-confirm5-v5profit50,reset_mark,2024-05-13,0.0015174840523656142
full5y,P-confirm5-v5profit50,reset_mark,2024-05-14,0.017677194919351946
full5y,P-confirm5-v5profit50,reset_mark,2024-05-15,0.004082278337724621
full5y,P-confirm5-v5profit50,reset_mark,2024-05-16,0.0018573325404716457
full5y,P-confirm5-v5profit50,reset_mark,2024-05-17,0.008311427867398325
full5y,P-confirm5-v5profit50,reset_mark,2024-05-20,0.011292293348879856
full5y,P-confirm5-v5profit50,reset_mark,2024-05-21,0.006870228120577737
full5y,P-confirm5-v5profit50,reset_mark,2024-05-22,-0.005746782192254785
full5y,P-confirm5-v5profit50,reset_mark,2024-05-23,-0.008863721740265151
full5y,P-confirm5-v5profit50,reset_mark,2024-05-24,0.014656706039028643
full5y,P-confirm5-v5profit50,reset_mark,2024-05-28,-0.000387842038425501
full5y,P-confirm5-v5profit50,reset_mark,2024-05-29,-0.005321604470488195
full5y,P-confirm5-v5profit50,reset_mark,2024-05-30,-0.011592035601378548
full5y,P-confirm5-v5profit50,reset_mark,2024-05-31,-0.01059492978816835
full5y,P-confirm5-v5profit50,reset_mark,2024-06-03,0.0010384710876925607
full5y,P-confirm5-v5profit50,reset_mark,2024-06-04,-0.005822885689187596
full5y,P-confirm5-v5profit50,reset_mark,2024-06-05,0.017235212416218903
full5y,P-confirm5-v5profit50,reset_mark,2024-06-06,0.0002747283939658729
full5y,P-confirm5-v5profit50,reset_mark,2024-06-07,-0.0015211800518873165
full5y,P-confirm5-v5profit50,reset_mark,2024-06-10,-0.0028871686666320897
full5y,P-confirm5-v5profit50,reset_mark,2024-06-11,0.002935503400487849
full5y,P-confirm5-v5profit50,reset_mark,2024-06-12,0.013315169306184793
full5y,P-confirm5-v5profit50,reset_mark,2024-06-13,0.0002982868967423613
full5y,P-confirm5-v5profit50,reset_mark,2024-06-14,0.0025289187245139287
full5y,P-confirm5-v5profit50,reset_mark,2024-06-17,0.012345761419488377
full5y,P-confirm5-v5profit50,reset_mark,2024-06-18,-0.002812469434636855
full5y,P-confirm5-v5profit50,reset_mark,2024-06-20,-0.016207526847935572
full5y,P-confirm5-v5profit50,reset_mark,2024-06-21,0.0050867117062103565
full5y,P-confirm5-v5profit50,reset_mark,2024-06-24,-0.006811697909628667
full5y,P-confirm5-v5profit50,reset_mark,2024-06-25,0.009874698464446375
full5y,P-confirm5-v5profit50,reset_mark,2024-06-26,0.006412270906311401
full5y,P-confirm5-v5profit50,reset_mark,2024-06-27,0.0032258541643392256
full5y,P-confirm5-v5profit50,reset_mark,2024-06-28,-0.004731831163538291
full5y,P-confirm5-v5profit50,reset_mark,2024-07-01,0.015839571030852994
full5y,P-confirm5-v5profit50,reset_mark,2024-07-02,0.015341471567540033
full5y,P-confirm5-v5profit50,reset_mark,2024-07-03,0.010730457187769927
full5y,P-confirm5-v5profit50,reset_mark,2024-07-05,0.01046186931248796
full5y,P-confirm5-v5profit50,reset_mark,2024-07-08,-0.0016046976053388895
full5y,P-confirm5-v5profit50,reset_mark,2024-07-09,-0.0004352569753606761
full5y,P-confirm5-v5profit50,reset_mark,2024-07-10,0.005517050577099591
full5y,P-confirm5-v5profit50,reset_mark,2024-07-11,-0.030554585273807
full5y,P-confirm5-v5profit50,reset_mark,2024-07-12,-0.0006424411849065281
full5y,P-confirm5-v5profit50,reset_mark,2024-07-15,0.009617465091422084
full5y,P-confirm5-v5profit50,reset_mark,2024-07-16,0.01448808665787522
full5y,P-confirm5-v5profit50,reset_mark,2024-07-17,-0.02579564244931416
full5y,P-confirm5-v5profit50,reset_mark,2024-07-18,-0.013689039872301589
full5y,P-confirm5-v5profit50,reset_mark,2024-07-19,-0.004972729372560358
full5y,P-confirm5-v5profit50,reset_mark,2024-07-22,0.010368972542888755
full5y,P-confirm5-v5profit50,reset_mark,2024-07-23,0.0008708304210651385
full5y,P-confirm5-v5profit50,reset_mark,2024-07-24,-0.014941483082435768
full5y,P-confirm5-v5profit50,reset_mark,2024-07-25,-0.0026856653624438786
full5y,P-confirm5-v5profit50,reset_mark,2024-07-26,0.0005903455605182683
full5y,P-confirm5-v5profit50,reset_mark,2024-07-29,0.0016016678893135184
full5y,P-confirm5-v5profit50,reset_mark,2024-07-30,-0.0016756818908642223
full5y,P-confirm5-v5profit50,reset_mark,2024-07-31,0.0017441189648910948
full5y,P-confirm5-v5profit50,reset_mark,2024-08-01,-0.006048119925034567
full5y,P-confirm5-v5profit50,reset_mark,2024-08-02,-0.00982848753733232
full5y,P-confirm5-v5profit50,reset_mark,2024-08-05,-0.0184757791174081
full5y,P-confirm5-v5profit50,reset_mark,2024-08-06,0.00796849416135883
full5y,P-confirm5-v5profit50,reset_mark,2024-08-07,-0.0022551150869462577
full5y,P-confirm5-v5profit50,reset_mark,2024-08-08,0.020245315482016735
full5y,P-confirm5-v5profit50,reset_mark,2024-08-09,0.002220805175048557
full5y,P-confirm5-v5profit50,reset_mark,2024-08-12,0.0031010007588275325
full5y,P-confirm5-v5profit50,reset_mark,2024-08-13,0.013262163426196839
full5y,P-confirm5-v5profit50,reset_mark,2024-08-14,-0.002672350891709474
full5y,P-confirm5-v5profit50,reset_mark,2024-08-15,0.014585839352301067
full5y,P-confirm5-v5profit50,reset_mark,2024-08-16,0.007411397985371671
full5y,P-confirm5-v5profit50,reset_mark,2024-08-19,0.009635466624742217
full5y,P-confirm5-v5profit50,reset_mark,2024-08-20,-0.003048072884441999
full5y,P-confirm5-v5profit50,reset_mark,2024-08-21,0.0056112818113637775
full5y,P-confirm5-v5profit50,reset_mark,2024-08-22,-0.009190447354374997
full5y,P-confirm5-v5profit50,reset_mark,2024-08-23,0.015757549154251694
full5y,P-confirm5-v5profit50,reset_mark,2024-08-26,-0.007162889330391398
full5y,P-confirm5-v5profit50,reset_mark,2024-08-27,0.0004771899318109618
full5y,P-confirm5-v5profit50,reset_mark,2024-08-28,-0.011295325392761934
full5y,P-confirm5-v5profit50,reset_mark,2024-08-29,0.016630488554401145
full5y,P-confirm5-v5profit50,reset_mark,2024-08-30,0.01706458803477362
full5y,P-confirm5-v5profit50,reset_mark,2024-09-03,-0.011978183262569686
full5y,P-confirm5-v5profit50,reset_mark,2024-09-04,0.004350685428839762
full5y,P-confirm5-v5profit50,reset_mark,2024-09-05,-0.007028231891955927
full5y,P-confirm5-v5profit50,reset_mark,2024-09-06,-0.011661500286477866
full5y,P-confirm5-v5profit50,reset_mark,2024-09-09,0.01135996814250928
full5y,P-confirm5-v5profit50,reset_mark,2024-09-10,-0.002055036164102286
full5y,P-confirm5-v5profit50,reset_mark,2024-09-11,0.007414641549940737
full5y,P-confirm5-v5profit50,reset_mark,2024-09-12,0.013153363603609147
full5y,P-confirm5-v5profit50,reset_mark,2024-09-13,0.0029544638288119263
full5y,P-confirm5-v5profit50,reset_mark,2024-09-16,-0.009625528494851755
full5y,P-confirm5-v5profit50,reset_mark,2024-09-17,0.005334697933118115
full5y,P-confirm5-v5profit50,reset_mark,2024-09-18,-0.005663357946788084
full5y,P-confirm5-v5profit50,reset_mark,2024-09-19,0.012220691055393695
full5y,P-confirm5-v5profit50,reset_mark,2024-09-20,-0.0029580634760711377
full5y,P-confirm5-v5profit50,reset_mark,2024-09-23,0.0008141814787651413
full5y,P-confirm5-v5profit50,reset_mark,2024-09-24,0.015320954999078507
full5y,P-confirm5-v5profit50,reset_mark,2024-09-25,-0.0036595080487952236
full5y,P-confirm5-v5profit50,reset_mark,2024-09-26,-0.004527305083961175
full5y,P-confirm5-v5profit50,reset_mark,2024-09-27,-0.00784518833735911
full5y,P-confirm5-v5profit50,reset_mark,2024-09-30,0.006149408971051295
full5y,P-confirm5-v5profit50,reset_mark,2024-10-01,-0.008906911296226505
full5y,P-confirm5-v5profit50,reset_mark,2024-10-02,0.0024077355917003105
full5y,P-confirm5-v5profit50,reset_mark,2024-10-03,0.0024916192285186376
full5y,P-confirm5-v5profit50,reset_mark,2024-10-04,0.010640505950241852
full5y,P-confirm5-v5profit50,reset_mark,2024-10-07,-0.00921416564840084
full5y,P-confirm5-v5profit50,reset_mark,2024-10-08,0.01505503227943159
full5y,P-confirm5-v5profit50,reset_mark,2024-10-09,-0.0017864825704399401
full5y,P-confirm5-v5profit50,reset_mark,2024-10-10,0.00317133159278834
full5y,P-confirm5-v5profit50,reset_mark,2024-10-11,0.007007026368337987
full5y,P-confirm5-v5profit50,reset_mark,2024-10-14,0.0035120560684853254
full5y,P-confirm5-v5profit50,reset_mark,2024-10-15,-0.006314374370626419
full5y,P-confirm5-v5profit50,reset_mark,2024-10-16,0.007652227908439169
full5y,P-confirm5-v5profit50,reset_mark,2024-10-17,-0.003092029929602491
full5y,P-confirm5-v5profit50,reset_mark,2024-10-18,0.009470179341128848
full5y,P-confirm5-v5profit50,reset_mark,2024-10-21,0.0012937581158934176
full5y,P-confirm5-v5profit50,reset_mark,2024-10-22,-0.003031560459539051
full5y,P-confirm5-v5profit50,reset_mark,2024-10-23,-0.007582699741105969
full5y,P-confirm5-v5profit50,reset_mark,2024-10-24,0.0032824761247035707
full5y,P-confirm5-v5profit50,reset_mark,2024-10-25,0.0023322459551555095
full5y,P-confirm5-v5profit50,reset_mark,2024-10-28,-0.00791155400784419
full5y,P-confirm5-v5profit50,reset_mark,2024-10-29,-0.0023319039521703553
full5y,P-confirm5-v5profit50,reset_mark,2024-10-30,0.005781204814953422
full5y,P-confirm5-v5profit50,reset_mark,2024-10-31,-0.01512369718130525
full5y,P-confirm5-v5profit50,reset_mark,2024-11-01,0.008566035386135585
full5y,P-confirm5-v5profit50,reset_mark,2024-11-04,-0.006819148781166439
full5y,P-confirm5-v5profit50,reset_mark,2024-11-05,0.006536826823749631
full5y,P-confirm5-v5profit50,reset_mark,2024-11-06,0.02099735310228331
full5y,P-confirm5-v5profit50,reset_mark,2024-11-07,0.020673903215117796
full5y,P-confirm5-v5profit50,reset_mark,2024-11-08,0.06078039117222837
full5y,P-confirm5-v5profit50,reset_mark,2024-11-11,0.010439594490293557
full5y,P-confirm5-v5profit50,reset_mark,2024-11-12,-7.016784052487069e-05
full5y,P-confirm5-v5profit50,reset_mark,2024-11-13,-0.005409633466987462
full5y,P-confirm5-v5profit50,reset_mark,2024-11-14,-0.0049166457923664805
full5y,P-confirm5-v5profit50,reset_mark,2024-11-15,-0.018352743404791948
full5y,P-confirm5-v5profit50,reset_mark,2024-11-18,0.011672284549897138
full5y,P-confirm5-v5profit50,reset_mark,2024-11-19,0.012280008133666698
full5y,P-confirm5-v5profit50,reset_mark,2024-11-20,0.016172742308415845
full5y,P-confirm5-v5profit50,reset_mark,2024-11-21,0.0037461127414102568
full5y,P-confirm5-v5profit50,reset_mark,2024-11-22,0.014399877763652058
full5y,P-confirm5-v5profit50,reset_mark,2024-11-25,-0.0035509615948412397
full5y,P-confirm5-v5profit50,reset_mark,2024-11-26,-0.0011242129738794793
full5y,P-confirm5-v5profit50,reset_mark,2024-11-27,-0.0005728805508959489
full5y,P-confirm5-v5profit50,reset_mark,2024-11-29,0.017129997077295723
full5y,P-confirm5-v5profit50,reset_mark,2024-12-02,0.009590455564042621
full5y,P-confirm5-v5profit50,reset_mark,2024-12-03,-0.0024719498623941294
full5y,P-confirm5-v5profit50,reset_mark,2024-12-04,0.009304020091479449
full5y,P-confirm5-v5profit50,reset_mark,2024-12-05,-0.014369186947136459
full5y,P-confirm5-v5profit50,reset_mark,2024-12-06,0.02058973330499725
full5y,P-confirm5-v5profit50,reset_mark,2024-12-09,0.0015473637479080482
full5y,P-confirm5-v5profit50,reset_mark,2024-12-10,-0.001247814714551998
full5y,P-confirm5-v5profit50,reset_mark,2024-12-11,0.018525102871860932
full5y,P-confirm5-v5profit50,reset_mark,2024-12-12,-0.00447269489575125
full5y,P-confirm5-v5profit50,reset_mark,2024-12-13,-0.000321650792945527
full5y,P-confirm5-v5profit50,reset_mark,2024-12-16,0.010974939274703787
full5y,P-confirm5-v5profit50,reset_mark,2024-12-17,0.0008490157655753894
full5y,P-confirm5-v5profit50,reset_mark,2024-12-18,-0.02473424163882674
full5y,P-confirm5-v5profit50,reset_mark,2024-12-19,0.007075414634505661
full5y,P-confirm5-v5profit50,reset_mark,2024-12-20,0.0017873864802808392
full5y,P-confirm5-v5profit50,reset_mark,2024-12-23,0.0021447990160566423
full5y,P-confirm5-v5profit50,reset_mark,2024-12-24,0.005683227002753722
full5y,P-confirm5-v5profit50,reset_mark,2024-12-26,-0.0009965427106170765
full5y,P-confirm5-v5profit50,reset_mark,2024-12-27,-0.005719313143314741
full5y,P-confirm5-v5profit50,reset_mark,2024-12-30,-0.004765945577165731
full5y,P-confirm5-v5profit50,reset_mark,2024-12-31,0.002776586948913906
full5y,P-confirm5-v5profit50,reset_mark,2025-01-02,-0.00012897667546717394
full5y,P-confirm5-v5profit50,reset_mark,2025-01-03,0.003435026268118024
full5y,P-confirm5-v5profit50,reset_mark,2025-01-06,0.004636289057492737
full5y,P-confirm5-v5profit50,reset_mark,2025-01-07,0.0011548439526546828
full5y,P-confirm5-v5profit50,reset_mark,2025-01-08,-0.009463836881823584
full5y,P-confirm5-v5profit50,reset_mark,2025-01-10,-0.0063410039495665595
full5y,P-confirm5-v5profit50,reset_mark,2025-01-13,-0.0029283442925603807
full5y,P-confirm5-v5profit50,reset_mark,2025-01-14,-0.004235527455671251
full5y,P-confirm5-v5profit50,reset_mark,2025-01-15,0.009965013617272778
full5y,P-confirm5-v5profit50,reset_mark,2025-01-16,-0.00662043249074753
full5y,P-confirm5-v5profit50,reset_mark,2025-01-17,0.006638006741834501
full5y,P-confirm5-v5profit50,reset_mark,2025-01-21,0.00856086623805834
full5y,P-confirm5-v5profit50,reset_mark,2025-01-22,0.015995372971109624
full5y,P-confirm5-v5profit50,reset_mark,2025-01-23,0.010123581328372721
full5y,P-confirm5-v5profit50,reset_mark,2025-01-24,-0.004903282724499414
full5y,P-confirm5-v5profit50,reset_mark,2025-01-27,-0.02272355195931718
full5y,P-confirm5-v5profit50,reset_mark,2025-01-28,0.02564181358285216
full5y,P-confirm5-v5profit50,reset_mark,2025-01-29,-0.015506309608738255
full5y,P-confirm5-v5profit50,reset_mark,2025-01-30,0.004599059264393612
full5y,P-confirm5-v5profit50,reset_mark,2025-01-31,-0.012109976517145082
full5y,P-confirm5-v5profit50,reset_mark,2025-02-03,-0.00997191166839687
full5y,P-confirm5-v5profit50,reset_mark,2025-02-04,0.009737856448763816
full5y,P-confirm5-v5profit50,reset_mark,2025-02-05,-0.011796325014052422
full5y,P-confirm5-v5profit50,reset_mark,2025-02-06,0.0038902888214605636
full5y,P-confirm5-v5profit50,reset_mark,2025-02-07,-0.0002266956314317059
full5y,P-confirm5-v5profit50,reset_mark,2025-02-10,0.008934514772517721
full5y,P-confirm5-v5profit50,reset_mark,2025-02-11,-0.0035906133446312327
full5y,P-confirm5-v5profit50,reset_mark,2025-02-12,0.006037911603502921
full5y,P-confirm5-v5profit50,reset_mark,2025-02-13,0.001744632217459774
full5y,P-confirm5-v5profit50,reset_mark,2025-02-14,0.006671218272001423
full5y,P-confirm5-v5profit50,reset_mark,2025-02-18,0.009455190347323839
full5y,P-confirm5-v5profit50,reset_mark,2025-02-19,0.0003487134758095922
full5y,P-confirm5-v5profit50,reset_mark,2025-02-20,-0.0001062857155257002
full5y,P-confirm5-v5profit50,reset_mark,2025-02-21,0.004972942986118533
full5y,P-confirm5-v5profit50,reset_mark,2025-02-24,-0.014543501697382822
full5y,P-confirm5-v5profit50,reset_mark,2025-02-25,0.00039302760556622076
full5y,P-confirm5-v5profit50,reset_mark,2025-02-26,0.0013613703641620844
full5y,P-confirm5-v5profit50,reset_mark,2025-02-27,-0.009216351471483697
full5y,P-confirm5-v5profit50,reset_mark,2025-02-28,0.000718072399559111
full5y,P-confirm5-v5profit50,reset_mark,2025-03-03,-0.004369789720220274
full5y,P-confirm5-v5profit50,reset_mark,2025-03-04,0.00036124891760269673
full5y,P-confirm5-v5profit50,reset_mark,2025-03-05,0.019130207566041512
full5y,P-confirm5-v5profit50,reset_mark,2025-03-06,-0.003614360133163985
full5y,P-confirm5-v5profit50,reset_mark,2025-03-07,0.002917228646316472
full5y,P-confirm5-v5profit50,reset_mark,2025-03-10,-0.0023605514677762286
full5y,P-confirm5-v5profit50,reset_mark,2025-03-11,-0.006522741569797108
full5y,P-confirm5-v5profit50,reset_mark,2025-03-12,0.003702606819155885
full5y,P-confirm5-v5profit50,reset_mark,2025-03-13,-0.011371506871712378
full5y,P-confirm5-v5profit50,reset_mark,2025-03-14,0.04411647252611654
full5y,P-confirm5-v5profit50,reset_mark,2025-03-17,-0.009639232132330033
full5y,P-confirm5-v5profit50,reset_mark,2025-03-18,-0.011646636040506508
full5y,P-confirm5-v5profit50,reset_mark,2025-03-19,0.007837110958463345
full5y,P-confirm5-v5profit50,reset_mark,2025-03-20,-0.0026780784753841825
full5y,P-confirm5-v5profit50,reset_mark,2025-03-21,0.002833280468032373
full5y,P-confirm5-v5profit50,reset_mark,2025-03-24,0.025612280087640316
full5y,P-confirm5-v5profit50,reset_mark,2025-03-25,0.0023418548423341013
full5y,P-confirm5-v5profit50,reset_mark,2025-03-26,-0.027038881755492173
full5y,P-confirm5-v5profit50,reset_mark,2025-03-27,0.0016216508329578217
full5y,P-confirm5-v5profit50,reset_mark,2025-03-28,-0.014026014963455536
full5y,P-confirm5-v5profit50,reset_mark,2025-03-31,-0.011608300150032813
full5y,P-confirm5-v5profit50,reset_mark,2025-04-01,0.006088265862934294
full5y,P-confirm5-v5profit50,reset_mark,2025-04-02,0.00608269228812659
full5y,P-confirm5-v5profit50,reset_mark,2025-04-03,-0.009811930185424289
full5y,P-confirm5-v5profit50,reset_mark,2025-04-04,-0.02064886178894949
full5y,P-confirm5-v5profit50,reset_mark,2025-04-07,-0.001716079663759973
full5y,P-confirm5-v5profit50,reset_mark,2025-04-08,-0.03863901188743059
full5y,P-confirm5-v5profit50,reset_mark,2025-04-09,0.10352586692557128
full5y,P-confirm5-v5profit50,reset_mark,2025-04-10,-0.04134965472332865
full5y,P-confirm5-v5profit50,reset_mark,2025-04-11,0.019034915549978538
full5y,P-confirm5-v5profit50,reset_mark,2025-04-14,0.006342614245773814
full5y,P-confirm5-v5profit50,reset_mark,2025-04-15,0.006324273060172736
full5y,P-confirm5-v5profit50,reset_mark,2025-04-16,-0.03692625495844043
full5y,P-confirm5-v5profit50,reset_mark,2025-04-17,-0.0028673292237516913
full5y,P-confirm5-v5profit50,reset_mark,2025-04-21,-0.012890532602978299
full5y,P-confirm5-v5profit50,reset_mark,2025-04-22,0.022721621488737243
full5y,P-confirm5-v5profit50,reset_mark,2025-04-23,0.010372257493661708
full5y,P-confirm5-v5profit50,reset_mark,2025-04-24,0.013585869342595158
full5y,P-confirm5-v5profit50,reset_mark,2025-04-25,0.004871719871481228
full5y,P-confirm5-v5profit50,reset_mark,2025-04-28,-0.0014571810166598587
full5y,P-confirm5-v5profit50,reset_mark,2025-04-29,0.002189024661990302
full5y,P-confirm5-v5profit50,reset_mark,2025-04-30,0.0034704239899420062
full5y,P-confirm5-v5profit50,reset_mark,2025-05-01,0.004431097593656064
full5y,P-confirm5-v5profit50,reset_mark,2025-05-02,0.016733056412797175
full5y,P-confirm5-v5profit50,reset_mark,2025-05-05,-0.005057221589209915
full5y,P-confirm5-v5profit50,reset_mark,2025-05-06,-0.013101902497383322
full5y,P-confirm5-v5profit50,reset_mark,2025-05-07,-0.003076327795178091
full5y,P-confirm5-v5profit50,reset_mark,2025-05-08,0.011470856609785418
full5y,P-confirm5-v5profit50,reset_mark,2025-05-09,-0.003130910221295713
full5y,P-confirm5-v5profit50,reset_mark,2025-05-12,0.04546223874273099
full5y,P-confirm5-v5profit50,reset_mark,2025-05-13,0.01624348485035838
full5y,P-confirm5-v5profit50,reset_mark,2025-05-14,-0.001062190511485772
full5y,P-confirm5-v5profit50,reset_mark,2025-05-15,-0.005059500414748707
full5y,P-confirm5-v5profit50,reset_mark,2025-05-16,0.004810843095301031
full5y,P-confirm5-v5profit50,reset_mark,2025-05-19,0.011040891599480563
full5y,P-confirm5-v5profit50,reset_mark,2025-05-20,0.007804152545919785
full5y,P-confirm5-v5profit50,reset_mark,2025-05-21,-0.022234468296879716
full5y,P-confirm5-v5profit50,reset_mark,2025-05-22,0.0028430078105378897
full5y,P-confirm5-v5profit50,reset_mark,2025-05-23,-0.0038353637630064276
full5y,P-confirm5-v5profit50,reset_mark,2025-05-27,0.006904706621291534
full5y,P-confirm5-v5profit50,reset_mark,2025-05-28,-0.007287557685912538
full5y,P-confirm5-v5profit50,reset_mark,2025-05-29,0.007958638664368379
full5y,P-confirm5-v5profit50,reset_mark,2025-05-30,-0.007458897589598501
full5y,P-confirm5-v5profit50,reset_mark,2025-06-02,0.007742799869263739
full5y,P-confirm5-v5profit50,reset_mark,2025-06-03,0.00909536534375921
full5y,P-confirm5-v5profit50,reset_mark,2025-06-04,0.005732125014849832
full5y,P-confirm5-v5profit50,reset_mark,2025-06-05,-0.0016911563770948047
full5y,P-confirm5-v5profit50,reset_mark,2025-06-06,0.0058164561452124005
full5y,P-confirm5-v5profit50,reset_mark,2025-06-09,0.00589496303540934
full5y,P-confirm5-v5profit50,reset_mark,2025-06-10,-0.0014000148355278186
full5y,P-confirm5-v5profit50,reset_mark,2025-06-11,0.0027996524751823016
full5y,P-confirm5-v5profit50,reset_mark,2025-06-12,-0.000371393332732084
full5y,P-confirm5-v5profit50,reset_mark,2025-06-13,-0.011034251380025884
full5y,P-confirm5-v5profit50,reset_mark,2025-06-16,0.005969019127606856
full5y,P-confirm5-v5profit50,reset_mark,2025-06-17,-0.005916620775509795
full5y,P-confirm5-v5profit50,reset_mark,2025-06-18,-0.0030625413992054875
full5y,P-confirm5-v5profit50,reset_mark,2025-06-20,-0.000982513123005635
full5y,P-confirm5-v5profit50,reset_mark,2025-06-23,0.007224025632830244
full5y,P-confirm5-v5profit50,reset_mark,2025-06-24,0.017618154531187803
full5y,P-confirm5-v5profit50,reset_mark,2025-06-25,0.0037107596799755282
full5y,P-confirm5-v5profit50,reset_mark,2025-06-26,0.010033132178236537
full5y,P-confirm5-v5profit50,reset_mark,2025-06-27,-0.00040035567890730486
full5y,P-confirm5-v5profit50,reset_mark,2025-06-30,0.0046966609918604576
full5y,P-confirm5-v5profit50,reset_mark,2025-07-01,-0.005318032982021515
full5y,P-confirm5-v5profit50,reset_mark,2025-07-02,0.00797794828263687
full5y,P-confirm5-v5profit50,reset_mark,2025-07-03,0.0040459036197789565
full5y,P-confirm5-v5profit50,reset_mark,2025-07-07,-0.005559682108742026
full5y,P-confirm5-v5profit50,reset_mark,2025-07-08,0.011609526443198348
full5y,P-confirm5-v5profit50,reset_mark,2025-07-09,0.002902195784182493
full5y,P-confirm5-v5profit50,reset_mark,2025-07-10,0.004256195638188276
full5y,P-confirm5-v5profit50,reset_mark,2025-07-11,-0.0025476488987567934
full5y,P-confirm5-v5profit50,reset_mark,2025-07-14,0.0028673529602071812
full5y,P-confirm5-v5profit50,reset_mark,2025-07-15,0.006659405137002727
full5y,P-confirm5-v5profit50,reset_mark,2025-07-16,7.935510861447614e-05
full5y,P-confirm5-v5profit50,reset_mark,2025-07-17,0.007640485791808471
full5y,P-confirm5-v5profit50,reset_mark,2025-07-18,-0.005192187737994247
full5y,P-confirm5-v5profit50,reset_mark,2025-07-21,0.0031192403426104297
full5y,P-confirm5-v5profit50,reset_mark,2025-07-22,0.0011259720674102857
full5y,P-confirm5-v5profit50,reset_mark,2025-07-23,0.010961474793120308
full5y,P-confirm5-v5profit50,reset_mark,2025-07-24,0.0006380295003097336
full5y,P-confirm5-v5profit50,reset_mark,2025-07-25,-0.0012396189416390424
full5y,P-confirm5-v5profit50,reset_mark,2025-07-28,-0.0009908312028942489
full5y,P-confirm5-v5profit50,reset_mark,2025-07-29,-0.006990098357291252
full5y,P-confirm5-v5profit50,reset_mark,2025-07-30,-0.0010776013200354706
full5y,P-confirm5-v5profit50,reset_mark,2025-07-31,-0.010013325085424019
full5y,P-confirm5-v5profit50,reset_mark,2025-08-01,-0.015476131514557156
full5y,P-confirm5-v5profit50,reset_mark,2025-08-04,0.010600334799568322
full5y,P-confirm5-v5profit50,reset_mark,2025-08-05,-0.0009330924442376154
full5y,P-confirm5-v5profit50,reset_mark,2025-08-06,0.001254656910991725
full5y,P-confirm5-v5profit50,reset_mark,2025-08-07,-0.001782428829384486
full5y,P-confirm5-v5profit50,reset_mark,2025-08-08,0.00321203944236087
full5y,P-confirm5-v5profit50,reset_mark,2025-08-11,-0.003740321655018719
full5y,P-confirm5-v5profit50,reset_mark,2025-08-12,0.010595463169074115
full5y,P-confirm5-v5profit50,reset_mark,2025-08-13,0.0047476989498928535
full5y,P-confirm5-v5profit50,reset_mark,2025-08-14,-0.003399524701846901
full5y,P-confirm5-v5profit50,reset_mark,2025-08-15,-0.0018622319775296824
full5y,P-confirm5-v5profit50,reset_mark,2025-08-18,0.0022986674610632196
full5y,P-confirm5-v5profit50,reset_mark,2025-08-19,-0.014221290347744187
full5y,P-confirm5-v5profit50,reset_mark,2025-08-20,-0.001393711261635977
full5y,P-confirm5-v5profit50,reset_mark,2025-08-21,-0.0029060100673198195
full5y,P-confirm5-v5profit50,reset_mark,2025-08-22,0.01318589797013714
full5y,P-confirm5-v5profit50,reset_mark,2025-08-25,8.557323364377644e-06
full5y,P-confirm5-v5profit50,reset_mark,2025-08-26,0.0018724772286508261
full5y,P-confirm5-v5profit50,reset_mark,2025-08-27,-0.006829112596276887
full5y,P-confirm5-v5profit50,reset_mark,2025-08-28,0.0029946967151579518
full5y,P-confirm5-v5profit50,reset_mark,2025-08-29,-0.003313176243169991
full5y,P-confirm5-v5profit50,reset_mark,2025-09-02,0.0007017857608425549
full5y,P-confirm5-v5profit50,reset_mark,2025-09-03,-0.0015352379988156973
full5y,P-confirm5-v5profit50,reset_mark,2025-09-04,-0.000723893320196789
full5y,P-confirm5-v5profit50,reset_mark,2025-09-05,-0.002450859723625387
full5y,P-confirm5-v5profit50,reset_mark,2025-09-08,0.0034939315462069074
full5y,P-confirm5-v5profit50,reset_mark,2025-09-09,0.007762354632261359
full5y,P-confirm5-v5profit50,reset_mark,2025-09-10,0.0016032528093606114
full5y,P-confirm5-v5profit50,reset_mark,2025-09-11,0.011816017674587231
full5y,P-confirm5-v5profit50,reset_mark,2025-09-12,0.007684985681147627
full5y,P-confirm5-v5profit50,reset_mark,2025-09-15,0.010262552840212723
full5y,P-confirm5-v5profit50,reset_mark,2025-09-16,-0.001076012066486076
full5y,P-confirm5-v5profit50,reset_mark,2025-09-17,0.00638910025886571
full5y,P-confirm5-v5profit50,reset_mark,2025-09-18,-0.003107445383877372
full5y,P-confirm5-v5profit50,reset_mark,2025-09-19,0.006396449285677774
full5y,P-confirm5-v5profit50,reset_mark,2025-09-22,0.010097398892042442
full5y,P-confirm5-v5profit50,reset_mark,2025-09-23,-0.020573847414885226
full5y,P-confirm5-v5profit50,reset_mark,2025-09-24,-0.0005644086665160031
full5y,P-confirm5-v5profit50,reset_mark,2025-09-25,-0.006173186706940115
full5y,P-confirm5-v5profit50,reset_mark,2025-09-26,0.002044992813380131
full5y,P-confirm5-v5profit50,reset_mark,2025-09-29,0.009472715572699764
full5y,P-confirm5-v5profit50,reset_mark,2025-09-30,0.004924848691726691
full5y,P-confirm5-v5profit50,reset_mark,2025-10-01,0.014306556406318015
full5y,P-confirm5-v5profit50,reset_mark,2025-10-02,-0.0011476998996178046
full5y,P-confirm5-v5profit50,reset_mark,2025-10-03,-0.008594050754326366
full5y,P-confirm5-v5profit50,reset_mark,2025-10-06,0.03078336309309363
full5y,P-confirm5-v5profit50,reset_mark,2025-10-07,-0.012545435249539761
full5y,P-confirm5-v5profit50,reset_mark,2025-10-08,0.014444449973807338
full5y,P-confirm5-v5profit50,reset_mark,2025-10-09,-0.0005430831248309121
full5y,P-confirm5-v5profit50,reset_mark,2025-10-10,-0.043469080127726475
full5y,P-confirm5-v5profit50,reset_mark,2025-10-13,0.02317680243160688
full5y,P-confirm5-v5profit50,reset_mark,2025-10-14,-0.00953237153732851
full5y,P-confirm5-v5profit50,reset_mark,2025-10-15,0.014577035048536757
full5y,P-confirm5-v5profit50,reset_mark,2025-10-16,-0.006715939189649567
full5y,P-confirm5-v5profit50,reset_mark,2025-10-17,0.005281068151848034
full5y,P-confirm5-v5profit50,reset_mark,2025-10-20,0.013280836108360538
full5y,P-confirm5-v5profit50,reset_mark,2025-10-21,-0.003131087978277414
full5y,P-confirm5-v5profit50,reset_mark,2025-10-22,-0.02637702013057406
full5y,P-confirm5-v5profit50,reset_mark,2025-10-23,0.015020808804421582
full5y,P-confirm5-v5profit50,reset_mark,2025-10-24,0.011124410150174702
full5y,P-confirm5-v5profit50,reset_mark,2025-10-27,0.026479128358435144
full5y,P-confirm5-v5profit50,reset_mark,2025-10-28,0.011239589902453528
full5y,P-confirm5-v5profit50,reset_mark,2025-10-29,0.001411223000673767
full5y,P-confirm5-v5profit50,reset_mark,2025-10-30,-0.018691684433998136
full5y,P-confirm5-v5profit50,reset_mark,2025-10-31,0.007586265088814959
full5y,P-confirm5-v5profit50,reset_mark,2025-11-03,-0.00278929863575772
full5y,P-confirm5-v5profit50,reset_mark,2025-11-04,-0.022663964191693052
full5y,P-confirm5-v5profit50,reset_mark,2025-11-05,0.003311165220909429
full5y,P-confirm5-v5profit50,reset_mark,2025-11-06,-0.014872034205621776
full5y,P-confirm5-v5profit50,reset_mark,2025-11-07,-0.004127914850100245
full5y,P-confirm5-v5profit50,reset_mark,2025-11-10,0.019336790304756945
full5y,P-confirm5-v5profit50,reset_mark,2025-11-11,-0.0030530647719590686
full5y,P-confirm5-v5profit50,reset_mark,2025-11-12,0.00041057561836550517
full5y,P-confirm5-v5profit50,reset_mark,2025-11-13,-0.022720175832781197
full5y,P-confirm5-v5profit50,reset_mark,2025-11-14,-0.005187574612392154
full5y,P-confirm5-v5profit50,reset_mark,2025-11-17,-0.005846672908241424
full5y,P-confirm5-v5profit50,reset_mark,2025-11-18,-0.0035522182903261145
full5y,P-confirm5-v5profit50,reset_mark,2025-11-19,-0.005059997042356335
full5y,P-confirm5-v5profit50,reset_mark,2025-11-20,-0.01639967930382554
full5y,P-confirm5-v5profit50,reset_mark,2025-11-21,0.002502050966151448
full5y,P-confirm5-v5profit50,reset_mark,2025-11-24,0.0146817306125826
full5y,P-confirm5-v5profit50,reset_mark,2025-11-25,-0.000721245447189256
full5y,P-confirm5-v5profit50,reset_mark,2025-11-26,0.0183679515693874
full5y,P-confirm5-v5profit50,reset_mark,2025-11-28,0.009499649367846807
full5y,P-confirm5-v5profit50,reset_mark,2025-12-01,-0.005919533532553478
full5y,P-confirm5-v5profit50,reset_mark,2025-12-02,-0.0006089736225019738
full5y,P-confirm5-v5profit50,reset_mark,2025-12-03,-0.005230687543875667
full5y,P-confirm5-v5profit50,reset_mark,2025-12-04,0.0055865647633975835
full5y,P-confirm5-v5profit50,reset_mark,2025-12-05,0.0070704029040891455
full5y,P-confirm5-v5profit50,reset_mark,2025-12-08,0.008555188711392481
full5y,P-confirm5-v5profit50,reset_mark,2025-12-09,0.009979951260960384
full5y,P-confirm5-v5profit50,reset_mark,2025-12-10,0.014559987461261104
full5y,P-confirm5-v5profit50,reset_mark,2025-12-11,0.005372803505727964
full5y,P-confirm5-v5profit50,reset_mark,2025-12-12,-0.016591043021752218
full5y,P-confirm5-v5profit50,reset_mark,2025-12-15,0.006459750929825203
full5y,P-confirm5-v5profit50,reset_mark,2025-12-16,0.0010415528533820884
full5y,P-confirm5-v5profit50,reset_mark,2025-12-17,-0.0017973966541063647
full5y,P-confirm5-v5profit50,reset_mark,2025-12-18,0.004964994868976081
full5y,P-confirm5-v5profit50,reset_mark,2025-12-19,0.013542858189059804
full5y,P-confirm5-v5profit50,reset_mark,2025-12-22,0.004540447685339344
full5y,P-confirm5-v5profit50,reset_mark,2025-12-23,-0.004075446568789665
full5y,P-confirm5-v5profit50,reset_mark,2025-12-24,0.0013477932893434907
full5y,P-confirm5-v5profit50,reset_mark,2025-12-26,-0.003778368644490737
full5y,P-confirm5-v5profit50,reset_mark,2025-12-29,0.0003527926854792751
full5y,P-confirm5-v5profit50,reset_mark,2025-12-30,-0.001366753225161521
full5y,P-confirm5-v5profit50,reset_mark,2025-12-31,-0.0049231975940356
full5y,P-confirm5-v5profit50,reset_mark,2026-01-02,0.011096793262862415
full5y,P-confirm5-v5profit50,reset_mark,2026-01-05,0.00018117421943926183
full5y,P-confirm5-v5profit50,reset_mark,2026-01-06,0.0008333797126936382
full5y,P-confirm5-v5profit50,reset_mark,2026-01-07,-0.003314619273567987
full5y,P-confirm5-v5profit50,reset_mark,2026-01-08,-0.006498855237720635
full5y,P-confirm5-v5profit50,reset_mark,2026-01-09,-0.0024739171526131807
full5y,P-confirm5-v5profit50,reset_mark,2026-01-12,0.010036946211852527
full5y,P-confirm5-v5profit50,reset_mark,2026-01-13,-0.008698090049589591
full5y,P-confirm5-v5profit50,reset_mark,2026-01-14,-0.005079182631612822
full5y,P-confirm5-v5profit50,reset_mark,2026-01-15,0.0006384627994660108
full5y,P-confirm5-v5profit50,reset_mark,2026-01-16,0.0016241044869099164
full5y,P-confirm5-v5profit50,reset_mark,2026-01-20,-0.006633180702615138
full5y,P-confirm5-v5profit50,reset_mark,2026-01-21,0.01962894403819082
full5y,P-confirm5-v5profit50,reset_mark,2026-01-22,0.007399969193352773
full5y,P-confirm5-v5profit50,reset_mark,2026-01-23,-0.011918414062068417
full5y,P-confirm5-v5profit50,reset_mark,2026-01-26,-0.0018178703187001432
full5y,P-confirm5-v5profit50,reset_mark,2026-01-27,0.0003810578817152743
full5y,P-confirm5-v5profit50,reset_mark,2026-01-28,0.00706719937179876
full5y,P-confirm5-v5profit50,reset_mark,2026-01-29,-0.005034238017632697
full5y,P-confirm5-v5profit50,reset_mark,2026-01-30,-0.012572597546002618
full5y,P-confirm5-v5profit50,reset_mark,2026-02-02,-0.007557334972967833
full5y,P-confirm5-v5profit50,reset_mark,2026-02-03,-0.015247596022958687
full5y,P-confirm5-v5profit50,reset_mark,2026-02-04,-0.0082382214852594
full5y,P-confirm5-v5profit50,reset_mark,2026-02-05,-0.0019524915166047596
full5y,P-confirm5-v5profit50,reset_mark,2026-02-06,0.01560510223328091
full5y,P-confirm5-v5profit50,reset_mark,2026-02-09,0.0038023028627598653
full5y,P-confirm5-v5profit50,reset_mark,2026-02-10,0.0001880347801924809
full5y,P-confirm5-v5profit50,reset_mark,2026-02-11,0.0003609437332528498
full5y,P-confirm5-v5profit50,reset_mark,2026-02-12,-0.01106068382045603
full5y,P-confirm5-v5profit50,reset_mark,2026-02-13,-0.004571650337269017
full5y,P-confirm5-v5profit50,reset_mark,2026-02-17,0.0009514894570442078
full5y,P-confirm5-v5profit50,reset_mark,2026-02-18,0.0032487377602767207
full5y,P-confirm5-v5profit50,reset_mark,2026-02-19,-0.0009341240834552344
full5y,P-confirm5-v5profit50,reset_mark,2026-02-20,0.0037670847308692635
full5y,P-confirm5-v5profit50,reset_mark,2026-02-23,-0.002070390734800698
full5y,P-confirm5-v5profit50,reset_mark,2026-02-24,0.0010924295265480998
full5y,P-confirm5-v5profit50,reset_mark,2026-02-25,0.005555010131206783
full5y,P-confirm5-v5profit50,reset_mark,2026-02-26,-0.016516801163806605
full5y,P-confirm5-v5profit50,reset_mark,2026-02-27,0.008251802817818666
full5y,P-confirm5-v5profit50,reset_mark,2026-03-02,0.0038566456175739396
full5y,P-confirm5-v5profit50,reset_mark,2026-03-03,-0.011774248924761522
full5y,P-confirm5-v5profit50,reset_mark,2026-03-04,0.02357012433850427
full5y,P-confirm5-v5profit50,reset_mark,2026-03-05,-0.0008219765752692454
full5y,P-confirm5-v5profit50,reset_mark,2026-03-06,-0.006062942144201134
full5y,P-confirm5-v5profit50,reset_mark,2026-03-09,0.009939440741951822
full5y,P-confirm5-v5profit50,reset_mark,2026-03-10,-0.005578773477721066
full5y,P-confirm5-v5profit50,reset_mark,2026-03-11,0.00486667984598661
full5y,P-confirm5-v5profit50,reset_mark,2026-03-12,-0.012295117300816316
full5y,P-confirm5-v5profit50,reset_mark,2026-03-13,-0.002659715106858862
full5y,P-confirm5-v5profit50,reset_mark,2026-03-16,0.0027744234905225486
full5y,P-confirm5-v5profit50,reset_mark,2026-03-17,0.002383333995197168
full5y,P-confirm5-v5profit50,reset_mark,2026-03-18,-0.006755189597385136
full5y,P-confirm5-v5profit50,reset_mark,2026-03-19,-0.0063212496624474365
full5y,P-confirm5-v5profit50,reset_mark,2026-03-20,-0.01404951910541712
full5y,P-confirm5-v5profit50,reset_mark,2026-03-23,0.010934741790751712
full5y,P-confirm5-v5profit50,reset_mark,2026-03-24,-0.013541748931829845
full5y,P-confirm5-v5profit50,reset_mark,2026-03-25,0.007752573737058399
full5y,P-confirm5-v5profit50,reset_mark,2026-03-26,-0.02384268600693549
full5y,P-confirm5-v5profit50,reset_mark,2026-03-27,-0.009253987161004973
full5y,P-confirm5-v5profit50,reset_mark,2026-03-30,-0.003442219599959007
full5y,P-confirm5-v5profit50,reset_mark,2026-03-31,0.012331088233485887
full5y,P-confirm5-v5profit50,reset_mark,2026-04-01,0.006877561591579817
full5y,P-confirm5-v5profit50,reset_mark,2026-04-02,-0.003540815105509598
full5y,P-confirm5-v5profit50,reset_mark,2026-04-06,-0.0020809562502857037
full5y,P-confirm5-v5profit50,reset_mark,2026-04-07,-0.00013028691416213655
full5y,P-confirm5-v5profit50,reset_mark,2026-04-08,0.002570871174947553
full5y,P-confirm5-v5profit50,reset_mark,2026-04-09,-0.007093577086290492
full5y,P-confirm5-v5profit50,reset_mark,2026-04-10,0.0036938477412627345
full5y,P-confirm5-v5profit50,reset_mark,2026-04-13,0.005813771134896606
full5y,P-confirm5-v5profit50,reset_mark,2026-04-14,0.018500537284614836
full5y,P-confirm5-v5profit50,reset_mark,2026-04-15,0.025493678546960295
full5y,P-confirm5-v5profit50,reset_mark,2026-04-16,0.0016646139452313412
full5y,P-confirm5-v5profit50,reset_mark,2026-04-17,0.0013835845697889205
full5y,P-confirm5-v5profit50,reset_mark,2026-04-20,-0.0008598431817615105
full5y,P-confirm5-v5profit50,reset_mark,2026-04-21,-0.003596508613825311
full5y,P-confirm5-v5profit50,reset_mark,2026-04-22,0.013804988257668937
full5y,P-confirm5-v5profit50,reset_mark,2026-04-23,-0.016602486687652285
full5y,P-confirm5-v5profit50,reset_mark,2026-04-24,0.01025950665594193
full5y,P-confirm5-v5profit50,reset_mark,2026-04-27,0.009334695336157717
full5y,P-confirm5-v5profit50,reset_mark,2026-04-28,-0.005609762039583211
full5y,P-confirm5-v5profit50,reset_mark,2026-04-29,-0.0028614296136693974
full5y,P-confirm5-v5profit50,reset_mark,2026-04-30,0.0031267896219765224
full5y,P-confirm5-v5profit50,reset_mark,2026-05-01,0.009800739057132479
full5y,P-confirm5-v5profit50,reset_mark,2026-05-04,0.0012963966615763378
full5y,P-confirm5-v5profit50,reset_mark,2026-05-05,0.0010995571167439545
full5y,P-confirm5-v5profit50,reset_mark,2026-05-06,0.01608355942250529
full5y,P-confirm5-v5profit50,reset_mark,2026-05-07,0.016356703026161788
full5y,P-confirm5-v5profit50,reset_mark,2026-05-08,0.0112325628780927
full5y,P-confirm5-v5profit50,reset_mark,2026-05-11,0.002499039904793543
full5y,P-confirm5-v5profit50,reset_mark,2026-05-12,-0.005783710582710133
full5y,P-confirm5-v5profit50,reset_mark,2026-05-13,0.01162690282227089
full5y,P-confirm5-v5profit50,reset_mark,2026-05-14,-0.00025469128235391383
full5y,P-confirm5-v5profit50,reset_mark,2026-05-15,-0.013457559554679765
full5y,P-confirm5-v5profit50,reset_mark,2026-05-18,-0.000862974054538701
full5y,P-confirm5-v5profit50,reset_mark,2026-05-19,-0.004623420609736528
full5y,P-confirm5-v5profit50,reset_mark,2026-05-20,0.009132087096903597
full5y,P-confirm5-v5profit50,reset_mark,2026-05-21,-0.002701293977409913
full5y,P-confirm5-v5profit50,reset_mark,2026-05-22,0.0038945113907073448
full5y,P-confirm5-v5profit50,reset_mark,2026-05-26,0.010913352849066794
full5y,P-confirm5-v5profit50,reset_mark,2026-05-27,-0.001970198330064821
full5y,P-confirm5-v5profit50,reset_mark,2026-05-28,0.04391971930308858
full5y,P-confirm5-v5profit50,reset_mark,2026-05-29,0.007943739427139395
full5y,P-confirm5-v5profit50,reset_mark,2026-06-01,0.014312400605351749
full5y,P-confirm5-v5profit50,reset_mark,2026-06-02,-0.011081225886195655
full5y,P-confirm5-v5profit50,reset_mark,2026-06-03,-0.015158608015473696
full5y,P-confirm5-v5profit50,reset_mark,2026-06-04,0.0005203237571319907
full5y,P-confirm5-v5profit50,reset_mark,2026-06-05,-0.032125021381020455
full5y,P-confirm5-v5profit50,reset_mark,2026-06-08,0.0077800670855041835
full5y,P-confirm5-v5profit50,reset_mark,2026-06-09,-0.00569505326396097
full5y,P-confirm5-v5profit50,reset_mark,2026-06-10,-0.004067851220674335
full5y,P-confirm5-v5profit50,reset_mark,2026-06-11,0.00020425406654052126
full5y,P-confirm5-v5profit50,reset_mark,2026-06-12,-0.0031656893505026874
full5y,P-confirm5-v5profit50,reset_mark,2026-06-15,0.0034367213858373493
full5y,P-confirm5-v5profit50,reset_mark,2026-06-16,-0.0010216759978194823
full5y,P-confirm5-v5profit50,reset_mark,2026-06-17,-0.001594496028437986
full5y,P-confirm5-v5profit50,reset_mark,2026-06-18,-0.0009508830571814952
full5y,P-confirm5-v5profit50,reset_mark,2026-06-22,-0.002453828022294935
full5y,P-confirm5-v5profit50,reset_mark,2026-06-23,0.0016858675960797153
full5y,P-confirm5-v5profit50,reset_mark,2026-06-24,-0.0019356827581182845
full5y,P-confirm5-v5profit50,reset_mark,2026-06-25,0.000491259404887634
full5y,P-confirm5-v5profit50,reset_mark,2026-06-26,0.009645031881770395
full5y,P-confirm5-v5profit50,reset_mark,2026-06-29,-0.001382705731639966
full5y,P-confirm5-v5profit50,reset_mark,2026-06-30,0.002339891814490769
full5y,P-confirm5-v5profit50,reset_mark,2026-07-01,0.005647292260248271
full5y,P-confirm5-v5profit50,reset_mark,2026-07-02,0.0012178261018067293
full5y,P-confirm5-v5profit50,reset_mark,2026-07-06,-0.00021460733777329822
full5y,P-confirm5-v5profit50,reset_mark,2026-07-07,0.0007910061420274728
full5y,P-confirm5-v5profit50,reset_mark,2026-07-08,-0.001958725070174516
full5y,P-confirm5-v5profit50,reset_mark,2026-07-09,0.002631083764520947
full5y,P-confirm5-v5profit50,reset_mark,2026-07-10,-0.0020654869606451685
full5y,P-confirm5-v5profit50,reset_mark,2026-07-13,0.004283334220519119
full5y,P-confirm5-v5profit50,reset_mark,2026-07-14,0.00116365990479127
full5y,P-confirm5-v5profit50,reset_mark,2026-07-15,0.0013047684426035987
full5y,P-confirm5-v5profit50,reset_mark,2026-07-16,0.0007021307088800665
full5y,P-confirm5-v5profit50,reset_mark,2026-07-17,-0.002229790692674338
full5y,P-confirm5-v5profit50,reset_mark,2026-07-20,0.003020974787506603
full5y,P-confirm5-v5profit50,reset_mark,2026-07-21,-0.0004970702730712984
full5y,P-confirm5-v5profit50,reset_mark,2026-07-22,-0.003513149966285789
full5y,P-confirm5-v5profit50,reset_mark,2026-07-23,-0.002715887969955466
full5y,P-confirm5-v5profit50,reset_mark,2026-07-24,0.0028784733434240595
full5y,P-confirm5-v5profit50,reset_mark,2026-07-27,0.004194022431430943
full5y,P-confirm5-v5profit50,reset_mark,2026-07-28,0.0029809515802536324
full5y,P-confirm5-v5profit50,reset_mark,2026-07-29,0.005636828472016376
full5y,P-confirm5-v5profit50,reset_mark,2026-07-30,0.020254916898038357
full5y,P-confirm5-v5profit50,reset_mark,2026-07-31,-0.0064614269396683025
full5y,P-confirm5-v5profit50,reset_mark,2026-08-03,0.02889899687265902
full5y,P-confirm5-v5profit50,reset_mark,2026-08-04,0.02628403750571211
full5y,P-confirm5-v5profit50,reset_mark,2026-08-05,-0.006569676005007674
full5y,P-confirm5-v5profit50,reset_mark,2026-08-06,-0.002444545040455015
full5y,P-confirm5-v5profit50,reset_mark,2026-08-07,0.012785295520698103
full5y,P-confirm5-v5profit50,reset_mark,2026-08-10,0.004217463037830748
full5y,P-confirm5-v5profit50,reset_mark,2026-08-11,-0.005271158881184202
full5y,P-confirm5-v5profit50,reset_mark,2026-08-12,-0.0008809228739186103
full5y,P-confirm5-v5profit50,reset_mark,2026-08-13,0.0029022936644162224
full5y,P-confirm5-v5profit50,reset_mark,2026-08-14,0.0124884367920437
full5y,P-confirm5-v5profit50,reset_mark,2026-08-17,-0.002895829778608405
full5y,P-confirm5-v5profit50,reset_mark,2026-08-18,-0.013980503302559389
full5y,P-confirm5-v5profit50,reset_mark,2026-08-19,0.0070348418147807125
full5y,P-confirm5-v5profit50,reset_mark,2026-08-20,-0.003071646970326214
full5y,P-confirm5-v5profit50,reset_mark,2026-08-21,0.00454246355313247
full5y,P-confirm5-v5profit50,reset_mark,2026-08-24,-0.0006954255409216791
full5y,P-confirm5-v5profit50,reset_mark,2026-08-25,0.001577029946714581
full5y,P-confirm5-v5profit50,reset_mark,2026-08-26,-0.0019387163847680688
full5y,P-confirm5-v5profit50,reset_mark,2026-08-27,0.003724046767215905
full5y,P-confirm5-v5profit50,carry_mark,2021-08-27,0.0
full5y,P-confirm5-v5profit50,carry_mark,2021-08-30,0.0
full5y,P-confirm5-v5profit50,carry_mark,2021-08-31,0.0002707110181594752
full5y,P-confirm5-v5profit50,carry_mark,2021-09-01,-0.00022155233598405432
full5y,P-confirm5-v5profit50,carry_mark,2021-09-02,-0.0002315788147756681
full5y,P-confirm5-v5profit50,carry_mark,2021-09-03,0.00016111325842673718
full5y,P-confirm5-v5profit50,carry_mark,2021-09-07,0.002637783858939624
full5y,P-confirm5-v5profit50,carry_mark,2021-09-08,0.00012617502122473921
full5y,P-confirm5-v5profit50,carry_mark,2021-09-09,0.0001313231087076927
full5y,P-confirm5-v5profit50,carry_mark,2021-09-10,-0.0024627038366134336
full5y,P-confirm5-v5profit50,carry_mark,2021-09-13,0.000914066245943812
full5y,P-confirm5-v5profit50,carry_mark,2021-09-14,0.00020053498586631858
full5y,P-confirm5-v5profit50,carry_mark,2021-09-15,0.0015231899000174077
full5y,P-confirm5-v5profit50,carry_mark,2021-09-16,0.0005336353150690698
full5y,P-confirm5-v5profit50,carry_mark,2021-09-17,-0.0014225826787375162
full5y,P-confirm5-v5profit50,carry_mark,2021-09-20,-0.005717958374318433
full5y,P-confirm5-v5profit50,carry_mark,2021-09-21,0.001431247781322531
full5y,P-confirm5-v5profit50,carry_mark,2021-09-22,0.002980942985915447
full5y,P-confirm5-v5profit50,carry_mark,2021-09-23,0.0012294781050453895
full5y,P-confirm5-v5profit50,carry_mark,2021-09-24,-0.0037653064659299296
full5y,P-confirm5-v5profit50,carry_mark,2021-09-27,0.004884864494234508
full5y,P-confirm5-v5profit50,carry_mark,2021-09-28,-0.005167157994756
full5y,P-confirm5-v5profit50,carry_mark,2021-09-29,-0.0015187100880318272
full5y,P-confirm5-v5profit50,carry_mark,2021-09-30,0.003291312676963343
full5y,P-confirm5-v5profit50,carry_mark,2021-10-01,-0.001978628171490493
full5y,P-confirm5-v5profit50,carry_mark,2021-10-04,-0.008898306181800509
full5y,P-confirm5-v5profit50,carry_mark,2021-10-05,0.009205595609327256
full5y,P-confirm5-v5profit50,carry_mark,2021-10-06,-0.0007764896038820135
full5y,P-confirm5-v5profit50,carry_mark,2021-10-07,0.011181380885228631
full5y,P-confirm5-v5profit50,carry_mark,2021-10-08,0.0029398124201407637
full5y,P-confirm5-v5profit50,carry_mark,2021-10-11,-0.0012529385458969421
full5y,P-confirm5-v5profit50,carry_mark,2021-10-12,-0.0017072749981464686
full5y,P-confirm5-v5profit50,carry_mark,2021-10-13,0.006244370175751723
full5y,P-confirm5-v5profit50,carry_mark,2021-10-14,-0.000589791987276822
full5y,P-confirm5-v5profit50,carry_mark,2021-10-15,0.0020691899262901712
full5y,P-confirm5-v5profit50,carry_mark,2021-10-18,0.0033573012360781362
full5y,P-confirm5-v5profit50,carry_mark,2021-10-19,0.008402746122033223
full5y,P-confirm5-v5profit50,carry_mark,2021-10-20,-0.000991628484246798
full5y,P-confirm5-v5profit50,carry_mark,2021-10-21,0.0039391448255510775
full5y,P-confirm5-v5profit50,carry_mark,2021-10-22,0.0020130473585447508
full5y,P-confirm5-v5profit50,carry_mark,2021-10-25,0.0019687839883497428
full5y,P-confirm5-v5profit50,carry_mark,2021-10-26,-0.006635583217066454
full5y,P-confirm5-v5profit50,carry_mark,2021-10-27,-0.003877928165077882
full5y,P-confirm5-v5profit50,carry_mark,2021-10-28,0.0017880670476427385
full5y,P-confirm5-v5profit50,carry_mark,2021-10-29,-0.00563973434808559
full5y,P-confirm5-v5profit50,carry_mark,2021-11-01,-0.0012585151156275342
full5y,P-confirm5-v5profit50,carry_mark,2021-11-02,0.0
full5y,P-confirm5-v5profit50,carry_mark,2021-11-03,0.0
full5y,P-confirm5-v5profit50,carry_mark,2021-11-04,0.0
full5y,P-confirm5-v5profit50,carry_mark,2021-11-05,0.0
full5y,P-confirm5-v5profit50,carry_mark,2021-11-08,0.0
full5y,P-confirm5-v5profit50,carry_mark,2021-11-09,0.0
full5y,P-confirm5-v5profit50,carry_mark,2021-11-10,0.0
full5y,P-confirm5-v5profit50,carry_mark,2021-11-11,0.0
full5y,P-confirm5-v5profit50,carry_mark,2021-11-12,0.0
full5y,P-confirm5-v5profit50,carry_mark,2021-11-15,0.0
full5y,P-confirm5-v5profit50,carry_mark,2021-11-16,0.0
full5y,P-confirm5-v5profit50,carry_mark,2021-11-17,0.0001446807529615457
full5y,P-confirm5-v5profit50,carry_mark,2021-11-18,-0.001398018270000645
full5y,P-confirm5-v5profit50,carry_mark,2021-11-19,-0.00047213602117285314
full5y,P-confirm5-v5profit50,carry_mark,2021-11-22,-0.0034567254677347224
full5y,P-confirm5-v5profit50,carry_mark,2021-11-23,-0.004915026211506801
full5y,P-confirm5-v5profit50,carry_mark,2021-11-24,0.0011317999999726602
full5y,P-confirm5-v5profit50,carry_mark,2021-11-26,-0.003053759503108211
full5y,P-confirm5-v5profit50,carry_mark,2021-11-29,0.0016608423964827646
full5y,P-confirm5-v5profit50,carry_mark,2021-11-30,0.0
full5y,P-confirm5-v5profit50,carry_mark,2021-12-01,0.0
full5y,P-confirm5-v5profit50,carry_mark,2021-12-02,0.0
full5y,P-confirm5-v5profit50,carry_mark,2021-12-03,0.0
full5y,P-confirm5-v5profit50,carry_mark,2021-12-06,0.0
full5y,P-confirm5-v5profit50,carry_mark,2021-12-07,0.0
full5y,P-confirm5-v5profit50,carry_mark,2021-12-08,0.0
full5y,P-confirm5-v5profit50,carry_mark,2021-12-09,-0.0024435980224609467
full5y,P-confirm5-v5profit50,carry_mark,2021-12-10,0.002745483977933971
full5y,P-confirm5-v5profit50,carry_mark,2021-12-13,-0.0046681357149386486
full5y,P-confirm5-v5profit50,carry_mark,2021-12-14,-0.000935265328570345
full5y,P-confirm5-v5profit50,carry_mark,2021-12-15,0.0027780918610421424
full5y,P-confirm5-v5profit50,carry_mark,2021-12-16,-0.009812950466482628
full5y,P-confirm5-v5profit50,carry_mark,2021-12-17,0.0022616700527611
full5y,P-confirm5-v5profit50,carry_mark,2021-12-20,-0.0003791349859946669
full5y,P-confirm5-v5profit50,carry_mark,2021-12-21,0.0071737093287165266
full5y,P-confirm5-v5profit50,carry_mark,2021-12-22,0.0009244120149909607
full5y,P-confirm5-v5profit50,carry_mark,2021-12-23,-0.0024797555798548587
full5y,P-confirm5-v5profit50,carry_mark,2021-12-27,0.0007931931172296513
full5y,P-confirm5-v5profit50,carry_mark,2021-12-28,-0.0033552083542858656
full5y,P-confirm5-v5profit50,carry_mark,2021-12-29,0.0011846666076972268
full5y,P-confirm5-v5profit50,carry_mark,2021-12-30,-0.0010400588771790065
full5y,P-confirm5-v5profit50,carry_mark,2021-12-31,-0.0017197274534627382
full5y,P-confirm5-v5profit50,carry_mark,2022-01-03,-0.0022297665388189116
full5y,P-confirm5-v5profit50,carry_mark,2022-01-04,-0.010258536520358496
full5y,P-confirm5-v5profit50,carry_mark,2022-01-05,-0.011631776763448254
full5y,P-confirm5-v5profit50,carry_mark,2022-01-06,0.0045405895165822165
full5y,P-confirm5-v5profit50,carry_mark,2022-01-07,0.006002550146946217
full5y,P-confirm5-v5profit50,carry_mark,2022-01-10,0.00024096017860506525
full5y,P-confirm5-v5profit50,carry_mark,2022-01-11,0.007477601512437149
full5y,P-confirm5-v5profit50,carry_mark,2022-01-12,0.0072564849679140455
full5y,P-confirm5-v5profit50,carry_mark,2022-01-13,-0.012702731760111663
full5y,P-confirm5-v5profit50,carry_mark,2022-01-14,0.0008408197752745372
full5y,P-confirm5-v5profit50,carry_mark,2022-01-18,-0.012593994692962195
full5y,P-confirm5-v5profit50,carry_mark,2022-01-19,-0.005386563549346091
full5y,P-confirm5-v5profit50,carry_mark,2022-01-20,0.009419226802286995
full5y,P-confirm5-v5profit50,carry_mark,2022-01-21,-0.005734410955871771
full5y,P-confirm5-v5profit50,carry_mark,2022-01-24,-0.004258051258785023
full5y,P-confirm5-v5profit50,carry_mark,2022-01-25,-0.006760593784593294
full5y,P-confirm5-v5profit50,carry_mark,2022-01-26,-0.004868637081682614
full5y,P-confirm5-v5profit50,carry_mark,2022-01-27,-0.010129021452757302
full5y,P-confirm5-v5profit50,carry_mark,2022-01-28,0.014251162311491372
full5y,P-confirm5-v5profit50,carry_mark,2022-01-31,0.025843541452979645
full5y,P-confirm5-v5profit50,carry_mark,2022-02-01,0.0046141102782761845
full5y,P-confirm5-v5profit50,carry_mark,2022-02-02,-0.006727646445012558
full5y,P-confirm5-v5profit50,carry_mark,2022-02-03,-0.027474183795001862
full5y,P-confirm5-v5profit50,carry_mark,2022-02-04,0.01534430879365083
full5y,P-confirm5-v5profit50,carry_mark,2022-02-07,-0.0009226527250840166
full5y,P-confirm5-v5profit50,carry_mark,2022-02-08,0.003323160821832538
full5y,P-confirm5-v5profit50,carry_mark,2022-02-09,0.019527828679434013
full5y,P-confirm5-v5profit50,carry_mark,2022-02-10,-0.013504781667255616
full5y,P-confirm5-v5profit50,carry_mark,2022-02-11,-0.023627758533892318
full5y,P-confirm5-v5profit50,carry_mark,2022-02-14,-0.003242085706821718
full5y,P-confirm5-v5profit50,carry_mark,2022-02-15,0.016764250887556686
full5y,P-confirm5-v5profit50,carry_mark,2022-02-16,0.014018979586114432
full5y,P-confirm5-v5profit50,carry_mark,2022-02-17,-0.021248117879413265
full5y,P-confirm5-v5profit50,carry_mark,2022-02-18,-0.0028339848502002885
full5y,P-confirm5-v5profit50,carry_mark,2022-02-22,-0.013308254226869065
full5y,P-confirm5-v5profit50,carry_mark,2022-02-23,-0.013707759440092327
full5y,P-confirm5-v5profit50,carry_mark,2022-02-24,0.029941634022192853
full5y,P-confirm5-v5profit50,carry_mark,2022-02-25,-0.008994145637484519
full5y,P-confirm5-v5profit50,carry_mark,2022-02-28,0.006219379688044502
full5y,P-confirm5-v5profit50,carry_mark,2022-03-01,-0.010564988226539184
full5y,P-confirm5-v5profit50,carry_mark,2022-03-02,0.005731666331558772
full5y,P-confirm5-v5profit50,carry_mark,2022-03-03,-0.022249341515597088
full5y,P-confirm5-v5profit50,carry_mark,2022-03-04,-0.0185279096389775
full5y,P-confirm5-v5profit50,carry_mark,2022-03-07,-0.04146222825299241
full5y,P-confirm5-v5profit50,carry_mark,2022-03-08,0.0011497043754050695
full5y,P-confirm5-v5profit50,carry_mark,2022-03-09,0.03467102463460836
full5y,P-confirm5-v5profit50,carry_mark,2022-03-10,-0.009457900339569957
full5y,P-confirm5-v5profit50,carry_mark,2022-03-11,-0.016137702445318137
full5y,P-confirm5-v5profit50,carry_mark,2022-03-14,-0.005226128649590267
full5y,P-confirm5-v5profit50,carry_mark,2022-03-15,0.012219014026115915
full5y,P-confirm5-v5profit50,carry_mark,2022-03-16,0.04658501131525587
full5y,P-confirm5-v5profit50,carry_mark,2022-03-17,-0.00035237869298268
full5y,P-confirm5-v5profit50,carry_mark,2022-03-18,0.021392510421130793
full5y,P-confirm5-v5profit50,carry_mark,2022-03-21,-0.005116046558045107
full5y,P-confirm5-v5profit50,carry_mark,2022-03-22,0.024406438077364378
full5y,P-confirm5-v5profit50,carry_mark,2022-03-23,-0.007613696109842716
full5y,P-confirm5-v5profit50,carry_mark,2022-03-24,0.008335451984381658
full5y,P-confirm5-v5profit50,carry_mark,2022-03-25,-0.011458270358417432
full5y,P-confirm5-v5profit50,carry_mark,2022-03-28,0.01828108554998593
full5y,P-confirm5-v5profit50,carry_mark,2022-03-29,0.004568630320539113
full5y,P-confirm5-v5profit50,carry_mark,2022-03-30,-0.0047513845257100675
full5y,P-confirm5-v5profit50,carry_mark,2022-03-31,-0.006368497805121265
full5y,P-confirm5-v5profit50,carry_mark,2022-04-01,0.004266384302801818
full5y,P-confirm5-v5profit50,carry_mark,2022-04-04,0.012151976111005647
full5y,P-confirm5-v5profit50,carry_mark,2022-04-05,-0.013556070452555602
full5y,P-confirm5-v5profit50,carry_mark,2022-04-06,-0.017311095063024064
full5y,P-confirm5-v5profit50,carry_mark,2022-04-07,0.0012870905705439028
full5y,P-confirm5-v5profit50,carry_mark,2022-04-08,-0.00637900980274062
full5y,P-confirm5-v5profit50,carry_mark,2022-04-11,-0.012125119461478017
full5y,P-confirm5-v5profit50,carry_mark,2022-04-12,0.00013966284747410907
full5y,P-confirm5-v5profit50,carry_mark,2022-04-13,0.003677749172649647
full5y,P-confirm5-v5profit50,carry_mark,2022-04-14,-0.005144265358011291
full5y,P-confirm5-v5profit50,carry_mark,2022-04-18,0.000993438653492018
full5y,P-confirm5-v5profit50,carry_mark,2022-04-19,0.0035308641123584115
full5y,P-confirm5-v5profit50,carry_mark,2022-04-20,-0.0011429798410952264
full5y,P-confirm5-v5profit50,carry_mark,2022-04-21,-0.004457246077440502
full5y,P-confirm5-v5profit50,carry_mark,2022-04-22,-0.00656380188422383
full5y,P-confirm5-v5profit50,carry_mark,2022-04-25,0.005315485916980234
full5y,P-confirm5-v5profit50,carry_mark,2022-04-26,-0.007334964030315738
full5y,P-confirm5-v5profit50,carry_mark,2022-04-27,0.0011400147275324678
full5y,P-confirm5-v5profit50,carry_mark,2022-04-28,0.004016697896795196
full5y,P-confirm5-v5profit50,carry_mark,2022-04-29,-0.004181202107854975
full5y,P-confirm5-v5profit50,carry_mark,2022-05-02,0.0025043285104370703
full5y,P-confirm5-v5profit50,carry_mark,2022-05-03,-0.0009456190212897897
full5y,P-confirm5-v5profit50,carry_mark,2022-05-04,0.0029100760318527376
full5y,P-confirm5-v5profit50,carry_mark,2022-05-05,-0.004355474310057861
full5y,P-confirm5-v5profit50,carry_mark,2022-05-06,-0.0009446529870309917
full5y,P-confirm5-v5profit50,carry_mark,2022-05-09,-0.003694545192795706
full5y,P-confirm5-v5profit50,carry_mark,2022-05-10,0.001859556155956854
full5y,P-confirm5-v5profit50,carry_mark,2022-05-11,-0.003320969279046848
full5y,P-confirm5-v5profit50,carry_mark,2022-05-12,-0.0019957712274333295
full5y,P-confirm5-v5profit50,carry_mark,2022-05-13,0.002259639269925384
full5y,P-confirm5-v5profit50,carry_mark,2022-05-16,0.00014552883345526625
full5y,P-confirm5-v5profit50,carry_mark,2022-05-17,0.0020344196268522905
full5y,P-confirm5-v5profit50,carry_mark,2022-05-18,-0.004774756443838712
full5y,P-confirm5-v5profit50,carry_mark,2022-05-19,-0.0003699631748394383
full5y,P-confirm5-v5profit50,carry_mark,2022-05-20,-0.0002291229487450197
full5y,P-confirm5-v5profit50,carry_mark,2022-05-23,0.0032031978207529787
full5y,P-confirm5-v5profit50,carry_mark,2022-05-24,-0.0003951654722485598
full5y,P-confirm5-v5profit50,carry_mark,2022-05-25,0.0011170148490201592
full5y,P-confirm5-v5profit50,carry_mark,2022-05-26,0.0012875228646442194
full5y,P-confirm5-v5profit50,carry_mark,2022-05-27,0.004230405315745212
full5y,P-confirm5-v5profit50,carry_mark,2022-05-31,-0.0022410564676105917
full5y,P-confirm5-v5profit50,carry_mark,2022-06-01,-0.0009727788078103927
full5y,P-confirm5-v5profit50,carry_mark,2022-06-02,0.010376715233526502
full5y,P-confirm5-v5profit50,carry_mark,2022-06-03,-0.0077515722947543945
full5y,P-confirm5-v5profit50,carry_mark,2022-06-06,-0.0018183517409254835
full5y,P-confirm5-v5profit50,carry_mark,2022-06-07,0.003886164016552196
full5y,P-confirm5-v5profit50,carry_mark,2022-06-08,0.002516598116985047
full5y,P-confirm5-v5profit50,carry_mark,2022-06-09,-0.0038043777179320613
full5y,P-confirm5-v5profit50,carry_mark,2022-06-10,-0.012570149267352526
full5y,P-confirm5-v5profit50,carry_mark,2022-06-13,-0.011691037842629282
full5y,P-confirm5-v5profit50,carry_mark,2022-06-14,0.0010628783985076496
full5y,P-confirm5-v5profit50,carry_mark,2022-06-15,0.007613943935911194
full5y,P-confirm5-v5profit50,carry_mark,2022-06-16,-0.011669314779698504
full5y,P-confirm5-v5profit50,carry_mark,2022-06-17,0.008076800467508628
full5y,P-confirm5-v5profit50,carry_mark,2022-06-21,0.010190001005630767
full5y,P-confirm5-v5profit50,carry_mark,2022-06-22,0.003564246878155686
full5y,P-confirm5-v5profit50,carry_mark,2022-06-23,0.016648127278401658
full5y,P-confirm5-v5profit50,carry_mark,2022-06-24,0.01634548173718735
full5y,P-confirm5-v5profit50,carry_mark,2022-06-27,-0.0045894256975792195
full5y,P-confirm5-v5profit50,carry_mark,2022-06-28,-0.012077410817883782
full5y,P-confirm5-v5profit50,carry_mark,2022-06-29,-0.0008089224699414643
full5y,P-confirm5-v5profit50,carry_mark,2022-06-30,-0.0027756423509651797
full5y,P-confirm5-v5profit50,carry_mark,2022-07-01,0.003933554808526663
full5y,P-confirm5-v5profit50,carry_mark,2022-07-05,0.007174977655000791
full5y,P-confirm5-v5profit50,carry_mark,2022-07-06,-0.0005810160955111443
full5y,P-confirm5-v5profit50,carry_mark,2022-07-07,0.0032922125481939847
full5y,P-confirm5-v5profit50,carry_mark,2022-07-08,0.0003834697450659119
full5y,P-confirm5-v5profit50,carry_mark,2022-07-11,-0.002680360079917532
full5y,P-confirm5-v5profit50,carry_mark,2022-07-12,-0.006415702453208838
full5y,P-confirm5-v5profit50,carry_mark,2022-07-13,0.0028673682443420834
full5y,P-confirm5-v5profit50,carry_mark,2022-07-14,-0.0022727332998374373
full5y,P-confirm5-v5profit50,carry_mark,2022-07-15,0.0011969904490624073
full5y,P-confirm5-v5profit50,carry_mark,2022-07-18,-0.0010003350848711624
full5y,P-confirm5-v5profit50,carry_mark,2022-07-19,-6.823586231052836e-06
full5y,P-confirm5-v5profit50,carry_mark,2022-07-20,0.007128217058608599
full5y,P-confirm5-v5profit50,carry_mark,2022-07-21,0.0005290005502500472
full5y,P-confirm5-v5profit50,carry_mark,2022-07-22,-0.009345077432092685
full5y,P-confirm5-v5profit50,carry_mark,2022-07-25,-0.001490317792362017
full5y,P-confirm5-v5profit50,carry_mark,2022-07-26,0.0
full5y,P-confirm5-v5profit50,carry_mark,2022-07-27,0.0
full5y,P-confirm5-v5profit50,carry_mark,2022-07-28,0.0
full5y,P-confirm5-v5profit50,carry_mark,2022-07-29,0.0
full5y,P-confirm5-v5profit50,carry_mark,2022-08-01,0.0
full5y,P-confirm5-v5profit50,carry_mark,2022-08-02,0.0
full5y,P-confirm5-v5profit50,carry_mark,2022-08-03,0.0
full5y,P-confirm5-v5profit50,carry_mark,2022-08-04,0.0
full5y,P-confirm5-v5profit50,carry_mark,2022-08-05,0.0
full5y,P-confirm5-v5profit50,carry_mark,2022-08-08,0.0
full5y,P-confirm5-v5profit50,carry_mark,2022-08-09,0.0
full5y,P-confirm5-v5profit50,carry_mark,2022-08-10,0.0
full5y,P-confirm5-v5profit50,carry_mark,2022-08-11,0.0
full5y,P-confirm5-v5profit50,carry_mark,2022-08-12,0.005200307507449775
full5y,P-confirm5-v5profit50,carry_mark,2022-08-15,-0.001414259168114973
full5y,P-confirm5-v5profit50,carry_mark,2022-08-16,-0.003377158650139811
full5y,P-confirm5-v5profit50,carry_mark,2022-08-17,-0.000603165785577442
full5y,P-confirm5-v5profit50,carry_mark,2022-08-18,-0.003485293263993339
full5y,P-confirm5-v5profit50,carry_mark,2022-08-19,-0.001676603452033576
full5y,P-confirm5-v5profit50,carry_mark,2022-08-22,0.0020823030137983923
full5y,P-confirm5-v5profit50,carry_mark,2022-08-23,-0.0003051696624335909
full5y,P-confirm5-v5profit50,carry_mark,2022-08-24,0.001224427485044499
full5y,P-confirm5-v5profit50,carry_mark,2022-08-25,0.014833677261199241
full5y,P-confirm5-v5profit50,carry_mark,2022-08-26,-0.0023977869997869328
full5y,P-confirm5-v5profit50,carry_mark,2022-08-29,-0.0028969056639751023
full5y,P-confirm5-v5profit50,carry_mark,2022-08-30,-0.008072531244201675
full5y,P-confirm5-v5profit50,carry_mark,2022-08-31,0.006315623897797673
full5y,P-confirm5-v5profit50,carry_mark,2022-09-01,-0.0034266060942455545
full5y,P-confirm5-v5profit50,carry_mark,2022-09-02,-0.006213204337382849
full5y,P-confirm5-v5profit50,carry_mark,2022-09-06,-0.005831817033679243
full5y,P-confirm5-v5profit50,carry_mark,2022-09-07,0.0002855810868112707
full5y,P-confirm5-v5profit50,carry_mark,2022-09-08,0.0
full5y,P-confirm5-v5profit50,carry_mark,2022-09-09,0.0
full5y,P-confirm5-v5profit50,carry_mark,2022-09-12,0.0
full5y,P-confirm5-v5profit50,carry_mark,2022-09-13,0.0
full5y,P-confirm5-v5profit50,carry_mark,2022-09-14,0.0
full5y,P-confirm5-v5profit50,carry_mark,2022-09-15,0.0
full5y,P-confirm5-v5profit50,carry_mark,2022-09-16,0.0
full5y,P-confirm5-v5profit50,carry_mark,2022-09-19,0.0
full5y,P-confirm5-v5profit50,carry_mark,2022-09-20,0.0
full5y,P-confirm5-v5profit50,carry_mark,2022-09-21,0.0
full5y,P-confirm5-v5profit50,carry_mark,2022-09-22,0.0
full5y,P-confirm5-v5profit50,carry_mark,2022-09-23,0.0
full5y,P-confirm5-v5profit50,carry_mark,2022-09-26,0.0
full5y,P-confirm5-v5profit50,carry_mark,2022-09-27,0.0
full5y,P-confirm5-v5profit50,carry_mark,2022-09-28,0.0
full5y,P-confirm5-v5profit50,carry_mark,2022-09-29,0.0
full5y,P-confirm5-v5profit50,carry_mark,2022-09-30,0.0
full5y,P-confirm5-v5profit50,carry_mark,2022-10-03,0.0
full5y,P-confirm5-v5profit50,carry_mark,2022-10-04,0.0
full5y,P-confirm5-v5profit50,carry_mark,2022-10-05,0.0
full5y,P-confirm5-v5profit50,carry_mark,2022-10-06,0.0
full5y,P-confirm5-v5profit50,carry_mark,2022-10-07,0.0
full5y,P-confirm5-v5profit50,carry_mark,2022-10-10,0.0
full5y,P-confirm5-v5profit50,carry_mark,2022-10-11,0.0
full5y,P-confirm5-v5profit50,carry_mark,2022-10-12,0.0
full5y,P-confirm5-v5profit50,carry_mark,2022-10-13,0.0
full5y,P-confirm5-v5profit50,carry_mark,2022-10-14,-0.01972387435530636
full5y,P-confirm5-v5profit50,carry_mark,2022-10-17,0.01854862160336328
full5y,P-confirm5-v5profit50,carry_mark,2022-10-18,0.00038029517838921166
full5y,P-confirm5-v5profit50,carry_mark,2022-10-19,-0.013982344413236803
full5y,P-confirm5-v5profit50,carry_mark,2022-10-20,-0.00047175495461944107
full5y,P-confirm5-v5profit50,carry_mark,2022-10-21,0.008834612356483928
full5y,P-confirm5-v5profit50,carry_mark,2022-10-24,-0.0263638490808474
full5y,P-confirm5-v5profit50,carry_mark,2022-10-25,0.012414322686174817
full5y,P-confirm5-v5profit50,carry_mark,2022-10-26,-0.006607509486069763
full5y,P-confirm5-v5profit50,carry_mark,2022-10-27,-0.005508077581122239
full5y,P-confirm5-v5profit50,carry_mark,2022-10-28,0.00904521263568434
full5y,P-confirm5-v5profit50,carry_mark,2022-10-31,-0.0034562372228127414
full5y,P-confirm5-v5profit50,carry_mark,2022-11-01,-0.0031026159952008635
full5y,P-confirm5-v5profit50,carry_mark,2022-11-02,-0.010344828946187823
full5y,P-confirm5-v5profit50,carry_mark,2022-11-03,-0.005769242612733561
full5y,P-confirm5-v5profit50,carry_mark,2022-11-04,0.005608576230622164
full5y,P-confirm5-v5profit50,carry_mark,2022-11-07,0.0
full5y,P-confirm5-v5profit50,carry_mark,2022-11-08,0.0017868800499873494
full5y,P-confirm5-v5profit50,carry_mark,2022-11-09,-0.011980775391914954
full5y,P-confirm5-v5profit50,carry_mark,2022-11-10,0.017706712260532508
full5y,P-confirm5-v5profit50,carry_mark,2022-11-11,0.022052318114762583
full5y,P-confirm5-v5profit50,carry_mark,2022-11-14,0.003627150716903249
full5y,P-confirm5-v5profit50,carry_mark,2022-11-15,0.022623063552984712
full5y,P-confirm5-v5profit50,carry_mark,2022-11-16,-0.013517658902956985
full5y,P-confirm5-v5profit50,carry_mark,2022-11-17,-0.0006640449971853868
full5y,P-confirm5-v5profit50,carry_mark,2022-11-18,-0.012768949341973302
full5y,P-confirm5-v5profit50,carry_mark,2022-11-21,-0.009172377567160018
full5y,P-confirm5-v5profit50,carry_mark,2022-11-22,-0.0008471442149169284
full5y,P-confirm5-v5profit50,carry_mark,2022-11-23,0.00643237510764294
full5y,P-confirm5-v5profit50,carry_mark,2022-11-25,-0.0032258803493833478
full5y,P-confirm5-v5profit50,carry_mark,2022-11-28,-0.004052541905729523
full5y,P-confirm5-v5profit50,carry_mark,2022-11-29,-0.0032716887405709327
full5y,P-confirm5-v5profit50,carry_mark,2022-11-30,0.013387658015124449
full5y,P-confirm5-v5profit50,carry_mark,2022-12-01,0.011533429077014157
full5y,P-confirm5-v5profit50,carry_mark,2022-12-02,-0.0016998179649078682
full5y,P-confirm5-v5profit50,carry_mark,2022-12-05,-0.015649757228278792
full5y,P-confirm5-v5profit50,carry_mark,2022-12-06,-0.002879417444050858
full5y,P-confirm5-v5profit50,carry_mark,2022-12-07,-0.0017810126923354485
full5y,P-confirm5-v5profit50,carry_mark,2022-12-08,0.004225349657375499
full5y,P-confirm5-v5profit50,carry_mark,2022-12-09,0.0033079765525869443
full5y,P-confirm5-v5profit50,carry_mark,2022-12-12,-0.01027809034588193
full5y,P-confirm5-v5profit50,carry_mark,2022-12-13,0.013001441927561374
full5y,P-confirm5-v5profit50,carry_mark,2022-12-14,-0.003494896366416822
full5y,P-confirm5-v5profit50,carry_mark,2022-12-15,-0.0038352387502257113
full5y,P-confirm5-v5profit50,carry_mark,2022-12-16,-0.004858919070880185
full5y,P-confirm5-v5profit50,carry_mark,2022-12-19,-0.003293329668611
full5y,P-confirm5-v5profit50,carry_mark,2022-12-20,-0.0058016498086379655
full5y,P-confirm5-v5profit50,carry_mark,2022-12-21,0.004939669187201301
full5y,P-confirm5-v5profit50,carry_mark,2022-12-22,-0.004347533139906301
full5y,P-confirm5-v5profit50,carry_mark,2022-12-23,-0.0013393101727003254
full5y,P-confirm5-v5profit50,carry_mark,2022-12-27,-0.0005271217830691399
full5y,P-confirm5-v5profit50,carry_mark,2022-12-28,0.00047909675408459585
full5y,P-confirm5-v5profit50,carry_mark,2022-12-29,0.0028608631456806368
full5y,P-confirm5-v5profit50,carry_mark,2022-12-30,0.0008147129958838261
full5y,P-confirm5-v5profit50,carry_mark,2023-01-03,-0.005601221723694727
full5y,P-confirm5-v5profit50,carry_mark,2023-01-04,0.003591880497852873
full5y,P-confirm5-v5profit50,carry_mark,2023-01-05,-0.0014343798684717467
full5y,P-confirm5-v5profit50,carry_mark,2023-01-06,0.0008275405745659103
full5y,P-confirm5-v5profit50,carry_mark,2023-01-09,0.0001805656823010704
full5y,P-confirm5-v5profit50,carry_mark,2023-01-10,0.0033262373170533043
full5y,P-confirm5-v5profit50,carry_mark,2023-01-11,0.0029971384931680055
full5y,P-confirm5-v5profit50,carry_mark,2023-01-12,-0.0017604070540971795
full5y,P-confirm5-v5profit50,carry_mark,2023-01-13,0.01136675731898984
full5y,P-confirm5-v5profit50,carry_mark,2023-01-17,-0.0006330293960829292
full5y,P-confirm5-v5profit50,carry_mark,2023-01-18,-0.016016017555292493
full5y,P-confirm5-v5profit50,carry_mark,2023-01-19,-0.008462074533997188
full5y,P-confirm5-v5profit50,carry_mark,2023-01-20,0.02918304949827414
full5y,P-confirm5-v5profit50,carry_mark,2023-01-23,0.02265457428313027
full5y,P-confirm5-v5profit50,carry_mark,2023-01-24,-0.003821392610944907
full5y,P-confirm5-v5profit50,carry_mark,2023-01-25,-0.0025085479684261334
full5y,P-confirm5-v5profit50,carry_mark,2023-01-26,0.02616609315218481
full5y,P-confirm5-v5profit50,carry_mark,2023-01-27,0.0159062918103986
full5y,P-confirm5-v5profit50,carry_mark,2023-01-30,-0.031919181335155936
full5y,P-confirm5-v5profit50,carry_mark,2023-01-31,0.0012127676873934013
full5y,P-confirm5-v5profit50,carry_mark,2023-02-01,0.009468775478351909
full5y,P-confirm5-v5profit50,carry_mark,2023-02-02,0.01154689445894439
full5y,P-confirm5-v5profit50,carry_mark,2023-02-03,-0.007381546098435565
full5y,P-confirm5-v5profit50,carry_mark,2023-02-06,0.0002441889851090728
full5y,P-confirm5-v5profit50,carry_mark,2023-02-07,0.0010525791279409225
full5y,P-confirm5-v5profit50,carry_mark,2023-02-08,0.002276304955598252
full5y,P-confirm5-v5profit50,carry_mark,2023-02-09,0.0029956849516678654
full5y,P-confirm5-v5profit50,carry_mark,2023-02-10,-0.005030873801899538
full5y,P-confirm5-v5profit50,carry_mark,2023-02-13,-0.0013532537087366902
full5y,P-confirm5-v5profit50,carry_mark,2023-02-14,0.0
full5y,P-confirm5-v5profit50,carry_mark,2023-02-15,0.0
full5y,P-confirm5-v5profit50,carry_mark,2023-02-16,0.0
full5y,P-confirm5-v5profit50,carry_mark,2023-02-17,0.0
full5y,P-confirm5-v5profit50,carry_mark,2023-02-21,0.0
full5y,P-confirm5-v5profit50,carry_mark,2023-02-22,0.0
full5y,P-confirm5-v5profit50,carry_mark,2023-02-23,0.0
full5y,P-confirm5-v5profit50,carry_mark,2023-02-24,0.0
full5y,P-confirm5-v5profit50,carry_mark,2023-02-27,0.0
full5y,P-confirm5-v5profit50,carry_mark,2023-02-28,0.0
full5y,P-confirm5-v5profit50,carry_mark,2023-03-01,0.0
full5y,P-confirm5-v5profit50,carry_mark,2023-03-02,0.0
full5y,P-confirm5-v5profit50,carry_mark,2023-03-03,0.0
full5y,P-confirm5-v5profit50,carry_mark,2023-03-06,0.0
full5y,P-confirm5-v5profit50,carry_mark,2023-03-07,0.0
full5y,P-confirm5-v5profit50,carry_mark,2023-03-08,0.0
full5y,P-confirm5-v5profit50,carry_mark,2023-03-09,0.0
full5y,P-confirm5-v5profit50,carry_mark,2023-03-10,0.0
full5y,P-confirm5-v5profit50,carry_mark,2023-03-13,0.0
full5y,P-confirm5-v5profit50,carry_mark,2023-03-14,0.0
full5y,P-confirm5-v5profit50,carry_mark,2023-03-15,0.0
full5y,P-confirm5-v5profit50,carry_mark,2023-03-16,0.0
full5y,P-confirm5-v5profit50,carry_mark,2023-03-17,0.0
full5y,P-confirm5-v5profit50,carry_mark,2023-03-20,0.0
full5y,P-confirm5-v5profit50,carry_mark,2023-03-21,0.0
full5y,P-confirm5-v5profit50,carry_mark,2023-03-22,0.0
full5y,P-confirm5-v5profit50,carry_mark,2023-03-23,0.0
full5y,P-confirm5-v5profit50,carry_mark,2023-03-24,0.0
full5y,P-confirm5-v5profit50,carry_mark,2023-03-27,-6.64577191686333e-05
full5y,P-confirm5-v5profit50,carry_mark,2023-03-28,-0.001263497725687812
full5y,P-confirm5-v5profit50,carry_mark,2023-03-29,0.003079334206671458
full5y,P-confirm5-v5profit50,carry_mark,2023-03-30,0.0073920104163430755
full5y,P-confirm5-v5profit50,carry_mark,2023-03-31,0.016590931268775734
full5y,P-confirm5-v5profit50,carry_mark,2023-04-03,0.004430369043533356
full5y,P-confirm5-v5profit50,carry_mark,2023-04-04,-0.0039327478801751805
full5y,P-confirm5-v5profit50,carry_mark,2023-04-05,-0.005793815079086373
full5y,P-confirm5-v5profit50,carry_mark,2023-04-06,0.0005396671100548533
full5y,P-confirm5-v5profit50,carry_mark,2023-04-10,0.003638115387587604
full5y,P-confirm5-v5profit50,carry_mark,2023-04-11,0.0024726074062450753
full5y,P-confirm5-v5profit50,carry_mark,2023-04-12,-0.0012457448431195894
full5y,P-confirm5-v5profit50,carry_mark,2023-04-13,0.001536166336011835
full5y,P-confirm5-v5profit50,carry_mark,2023-04-14,-0.007116514819488484
full5y,P-confirm5-v5profit50,carry_mark,2023-04-17,0.0015566284897158612
full5y,P-confirm5-v5profit50,carry_mark,2023-04-18,0.0007511612359413888
full5y,P-confirm5-v5profit50,carry_mark,2023-04-19,-0.0016438807103072773
full5y,P-confirm5-v5profit50,carry_mark,2023-04-20,-0.005467082096411169
full5y,P-confirm5-v5profit50,carry_mark,2023-04-21,0.0018071092101553665
full5y,P-confirm5-v5profit50,carry_mark,2023-04-24,0.0005004448311666909
full5y,P-confirm5-v5profit50,carry_mark,2023-04-25,-0.011440129911350672
full5y,P-confirm5-v5profit50,carry_mark,2023-04-26,0.0022630981852373886
full5y,P-confirm5-v5profit50,carry_mark,2023-04-27,0.0014634824270334467
full5y,P-confirm5-v5profit50,carry_mark,2023-04-28,0.0022200875083641103
full5y,P-confirm5-v5profit50,carry_mark,2023-05-01,-0.0023077591566806554
full5y,P-confirm5-v5profit50,carry_mark,2023-05-02,-0.004738528998127767
full5y,P-confirm5-v5profit50,carry_mark,2023-05-03,-0.0017489818905286447
full5y,P-confirm5-v5profit50,carry_mark,2023-05-04,-0.00032074367396977
full5y,P-confirm5-v5profit50,carry_mark,2023-05-05,0.004262559435918245
full5y,P-confirm5-v5profit50,carry_mark,2023-05-08,0.0019742248752856574
full5y,P-confirm5-v5profit50,carry_mark,2023-05-09,0.001339430248462059
full5y,P-confirm5-v5profit50,carry_mark,2023-05-10,0.005494955414782221
full5y,P-confirm5-v5profit50,carry_mark,2023-05-11,-0.00548742455562431
full5y,P-confirm5-v5profit50,carry_mark,2023-05-12,-0.0029497823368640264
full5y,P-confirm5-v5profit50,carry_mark,2023-05-15,-0.003976840381292257
full5y,P-confirm5-v5profit50,carry_mark,2023-05-16,0.005587458442052939
full5y,P-confirm5-v5profit50,carry_mark,2023-05-17,0.003163669701130578
full5y,P-confirm5-v5profit50,carry_mark,2023-05-18,0.011229999086305353
full5y,P-confirm5-v5profit50,carry_mark,2023-05-19,-0.003939361666062147
full5y,P-confirm5-v5profit50,carry_mark,2023-05-22,0.0031728976187817893
full5y,P-confirm5-v5profit50,carry_mark,2023-05-23,-0.006049753196017016
full5y,P-confirm5-v5profit50,carry_mark,2023-05-24,0.004367166584109872
full5y,P-confirm5-v5profit50,carry_mark,2023-05-25,0.0016742110622448348
full5y,P-confirm5-v5profit50,carry_mark,2023-05-26,0.016247590436893233
full5y,P-confirm5-v5profit50,carry_mark,2023-05-30,0.02426944691224666
full5y,P-confirm5-v5profit50,carry_mark,2023-05-31,-0.0037571298784773053
full5y,P-confirm5-v5profit50,carry_mark,2023-06-01,0.0028243017978595965
full5y,P-confirm5-v5profit50,carry_mark,2023-06-02,0.0029030141129136157
full5y,P-confirm5-v5profit50,carry_mark,2023-06-05,0.006846041084988897
full5y,P-confirm5-v5profit50,carry_mark,2023-06-06,0.015270880569484346
full5y,P-confirm5-v5profit50,carry_mark,2023-06-07,-0.01018311995470469
full5y,P-confirm5-v5profit50,carry_mark,2023-06-08,0.0207879183325288
full5y,P-confirm5-v5profit50,carry_mark,2023-06-09,0.003856858480145153
full5y,P-confirm5-v5profit50,carry_mark,2023-06-12,0.005707672865524582
full5y,P-confirm5-v5profit50,carry_mark,2023-06-13,0.015049103397405372
full5y,P-confirm5-v5profit50,carry_mark,2023-06-14,0.013690924054684372
full5y,P-confirm5-v5profit50,carry_mark,2023-06-15,0.03121401698843691
full5y,P-confirm5-v5profit50,carry_mark,2023-06-16,0.001978598941807608
full5y,P-confirm5-v5profit50,carry_mark,2023-06-20,-0.008906556504544094
full5y,P-confirm5-v5profit50,carry_mark,2023-06-21,-0.02915700994139687
full5y,P-confirm5-v5profit50,carry_mark,2023-06-22,0.016996778563676863
full5y,P-confirm5-v5profit50,carry_mark,2023-06-23,-0.001212049437432361
full5y,P-confirm5-v5profit50,carry_mark,2023-06-26,-0.008539960393055712
full5y,P-confirm5-v5profit50,carry_mark,2023-06-27,0.00631838604810282
full5y,P-confirm5-v5profit50,carry_mark,2023-06-28,0.007300269725369235
full5y,P-confirm5-v5profit50,carry_mark,2023-06-29,-0.005005326175037894
full5y,P-confirm5-v5profit50,carry_mark,2023-06-30,0.004618578948544538
full5y,P-confirm5-v5profit50,carry_mark,2023-07-03,4.079003469219522e-05
full5y,P-confirm5-v5profit50,carry_mark,2023-07-05,-0.00016556838227712589
full5y,P-confirm5-v5profit50,carry_mark,2023-07-06,-0.0006606514856712153
full5y,P-confirm5-v5profit50,carry_mark,2023-07-07,-0.0013553607759072771
full5y,P-confirm5-v5profit50,carry_mark,2023-07-10,-0.0007743545285504138
full5y,P-confirm5-v5profit50,carry_mark,2023-07-11,-0.00014671850152855325
full5y,P-confirm5-v5profit50,carry_mark,2023-07-12,0.002294996432037233
full5y,P-confirm5-v5profit50,carry_mark,2023-07-13,0.0030447283672450976
full5y,P-confirm5-v5profit50,carry_mark,2023-07-14,-0.001127696997732086
full5y,P-confirm5-v5profit50,carry_mark,2023-07-17,0.001983938350837988
full5y,P-confirm5-v5profit50,carry_mark,2023-07-18,0.009479363687843434
full5y,P-confirm5-v5profit50,carry_mark,2023-07-19,-0.0040767632155372935
full5y,P-confirm5-v5profit50,carry_mark,2023-07-20,-0.01564089447850403
full5y,P-confirm5-v5profit50,carry_mark,2023-07-21,-0.001930162428612625
full5y,P-confirm5-v5profit50,carry_mark,2023-07-24,0.0005933074336978983
full5y,P-confirm5-v5profit50,carry_mark,2023-07-25,0.0015445044848097945
full5y,P-confirm5-v5profit50,carry_mark,2023-07-26,-0.00493981640265192
full5y,P-confirm5-v5profit50,carry_mark,2023-07-27,-0.004334824781887137
full5y,P-confirm5-v5profit50,carry_mark,2023-07-28,0.0027910052032474875
full5y,P-confirm5-v5profit50,carry_mark,2023-07-31,-0.0007240540605867318
full5y,P-confirm5-v5profit50,carry_mark,2023-08-01,0.00012502467652069081
full5y,P-confirm5-v5profit50,carry_mark,2023-08-02,-0.00262829173875887
full5y,P-confirm5-v5profit50,carry_mark,2023-08-03,-0.00025648743141698516
full5y,P-confirm5-v5profit50,carry_mark,2023-08-04,0.00034286264147171953
full5y,P-confirm5-v5profit50,carry_mark,2023-08-07,0.0007108385444331011
full5y,P-confirm5-v5profit50,carry_mark,2023-08-08,0.0034804211269733208
full5y,P-confirm5-v5profit50,carry_mark,2023-08-09,-0.0014176935596923678
full5y,P-confirm5-v5profit50,carry_mark,2023-08-10,0.018967228485147602
full5y,P-confirm5-v5profit50,carry_mark,2023-08-11,-0.014791221846421343
full5y,P-confirm5-v5profit50,carry_mark,2023-08-14,0.02071790463188412
full5y,P-confirm5-v5profit50,carry_mark,2023-08-15,-0.0010096920951715438
full5y,P-confirm5-v5profit50,carry_mark,2023-08-16,-0.012353544703046703
full5y,P-confirm5-v5profit50,carry_mark,2023-08-17,-0.0018660786412446951
full5y,P-confirm5-v5profit50,carry_mark,2023-08-18,-0.005269149321958833
full5y,P-confirm5-v5profit50,carry_mark,2023-08-21,0.03164045184661424
full5y,P-confirm5-v5profit50,carry_mark,2023-08-22,0.0050845513548252175
full5y,P-confirm5-v5profit50,carry_mark,2023-08-23,-0.0002320849874111075
full5y,P-confirm5-v5profit50,carry_mark,2023-08-24,-0.012672301399263864
full5y,P-confirm5-v5profit50,carry_mark,2023-08-25,-0.007505390547851276
full5y,P-confirm5-v5profit50,carry_mark,2023-08-28,0.001766454478190005
full5y,P-confirm5-v5profit50,carry_mark,2023-08-29,0.012065025273645369
full5y,P-confirm5-v5profit50,carry_mark,2023-08-30,0.009317459598982492
full5y,P-confirm5-v5profit50,carry_mark,2023-08-31,-0.012670864965260853
full5y,P-confirm5-v5profit50,carry_mark,2023-09-01,-6.094574147742504e-05
full5y,P-confirm5-v5profit50,carry_mark,2023-09-05,-0.006911624833842678
full5y,P-confirm5-v5profit50,carry_mark,2023-09-06,-0.003475717234627507
full5y,P-confirm5-v5profit50,carry_mark,2023-09-07,0.001296528559530341
full5y,P-confirm5-v5profit50,carry_mark,2023-09-08,0.005316900771062882
full5y,P-confirm5-v5profit50,carry_mark,2023-09-11,0.0023274035452743314
full5y,P-confirm5-v5profit50,carry_mark,2023-09-12,-0.00547177818040343
full5y,P-confirm5-v5profit50,carry_mark,2023-09-13,0.0045954110885378045
full5y,P-confirm5-v5profit50,carry_mark,2023-09-14,0.0042611450780753015
full5y,P-confirm5-v5profit50,carry_mark,2023-09-15,-0.0017824396757769368
full5y,P-confirm5-v5profit50,carry_mark,2023-09-18,-0.009472320835395887
full5y,P-confirm5-v5profit50,carry_mark,2023-09-19,0.0011898821303599205
full5y,P-confirm5-v5profit50,carry_mark,2023-09-20,-0.009214905682685426
full5y,P-confirm5-v5profit50,carry_mark,2023-09-21,-0.012093343033670257
full5y,P-confirm5-v5profit50,carry_mark,2023-09-22,-0.0007241996687502139
full5y,P-confirm5-v5profit50,carry_mark,2023-09-25,-0.0009659999890538007
full5y,P-confirm5-v5profit50,carry_mark,2023-09-26,-0.00548524674612001
full5y,P-confirm5-v5profit50,carry_mark,2023-09-27,0.0034053773001755383
full5y,P-confirm5-v5profit50,carry_mark,2023-09-28,0.0029110633181158585
full5y,P-confirm5-v5profit50,carry_mark,2023-09-29,0.004776467071601886
full5y,P-confirm5-v5profit50,carry_mark,2023-10-02,0.0008880986732445417
full5y,P-confirm5-v5profit50,carry_mark,2023-10-03,-0.004410432728773062
full5y,P-confirm5-v5profit50,carry_mark,2023-10-04,0.005052601525744604
full5y,P-confirm5-v5profit50,carry_mark,2023-10-05,-0.002237187074299374
full5y,P-confirm5-v5profit50,carry_mark,2023-10-06,0.009813358629735069
full5y,P-confirm5-v5profit50,carry_mark,2023-10-09,-1.8689650547065727e-05
full5y,P-confirm5-v5profit50,carry_mark,2023-10-10,0.004165833633644677
full5y,P-confirm5-v5profit50,carry_mark,2023-10-11,0.0020081296607807886
full5y,P-confirm5-v5profit50,carry_mark,2023-10-12,-0.01201600888262606
full5y,P-confirm5-v5profit50,carry_mark,2023-10-13,-0.01129902845748586
full5y,P-confirm5-v5profit50,carry_mark,2023-10-16,0.0036713091377891583
full5y,P-confirm5-v5profit50,carry_mark,2023-10-17,-0.006892092131124494
full5y,P-confirm5-v5profit50,carry_mark,2023-10-18,-0.013868754299939811
full5y,P-confirm5-v5profit50,carry_mark,2023-10-19,-0.007161651382923173
full5y,P-confirm5-v5profit50,carry_mark,2023-10-20,-0.015934589294816837
full5y,P-confirm5-v5profit50,carry_mark,2023-10-23,0.004654423040024747
full5y,P-confirm5-v5profit50,carry_mark,2023-10-24,0.014282271564911464
full5y,P-confirm5-v5profit50,carry_mark,2023-10-25,-0.017058294457931354
full5y,P-confirm5-v5profit50,carry_mark,2023-10-26,-0.012312481092478478
full5y,P-confirm5-v5profit50,carry_mark,2023-10-27,0.003926203858021837
full5y,P-confirm5-v5profit50,carry_mark,2023-10-30,0.00906585734619143
full5y,P-confirm5-v5profit50,carry_mark,2023-10-31,-0.0028814658563175665
full5y,P-confirm5-v5profit50,carry_mark,2023-11-01,0.0023903253127536273
full5y,P-confirm5-v5profit50,carry_mark,2023-11-02,0.003981598549211563
full5y,P-confirm5-v5profit50,carry_mark,2023-11-03,0.021106395846708793
full5y,P-confirm5-v5profit50,carry_mark,2023-11-06,-0.008529670062336426
full5y,P-confirm5-v5profit50,carry_mark,2023-11-07,0.012980536216957439
full5y,P-confirm5-v5profit50,carry_mark,2023-11-08,-0.004824487688821178
full5y,P-confirm5-v5profit50,carry_mark,2023-11-09,-0.00930346785317725
full5y,P-confirm5-v5profit50,carry_mark,2023-11-10,0.007932377670386782
full5y,P-confirm5-v5profit50,carry_mark,2023-11-13,0.0014310090600975212
full5y,P-confirm5-v5profit50,carry_mark,2023-11-14,0.018272982840863074
full5y,P-confirm5-v5profit50,carry_mark,2023-11-15,0.011336916329258973
full5y,P-confirm5-v5profit50,carry_mark,2023-11-16,-0.010205317694008875
full5y,P-confirm5-v5profit50,carry_mark,2023-11-17,-0.0016890077171754613
full5y,P-confirm5-v5profit50,carry_mark,2023-11-20,0.016607645292886296
full5y,P-confirm5-v5profit50,carry_mark,2023-11-21,-0.009026366402940944
full5y,P-confirm5-v5profit50,carry_mark,2023-11-22,0.005627894421108559
full5y,P-confirm5-v5profit50,carry_mark,2023-11-24,0.0029606205307447842
full5y,P-confirm5-v5profit50,carry_mark,2023-11-27,-0.005509087578491801
full5y,P-confirm5-v5profit50,carry_mark,2023-11-28,-0.001029640135493759
full5y,P-confirm5-v5profit50,carry_mark,2023-11-29,-0.0057246125961150866
full5y,P-confirm5-v5profit50,carry_mark,2023-11-30,0.005627654063425402
full5y,P-confirm5-v5profit50,carry_mark,2023-12-01,-0.0010674183890541644
full5y,P-confirm5-v5profit50,carry_mark,2023-12-04,-0.0026730683826224344
full5y,P-confirm5-v5profit50,carry_mark,2023-12-05,-0.0019361979938145146
full5y,P-confirm5-v5profit50,carry_mark,2023-12-06,-0.0007926448722852975
full5y,P-confirm5-v5profit50,carry_mark,2023-12-07,0.0024957530737098168
full5y,P-confirm5-v5profit50,carry_mark,2023-12-08,0.003530204245506119
full5y,P-confirm5-v5profit50,carry_mark,2023-12-11,0.0066837119426887085
full5y,P-confirm5-v5profit50,carry_mark,2023-12-12,-0.0006497791700344257
full5y,P-confirm5-v5profit50,carry_mark,2023-12-13,0.009489683906961432
full5y,P-confirm5-v5profit50,carry_mark,2023-12-14,0.006908946386395031
full5y,P-confirm5-v5profit50,carry_mark,2023-12-15,0.0022202874856051325
full5y,P-confirm5-v5profit50,carry_mark,2023-12-18,0.004882047183150029
full5y,P-confirm5-v5profit50,carry_mark,2023-12-19,0.007808030069974059
full5y,P-confirm5-v5profit50,carry_mark,2023-12-20,-0.011948839841116332
full5y,P-confirm5-v5profit50,carry_mark,2023-12-21,0.011641259537035075
full5y,P-confirm5-v5profit50,carry_mark,2023-12-22,0.0032132308210476635
full5y,P-confirm5-v5profit50,carry_mark,2023-12-26,0.006807056873140071
full5y,P-confirm5-v5profit50,carry_mark,2023-12-27,0.004060124204162063
full5y,P-confirm5-v5profit50,carry_mark,2023-12-28,-0.0008468144655379261
full5y,P-confirm5-v5profit50,carry_mark,2023-12-29,-0.002358678780594181
full5y,P-confirm5-v5profit50,carry_mark,2024-01-02,-0.004373599708011688
full5y,P-confirm5-v5profit50,carry_mark,2024-01-03,-0.0038168574332685056
full5y,P-confirm5-v5profit50,carry_mark,2024-01-04,-0.00540212778591802
full5y,P-confirm5-v5profit50,carry_mark,2024-01-05,0.0007879596792135346
full5y,P-confirm5-v5profit50,carry_mark,2024-01-08,0.010608199772739491
full5y,P-confirm5-v5profit50,carry_mark,2024-01-09,-0.010266573390712241
full5y,P-confirm5-v5profit50,carry_mark,2024-01-10,0.0011587375500523133
full5y,P-confirm5-v5profit50,carry_mark,2024-01-11,0.003263960941268673
full5y,P-confirm5-v5profit50,carry_mark,2024-01-12,-0.002759594661371456
full5y,P-confirm5-v5profit50,carry_mark,2024-01-16,-0.016581314484062182
full5y,P-confirm5-v5profit50,carry_mark,2024-01-17,-0.015007605001393743
full5y,P-confirm5-v5profit50,carry_mark,2024-01-18,0.0023117779846092423
full5y,P-confirm5-v5profit50,carry_mark,2024-01-19,0.0033894989108200434
full5y,P-confirm5-v5profit50,carry_mark,2024-01-22,-0.00023674202918356758
full5y,P-confirm5-v5profit50,carry_mark,2024-01-23,0.004882790189953234
full5y,P-confirm5-v5profit50,carry_mark,2024-01-24,0.011954911332362695
full5y,P-confirm5-v5profit50,carry_mark,2024-01-25,0.007530840358282864
full5y,P-confirm5-v5profit50,carry_mark,2024-01-26,0.0005040883441569499
full5y,P-confirm5-v5profit50,carry_mark,2024-01-29,0.006218290760514234
full5y,P-confirm5-v5profit50,carry_mark,2024-01-30,-0.006119137217453741
full5y,P-confirm5-v5profit50,carry_mark,2024-01-31,-0.011356875274680035
full5y,P-confirm5-v5profit50,carry_mark,2024-02-01,0.0009098451958793219
full5y,P-confirm5-v5profit50,carry_mark,2024-02-02,0.0006661006495909505
full5y,P-confirm5-v5profit50,carry_mark,2024-02-05,-0.002959934828374
full5y,P-confirm5-v5profit50,carry_mark,2024-02-06,0.003907780688062945
full5y,P-confirm5-v5profit50,carry_mark,2024-02-07,0.002995784895280462
full5y,P-confirm5-v5profit50,carry_mark,2024-02-08,-0.0057038740412956755
full5y,P-confirm5-v5profit50,carry_mark,2024-02-09,0.0031147746863269933
full5y,P-confirm5-v5profit50,carry_mark,2024-02-12,-0.0028626353253497273
full5y,P-confirm5-v5profit50,carry_mark,2024-02-13,-0.004369812698948605
full5y,P-confirm5-v5profit50,carry_mark,2024-02-14,0.005805501107466737
full5y,P-confirm5-v5profit50,carry_mark,2024-02-15,-0.0004486187336276481
full5y,P-confirm5-v5profit50,carry_mark,2024-02-16,-0.0037933439115133026
full5y,P-confirm5-v5profit50,carry_mark,2024-02-20,-0.0013977313085134946
full5y,P-confirm5-v5profit50,carry_mark,2024-02-21,0.0005523823533940764
full5y,P-confirm5-v5profit50,carry_mark,2024-02-22,0.006072119865045833
full5y,P-confirm5-v5profit50,carry_mark,2024-02-23,-0.0012428141142436845
full5y,P-confirm5-v5profit50,carry_mark,2024-02-26,-0.005282309615006109
full5y,P-confirm5-v5profit50,carry_mark,2024-02-27,0.0021034610993271976
full5y,P-confirm5-v5profit50,carry_mark,2024-02-28,-0.0021226462893312536
full5y,P-confirm5-v5profit50,carry_mark,2024-02-29,0.004397429085841798
full5y,P-confirm5-v5profit50,carry_mark,2024-03-01,0.007176243435117446
full5y,P-confirm5-v5profit50,carry_mark,2024-03-04,0.002888768236980521
full5y,P-confirm5-v5profit50,carry_mark,2024-03-05,-0.004913644182543575
full5y,P-confirm5-v5profit50,carry_mark,2024-03-06,0.0029083203275570456
full5y,P-confirm5-v5profit50,carry_mark,2024-03-07,0.008038289224598195
full5y,P-confirm5-v5profit50,carry_mark,2024-03-08,-0.006867809289756488
full5y,P-confirm5-v5profit50,carry_mark,2024-03-11,-0.003065582238922571
full5y,P-confirm5-v5profit50,carry_mark,2024-03-12,0.011506170457327602
full5y,P-confirm5-v5profit50,carry_mark,2024-03-13,-0.001425265729898706
full5y,P-confirm5-v5profit50,carry_mark,2024-03-14,-0.000217067934394799
full5y,P-confirm5-v5profit50,carry_mark,2024-03-15,-0.0043796732097501675
full5y,P-confirm5-v5profit50,carry_mark,2024-03-18,0.007588504937938989
full5y,P-confirm5-v5profit50,carry_mark,2024-03-19,0.0019860472778829184
full5y,P-confirm5-v5profit50,carry_mark,2024-03-20,0.00427864189592424
full5y,P-confirm5-v5profit50,carry_mark,2024-03-21,0.0005900129684583532
full5y,P-confirm5-v5profit50,carry_mark,2024-03-22,0.005973424752577316
full5y,P-confirm5-v5profit50,carry_mark,2024-03-25,-0.00239202669533376
full5y,P-confirm5-v5profit50,carry_mark,2024-03-26,0.00039734826248130075
full5y,P-confirm5-v5profit50,carry_mark,2024-03-27,-0.0024160991544916353
full5y,P-confirm5-v5profit50,carry_mark,2024-03-28,-0.0011392480396961613
full5y,P-confirm5-v5profit50,carry_mark,2024-04-01,0.005085665709826492
full5y,P-confirm5-v5profit50,carry_mark,2024-04-02,-0.0013516075941575
full5y,P-confirm5-v5profit50,carry_mark,2024-04-03,0.00258181658967267
full5y,P-confirm5-v5profit50,carry_mark,2024-04-04,-0.005498677295486154
full5y,P-confirm5-v5profit50,carry_mark,2024-04-05,0.006222180635687224
full5y,P-confirm5-v5profit50,carry_mark,2024-04-08,0.00010108008647301548
full5y,P-confirm5-v5profit50,carry_mark,2024-04-09,-9.657780406833183e-05
full5y,P-confirm5-v5profit50,carry_mark,2024-04-10,-0.0009407262166612918
full5y,P-confirm5-v5profit50,carry_mark,2024-04-11,0.004846546204319235
full5y,P-confirm5-v5profit50,carry_mark,2024-04-12,-0.0034092726804771933
full5y,P-confirm5-v5profit50,carry_mark,2024-04-15,-0.006294909188095587
full5y,P-confirm5-v5profit50,carry_mark,2024-04-16,0.0016381749705632997
full5y,P-confirm5-v5profit50,carry_mark,2024-04-17,-0.0011859634636087746
full5y,P-confirm5-v5profit50,carry_mark,2024-04-18,-0.004671909824278275
full5y,P-confirm5-v5profit50,carry_mark,2024-04-19,-0.007652765361515978
full5y,P-confirm5-v5profit50,carry_mark,2024-04-22,-0.006365330886890818
full5y,P-confirm5-v5profit50,carry_mark,2024-04-23,0.008257700960555402
full5y,P-confirm5-v5profit50,carry_mark,2024-04-24,-0.0066428123699995845
full5y,P-confirm5-v5profit50,carry_mark,2024-04-25,-0.004423856557186301
full5y,P-confirm5-v5profit50,carry_mark,2024-04-26,0.013199024792029801
full5y,P-confirm5-v5profit50,carry_mark,2024-04-29,-0.010491236141343752
full5y,P-confirm5-v5profit50,carry_mark,2024-04-30,-0.012519214426814074
full5y,P-confirm5-v5profit50,carry_mark,2024-05-01,0.0010112803056722241
full5y,P-confirm5-v5profit50,carry_mark,2024-05-02,0.009411275251693229
full5y,P-confirm5-v5profit50,carry_mark,2024-05-03,0.012711957939681051
full5y,P-confirm5-v5profit50,carry_mark,2024-05-06,0.017052290870404697
full5y,P-confirm5-v5profit50,carry_mark,2024-05-07,-0.003817517741949794
full5y,P-confirm5-v5profit50,carry_mark,2024-05-08,-0.009270214909993014
full5y,P-confirm5-v5profit50,carry_mark,2024-05-09,-0.0024983359835148767
full5y,P-confirm5-v5profit50,carry_mark,2024-05-10,-0.004773836228077644
full5y,P-confirm5-v5profit50,carry_mark,2024-05-13,0.0015174840523656142
full5y,P-confirm5-v5profit50,carry_mark,2024-05-14,0.017677194919351946
full5y,P-confirm5-v5profit50,carry_mark,2024-05-15,0.004082278337724621
full5y,P-confirm5-v5profit50,carry_mark,2024-05-16,0.0018573325404716457
full5y,P-confirm5-v5profit50,carry_mark,2024-05-17,0.008311427867398325
full5y,P-confirm5-v5profit50,carry_mark,2024-05-20,0.011292293348879856
full5y,P-confirm5-v5profit50,carry_mark,2024-05-21,0.006870228120577737
full5y,P-confirm5-v5profit50,carry_mark,2024-05-22,-0.005746782192254785
full5y,P-confirm5-v5profit50,carry_mark,2024-05-23,-0.008863721740265151
full5y,P-confirm5-v5profit50,carry_mark,2024-05-24,0.014656706039028643
full5y,P-confirm5-v5profit50,carry_mark,2024-05-28,-0.000387842038425501
full5y,P-confirm5-v5profit50,carry_mark,2024-05-29,-0.005321604470488195
full5y,P-confirm5-v5profit50,carry_mark,2024-05-30,-0.011592035601378548
full5y,P-confirm5-v5profit50,carry_mark,2024-05-31,-0.01059492978816835
full5y,P-confirm5-v5profit50,carry_mark,2024-06-03,0.0010384710876925607
full5y,P-confirm5-v5profit50,carry_mark,2024-06-04,-0.005822885689187596
full5y,P-confirm5-v5profit50,carry_mark,2024-06-05,0.017235212416218903
full5y,P-confirm5-v5profit50,carry_mark,2024-06-06,0.0002747283939658729
full5y,P-confirm5-v5profit50,carry_mark,2024-06-07,-0.0015211800518873165
full5y,P-confirm5-v5profit50,carry_mark,2024-06-10,-0.0028871686666320897
full5y,P-confirm5-v5profit50,carry_mark,2024-06-11,0.002935503400487849
full5y,P-confirm5-v5profit50,carry_mark,2024-06-12,0.013315169306184793
full5y,P-confirm5-v5profit50,carry_mark,2024-06-13,0.0002982868967423613
full5y,P-confirm5-v5profit50,carry_mark,2024-06-14,0.0025289187245139287
full5y,P-confirm5-v5profit50,carry_mark,2024-06-17,0.012345761419488377
full5y,P-confirm5-v5profit50,carry_mark,2024-06-18,-0.002812469434636855
full5y,P-confirm5-v5profit50,carry_mark,2024-06-20,-0.016207526847935572
full5y,P-confirm5-v5profit50,carry_mark,2024-06-21,0.0050867117062103565
full5y,P-confirm5-v5profit50,carry_mark,2024-06-24,-0.006811697909628667
full5y,P-confirm5-v5profit50,carry_mark,2024-06-25,0.009874698464446375
full5y,P-confirm5-v5profit50,carry_mark,2024-06-26,0.006412270906311401
full5y,P-confirm5-v5profit50,carry_mark,2024-06-27,0.0032258541643392256
full5y,P-confirm5-v5profit50,carry_mark,2024-06-28,-0.004731831163538291
full5y,P-confirm5-v5profit50,carry_mark,2024-07-01,0.015839571030852994
full5y,P-confirm5-v5profit50,carry_mark,2024-07-02,0.015341471567540033
full5y,P-confirm5-v5profit50,carry_mark,2024-07-03,0.010730457187769927
full5y,P-confirm5-v5profit50,carry_mark,2024-07-05,0.01046186931248796
full5y,P-confirm5-v5profit50,carry_mark,2024-07-08,-0.0016046976053388895
full5y,P-confirm5-v5profit50,carry_mark,2024-07-09,-0.0004352569753606761
full5y,P-confirm5-v5profit50,carry_mark,2024-07-10,0.005517050577099591
full5y,P-confirm5-v5profit50,carry_mark,2024-07-11,-0.030554585273807
full5y,P-confirm5-v5profit50,carry_mark,2024-07-12,-0.0006424411849065281
full5y,P-confirm5-v5profit50,carry_mark,2024-07-15,0.009617465091422084
full5y,P-confirm5-v5profit50,carry_mark,2024-07-16,0.01448808665787522
full5y,P-confirm5-v5profit50,carry_mark,2024-07-17,-0.02579564244931416
full5y,P-confirm5-v5profit50,carry_mark,2024-07-18,-0.013689039872301589
full5y,P-confirm5-v5profit50,carry_mark,2024-07-19,-0.004972729372560358
full5y,P-confirm5-v5profit50,carry_mark,2024-07-22,0.010368972542888755
full5y,P-confirm5-v5profit50,carry_mark,2024-07-23,0.0008708304210651385
full5y,P-confirm5-v5profit50,carry_mark,2024-07-24,-0.014941483082435768
full5y,P-confirm5-v5profit50,carry_mark,2024-07-25,-0.0026856653624438786
full5y,P-confirm5-v5profit50,carry_mark,2024-07-26,0.0005903455605182683
full5y,P-confirm5-v5profit50,carry_mark,2024-07-29,0.0016016678893135184
full5y,P-confirm5-v5profit50,carry_mark,2024-07-30,-0.0016756818908642223
full5y,P-confirm5-v5profit50,carry_mark,2024-07-31,0.0017441189648910948
full5y,P-confirm5-v5profit50,carry_mark,2024-08-01,-0.006048119925034567
full5y,P-confirm5-v5profit50,carry_mark,2024-08-02,-0.00982848753733232
full5y,P-confirm5-v5profit50,carry_mark,2024-08-05,-0.0184757791174081
full5y,P-confirm5-v5profit50,carry_mark,2024-08-06,0.00796849416135883
full5y,P-confirm5-v5profit50,carry_mark,2024-08-07,-0.0022551150869462577
full5y,P-confirm5-v5profit50,carry_mark,2024-08-08,0.020245315482016735
full5y,P-confirm5-v5profit50,carry_mark,2024-08-09,0.002220805175048557
full5y,P-confirm5-v5profit50,carry_mark,2024-08-12,0.0031010007588275325
full5y,P-confirm5-v5profit50,carry_mark,2024-08-13,0.013262163426196839
full5y,P-confirm5-v5profit50,carry_mark,2024-08-14,-0.002672350891709474
full5y,P-confirm5-v5profit50,carry_mark,2024-08-15,0.014585839352301067
full5y,P-confirm5-v5profit50,carry_mark,2024-08-16,0.007411397985371671
full5y,P-confirm5-v5profit50,carry_mark,2024-08-19,0.009635466624742217
full5y,P-confirm5-v5profit50,carry_mark,2024-08-20,-0.003048072884441999
full5y,P-confirm5-v5profit50,carry_mark,2024-08-21,0.0056112818113637775
full5y,P-confirm5-v5profit50,carry_mark,2024-08-22,-0.009190447354374997
full5y,P-confirm5-v5profit50,carry_mark,2024-08-23,0.015757549154251694
full5y,P-confirm5-v5profit50,carry_mark,2024-08-26,-0.007162889330391398
full5y,P-confirm5-v5profit50,carry_mark,2024-08-27,0.0004771899318109618
full5y,P-confirm5-v5profit50,carry_mark,2024-08-28,-0.011295325392761934
full5y,P-confirm5-v5profit50,carry_mark,2024-08-29,0.016630488554401145
full5y,P-confirm5-v5profit50,carry_mark,2024-08-30,0.01706458803477362
full5y,P-confirm5-v5profit50,carry_mark,2024-09-03,-0.011978183262569686
full5y,P-confirm5-v5profit50,carry_mark,2024-09-04,0.004350685428839762
full5y,P-confirm5-v5profit50,carry_mark,2024-09-05,-0.007028231891955927
full5y,P-confirm5-v5profit50,carry_mark,2024-09-06,-0.011661500286477866
full5y,P-confirm5-v5profit50,carry_mark,2024-09-09,0.01135996814250928
full5y,P-confirm5-v5profit50,carry_mark,2024-09-10,-0.002055036164102286
full5y,P-confirm5-v5profit50,carry_mark,2024-09-11,0.007414641549940737
full5y,P-confirm5-v5profit50,carry_mark,2024-09-12,0.013153363603609147
full5y,P-confirm5-v5profit50,carry_mark,2024-09-13,0.0029544638288119263
full5y,P-confirm5-v5profit50,carry_mark,2024-09-16,-0.009625528494851755
full5y,P-confirm5-v5profit50,carry_mark,2024-09-17,0.005334697933118115
full5y,P-confirm5-v5profit50,carry_mark,2024-09-18,-0.005663357946788084
full5y,P-confirm5-v5profit50,carry_mark,2024-09-19,0.012220691055393695
full5y,P-confirm5-v5profit50,carry_mark,2024-09-20,-0.0029580634760711377
full5y,P-confirm5-v5profit50,carry_mark,2024-09-23,0.0008141814787651413
full5y,P-confirm5-v5profit50,carry_mark,2024-09-24,0.015320954999078507
full5y,P-confirm5-v5profit50,carry_mark,2024-09-25,-0.0036595080487952236
full5y,P-confirm5-v5profit50,carry_mark,2024-09-26,-0.004527305083961175
full5y,P-confirm5-v5profit50,carry_mark,2024-09-27,-0.00784518833735911
full5y,P-confirm5-v5profit50,carry_mark,2024-09-30,0.006149408971051295
full5y,P-confirm5-v5profit50,carry_mark,2024-10-01,-0.008906911296226505
full5y,P-confirm5-v5profit50,carry_mark,2024-10-02,0.0024077355917003105
full5y,P-confirm5-v5profit50,carry_mark,2024-10-03,0.0024916192285186376
full5y,P-confirm5-v5profit50,carry_mark,2024-10-04,0.010640505950241852
full5y,P-confirm5-v5profit50,carry_mark,2024-10-07,-0.00921416564840084
full5y,P-confirm5-v5profit50,carry_mark,2024-10-08,0.01505503227943159
full5y,P-confirm5-v5profit50,carry_mark,2024-10-09,-0.0017864825704399401
full5y,P-confirm5-v5profit50,carry_mark,2024-10-10,0.00317133159278834
full5y,P-confirm5-v5profit50,carry_mark,2024-10-11,0.007007026368337987
full5y,P-confirm5-v5profit50,carry_mark,2024-10-14,0.0035120560684853254
full5y,P-confirm5-v5profit50,carry_mark,2024-10-15,-0.006314374370626419
full5y,P-confirm5-v5profit50,carry_mark,2024-10-16,0.007652227908439169
full5y,P-confirm5-v5profit50,carry_mark,2024-10-17,-0.003092029929602491
full5y,P-confirm5-v5profit50,carry_mark,2024-10-18,0.009470179341128848
full5y,P-confirm5-v5profit50,carry_mark,2024-10-21,0.0012937581158934176
full5y,P-confirm5-v5profit50,carry_mark,2024-10-22,-0.003031560459539051
full5y,P-confirm5-v5profit50,carry_mark,2024-10-23,-0.007582699741105969
full5y,P-confirm5-v5profit50,carry_mark,2024-10-24,0.0032824761247035707
full5y,P-confirm5-v5profit50,carry_mark,2024-10-25,0.0023322459551555095
full5y,P-confirm5-v5profit50,carry_mark,2024-10-28,-0.00791155400784419
full5y,P-confirm5-v5profit50,carry_mark,2024-10-29,-0.0023319039521703553
full5y,P-confirm5-v5profit50,carry_mark,2024-10-30,0.005781204814953422
full5y,P-confirm5-v5profit50,carry_mark,2024-10-31,-0.01512369718130525
full5y,P-confirm5-v5profit50,carry_mark,2024-11-01,0.008566035386135585
full5y,P-confirm5-v5profit50,carry_mark,2024-11-04,-0.006819148781166439
full5y,P-confirm5-v5profit50,carry_mark,2024-11-05,0.006536826823749631
full5y,P-confirm5-v5profit50,carry_mark,2024-11-06,0.02099735310228331
full5y,P-confirm5-v5profit50,carry_mark,2024-11-07,0.020673903215117796
full5y,P-confirm5-v5profit50,carry_mark,2024-11-08,0.06078039117222837
full5y,P-confirm5-v5profit50,carry_mark,2024-11-11,0.010439594490293557
full5y,P-confirm5-v5profit50,carry_mark,2024-11-12,-7.016784052487069e-05
full5y,P-confirm5-v5profit50,carry_mark,2024-11-13,-0.005409633466987462
full5y,P-confirm5-v5profit50,carry_mark,2024-11-14,-0.0049166457923664805
full5y,P-confirm5-v5profit50,carry_mark,2024-11-15,-0.018352743404791948
full5y,P-confirm5-v5profit50,carry_mark,2024-11-18,0.011672284549897138
full5y,P-confirm5-v5profit50,carry_mark,2024-11-19,0.012280008133666698
full5y,P-confirm5-v5profit50,carry_mark,2024-11-20,0.016172742308415845
full5y,P-confirm5-v5profit50,carry_mark,2024-11-21,0.0037461127414102568
full5y,P-confirm5-v5profit50,carry_mark,2024-11-22,0.014399877763652058
full5y,P-confirm5-v5profit50,carry_mark,2024-11-25,-0.0035509615948412397
full5y,P-confirm5-v5profit50,carry_mark,2024-11-26,-0.0011242129738794793
full5y,P-confirm5-v5profit50,carry_mark,2024-11-27,-0.0005728805508959489
full5y,P-confirm5-v5profit50,carry_mark,2024-11-29,0.017129997077295723
full5y,P-confirm5-v5profit50,carry_mark,2024-12-02,0.009590455564042621
full5y,P-confirm5-v5profit50,carry_mark,2024-12-03,-0.0024719498623941294
full5y,P-confirm5-v5profit50,carry_mark,2024-12-04,0.009304020091479449
full5y,P-confirm5-v5profit50,carry_mark,2024-12-05,-0.014369186947136459
full5y,P-confirm5-v5profit50,carry_mark,2024-12-06,0.02058973330499725
full5y,P-confirm5-v5profit50,carry_mark,2024-12-09,0.0015473637479080482
full5y,P-confirm5-v5profit50,carry_mark,2024-12-10,-0.001247814714551998
full5y,P-confirm5-v5profit50,carry_mark,2024-12-11,0.018525102871860932
full5y,P-confirm5-v5profit50,carry_mark,2024-12-12,-0.00447269489575125
full5y,P-confirm5-v5profit50,carry_mark,2024-12-13,-0.000321650792945527
full5y,P-confirm5-v5profit50,carry_mark,2024-12-16,0.010974939274703787
full5y,P-confirm5-v5profit50,carry_mark,2024-12-17,0.0008490157655753894
full5y,P-confirm5-v5profit50,carry_mark,2024-12-18,-0.02473424163882674
full5y,P-confirm5-v5profit50,carry_mark,2024-12-19,0.007075414634505661
full5y,P-confirm5-v5profit50,carry_mark,2024-12-20,0.0017873864802808392
full5y,P-confirm5-v5profit50,carry_mark,2024-12-23,0.0021447990160566423
full5y,P-confirm5-v5profit50,carry_mark,2024-12-24,0.005683227002753722
full5y,P-confirm5-v5profit50,carry_mark,2024-12-26,-0.0009965427106170765
full5y,P-confirm5-v5profit50,carry_mark,2024-12-27,-0.005719313143314741
full5y,P-confirm5-v5profit50,carry_mark,2024-12-30,-0.004765945577165731
full5y,P-confirm5-v5profit50,carry_mark,2024-12-31,0.002776586948913906
full5y,P-confirm5-v5profit50,carry_mark,2025-01-02,-0.00012897667546717394
full5y,P-confirm5-v5profit50,carry_mark,2025-01-03,0.003435026268118024
full5y,P-confirm5-v5profit50,carry_mark,2025-01-06,0.004636289057492737
full5y,P-confirm5-v5profit50,carry_mark,2025-01-07,0.0011548439526546828
full5y,P-confirm5-v5profit50,carry_mark,2025-01-08,-0.009463836881823584
full5y,P-confirm5-v5profit50,carry_mark,2025-01-10,-0.0063410039495665595
full5y,P-confirm5-v5profit50,carry_mark,2025-01-13,-0.0029283442925603807
full5y,P-confirm5-v5profit50,carry_mark,2025-01-14,-0.004235527455671251
full5y,P-confirm5-v5profit50,carry_mark,2025-01-15,0.009965013617272778
full5y,P-confirm5-v5profit50,carry_mark,2025-01-16,-0.00662043249074753
full5y,P-confirm5-v5profit50,carry_mark,2025-01-17,0.006638006741834501
full5y,P-confirm5-v5profit50,carry_mark,2025-01-21,0.00856086623805834
full5y,P-confirm5-v5profit50,carry_mark,2025-01-22,0.015995372971109624
full5y,P-confirm5-v5profit50,carry_mark,2025-01-23,0.010123581328372721
full5y,P-confirm5-v5profit50,carry_mark,2025-01-24,-0.004903282724499414
full5y,P-confirm5-v5profit50,carry_mark,2025-01-27,-0.02272355195931718
full5y,P-confirm5-v5profit50,carry_mark,2025-01-28,0.02564181358285216
full5y,P-confirm5-v5profit50,carry_mark,2025-01-29,-0.015506309608738255
full5y,P-confirm5-v5profit50,carry_mark,2025-01-30,0.004599059264393612
full5y,P-confirm5-v5profit50,carry_mark,2025-01-31,-0.012109976517145082
full5y,P-confirm5-v5profit50,carry_mark,2025-02-03,-0.00997191166839687
full5y,P-confirm5-v5profit50,carry_mark,2025-02-04,0.009737856448763816
full5y,P-confirm5-v5profit50,carry_mark,2025-02-05,-0.011796325014052422
full5y,P-confirm5-v5profit50,carry_mark,2025-02-06,0.0038902888214605636
full5y,P-confirm5-v5profit50,carry_mark,2025-02-07,-0.0002266956314317059
full5y,P-confirm5-v5profit50,carry_mark,2025-02-10,0.008934514772517721
full5y,P-confirm5-v5profit50,carry_mark,2025-02-11,-0.0035906133446312327
full5y,P-confirm5-v5profit50,carry_mark,2025-02-12,0.006037911603502921
full5y,P-confirm5-v5profit50,carry_mark,2025-02-13,0.001744632217459774
full5y,P-confirm5-v5profit50,carry_mark,2025-02-14,0.006671218272001423
full5y,P-confirm5-v5profit50,carry_mark,2025-02-18,0.009455190347323839
full5y,P-confirm5-v5profit50,carry_mark,2025-02-19,0.0003487134758095922
full5y,P-confirm5-v5profit50,carry_mark,2025-02-20,-0.0001062857155257002
full5y,P-confirm5-v5profit50,carry_mark,2025-02-21,0.004972942986118533
full5y,P-confirm5-v5profit50,carry_mark,2025-02-24,-0.014543501697382822
full5y,P-confirm5-v5profit50,carry_mark,2025-02-25,0.00039302760556622076
full5y,P-confirm5-v5profit50,carry_mark,2025-02-26,0.0013613703641620844
full5y,P-confirm5-v5profit50,carry_mark,2025-02-27,-0.009216351471483697
full5y,P-confirm5-v5profit50,carry_mark,2025-02-28,0.000718072399559111
full5y,P-confirm5-v5profit50,carry_mark,2025-03-03,-0.004369789720220274
full5y,P-confirm5-v5profit50,carry_mark,2025-03-04,0.00036124891760269673
full5y,P-confirm5-v5profit50,carry_mark,2025-03-05,0.019130207566041512
full5y,P-confirm5-v5profit50,carry_mark,2025-03-06,-0.003614360133163985
full5y,P-confirm5-v5profit50,carry_mark,2025-03-07,0.002917228646316472
full5y,P-confirm5-v5profit50,carry_mark,2025-03-10,-0.0023605514677762286
full5y,P-confirm5-v5profit50,carry_mark,2025-03-11,-0.006522741569797108
full5y,P-confirm5-v5profit50,carry_mark,2025-03-12,0.003702606819155885
full5y,P-confirm5-v5profit50,carry_mark,2025-03-13,-0.011371506871712378
full5y,P-confirm5-v5profit50,carry_mark,2025-03-14,0.04411647252611654
full5y,P-confirm5-v5profit50,carry_mark,2025-03-17,-0.009639232132330033
full5y,P-confirm5-v5profit50,carry_mark,2025-03-18,-0.011646636040506508
full5y,P-confirm5-v5profit50,carry_mark,2025-03-19,0.007837110958463345
full5y,P-confirm5-v5profit50,carry_mark,2025-03-20,-0.0026780784753841825
full5y,P-confirm5-v5profit50,carry_mark,2025-03-21,0.002833280468032373
full5y,P-confirm5-v5profit50,carry_mark,2025-03-24,0.025612280087640316
full5y,P-confirm5-v5profit50,carry_mark,2025-03-25,0.0023418548423341013
full5y,P-confirm5-v5profit50,carry_mark,2025-03-26,-0.027038881755492173
full5y,P-confirm5-v5profit50,carry_mark,2025-03-27,0.0016216508329578217
full5y,P-confirm5-v5profit50,carry_mark,2025-03-28,-0.014026014963455536
full5y,P-confirm5-v5profit50,carry_mark,2025-03-31,-0.011608300150032813
full5y,P-confirm5-v5profit50,carry_mark,2025-04-01,0.006088265862934294
full5y,P-confirm5-v5profit50,carry_mark,2025-04-02,0.00608269228812659
full5y,P-confirm5-v5profit50,carry_mark,2025-04-03,-0.009811930185424289
full5y,P-confirm5-v5profit50,carry_mark,2025-04-04,-0.02064886178894949
full5y,P-confirm5-v5profit50,carry_mark,2025-04-07,-0.001716079663759973
full5y,P-confirm5-v5profit50,carry_mark,2025-04-08,-0.03863901188743059
full5y,P-confirm5-v5profit50,carry_mark,2025-04-09,0.10352586692557128
full5y,P-confirm5-v5profit50,carry_mark,2025-04-10,-0.04134965472332865
full5y,P-confirm5-v5profit50,carry_mark,2025-04-11,0.019034915549978538
full5y,P-confirm5-v5profit50,carry_mark,2025-04-14,0.006342614245773814
full5y,P-confirm5-v5profit50,carry_mark,2025-04-15,0.006324273060172736
full5y,P-confirm5-v5profit50,carry_mark,2025-04-16,-0.03692625495844043
full5y,P-confirm5-v5profit50,carry_mark,2025-04-17,-0.0028673292237516913
full5y,P-confirm5-v5profit50,carry_mark,2025-04-21,-0.012890532602978299
full5y,P-confirm5-v5profit50,carry_mark,2025-04-22,0.022721621488737243
full5y,P-confirm5-v5profit50,carry_mark,2025-04-23,0.010372257493661708
full5y,P-confirm5-v5profit50,carry_mark,2025-04-24,0.013585869342595158
full5y,P-confirm5-v5profit50,carry_mark,2025-04-25,0.004871719871481228
full5y,P-confirm5-v5profit50,carry_mark,2025-04-28,-0.0014571810166598587
full5y,P-confirm5-v5profit50,carry_mark,2025-04-29,0.002189024661990302
full5y,P-confirm5-v5profit50,carry_mark,2025-04-30,0.0034704239899420062
full5y,P-confirm5-v5profit50,carry_mark,2025-05-01,0.004431097593656064
full5y,P-confirm5-v5profit50,carry_mark,2025-05-02,0.016733056412797175
full5y,P-confirm5-v5profit50,carry_mark,2025-05-05,-0.005057221589209915
full5y,P-confirm5-v5profit50,carry_mark,2025-05-06,-0.013101902497383322
full5y,P-confirm5-v5profit50,carry_mark,2025-05-07,-0.003076327795178091
full5y,P-confirm5-v5profit50,carry_mark,2025-05-08,0.011470856609785418
full5y,P-confirm5-v5profit50,carry_mark,2025-05-09,-0.003130910221295713
full5y,P-confirm5-v5profit50,carry_mark,2025-05-12,0.04546223874273099
full5y,P-confirm5-v5profit50,carry_mark,2025-05-13,0.01624348485035838
full5y,P-confirm5-v5profit50,carry_mark,2025-05-14,-0.001062190511485772
full5y,P-confirm5-v5profit50,carry_mark,2025-05-15,-0.005059500414748707
full5y,P-confirm5-v5profit50,carry_mark,2025-05-16,0.004810843095301031
full5y,P-confirm5-v5profit50,carry_mark,2025-05-19,0.011040891599480563
full5y,P-confirm5-v5profit50,carry_mark,2025-05-20,0.007804152545919785
full5y,P-confirm5-v5profit50,carry_mark,2025-05-21,-0.022234468296879716
full5y,P-confirm5-v5profit50,carry_mark,2025-05-22,0.0028430078105378897
full5y,P-confirm5-v5profit50,carry_mark,2025-05-23,-0.0038353637630064276
full5y,P-confirm5-v5profit50,carry_mark,2025-05-27,0.006904706621291534
full5y,P-confirm5-v5profit50,carry_mark,2025-05-28,-0.007287557685912538
full5y,P-confirm5-v5profit50,carry_mark,2025-05-29,0.007958638664368379
full5y,P-confirm5-v5profit50,carry_mark,2025-05-30,-0.007458897589598501
full5y,P-confirm5-v5profit50,carry_mark,2025-06-02,0.007742799869263739
full5y,P-confirm5-v5profit50,carry_mark,2025-06-03,0.00909536534375921
full5y,P-confirm5-v5profit50,carry_mark,2025-06-04,0.005732125014849832
full5y,P-confirm5-v5profit50,carry_mark,2025-06-05,-0.0016911563770948047
full5y,P-confirm5-v5profit50,carry_mark,2025-06-06,0.0058164561452124005
full5y,P-confirm5-v5profit50,carry_mark,2025-06-09,0.00589496303540934
full5y,P-confirm5-v5profit50,carry_mark,2025-06-10,-0.0014000148355278186
full5y,P-confirm5-v5profit50,carry_mark,2025-06-11,0.0027996524751823016
full5y,P-confirm5-v5profit50,carry_mark,2025-06-12,-0.000371393332732084
full5y,P-confirm5-v5profit50,carry_mark,2025-06-13,-0.011034251380025884
full5y,P-confirm5-v5profit50,carry_mark,2025-06-16,0.005969019127606856
full5y,P-confirm5-v5profit50,carry_mark,2025-06-17,-0.005916620775509795
full5y,P-confirm5-v5profit50,carry_mark,2025-06-18,-0.0030625413992054875
full5y,P-confirm5-v5profit50,carry_mark,2025-06-20,-0.000982513123005635
full5y,P-confirm5-v5profit50,carry_mark,2025-06-23,0.007224025632830244
full5y,P-confirm5-v5profit50,carry_mark,2025-06-24,0.017618154531187803
full5y,P-confirm5-v5profit50,carry_mark,2025-06-25,0.0037107596799755282
full5y,P-confirm5-v5profit50,carry_mark,2025-06-26,0.010033132178236537
full5y,P-confirm5-v5profit50,carry_mark,2025-06-27,-0.00040035567890730486
full5y,P-confirm5-v5profit50,carry_mark,2025-06-30,0.0046966609918604576
full5y,P-confirm5-v5profit50,carry_mark,2025-07-01,-0.005318032982021515
full5y,P-confirm5-v5profit50,carry_mark,2025-07-02,0.00797794828263687
full5y,P-confirm5-v5profit50,carry_mark,2025-07-03,0.0040459036197789565
full5y,P-confirm5-v5profit50,carry_mark,2025-07-07,-0.005559682108742026
full5y,P-confirm5-v5profit50,carry_mark,2025-07-08,0.011609526443198348
full5y,P-confirm5-v5profit50,carry_mark,2025-07-09,0.002902195784182493
full5y,P-confirm5-v5profit50,carry_mark,2025-07-10,0.004256195638188276
full5y,P-confirm5-v5profit50,carry_mark,2025-07-11,-0.0025476488987567934
full5y,P-confirm5-v5profit50,carry_mark,2025-07-14,0.0028673529602071812
full5y,P-confirm5-v5profit50,carry_mark,2025-07-15,0.006659405137002727
full5y,P-confirm5-v5profit50,carry_mark,2025-07-16,7.935510861447614e-05
full5y,P-confirm5-v5profit50,carry_mark,2025-07-17,0.007640485791808471
full5y,P-confirm5-v5profit50,carry_mark,2025-07-18,-0.005192187737994247
full5y,P-confirm5-v5profit50,carry_mark,2025-07-21,0.0031192403426104297
full5y,P-confirm5-v5profit50,carry_mark,2025-07-22,0.0011259720674102857
full5y,P-confirm5-v5profit50,carry_mark,2025-07-23,0.010961474793120308
full5y,P-confirm5-v5profit50,carry_mark,2025-07-24,0.0006380295003097336
full5y,P-confirm5-v5profit50,carry_mark,2025-07-25,-0.0012396189416390424
full5y,P-confirm5-v5profit50,carry_mark,2025-07-28,-0.0009908312028942489
full5y,P-confirm5-v5profit50,carry_mark,2025-07-29,-0.006990098357291252
full5y,P-confirm5-v5profit50,carry_mark,2025-07-30,-0.0010776013200354706
full5y,P-confirm5-v5profit50,carry_mark,2025-07-31,-0.010013325085424019
full5y,P-confirm5-v5profit50,carry_mark,2025-08-01,-0.015476131514557156
full5y,P-confirm5-v5profit50,carry_mark,2025-08-04,0.010600334799568322
full5y,P-confirm5-v5profit50,carry_mark,2025-08-05,-0.0009330924442376154
full5y,P-confirm5-v5profit50,carry_mark,2025-08-06,0.001254656910991725
full5y,P-confirm5-v5profit50,carry_mark,2025-08-07,-0.001782428829384486
full5y,P-confirm5-v5profit50,carry_mark,2025-08-08,0.00321203944236087
full5y,P-confirm5-v5profit50,carry_mark,2025-08-11,-0.003740321655018719
full5y,P-confirm5-v5profit50,carry_mark,2025-08-12,0.010595463169074115
full5y,P-confirm5-v5profit50,carry_mark,2025-08-13,0.0047476989498928535
full5y,P-confirm5-v5profit50,carry_mark,2025-08-14,-0.003399524701846901
full5y,P-confirm5-v5profit50,carry_mark,2025-08-15,-0.0018622319775296824
full5y,P-confirm5-v5profit50,carry_mark,2025-08-18,0.0022986674610632196
full5y,P-confirm5-v5profit50,carry_mark,2025-08-19,-0.014221290347744187
full5y,P-confirm5-v5profit50,carry_mark,2025-08-20,-0.001393711261635977
full5y,P-confirm5-v5profit50,carry_mark,2025-08-21,-0.0029060100673198195
full5y,P-confirm5-v5profit50,carry_mark,2025-08-22,0.01318589797013714
full5y,P-confirm5-v5profit50,carry_mark,2025-08-25,8.557323364377644e-06
full5y,P-confirm5-v5profit50,carry_mark,2025-08-26,0.0018724772286508261
full5y,P-confirm5-v5profit50,carry_mark,2025-08-27,-0.006829112596276887
full5y,P-confirm5-v5profit50,carry_mark,2025-08-28,0.0029946967151579518
full5y,P-confirm5-v5profit50,carry_mark,2025-08-29,-0.003313176243169991
full5y,P-confirm5-v5profit50,carry_mark,2025-09-02,0.0007017857608425549
full5y,P-confirm5-v5profit50,carry_mark,2025-09-03,-0.0015352379988156973
full5y,P-confirm5-v5profit50,carry_mark,2025-09-04,-0.000723893320196789
full5y,P-confirm5-v5profit50,carry_mark,2025-09-05,-0.002450859723625387
full5y,P-confirm5-v5profit50,carry_mark,2025-09-08,0.0034939315462069074
full5y,P-confirm5-v5profit50,carry_mark,2025-09-09,0.007762354632261359
full5y,P-confirm5-v5profit50,carry_mark,2025-09-10,0.0016032528093606114
full5y,P-confirm5-v5profit50,carry_mark,2025-09-11,0.011816017674587231
full5y,P-confirm5-v5profit50,carry_mark,2025-09-12,0.007684985681147627
full5y,P-confirm5-v5profit50,carry_mark,2025-09-15,0.010262552840212723
full5y,P-confirm5-v5profit50,carry_mark,2025-09-16,-0.001076012066486076
full5y,P-confirm5-v5profit50,carry_mark,2025-09-17,0.00638910025886571
full5y,P-confirm5-v5profit50,carry_mark,2025-09-18,-0.003107445383877372
full5y,P-confirm5-v5profit50,carry_mark,2025-09-19,0.006396449285677774
full5y,P-confirm5-v5profit50,carry_mark,2025-09-22,0.010097398892042442
full5y,P-confirm5-v5profit50,carry_mark,2025-09-23,-0.020573847414885226
full5y,P-confirm5-v5profit50,carry_mark,2025-09-24,-0.0005644086665160031
full5y,P-confirm5-v5profit50,carry_mark,2025-09-25,-0.006173186706940115
full5y,P-confirm5-v5profit50,carry_mark,2025-09-26,0.002044992813380131
full5y,P-confirm5-v5profit50,carry_mark,2025-09-29,0.009472715572699764
full5y,P-confirm5-v5profit50,carry_mark,2025-09-30,0.004924848691726691
full5y,P-confirm5-v5profit50,carry_mark,2025-10-01,0.014306556406318015
full5y,P-confirm5-v5profit50,carry_mark,2025-10-02,-0.0011476998996178046
full5y,P-confirm5-v5profit50,carry_mark,2025-10-03,-0.008594050754326366
full5y,P-confirm5-v5profit50,carry_mark,2025-10-06,0.03078336309309363
full5y,P-confirm5-v5profit50,carry_mark,2025-10-07,-0.012545435249539761
full5y,P-confirm5-v5profit50,carry_mark,2025-10-08,0.014444449973807338
full5y,P-confirm5-v5profit50,carry_mark,2025-10-09,-0.0005430831248309121
full5y,P-confirm5-v5profit50,carry_mark,2025-10-10,-0.043469080127726475
full5y,P-confirm5-v5profit50,carry_mark,2025-10-13,0.02317680243160688
full5y,P-confirm5-v5profit50,carry_mark,2025-10-14,-0.00953237153732851
full5y,P-confirm5-v5profit50,carry_mark,2025-10-15,0.014577035048536757
full5y,P-confirm5-v5profit50,carry_mark,2025-10-16,-0.006715939189649567
full5y,P-confirm5-v5profit50,carry_mark,2025-10-17,0.005281068151848034
full5y,P-confirm5-v5profit50,carry_mark,2025-10-20,0.013280836108360538
full5y,P-confirm5-v5profit50,carry_mark,2025-10-21,-0.003131087978277414
full5y,P-confirm5-v5profit50,carry_mark,2025-10-22,-0.02637702013057406
full5y,P-confirm5-v5profit50,carry_mark,2025-10-23,0.015020808804421582
full5y,P-confirm5-v5profit50,carry_mark,2025-10-24,0.011124410150174702
full5y,P-confirm5-v5profit50,carry_mark,2025-10-27,0.026479128358435144
full5y,P-confirm5-v5profit50,carry_mark,2025-10-28,0.011239589902453528
full5y,P-confirm5-v5profit50,carry_mark,2025-10-29,0.001411223000673767
full5y,P-confirm5-v5profit50,carry_mark,2025-10-30,-0.018691684433998136
full5y,P-confirm5-v5profit50,carry_mark,2025-10-31,0.007586265088814959
full5y,P-confirm5-v5profit50,carry_mark,2025-11-03,-0.00278929863575772
full5y,P-confirm5-v5profit50,carry_mark,2025-11-04,-0.022663964191693052
full5y,P-confirm5-v5profit50,carry_mark,2025-11-05,0.003311165220909429
full5y,P-confirm5-v5profit50,carry_mark,2025-11-06,-0.014872034205621776
full5y,P-confirm5-v5profit50,carry_mark,2025-11-07,-0.004127914850100245
full5y,P-confirm5-v5profit50,carry_mark,2025-11-10,0.019336790304756945
full5y,P-confirm5-v5profit50,carry_mark,2025-11-11,-0.0030530647719590686
full5y,P-confirm5-v5profit50,carry_mark,2025-11-12,0.00041057561836550517
full5y,P-confirm5-v5profit50,carry_mark,2025-11-13,-0.022720175832781197
full5y,P-confirm5-v5profit50,carry_mark,2025-11-14,-0.005187574612392154
full5y,P-confirm5-v5profit50,carry_mark,2025-11-17,-0.005846672908241424
full5y,P-confirm5-v5profit50,carry_mark,2025-11-18,-0.0035522182903261145
full5y,P-confirm5-v5profit50,carry_mark,2025-11-19,-0.005059997042356335
full5y,P-confirm5-v5profit50,carry_mark,2025-11-20,-0.01639967930382554
full5y,P-confirm5-v5profit50,carry_mark,2025-11-21,0.002502050966151448
full5y,P-confirm5-v5profit50,carry_mark,2025-11-24,0.0146817306125826
full5y,P-confirm5-v5profit50,carry_mark,2025-11-25,-0.000721245447189256
full5y,P-confirm5-v5profit50,carry_mark,2025-11-26,0.0183679515693874
full5y,P-confirm5-v5profit50,carry_mark,2025-11-28,0.009499649367846807
full5y,P-confirm5-v5profit50,carry_mark,2025-12-01,-0.005919533532553478
full5y,P-confirm5-v5profit50,carry_mark,2025-12-02,-0.0006089736225019738
full5y,P-confirm5-v5profit50,carry_mark,2025-12-03,-0.005230687543875667
full5y,P-confirm5-v5profit50,carry_mark,2025-12-04,0.0055865647633975835
full5y,P-confirm5-v5profit50,carry_mark,2025-12-05,0.0070704029040891455
full5y,P-confirm5-v5profit50,carry_mark,2025-12-08,0.008555188711392481
full5y,P-confirm5-v5profit50,carry_mark,2025-12-09,0.009979951260960384
full5y,P-confirm5-v5profit50,carry_mark,2025-12-10,0.014559987461261104
full5y,P-confirm5-v5profit50,carry_mark,2025-12-11,0.005372803505727964
full5y,P-confirm5-v5profit50,carry_mark,2025-12-12,-0.016591043021752218
full5y,P-confirm5-v5profit50,carry_mark,2025-12-15,0.006459750929825203
full5y,P-confirm5-v5profit50,carry_mark,2025-12-16,0.0010415528533820884
full5y,P-confirm5-v5profit50,carry_mark,2025-12-17,-0.0017973966541063647
full5y,P-confirm5-v5profit50,carry_mark,2025-12-18,0.004964994868976081
full5y,P-confirm5-v5profit50,carry_mark,2025-12-19,0.013542858189059804
full5y,P-confirm5-v5profit50,carry_mark,2025-12-22,0.004540447685339344
full5y,P-confirm5-v5profit50,carry_mark,2025-12-23,-0.004075446568789665
full5y,P-confirm5-v5profit50,carry_mark,2025-12-24,0.0013477932893434907
full5y,P-confirm5-v5profit50,carry_mark,2025-12-26,-0.003778368644490737
full5y,P-confirm5-v5profit50,carry_mark,2025-12-29,0.0003527926854792751
full5y,P-confirm5-v5profit50,carry_mark,2025-12-30,-0.001366753225161521
full5y,P-confirm5-v5profit50,carry_mark,2025-12-31,-0.0049231975940356
full5y,P-confirm5-v5profit50,carry_mark,2026-01-02,0.011096793262862415
full5y,P-confirm5-v5profit50,carry_mark,2026-01-05,0.00018117421943926183
full5y,P-confirm5-v5profit50,carry_mark,2026-01-06,0.0008333797126936382
full5y,P-confirm5-v5profit50,carry_mark,2026-01-07,-0.003314619273567987
full5y,P-confirm5-v5profit50,carry_mark,2026-01-08,-0.006498855237720635
full5y,P-confirm5-v5profit50,carry_mark,2026-01-09,-0.0024739171526131807
full5y,P-confirm5-v5profit50,carry_mark,2026-01-12,0.010036946211852527
full5y,P-confirm5-v5profit50,carry_mark,2026-01-13,-0.008698090049589591
full5y,P-confirm5-v5profit50,carry_mark,2026-01-14,-0.005079182631612822
full5y,P-confirm5-v5profit50,carry_mark,2026-01-15,0.0006384627994660108
full5y,P-confirm5-v5profit50,carry_mark,2026-01-16,0.0016241044869099164
full5y,P-confirm5-v5profit50,carry_mark,2026-01-20,-0.006633180702615138
full5y,P-confirm5-v5profit50,carry_mark,2026-01-21,0.01962894403819082
full5y,P-confirm5-v5profit50,carry_mark,2026-01-22,0.007399969193352773
full5y,P-confirm5-v5profit50,carry_mark,2026-01-23,-0.011918414062068417
full5y,P-confirm5-v5profit50,carry_mark,2026-01-26,-0.0018178703187001432
full5y,P-confirm5-v5profit50,carry_mark,2026-01-27,0.0003810578817152743
full5y,P-confirm5-v5profit50,carry_mark,2026-01-28,0.00706719937179876
full5y,P-confirm5-v5profit50,carry_mark,2026-01-29,-0.005034238017632697
full5y,P-confirm5-v5profit50,carry_mark,2026-01-30,-0.012572597546002618
full5y,P-confirm5-v5profit50,carry_mark,2026-02-02,-0.007557334972967833
full5y,P-confirm5-v5profit50,carry_mark,2026-02-03,-0.015247596022958687
full5y,P-confirm5-v5profit50,carry_mark,2026-02-04,-0.0082382214852594
full5y,P-confirm5-v5profit50,carry_mark,2026-02-05,-0.0019524915166047596
full5y,P-confirm5-v5profit50,carry_mark,2026-02-06,0.01560510223328091
full5y,P-confirm5-v5profit50,carry_mark,2026-02-09,0.0038023028627598653
full5y,P-confirm5-v5profit50,carry_mark,2026-02-10,0.0001880347801924809
full5y,P-confirm5-v5profit50,carry_mark,2026-02-11,0.0003609437332528498
full5y,P-confirm5-v5profit50,carry_mark,2026-02-12,-0.01106068382045603
full5y,P-confirm5-v5profit50,carry_mark,2026-02-13,-0.004571650337269017
full5y,P-confirm5-v5profit50,carry_mark,2026-02-17,0.0009514894570442078
full5y,P-confirm5-v5profit50,carry_mark,2026-02-18,0.0032487377602767207
full5y,P-confirm5-v5profit50,carry_mark,2026-02-19,-0.0009341240834552344
full5y,P-confirm5-v5profit50,carry_mark,2026-02-20,0.0037670847308692635
full5y,P-confirm5-v5profit50,carry_mark,2026-02-23,-0.002070390734800698
full5y,P-confirm5-v5profit50,carry_mark,2026-02-24,0.0010924295265480998
full5y,P-confirm5-v5profit50,carry_mark,2026-02-25,0.005555010131206783
full5y,P-confirm5-v5profit50,carry_mark,2026-02-26,-0.016516801163806605
full5y,P-confirm5-v5profit50,carry_mark,2026-02-27,0.008251802817818666
full5y,P-confirm5-v5profit50,carry_mark,2026-03-02,0.0038566456175739396
full5y,P-confirm5-v5profit50,carry_mark,2026-03-03,-0.011774248924761522
full5y,P-confirm5-v5profit50,carry_mark,2026-03-04,0.02357012433850427
full5y,P-confirm5-v5profit50,carry_mark,2026-03-05,-0.0008219765752692454
full5y,P-confirm5-v5profit50,carry_mark,2026-03-06,-0.006062942144201134
full5y,P-confirm5-v5profit50,carry_mark,2026-03-09,0.009939440741951822
full5y,P-confirm5-v5profit50,carry_mark,2026-03-10,-0.005578773477721066
full5y,P-confirm5-v5profit50,carry_mark,2026-03-11,0.00486667984598661
full5y,P-confirm5-v5profit50,carry_mark,2026-03-12,-0.012295117300816316
full5y,P-confirm5-v5profit50,carry_mark,2026-03-13,-0.002659715106858862
full5y,P-confirm5-v5profit50,carry_mark,2026-03-16,0.0027744234905225486
full5y,P-confirm5-v5profit50,carry_mark,2026-03-17,0.002383333995197168
full5y,P-confirm5-v5profit50,carry_mark,2026-03-18,-0.006755189597385136
full5y,P-confirm5-v5profit50,carry_mark,2026-03-19,-0.0063212496624474365
full5y,P-confirm5-v5profit50,carry_mark,2026-03-20,-0.01404951910541712
full5y,P-confirm5-v5profit50,carry_mark,2026-03-23,0.010934741790751712
full5y,P-confirm5-v5profit50,carry_mark,2026-03-24,-0.013541748931829845
full5y,P-confirm5-v5profit50,carry_mark,2026-03-25,0.007752573737058399
full5y,P-confirm5-v5profit50,carry_mark,2026-03-26,-0.02384268600693549
full5y,P-confirm5-v5profit50,carry_mark,2026-03-27,-0.009253987161004973
full5y,P-confirm5-v5profit50,carry_mark,2026-03-30,-0.003442219599959007
full5y,P-confirm5-v5profit50,carry_mark,2026-03-31,0.012331088233485887
full5y,P-confirm5-v5profit50,carry_mark,2026-04-01,0.006877561591579817
full5y,P-confirm5-v5profit50,carry_mark,2026-04-02,-0.003540815105509598
full5y,P-confirm5-v5profit50,carry_mark,2026-04-06,-0.0020809562502857037
full5y,P-confirm5-v5profit50,carry_mark,2026-04-07,-0.00013028691416213655
full5y,P-confirm5-v5profit50,carry_mark,2026-04-08,0.002570871174947553
full5y,P-confirm5-v5profit50,carry_mark,2026-04-09,-0.007093577086290492
full5y,P-confirm5-v5profit50,carry_mark,2026-04-10,0.0036938477412627345
full5y,P-confirm5-v5profit50,carry_mark,2026-04-13,0.005813771134896606
full5y,P-confirm5-v5profit50,carry_mark,2026-04-14,0.018500537284614836
full5y,P-confirm5-v5profit50,carry_mark,2026-04-15,0.025493678546960295
full5y,P-confirm5-v5profit50,carry_mark,2026-04-16,0.0016646139452313412
full5y,P-confirm5-v5profit50,carry_mark,2026-04-17,0.0013835845697889205
full5y,P-confirm5-v5profit50,carry_mark,2026-04-20,-0.0008598431817615105
full5y,P-confirm5-v5profit50,carry_mark,2026-04-21,-0.003596508613825311
full5y,P-confirm5-v5profit50,carry_mark,2026-04-22,0.013804988257668937
full5y,P-confirm5-v5profit50,carry_mark,2026-04-23,-0.016602486687652285
full5y,P-confirm5-v5profit50,carry_mark,2026-04-24,0.01025950665594193
full5y,P-confirm5-v5profit50,carry_mark,2026-04-27,0.009334695336157717
full5y,P-confirm5-v5profit50,carry_mark,2026-04-28,-0.005609762039583211
full5y,P-confirm5-v5profit50,carry_mark,2026-04-29,-0.0028614296136693974
full5y,P-confirm5-v5profit50,carry_mark,2026-04-30,0.0031267896219765224
full5y,P-confirm5-v5profit50,carry_mark,2026-05-01,0.009800739057132479
full5y,P-confirm5-v5profit50,carry_mark,2026-05-04,0.0012963966615763378
full5y,P-confirm5-v5profit50,carry_mark,2026-05-05,0.0010995571167439545
full5y,P-confirm5-v5profit50,carry_mark,2026-05-06,0.01608355942250529
full5y,P-confirm5-v5profit50,carry_mark,2026-05-07,0.016356703026161788
full5y,P-confirm5-v5profit50,carry_mark,2026-05-08,0.0112325628780927
full5y,P-confirm5-v5profit50,carry_mark,2026-05-11,0.002499039904793543
full5y,P-confirm5-v5profit50,carry_mark,2026-05-12,-0.005783710582710133
full5y,P-confirm5-v5profit50,carry_mark,2026-05-13,0.01162690282227089
full5y,P-confirm5-v5profit50,carry_mark,2026-05-14,-0.00025469128235391383
full5y,P-confirm5-v5profit50,carry_mark,2026-05-15,-0.013457559554679765
full5y,P-confirm5-v5profit50,carry_mark,2026-05-18,-0.000862974054538701
full5y,P-confirm5-v5profit50,carry_mark,2026-05-19,-0.004623420609736528
full5y,P-confirm5-v5profit50,carry_mark,2026-05-20,0.009132087096903597
full5y,P-confirm5-v5profit50,carry_mark,2026-05-21,-0.002701293977409913
full5y,P-confirm5-v5profit50,carry_mark,2026-05-22,0.0038945113907073448
full5y,P-confirm5-v5profit50,carry_mark,2026-05-26,0.010913352849066794
full5y,P-confirm5-v5profit50,carry_mark,2026-05-27,-0.001970198330064821
full5y,P-confirm5-v5profit50,carry_mark,2026-05-28,0.04391971930308858
full5y,P-confirm5-v5profit50,carry_mark,2026-05-29,0.007943739427139395
full5y,P-confirm5-v5profit50,carry_mark,2026-06-01,0.014312400605351749
full5y,P-confirm5-v5profit50,carry_mark,2026-06-02,-0.011081225886195655
full5y,P-confirm5-v5profit50,carry_mark,2026-06-03,-0.015158608015473696
full5y,P-confirm5-v5profit50,carry_mark,2026-06-04,0.0005203237571319907
full5y,P-confirm5-v5profit50,carry_mark,2026-06-05,-0.032125021381020455
full5y,P-confirm5-v5profit50,carry_mark,2026-06-08,0.0077800670855041835
full5y,P-confirm5-v5profit50,carry_mark,2026-06-09,-0.00569505326396097
full5y,P-confirm5-v5profit50,carry_mark,2026-06-10,-0.004067851220674335
full5y,P-confirm5-v5profit50,carry_mark,2026-06-11,0.00020425406654052126
full5y,P-confirm5-v5profit50,carry_mark,2026-06-12,-0.0031656893505026874
full5y,P-confirm5-v5profit50,carry_mark,2026-06-15,0.0034367213858373493
full5y,P-confirm5-v5profit50,carry_mark,2026-06-16,-0.0010216759978194823
full5y,P-confirm5-v5profit50,carry_mark,2026-06-17,-0.001594496028437986
full5y,P-confirm5-v5profit50,carry_mark,2026-06-18,-0.0009508830571814952
full5y,P-confirm5-v5profit50,carry_mark,2026-06-22,-0.002453828022294935
full5y,P-confirm5-v5profit50,carry_mark,2026-06-23,0.0016858675960797153
full5y,P-confirm5-v5profit50,carry_mark,2026-06-24,-0.0019356827581182845
full5y,P-confirm5-v5profit50,carry_mark,2026-06-25,0.000491259404887634
full5y,P-confirm5-v5profit50,carry_mark,2026-06-26,0.009645031881770395
full5y,P-confirm5-v5profit50,carry_mark,2026-06-29,-0.001382705731639966
full5y,P-confirm5-v5profit50,carry_mark,2026-06-30,0.002339891814490769
full5y,P-confirm5-v5profit50,carry_mark,2026-07-01,0.005647292260248271
full5y,P-confirm5-v5profit50,carry_mark,2026-07-02,0.0012178261018067293
full5y,P-confirm5-v5profit50,carry_mark,2026-07-06,-0.00021460733777329822
full5y,P-confirm5-v5profit50,carry_mark,2026-07-07,0.0007910061420274728
full5y,P-confirm5-v5profit50,carry_mark,2026-07-08,-0.001958725070174516
full5y,P-confirm5-v5profit50,carry_mark,2026-07-09,0.002631083764520947
full5y,P-confirm5-v5profit50,carry_mark,2026-07-10,-0.0020654869606451685
full5y,P-confirm5-v5profit50,carry_mark,2026-07-13,0.004283334220519119
full5y,P-confirm5-v5profit50,carry_mark,2026-07-14,0.00116365990479127
full5y,P-confirm5-v5profit50,carry_mark,2026-07-15,0.0013047684426035987
full5y,P-confirm5-v5profit50,carry_mark,2026-07-16,0.0007021307088800665
full5y,P-confirm5-v5profit50,carry_mark,2026-07-17,-0.002229790692674338
full5y,P-confirm5-v5profit50,carry_mark,2026-07-20,0.003020974787506603
full5y,P-confirm5-v5profit50,carry_mark,2026-07-21,-0.0004970702730712984
full5y,P-confirm5-v5profit50,carry_mark,2026-07-22,-0.003513149966285789
full5y,P-confirm5-v5profit50,carry_mark,2026-07-23,-0.002715887969955466
full5y,P-confirm5-v5profit50,carry_mark,2026-07-24,0.0028784733434240595
full5y,P-confirm5-v5profit50,carry_mark,2026-07-27,0.004194022431430943
full5y,P-confirm5-v5profit50,carry_mark,2026-07-28,0.0029809515802536324
full5y,P-confirm5-v5profit50,carry_mark,2026-07-29,0.005636828472016376
full5y,P-confirm5-v5profit50,carry_mark,2026-07-30,0.020254916898038357
full5y,P-confirm5-v5profit50,carry_mark,2026-07-31,-0.0064614269396683025
full5y,P-confirm5-v5profit50,carry_mark,2026-08-03,0.02889899687265902
full5y,P-confirm5-v5profit50,carry_mark,2026-08-04,0.02628403750571211
full5y,P-confirm5-v5profit50,carry_mark,2026-08-05,-0.006569676005007674
full5y,P-confirm5-v5profit50,carry_mark,2026-08-06,-0.002444545040455015
full5y,P-confirm5-v5profit50,carry_mark,2026-08-07,0.012785295520698103
full5y,P-confirm5-v5profit50,carry_mark,2026-08-10,0.004217463037830748
full5y,P-confirm5-v5profit50,carry_mark,2026-08-11,-0.005271158881184202
full5y,P-confirm5-v5profit50,carry_mark,2026-08-12,-0.0008809228739186103
full5y,P-confirm5-v5profit50,carry_mark,2026-08-13,0.0029022936644162224
full5y,P-confirm5-v5profit50,carry_mark,2026-08-14,0.0124884367920437
full5y,P-confirm5-v5profit50,carry_mark,2026-08-17,-0.002895829778608405
full5y,P-confirm5-v5profit50,carry_mark,2026-08-18,-0.013980503302559389
full5y,P-confirm5-v5profit50,carry_mark,2026-08-19,0.0070348418147807125
full5y,P-confirm5-v5profit50,carry_mark,2026-08-20,-0.003071646970326214
full5y,P-confirm5-v5profit50,carry_mark,2026-08-21,0.00454246355313247
full5y,P-confirm5-v5profit50,carry_mark,2026-08-24,-0.0006954255409216791
full5y,P-confirm5-v5profit50,carry_mark,2026-08-25,0.001577029946714581
full5y,P-confirm5-v5profit50,carry_mark,2026-08-26,-0.0019387163847680688
full5y,P-confirm5-v5profit50,carry_mark,2026-08-27,0.003724046767215905
year2021,v5,reset_liquidate,2021-08-27,0.0
year2021,v5,reset_liquidate,2021-08-30,0.0
year2021,v5,reset_liquidate,2021-08-31,0.0
year2021,v5,reset_liquidate,2021-09-01,0.0
year2021,v5,reset_liquidate,2021-09-02,0.0
year2021,v5,reset_liquidate,2021-09-03,0.0
year2021,v5,reset_liquidate,2021-09-07,0.0
year2021,v5,reset_liquidate,2021-09-08,0.0
year2021,v5,reset_liquidate,2021-09-09,0.0
year2021,v5,reset_liquidate,2021-09-10,0.0
year2021,v5,reset_liquidate,2021-09-13,0.0
year2021,v5,reset_liquidate,2021-09-14,0.0
year2021,v5,reset_liquidate,2021-09-15,0.0
year2021,v5,reset_liquidate,2021-09-16,0.0
year2021,v5,reset_liquidate,2021-09-17,0.0
year2021,v5,reset_liquidate,2021-09-20,0.0
year2021,v5,reset_liquidate,2021-09-21,0.0
year2021,v5,reset_liquidate,2021-09-22,0.0
year2021,v5,reset_liquidate,2021-09-23,0.0006751727066287572
year2021,v5,reset_liquidate,2021-09-24,-0.006448512492050251
year2021,v5,reset_liquidate,2021-09-27,0.004423871591320627
year2021,v5,reset_liquidate,2021-09-28,0.0001970413283174377
year2021,v5,reset_liquidate,2021-09-29,-0.002163222236242379
year2021,v5,reset_liquidate,2021-09-30,0.003015075376884413
year2021,v5,reset_liquidate,2021-10-01,-0.0024390243902438933
year2021,v5,reset_liquidate,2021-10-04,-0.007300003051757808
year2021,v5,reset_liquidate,2021-10-05,0.0039913750803061586
year2021,v5,reset_liquidate,2021-10-06,-0.0014522837175506397
year2021,v5,reset_liquidate,2021-10-07,0.012315786261307582
year2021,v5,reset_liquidate,2021-10-08,0.0028116214487384104
year2021,v5,reset_liquidate,2021-10-11,-0.0003646252576225195
year2021,v5,reset_liquidate,2021-10-12,-0.0013723695865677898
year2021,v5,reset_liquidate,2021-10-13,0.005473092513412681
year2021,v5,reset_liquidate,2021-10-14,-0.0012313051311001245
year2021,v5,reset_liquidate,2021-10-15,0.0029385532793283708
year2021,v5,reset_liquidate,2021-10-18,0.0018166077005539183
year2021,v5,reset_liquidate,2021-10-19,0.00824129552178512
year2021,v5,reset_liquidate,2021-10-20,0.0011773880318995066
year2021,v5,reset_liquidate,2021-10-21,-0.0005430542912239101
year2021,v5,reset_liquidate,2021-10-22,0.00023401174641131118
year2021,v5,reset_liquidate,2021-10-25,0.0009338497651690148
year2021,v5,reset_liquidate,2021-10-26,-0.006168080330173365
year2021,v5,reset_liquidate,2021-10-27,-0.0030402605102905376
year2021,v5,reset_liquidate,2021-10-28,0.0006779686879303304
year2021,v5,reset_liquidate,2021-10-29,-0.00563973434808559
year2021,v5,reset_liquidate,2021-11-01,0.005263159327554279
year2021,v5,reset_liquidate,2021-11-02,-0.00805084745762713
year2021,v5,reset_liquidate,2021-11-03,0.002211982973160298
year2021,v5,reset_liquidate,2021-11-04,-0.0015329166404384642
year2021,v5,reset_liquidate,2021-11-05,-0.0049450494939517805
year2021,v5,reset_liquidate,2021-11-08,0.002986510966262057
year2021,v5,reset_liquidate,2021-11-09,-0.0024321781450037383
year2021,v5,reset_liquidate,2021-11-10,0.0028763182284005095
year2021,v5,reset_liquidate,2021-11-11,0.011369987512821745
year2021,v5,reset_liquidate,2021-11-12,0.0003347293103589166
year2021,v5,reset_liquidate,2021-11-15,-0.0018348661798489375
year2021,v5,reset_liquidate,2021-11-16,0.003313510303312839
year2021,v5,reset_liquidate,2021-11-17,-0.003289473725487968
year2021,v5,reset_liquidate,2021-11-18,-0.0063775511031579305
year2021,v5,reset_liquidate,2021-11-19,0.0013623978390449932
year2021,v5,reset_liquidate,2021-11-22,-0.0037634381771215917
year2021,v5,reset_liquidate,2021-11-23,-0.0013035395772704518
year2021,v5,reset_liquidate,2021-11-24,0.0008490580432819695
year2021,v5,reset_liquidate,2021-11-26,-0.008325539194425868
year2021,v5,reset_liquidate,2021-11-29,0.0006135683176469175
year2021,v5,reset_liquidate,2021-11-30,0.0
year2021,v5,reset_liquidate,2021-12-01,0.0
year2021,v5,reset_liquidate,2021-12-02,0.0
year2021,v5,reset_liquidate,2021-12-03,0.0
year2021,v5,reset_liquidate,2021-12-06,0.0
year2021,v5,reset_liquidate,2021-12-07,0.0
year2021,v5,reset_liquidate,2021-12-08,0.0
year2021,v5,reset_liquidate,2021-12-09,-0.0024435980224609467
year2021,v5,reset_liquidate,2021-12-10,0.002745483977933971
year2021,v5,reset_liquidate,2021-12-13,-0.0046681357149386486
year2021,v5,reset_liquidate,2021-12-14,-0.000935265328570345
year2021,v5,reset_liquidate,2021-12-15,0.0027780918610421424
year2021,v5,reset_liquidate,2021-12-16,-0.009812950466482628
year2021,v5,reset_liquidate,2021-12-17,0.0022616700527611
year2021,v5,reset_liquidate,2021-12-20,-0.0003791349859946669
year2021,v5,reset_liquidate,2021-12-21,0.0071737093287165266
year2021,v5,reset_liquidate,2021-12-22,0.0009244120149909607
year2021,v5,reset_liquidate,2021-12-23,-0.0024797555798548587
year2021,v5,reset_liquidate,2021-12-27,0.0007931931172296513
year2021,v5,reset_liquidate,2021-12-28,-0.0033552083542858656
year2021,v5,reset_liquidate,2021-12-29,0.0011846666076972268
year2021,v5,reset_liquidate,2021-12-30,-0.0010400588771790065
year2021,v5,reset_liquidate,2021-12-31,-0.0017197274534627494
year2021,v5,reset_liquidate,2022-01-03,-0.0022297665388189116
year2021,v5,reset_liquidate,2022-01-04,-0.010258536520358496
year2021,v5,reset_liquidate,2022-01-05,-0.011631776763448254
year2021,v5,reset_liquidate,2022-01-06,0.0045405895165822165
year2021,v5,reset_liquidate,2022-01-07,0.006002550146946217
year2021,v5,reset_liquidate,2022-01-10,0.00024096017860504305
year2021,v5,reset_liquidate,2022-01-11,0.007477601512437149
year2021,v5,reset_liquidate,2022-01-12,0.0072564849679140455
year2021,v5,reset_liquidate,2022-01-13,-0.012702731760111653
year2021,v5,reset_liquidate,2022-01-14,0.000840819775274515
year2021,v5,reset_liquidate,2022-01-18,-0.012593994692962195
year2021,v5,reset_liquidate,2022-01-19,-0.005386563549346068
year2021,v5,reset_liquidate,2022-01-20,0.009419226802286995
year2021,v5,reset_liquidate,2022-01-21,-0.005734410955871771
year2021,v5,reset_liquidate,2022-01-24,-0.004258051258785023
year2021,v5,reset_liquidate,2022-01-25,-0.006760593784593294
year2021,v5,reset_liquidate,2022-01-26,-0.004868637081682614
year2021,v5,reset_liquidate,2022-01-27,-0.010129021452757302
year2021,v5,reset_liquidate,2022-01-28,0.014251162311491372
year2021,v5,reset_liquidate,2022-01-31,0.025843541452979645
year2021,v5,reset_liquidate,2022-02-01,0.0046141102782761845
year2021,v5,reset_liquidate,2022-02-02,-0.006727646445012558
year2021,v5,reset_liquidate,2022-02-03,-0.027474183795001862
year2021,v5,reset_liquidate,2022-02-04,0.01534430879365083
year2021,v5,reset_liquidate,2022-02-07,-0.0009226527250840277
year2021,v5,reset_liquidate,2022-02-08,0.0033231608218325603
year2021,v5,reset_liquidate,2022-02-09,0.019527828679434013
year2021,v5,reset_liquidate,2022-02-10,-0.013504781667255628
year2021,v5,reset_liquidate,2022-02-11,-0.02362775853389233
year2021,v5,reset_liquidate,2022-02-14,-0.0032420857068217067
year2021,v5,reset_liquidate,2022-02-15,0.016764250887556665
year2021,v5,reset_liquidate,2022-02-16,0.014018979586114422
year2021,v5,reset_liquidate,2022-02-17,-0.021248117879413265
year2021,v5,reset_liquidate,2022-02-18,-0.0028339848502002885
year2021,v5,reset_liquidate,2022-02-22,-0.013308254226869065
year2021,v5,reset_liquidate,2022-02-23,-0.013707759440092337
year2021,v5,reset_liquidate,2022-02-24,0.029941634022192874
year2021,v5,reset_liquidate,2022-02-25,-0.008994145637484541
year2021,v5,reset_liquidate,2022-02-28,0.006219379688044502
year2021,v5,reset_liquidate,2022-03-01,-0.010564988226539184
year2021,v5,reset_liquidate,2022-03-02,0.005731666331558749
year2021,v5,reset_liquidate,2022-03-03,-0.022249341515597088
year2021,v5,reset_liquidate,2022-03-04,-0.01852790963897747
year2021,v5,reset_liquidate,2022-03-07,-0.041462228252992436
year2021,v5,reset_liquidate,2022-03-08,0.0011497043754050585
year2021,v5,reset_liquidate,2022-03-09,0.03467102463460838
year2021,v5,reset_liquidate,2022-03-10,-0.00945790033956997
year2021,v5,reset_liquidate,2022-03-11,-0.016137702445318147
year2021,v5,reset_liquidate,2022-03-14,-0.005226128649590267
year2021,v5,reset_liquidate,2022-03-15,0.012219014026115893
year2021,v5,reset_liquidate,2022-03-16,0.04658501131525583
year2021,v5,reset_liquidate,2022-03-17,-0.0003523786929826689
year2021,v5,reset_liquidate,2022-03-18,0.035559546741743796
year2021,v5,reset_liquidate,2022-03-21,-0.01752062634949767
year2021,v5,reset_liquidate,2022-03-22,0.0366068700772713
year2021,v5,reset_liquidate,2022-03-23,-0.008778741690660397
year2021,v5,reset_liquidate,2022-03-24,0.005388497259365854
year2021,v5,reset_liquidate,2022-03-25,-0.015911713060816835
year2021,v5,reset_liquidate,2022-03-28,0.02542507757178374
year2021,v5,reset_liquidate,2022-03-29,0.01588951154941476
year2021,v5,reset_liquidate,2022-03-30,-0.009256337856246976
year2021,v5,reset_liquidate,2022-03-31,-0.018354307242410196
year2021,v5,reset_liquidate,2022-04-01,0.017602538258522937
year2021,v5,reset_liquidate,2022-04-04,0.02021008709079889
year2021,v5,reset_liquidate,2022-04-05,-0.02724643277117781
year2021,v5,reset_liquidate,2022-04-06,-0.028217942027743005
year2021,v5,reset_liquidate,2022-04-07,0.0006233303246806598
year2021,v5,reset_liquidate,2022-04-08,-0.007598340746179743
year2021,v5,reset_liquidate,2022-04-11,-0.01937920620941167
year2021,v5,reset_liquidate,2022-04-12,0.003776007286518368
year2021,v5,reset_liquidate,2022-04-13,0.015281511128537461
year2021,v5,reset_liquidate,2022-04-14,-0.01861708365758199
year2021,v5,reset_liquidate,2022-04-18,-0.006679531319448051
year2021,v5,reset_liquidate,2022-04-19,0.00524780319721867
year2021,v5,reset_liquidate,2022-04-20,-0.0078009495173982256
year2021,v5,reset_liquidate,2022-04-21,-0.004969230609638798
year2021,v5,reset_liquidate,2022-04-22,-0.007911576346057447
year2021,v5,reset_liquidate,2022-04-25,0.004616021378190826
year2021,v5,reset_liquidate,2022-04-26,-0.019519085912264634
year2021,v5,reset_liquidate,2022-04-27,0.003565951157709346
year2021,v5,reset_liquidate,2022-04-28,0.004016697896795196
year2021,v5,reset_liquidate,2022-04-29,-0.004181202107854975
year2021,v5,reset_liquidate,2022-05-02,0.002504328510437093
year2021,v5,reset_liquidate,2022-05-03,-0.0009456190212897897
year2021,v5,reset_liquidate,2022-05-04,0.0029100760318527376
year2021,v5,reset_liquidate,2022-05-05,-0.004355474310057861
year2021,v5,reset_liquidate,2022-05-06,-0.0009446529870309917
year2021,v5,reset_liquidate,2022-05-09,-0.0036945451927956952
year2021,v5,reset_liquidate,2022-05-10,0.001859556155956854
year2021,v5,reset_liquidate,2022-05-11,-0.003320969279046848
year2021,v5,reset_liquidate,2022-05-12,-0.0019957712274333295
year2021,v5,reset_liquidate,2022-05-13,0.002259639269925384
year2021,v5,reset_liquidate,2022-05-16,0.00014552883345526625
year2021,v5,reset_liquidate,2022-05-17,0.0020344196268522905
year2021,v5,reset_liquidate,2022-05-18,-0.004774756443838712
year2021,v5,reset_liquidate,2022-05-19,-0.0003699631748394272
year2021,v5,reset_liquidate,2022-05-20,-0.0002291229487450308
year2021,v5,reset_liquidate,2022-05-23,0.0032031978207529787
year2021,v5,reset_liquidate,2022-05-24,-0.0003951654722485598
year2021,v5,reset_liquidate,2022-05-25,0.0011170148490201592
year2021,v5,reset_liquidate,2022-05-26,0.0012875228646442194
year2021,v5,reset_liquidate,2022-05-27,0.004230405315745233
year2021,v5,reset_liquidate,2022-05-31,-0.0022410564676106025
year2021,v5,reset_liquidate,2022-06-01,-0.0009727788078103816
year2021,v5,reset_liquidate,2022-06-02,0.010376715233526502
year2021,v5,reset_liquidate,2022-06-03,-0.007751572294754383
year2021,v5,reset_liquidate,2022-06-06,-0.0018183517409255056
year2021,v5,reset_liquidate,2022-06-07,0.003886164016552196
year2021,v5,reset_liquidate,2022-06-08,0.0025165981169850693
year2021,v5,reset_liquidate,2022-06-09,-0.003804377717932084
year2021,v5,reset_liquidate,2022-06-10,-0.012570149267352526
year2021,v5,reset_liquidate,2022-06-13,-0.011691037842629282
year2021,v5,reset_liquidate,2022-06-14,0.001062878398507694
year2021,v5,reset_liquidate,2022-06-15,0.007613943935911216
year2021,v5,reset_liquidate,2022-06-16,-0.011669314779698504
year2021,v5,reset_liquidate,2022-06-17,0.008076800467508605
year2021,v5,reset_liquidate,2022-06-21,0.010190001005630788
year2021,v5,reset_liquidate,2022-06-22,0.003564246878155686
year2021,v5,reset_liquidate,2022-06-23,0.016648127278401682
year2021,v5,reset_liquidate,2022-06-24,0.01634548173718735
year2021,v5,reset_liquidate,2022-06-27,-0.0045894256975792195
year2021,v5,reset_liquidate,2022-06-28,-0.012077410817883771
year2021,v5,reset_liquidate,2022-06-29,-0.0003063912053249851
year2021,v5,reset_liquidate,2022-06-30,-0.006312628456834857
year2021,v5,reset_liquidate,2022-07-01,0.0055585312381704055
year2021,v5,reset_liquidate,2022-07-05,0.012341050270722565
year2021,v5,reset_liquidate,2022-07-06,0.0013293148534655242
year2021,v5,reset_liquidate,2022-07-07,0.009489603379203192
year2021,v5,reset_liquidate,2022-07-08,0.0008517651193323151
year2021,v5,reset_liquidate,2022-07-11,-0.009062569533544073
year2021,v5,reset_liquidate,2022-07-12,-0.009326454090748093
year2021,v5,reset_liquidate,2022-07-13,0.0022362201843154073
year2021,v5,reset_liquidate,2022-07-14,-0.0012406113804903196
year2021,v5,reset_liquidate,2022-07-15,0.006462220470643798
year2021,v5,reset_liquidate,2022-07-18,-0.0033146267035909726
year2021,v5,reset_liquidate,2022-07-19,0.008743652040458494
year2021,v5,reset_liquidate,2022-07-20,0.012152801474621389
year2021,v5,reset_liquidate,2022-07-21,0.00477791595209629
year2021,v5,reset_liquidate,2022-07-22,-0.014576123405546171
year2021,v5,reset_liquidate,2022-07-25,-0.0033992526730326155
year2021,v5,reset_liquidate,2022-07-26,-0.013279628778868202
year2021,v5,reset_liquidate,2022-07-27,0.02106920720004417
year2021,v5,reset_liquidate,2022-07-28,0.0042639915799987495
year2021,v5,reset_liquidate,2022-07-29,0.010130163019288286
year2021,v5,reset_liquidate,2022-08-01,0.0005638798889855857
year2021,v5,reset_liquidate,2022-08-02,0.000652338313404488
year2021,v5,reset_liquidate,2022-08-03,0.01386817039691306
year2021,v5,reset_liquidate,2022-08-04,0.00043940048771523577
year2021,v5,reset_liquidate,2022-08-05,0.0005881856598966562
year2021,v5,reset_liquidate,2022-08-08,0.002193795557494971
year2021,v5,reset_liquidate,2022-08-09,-0.009464131047173318
year2021,v5,reset_liquidate,2022-08-10,0.013693767694748038
year2021,v5,reset_liquidate,2022-08-11,-0.0015068556701539615
year2021,v5,reset_liquidate,2022-08-12,0.01084702134949007
year2021,v5,reset_liquidate,2022-08-15,0.0009817534116230097
year2021,v5,reset_liquidate,2022-08-16,-0.0040200020660128176
year2021,v5,reset_liquidate,2022-08-17,-0.004071082061456332
year2021,v5,reset_liquidate,2022-08-18,-0.0036924328605211
year2021,v5,reset_liquidate,2022-08-19,-0.001676603452033565
year2021,v5,reset_liquidate,2022-08-22,0.0020823030137983923
year2021,v5,reset_liquidate,2022-08-23,-0.0003051696624335909
year2021,v5,reset_liquidate,2022-08-24,0.001224427485044499
year2021,v5,reset_liquidate,2022-08-25,0.014833677261199218
year2021,v5,reset_liquidate,2022-08-26,-0.0024953892127871358
year2021,v5,reset_mark,2021-08-27,0.0
year2021,v5,reset_mark,2021-08-30,0.0
year2021,v5,reset_mark,2021-08-31,0.0
year2021,v5,reset_mark,2021-09-01,0.0
year2021,v5,reset_mark,2021-09-02,0.0
year2021,v5,reset_mark,2021-09-03,0.0
year2021,v5,reset_mark,2021-09-07,0.0
year2021,v5,reset_mark,2021-09-08,0.0
year2021,v5,reset_mark,2021-09-09,0.0
year2021,v5,reset_mark,2021-09-10,0.0
year2021,v5,reset_mark,2021-09-13,0.0
year2021,v5,reset_mark,2021-09-14,0.0
year2021,v5,reset_mark,2021-09-15,0.0
year2021,v5,reset_mark,2021-09-16,0.0
year2021,v5,reset_mark,2021-09-17,0.0
year2021,v5,reset_mark,2021-09-20,0.0
year2021,v5,reset_mark,2021-09-21,0.0
year2021,v5,reset_mark,2021-09-22,0.0
year2021,v5,reset_mark,2021-09-23,0.0006751727066287572
year2021,v5,reset_mark,2021-09-24,-0.006448512492050251
year2021,v5,reset_mark,2021-09-27,0.004423871591320627
year2021,v5,reset_mark,2021-09-28,0.0001970413283174377
year2021,v5,reset_mark,2021-09-29,-0.002163222236242379
year2021,v5,reset_mark,2021-09-30,0.003015075376884413
year2021,v5,reset_mark,2021-10-01,-0.0024390243902438933
year2021,v5,reset_mark,2021-10-04,-0.007300003051757808
year2021,v5,reset_mark,2021-10-05,0.0039913750803061586
year2021,v5,reset_mark,2021-10-06,-0.0014522837175506397
year2021,v5,reset_mark,2021-10-07,0.012315786261307582
year2021,v5,reset_mark,2021-10-08,0.0028116214487384104
year2021,v5,reset_mark,2021-10-11,-0.0003646252576225195
year2021,v5,reset_mark,2021-10-12,-0.0013723695865677898
year2021,v5,reset_mark,2021-10-13,0.005473092513412681
year2021,v5,reset_mark,2021-10-14,-0.0012313051311001245
year2021,v5,reset_mark,2021-10-15,0.0029385532793283708
year2021,v5,reset_mark,2021-10-18,0.0018166077005539183
year2021,v5,reset_mark,2021-10-19,0.00824129552178512
year2021,v5,reset_mark,2021-10-20,0.0011773880318995066
year2021,v5,reset_mark,2021-10-21,-0.0005430542912239101
year2021,v5,reset_mark,2021-10-22,0.00023401174641131118
year2021,v5,reset_mark,2021-10-25,0.0009338497651690148
year2021,v5,reset_mark,2021-10-26,-0.006168080330173365
year2021,v5,reset_mark,2021-10-27,-0.0030402605102905376
year2021,v5,reset_mark,2021-10-28,0.0006779686879303304
year2021,v5,reset_mark,2021-10-29,-0.00563973434808559
year2021,v5,reset_mark,2021-11-01,0.005263159327554279
year2021,v5,reset_mark,2021-11-02,-0.00805084745762713
year2021,v5,reset_mark,2021-11-03,0.002211982973160298
year2021,v5,reset_mark,2021-11-04,-0.0015329166404384642
year2021,v5,reset_mark,2021-11-05,-0.0049450494939517805
year2021,v5,reset_mark,2021-11-08,0.002986510966262057
year2021,v5,reset_mark,2021-11-09,-0.0024321781450037383
year2021,v5,reset_mark,2021-11-10,0.0028763182284005095
year2021,v5,reset_mark,2021-11-11,0.011369987512821745
year2021,v5,reset_mark,2021-11-12,0.0003347293103589166
year2021,v5,reset_mark,2021-11-15,-0.0018348661798489375
year2021,v5,reset_mark,2021-11-16,0.003313510303312839
year2021,v5,reset_mark,2021-11-17,-0.003289473725487968
year2021,v5,reset_mark,2021-11-18,-0.0063775511031579305
year2021,v5,reset_mark,2021-11-19,0.0013623978390449932
year2021,v5,reset_mark,2021-11-22,-0.0037634381771215917
year2021,v5,reset_mark,2021-11-23,-0.0013035395772704518
year2021,v5,reset_mark,2021-11-24,0.0008490580432819695
year2021,v5,reset_mark,2021-11-26,-0.008325539194425868
year2021,v5,reset_mark,2021-11-29,0.0006135683176469175
year2021,v5,reset_mark,2021-11-30,0.0
year2021,v5,reset_mark,2021-12-01,0.0
year2021,v5,reset_mark,2021-12-02,0.0
year2021,v5,reset_mark,2021-12-03,0.0
year2021,v5,reset_mark,2021-12-06,0.0
year2021,v5,reset_mark,2021-12-07,0.0
year2021,v5,reset_mark,2021-12-08,0.0
year2021,v5,reset_mark,2021-12-09,-0.0024435980224609467
year2021,v5,reset_mark,2021-12-10,0.002745483977933971
year2021,v5,reset_mark,2021-12-13,-0.0046681357149386486
year2021,v5,reset_mark,2021-12-14,-0.000935265328570345
year2021,v5,reset_mark,2021-12-15,0.0027780918610421424
year2021,v5,reset_mark,2021-12-16,-0.009812950466482628
year2021,v5,reset_mark,2021-12-17,0.0022616700527611
year2021,v5,reset_mark,2021-12-20,-0.0003791349859946669
year2021,v5,reset_mark,2021-12-21,0.0071737093287165266
year2021,v5,reset_mark,2021-12-22,0.0009244120149909607
year2021,v5,reset_mark,2021-12-23,-0.0024797555798548587
year2021,v5,reset_mark,2021-12-27,0.0007931931172296513
year2021,v5,reset_mark,2021-12-28,-0.0033552083542858656
year2021,v5,reset_mark,2021-12-29,0.0011846666076972268
year2021,v5,reset_mark,2021-12-30,-0.0010400588771790065
year2021,v5,reset_mark,2021-12-31,-0.0017197274534627494
year2021,v5,reset_mark,2022-01-03,-0.0022297665388189116
year2021,v5,reset_mark,2022-01-04,-0.010258536520358496
year2021,v5,reset_mark,2022-01-05,-0.011631776763448254
year2021,v5,reset_mark,2022-01-06,0.0045405895165822165
year2021,v5,reset_mark,2022-01-07,0.006002550146946217
year2021,v5,reset_mark,2022-01-10,0.00024096017860504305
year2021,v5,reset_mark,2022-01-11,0.007477601512437149
year2021,v5,reset_mark,2022-01-12,0.0072564849679140455
year2021,v5,reset_mark,2022-01-13,-0.012702731760111653
year2021,v5,reset_mark,2022-01-14,0.000840819775274515
year2021,v5,reset_mark,2022-01-18,-0.012593994692962195
year2021,v5,reset_mark,2022-01-19,-0.005386563549346068
year2021,v5,reset_mark,2022-01-20,0.009419226802286995
year2021,v5,reset_mark,2022-01-21,-0.005734410955871771
year2021,v5,reset_mark,2022-01-24,-0.004258051258785023
year2021,v5,reset_mark,2022-01-25,-0.006760593784593294
year2021,v5,reset_mark,2022-01-26,-0.004868637081682614
year2021,v5,reset_mark,2022-01-27,-0.010129021452757302
year2021,v5,reset_mark,2022-01-28,0.014251162311491372
year2021,v5,reset_mark,2022-01-31,0.025843541452979645
year2021,v5,reset_mark,2022-02-01,0.0046141102782761845
year2021,v5,reset_mark,2022-02-02,-0.006727646445012558
year2021,v5,reset_mark,2022-02-03,-0.027474183795001862
year2021,v5,reset_mark,2022-02-04,0.01534430879365083
year2021,v5,reset_mark,2022-02-07,-0.0009226527250840277
year2021,v5,reset_mark,2022-02-08,0.0033231608218325603
year2021,v5,reset_mark,2022-02-09,0.019527828679434013
year2021,v5,reset_mark,2022-02-10,-0.013504781667255628
year2021,v5,reset_mark,2022-02-11,-0.02362775853389233
year2021,v5,reset_mark,2022-02-14,-0.0032420857068217067
year2021,v5,reset_mark,2022-02-15,0.016764250887556665
year2021,v5,reset_mark,2022-02-16,0.014018979586114422
year2021,v5,reset_mark,2022-02-17,-0.021248117879413265
year2021,v5,reset_mark,2022-02-18,-0.0028339848502002885
year2021,v5,reset_mark,2022-02-22,-0.013308254226869065
year2021,v5,reset_mark,2022-02-23,-0.013707759440092337
year2021,v5,reset_mark,2022-02-24,0.029941634022192874
year2021,v5,reset_mark,2022-02-25,-0.008994145637484541
year2021,v5,reset_mark,2022-02-28,0.006219379688044502
year2021,v5,reset_mark,2022-03-01,-0.010564988226539184
year2021,v5,reset_mark,2022-03-02,0.005731666331558749
year2021,v5,reset_mark,2022-03-03,-0.022249341515597088
year2021,v5,reset_mark,2022-03-04,-0.01852790963897747
year2021,v5,reset_mark,2022-03-07,-0.041462228252992436
year2021,v5,reset_mark,2022-03-08,0.0011497043754050585
year2021,v5,reset_mark,2022-03-09,0.03467102463460838
year2021,v5,reset_mark,2022-03-10,-0.00945790033956997
year2021,v5,reset_mark,2022-03-11,-0.016137702445318147
year2021,v5,reset_mark,2022-03-14,-0.005226128649590267
year2021,v5,reset_mark,2022-03-15,0.012219014026115893
year2021,v5,reset_mark,2022-03-16,0.04658501131525583
year2021,v5,reset_mark,2022-03-17,-0.0003523786929826689
year2021,v5,reset_mark,2022-03-18,0.035559546741743796
year2021,v5,reset_mark,2022-03-21,-0.01752062634949767
year2021,v5,reset_mark,2022-03-22,0.0366068700772713
year2021,v5,reset_mark,2022-03-23,-0.008778741690660397
year2021,v5,reset_mark,2022-03-24,0.005388497259365854
year2021,v5,reset_mark,2022-03-25,-0.015911713060816835
year2021,v5,reset_mark,2022-03-28,0.02542507757178374
year2021,v5,reset_mark,2022-03-29,0.01588951154941476
year2021,v5,reset_mark,2022-03-30,-0.009256337856246976
year2021,v5,reset_mark,2022-03-31,-0.018354307242410196
year2021,v5,reset_mark,2022-04-01,0.017602538258522937
year2021,v5,reset_mark,2022-04-04,0.02021008709079889
year2021,v5,reset_mark,2022-04-05,-0.02724643277117781
year2021,v5,reset_mark,2022-04-06,-0.028217942027743005
year2021,v5,reset_mark,2022-04-07,0.0006233303246806598
year2021,v5,reset_mark,2022-04-08,-0.007598340746179743
year2021,v5,reset_mark,2022-04-11,-0.01937920620941167
year2021,v5,reset_mark,2022-04-12,0.003776007286518368
year2021,v5,reset_mark,2022-04-13,0.015281511128537461
year2021,v5,reset_mark,2022-04-14,-0.01861708365758199
year2021,v5,reset_mark,2022-04-18,-0.006679531319448051
year2021,v5,reset_mark,2022-04-19,0.00524780319721867
year2021,v5,reset_mark,2022-04-20,-0.0078009495173982256
year2021,v5,reset_mark,2022-04-21,-0.004969230609638798
year2021,v5,reset_mark,2022-04-22,-0.007911576346057447
year2021,v5,reset_mark,2022-04-25,0.004616021378190826
year2021,v5,reset_mark,2022-04-26,-0.019519085912264634
year2021,v5,reset_mark,2022-04-27,0.003565951157709346
year2021,v5,reset_mark,2022-04-28,0.004016697896795196
year2021,v5,reset_mark,2022-04-29,-0.004181202107854975
year2021,v5,reset_mark,2022-05-02,0.002504328510437093
year2021,v5,reset_mark,2022-05-03,-0.0009456190212897897
year2021,v5,reset_mark,2022-05-04,0.0029100760318527376
year2021,v5,reset_mark,2022-05-05,-0.004355474310057861
year2021,v5,reset_mark,2022-05-06,-0.0009446529870309917
year2021,v5,reset_mark,2022-05-09,-0.0036945451927956952
year2021,v5,reset_mark,2022-05-10,0.001859556155956854
year2021,v5,reset_mark,2022-05-11,-0.003320969279046848
year2021,v5,reset_mark,2022-05-12,-0.0019957712274333295
year2021,v5,reset_mark,2022-05-13,0.002259639269925384
year2021,v5,reset_mark,2022-05-16,0.00014552883345526625
year2021,v5,reset_mark,2022-05-17,0.0020344196268522905
year2021,v5,reset_mark,2022-05-18,-0.004774756443838712
year2021,v5,reset_mark,2022-05-19,-0.0003699631748394272
year2021,v5,reset_mark,2022-05-20,-0.0002291229487450308
year2021,v5,reset_mark,2022-05-23,0.0032031978207529787
year2021,v5,reset_mark,2022-05-24,-0.0003951654722485598
year2021,v5,reset_mark,2022-05-25,0.0011170148490201592
year2021,v5,reset_mark,2022-05-26,0.0012875228646442194
year2021,v5,reset_mark,2022-05-27,0.004230405315745233
year2021,v5,reset_mark,2022-05-31,-0.0022410564676106025
year2021,v5,reset_mark,2022-06-01,-0.0009727788078103816
year2021,v5,reset_mark,2022-06-02,0.010376715233526502
year2021,v5,reset_mark,2022-06-03,-0.007751572294754383
year2021,v5,reset_mark,2022-06-06,-0.0018183517409255056
year2021,v5,reset_mark,2022-06-07,0.003886164016552196
year2021,v5,reset_mark,2022-06-08,0.0025165981169850693
year2021,v5,reset_mark,2022-06-09,-0.003804377717932084
year2021,v5,reset_mark,2022-06-10,-0.012570149267352526
year2021,v5,reset_mark,2022-06-13,-0.011691037842629282
year2021,v5,reset_mark,2022-06-14,0.001062878398507694
year2021,v5,reset_mark,2022-06-15,0.007613943935911216
year2021,v5,reset_mark,2022-06-16,-0.011669314779698504
year2021,v5,reset_mark,2022-06-17,0.008076800467508605
year2021,v5,reset_mark,2022-06-21,0.010190001005630788
year2021,v5,reset_mark,2022-06-22,0.003564246878155686
year2021,v5,reset_mark,2022-06-23,0.016648127278401682
year2021,v5,reset_mark,2022-06-24,0.01634548173718735
year2021,v5,reset_mark,2022-06-27,-0.0045894256975792195
year2021,v5,reset_mark,2022-06-28,-0.012077410817883771
year2021,v5,reset_mark,2022-06-29,-0.0003063912053249851
year2021,v5,reset_mark,2022-06-30,-0.006312628456834857
year2021,v5,reset_mark,2022-07-01,0.0055585312381704055
year2021,v5,reset_mark,2022-07-05,0.012341050270722565
year2021,v5,reset_mark,2022-07-06,0.0013293148534655242
year2021,v5,reset_mark,2022-07-07,0.009489603379203192
year2021,v5,reset_mark,2022-07-08,0.0008517651193323151
year2021,v5,reset_mark,2022-07-11,-0.009062569533544073
year2021,v5,reset_mark,2022-07-12,-0.009326454090748093
year2021,v5,reset_mark,2022-07-13,0.0022362201843154073
year2021,v5,reset_mark,2022-07-14,-0.0012406113804903196
year2021,v5,reset_mark,2022-07-15,0.006462220470643798
year2021,v5,reset_mark,2022-07-18,-0.0033146267035909726
year2021,v5,reset_mark,2022-07-19,0.008743652040458494
year2021,v5,reset_mark,2022-07-20,0.012152801474621389
year2021,v5,reset_mark,2022-07-21,0.00477791595209629
year2021,v5,reset_mark,2022-07-22,-0.014576123405546171
year2021,v5,reset_mark,2022-07-25,-0.0033992526730326155
year2021,v5,reset_mark,2022-07-26,-0.013279628778868202
year2021,v5,reset_mark,2022-07-27,0.02106920720004417
year2021,v5,reset_mark,2022-07-28,0.0042639915799987495
year2021,v5,reset_mark,2022-07-29,0.010130163019288286
year2021,v5,reset_mark,2022-08-01,0.0005638798889855857
year2021,v5,reset_mark,2022-08-02,0.000652338313404488
year2021,v5,reset_mark,2022-08-03,0.01386817039691306
year2021,v5,reset_mark,2022-08-04,0.00043940048771523577
year2021,v5,reset_mark,2022-08-05,0.0005881856598966562
year2021,v5,reset_mark,2022-08-08,0.002193795557494971
year2021,v5,reset_mark,2022-08-09,-0.009464131047173318
year2021,v5,reset_mark,2022-08-10,0.013693767694748038
year2021,v5,reset_mark,2022-08-11,-0.0015068556701539615
year2021,v5,reset_mark,2022-08-12,0.01084702134949007
year2021,v5,reset_mark,2022-08-15,0.0009817534116230097
year2021,v5,reset_mark,2022-08-16,-0.0040200020660128176
year2021,v5,reset_mark,2022-08-17,-0.004071082061456332
year2021,v5,reset_mark,2022-08-18,-0.0036924328605211
year2021,v5,reset_mark,2022-08-19,-0.001676603452033565
year2021,v5,reset_mark,2022-08-22,0.0020823030137983923
year2021,v5,reset_mark,2022-08-23,-0.0003051696624335909
year2021,v5,reset_mark,2022-08-24,0.001224427485044499
year2021,v5,reset_mark,2022-08-25,0.014833677261199218
year2021,v5,reset_mark,2022-08-26,-0.0023977869997869215
year2021,v5,carry_mark,2021-08-27,0.0
year2021,v5,carry_mark,2021-08-30,0.0
year2021,v5,carry_mark,2021-08-31,0.0
year2021,v5,carry_mark,2021-09-01,0.0
year2021,v5,carry_mark,2021-09-02,0.0
year2021,v5,carry_mark,2021-09-03,0.0
year2021,v5,carry_mark,2021-09-07,0.0
year2021,v5,carry_mark,2021-09-08,0.0
year2021,v5,carry_mark,2021-09-09,0.0
year2021,v5,carry_mark,2021-09-10,0.0
year2021,v5,carry_mark,2021-09-13,0.0
year2021,v5,carry_mark,2021-09-14,0.0
year2021,v5,carry_mark,2021-09-15,0.0
year2021,v5,carry_mark,2021-09-16,0.0
year2021,v5,carry_mark,2021-09-17,0.0
year2021,v5,carry_mark,2021-09-20,0.0
year2021,v5,carry_mark,2021-09-21,0.0
year2021,v5,carry_mark,2021-09-22,0.0
year2021,v5,carry_mark,2021-09-23,0.0006751727066287572
year2021,v5,carry_mark,2021-09-24,-0.006448512492050251
year2021,v5,carry_mark,2021-09-27,0.004423871591320627
year2021,v5,carry_mark,2021-09-28,0.0001970413283174377
year2021,v5,carry_mark,2021-09-29,-0.002163222236242379
year2021,v5,carry_mark,2021-09-30,0.003015075376884413
year2021,v5,carry_mark,2021-10-01,-0.0024390243902438933
year2021,v5,carry_mark,2021-10-04,-0.007300003051757808
year2021,v5,carry_mark,2021-10-05,0.0039913750803061586
year2021,v5,carry_mark,2021-10-06,-0.0014522837175506397
year2021,v5,carry_mark,2021-10-07,0.012315786261307582
year2021,v5,carry_mark,2021-10-08,0.0028116214487384104
year2021,v5,carry_mark,2021-10-11,-0.0003646252576225195
year2021,v5,carry_mark,2021-10-12,-0.0013723695865677898
year2021,v5,carry_mark,2021-10-13,0.005473092513412681
year2021,v5,carry_mark,2021-10-14,-0.0012313051311001245
year2021,v5,carry_mark,2021-10-15,0.0029385532793283708
year2021,v5,carry_mark,2021-10-18,0.0018166077005539183
year2021,v5,carry_mark,2021-10-19,0.00824129552178512
year2021,v5,carry_mark,2021-10-20,0.0011773880318995066
year2021,v5,carry_mark,2021-10-21,-0.0005430542912239101
year2021,v5,carry_mark,2021-10-22,0.00023401174641131118
year2021,v5,carry_mark,2021-10-25,0.0009338497651690148
year2021,v5,carry_mark,2021-10-26,-0.006168080330173365
year2021,v5,carry_mark,2021-10-27,-0.0030402605102905376
year2021,v5,carry_mark,2021-10-28,0.0006779686879303304
year2021,v5,carry_mark,2021-10-29,-0.00563973434808559
year2021,v5,carry_mark,2021-11-01,0.005263159327554279
year2021,v5,carry_mark,2021-11-02,-0.00805084745762713
year2021,v5,carry_mark,2021-11-03,0.002211982973160298
year2021,v5,carry_mark,2021-11-04,-0.0015329166404384642
year2021,v5,carry_mark,2021-11-05,-0.0049450494939517805
year2021,v5,carry_mark,2021-11-08,0.002986510966262057
year2021,v5,carry_mark,2021-11-09,-0.0024321781450037383
year2021,v5,carry_mark,2021-11-10,0.0028763182284005095
year2021,v5,carry_mark,2021-11-11,0.011369987512821745
year2021,v5,carry_mark,2021-11-12,0.0003347293103589166
year2021,v5,carry_mark,2021-11-15,-0.0018348661798489375
year2021,v5,carry_mark,2021-11-16,0.003313510303312839
year2021,v5,carry_mark,2021-11-17,-0.003289473725487968
year2021,v5,carry_mark,2021-11-18,-0.0063775511031579305
year2021,v5,carry_mark,2021-11-19,0.0013623978390449932
year2021,v5,carry_mark,2021-11-22,-0.0037634381771215917
year2021,v5,carry_mark,2021-11-23,-0.0013035395772704518
year2021,v5,carry_mark,2021-11-24,0.0008490580432819695
year2021,v5,carry_mark,2021-11-26,-0.008325539194425868
year2021,v5,carry_mark,2021-11-29,0.0006135683176469175
year2021,v5,carry_mark,2021-11-30,0.0
year2021,v5,carry_mark,2021-12-01,0.0
year2021,v5,carry_mark,2021-12-02,0.0
year2021,v5,carry_mark,2021-12-03,0.0
year2021,v5,carry_mark,2021-12-06,0.0
year2021,v5,carry_mark,2021-12-07,0.0
year2021,v5,carry_mark,2021-12-08,0.0
year2021,v5,carry_mark,2021-12-09,-0.0024435980224609467
year2021,v5,carry_mark,2021-12-10,0.002745483977933971
year2021,v5,carry_mark,2021-12-13,-0.0046681357149386486
year2021,v5,carry_mark,2021-12-14,-0.000935265328570345
year2021,v5,carry_mark,2021-12-15,0.0027780918610421424
year2021,v5,carry_mark,2021-12-16,-0.009812950466482628
year2021,v5,carry_mark,2021-12-17,0.0022616700527611
year2021,v5,carry_mark,2021-12-20,-0.0003791349859946669
year2021,v5,carry_mark,2021-12-21,0.0071737093287165266
year2021,v5,carry_mark,2021-12-22,0.0009244120149909607
year2021,v5,carry_mark,2021-12-23,-0.0024797555798548587
year2021,v5,carry_mark,2021-12-27,0.0007931931172296513
year2021,v5,carry_mark,2021-12-28,-0.0033552083542858656
year2021,v5,carry_mark,2021-12-29,0.0011846666076972268
year2021,v5,carry_mark,2021-12-30,-0.0010400588771790065
year2021,v5,carry_mark,2021-12-31,-0.0017197274534627494
year2021,v5,carry_mark,2022-01-03,-0.0022297665388189116
year2021,v5,carry_mark,2022-01-04,-0.010258536520358496
year2021,v5,carry_mark,2022-01-05,-0.011631776763448254
year2021,v5,carry_mark,2022-01-06,0.0045405895165822165
year2021,v5,carry_mark,2022-01-07,0.006002550146946217
year2021,v5,carry_mark,2022-01-10,0.00024096017860504305
year2021,v5,carry_mark,2022-01-11,0.007477601512437149
year2021,v5,carry_mark,2022-01-12,0.0072564849679140455
year2021,v5,carry_mark,2022-01-13,-0.012702731760111653
year2021,v5,carry_mark,2022-01-14,0.000840819775274515
year2021,v5,carry_mark,2022-01-18,-0.012593994692962195
year2021,v5,carry_mark,2022-01-19,-0.005386563549346068
year2021,v5,carry_mark,2022-01-20,0.009419226802286995
year2021,v5,carry_mark,2022-01-21,-0.005734410955871771
year2021,v5,carry_mark,2022-01-24,-0.004258051258785023
year2021,v5,carry_mark,2022-01-25,-0.006760593784593294
year2021,v5,carry_mark,2022-01-26,-0.004868637081682614
year2021,v5,carry_mark,2022-01-27,-0.010129021452757302
year2021,v5,carry_mark,2022-01-28,0.014251162311491372
year2021,v5,carry_mark,2022-01-31,0.025843541452979645
year2021,v5,carry_mark,2022-02-01,0.0046141102782761845
year2021,v5,carry_mark,2022-02-02,-0.006727646445012558
year2021,v5,carry_mark,2022-02-03,-0.027474183795001862
year2021,v5,carry_mark,2022-02-04,0.01534430879365083
year2021,v5,carry_mark,2022-02-07,-0.0009226527250840277
year2021,v5,carry_mark,2022-02-08,0.0033231608218325603
year2021,v5,carry_mark,2022-02-09,0.019527828679434013
year2021,v5,carry_mark,2022-02-10,-0.013504781667255628
year2021,v5,carry_mark,2022-02-11,-0.02362775853389233
year2021,v5,carry_mark,2022-02-14,-0.0032420857068217067
year2021,v5,carry_mark,2022-02-15,0.016764250887556665
year2021,v5,carry_mark,2022-02-16,0.014018979586114422
year2021,v5,carry_mark,2022-02-17,-0.021248117879413265
year2021,v5,carry_mark,2022-02-18,-0.0028339848502002885
year2021,v5,carry_mark,2022-02-22,-0.013308254226869065
year2021,v5,carry_mark,2022-02-23,-0.013707759440092337
year2021,v5,carry_mark,2022-02-24,0.029941634022192874
year2021,v5,carry_mark,2022-02-25,-0.008994145637484541
year2021,v5,carry_mark,2022-02-28,0.006219379688044502
year2021,v5,carry_mark,2022-03-01,-0.010564988226539184
year2021,v5,carry_mark,2022-03-02,0.005731666331558749
year2021,v5,carry_mark,2022-03-03,-0.022249341515597088
year2021,v5,carry_mark,2022-03-04,-0.01852790963897747
year2021,v5,carry_mark,2022-03-07,-0.041462228252992436
year2021,v5,carry_mark,2022-03-08,0.0011497043754050585
year2021,v5,carry_mark,2022-03-09,0.03467102463460838
year2021,v5,carry_mark,2022-03-10,-0.00945790033956997
year2021,v5,carry_mark,2022-03-11,-0.016137702445318147
year2021,v5,carry_mark,2022-03-14,-0.005226128649590267
year2021,v5,carry_mark,2022-03-15,0.012219014026115893
year2021,v5,carry_mark,2022-03-16,0.04658501131525583
year2021,v5,carry_mark,2022-03-17,-0.0003523786929826689
year2021,v5,carry_mark,2022-03-18,0.035559546741743796
year2021,v5,carry_mark,2022-03-21,-0.01752062634949767
year2021,v5,carry_mark,2022-03-22,0.0366068700772713
year2021,v5,carry_mark,2022-03-23,-0.008778741690660397
year2021,v5,carry_mark,2022-03-24,0.005388497259365854
year2021,v5,carry_mark,2022-03-25,-0.015911713060816835
year2021,v5,carry_mark,2022-03-28,0.02542507757178374
year2021,v5,carry_mark,2022-03-29,0.01588951154941476
year2021,v5,carry_mark,2022-03-30,-0.009256337856246976
year2021,v5,carry_mark,2022-03-31,-0.018354307242410196
year2021,v5,carry_mark,2022-04-01,0.017602538258522937
year2021,v5,carry_mark,2022-04-04,0.02021008709079889
year2021,v5,carry_mark,2022-04-05,-0.02724643277117781
year2021,v5,carry_mark,2022-04-06,-0.028217942027743005
year2021,v5,carry_mark,2022-04-07,0.0006233303246806598
year2021,v5,carry_mark,2022-04-08,-0.007598340746179743
year2021,v5,carry_mark,2022-04-11,-0.01937920620941167
year2021,v5,carry_mark,2022-04-12,0.003776007286518368
year2021,v5,carry_mark,2022-04-13,0.015281511128537461
year2021,v5,carry_mark,2022-04-14,-0.01861708365758199
year2021,v5,carry_mark,2022-04-18,-0.006679531319448051
year2021,v5,carry_mark,2022-04-19,0.00524780319721867
year2021,v5,carry_mark,2022-04-20,-0.0078009495173982256
year2021,v5,carry_mark,2022-04-21,-0.004969230609638798
year2021,v5,carry_mark,2022-04-22,-0.007911576346057447
year2021,v5,carry_mark,2022-04-25,0.004616021378190826
year2021,v5,carry_mark,2022-04-26,-0.019519085912264634
year2021,v5,carry_mark,2022-04-27,0.003565951157709346
year2021,v5,carry_mark,2022-04-28,0.004016697896795196
year2021,v5,carry_mark,2022-04-29,-0.004181202107854975
year2021,v5,carry_mark,2022-05-02,0.002504328510437093
year2021,v5,carry_mark,2022-05-03,-0.0009456190212897897
year2021,v5,carry_mark,2022-05-04,0.0029100760318527376
year2021,v5,carry_mark,2022-05-05,-0.004355474310057861
year2021,v5,carry_mark,2022-05-06,-0.0009446529870309917
year2021,v5,carry_mark,2022-05-09,-0.0036945451927956952
year2021,v5,carry_mark,2022-05-10,0.001859556155956854
year2021,v5,carry_mark,2022-05-11,-0.003320969279046848
year2021,v5,carry_mark,2022-05-12,-0.0019957712274333295
year2021,v5,carry_mark,2022-05-13,0.002259639269925384
year2021,v5,carry_mark,2022-05-16,0.00014552883345526625
year2021,v5,carry_mark,2022-05-17,0.0020344196268522905
year2021,v5,carry_mark,2022-05-18,-0.004774756443838712
year2021,v5,carry_mark,2022-05-19,-0.0003699631748394272
year2021,v5,carry_mark,2022-05-20,-0.0002291229487450308
year2021,v5,carry_mark,2022-05-23,0.0032031978207529787
year2021,v5,carry_mark,2022-05-24,-0.0003951654722485598
year2021,v5,carry_mark,2022-05-25,0.0011170148490201592
year2021,v5,carry_mark,2022-05-26,0.0012875228646442194
year2021,v5,carry_mark,2022-05-27,0.004230405315745233
year2021,v5,carry_mark,2022-05-31,-0.0022410564676106025
year2021,v5,carry_mark,2022-06-01,-0.0009727788078103816
year2021,v5,carry_mark,2022-06-02,0.010376715233526502
year2021,v5,carry_mark,2022-06-03,-0.007751572294754383
year2021,v5,carry_mark,2022-06-06,-0.0018183517409255056
year2021,v5,carry_mark,2022-06-07,0.003886164016552196
year2021,v5,carry_mark,2022-06-08,0.0025165981169850693
year2021,v5,carry_mark,2022-06-09,-0.003804377717932084
year2021,v5,carry_mark,2022-06-10,-0.012570149267352526
year2021,v5,carry_mark,2022-06-13,-0.011691037842629282
year2021,v5,carry_mark,2022-06-14,0.001062878398507694
year2021,v5,carry_mark,2022-06-15,0.007613943935911216
year2021,v5,carry_mark,2022-06-16,-0.011669314779698504
year2021,v5,carry_mark,2022-06-17,0.008076800467508605
year2021,v5,carry_mark,2022-06-21,0.010190001005630788
year2021,v5,carry_mark,2022-06-22,0.003564246878155686
year2021,v5,carry_mark,2022-06-23,0.016648127278401682
year2021,v5,carry_mark,2022-06-24,0.01634548173718735
year2021,v5,carry_mark,2022-06-27,-0.0045894256975792195
year2021,v5,carry_mark,2022-06-28,-0.012077410817883771
year2021,v5,carry_mark,2022-06-29,-0.0003063912053249851
year2021,v5,carry_mark,2022-06-30,-0.006312628456834857
year2021,v5,carry_mark,2022-07-01,0.0055585312381704055
year2021,v5,carry_mark,2022-07-05,0.012341050270722565
year2021,v5,carry_mark,2022-07-06,0.0013293148534655242
year2021,v5,carry_mark,2022-07-07,0.009489603379203192
year2021,v5,carry_mark,2022-07-08,0.0008517651193323151
year2021,v5,carry_mark,2022-07-11,-0.009062569533544073
year2021,v5,carry_mark,2022-07-12,-0.009326454090748093
year2021,v5,carry_mark,2022-07-13,0.0022362201843154073
year2021,v5,carry_mark,2022-07-14,-0.0012406113804903196
year2021,v5,carry_mark,2022-07-15,0.006462220470643798
year2021,v5,carry_mark,2022-07-18,-0.0033146267035909726
year2021,v5,carry_mark,2022-07-19,0.008743652040458494
year2021,v5,carry_mark,2022-07-20,0.012152801474621389
year2021,v5,carry_mark,2022-07-21,0.00477791595209629
year2021,v5,carry_mark,2022-07-22,-0.014576123405546171
year2021,v5,carry_mark,2022-07-25,-0.0033992526730326155
year2021,v5,carry_mark,2022-07-26,-0.013279628778868202
year2021,v5,carry_mark,2022-07-27,0.02106920720004417
year2021,v5,carry_mark,2022-07-28,0.0042639915799987495
year2021,v5,carry_mark,2022-07-29,0.010130163019288286
year2021,v5,carry_mark,2022-08-01,0.0005638798889855857
year2021,v5,carry_mark,2022-08-02,0.000652338313404488
year2021,v5,carry_mark,2022-08-03,0.01386817039691306
year2021,v5,carry_mark,2022-08-04,0.00043940048771523577
year2021,v5,carry_mark,2022-08-05,0.0005881856598966562
year2021,v5,carry_mark,2022-08-08,0.002193795557494971
year2021,v5,carry_mark,2022-08-09,-0.009464131047173318
year2021,v5,carry_mark,2022-08-10,0.013693767694748038
year2021,v5,carry_mark,2022-08-11,-0.0015068556701539615
year2021,v5,carry_mark,2022-08-12,0.01084702134949007
year2021,v5,carry_mark,2022-08-15,0.0009817534116230097
year2021,v5,carry_mark,2022-08-16,-0.0040200020660128176
year2021,v5,carry_mark,2022-08-17,-0.004071082061456332
year2021,v5,carry_mark,2022-08-18,-0.0036924328605211
year2021,v5,carry_mark,2022-08-19,-0.001676603452033565
year2021,v5,carry_mark,2022-08-22,0.0020823030137983923
year2021,v5,carry_mark,2022-08-23,-0.0003051696624335909
year2021,v5,carry_mark,2022-08-24,0.001224427485044499
year2021,v5,carry_mark,2022-08-25,0.014833677261199218
year2021,v5,carry_mark,2022-08-26,-0.0023977869997869215
year2021,P-confirm5-v5profit50,reset_liquidate,2021-08-27,0.0
year2021,P-confirm5-v5profit50,reset_liquidate,2021-08-30,0.0
year2021,P-confirm5-v5profit50,reset_liquidate,2021-08-31,0.0002707110181594752
year2021,P-confirm5-v5profit50,reset_liquidate,2021-09-01,-0.00022155233598405432
year2021,P-confirm5-v5profit50,reset_liquidate,2021-09-02,-0.0002315788147756681
year2021,P-confirm5-v5profit50,reset_liquidate,2021-09-03,0.00016111325842673718
year2021,P-confirm5-v5profit50,reset_liquidate,2021-09-07,0.002637783858939624
year2021,P-confirm5-v5profit50,reset_liquidate,2021-09-08,0.00012617502122473921
year2021,P-confirm5-v5profit50,reset_liquidate,2021-09-09,0.0001313231087076927
year2021,P-confirm5-v5profit50,reset_liquidate,2021-09-10,-0.0024627038366134336
year2021,P-confirm5-v5profit50,reset_liquidate,2021-09-13,0.000914066245943812
year2021,P-confirm5-v5profit50,reset_liquidate,2021-09-14,0.00020053498586631858
year2021,P-confirm5-v5profit50,reset_liquidate,2021-09-15,0.0015231899000174077
year2021,P-confirm5-v5profit50,reset_liquidate,2021-09-16,0.0005336353150690698
year2021,P-confirm5-v5profit50,reset_liquidate,2021-09-17,-0.0014225826787375162
year2021,P-confirm5-v5profit50,reset_liquidate,2021-09-20,-0.005717958374318433
year2021,P-confirm5-v5profit50,reset_liquidate,2021-09-21,0.001431247781322531
year2021,P-confirm5-v5profit50,reset_liquidate,2021-09-22,0.002980942985915447
year2021,P-confirm5-v5profit50,reset_liquidate,2021-09-23,0.0012294781050453895
year2021,P-confirm5-v5profit50,reset_liquidate,2021-09-24,-0.0037653064659299296
year2021,P-confirm5-v5profit50,reset_liquidate,2021-09-27,0.004884864494234508
year2021,P-confirm5-v5profit50,reset_liquidate,2021-09-28,-0.005167157994756
year2021,P-confirm5-v5profit50,reset_liquidate,2021-09-29,-0.0015187100880318272
year2021,P-confirm5-v5profit50,reset_liquidate,2021-09-30,0.003291312676963343
year2021,P-confirm5-v5profit50,reset_liquidate,2021-10-01,-0.001978628171490493
year2021,P-confirm5-v5profit50,reset_liquidate,2021-10-04,-0.008898306181800509
year2021,P-confirm5-v5profit50,reset_liquidate,2021-10-05,0.009205595609327256
year2021,P-confirm5-v5profit50,reset_liquidate,2021-10-06,-0.0007764896038820135
year2021,P-confirm5-v5profit50,reset_liquidate,2021-10-07,0.011181380885228631
year2021,P-confirm5-v5profit50,reset_liquidate,2021-10-08,0.0029398124201407637
year2021,P-confirm5-v5profit50,reset_liquidate,2021-10-11,-0.0012529385458969421
year2021,P-confirm5-v5profit50,reset_liquidate,2021-10-12,-0.0017072749981464686
year2021,P-confirm5-v5profit50,reset_liquidate,2021-10-13,0.006244370175751723
year2021,P-confirm5-v5profit50,reset_liquidate,2021-10-14,-0.000589791987276822
year2021,P-confirm5-v5profit50,reset_liquidate,2021-10-15,0.0020691899262901712
year2021,P-confirm5-v5profit50,reset_liquidate,2021-10-18,0.0033573012360781362
year2021,P-confirm5-v5profit50,reset_liquidate,2021-10-19,0.008402746122033223
year2021,P-confirm5-v5profit50,reset_liquidate,2021-10-20,-0.000991628484246798
year2021,P-confirm5-v5profit50,reset_liquidate,2021-10-21,0.0039391448255510775
year2021,P-confirm5-v5profit50,reset_liquidate,2021-10-22,0.0020130473585447508
year2021,P-confirm5-v5profit50,reset_liquidate,2021-10-25,0.0019687839883497428
year2021,P-confirm5-v5profit50,reset_liquidate,2021-10-26,-0.006635583217066454
year2021,P-confirm5-v5profit50,reset_liquidate,2021-10-27,-0.003877928165077882
year2021,P-confirm5-v5profit50,reset_liquidate,2021-10-28,0.0017880670476427385
year2021,P-confirm5-v5profit50,reset_liquidate,2021-10-29,-0.00563973434808559
year2021,P-confirm5-v5profit50,reset_liquidate,2021-11-01,-0.0012585151156275342
year2021,P-confirm5-v5profit50,reset_liquidate,2021-11-02,0.0
year2021,P-confirm5-v5profit50,reset_liquidate,2021-11-03,0.0
year2021,P-confirm5-v5profit50,reset_liquidate,2021-11-04,0.0
year2021,P-confirm5-v5profit50,reset_liquidate,2021-11-05,0.0
year2021,P-confirm5-v5profit50,reset_liquidate,2021-11-08,0.0
year2021,P-confirm5-v5profit50,reset_liquidate,2021-11-09,0.0
year2021,P-confirm5-v5profit50,reset_liquidate,2021-11-10,0.0
year2021,P-confirm5-v5profit50,reset_liquidate,2021-11-11,0.0
year2021,P-confirm5-v5profit50,reset_liquidate,2021-11-12,0.0
year2021,P-confirm5-v5profit50,reset_liquidate,2021-11-15,0.0
year2021,P-confirm5-v5profit50,reset_liquidate,2021-11-16,0.0
year2021,P-confirm5-v5profit50,reset_liquidate,2021-11-17,0.0001446807529615457
year2021,P-confirm5-v5profit50,reset_liquidate,2021-11-18,-0.001398018270000645
year2021,P-confirm5-v5profit50,reset_liquidate,2021-11-19,-0.00047213602117285314
year2021,P-confirm5-v5profit50,reset_liquidate,2021-11-22,-0.0034567254677347224
year2021,P-confirm5-v5profit50,reset_liquidate,2021-11-23,-0.004915026211506801
year2021,P-confirm5-v5profit50,reset_liquidate,2021-11-24,0.0011317999999726602
year2021,P-confirm5-v5profit50,reset_liquidate,2021-11-26,-0.003053759503108211
year2021,P-confirm5-v5profit50,reset_liquidate,2021-11-29,0.0016608423964827646
year2021,P-confirm5-v5profit50,reset_liquidate,2021-11-30,0.0
year2021,P-confirm5-v5profit50,reset_liquidate,2021-12-01,0.0
year2021,P-confirm5-v5profit50,reset_liquidate,2021-12-02,0.0
year2021,P-confirm5-v5profit50,reset_liquidate,2021-12-03,0.0
year2021,P-confirm5-v5profit50,reset_liquidate,2021-12-06,0.0
year2021,P-confirm5-v5profit50,reset_liquidate,2021-12-07,0.0
year2021,P-confirm5-v5profit50,reset_liquidate,2021-12-08,0.0
year2021,P-confirm5-v5profit50,reset_liquidate,2021-12-09,-0.0024435980224609467
year2021,P-confirm5-v5profit50,reset_liquidate,2021-12-10,0.002745483977933971
year2021,P-confirm5-v5profit50,reset_liquidate,2021-12-13,-0.0046681357149386486
year2021,P-confirm5-v5profit50,reset_liquidate,2021-12-14,-0.000935265328570345
year2021,P-confirm5-v5profit50,reset_liquidate,2021-12-15,0.0027780918610421424
year2021,P-confirm5-v5profit50,reset_liquidate,2021-12-16,-0.009812950466482628
year2021,P-confirm5-v5profit50,reset_liquidate,2021-12-17,0.0022616700527611
year2021,P-confirm5-v5profit50,reset_liquidate,2021-12-20,-0.0003791349859946669
year2021,P-confirm5-v5profit50,reset_liquidate,2021-12-21,0.0071737093287165266
year2021,P-confirm5-v5profit50,reset_liquidate,2021-12-22,0.0009244120149909607
year2021,P-confirm5-v5profit50,reset_liquidate,2021-12-23,-0.0024797555798548587
year2021,P-confirm5-v5profit50,reset_liquidate,2021-12-27,0.0007931931172296513
year2021,P-confirm5-v5profit50,reset_liquidate,2021-12-28,-0.0033552083542858656
year2021,P-confirm5-v5profit50,reset_liquidate,2021-12-29,0.0011846666076972268
year2021,P-confirm5-v5profit50,reset_liquidate,2021-12-30,-0.0010400588771790065
year2021,P-confirm5-v5profit50,reset_liquidate,2021-12-31,-0.0017197274534627382
year2021,P-confirm5-v5profit50,reset_liquidate,2022-01-03,-0.0022297665388189116
year2021,P-confirm5-v5profit50,reset_liquidate,2022-01-04,-0.010258536520358496
year2021,P-confirm5-v5profit50,reset_liquidate,2022-01-05,-0.011631776763448254
year2021,P-confirm5-v5profit50,reset_liquidate,2022-01-06,0.0045405895165822165
year2021,P-confirm5-v5profit50,reset_liquidate,2022-01-07,0.006002550146946217
year2021,P-confirm5-v5profit50,reset_liquidate,2022-01-10,0.00024096017860506525
year2021,P-confirm5-v5profit50,reset_liquidate,2022-01-11,0.007477601512437149
year2021,P-confirm5-v5profit50,reset_liquidate,2022-01-12,0.0072564849679140455
year2021,P-confirm5-v5profit50,reset_liquidate,2022-01-13,-0.012702731760111663
year2021,P-confirm5-v5profit50,reset_liquidate,2022-01-14,0.0008408197752745372
year2021,P-confirm5-v5profit50,reset_liquidate,2022-01-18,-0.012593994692962195
year2021,P-confirm5-v5profit50,reset_liquidate,2022-01-19,-0.005386563549346091
year2021,P-confirm5-v5profit50,reset_liquidate,2022-01-20,0.009419226802286995
year2021,P-confirm5-v5profit50,reset_liquidate,2022-01-21,-0.005734410955871771
year2021,P-confirm5-v5profit50,reset_liquidate,2022-01-24,-0.004258051258785023
year2021,P-confirm5-v5profit50,reset_liquidate,2022-01-25,-0.006760593784593294
year2021,P-confirm5-v5profit50,reset_liquidate,2022-01-26,-0.004868637081682614
year2021,P-confirm5-v5profit50,reset_liquidate,2022-01-27,-0.010129021452757302
year2021,P-confirm5-v5profit50,reset_liquidate,2022-01-28,0.014251162311491372
year2021,P-confirm5-v5profit50,reset_liquidate,2022-01-31,0.025843541452979645
year2021,P-confirm5-v5profit50,reset_liquidate,2022-02-01,0.0046141102782761845
year2021,P-confirm5-v5profit50,reset_liquidate,2022-02-02,-0.006727646445012558
year2021,P-confirm5-v5profit50,reset_liquidate,2022-02-03,-0.027474183795001862
year2021,P-confirm5-v5profit50,reset_liquidate,2022-02-04,0.01534430879365083
year2021,P-confirm5-v5profit50,reset_liquidate,2022-02-07,-0.0009226527250840166
year2021,P-confirm5-v5profit50,reset_liquidate,2022-02-08,0.003323160821832538
year2021,P-confirm5-v5profit50,reset_liquidate,2022-02-09,0.019527828679434013
year2021,P-confirm5-v5profit50,reset_liquidate,2022-02-10,-0.013504781667255616
year2021,P-confirm5-v5profit50,reset_liquidate,2022-02-11,-0.023627758533892318
year2021,P-confirm5-v5profit50,reset_liquidate,2022-02-14,-0.003242085706821718
year2021,P-confirm5-v5profit50,reset_liquidate,2022-02-15,0.016764250887556686
year2021,P-confirm5-v5profit50,reset_liquidate,2022-02-16,0.014018979586114432
year2021,P-confirm5-v5profit50,reset_liquidate,2022-02-17,-0.021248117879413265
year2021,P-confirm5-v5profit50,reset_liquidate,2022-02-18,-0.0028339848502002885
year2021,P-confirm5-v5profit50,reset_liquidate,2022-02-22,-0.013308254226869065
year2021,P-confirm5-v5profit50,reset_liquidate,2022-02-23,-0.013707759440092327
year2021,P-confirm5-v5profit50,reset_liquidate,2022-02-24,0.029941634022192853
year2021,P-confirm5-v5profit50,reset_liquidate,2022-02-25,-0.008994145637484519
year2021,P-confirm5-v5profit50,reset_liquidate,2022-02-28,0.006219379688044502
year2021,P-confirm5-v5profit50,reset_liquidate,2022-03-01,-0.010564988226539184
year2021,P-confirm5-v5profit50,reset_liquidate,2022-03-02,0.005731666331558772
year2021,P-confirm5-v5profit50,reset_liquidate,2022-03-03,-0.022249341515597088
year2021,P-confirm5-v5profit50,reset_liquidate,2022-03-04,-0.0185279096389775
year2021,P-confirm5-v5profit50,reset_liquidate,2022-03-07,-0.04146222825299241
year2021,P-confirm5-v5profit50,reset_liquidate,2022-03-08,0.0011497043754050695
year2021,P-confirm5-v5profit50,reset_liquidate,2022-03-09,0.03467102463460836
year2021,P-confirm5-v5profit50,reset_liquidate,2022-03-10,-0.009457900339569957
year2021,P-confirm5-v5profit50,reset_liquidate,2022-03-11,-0.016137702445318137
year2021,P-confirm5-v5profit50,reset_liquidate,2022-03-14,-0.005226128649590267
year2021,P-confirm5-v5profit50,reset_liquidate,2022-03-15,0.012219014026115915
year2021,P-confirm5-v5profit50,reset_liquidate,2022-03-16,0.04658501131525587
year2021,P-confirm5-v5profit50,reset_liquidate,2022-03-17,-0.00035237869298268
year2021,P-confirm5-v5profit50,reset_liquidate,2022-03-18,0.021392510421130793
year2021,P-confirm5-v5profit50,reset_liquidate,2022-03-21,-0.005116046558045107
year2021,P-confirm5-v5profit50,reset_liquidate,2022-03-22,0.024406438077364378
year2021,P-confirm5-v5profit50,reset_liquidate,2022-03-23,-0.007613696109842716
year2021,P-confirm5-v5profit50,reset_liquidate,2022-03-24,0.008335451984381658
year2021,P-confirm5-v5profit50,reset_liquidate,2022-03-25,-0.011458270358417432
year2021,P-confirm5-v5profit50,reset_liquidate,2022-03-28,0.01828108554998593
year2021,P-confirm5-v5profit50,reset_liquidate,2022-03-29,0.004568630320539113
year2021,P-confirm5-v5profit50,reset_liquidate,2022-03-30,-0.0047513845257100675
year2021,P-confirm5-v5profit50,reset_liquidate,2022-03-31,-0.006368497805121265
year2021,P-confirm5-v5profit50,reset_liquidate,2022-04-01,0.004266384302801818
year2021,P-confirm5-v5profit50,reset_liquidate,2022-04-04,0.012151976111005647
year2021,P-confirm5-v5profit50,reset_liquidate,2022-04-05,-0.013556070452555602
year2021,P-confirm5-v5profit50,reset_liquidate,2022-04-06,-0.017311095063024064
year2021,P-confirm5-v5profit50,reset_liquidate,2022-04-07,0.0012870905705439028
year2021,P-confirm5-v5profit50,reset_liquidate,2022-04-08,-0.00637900980274062
year2021,P-confirm5-v5profit50,reset_liquidate,2022-04-11,-0.012125119461478017
year2021,P-confirm5-v5profit50,reset_liquidate,2022-04-12,0.00013966284747410907
year2021,P-confirm5-v5profit50,reset_liquidate,2022-04-13,0.003677749172649647
year2021,P-confirm5-v5profit50,reset_liquidate,2022-04-14,-0.005144265358011291
year2021,P-confirm5-v5profit50,reset_liquidate,2022-04-18,0.000993438653492018
year2021,P-confirm5-v5profit50,reset_liquidate,2022-04-19,0.0035308641123584115
year2021,P-confirm5-v5profit50,reset_liquidate,2022-04-20,-0.0011429798410952264
year2021,P-confirm5-v5profit50,reset_liquidate,2022-04-21,-0.004457246077440502
year2021,P-confirm5-v5profit50,reset_liquidate,2022-04-22,-0.00656380188422383
year2021,P-confirm5-v5profit50,reset_liquidate,2022-04-25,0.005315485916980234
year2021,P-confirm5-v5profit50,reset_liquidate,2022-04-26,-0.007334964030315738
year2021,P-confirm5-v5profit50,reset_liquidate,2022-04-27,0.0011400147275324678
year2021,P-confirm5-v5profit50,reset_liquidate,2022-04-28,0.004016697896795196
year2021,P-confirm5-v5profit50,reset_liquidate,2022-04-29,-0.004181202107854975
year2021,P-confirm5-v5profit50,reset_liquidate,2022-05-02,0.0025043285104370703
year2021,P-confirm5-v5profit50,reset_liquidate,2022-05-03,-0.0009456190212897897
year2021,P-confirm5-v5profit50,reset_liquidate,2022-05-04,0.0029100760318527376
year2021,P-confirm5-v5profit50,reset_liquidate,2022-05-05,-0.004355474310057861
year2021,P-confirm5-v5profit50,reset_liquidate,2022-05-06,-0.0009446529870309917
year2021,P-confirm5-v5profit50,reset_liquidate,2022-05-09,-0.003694545192795706
year2021,P-confirm5-v5profit50,reset_liquidate,2022-05-10,0.001859556155956854
year2021,P-confirm5-v5profit50,reset_liquidate,2022-05-11,-0.003320969279046848
year2021,P-confirm5-v5profit50,reset_liquidate,2022-05-12,-0.0019957712274333295
year2021,P-confirm5-v5profit50,reset_liquidate,2022-05-13,0.002259639269925384
year2021,P-confirm5-v5profit50,reset_liquidate,2022-05-16,0.00014552883345526625
year2021,P-confirm5-v5profit50,reset_liquidate,2022-05-17,0.0020344196268522905
year2021,P-confirm5-v5profit50,reset_liquidate,2022-05-18,-0.004774756443838712
year2021,P-confirm5-v5profit50,reset_liquidate,2022-05-19,-0.0003699631748394383
year2021,P-confirm5-v5profit50,reset_liquidate,2022-05-20,-0.0002291229487450197
year2021,P-confirm5-v5profit50,reset_liquidate,2022-05-23,0.0032031978207529787
year2021,P-confirm5-v5profit50,reset_liquidate,2022-05-24,-0.0003951654722485598
year2021,P-confirm5-v5profit50,reset_liquidate,2022-05-25,0.0011170148490201592
year2021,P-confirm5-v5profit50,reset_liquidate,2022-05-26,0.0012875228646442194
year2021,P-confirm5-v5profit50,reset_liquidate,2022-05-27,0.004230405315745212
year2021,P-confirm5-v5profit50,reset_liquidate,2022-05-31,-0.0022410564676105917
year2021,P-confirm5-v5profit50,reset_liquidate,2022-06-01,-0.0009727788078103927
year2021,P-confirm5-v5profit50,reset_liquidate,2022-06-02,0.010376715233526502
year2021,P-confirm5-v5profit50,reset_liquidate,2022-06-03,-0.0077515722947543945
year2021,P-confirm5-v5profit50,reset_liquidate,2022-06-06,-0.0018183517409254835
year2021,P-confirm5-v5profit50,reset_liquidate,2022-06-07,0.003886164016552196
year2021,P-confirm5-v5profit50,reset_liquidate,2022-06-08,0.002516598116985047
year2021,P-confirm5-v5profit50,reset_liquidate,2022-06-09,-0.0038043777179320613
year2021,P-confirm5-v5profit50,reset_liquidate,2022-06-10,-0.012570149267352526
year2021,P-confirm5-v5profit50,reset_liquidate,2022-06-13,-0.011691037842629282
year2021,P-confirm5-v5profit50,reset_liquidate,2022-06-14,0.0010628783985076496
year2021,P-confirm5-v5profit50,reset_liquidate,2022-06-15,0.007613943935911194
year2021,P-confirm5-v5profit50,reset_liquidate,2022-06-16,-0.011669314779698504
year2021,P-confirm5-v5profit50,reset_liquidate,2022-06-17,0.008076800467508628
year2021,P-confirm5-v5profit50,reset_liquidate,2022-06-21,0.010190001005630767
year2021,P-confirm5-v5profit50,reset_liquidate,2022-06-22,0.003564246878155686
year2021,P-confirm5-v5profit50,reset_liquidate,2022-06-23,0.016648127278401658
year2021,P-confirm5-v5profit50,reset_liquidate,2022-06-24,0.01634548173718735
year2021,P-confirm5-v5profit50,reset_liquidate,2022-06-27,-0.0045894256975792195
year2021,P-confirm5-v5profit50,reset_liquidate,2022-06-28,-0.012077410817883782
year2021,P-confirm5-v5profit50,reset_liquidate,2022-06-29,-0.0008089224699414643
year2021,P-confirm5-v5profit50,reset_liquidate,2022-06-30,-0.0027756423509651797
year2021,P-confirm5-v5profit50,reset_liquidate,2022-07-01,0.003933554808526663
year2021,P-confirm5-v5profit50,reset_liquidate,2022-07-05,0.007174977655000791
year2021,P-confirm5-v5profit50,reset_liquidate,2022-07-06,-0.0005810160955111443
year2021,P-confirm5-v5profit50,reset_liquidate,2022-07-07,0.0032922125481939847
year2021,P-confirm5-v5profit50,reset_liquidate,2022-07-08,0.0003834697450659119
year2021,P-confirm5-v5profit50,reset_liquidate,2022-07-11,-0.002680360079917532
year2021,P-confirm5-v5profit50,reset_liquidate,2022-07-12,-0.006415702453208838
year2021,P-confirm5-v5profit50,reset_liquidate,2022-07-13,0.0028673682443420834
year2021,P-confirm5-v5profit50,reset_liquidate,2022-07-14,-0.0022727332998374373
year2021,P-confirm5-v5profit50,reset_liquidate,2022-07-15,0.0011969904490624073
year2021,P-confirm5-v5profit50,reset_liquidate,2022-07-18,-0.0010003350848711624
year2021,P-confirm5-v5profit50,reset_liquidate,2022-07-19,-6.823586231052836e-06
year2021,P-confirm5-v5profit50,reset_liquidate,2022-07-20,0.007128217058608599
year2021,P-confirm5-v5profit50,reset_liquidate,2022-07-21,0.0005290005502500472
year2021,P-confirm5-v5profit50,reset_liquidate,2022-07-22,-0.009345077432092685
year2021,P-confirm5-v5profit50,reset_liquidate,2022-07-25,-0.001490317792362017
year2021,P-confirm5-v5profit50,reset_liquidate,2022-07-26,0.0
year2021,P-confirm5-v5profit50,reset_liquidate,2022-07-27,0.0
year2021,P-confirm5-v5profit50,reset_liquidate,2022-07-28,0.0
year2021,P-confirm5-v5profit50,reset_liquidate,2022-07-29,0.0
year2021,P-confirm5-v5profit50,reset_liquidate,2022-08-01,0.0
year2021,P-confirm5-v5profit50,reset_liquidate,2022-08-02,0.0
year2021,P-confirm5-v5profit50,reset_liquidate,2022-08-03,0.0
year2021,P-confirm5-v5profit50,reset_liquidate,2022-08-04,0.0
year2021,P-confirm5-v5profit50,reset_liquidate,2022-08-05,0.0
year2021,P-confirm5-v5profit50,reset_liquidate,2022-08-08,0.0
year2021,P-confirm5-v5profit50,reset_liquidate,2022-08-09,0.0
year2021,P-confirm5-v5profit50,reset_liquidate,2022-08-10,0.0
year2021,P-confirm5-v5profit50,reset_liquidate,2022-08-11,0.0
year2021,P-confirm5-v5profit50,reset_liquidate,2022-08-12,0.005200307507449775
year2021,P-confirm5-v5profit50,reset_liquidate,2022-08-15,-0.001414259168114973
year2021,P-confirm5-v5profit50,reset_liquidate,2022-08-16,-0.003377158650139811
year2021,P-confirm5-v5profit50,reset_liquidate,2022-08-17,-0.000603165785577442
year2021,P-confirm5-v5profit50,reset_liquidate,2022-08-18,-0.003485293263993339
year2021,P-confirm5-v5profit50,reset_liquidate,2022-08-19,-0.001676603452033576
year2021,P-confirm5-v5profit50,reset_liquidate,2022-08-22,0.0020823030137983923
year2021,P-confirm5-v5profit50,reset_liquidate,2022-08-23,-0.0003051696624335909
year2021,P-confirm5-v5profit50,reset_liquidate,2022-08-24,0.001224427485044499
year2021,P-confirm5-v5profit50,reset_liquidate,2022-08-25,0.014833677261199241
year2021,P-confirm5-v5profit50,reset_liquidate,2022-08-26,-0.002495389212787147
year2021,P-confirm5-v5profit50,reset_mark,2021-08-27,0.0
year2021,P-confirm5-v5profit50,reset_mark,2021-08-30,0.0
year2021,P-confirm5-v5profit50,reset_mark,2021-08-31,0.0002707110181594752
year2021,P-confirm5-v5profit50,reset_mark,2021-09-01,-0.00022155233598405432
year2021,P-confirm5-v5profit50,reset_mark,2021-09-02,-0.0002315788147756681
year2021,P-confirm5-v5profit50,reset_mark,2021-09-03,0.00016111325842673718
year2021,P-confirm5-v5profit50,reset_mark,2021-09-07,0.002637783858939624
year2021,P-confirm5-v5profit50,reset_mark,2021-09-08,0.00012617502122473921
year2021,P-confirm5-v5profit50,reset_mark,2021-09-09,0.0001313231087076927
year2021,P-confirm5-v5profit50,reset_mark,2021-09-10,-0.0024627038366134336
year2021,P-confirm5-v5profit50,reset_mark,2021-09-13,0.000914066245943812
year2021,P-confirm5-v5profit50,reset_mark,2021-09-14,0.00020053498586631858
year2021,P-confirm5-v5profit50,reset_mark,2021-09-15,0.0015231899000174077
year2021,P-confirm5-v5profit50,reset_mark,2021-09-16,0.0005336353150690698
year2021,P-confirm5-v5profit50,reset_mark,2021-09-17,-0.0014225826787375162
year2021,P-confirm5-v5profit50,reset_mark,2021-09-20,-0.005717958374318433
year2021,P-confirm5-v5profit50,reset_mark,2021-09-21,0.001431247781322531
year2021,P-confirm5-v5profit50,reset_mark,2021-09-22,0.002980942985915447
year2021,P-confirm5-v5profit50,reset_mark,2021-09-23,0.0012294781050453895
year2021,P-confirm5-v5profit50,reset_mark,2021-09-24,-0.0037653064659299296
year2021,P-confirm5-v5profit50,reset_mark,2021-09-27,0.004884864494234508
year2021,P-confirm5-v5profit50,reset_mark,2021-09-28,-0.005167157994756
year2021,P-confirm5-v5profit50,reset_mark,2021-09-29,-0.0015187100880318272
year2021,P-confirm5-v5profit50,reset_mark,2021-09-30,0.003291312676963343
year2021,P-confirm5-v5profit50,reset_mark,2021-10-01,-0.001978628171490493
year2021,P-confirm5-v5profit50,reset_mark,2021-10-04,-0.008898306181800509
year2021,P-confirm5-v5profit50,reset_mark,2021-10-05,0.009205595609327256
year2021,P-confirm5-v5profit50,reset_mark,2021-10-06,-0.0007764896038820135
year2021,P-confirm5-v5profit50,reset_mark,2021-10-07,0.011181380885228631
year2021,P-confirm5-v5profit50,reset_mark,2021-10-08,0.0029398124201407637
year2021,P-confirm5-v5profit50,reset_mark,2021-10-11,-0.0012529385458969421
year2021,P-confirm5-v5profit50,reset_mark,2021-10-12,-0.0017072749981464686
year2021,P-confirm5-v5profit50,reset_mark,2021-10-13,0.006244370175751723
year2021,P-confirm5-v5profit50,reset_mark,2021-10-14,-0.000589791987276822
year2021,P-confirm5-v5profit50,reset_mark,2021-10-15,0.0020691899262901712
year2021,P-confirm5-v5profit50,reset_mark,2021-10-18,0.0033573012360781362
year2021,P-confirm5-v5profit50,reset_mark,2021-10-19,0.008402746122033223
year2021,P-confirm5-v5profit50,reset_mark,2021-10-20,-0.000991628484246798
year2021,P-confirm5-v5profit50,reset_mark,2021-10-21,0.0039391448255510775
year2021,P-confirm5-v5profit50,reset_mark,2021-10-22,0.0020130473585447508
year2021,P-confirm5-v5profit50,reset_mark,2021-10-25,0.0019687839883497428
year2021,P-confirm5-v5profit50,reset_mark,2021-10-26,-0.006635583217066454
year2021,P-confirm5-v5profit50,reset_mark,2021-10-27,-0.003877928165077882
year2021,P-confirm5-v5profit50,reset_mark,2021-10-28,0.0017880670476427385
year2021,P-confirm5-v5profit50,reset_mark,2021-10-29,-0.00563973434808559
year2021,P-confirm5-v5profit50,reset_mark,2021-11-01,-0.0012585151156275342
year2021,P-confirm5-v5profit50,reset_mark,2021-11-02,0.0
year2021,P-confirm5-v5profit50,reset_mark,2021-11-03,0.0
year2021,P-confirm5-v5profit50,reset_mark,2021-11-04,0.0
year2021,P-confirm5-v5profit50,reset_mark,2021-11-05,0.0
year2021,P-confirm5-v5profit50,reset_mark,2021-11-08,0.0
year2021,P-confirm5-v5profit50,reset_mark,2021-11-09,0.0
year2021,P-confirm5-v5profit50,reset_mark,2021-11-10,0.0
year2021,P-confirm5-v5profit50,reset_mark,2021-11-11,0.0
year2021,P-confirm5-v5profit50,reset_mark,2021-11-12,0.0
year2021,P-confirm5-v5profit50,reset_mark,2021-11-15,0.0
year2021,P-confirm5-v5profit50,reset_mark,2021-11-16,0.0
year2021,P-confirm5-v5profit50,reset_mark,2021-11-17,0.0001446807529615457
year2021,P-confirm5-v5profit50,reset_mark,2021-11-18,-0.001398018270000645
year2021,P-confirm5-v5profit50,reset_mark,2021-11-19,-0.00047213602117285314
year2021,P-confirm5-v5profit50,reset_mark,2021-11-22,-0.0034567254677347224
year2021,P-confirm5-v5profit50,reset_mark,2021-11-23,-0.004915026211506801
year2021,P-confirm5-v5profit50,reset_mark,2021-11-24,0.0011317999999726602
year2021,P-confirm5-v5profit50,reset_mark,2021-11-26,-0.003053759503108211
year2021,P-confirm5-v5profit50,reset_mark,2021-11-29,0.0016608423964827646
year2021,P-confirm5-v5profit50,reset_mark,2021-11-30,0.0
year2021,P-confirm5-v5profit50,reset_mark,2021-12-01,0.0
year2021,P-confirm5-v5profit50,reset_mark,2021-12-02,0.0
year2021,P-confirm5-v5profit50,reset_mark,2021-12-03,0.0
year2021,P-confirm5-v5profit50,reset_mark,2021-12-06,0.0
year2021,P-confirm5-v5profit50,reset_mark,2021-12-07,0.0
year2021,P-confirm5-v5profit50,reset_mark,2021-12-08,0.0
year2021,P-confirm5-v5profit50,reset_mark,2021-12-09,-0.0024435980224609467
year2021,P-confirm5-v5profit50,reset_mark,2021-12-10,0.002745483977933971
year2021,P-confirm5-v5profit50,reset_mark,2021-12-13,-0.0046681357149386486
year2021,P-confirm5-v5profit50,reset_mark,2021-12-14,-0.000935265328570345
year2021,P-confirm5-v5profit50,reset_mark,2021-12-15,0.0027780918610421424
year2021,P-confirm5-v5profit50,reset_mark,2021-12-16,-0.009812950466482628
year2021,P-confirm5-v5profit50,reset_mark,2021-12-17,0.0022616700527611
year2021,P-confirm5-v5profit50,reset_mark,2021-12-20,-0.0003791349859946669
year2021,P-confirm5-v5profit50,reset_mark,2021-12-21,0.0071737093287165266
year2021,P-confirm5-v5profit50,reset_mark,2021-12-22,0.0009244120149909607
year2021,P-confirm5-v5profit50,reset_mark,2021-12-23,-0.0024797555798548587
year2021,P-confirm5-v5profit50,reset_mark,2021-12-27,0.0007931931172296513
year2021,P-confirm5-v5profit50,reset_mark,2021-12-28,-0.0033552083542858656
year2021,P-confirm5-v5profit50,reset_mark,2021-12-29,0.0011846666076972268
year2021,P-confirm5-v5profit50,reset_mark,2021-12-30,-0.0010400588771790065
year2021,P-confirm5-v5profit50,reset_mark,2021-12-31,-0.0017197274534627382
year2021,P-confirm5-v5profit50,reset_mark,2022-01-03,-0.0022297665388189116
year2021,P-confirm5-v5profit50,reset_mark,2022-01-04,-0.010258536520358496
year2021,P-confirm5-v5profit50,reset_mark,2022-01-05,-0.011631776763448254
year2021,P-confirm5-v5profit50,reset_mark,2022-01-06,0.0045405895165822165
year2021,P-confirm5-v5profit50,reset_mark,2022-01-07,0.006002550146946217
year2021,P-confirm5-v5profit50,reset_mark,2022-01-10,0.00024096017860506525
year2021,P-confirm5-v5profit50,reset_mark,2022-01-11,0.007477601512437149
year2021,P-confirm5-v5profit50,reset_mark,2022-01-12,0.0072564849679140455
year2021,P-confirm5-v5profit50,reset_mark,2022-01-13,-0.012702731760111663
year2021,P-confirm5-v5profit50,reset_mark,2022-01-14,0.0008408197752745372
year2021,P-confirm5-v5profit50,reset_mark,2022-01-18,-0.012593994692962195
year2021,P-confirm5-v5profit50,reset_mark,2022-01-19,-0.005386563549346091
year2021,P-confirm5-v5profit50,reset_mark,2022-01-20,0.009419226802286995
year2021,P-confirm5-v5profit50,reset_mark,2022-01-21,-0.005734410955871771
year2021,P-confirm5-v5profit50,reset_mark,2022-01-24,-0.004258051258785023
year2021,P-confirm5-v5profit50,reset_mark,2022-01-25,-0.006760593784593294
year2021,P-confirm5-v5profit50,reset_mark,2022-01-26,-0.004868637081682614
year2021,P-confirm5-v5profit50,reset_mark,2022-01-27,-0.010129021452757302
year2021,P-confirm5-v5profit50,reset_mark,2022-01-28,0.014251162311491372
year2021,P-confirm5-v5profit50,reset_mark,2022-01-31,0.025843541452979645
year2021,P-confirm5-v5profit50,reset_mark,2022-02-01,0.0046141102782761845
year2021,P-confirm5-v5profit50,reset_mark,2022-02-02,-0.006727646445012558
year2021,P-confirm5-v5profit50,reset_mark,2022-02-03,-0.027474183795001862
year2021,P-confirm5-v5profit50,reset_mark,2022-02-04,0.01534430879365083
year2021,P-confirm5-v5profit50,reset_mark,2022-02-07,-0.0009226527250840166
year2021,P-confirm5-v5profit50,reset_mark,2022-02-08,0.003323160821832538
year2021,P-confirm5-v5profit50,reset_mark,2022-02-09,0.019527828679434013
year2021,P-confirm5-v5profit50,reset_mark,2022-02-10,-0.013504781667255616
year2021,P-confirm5-v5profit50,reset_mark,2022-02-11,-0.023627758533892318
year2021,P-confirm5-v5profit50,reset_mark,2022-02-14,-0.003242085706821718
year2021,P-confirm5-v5profit50,reset_mark,2022-02-15,0.016764250887556686
year2021,P-confirm5-v5profit50,reset_mark,2022-02-16,0.014018979586114432
year2021,P-confirm5-v5profit50,reset_mark,2022-02-17,-0.021248117879413265
year2021,P-confirm5-v5profit50,reset_mark,2022-02-18,-0.0028339848502002885
year2021,P-confirm5-v5profit50,reset_mark,2022-02-22,-0.013308254226869065
year2021,P-confirm5-v5profit50,reset_mark,2022-02-23,-0.013707759440092327
year2021,P-confirm5-v5profit50,reset_mark,2022-02-24,0.029941634022192853
year2021,P-confirm5-v5profit50,reset_mark,2022-02-25,-0.008994145637484519
year2021,P-confirm5-v5profit50,reset_mark,2022-02-28,0.006219379688044502
year2021,P-confirm5-v5profit50,reset_mark,2022-03-01,-0.010564988226539184
year2021,P-confirm5-v5profit50,reset_mark,2022-03-02,0.005731666331558772
year2021,P-confirm5-v5profit50,reset_mark,2022-03-03,-0.022249341515597088
year2021,P-confirm5-v5profit50,reset_mark,2022-03-04,-0.0185279096389775
year2021,P-confirm5-v5profit50,reset_mark,2022-03-07,-0.04146222825299241
year2021,P-confirm5-v5profit50,reset_mark,2022-03-08,0.0011497043754050695
year2021,P-confirm5-v5profit50,reset_mark,2022-03-09,0.03467102463460836
year2021,P-confirm5-v5profit50,reset_mark,2022-03-10,-0.009457900339569957
year2021,P-confirm5-v5profit50,reset_mark,2022-03-11,-0.016137702445318137
year2021,P-confirm5-v5profit50,reset_mark,2022-03-14,-0.005226128649590267
year2021,P-confirm5-v5profit50,reset_mark,2022-03-15,0.012219014026115915
year2021,P-confirm5-v5profit50,reset_mark,2022-03-16,0.04658501131525587
year2021,P-confirm5-v5profit50,reset_mark,2022-03-17,-0.00035237869298268
year2021,P-confirm5-v5profit50,reset_mark,2022-03-18,0.021392510421130793
year2021,P-confirm5-v5profit50,reset_mark,2022-03-21,-0.005116046558045107
year2021,P-confirm5-v5profit50,reset_mark,2022-03-22,0.024406438077364378
year2021,P-confirm5-v5profit50,reset_mark,2022-03-23,-0.007613696109842716
year2021,P-confirm5-v5profit50,reset_mark,2022-03-24,0.008335451984381658
year2021,P-confirm5-v5profit50,reset_mark,2022-03-25,-0.011458270358417432
year2021,P-confirm5-v5profit50,reset_mark,2022-03-28,0.01828108554998593
year2021,P-confirm5-v5profit50,reset_mark,2022-03-29,0.004568630320539113
year2021,P-confirm5-v5profit50,reset_mark,2022-03-30,-0.0047513845257100675
year2021,P-confirm5-v5profit50,reset_mark,2022-03-31,-0.006368497805121265
year2021,P-confirm5-v5profit50,reset_mark,2022-04-01,0.004266384302801818
year2021,P-confirm5-v5profit50,reset_mark,2022-04-04,0.012151976111005647
year2021,P-confirm5-v5profit50,reset_mark,2022-04-05,-0.013556070452555602
year2021,P-confirm5-v5profit50,reset_mark,2022-04-06,-0.017311095063024064
year2021,P-confirm5-v5profit50,reset_mark,2022-04-07,0.0012870905705439028
year2021,P-confirm5-v5profit50,reset_mark,2022-04-08,-0.00637900980274062
year2021,P-confirm5-v5profit50,reset_mark,2022-04-11,-0.012125119461478017
year2021,P-confirm5-v5profit50,reset_mark,2022-04-12,0.00013966284747410907
year2021,P-confirm5-v5profit50,reset_mark,2022-04-13,0.003677749172649647
year2021,P-confirm5-v5profit50,reset_mark,2022-04-14,-0.005144265358011291
year2021,P-confirm5-v5profit50,reset_mark,2022-04-18,0.000993438653492018
year2021,P-confirm5-v5profit50,reset_mark,2022-04-19,0.0035308641123584115
year2021,P-confirm5-v5profit50,reset_mark,2022-04-20,-0.0011429798410952264
year2021,P-confirm5-v5profit50,reset_mark,2022-04-21,-0.004457246077440502
year2021,P-confirm5-v5profit50,reset_mark,2022-04-22,-0.00656380188422383
year2021,P-confirm5-v5profit50,reset_mark,2022-04-25,0.005315485916980234
year2021,P-confirm5-v5profit50,reset_mark,2022-04-26,-0.007334964030315738
year2021,P-confirm5-v5profit50,reset_mark,2022-04-27,0.0011400147275324678
year2021,P-confirm5-v5profit50,reset_mark,2022-04-28,0.004016697896795196
year2021,P-confirm5-v5profit50,reset_mark,2022-04-29,-0.004181202107854975
year2021,P-confirm5-v5profit50,reset_mark,2022-05-02,0.0025043285104370703
year2021,P-confirm5-v5profit50,reset_mark,2022-05-03,-0.0009456190212897897
year2021,P-confirm5-v5profit50,reset_mark,2022-05-04,0.0029100760318527376
year2021,P-confirm5-v5profit50,reset_mark,2022-05-05,-0.004355474310057861
year2021,P-confirm5-v5profit50,reset_mark,2022-05-06,-0.0009446529870309917
year2021,P-confirm5-v5profit50,reset_mark,2022-05-09,-0.003694545192795706
year2021,P-confirm5-v5profit50,reset_mark,2022-05-10,0.001859556155956854
year2021,P-confirm5-v5profit50,reset_mark,2022-05-11,-0.003320969279046848
year2021,P-confirm5-v5profit50,reset_mark,2022-05-12,-0.0019957712274333295
year2021,P-confirm5-v5profit50,reset_mark,2022-05-13,0.002259639269925384
year2021,P-confirm5-v5profit50,reset_mark,2022-05-16,0.00014552883345526625
year2021,P-confirm5-v5profit50,reset_mark,2022-05-17,0.0020344196268522905
year2021,P-confirm5-v5profit50,reset_mark,2022-05-18,-0.004774756443838712
year2021,P-confirm5-v5profit50,reset_mark,2022-05-19,-0.0003699631748394383
year2021,P-confirm5-v5profit50,reset_mark,2022-05-20,-0.0002291229487450197
year2021,P-confirm5-v5profit50,reset_mark,2022-05-23,0.0032031978207529787
year2021,P-confirm5-v5profit50,reset_mark,2022-05-24,-0.0003951654722485598
year2021,P-confirm5-v5profit50,reset_mark,2022-05-25,0.0011170148490201592
year2021,P-confirm5-v5profit50,reset_mark,2022-05-26,0.0012875228646442194
year2021,P-confirm5-v5profit50,reset_mark,2022-05-27,0.004230405315745212
year2021,P-confirm5-v5profit50,reset_mark,2022-05-31,-0.0022410564676105917
year2021,P-confirm5-v5profit50,reset_mark,2022-06-01,-0.0009727788078103927
year2021,P-confirm5-v5profit50,reset_mark,2022-06-02,0.010376715233526502
year2021,P-confirm5-v5profit50,reset_mark,2022-06-03,-0.0077515722947543945
year2021,P-confirm5-v5profit50,reset_mark,2022-06-06,-0.0018183517409254835
year2021,P-confirm5-v5profit50,reset_mark,2022-06-07,0.003886164016552196
year2021,P-confirm5-v5profit50,reset_mark,2022-06-08,0.002516598116985047
year2021,P-confirm5-v5profit50,reset_mark,2022-06-09,-0.0038043777179320613
year2021,P-confirm5-v5profit50,reset_mark,2022-06-10,-0.012570149267352526
year2021,P-confirm5-v5profit50,reset_mark,2022-06-13,-0.011691037842629282
year2021,P-confirm5-v5profit50,reset_mark,2022-06-14,0.0010628783985076496
year2021,P-confirm5-v5profit50,reset_mark,2022-06-15,0.007613943935911194
year2021,P-confirm5-v5profit50,reset_mark,2022-06-16,-0.011669314779698504
year2021,P-confirm5-v5profit50,reset_mark,2022-06-17,0.008076800467508628
year2021,P-confirm5-v5profit50,reset_mark,2022-06-21,0.010190001005630767
year2021,P-confirm5-v5profit50,reset_mark,2022-06-22,0.003564246878155686
year2021,P-confirm5-v5profit50,reset_mark,2022-06-23,0.016648127278401658
year2021,P-confirm5-v5profit50,reset_mark,2022-06-24,0.01634548173718735
year2021,P-confirm5-v5profit50,reset_mark,2022-06-27,-0.0045894256975792195
year2021,P-confirm5-v5profit50,reset_mark,2022-06-28,-0.012077410817883782
year2021,P-confirm5-v5profit50,reset_mark,2022-06-29,-0.0008089224699414643
year2021,P-confirm5-v5profit50,reset_mark,2022-06-30,-0.0027756423509651797
year2021,P-confirm5-v5profit50,reset_mark,2022-07-01,0.003933554808526663
year2021,P-confirm5-v5profit50,reset_mark,2022-07-05,0.007174977655000791
year2021,P-confirm5-v5profit50,reset_mark,2022-07-06,-0.0005810160955111443
year2021,P-confirm5-v5profit50,reset_mark,2022-07-07,0.0032922125481939847
year2021,P-confirm5-v5profit50,reset_mark,2022-07-08,0.0003834697450659119
year2021,P-confirm5-v5profit50,reset_mark,2022-07-11,-0.002680360079917532
year2021,P-confirm5-v5profit50,reset_mark,2022-07-12,-0.006415702453208838
year2021,P-confirm5-v5profit50,reset_mark,2022-07-13,0.0028673682443420834
year2021,P-confirm5-v5profit50,reset_mark,2022-07-14,-0.0022727332998374373
year2021,P-confirm5-v5profit50,reset_mark,2022-07-15,0.0011969904490624073
year2021,P-confirm5-v5profit50,reset_mark,2022-07-18,-0.0010003350848711624
year2021,P-confirm5-v5profit50,reset_mark,2022-07-19,-6.823586231052836e-06
year2021,P-confirm5-v5profit50,reset_mark,2022-07-20,0.007128217058608599
year2021,P-confirm5-v5profit50,reset_mark,2022-07-21,0.0005290005502500472
year2021,P-confirm5-v5profit50,reset_mark,2022-07-22,-0.009345077432092685
year2021,P-confirm5-v5profit50,reset_mark,2022-07-25,-0.001490317792362017
year2021,P-confirm5-v5profit50,reset_mark,2022-07-26,0.0
year2021,P-confirm5-v5profit50,reset_mark,2022-07-27,0.0
year2021,P-confirm5-v5profit50,reset_mark,2022-07-28,0.0
year2021,P-confirm5-v5profit50,reset_mark,2022-07-29,0.0
year2021,P-confirm5-v5profit50,reset_mark,2022-08-01,0.0
year2021,P-confirm5-v5profit50,reset_mark,2022-08-02,0.0
year2021,P-confirm5-v5profit50,reset_mark,2022-08-03,0.0
year2021,P-confirm5-v5profit50,reset_mark,2022-08-04,0.0
year2021,P-confirm5-v5profit50,reset_mark,2022-08-05,0.0
year2021,P-confirm5-v5profit50,reset_mark,2022-08-08,0.0
year2021,P-confirm5-v5profit50,reset_mark,2022-08-09,0.0
year2021,P-confirm5-v5profit50,reset_mark,2022-08-10,0.0
year2021,P-confirm5-v5profit50,reset_mark,2022-08-11,0.0
year2021,P-confirm5-v5profit50,reset_mark,2022-08-12,0.005200307507449775
year2021,P-confirm5-v5profit50,reset_mark,2022-08-15,-0.001414259168114973
year2021,P-confirm5-v5profit50,reset_mark,2022-08-16,-0.003377158650139811
year2021,P-confirm5-v5profit50,reset_mark,2022-08-17,-0.000603165785577442
year2021,P-confirm5-v5profit50,reset_mark,2022-08-18,-0.003485293263993339
year2021,P-confirm5-v5profit50,reset_mark,2022-08-19,-0.001676603452033576
year2021,P-confirm5-v5profit50,reset_mark,2022-08-22,0.0020823030137983923
year2021,P-confirm5-v5profit50,reset_mark,2022-08-23,-0.0003051696624335909
year2021,P-confirm5-v5profit50,reset_mark,2022-08-24,0.001224427485044499
year2021,P-confirm5-v5profit50,reset_mark,2022-08-25,0.014833677261199241
year2021,P-confirm5-v5profit50,reset_mark,2022-08-26,-0.0023977869997869328
year2021,P-confirm5-v5profit50,carry_mark,2021-08-27,0.0
year2021,P-confirm5-v5profit50,carry_mark,2021-08-30,0.0
year2021,P-confirm5-v5profit50,carry_mark,2021-08-31,0.0002707110181594752
year2021,P-confirm5-v5profit50,carry_mark,2021-09-01,-0.00022155233598405432
year2021,P-confirm5-v5profit50,carry_mark,2021-09-02,-0.0002315788147756681
year2021,P-confirm5-v5profit50,carry_mark,2021-09-03,0.00016111325842673718
year2021,P-confirm5-v5profit50,carry_mark,2021-09-07,0.002637783858939624
year2021,P-confirm5-v5profit50,carry_mark,2021-09-08,0.00012617502122473921
year2021,P-confirm5-v5profit50,carry_mark,2021-09-09,0.0001313231087076927
year2021,P-confirm5-v5profit50,carry_mark,2021-09-10,-0.0024627038366134336
year2021,P-confirm5-v5profit50,carry_mark,2021-09-13,0.000914066245943812
year2021,P-confirm5-v5profit50,carry_mark,2021-09-14,0.00020053498586631858
year2021,P-confirm5-v5profit50,carry_mark,2021-09-15,0.0015231899000174077
year2021,P-confirm5-v5profit50,carry_mark,2021-09-16,0.0005336353150690698
year2021,P-confirm5-v5profit50,carry_mark,2021-09-17,-0.0014225826787375162
year2021,P-confirm5-v5profit50,carry_mark,2021-09-20,-0.005717958374318433
year2021,P-confirm5-v5profit50,carry_mark,2021-09-21,0.001431247781322531
year2021,P-confirm5-v5profit50,carry_mark,2021-09-22,0.002980942985915447
year2021,P-confirm5-v5profit50,carry_mark,2021-09-23,0.0012294781050453895
year2021,P-confirm5-v5profit50,carry_mark,2021-09-24,-0.0037653064659299296
year2021,P-confirm5-v5profit50,carry_mark,2021-09-27,0.004884864494234508
year2021,P-confirm5-v5profit50,carry_mark,2021-09-28,-0.005167157994756
year2021,P-confirm5-v5profit50,carry_mark,2021-09-29,-0.0015187100880318272
year2021,P-confirm5-v5profit50,carry_mark,2021-09-30,0.003291312676963343
year2021,P-confirm5-v5profit50,carry_mark,2021-10-01,-0.001978628171490493
year2021,P-confirm5-v5profit50,carry_mark,2021-10-04,-0.008898306181800509
year2021,P-confirm5-v5profit50,carry_mark,2021-10-05,0.009205595609327256
year2021,P-confirm5-v5profit50,carry_mark,2021-10-06,-0.0007764896038820135
year2021,P-confirm5-v5profit50,carry_mark,2021-10-07,0.011181380885228631
year2021,P-confirm5-v5profit50,carry_mark,2021-10-08,0.0029398124201407637
year2021,P-confirm5-v5profit50,carry_mark,2021-10-11,-0.0012529385458969421
year2021,P-confirm5-v5profit50,carry_mark,2021-10-12,-0.0017072749981464686
year2021,P-confirm5-v5profit50,carry_mark,2021-10-13,0.006244370175751723
year2021,P-confirm5-v5profit50,carry_mark,2021-10-14,-0.000589791987276822
year2021,P-confirm5-v5profit50,carry_mark,2021-10-15,0.0020691899262901712
year2021,P-confirm5-v5profit50,carry_mark,2021-10-18,0.0033573012360781362
year2021,P-confirm5-v5profit50,carry_mark,2021-10-19,0.008402746122033223
year2021,P-confirm5-v5profit50,carry_mark,2021-10-20,-0.000991628484246798
year2021,P-confirm5-v5profit50,carry_mark,2021-10-21,0.0039391448255510775
year2021,P-confirm5-v5profit50,carry_mark,2021-10-22,0.0020130473585447508
year2021,P-confirm5-v5profit50,carry_mark,2021-10-25,0.0019687839883497428
year2021,P-confirm5-v5profit50,carry_mark,2021-10-26,-0.006635583217066454
year2021,P-confirm5-v5profit50,carry_mark,2021-10-27,-0.003877928165077882
year2021,P-confirm5-v5profit50,carry_mark,2021-10-28,0.0017880670476427385
year2021,P-confirm5-v5profit50,carry_mark,2021-10-29,-0.00563973434808559
year2021,P-confirm5-v5profit50,carry_mark,2021-11-01,-0.0012585151156275342
year2021,P-confirm5-v5profit50,carry_mark,2021-11-02,0.0
year2021,P-confirm5-v5profit50,carry_mark,2021-11-03,0.0
year2021,P-confirm5-v5profit50,carry_mark,2021-11-04,0.0
year2021,P-confirm5-v5profit50,carry_mark,2021-11-05,0.0
year2021,P-confirm5-v5profit50,carry_mark,2021-11-08,0.0
year2021,P-confirm5-v5profit50,carry_mark,2021-11-09,0.0
year2021,P-confirm5-v5profit50,carry_mark,2021-11-10,0.0
year2021,P-confirm5-v5profit50,carry_mark,2021-11-11,0.0
year2021,P-confirm5-v5profit50,carry_mark,2021-11-12,0.0
year2021,P-confirm5-v5profit50,carry_mark,2021-11-15,0.0
year2021,P-confirm5-v5profit50,carry_mark,2021-11-16,0.0
year2021,P-confirm5-v5profit50,carry_mark,2021-11-17,0.0001446807529615457
year2021,P-confirm5-v5profit50,carry_mark,2021-11-18,-0.001398018270000645
year2021,P-confirm5-v5profit50,carry_mark,2021-11-19,-0.00047213602117285314
year2021,P-confirm5-v5profit50,carry_mark,2021-11-22,-0.0034567254677347224
year2021,P-confirm5-v5profit50,carry_mark,2021-11-23,-0.004915026211506801
year2021,P-confirm5-v5profit50,carry_mark,2021-11-24,0.0011317999999726602
year2021,P-confirm5-v5profit50,carry_mark,2021-11-26,-0.003053759503108211
year2021,P-confirm5-v5profit50,carry_mark,2021-11-29,0.0016608423964827646
year2021,P-confirm5-v5profit50,carry_mark,2021-11-30,0.0
year2021,P-confirm5-v5profit50,carry_mark,2021-12-01,0.0
year2021,P-confirm5-v5profit50,carry_mark,2021-12-02,0.0
year2021,P-confirm5-v5profit50,carry_mark,2021-12-03,0.0
year2021,P-confirm5-v5profit50,carry_mark,2021-12-06,0.0
year2021,P-confirm5-v5profit50,carry_mark,2021-12-07,0.0
year2021,P-confirm5-v5profit50,carry_mark,2021-12-08,0.0
year2021,P-confirm5-v5profit50,carry_mark,2021-12-09,-0.0024435980224609467
year2021,P-confirm5-v5profit50,carry_mark,2021-12-10,0.002745483977933971
year2021,P-confirm5-v5profit50,carry_mark,2021-12-13,-0.0046681357149386486
year2021,P-confirm5-v5profit50,carry_mark,2021-12-14,-0.000935265328570345
year2021,P-confirm5-v5profit50,carry_mark,2021-12-15,0.0027780918610421424
year2021,P-confirm5-v5profit50,carry_mark,2021-12-16,-0.009812950466482628
year2021,P-confirm5-v5profit50,carry_mark,2021-12-17,0.0022616700527611
year2021,P-confirm5-v5profit50,carry_mark,2021-12-20,-0.0003791349859946669
year2021,P-confirm5-v5profit50,carry_mark,2021-12-21,0.0071737093287165266
year2021,P-confirm5-v5profit50,carry_mark,2021-12-22,0.0009244120149909607
year2021,P-confirm5-v5profit50,carry_mark,2021-12-23,-0.0024797555798548587
year2021,P-confirm5-v5profit50,carry_mark,2021-12-27,0.0007931931172296513
year2021,P-confirm5-v5profit50,carry_mark,2021-12-28,-0.0033552083542858656
year2021,P-confirm5-v5profit50,carry_mark,2021-12-29,0.0011846666076972268
year2021,P-confirm5-v5profit50,carry_mark,2021-12-30,-0.0010400588771790065
year2021,P-confirm5-v5profit50,carry_mark,2021-12-31,-0.0017197274534627382
year2021,P-confirm5-v5profit50,carry_mark,2022-01-03,-0.0022297665388189116
year2021,P-confirm5-v5profit50,carry_mark,2022-01-04,-0.010258536520358496
year2021,P-confirm5-v5profit50,carry_mark,2022-01-05,-0.011631776763448254
year2021,P-confirm5-v5profit50,carry_mark,2022-01-06,0.0045405895165822165
year2021,P-confirm5-v5profit50,carry_mark,2022-01-07,0.006002550146946217
year2021,P-confirm5-v5profit50,carry_mark,2022-01-10,0.00024096017860506525
year2021,P-confirm5-v5profit50,carry_mark,2022-01-11,0.007477601512437149
year2021,P-confirm5-v5profit50,carry_mark,2022-01-12,0.0072564849679140455
year2021,P-confirm5-v5profit50,carry_mark,2022-01-13,-0.012702731760111663
year2021,P-confirm5-v5profit50,carry_mark,2022-01-14,0.0008408197752745372
year2021,P-confirm5-v5profit50,carry_mark,2022-01-18,-0.012593994692962195
year2021,P-confirm5-v5profit50,carry_mark,2022-01-19,-0.005386563549346091
year2021,P-confirm5-v5profit50,carry_mark,2022-01-20,0.009419226802286995
year2021,P-confirm5-v5profit50,carry_mark,2022-01-21,-0.005734410955871771
year2021,P-confirm5-v5profit50,carry_mark,2022-01-24,-0.004258051258785023
year2021,P-confirm5-v5profit50,carry_mark,2022-01-25,-0.006760593784593294
year2021,P-confirm5-v5profit50,carry_mark,2022-01-26,-0.004868637081682614
year2021,P-confirm5-v5profit50,carry_mark,2022-01-27,-0.010129021452757302
year2021,P-confirm5-v5profit50,carry_mark,2022-01-28,0.014251162311491372
year2021,P-confirm5-v5profit50,carry_mark,2022-01-31,0.025843541452979645
year2021,P-confirm5-v5profit50,carry_mark,2022-02-01,0.0046141102782761845
year2021,P-confirm5-v5profit50,carry_mark,2022-02-02,-0.006727646445012558
year2021,P-confirm5-v5profit50,carry_mark,2022-02-03,-0.027474183795001862
year2021,P-confirm5-v5profit50,carry_mark,2022-02-04,0.01534430879365083
year2021,P-confirm5-v5profit50,carry_mark,2022-02-07,-0.0009226527250840166
year2021,P-confirm5-v5profit50,carry_mark,2022-02-08,0.003323160821832538
year2021,P-confirm5-v5profit50,carry_mark,2022-02-09,0.019527828679434013
year2021,P-confirm5-v5profit50,carry_mark,2022-02-10,-0.013504781667255616
year2021,P-confirm5-v5profit50,carry_mark,2022-02-11,-0.023627758533892318
year2021,P-confirm5-v5profit50,carry_mark,2022-02-14,-0.003242085706821718
year2021,P-confirm5-v5profit50,carry_mark,2022-02-15,0.016764250887556686
year2021,P-confirm5-v5profit50,carry_mark,2022-02-16,0.014018979586114432
year2021,P-confirm5-v5profit50,carry_mark,2022-02-17,-0.021248117879413265
year2021,P-confirm5-v5profit50,carry_mark,2022-02-18,-0.0028339848502002885
year2021,P-confirm5-v5profit50,carry_mark,2022-02-22,-0.013308254226869065
year2021,P-confirm5-v5profit50,carry_mark,2022-02-23,-0.013707759440092327
year2021,P-confirm5-v5profit50,carry_mark,2022-02-24,0.029941634022192853
year2021,P-confirm5-v5profit50,carry_mark,2022-02-25,-0.008994145637484519
year2021,P-confirm5-v5profit50,carry_mark,2022-02-28,0.006219379688044502
year2021,P-confirm5-v5profit50,carry_mark,2022-03-01,-0.010564988226539184
year2021,P-confirm5-v5profit50,carry_mark,2022-03-02,0.005731666331558772
year2021,P-confirm5-v5profit50,carry_mark,2022-03-03,-0.022249341515597088
year2021,P-confirm5-v5profit50,carry_mark,2022-03-04,-0.0185279096389775
year2021,P-confirm5-v5profit50,carry_mark,2022-03-07,-0.04146222825299241
year2021,P-confirm5-v5profit50,carry_mark,2022-03-08,0.0011497043754050695
year2021,P-confirm5-v5profit50,carry_mark,2022-03-09,0.03467102463460836
year2021,P-confirm5-v5profit50,carry_mark,2022-03-10,-0.009457900339569957
year2021,P-confirm5-v5profit50,carry_mark,2022-03-11,-0.016137702445318137
year2021,P-confirm5-v5profit50,carry_mark,2022-03-14,-0.005226128649590267
year2021,P-confirm5-v5profit50,carry_mark,2022-03-15,0.012219014026115915
year2021,P-confirm5-v5profit50,carry_mark,2022-03-16,0.04658501131525587
year2021,P-confirm5-v5profit50,carry_mark,2022-03-17,-0.00035237869298268
year2021,P-confirm5-v5profit50,carry_mark,2022-03-18,0.021392510421130793
year2021,P-confirm5-v5profit50,carry_mark,2022-03-21,-0.005116046558045107
year2021,P-confirm5-v5profit50,carry_mark,2022-03-22,0.024406438077364378
year2021,P-confirm5-v5profit50,carry_mark,2022-03-23,-0.007613696109842716
year2021,P-confirm5-v5profit50,carry_mark,2022-03-24,0.008335451984381658
year2021,P-confirm5-v5profit50,carry_mark,2022-03-25,-0.011458270358417432
year2021,P-confirm5-v5profit50,carry_mark,2022-03-28,0.01828108554998593
year2021,P-confirm5-v5profit50,carry_mark,2022-03-29,0.004568630320539113
year2021,P-confirm5-v5profit50,carry_mark,2022-03-30,-0.0047513845257100675
year2021,P-confirm5-v5profit50,carry_mark,2022-03-31,-0.006368497805121265
year2021,P-confirm5-v5profit50,carry_mark,2022-04-01,0.004266384302801818
year2021,P-confirm5-v5profit50,carry_mark,2022-04-04,0.012151976111005647
year2021,P-confirm5-v5profit50,carry_mark,2022-04-05,-0.013556070452555602
year2021,P-confirm5-v5profit50,carry_mark,2022-04-06,-0.017311095063024064
year2021,P-confirm5-v5profit50,carry_mark,2022-04-07,0.0012870905705439028
year2021,P-confirm5-v5profit50,carry_mark,2022-04-08,-0.00637900980274062
year2021,P-confirm5-v5profit50,carry_mark,2022-04-11,-0.012125119461478017
year2021,P-confirm5-v5profit50,carry_mark,2022-04-12,0.00013966284747410907
year2021,P-confirm5-v5profit50,carry_mark,2022-04-13,0.003677749172649647
year2021,P-confirm5-v5profit50,carry_mark,2022-04-14,-0.005144265358011291
year2021,P-confirm5-v5profit50,carry_mark,2022-04-18,0.000993438653492018
year2021,P-confirm5-v5profit50,carry_mark,2022-04-19,0.0035308641123584115
year2021,P-confirm5-v5profit50,carry_mark,2022-04-20,-0.0011429798410952264
year2021,P-confirm5-v5profit50,carry_mark,2022-04-21,-0.004457246077440502
year2021,P-confirm5-v5profit50,carry_mark,2022-04-22,-0.00656380188422383
year2021,P-confirm5-v5profit50,carry_mark,2022-04-25,0.005315485916980234
year2021,P-confirm5-v5profit50,carry_mark,2022-04-26,-0.007334964030315738
year2021,P-confirm5-v5profit50,carry_mark,2022-04-27,0.0011400147275324678
year2021,P-confirm5-v5profit50,carry_mark,2022-04-28,0.004016697896795196
year2021,P-confirm5-v5profit50,carry_mark,2022-04-29,-0.004181202107854975
year2021,P-confirm5-v5profit50,carry_mark,2022-05-02,0.0025043285104370703
year2021,P-confirm5-v5profit50,carry_mark,2022-05-03,-0.0009456190212897897
year2021,P-confirm5-v5profit50,carry_mark,2022-05-04,0.0029100760318527376
year2021,P-confirm5-v5profit50,carry_mark,2022-05-05,-0.004355474310057861
year2021,P-confirm5-v5profit50,carry_mark,2022-05-06,-0.0009446529870309917
year2021,P-confirm5-v5profit50,carry_mark,2022-05-09,-0.003694545192795706
year2021,P-confirm5-v5profit50,carry_mark,2022-05-10,0.001859556155956854
year2021,P-confirm5-v5profit50,carry_mark,2022-05-11,-0.003320969279046848
year2021,P-confirm5-v5profit50,carry_mark,2022-05-12,-0.0019957712274333295
year2021,P-confirm5-v5profit50,carry_mark,2022-05-13,0.002259639269925384
year2021,P-confirm5-v5profit50,carry_mark,2022-05-16,0.00014552883345526625
year2021,P-confirm5-v5profit50,carry_mark,2022-05-17,0.0020344196268522905
year2021,P-confirm5-v5profit50,carry_mark,2022-05-18,-0.004774756443838712
year2021,P-confirm5-v5profit50,carry_mark,2022-05-19,-0.0003699631748394383
year2021,P-confirm5-v5profit50,carry_mark,2022-05-20,-0.0002291229487450197
year2021,P-confirm5-v5profit50,carry_mark,2022-05-23,0.0032031978207529787
year2021,P-confirm5-v5profit50,carry_mark,2022-05-24,-0.0003951654722485598
year2021,P-confirm5-v5profit50,carry_mark,2022-05-25,0.0011170148490201592
year2021,P-confirm5-v5profit50,carry_mark,2022-05-26,0.0012875228646442194
year2021,P-confirm5-v5profit50,carry_mark,2022-05-27,0.004230405315745212
year2021,P-confirm5-v5profit50,carry_mark,2022-05-31,-0.0022410564676105917
year2021,P-confirm5-v5profit50,carry_mark,2022-06-01,-0.0009727788078103927
year2021,P-confirm5-v5profit50,carry_mark,2022-06-02,0.010376715233526502
year2021,P-confirm5-v5profit50,carry_mark,2022-06-03,-0.0077515722947543945
year2021,P-confirm5-v5profit50,carry_mark,2022-06-06,-0.0018183517409254835
year2021,P-confirm5-v5profit50,carry_mark,2022-06-07,0.003886164016552196
year2021,P-confirm5-v5profit50,carry_mark,2022-06-08,0.002516598116985047
year2021,P-confirm5-v5profit50,carry_mark,2022-06-09,-0.0038043777179320613
year2021,P-confirm5-v5profit50,carry_mark,2022-06-10,-0.012570149267352526
year2021,P-confirm5-v5profit50,carry_mark,2022-06-13,-0.011691037842629282
year2021,P-confirm5-v5profit50,carry_mark,2022-06-14,0.0010628783985076496
year2021,P-confirm5-v5profit50,carry_mark,2022-06-15,0.007613943935911194
year2021,P-confirm5-v5profit50,carry_mark,2022-06-16,-0.011669314779698504
year2021,P-confirm5-v5profit50,carry_mark,2022-06-17,0.008076800467508628
year2021,P-confirm5-v5profit50,carry_mark,2022-06-21,0.010190001005630767
year2021,P-confirm5-v5profit50,carry_mark,2022-06-22,0.003564246878155686
year2021,P-confirm5-v5profit50,carry_mark,2022-06-23,0.016648127278401658
year2021,P-confirm5-v5profit50,carry_mark,2022-06-24,0.01634548173718735
year2021,P-confirm5-v5profit50,carry_mark,2022-06-27,-0.0045894256975792195
year2021,P-confirm5-v5profit50,carry_mark,2022-06-28,-0.012077410817883782
year2021,P-confirm5-v5profit50,carry_mark,2022-06-29,-0.0008089224699414643
year2021,P-confirm5-v5profit50,carry_mark,2022-06-30,-0.0027756423509651797
year2021,P-confirm5-v5profit50,carry_mark,2022-07-01,0.003933554808526663
year2021,P-confirm5-v5profit50,carry_mark,2022-07-05,0.007174977655000791
year2021,P-confirm5-v5profit50,carry_mark,2022-07-06,-0.0005810160955111443
year2021,P-confirm5-v5profit50,carry_mark,2022-07-07,0.0032922125481939847
year2021,P-confirm5-v5profit50,carry_mark,2022-07-08,0.0003834697450659119
year2021,P-confirm5-v5profit50,carry_mark,2022-07-11,-0.002680360079917532
year2021,P-confirm5-v5profit50,carry_mark,2022-07-12,-0.006415702453208838
year2021,P-confirm5-v5profit50,carry_mark,2022-07-13,0.0028673682443420834
year2021,P-confirm5-v5profit50,carry_mark,2022-07-14,-0.0022727332998374373
year2021,P-confirm5-v5profit50,carry_mark,2022-07-15,0.0011969904490624073
year2021,P-confirm5-v5profit50,carry_mark,2022-07-18,-0.0010003350848711624
year2021,P-confirm5-v5profit50,carry_mark,2022-07-19,-6.823586231052836e-06
year2021,P-confirm5-v5profit50,carry_mark,2022-07-20,0.007128217058608599
year2021,P-confirm5-v5profit50,carry_mark,2022-07-21,0.0005290005502500472
year2021,P-confirm5-v5profit50,carry_mark,2022-07-22,-0.009345077432092685
year2021,P-confirm5-v5profit50,carry_mark,2022-07-25,-0.001490317792362017
year2021,P-confirm5-v5profit50,carry_mark,2022-07-26,0.0
year2021,P-confirm5-v5profit50,carry_mark,2022-07-27,0.0
year2021,P-confirm5-v5profit50,carry_mark,2022-07-28,0.0
year2021,P-confirm5-v5profit50,carry_mark,2022-07-29,0.0
year2021,P-confirm5-v5profit50,carry_mark,2022-08-01,0.0
year2021,P-confirm5-v5profit50,carry_mark,2022-08-02,0.0
year2021,P-confirm5-v5profit50,carry_mark,2022-08-03,0.0
year2021,P-confirm5-v5profit50,carry_mark,2022-08-04,0.0
year2021,P-confirm5-v5profit50,carry_mark,2022-08-05,0.0
year2021,P-confirm5-v5profit50,carry_mark,2022-08-08,0.0
year2021,P-confirm5-v5profit50,carry_mark,2022-08-09,0.0
year2021,P-confirm5-v5profit50,carry_mark,2022-08-10,0.0
year2021,P-confirm5-v5profit50,carry_mark,2022-08-11,0.0
year2021,P-confirm5-v5profit50,carry_mark,2022-08-12,0.005200307507449775
year2021,P-confirm5-v5profit50,carry_mark,2022-08-15,-0.001414259168114973
year2021,P-confirm5-v5profit50,carry_mark,2022-08-16,-0.003377158650139811
year2021,P-confirm5-v5profit50,carry_mark,2022-08-17,-0.000603165785577442
year2021,P-confirm5-v5profit50,carry_mark,2022-08-18,-0.003485293263993339
year2021,P-confirm5-v5profit50,carry_mark,2022-08-19,-0.001676603452033576
year2021,P-confirm5-v5profit50,carry_mark,2022-08-22,0.0020823030137983923
year2021,P-confirm5-v5profit50,carry_mark,2022-08-23,-0.0003051696624335909
year2021,P-confirm5-v5profit50,carry_mark,2022-08-24,0.001224427485044499
year2021,P-confirm5-v5profit50,carry_mark,2022-08-25,0.014833677261199241
year2021,P-confirm5-v5profit50,carry_mark,2022-08-26,-0.0023977869997869328
year2022,v5,reset_liquidate,2022-08-29,0.0
year2022,v5,reset_liquidate,2022-08-30,0.0
year2022,v5,reset_liquidate,2022-08-31,0.0
year2022,v5,reset_liquidate,2022-09-01,0.0
year2022,v5,reset_liquidate,2022-09-02,0.0
year2022,v5,reset_liquidate,2022-09-06,0.0
year2022,v5,reset_liquidate,2022-09-07,0.0
year2022,v5,reset_liquidate,2022-09-08,0.0
year2022,v5,reset_liquidate,2022-09-09,0.0
year2022,v5,reset_liquidate,2022-09-12,0.0
year2022,v5,reset_liquidate,2022-09-13,0.0
year2022,v5,reset_liquidate,2022-09-14,0.0
year2022,v5,reset_liquidate,2022-09-15,0.0
year2022,v5,reset_liquidate,2022-09-16,0.0
year2022,v5,reset_liquidate,2022-09-19,0.0
year2022,v5,reset_liquidate,2022-09-20,0.0
year2022,v5,reset_liquidate,2022-09-21,0.0
year2022,v5,reset_liquidate,2022-09-22,0.0
year2022,v5,reset_liquidate,2022-09-23,0.0
year2022,v5,reset_liquidate,2022-09-26,0.0
year2022,v5,reset_liquidate,2022-09-27,0.0
year2022,v5,reset_liquidate,2022-09-28,0.0
year2022,v5,reset_liquidate,2022-09-29,0.0
year2022,v5,reset_liquidate,2022-09-30,0.0
year2022,v5,reset_liquidate,2022-10-03,0.0
year2022,v5,reset_liquidate,2022-10-04,0.0
year2022,v5,reset_liquidate,2022-10-05,0.0
year2022,v5,reset_liquidate,2022-10-06,0.0
year2022,v5,reset_liquidate,2022-10-07,0.0
year2022,v5,reset_liquidate,2022-10-10,0.0
year2022,v5,reset_liquidate,2022-10-11,0.0
year2022,v5,reset_liquidate,2022-10-12,0.0
year2022,v5,reset_liquidate,2022-10-13,0.0
year2022,v5,reset_liquidate,2022-10-14,-0.01972387435530636
year2022,v5,reset_liquidate,2022-10-17,0.0185486216033633
year2022,v5,reset_liquidate,2022-10-18,0.0003802951783891784
year2022,v5,reset_liquidate,2022-10-19,-0.013982344413236814
year2022,v5,reset_liquidate,2022-10-20,-0.00047175495461940773
year2022,v5,reset_liquidate,2022-10-21,0.008834612356483928
year2022,v5,reset_liquidate,2022-10-24,-0.026363849080847424
year2022,v5,reset_liquidate,2022-10-25,0.01241432268617484
year2022,v5,reset_liquidate,2022-10-26,-0.006607509486069763
year2022,v5,reset_liquidate,2022-10-27,-0.005508077581122229
year2022,v5,reset_liquidate,2022-10-28,0.009045212635684318
year2022,v5,reset_liquidate,2022-10-31,-0.0034562372228127414
year2022,v5,reset_liquidate,2022-11-01,-0.0031026159952008635
year2022,v5,reset_liquidate,2022-11-02,-0.010344828946187833
year2022,v5,reset_liquidate,2022-11-03,-0.005769242612733561
year2022,v5,reset_liquidate,2022-11-04,0.005608576230622187
year2022,v5,reset_liquidate,2022-11-07,0.0
year2022,v5,reset_liquidate,2022-11-08,0.0017868800499873272
year2022,v5,reset_liquidate,2022-11-09,-0.011980775391914967
year2022,v5,reset_liquidate,2022-11-10,0.017706712260532508
year2022,v5,reset_liquidate,2022-11-11,0.02205231811476256
year2022,v5,reset_liquidate,2022-11-14,0.0005337953867977863
year2022,v5,reset_liquidate,2022-11-15,0.01897084177894972
year2022,v5,reset_liquidate,2022-11-16,-0.012170137404703296
year2022,v5,reset_liquidate,2022-11-17,0.00284552767805345
year2022,v5,reset_liquidate,2022-11-18,-0.010296721133987052
year2022,v5,reset_liquidate,2022-11-21,-0.008154941733035093
year2022,v5,reset_liquidate,2022-11-22,-0.0014224870308166548
year2022,v5,reset_liquidate,2022-11-23,0.005896498001877371
year2022,v5,reset_liquidate,2022-11-25,-0.006332974278069103
year2022,v5,reset_liquidate,2022-11-28,7.294576189271762e-05
year2022,v5,reset_liquidate,2022-11-29,0.011685355823771181
year2022,v5,reset_liquidate,2022-11-30,0.018211511298910653
year2022,v5,reset_liquidate,2022-12-01,0.004729834806107391
year2022,v5,reset_liquidate,2022-12-02,0.008184001437497312
year2022,v5,reset_liquidate,2022-12-05,-0.016468901598002628
year2022,v5,reset_liquidate,2022-12-06,0.0009241036684047744
year2022,v5,reset_liquidate,2022-12-07,-0.008167108471751417
year2022,v5,reset_liquidate,2022-12-08,0.012280911274506845
year2022,v5,reset_liquidate,2022-12-09,0.007538973256688486
year2022,v5,reset_liquidate,2022-12-12,-0.0033877600384950137
year2022,v5,reset_liquidate,2022-12-13,-0.0026553512129029013
year2022,v5,reset_liquidate,2022-12-14,-0.004278437128029689
year2022,v5,reset_liquidate,2022-12-15,-0.012462493881007175
year2022,v5,reset_liquidate,2022-12-16,-0.004755621047676473
year2022,v5,reset_liquidate,2022-12-19,-0.004122331866284024
year2022,v5,reset_liquidate,2022-12-20,-0.00583980339724195
year2022,v5,reset_liquidate,2022-12-21,0.008329791240569717
year2022,v5,reset_liquidate,2022-12-22,-0.004418012092720936
year2022,v5,reset_liquidate,2022-12-23,-0.002276335637646587
year2022,v5,reset_liquidate,2022-12-27,-0.004185246486137139
year2022,v5,reset_liquidate,2022-12-28,-0.0020862693867820027
year2022,v5,reset_liquidate,2022-12-29,0.00800388467306683
year2022,v5,reset_liquidate,2022-12-30,0.002106281298778545
year2022,v5,reset_liquidate,2023-01-03,-0.0055774833580003345
year2022,v5,reset_liquidate,2023-01-04,0.008494403313123945
year2022,v5,reset_liquidate,2023-01-05,-0.0013406552680141459
year2022,v5,reset_liquidate,2023-01-06,0.002716468584871112
year2022,v5,reset_liquidate,2023-01-09,6.014068960888963e-05
year2022,v5,reset_liquidate,2023-01-10,0.007251107740259321
year2022,v5,reset_liquidate,2023-01-11,0.0029116531278782
year2022,v5,reset_liquidate,2023-01-12,-0.000883432374868709
year2022,v5,reset_liquidate,2023-01-13,0.012181590878803838
year2022,v5,reset_liquidate,2023-01-17,-0.004002127141895173
year2022,v5,reset_liquidate,2023-01-18,-0.019301829562553108
year2022,v5,reset_liquidate,2023-01-19,-0.008324783415304127
year2022,v5,reset_liquidate,2023-01-20,0.03575368964418858
year2022,v5,reset_liquidate,2023-01-23,0.02548484635261623
year2022,v5,reset_liquidate,2023-01-24,-0.0019365851461989325
year2022,v5,reset_liquidate,2023-01-25,0.0005019778338305137
year2022,v5,reset_liquidate,2023-01-26,0.02523827275376449
year2022,v5,reset_liquidate,2023-01-27,0.016795644729953197
year2022,v5,reset_liquidate,2023-01-30,-0.029563929886600337
year2022,v5,reset_liquidate,2023-01-31,0.004755081635441372
year2022,v5,reset_liquidate,2023-02-01,0.019059140037159583
year2022,v5,reset_liquidate,2023-02-02,0.0070442574665247615
year2022,v5,reset_liquidate,2023-02-03,-0.015254269701252387
year2022,v5,reset_liquidate,2023-02-06,-0.005571069906128656
year2022,v5,reset_liquidate,2023-02-07,0.003940865580137287
year2022,v5,reset_liquidate,2023-02-08,0.0033453241258849962
year2022,v5,reset_liquidate,2023-02-09,0.0018153052851291763
year2022,v5,reset_liquidate,2023-02-10,-0.009207425357664611
year2022,v5,reset_liquidate,2023-02-13,0.001873941076496577
year2022,v5,reset_liquidate,2023-02-14,0.0003876507934245099
year2022,v5,reset_liquidate,2023-02-15,0.00040560038617505346
year2022,v5,reset_liquidate,2023-02-16,-0.0029633091587358273
year2022,v5,reset_liquidate,2023-02-17,-0.0007841171277746861
year2022,v5,reset_liquidate,2023-02-21,-0.0030060966525144784
year2022,v5,reset_liquidate,2023-02-22,-0.00010000000000001119
year2022,v5,reset_liquidate,2023-02-23,0.0
year2022,v5,reset_liquidate,2023-02-24,0.0
year2022,v5,reset_liquidate,2023-02-27,0.0
year2022,v5,reset_liquidate,2023-02-28,0.0
year2022,v5,reset_liquidate,2023-03-01,0.0
year2022,v5,reset_liquidate,2023-03-02,0.0
year2022,v5,reset_liquidate,2023-03-03,0.0
year2022,v5,reset_liquidate,2023-03-06,0.0
year2022,v5,reset_liquidate,2023-03-07,0.0
year2022,v5,reset_liquidate,2023-03-08,0.0
year2022,v5,reset_liquidate,2023-03-09,0.0
year2022,v5,reset_liquidate,2023-03-10,0.0
year2022,v5,reset_liquidate,2023-03-13,0.0
year2022,v5,reset_liquidate,2023-03-14,0.0
year2022,v5,reset_liquidate,2023-03-15,0.0
year2022,v5,reset_liquidate,2023-03-16,0.0
year2022,v5,reset_liquidate,2023-03-17,0.0
year2022,v5,reset_liquidate,2023-03-20,0.0
year2022,v5,reset_liquidate,2023-03-21,0.0
year2022,v5,reset_liquidate,2023-03-22,0.0
year2022,v5,reset_liquidate,2023-03-23,0.0
year2022,v5,reset_liquidate,2023-03-24,0.0
year2022,v5,reset_liquidate,2023-03-27,-6.64577191686333e-05
year2022,v5,reset_liquidate,2023-03-28,-0.00126349772568779
year2022,v5,reset_liquidate,2023-03-29,0.003079334206671458
year2022,v5,reset_liquidate,2023-03-30,0.0073920104163430755
year2022,v5,reset_liquidate,2023-03-31,0.01659093126877571
year2022,v5,reset_liquidate,2023-04-03,0.004430369043533356
year2022,v5,reset_liquidate,2023-04-04,-0.003932747880175202
year2022,v5,reset_liquidate,2023-04-05,-0.005793815079086373
year2022,v5,reset_liquidate,2023-04-06,0.0005396671100548423
year2022,v5,reset_liquidate,2023-04-10,0.003638115387587626
year2022,v5,reset_liquidate,2023-04-11,0.0024726074062450753
year2022,v5,reset_liquidate,2023-04-12,-0.0012457448431195783
year2022,v5,reset_liquidate,2023-04-13,0.001536166336011835
year2022,v5,reset_liquidate,2023-04-14,-0.007116514819488495
year2022,v5,reset_liquidate,2023-04-17,0.0015566284897158722
year2022,v5,reset_liquidate,2023-04-18,0.0007511612359413667
year2022,v5,reset_liquidate,2023-04-19,-0.003625053525113575
year2022,v5,reset_liquidate,2023-04-20,-0.0025062100392250542
year2022,v5,reset_liquidate,2023-04-21,0.0017517683558344599
year2022,v5,reset_liquidate,2023-04-24,0.0007843820326134399
year2022,v5,reset_liquidate,2023-04-25,-0.008478076332822793
year2022,v5,reset_liquidate,2023-04-26,0.002053520501258621
year2022,v5,reset_liquidate,2023-04-27,-0.0038763184540968167
year2022,v5,reset_liquidate,2023-04-28,0.0017072674971474577
year2022,v5,reset_liquidate,2023-05-01,-0.00849983186860761
year2022,v5,reset_liquidate,2023-05-02,-0.002176114032141374
year2022,v5,reset_liquidate,2023-05-03,0.00022039175128668598
year2022,v5,reset_liquidate,2023-05-04,0.0007953136824432993
year2022,v5,reset_liquidate,2023-05-05,0.002332974466935922
year2022,v5,reset_liquidate,2023-05-08,0.001974224875285646
year2022,v5,reset_liquidate,2023-05-09,0.0013394302484620812
year2022,v5,reset_liquidate,2023-05-10,0.005494955414782221
year2022,v5,reset_liquidate,2023-05-11,-0.00548742455562432
year2022,v5,reset_liquidate,2023-05-12,-0.002949782336863993
year2022,v5,reset_liquidate,2023-05-15,-0.003976840381292268
year2022,v5,reset_liquidate,2023-05-16,0.005587458442052951
year2022,v5,reset_liquidate,2023-05-17,0.0031636697011306002
year2022,v5,reset_liquidate,2023-05-18,0.01122999908630531
year2022,v5,reset_liquidate,2023-05-19,-0.003939361666062147
year2022,v5,reset_liquidate,2023-05-22,0.0031728976187818114
year2022,v5,reset_liquidate,2023-05-23,-0.006049753196017038
year2022,v5,reset_liquidate,2023-05-24,0.004367166584109861
year2022,v5,reset_liquidate,2023-05-25,0.0016742110622448348
year2022,v5,reset_liquidate,2023-05-26,0.016247590436893278
year2022,v5,reset_liquidate,2023-05-30,0.02426944691224666
year2022,v5,reset_liquidate,2023-05-31,-0.003757129878477283
year2022,v5,reset_liquidate,2023-06-01,0.0028243017978596074
year2022,v5,reset_liquidate,2023-06-02,0.002903014112913638
year2022,v5,reset_liquidate,2023-06-05,0.0035707708948012453
year2022,v5,reset_liquidate,2023-06-06,0.01501228292398057
year2022,v5,reset_liquidate,2023-06-07,-0.0029665719312211404
year2022,v5,reset_liquidate,2023-06-08,0.01768861626393279
year2022,v5,reset_liquidate,2023-06-09,0.005956568028290321
year2022,v5,reset_liquidate,2023-06-12,0.0049810361602714345
year2022,v5,reset_liquidate,2023-06-13,0.01414736213423613
year2022,v5,reset_liquidate,2023-06-14,0.009291705434176012
year2022,v5,reset_liquidate,2023-06-15,0.025741002130942724
year2022,v5,reset_liquidate,2023-06-16,0.005539182879331139
year2022,v5,reset_liquidate,2023-06-20,-0.006137531068809499
year2022,v5,reset_liquidate,2023-06-21,-0.025979657705956127
year2022,v5,reset_liquidate,2023-06-22,0.013991987784389103
year2022,v5,reset_liquidate,2023-06-23,-0.0010160773816908053
year2022,v5,reset_liquidate,2023-06-26,-0.00382186577195649
year2022,v5,reset_liquidate,2023-06-27,0.0020908730421051345
year2022,v5,reset_liquidate,2023-06-28,0.0034419476904526515
year2022,v5,reset_liquidate,2023-06-29,-0.0006104381887382271
year2022,v5,reset_liquidate,2023-06-30,0.004499109499848042
year2022,v5,reset_liquidate,2023-07-03,-0.0005331443840747796
year2022,v5,reset_liquidate,2023-07-05,0.001057667634429893
year2022,v5,reset_liquidate,2023-07-06,-0.0006606514856712043
year2022,v5,reset_liquidate,2023-07-07,-0.0013553607759072771
year2022,v5,reset_liquidate,2023-07-10,-0.0007743545285504138
year2022,v5,reset_liquidate,2023-07-11,-0.00014671850152854217
year2022,v5,reset_liquidate,2023-07-12,0.002294996432037233
year2022,v5,reset_liquidate,2023-07-13,0.0030447283672451197
year2022,v5,reset_liquidate,2023-07-14,-0.001127696997732064
year2022,v5,reset_liquidate,2023-07-17,0.001983938350837988
year2022,v5,reset_liquidate,2023-07-18,0.009479363687843434
year2022,v5,reset_liquidate,2023-07-19,-0.000639124500809951
year2022,v5,reset_liquidate,2023-07-20,-0.01072312943818815
year2022,v5,reset_liquidate,2023-07-21,-0.0031615529064118464
year2022,v5,reset_liquidate,2023-07-24,0.0005933074336979205
year2022,v5,reset_liquidate,2023-07-25,0.001544504484809761
year2022,v5,reset_liquidate,2023-07-26,-0.004939816402651898
year2022,v5,reset_liquidate,2023-07-27,-0.0043348247818871585
year2022,v5,reset_liquidate,2023-07-28,0.0027910052032475096
year2022,v5,reset_liquidate,2023-07-31,-0.0007240540605867541
year2022,v5,reset_liquidate,2023-08-01,0.00012502467652069081
year2022,v5,reset_liquidate,2023-08-02,-0.00262829173875887
year2022,v5,reset_liquidate,2023-08-03,-0.00025648743141698516
year2022,v5,reset_liquidate,2023-08-04,0.00034286264147171953
year2022,v5,reset_liquidate,2023-08-07,0.0007108385444331234
year2022,v5,reset_liquidate,2023-08-08,-0.001229892380949915
year2022,v5,reset_liquidate,2023-08-09,-0.00117159237836445
year2022,v5,reset_liquidate,2023-08-10,0.0002172304458267327
year2022,v5,reset_liquidate,2023-08-11,-0.0005945508171128266
year2022,v5,reset_liquidate,2023-08-14,0.0009438954198061067
year2022,v5,reset_liquidate,2023-08-15,-0.000672763589640879
year2022,v5,reset_liquidate,2023-08-16,-0.00045361073806157173
year2022,v5,reset_liquidate,2023-08-17,-0.0010986233085913065
year2022,v5,reset_liquidate,2023-08-18,-0.004263734694173571
year2022,v5,reset_liquidate,2023-08-21,0.011015456922322198
year2022,v5,reset_liquidate,2023-08-22,0.004825484237337396
year2022,v5,reset_liquidate,2023-08-23,0.0007369048250304821
year2022,v5,reset_liquidate,2023-08-24,-0.0045835879140103345
year2022,v5,reset_liquidate,2023-08-25,0.00010126579505781441
year2022,v5,reset_mark,2022-08-29,0.0
year2022,v5,reset_mark,2022-08-30,0.0
year2022,v5,reset_mark,2022-08-31,0.0
year2022,v5,reset_mark,2022-09-01,0.0
year2022,v5,reset_mark,2022-09-02,0.0
year2022,v5,reset_mark,2022-09-06,0.0
year2022,v5,reset_mark,2022-09-07,0.0
year2022,v5,reset_mark,2022-09-08,0.0
year2022,v5,reset_mark,2022-09-09,0.0
year2022,v5,reset_mark,2022-09-12,0.0
year2022,v5,reset_mark,2022-09-13,0.0
year2022,v5,reset_mark,2022-09-14,0.0
year2022,v5,reset_mark,2022-09-15,0.0
year2022,v5,reset_mark,2022-09-16,0.0
year2022,v5,reset_mark,2022-09-19,0.0
year2022,v5,reset_mark,2022-09-20,0.0
year2022,v5,reset_mark,2022-09-21,0.0
year2022,v5,reset_mark,2022-09-22,0.0
year2022,v5,reset_mark,2022-09-23,0.0
year2022,v5,reset_mark,2022-09-26,0.0
year2022,v5,reset_mark,2022-09-27,0.0
year2022,v5,reset_mark,2022-09-28,0.0
year2022,v5,reset_mark,2022-09-29,0.0
year2022,v5,reset_mark,2022-09-30,0.0
year2022,v5,reset_mark,2022-10-03,0.0
year2022,v5,reset_mark,2022-10-04,0.0
year2022,v5,reset_mark,2022-10-05,0.0
year2022,v5,reset_mark,2022-10-06,0.0
year2022,v5,reset_mark,2022-10-07,0.0
year2022,v5,reset_mark,2022-10-10,0.0
year2022,v5,reset_mark,2022-10-11,0.0
year2022,v5,reset_mark,2022-10-12,0.0
year2022,v5,reset_mark,2022-10-13,0.0
year2022,v5,reset_mark,2022-10-14,-0.01972387435530636
year2022,v5,reset_mark,2022-10-17,0.0185486216033633
year2022,v5,reset_mark,2022-10-18,0.0003802951783891784
year2022,v5,reset_mark,2022-10-19,-0.013982344413236814
year2022,v5,reset_mark,2022-10-20,-0.00047175495461940773
year2022,v5,reset_mark,2022-10-21,0.008834612356483928
year2022,v5,reset_mark,2022-10-24,-0.026363849080847424
year2022,v5,reset_mark,2022-10-25,0.01241432268617484
year2022,v5,reset_mark,2022-10-26,-0.006607509486069763
year2022,v5,reset_mark,2022-10-27,-0.005508077581122229
year2022,v5,reset_mark,2022-10-28,0.009045212635684318
year2022,v5,reset_mark,2022-10-31,-0.0034562372228127414
year2022,v5,reset_mark,2022-11-01,-0.0031026159952008635
year2022,v5,reset_mark,2022-11-02,-0.010344828946187833
year2022,v5,reset_mark,2022-11-03,-0.005769242612733561
year2022,v5,reset_mark,2022-11-04,0.005608576230622187
year2022,v5,reset_mark,2022-11-07,0.0
year2022,v5,reset_mark,2022-11-08,0.0017868800499873272
year2022,v5,reset_mark,2022-11-09,-0.011980775391914967
year2022,v5,reset_mark,2022-11-10,0.017706712260532508
year2022,v5,reset_mark,2022-11-11,0.02205231811476256
year2022,v5,reset_mark,2022-11-14,0.0005337953867977863
year2022,v5,reset_mark,2022-11-15,0.01897084177894972
year2022,v5,reset_mark,2022-11-16,-0.012170137404703296
year2022,v5,reset_mark,2022-11-17,0.00284552767805345
year2022,v5,reset_mark,2022-11-18,-0.010296721133987052
year2022,v5,reset_mark,2022-11-21,-0.008154941733035093
year2022,v5,reset_mark,2022-11-22,-0.0014224870308166548
year2022,v5,reset_mark,2022-11-23,0.005896498001877371
year2022,v5,reset_mark,2022-11-25,-0.006332974278069103
year2022,v5,reset_mark,2022-11-28,7.294576189271762e-05
year2022,v5,reset_mark,2022-11-29,0.011685355823771181
year2022,v5,reset_mark,2022-11-30,0.018211511298910653
year2022,v5,reset_mark,2022-12-01,0.004729834806107391
year2022,v5,reset_mark,2022-12-02,0.008184001437497312
year2022,v5,reset_mark,2022-12-05,-0.016468901598002628
year2022,v5,reset_mark,2022-12-06,0.0009241036684047744
year2022,v5,reset_mark,2022-12-07,-0.008167108471751417
year2022,v5,reset_mark,2022-12-08,0.012280911274506845
year2022,v5,reset_mark,2022-12-09,0.007538973256688486
year2022,v5,reset_mark,2022-12-12,-0.0033877600384950137
year2022,v5,reset_mark,2022-12-13,-0.0026553512129029013
year2022,v5,reset_mark,2022-12-14,-0.004278437128029689
year2022,v5,reset_mark,2022-12-15,-0.012462493881007175
year2022,v5,reset_mark,2022-12-16,-0.004755621047676473
year2022,v5,reset_mark,2022-12-19,-0.004122331866284024
year2022,v5,reset_mark,2022-12-20,-0.00583980339724195
year2022,v5,reset_mark,2022-12-21,0.008329791240569717
year2022,v5,reset_mark,2022-12-22,-0.004418012092720936
year2022,v5,reset_mark,2022-12-23,-0.002276335637646587
year2022,v5,reset_mark,2022-12-27,-0.004185246486137139
year2022,v5,reset_mark,2022-12-28,-0.0020862693867820027
year2022,v5,reset_mark,2022-12-29,0.00800388467306683
year2022,v5,reset_mark,2022-12-30,0.002106281298778545
year2022,v5,reset_mark,2023-01-03,-0.0055774833580003345
year2022,v5,reset_mark,2023-01-04,0.008494403313123945
year2022,v5,reset_mark,2023-01-05,-0.0013406552680141459
year2022,v5,reset_mark,2023-01-06,0.002716468584871112
year2022,v5,reset_mark,2023-01-09,6.014068960888963e-05
year2022,v5,reset_mark,2023-01-10,0.007251107740259321
year2022,v5,reset_mark,2023-01-11,0.0029116531278782
year2022,v5,reset_mark,2023-01-12,-0.000883432374868709
year2022,v5,reset_mark,2023-01-13,0.012181590878803838
year2022,v5,reset_mark,2023-01-17,-0.004002127141895173
year2022,v5,reset_mark,2023-01-18,-0.019301829562553108
year2022,v5,reset_mark,2023-01-19,-0.008324783415304127
year2022,v5,reset_mark,2023-01-20,0.03575368964418858
year2022,v5,reset_mark,2023-01-23,0.02548484635261623
year2022,v5,reset_mark,2023-01-24,-0.0019365851461989325
year2022,v5,reset_mark,2023-01-25,0.0005019778338305137
year2022,v5,reset_mark,2023-01-26,0.02523827275376449
year2022,v5,reset_mark,2023-01-27,0.016795644729953197
year2022,v5,reset_mark,2023-01-30,-0.029563929886600337
year2022,v5,reset_mark,2023-01-31,0.004755081635441372
year2022,v5,reset_mark,2023-02-01,0.019059140037159583
year2022,v5,reset_mark,2023-02-02,0.0070442574665247615
year2022,v5,reset_mark,2023-02-03,-0.015254269701252387
year2022,v5,reset_mark,2023-02-06,-0.005571069906128656
year2022,v5,reset_mark,2023-02-07,0.003940865580137287
year2022,v5,reset_mark,2023-02-08,0.0033453241258849962
year2022,v5,reset_mark,2023-02-09,0.0018153052851291763
year2022,v5,reset_mark,2023-02-10,-0.009207425357664611
year2022,v5,reset_mark,2023-02-13,0.001873941076496577
year2022,v5,reset_mark,2023-02-14,0.0003876507934245099
year2022,v5,reset_mark,2023-02-15,0.00040560038617505346
year2022,v5,reset_mark,2023-02-16,-0.0029633091587358273
year2022,v5,reset_mark,2023-02-17,-0.0007841171277746861
year2022,v5,reset_mark,2023-02-21,-0.0030060966525144784
year2022,v5,reset_mark,2023-02-22,-0.00010000000000001119
year2022,v5,reset_mark,2023-02-23,0.0
year2022,v5,reset_mark,2023-02-24,0.0
year2022,v5,reset_mark,2023-02-27,0.0
year2022,v5,reset_mark,2023-02-28,0.0
year2022,v5,reset_mark,2023-03-01,0.0
year2022,v5,reset_mark,2023-03-02,0.0
year2022,v5,reset_mark,2023-03-03,0.0
year2022,v5,reset_mark,2023-03-06,0.0
year2022,v5,reset_mark,2023-03-07,0.0
year2022,v5,reset_mark,2023-03-08,0.0
year2022,v5,reset_mark,2023-03-09,0.0
year2022,v5,reset_mark,2023-03-10,0.0
year2022,v5,reset_mark,2023-03-13,0.0
year2022,v5,reset_mark,2023-03-14,0.0
year2022,v5,reset_mark,2023-03-15,0.0
year2022,v5,reset_mark,2023-03-16,0.0
year2022,v5,reset_mark,2023-03-17,0.0
year2022,v5,reset_mark,2023-03-20,0.0
year2022,v5,reset_mark,2023-03-21,0.0
year2022,v5,reset_mark,2023-03-22,0.0
year2022,v5,reset_mark,2023-03-23,0.0
year2022,v5,reset_mark,2023-03-24,0.0
year2022,v5,reset_mark,2023-03-27,-6.64577191686333e-05
year2022,v5,reset_mark,2023-03-28,-0.00126349772568779
year2022,v5,reset_mark,2023-03-29,0.003079334206671458
year2022,v5,reset_mark,2023-03-30,0.0073920104163430755
year2022,v5,reset_mark,2023-03-31,0.01659093126877571
year2022,v5,reset_mark,2023-04-03,0.004430369043533356
year2022,v5,reset_mark,2023-04-04,-0.003932747880175202
year2022,v5,reset_mark,2023-04-05,-0.005793815079086373
year2022,v5,reset_mark,2023-04-06,0.0005396671100548423
year2022,v5,reset_mark,2023-04-10,0.003638115387587626
year2022,v5,reset_mark,2023-04-11,0.0024726074062450753
year2022,v5,reset_mark,2023-04-12,-0.0012457448431195783
year2022,v5,reset_mark,2023-04-13,0.001536166336011835
year2022,v5,reset_mark,2023-04-14,-0.007116514819488495
year2022,v5,reset_mark,2023-04-17,0.0015566284897158722
year2022,v5,reset_mark,2023-04-18,0.0007511612359413667
year2022,v5,reset_mark,2023-04-19,-0.003625053525113575
year2022,v5,reset_mark,2023-04-20,-0.0025062100392250542
year2022,v5,reset_mark,2023-04-21,0.0017517683558344599
year2022,v5,reset_mark,2023-04-24,0.0007843820326134399
year2022,v5,reset_mark,2023-04-25,-0.008478076332822793
year2022,v5,reset_mark,2023-04-26,0.002053520501258621
year2022,v5,reset_mark,2023-04-27,-0.0038763184540968167
year2022,v5,reset_mark,2023-04-28,0.0017072674971474577
year2022,v5,reset_mark,2023-05-01,-0.00849983186860761
year2022,v5,reset_mark,2023-05-02,-0.002176114032141374
year2022,v5,reset_mark,2023-05-03,0.00022039175128668598
year2022,v5,reset_mark,2023-05-04,0.0007953136824432993
year2022,v5,reset_mark,2023-05-05,0.002332974466935922
year2022,v5,reset_mark,2023-05-08,0.001974224875285646
year2022,v5,reset_mark,2023-05-09,0.0013394302484620812
year2022,v5,reset_mark,2023-05-10,0.005494955414782221
year2022,v5,reset_mark,2023-05-11,-0.00548742455562432
year2022,v5,reset_mark,2023-05-12,-0.002949782336863993
year2022,v5,reset_mark,2023-05-15,-0.003976840381292268
year2022,v5,reset_mark,2023-05-16,0.005587458442052951
year2022,v5,reset_mark,2023-05-17,0.0031636697011306002
year2022,v5,reset_mark,2023-05-18,0.01122999908630531
year2022,v5,reset_mark,2023-05-19,-0.003939361666062147
year2022,v5,reset_mark,2023-05-22,0.0031728976187818114
year2022,v5,reset_mark,2023-05-23,-0.006049753196017038
year2022,v5,reset_mark,2023-05-24,0.004367166584109861
year2022,v5,reset_mark,2023-05-25,0.0016742110622448348
year2022,v5,reset_mark,2023-05-26,0.016247590436893278
year2022,v5,reset_mark,2023-05-30,0.02426944691224666
year2022,v5,reset_mark,2023-05-31,-0.003757129878477283
year2022,v5,reset_mark,2023-06-01,0.0028243017978596074
year2022,v5,reset_mark,2023-06-02,0.002903014112913638
year2022,v5,reset_mark,2023-06-05,0.0035707708948012453
year2022,v5,reset_mark,2023-06-06,0.01501228292398057
year2022,v5,reset_mark,2023-06-07,-0.0029665719312211404
year2022,v5,reset_mark,2023-06-08,0.01768861626393279
year2022,v5,reset_mark,2023-06-09,0.005956568028290321
year2022,v5,reset_mark,2023-06-12,0.0049810361602714345
year2022,v5,reset_mark,2023-06-13,0.01414736213423613
year2022,v5,reset_mark,2023-06-14,0.009291705434176012
year2022,v5,reset_mark,2023-06-15,0.025741002130942724
year2022,v5,reset_mark,2023-06-16,0.005539182879331139
year2022,v5,reset_mark,2023-06-20,-0.006137531068809499
year2022,v5,reset_mark,2023-06-21,-0.025979657705956127
year2022,v5,reset_mark,2023-06-22,0.013991987784389103
year2022,v5,reset_mark,2023-06-23,-0.0010160773816908053
year2022,v5,reset_mark,2023-06-26,-0.00382186577195649
year2022,v5,reset_mark,2023-06-27,0.0020908730421051345
year2022,v5,reset_mark,2023-06-28,0.0034419476904526515
year2022,v5,reset_mark,2023-06-29,-0.0006104381887382271
year2022,v5,reset_mark,2023-06-30,0.004499109499848042
year2022,v5,reset_mark,2023-07-03,-0.0005331443840747796
year2022,v5,reset_mark,2023-07-05,0.001057667634429893
year2022,v5,reset_mark,2023-07-06,-0.0006606514856712043
year2022,v5,reset_mark,2023-07-07,-0.0013553607759072771
year2022,v5,reset_mark,2023-07-10,-0.0007743545285504138
year2022,v5,reset_mark,2023-07-11,-0.00014671850152854217
year2022,v5,reset_mark,2023-07-12,0.002294996432037233
year2022,v5,reset_mark,2023-07-13,0.0030447283672451197
year2022,v5,reset_mark,2023-07-14,-0.001127696997732064
year2022,v5,reset_mark,2023-07-17,0.001983938350837988
year2022,v5,reset_mark,2023-07-18,0.009479363687843434
year2022,v5,reset_mark,2023-07-19,-0.000639124500809951
year2022,v5,reset_mark,2023-07-20,-0.01072312943818815
year2022,v5,reset_mark,2023-07-21,-0.0031615529064118464
year2022,v5,reset_mark,2023-07-24,0.0005933074336979205
year2022,v5,reset_mark,2023-07-25,0.001544504484809761
year2022,v5,reset_mark,2023-07-26,-0.004939816402651898
year2022,v5,reset_mark,2023-07-27,-0.0043348247818871585
year2022,v5,reset_mark,2023-07-28,0.0027910052032475096
year2022,v5,reset_mark,2023-07-31,-0.0007240540605867541
year2022,v5,reset_mark,2023-08-01,0.00012502467652069081
year2022,v5,reset_mark,2023-08-02,-0.00262829173875887
year2022,v5,reset_mark,2023-08-03,-0.00025648743141698516
year2022,v5,reset_mark,2023-08-04,0.00034286264147171953
year2022,v5,reset_mark,2023-08-07,0.0007108385444331234
year2022,v5,reset_mark,2023-08-08,-0.001229892380949915
year2022,v5,reset_mark,2023-08-09,-0.00117159237836445
year2022,v5,reset_mark,2023-08-10,0.0002172304458267327
year2022,v5,reset_mark,2023-08-11,-0.0005945508171128266
year2022,v5,reset_mark,2023-08-14,0.0009438954198061067
year2022,v5,reset_mark,2023-08-15,-0.000672763589640879
year2022,v5,reset_mark,2023-08-16,-0.00045361073806157173
year2022,v5,reset_mark,2023-08-17,-0.0010986233085913065
year2022,v5,reset_mark,2023-08-18,-0.004263734694173571
year2022,v5,reset_mark,2023-08-21,0.011015456922322198
year2022,v5,reset_mark,2023-08-22,0.004825484237337396
year2022,v5,reset_mark,2023-08-23,0.0007369048250304821
year2022,v5,reset_mark,2023-08-24,-0.0045835879140103345
year2022,v5,reset_mark,2023-08-25,0.00030156736242020754
year2022,v5,carry_mark,2022-08-29,-0.0028969056639751136
year2022,v5,carry_mark,2022-08-30,-0.008072531244201653
year2022,v5,carry_mark,2022-08-31,0.006315623897797651
year2022,v5,carry_mark,2022-09-01,-0.0034266060942455545
year2022,v5,carry_mark,2022-09-02,-0.006213204337382849
year2022,v5,carry_mark,2022-09-06,-0.005831817033679243
year2022,v5,carry_mark,2022-09-07,0.0002855810868112707
year2022,v5,carry_mark,2022-09-08,0.0
year2022,v5,carry_mark,2022-09-09,0.0
year2022,v5,carry_mark,2022-09-12,0.0
year2022,v5,carry_mark,2022-09-13,0.0
year2022,v5,carry_mark,2022-09-14,0.0
year2022,v5,carry_mark,2022-09-15,0.0
year2022,v5,carry_mark,2022-09-16,0.0
year2022,v5,carry_mark,2022-09-19,0.0
year2022,v5,carry_mark,2022-09-20,0.0
year2022,v5,carry_mark,2022-09-21,0.0
year2022,v5,carry_mark,2022-09-22,0.0
year2022,v5,carry_mark,2022-09-23,0.0
year2022,v5,carry_mark,2022-09-26,0.0
year2022,v5,carry_mark,2022-09-27,0.0
year2022,v5,carry_mark,2022-09-28,0.0
year2022,v5,carry_mark,2022-09-29,0.0
year2022,v5,carry_mark,2022-09-30,0.0
year2022,v5,carry_mark,2022-10-03,0.0
year2022,v5,carry_mark,2022-10-04,0.0
year2022,v5,carry_mark,2022-10-05,0.0
year2022,v5,carry_mark,2022-10-06,0.0
year2022,v5,carry_mark,2022-10-07,0.0
year2022,v5,carry_mark,2022-10-10,0.0
year2022,v5,carry_mark,2022-10-11,0.0
year2022,v5,carry_mark,2022-10-12,0.0
year2022,v5,carry_mark,2022-10-13,0.0
year2022,v5,carry_mark,2022-10-14,-0.01972387435530636
year2022,v5,carry_mark,2022-10-17,0.018548621603363326
year2022,v5,carry_mark,2022-10-18,0.0003802951783891784
year2022,v5,carry_mark,2022-10-19,-0.013982344413236791
year2022,v5,carry_mark,2022-10-20,-0.00047175495461944107
year2022,v5,carry_mark,2022-10-21,0.008834612356483928
year2022,v5,carry_mark,2022-10-24,-0.02636384908084739
year2022,v5,carry_mark,2022-10-25,0.012414322686174817
year2022,v5,carry_mark,2022-10-26,-0.006607509486069763
year2022,v5,carry_mark,2022-10-27,-0.005508077581122239
year2022,v5,carry_mark,2022-10-28,0.009045212635684318
year2022,v5,carry_mark,2022-10-31,-0.00345623722281273
year2022,v5,carry_mark,2022-11-01,-0.003102615995200875
year2022,v5,carry_mark,2022-11-02,-0.010344828946187823
year2022,v5,carry_mark,2022-11-03,-0.005769242612733571
year2022,v5,carry_mark,2022-11-04,0.005608576230622187
year2022,v5,carry_mark,2022-11-07,0.0
year2022,v5,carry_mark,2022-11-08,0.0017868800499873494
year2022,v5,carry_mark,2022-11-09,-0.011980775391914954
year2022,v5,carry_mark,2022-11-10,0.017706712260532508
year2022,v5,carry_mark,2022-11-11,0.022052318114762583
year2022,v5,carry_mark,2022-11-14,0.0005337953867977751
year2022,v5,carry_mark,2022-11-15,0.01897084177894972
year2022,v5,carry_mark,2022-11-16,-0.012170137404703296
year2022,v5,carry_mark,2022-11-17,0.00284552767805345
year2022,v5,carry_mark,2022-11-18,-0.01029672113398702
year2022,v5,carry_mark,2022-11-21,-0.008154941733035093
year2022,v5,carry_mark,2022-11-22,-0.001422487030816666
year2022,v5,carry_mark,2022-11-23,0.005896498001877371
year2022,v5,carry_mark,2022-11-25,-0.006332974278069103
year2022,v5,carry_mark,2022-11-28,7.294576189273983e-05
year2022,v5,carry_mark,2022-11-29,0.011685355823771148
year2022,v5,carry_mark,2022-11-30,0.018211511298910677
year2022,v5,carry_mark,2022-12-01,0.004729834806107414
year2022,v5,carry_mark,2022-12-02,0.00818400143749728
year2022,v5,carry_mark,2022-12-05,-0.01646890159800265
year2022,v5,carry_mark,2022-12-06,0.0009241036684047854
year2022,v5,carry_mark,2022-12-07,-0.008167108471751417
year2022,v5,carry_mark,2022-12-08,0.012280911274506867
year2022,v5,carry_mark,2022-12-09,0.007538973256688486
year2022,v5,carry_mark,2022-12-12,-0.0033877600384950466
year2022,v5,carry_mark,2022-12-13,-0.00265535121290289
year2022,v5,carry_mark,2022-12-14,-0.0042784371280296775
year2022,v5,carry_mark,2022-12-15,-0.012462493881007198
year2022,v5,carry_mark,2022-12-16,-0.0047556210476764615
year2022,v5,carry_mark,2022-12-19,-0.004122331866284024
year2022,v5,carry_mark,2022-12-20,-0.005839803397241961
year2022,v5,carry_mark,2022-12-21,0.008329791240569739
year2022,v5,carry_mark,2022-12-22,-0.004418012092720946
year2022,v5,carry_mark,2022-12-23,-0.002276335637646576
year2022,v5,carry_mark,2022-12-27,-0.004185246486137129
year2022,v5,carry_mark,2022-12-28,-0.0020862693867820027
year2022,v5,carry_mark,2022-12-29,0.00800388467306683
year2022,v5,carry_mark,2022-12-30,0.002106281298778545
year2022,v5,carry_mark,2023-01-03,-0.005577483358000346
year2022,v5,carry_mark,2023-01-04,0.008494403313123945
year2022,v5,carry_mark,2023-01-05,-0.0013406552680141348
year2022,v5,carry_mark,2023-01-06,0.002716468584871112
year2022,v5,carry_mark,2023-01-09,6.014068960888963e-05
year2022,v5,carry_mark,2023-01-10,0.007251107740259344
year2022,v5,carry_mark,2023-01-11,0.0029116531278782
year2022,v5,carry_mark,2023-01-12,-0.0008834323748686979
year2022,v5,carry_mark,2023-01-13,0.012181590878803817
year2022,v5,carry_mark,2023-01-17,-0.004002127141895173
year2022,v5,carry_mark,2023-01-18,-0.019301829562553108
year2022,v5,carry_mark,2023-01-19,-0.008324783415304137
year2022,v5,carry_mark,2023-01-20,0.035753689644188555
year2022,v5,carry_mark,2023-01-23,0.02548484635261623
year2022,v5,carry_mark,2023-01-24,-0.0019365851461989215
year2022,v5,carry_mark,2023-01-25,0.0005019778338304692
year2022,v5,carry_mark,2023-01-26,0.02523827275376451
year2022,v5,carry_mark,2023-01-27,0.01679564472995314
year2022,v5,carry_mark,2023-01-30,-0.029563929886600292
year2022,v5,carry_mark,2023-01-31,0.004755081635441349
year2022,v5,carry_mark,2023-02-01,0.019059140037159604
year2022,v5,carry_mark,2023-02-02,0.00704425746652475
year2022,v5,carry_mark,2023-02-03,-0.015254269701252354
year2022,v5,carry_mark,2023-02-06,-0.005571069906128679
year2022,v5,carry_mark,2023-02-07,0.003940865580137287
year2022,v5,carry_mark,2023-02-08,0.0033453241258849962
year2022,v5,carry_mark,2023-02-09,0.0018153052851291763
year2022,v5,carry_mark,2023-02-10,-0.009207425357664601
year2022,v5,carry_mark,2023-02-13,0.0018739410764965659
year2022,v5,carry_mark,2023-02-14,0.0003876507934245099
year2022,v5,carry_mark,2023-02-15,0.00040560038617505346
year2022,v5,carry_mark,2023-02-16,-0.0029633091587358273
year2022,v5,carry_mark,2023-02-17,-0.0007841171277746861
year2022,v5,carry_mark,2023-02-21,-0.0030060966525144784
year2022,v5,carry_mark,2023-02-22,-0.00010000000000001119
year2022,v5,carry_mark,2023-02-23,0.0
year2022,v5,carry_mark,2023-02-24,0.0
year2022,v5,carry_mark,2023-02-27,0.0
year2022,v5,carry_mark,2023-02-28,0.0
year2022,v5,carry_mark,2023-03-01,0.0
year2022,v5,carry_mark,2023-03-02,0.0
year2022,v5,carry_mark,2023-03-03,0.0
year2022,v5,carry_mark,2023-03-06,0.0
year2022,v5,carry_mark,2023-03-07,0.0
year2022,v5,carry_mark,2023-03-08,0.0
year2022,v5,carry_mark,2023-03-09,0.0
year2022,v5,carry_mark,2023-03-10,0.0
year2022,v5,carry_mark,2023-03-13,0.0
year2022,v5,carry_mark,2023-03-14,0.0
year2022,v5,carry_mark,2023-03-15,0.0
year2022,v5,carry_mark,2023-03-16,0.0
year2022,v5,carry_mark,2023-03-17,0.0
year2022,v5,carry_mark,2023-03-20,0.0
year2022,v5,carry_mark,2023-03-21,0.0
year2022,v5,carry_mark,2023-03-22,0.0
year2022,v5,carry_mark,2023-03-23,0.0
year2022,v5,carry_mark,2023-03-24,0.0
year2022,v5,carry_mark,2023-03-27,-6.64577191686333e-05
year2022,v5,carry_mark,2023-03-28,-0.00126349772568779
year2022,v5,carry_mark,2023-03-29,0.003079334206671458
year2022,v5,carry_mark,2023-03-30,0.0073920104163430755
year2022,v5,carry_mark,2023-03-31,0.01659093126877571
year2022,v5,carry_mark,2023-04-03,0.004430369043533356
year2022,v5,carry_mark,2023-04-04,-0.003932747880175192
year2022,v5,carry_mark,2023-04-05,-0.0057938150790863615
year2022,v5,carry_mark,2023-04-06,0.0005396671100548423
year2022,v5,carry_mark,2023-04-10,0.003638115387587604
year2022,v5,carry_mark,2023-04-11,0.0024726074062450753
year2022,v5,carry_mark,2023-04-12,-0.0012457448431196006
year2022,v5,carry_mark,2023-04-13,0.001536166336011835
year2022,v5,carry_mark,2023-04-14,-0.007116514819488495
year2022,v5,carry_mark,2023-04-17,0.0015566284897158722
year2022,v5,carry_mark,2023-04-18,0.0007511612359413667
year2022,v5,carry_mark,2023-04-19,-0.003625053525113575
year2022,v5,carry_mark,2023-04-20,-0.0025062100392250542
year2022,v5,carry_mark,2023-04-21,0.0017517683558344599
year2022,v5,carry_mark,2023-04-24,0.0007843820326134621
year2022,v5,carry_mark,2023-04-25,-0.008478076332822793
year2022,v5,carry_mark,2023-04-26,0.002053520501258621
year2022,v5,carry_mark,2023-04-27,-0.0038763184540968167
year2022,v5,carry_mark,2023-04-28,0.0017072674971474245
year2022,v5,carry_mark,2023-05-01,-0.008499831868607621
year2022,v5,carry_mark,2023-05-02,-0.002176114032141352
year2022,v5,carry_mark,2023-05-03,0.00022039175128667486
year2022,v5,carry_mark,2023-05-04,0.0007953136824433215
year2022,v5,carry_mark,2023-05-05,0.002332974466935922
year2022,v5,carry_mark,2023-05-08,0.0019742248752856574
year2022,v5,carry_mark,2023-05-09,0.00133943024846207
year2022,v5,carry_mark,2023-05-10,0.005494955414782221
year2022,v5,carry_mark,2023-05-11,-0.00548742455562432
year2022,v5,carry_mark,2023-05-12,-0.0029497823368640043
year2022,v5,carry_mark,2023-05-15,-0.003976840381292257
year2022,v5,carry_mark,2023-05-16,0.005587458442052951
year2022,v5,carry_mark,2023-05-17,0.0031636697011306002
year2022,v5,carry_mark,2023-05-18,0.01122999908630531
year2022,v5,carry_mark,2023-05-19,-0.003939361666062136
year2022,v5,carry_mark,2023-05-22,0.0031728976187818114
year2022,v5,carry_mark,2023-05-23,-0.00604975319601706
year2022,v5,carry_mark,2023-05-24,0.004367166584109905
year2022,v5,carry_mark,2023-05-25,0.0016742110622448235
year2022,v5,carry_mark,2023-05-26,0.016247590436893257
year2022,v5,carry_mark,2023-05-30,0.02426944691224664
year2022,v5,carry_mark,2023-05-31,-0.003757129878477283
year2022,v5,carry_mark,2023-06-01,0.0028243017978596074
year2022,v5,carry_mark,2023-06-02,0.002903014112913638
year2022,v5,carry_mark,2023-06-05,0.0035707708948012453
year2022,v5,carry_mark,2023-06-06,0.015012282923980557
year2022,v5,carry_mark,2023-06-07,-0.002966571931221118
year2022,v5,carry_mark,2023-06-08,0.01768861626393279
year2022,v5,carry_mark,2023-06-09,0.005956568028290321
year2022,v5,carry_mark,2023-06-12,0.0049810361602714345
year2022,v5,carry_mark,2023-06-13,0.014147362134236108
year2022,v5,carry_mark,2023-06-14,0.009291705434176012
year2022,v5,carry_mark,2023-06-15,0.025741002130942704
year2022,v5,carry_mark,2023-06-16,0.005539182879331106
year2022,v5,carry_mark,2023-06-20,-0.006137531068809476
year2022,v5,carry_mark,2023-06-21,-0.025979657705956127
year2022,v5,carry_mark,2023-06-22,0.013991987784389103
year2022,v5,carry_mark,2023-06-23,-0.0010160773816908053
year2022,v5,carry_mark,2023-06-26,-0.00382186577195649
year2022,v5,carry_mark,2023-06-27,0.0020908730421051345
year2022,v5,carry_mark,2023-06-28,0.0034419476904526737
year2022,v5,carry_mark,2023-06-29,-0.0006104381887382382
year2022,v5,carry_mark,2023-06-30,0.004499109499848042
year2022,v5,carry_mark,2023-07-03,-0.0005331443840747907
year2022,v5,carry_mark,2023-07-05,0.001057667634429893
year2022,v5,carry_mark,2023-07-06,-0.0006606514856712265
year2022,v5,carry_mark,2023-07-07,-0.001355360775907266
year2022,v5,carry_mark,2023-07-10,-0.0007743545285504138
year2022,v5,carry_mark,2023-07-11,-0.00014671850152854217
year2022,v5,carry_mark,2023-07-12,0.002294996432037233
year2022,v5,carry_mark,2023-07-13,0.003044728367245142
year2022,v5,carry_mark,2023-07-14,-0.001127696997732086
year2022,v5,carry_mark,2023-07-17,0.001983938350837988
year2022,v5,carry_mark,2023-07-18,0.009479363687843434
year2022,v5,carry_mark,2023-07-19,-0.0006391245008099622
year2022,v5,carry_mark,2023-07-20,-0.01072312943818815
year2022,v5,carry_mark,2023-07-21,-0.0031615529064118464
year2022,v5,carry_mark,2023-07-24,0.0005933074336978983
year2022,v5,carry_mark,2023-07-25,0.001544504484809761
year2022,v5,carry_mark,2023-07-26,-0.004939816402651909
year2022,v5,carry_mark,2023-07-27,-0.004334824781887137
year2022,v5,carry_mark,2023-07-28,0.0027910052032474875
year2022,v5,carry_mark,2023-07-31,-0.0007240540605867318
year2022,v5,carry_mark,2023-08-01,0.00012502467652069081
year2022,v5,carry_mark,2023-08-02,-0.002628291738758848
year2022,v5,carry_mark,2023-08-03,-0.00025648743141698516
year2022,v5,carry_mark,2023-08-04,0.0003428626414716973
year2022,v5,carry_mark,2023-08-07,0.0007108385444331234
year2022,v5,carry_mark,2023-08-08,-0.001229892380949915
year2022,v5,carry_mark,2023-08-09,-0.00117159237836445
year2022,v5,carry_mark,2023-08-10,0.0002172304458267327
year2022,v5,carry_mark,2023-08-11,-0.0005945508171128156
year2022,v5,carry_mark,2023-08-14,0.0009438954198061067
year2022,v5,carry_mark,2023-08-15,-0.0006727635896408679
year2022,v5,carry_mark,2023-08-16,-0.0004536107380615939
year2022,v5,carry_mark,2023-08-17,-0.0010986233085912955
year2022,v5,carry_mark,2023-08-18,-0.004263734694173571
year2022,v5,carry_mark,2023-08-21,0.011015456922322198
year2022,v5,carry_mark,2023-08-22,0.004825484237337396
year2022,v5,carry_mark,2023-08-23,0.0007369048250304821
year2022,v5,carry_mark,2023-08-24,-0.004583587914010356
year2022,v5,carry_mark,2023-08-25,0.00030156736242021865
year2022,P-confirm5-v5profit50,reset_liquidate,2022-08-29,0.0
year2022,P-confirm5-v5profit50,reset_liquidate,2022-08-30,0.0
year2022,P-confirm5-v5profit50,reset_liquidate,2022-08-31,0.0
year2022,P-confirm5-v5profit50,reset_liquidate,2022-09-01,0.0
year2022,P-confirm5-v5profit50,reset_liquidate,2022-09-02,0.0
year2022,P-confirm5-v5profit50,reset_liquidate,2022-09-06,0.0
year2022,P-confirm5-v5profit50,reset_liquidate,2022-09-07,0.0
year2022,P-confirm5-v5profit50,reset_liquidate,2022-09-08,0.0
year2022,P-confirm5-v5profit50,reset_liquidate,2022-09-09,0.0
year2022,P-confirm5-v5profit50,reset_liquidate,2022-09-12,0.0
year2022,P-confirm5-v5profit50,reset_liquidate,2022-09-13,0.0
year2022,P-confirm5-v5profit50,reset_liquidate,2022-09-14,0.0
year2022,P-confirm5-v5profit50,reset_liquidate,2022-09-15,0.0
year2022,P-confirm5-v5profit50,reset_liquidate,2022-09-16,0.0
year2022,P-confirm5-v5profit50,reset_liquidate,2022-09-19,0.0
year2022,P-confirm5-v5profit50,reset_liquidate,2022-09-20,0.0
year2022,P-confirm5-v5profit50,reset_liquidate,2022-09-21,0.0
year2022,P-confirm5-v5profit50,reset_liquidate,2022-09-22,0.0
year2022,P-confirm5-v5profit50,reset_liquidate,2022-09-23,0.0
year2022,P-confirm5-v5profit50,reset_liquidate,2022-09-26,0.0
year2022,P-confirm5-v5profit50,reset_liquidate,2022-09-27,0.0
year2022,P-confirm5-v5profit50,reset_liquidate,2022-09-28,0.0
year2022,P-confirm5-v5profit50,reset_liquidate,2022-09-29,0.0
year2022,P-confirm5-v5profit50,reset_liquidate,2022-09-30,0.0
year2022,P-confirm5-v5profit50,reset_liquidate,2022-10-03,0.0
year2022,P-confirm5-v5profit50,reset_liquidate,2022-10-04,0.0
year2022,P-confirm5-v5profit50,reset_liquidate,2022-10-05,0.0
year2022,P-confirm5-v5profit50,reset_liquidate,2022-10-06,0.0
year2022,P-confirm5-v5profit50,reset_liquidate,2022-10-07,0.0
year2022,P-confirm5-v5profit50,reset_liquidate,2022-10-10,0.0
year2022,P-confirm5-v5profit50,reset_liquidate,2022-10-11,0.0
year2022,P-confirm5-v5profit50,reset_liquidate,2022-10-12,0.0
year2022,P-confirm5-v5profit50,reset_liquidate,2022-10-13,0.0
year2022,P-confirm5-v5profit50,reset_liquidate,2022-10-14,-0.01972387435530636
year2022,P-confirm5-v5profit50,reset_liquidate,2022-10-17,0.0185486216033633
year2022,P-confirm5-v5profit50,reset_liquidate,2022-10-18,0.0003802951783891784
year2022,P-confirm5-v5profit50,reset_liquidate,2022-10-19,-0.013982344413236814
year2022,P-confirm5-v5profit50,reset_liquidate,2022-10-20,-0.00047175495461940773
year2022,P-confirm5-v5profit50,reset_liquidate,2022-10-21,0.008834612356483928
year2022,P-confirm5-v5profit50,reset_liquidate,2022-10-24,-0.026363849080847424
year2022,P-confirm5-v5profit50,reset_liquidate,2022-10-25,0.01241432268617484
year2022,P-confirm5-v5profit50,reset_liquidate,2022-10-26,-0.006607509486069763
year2022,P-confirm5-v5profit50,reset_liquidate,2022-10-27,-0.005508077581122229
year2022,P-confirm5-v5profit50,reset_liquidate,2022-10-28,0.009045212635684318
year2022,P-confirm5-v5profit50,reset_liquidate,2022-10-31,-0.0034562372228127414
year2022,P-confirm5-v5profit50,reset_liquidate,2022-11-01,-0.0031026159952008635
year2022,P-confirm5-v5profit50,reset_liquidate,2022-11-02,-0.010344828946187833
year2022,P-confirm5-v5profit50,reset_liquidate,2022-11-03,-0.005769242612733561
year2022,P-confirm5-v5profit50,reset_liquidate,2022-11-04,0.005608576230622187
year2022,P-confirm5-v5profit50,reset_liquidate,2022-11-07,0.0
year2022,P-confirm5-v5profit50,reset_liquidate,2022-11-08,0.0017868800499873272
year2022,P-confirm5-v5profit50,reset_liquidate,2022-11-09,-0.011980775391914967
year2022,P-confirm5-v5profit50,reset_liquidate,2022-11-10,0.017706712260532508
year2022,P-confirm5-v5profit50,reset_liquidate,2022-11-11,0.02205231811476256
year2022,P-confirm5-v5profit50,reset_liquidate,2022-11-14,0.003627150716903271
year2022,P-confirm5-v5profit50,reset_liquidate,2022-11-15,0.02262306355298469
year2022,P-confirm5-v5profit50,reset_liquidate,2022-11-16,-0.013517658902956997
year2022,P-confirm5-v5profit50,reset_liquidate,2022-11-17,-0.0006640449971853535
year2022,P-confirm5-v5profit50,reset_liquidate,2022-11-18,-0.012768949341973323
year2022,P-confirm5-v5profit50,reset_liquidate,2022-11-21,-0.009172377567160005
year2022,P-confirm5-v5profit50,reset_liquidate,2022-11-22,-0.0008471442149169284
year2022,P-confirm5-v5profit50,reset_liquidate,2022-11-23,0.00643237510764294
year2022,P-confirm5-v5profit50,reset_liquidate,2022-11-25,-0.00322588034938337
year2022,P-confirm5-v5profit50,reset_liquidate,2022-11-28,-0.004052541905729523
year2022,P-confirm5-v5profit50,reset_liquidate,2022-11-29,-0.0032716887405709215
year2022,P-confirm5-v5profit50,reset_liquidate,2022-11-30,0.013387658015124426
year2022,P-confirm5-v5profit50,reset_liquidate,2022-12-01,0.011533429077014157
year2022,P-confirm5-v5profit50,reset_liquidate,2022-12-02,-0.0016998179649078571
year2022,P-confirm5-v5profit50,reset_liquidate,2022-12-05,-0.015649757228278792
year2022,P-confirm5-v5profit50,reset_liquidate,2022-12-06,-0.002879417444050847
year2022,P-confirm5-v5profit50,reset_liquidate,2022-12-07,-0.001781012692335482
year2022,P-confirm5-v5profit50,reset_liquidate,2022-12-08,0.004225349657375521
year2022,P-confirm5-v5profit50,reset_liquidate,2022-12-09,0.003307976552586933
year2022,P-confirm5-v5profit50,reset_liquidate,2022-12-12,-0.010278090345881952
year2022,P-confirm5-v5profit50,reset_liquidate,2022-12-13,0.013001441927561341
year2022,P-confirm5-v5profit50,reset_liquidate,2022-12-14,-0.003494896366416811
year2022,P-confirm5-v5profit50,reset_liquidate,2022-12-15,-0.003835238750225722
year2022,P-confirm5-v5profit50,reset_liquidate,2022-12-16,-0.004858919070880175
year2022,P-confirm5-v5profit50,reset_liquidate,2022-12-19,-0.0032933296686110227
year2022,P-confirm5-v5profit50,reset_liquidate,2022-12-20,-0.005801649808637932
year2022,P-confirm5-v5profit50,reset_liquidate,2022-12-21,0.004939669187201279
year2022,P-confirm5-v5profit50,reset_liquidate,2022-12-22,-0.004347533139906301
year2022,P-confirm5-v5profit50,reset_liquidate,2022-12-23,-0.0013393101727003254
year2022,P-confirm5-v5profit50,reset_liquidate,2022-12-27,-0.000527121783069151
year2022,P-confirm5-v5profit50,reset_liquidate,2022-12-28,0.00047909675408459585
year2022,P-confirm5-v5profit50,reset_liquidate,2022-12-29,0.002860863145680659
year2022,P-confirm5-v5profit50,reset_liquidate,2022-12-30,0.0008147129958838261
year2022,P-confirm5-v5profit50,reset_liquidate,2023-01-03,-0.005601221723694716
year2022,P-confirm5-v5profit50,reset_liquidate,2023-01-04,0.003591880497852862
year2022,P-confirm5-v5profit50,reset_liquidate,2023-01-05,-0.0014343798684717467
year2022,P-confirm5-v5profit50,reset_liquidate,2023-01-06,0.0008275405745659103
year2022,P-confirm5-v5profit50,reset_liquidate,2023-01-09,0.0001805656823010704
year2022,P-confirm5-v5profit50,reset_liquidate,2023-01-10,0.003326237317053282
year2022,P-confirm5-v5profit50,reset_liquidate,2023-01-11,0.0029971384931679833
year2022,P-confirm5-v5profit50,reset_liquidate,2023-01-12,-0.0017604070540971684
year2022,P-confirm5-v5profit50,reset_liquidate,2023-01-13,0.01136675731898984
year2022,P-confirm5-v5profit50,reset_liquidate,2023-01-17,-0.0006330293960829069
year2022,P-confirm5-v5profit50,reset_liquidate,2023-01-18,-0.016016017555292538
year2022,P-confirm5-v5profit50,reset_liquidate,2023-01-19,-0.008462074533997143
year2022,P-confirm5-v5profit50,reset_liquidate,2023-01-20,0.02918304949827414
year2022,P-confirm5-v5profit50,reset_liquidate,2023-01-23,0.022654574283130245
year2022,P-confirm5-v5profit50,reset_liquidate,2023-01-24,-0.003821392610944907
year2022,P-confirm5-v5profit50,reset_liquidate,2023-01-25,-0.0025085479684261226
year2022,P-confirm5-v5profit50,reset_liquidate,2023-01-26,0.026166093152184766
year2022,P-confirm5-v5profit50,reset_liquidate,2023-01-27,0.015906291810398664
year2022,P-confirm5-v5profit50,reset_liquidate,2023-01-30,-0.03191918133515599
year2022,P-confirm5-v5profit50,reset_liquidate,2023-01-31,0.0012127676873934124
year2022,P-confirm5-v5profit50,reset_liquidate,2023-02-01,0.009468775478351888
year2022,P-confirm5-v5profit50,reset_liquidate,2023-02-02,0.01154689445894439
year2022,P-confirm5-v5profit50,reset_liquidate,2023-02-03,-0.00738154609843561
year2022,P-confirm5-v5profit50,reset_liquidate,2023-02-06,0.00024418898510908393
year2022,P-confirm5-v5profit50,reset_liquidate,2023-02-07,0.0010525791279409225
year2022,P-confirm5-v5profit50,reset_liquidate,2023-02-08,0.002276304955598252
year2022,P-confirm5-v5profit50,reset_liquidate,2023-02-09,0.0029956849516678654
year2022,P-confirm5-v5profit50,reset_liquidate,2023-02-10,-0.005030873801899538
year2022,P-confirm5-v5profit50,reset_liquidate,2023-02-13,-0.0013532537087367013
year2022,P-confirm5-v5profit50,reset_liquidate,2023-02-14,0.0
year2022,P-confirm5-v5profit50,reset_liquidate,2023-02-15,0.0
year2022,P-confirm5-v5profit50,reset_liquidate,2023-02-16,0.0
year2022,P-confirm5-v5profit50,reset_liquidate,2023-02-17,0.0
year2022,P-confirm5-v5profit50,reset_liquidate,2023-02-21,0.0
year2022,P-confirm5-v5profit50,reset_liquidate,2023-02-22,0.0
year2022,P-confirm5-v5profit50,reset_liquidate,2023-02-23,0.0
year2022,P-confirm5-v5profit50,reset_liquidate,2023-02-24,0.0
year2022,P-confirm5-v5profit50,reset_liquidate,2023-02-27,0.0
year2022,P-confirm5-v5profit50,reset_liquidate,2023-02-28,0.0
year2022,P-confirm5-v5profit50,reset_liquidate,2023-03-01,0.0
year2022,P-confirm5-v5profit50,reset_liquidate,2023-03-02,0.0
year2022,P-confirm5-v5profit50,reset_liquidate,2023-03-03,0.0
year2022,P-confirm5-v5profit50,reset_liquidate,2023-03-06,0.0
year2022,P-confirm5-v5profit50,reset_liquidate,2023-03-07,0.0
year2022,P-confirm5-v5profit50,reset_liquidate,2023-03-08,0.0
year2022,P-confirm5-v5profit50,reset_liquidate,2023-03-09,0.0
year2022,P-confirm5-v5profit50,reset_liquidate,2023-03-10,0.0
year2022,P-confirm5-v5profit50,reset_liquidate,2023-03-13,0.0
year2022,P-confirm5-v5profit50,reset_liquidate,2023-03-14,0.0
year2022,P-confirm5-v5profit50,reset_liquidate,2023-03-15,0.0
year2022,P-confirm5-v5profit50,reset_liquidate,2023-03-16,0.0
year2022,P-confirm5-v5profit50,reset_liquidate,2023-03-17,0.0
year2022,P-confirm5-v5profit50,reset_liquidate,2023-03-20,0.0
year2022,P-confirm5-v5profit50,reset_liquidate,2023-03-21,0.0
year2022,P-confirm5-v5profit50,reset_liquidate,2023-03-22,0.0
year2022,P-confirm5-v5profit50,reset_liquidate,2023-03-23,0.0
year2022,P-confirm5-v5profit50,reset_liquidate,2023-03-24,0.0
year2022,P-confirm5-v5profit50,reset_liquidate,2023-03-27,-6.64577191686444e-05
year2022,P-confirm5-v5profit50,reset_liquidate,2023-03-28,-0.001263497725687801
year2022,P-confirm5-v5profit50,reset_liquidate,2023-03-29,0.003079334206671458
year2022,P-confirm5-v5profit50,reset_liquidate,2023-03-30,0.0073920104163430755
year2022,P-confirm5-v5profit50,reset_liquidate,2023-03-31,0.01659093126877571
year2022,P-confirm5-v5profit50,reset_liquidate,2023-04-03,0.004430369043533356
year2022,P-confirm5-v5profit50,reset_liquidate,2023-04-04,-0.003932747880175192
year2022,P-confirm5-v5profit50,reset_liquidate,2023-04-05,-0.005793815079086384
year2022,P-confirm5-v5profit50,reset_liquidate,2023-04-06,0.0005396671100548533
year2022,P-confirm5-v5profit50,reset_liquidate,2023-04-10,0.003638115387587626
year2022,P-confirm5-v5profit50,reset_liquidate,2023-04-11,0.0024726074062450753
year2022,P-confirm5-v5profit50,reset_liquidate,2023-04-12,-0.0012457448431195672
year2022,P-confirm5-v5profit50,reset_liquidate,2023-04-13,0.0015361663360118128
year2022,P-confirm5-v5profit50,reset_liquidate,2023-04-14,-0.007116514819488473
year2022,P-confirm5-v5profit50,reset_liquidate,2023-04-17,0.0015566284897158612
year2022,P-confirm5-v5profit50,reset_liquidate,2023-04-18,0.0007511612359413667
year2022,P-confirm5-v5profit50,reset_liquidate,2023-04-19,-0.0016438807103072773
year2022,P-confirm5-v5profit50,reset_liquidate,2023-04-20,-0.005467082096411146
year2022,P-confirm5-v5profit50,reset_liquidate,2023-04-21,0.0018071092101553665
year2022,P-confirm5-v5profit50,reset_liquidate,2023-04-24,0.0005004448311666688
year2022,P-confirm5-v5profit50,reset_liquidate,2023-04-25,-0.011440129911350672
year2022,P-confirm5-v5profit50,reset_liquidate,2023-04-26,0.0022630981852373886
year2022,P-confirm5-v5profit50,reset_liquidate,2023-04-27,0.0014634824270334467
year2022,P-confirm5-v5profit50,reset_liquidate,2023-04-28,0.0022200875083641103
year2022,P-confirm5-v5profit50,reset_liquidate,2023-05-01,-0.0023077591566806666
year2022,P-confirm5-v5profit50,reset_liquidate,2023-05-02,-0.004738528998127789
year2022,P-confirm5-v5profit50,reset_liquidate,2023-05-03,-0.0017489818905286447
year2022,P-confirm5-v5profit50,reset_liquidate,2023-05-04,-0.00032074367396975887
year2022,P-confirm5-v5profit50,reset_liquidate,2023-05-05,0.004262559435918201
year2022,P-confirm5-v5profit50,reset_liquidate,2023-05-08,0.001974224875285646
year2022,P-confirm5-v5profit50,reset_liquidate,2023-05-09,0.0013394302484620812
year2022,P-confirm5-v5profit50,reset_liquidate,2023-05-10,0.005494955414782221
year2022,P-confirm5-v5profit50,reset_liquidate,2023-05-11,-0.0054874245556243316
year2022,P-confirm5-v5profit50,reset_liquidate,2023-05-12,-0.0029497823368640043
year2022,P-confirm5-v5profit50,reset_liquidate,2023-05-15,-0.00397684038129228
year2022,P-confirm5-v5profit50,reset_liquidate,2023-05-16,0.005587458442052928
year2022,P-confirm5-v5profit50,reset_liquidate,2023-05-17,0.0031636697011306002
year2022,P-confirm5-v5profit50,reset_liquidate,2023-05-18,0.011229999086305332
year2022,P-confirm5-v5profit50,reset_liquidate,2023-05-19,-0.003939361666062147
year2022,P-confirm5-v5profit50,reset_liquidate,2023-05-22,0.0031728976187818114
year2022,P-confirm5-v5profit50,reset_liquidate,2023-05-23,-0.006049753196017027
year2022,P-confirm5-v5profit50,reset_liquidate,2023-05-24,0.0043671665841098824
year2022,P-confirm5-v5profit50,reset_liquidate,2023-05-25,0.0016742110622448014
year2022,P-confirm5-v5profit50,reset_liquidate,2023-05-26,0.0162475904368933
year2022,P-confirm5-v5profit50,reset_liquidate,2023-05-30,0.02426944691224664
year2022,P-confirm5-v5profit50,reset_liquidate,2023-05-31,-0.0037571298784772945
year2022,P-confirm5-v5profit50,reset_liquidate,2023-06-01,0.0028243017978595965
year2022,P-confirm5-v5profit50,reset_liquidate,2023-06-02,0.0029030141129136044
year2022,P-confirm5-v5profit50,reset_liquidate,2023-06-05,0.006846041084988941
year2022,P-confirm5-v5profit50,reset_liquidate,2023-06-06,0.015270880569484335
year2022,P-confirm5-v5profit50,reset_liquidate,2023-06-07,-0.0101831199547047
year2022,P-confirm5-v5profit50,reset_liquidate,2023-06-08,0.020787918332528844
year2022,P-confirm5-v5profit50,reset_liquidate,2023-06-09,0.0038568584801451423
year2022,P-confirm5-v5profit50,reset_liquidate,2023-06-12,0.005707672865524582
year2022,P-confirm5-v5profit50,reset_liquidate,2023-06-13,0.01504910339740535
year2022,P-confirm5-v5profit50,reset_liquidate,2023-06-14,0.013690924054684351
year2022,P-confirm5-v5profit50,reset_liquidate,2023-06-15,0.03121401698843691
year2022,P-confirm5-v5profit50,reset_liquidate,2023-06-16,0.001978598941807652
year2022,P-confirm5-v5profit50,reset_liquidate,2023-06-20,-0.008906556504544094
year2022,P-confirm5-v5profit50,reset_liquidate,2023-06-21,-0.029157009941396826
year2022,P-confirm5-v5profit50,reset_liquidate,2023-06-22,0.016996778563676828
year2022,P-confirm5-v5profit50,reset_liquidate,2023-06-23,-0.001212049437432372
year2022,P-confirm5-v5profit50,reset_liquidate,2023-06-26,-0.008539960393055723
year2022,P-confirm5-v5profit50,reset_liquidate,2023-06-27,0.00631838604810282
year2022,P-confirm5-v5profit50,reset_liquidate,2023-06-28,0.007300269725369235
year2022,P-confirm5-v5profit50,reset_liquidate,2023-06-29,-0.005005326175037905
year2022,P-confirm5-v5profit50,reset_liquidate,2023-06-30,0.004618578948544538
year2022,P-confirm5-v5profit50,reset_liquidate,2023-07-03,4.079003469220632e-05
year2022,P-confirm5-v5profit50,reset_liquidate,2023-07-05,-0.0001655683822771037
year2022,P-confirm5-v5profit50,reset_liquidate,2023-07-06,-0.0006606514856711931
year2022,P-confirm5-v5profit50,reset_liquidate,2023-07-07,-0.0013553607759072771
year2022,P-confirm5-v5profit50,reset_liquidate,2023-07-10,-0.0007743545285504138
year2022,P-confirm5-v5profit50,reset_liquidate,2023-07-11,-0.00014671850152855325
year2022,P-confirm5-v5profit50,reset_liquidate,2023-07-12,0.002294996432037255
year2022,P-confirm5-v5profit50,reset_liquidate,2023-07-13,0.0030447283672450976
year2022,P-confirm5-v5profit50,reset_liquidate,2023-07-14,-0.0011276969977320529
year2022,P-confirm5-v5profit50,reset_liquidate,2023-07-17,0.001983938350837988
year2022,P-confirm5-v5profit50,reset_liquidate,2023-07-18,0.009479363687843434
year2022,P-confirm5-v5profit50,reset_liquidate,2023-07-19,-0.0040767632155373264
year2022,P-confirm5-v5profit50,reset_liquidate,2023-07-20,-0.01564089447850401
year2022,P-confirm5-v5profit50,reset_liquidate,2023-07-21,-0.0019301624286126363
year2022,P-confirm5-v5profit50,reset_liquidate,2023-07-24,0.0005933074336979205
year2022,P-confirm5-v5profit50,reset_liquidate,2023-07-25,0.0015445044848097721
year2022,P-confirm5-v5profit50,reset_liquidate,2023-07-26,-0.004939816402651909
year2022,P-confirm5-v5profit50,reset_liquidate,2023-07-27,-0.004334824781887148
year2022,P-confirm5-v5profit50,reset_liquidate,2023-07-28,0.0027910052032474875
year2022,P-confirm5-v5profit50,reset_liquidate,2023-07-31,-0.0007240540605867541
year2022,P-confirm5-v5profit50,reset_liquidate,2023-08-01,0.00012502467652069081
year2022,P-confirm5-v5profit50,reset_liquidate,2023-08-02,-0.00262829173875887
year2022,P-confirm5-v5profit50,reset_liquidate,2023-08-03,-0.00025648743141698516
year2022,P-confirm5-v5profit50,reset_liquidate,2023-08-04,0.00034286264147171953
year2022,P-confirm5-v5profit50,reset_liquidate,2023-08-07,0.0007108385444331234
year2022,P-confirm5-v5profit50,reset_liquidate,2023-08-08,0.0034804211269733208
year2022,P-confirm5-v5profit50,reset_liquidate,2023-08-09,-0.0014176935596923678
year2022,P-confirm5-v5profit50,reset_liquidate,2023-08-10,0.018967228485147602
year2022,P-confirm5-v5profit50,reset_liquidate,2023-08-11,-0.014791221846421333
year2022,P-confirm5-v5profit50,reset_liquidate,2023-08-14,0.0207179046318841
year2022,P-confirm5-v5profit50,reset_liquidate,2023-08-15,-0.0010096920951715548
year2022,P-confirm5-v5profit50,reset_liquidate,2023-08-16,-0.012353544703046703
year2022,P-confirm5-v5profit50,reset_liquidate,2023-08-17,-0.0018660786412447062
year2022,P-confirm5-v5profit50,reset_liquidate,2023-08-18,-0.005269149321958844
year2022,P-confirm5-v5profit50,reset_liquidate,2023-08-21,0.03164045184661424
year2022,P-confirm5-v5profit50,reset_liquidate,2023-08-22,0.005084551354825195
year2022,P-confirm5-v5profit50,reset_liquidate,2023-08-23,-0.0002320849874110742
year2022,P-confirm5-v5profit50,reset_liquidate,2023-08-24,-0.012672301399263874
year2022,P-confirm5-v5profit50,reset_liquidate,2023-08-25,-0.0077978851573034195
year2022,P-confirm5-v5profit50,reset_mark,2022-08-29,0.0
year2022,P-confirm5-v5profit50,reset_mark,2022-08-30,0.0
year2022,P-confirm5-v5profit50,reset_mark,2022-08-31,0.0
year2022,P-confirm5-v5profit50,reset_mark,2022-09-01,0.0
year2022,P-confirm5-v5profit50,reset_mark,2022-09-02,0.0
year2022,P-confirm5-v5profit50,reset_mark,2022-09-06,0.0
year2022,P-confirm5-v5profit50,reset_mark,2022-09-07,0.0
year2022,P-confirm5-v5profit50,reset_mark,2022-09-08,0.0
year2022,P-confirm5-v5profit50,reset_mark,2022-09-09,0.0
year2022,P-confirm5-v5profit50,reset_mark,2022-09-12,0.0
year2022,P-confirm5-v5profit50,reset_mark,2022-09-13,0.0
year2022,P-confirm5-v5profit50,reset_mark,2022-09-14,0.0
year2022,P-confirm5-v5profit50,reset_mark,2022-09-15,0.0
year2022,P-confirm5-v5profit50,reset_mark,2022-09-16,0.0
year2022,P-confirm5-v5profit50,reset_mark,2022-09-19,0.0
year2022,P-confirm5-v5profit50,reset_mark,2022-09-20,0.0
year2022,P-confirm5-v5profit50,reset_mark,2022-09-21,0.0
year2022,P-confirm5-v5profit50,reset_mark,2022-09-22,0.0
year2022,P-confirm5-v5profit50,reset_mark,2022-09-23,0.0
year2022,P-confirm5-v5profit50,reset_mark,2022-09-26,0.0
year2022,P-confirm5-v5profit50,reset_mark,2022-09-27,0.0
year2022,P-confirm5-v5profit50,reset_mark,2022-09-28,0.0
year2022,P-confirm5-v5profit50,reset_mark,2022-09-29,0.0
year2022,P-confirm5-v5profit50,reset_mark,2022-09-30,0.0
year2022,P-confirm5-v5profit50,reset_mark,2022-10-03,0.0
year2022,P-confirm5-v5profit50,reset_mark,2022-10-04,0.0
year2022,P-confirm5-v5profit50,reset_mark,2022-10-05,0.0
year2022,P-confirm5-v5profit50,reset_mark,2022-10-06,0.0
year2022,P-confirm5-v5profit50,reset_mark,2022-10-07,0.0
year2022,P-confirm5-v5profit50,reset_mark,2022-10-10,0.0
year2022,P-confirm5-v5profit50,reset_mark,2022-10-11,0.0
year2022,P-confirm5-v5profit50,reset_mark,2022-10-12,0.0
year2022,P-confirm5-v5profit50,reset_mark,2022-10-13,0.0
year2022,P-confirm5-v5profit50,reset_mark,2022-10-14,-0.01972387435530636
year2022,P-confirm5-v5profit50,reset_mark,2022-10-17,0.0185486216033633
year2022,P-confirm5-v5profit50,reset_mark,2022-10-18,0.0003802951783891784
year2022,P-confirm5-v5profit50,reset_mark,2022-10-19,-0.013982344413236814
year2022,P-confirm5-v5profit50,reset_mark,2022-10-20,-0.00047175495461940773
year2022,P-confirm5-v5profit50,reset_mark,2022-10-21,0.008834612356483928
year2022,P-confirm5-v5profit50,reset_mark,2022-10-24,-0.026363849080847424
year2022,P-confirm5-v5profit50,reset_mark,2022-10-25,0.01241432268617484
year2022,P-confirm5-v5profit50,reset_mark,2022-10-26,-0.006607509486069763
year2022,P-confirm5-v5profit50,reset_mark,2022-10-27,-0.005508077581122229
year2022,P-confirm5-v5profit50,reset_mark,2022-10-28,0.009045212635684318
year2022,P-confirm5-v5profit50,reset_mark,2022-10-31,-0.0034562372228127414
year2022,P-confirm5-v5profit50,reset_mark,2022-11-01,-0.0031026159952008635
year2022,P-confirm5-v5profit50,reset_mark,2022-11-02,-0.010344828946187833
year2022,P-confirm5-v5profit50,reset_mark,2022-11-03,-0.005769242612733561
year2022,P-confirm5-v5profit50,reset_mark,2022-11-04,0.005608576230622187
year2022,P-confirm5-v5profit50,reset_mark,2022-11-07,0.0
year2022,P-confirm5-v5profit50,reset_mark,2022-11-08,0.0017868800499873272
year2022,P-confirm5-v5profit50,reset_mark,2022-11-09,-0.011980775391914967
year2022,P-confirm5-v5profit50,reset_mark,2022-11-10,0.017706712260532508
year2022,P-confirm5-v5profit50,reset_mark,2022-11-11,0.02205231811476256
year2022,P-confirm5-v5profit50,reset_mark,2022-11-14,0.003627150716903271
year2022,P-confirm5-v5profit50,reset_mark,2022-11-15,0.02262306355298469
year2022,P-confirm5-v5profit50,reset_mark,2022-11-16,-0.013517658902956997
year2022,P-confirm5-v5profit50,reset_mark,2022-11-17,-0.0006640449971853535
year2022,P-confirm5-v5profit50,reset_mark,2022-11-18,-0.012768949341973323
year2022,P-confirm5-v5profit50,reset_mark,2022-11-21,-0.009172377567160005
year2022,P-confirm5-v5profit50,reset_mark,2022-11-22,-0.0008471442149169284
year2022,P-confirm5-v5profit50,reset_mark,2022-11-23,0.00643237510764294
year2022,P-confirm5-v5profit50,reset_mark,2022-11-25,-0.00322588034938337
year2022,P-confirm5-v5profit50,reset_mark,2022-11-28,-0.004052541905729523
year2022,P-confirm5-v5profit50,reset_mark,2022-11-29,-0.0032716887405709215
year2022,P-confirm5-v5profit50,reset_mark,2022-11-30,0.013387658015124426
year2022,P-confirm5-v5profit50,reset_mark,2022-12-01,0.011533429077014157
year2022,P-confirm5-v5profit50,reset_mark,2022-12-02,-0.0016998179649078571
year2022,P-confirm5-v5profit50,reset_mark,2022-12-05,-0.015649757228278792
year2022,P-confirm5-v5profit50,reset_mark,2022-12-06,-0.002879417444050847
year2022,P-confirm5-v5profit50,reset_mark,2022-12-07,-0.001781012692335482
year2022,P-confirm5-v5profit50,reset_mark,2022-12-08,0.004225349657375521
year2022,P-confirm5-v5profit50,reset_mark,2022-12-09,0.003307976552586933
year2022,P-confirm5-v5profit50,reset_mark,2022-12-12,-0.010278090345881952
year2022,P-confirm5-v5profit50,reset_mark,2022-12-13,0.013001441927561341
year2022,P-confirm5-v5profit50,reset_mark,2022-12-14,-0.003494896366416811
year2022,P-confirm5-v5profit50,reset_mark,2022-12-15,-0.003835238750225722
year2022,P-confirm5-v5profit50,reset_mark,2022-12-16,-0.004858919070880175
year2022,P-confirm5-v5profit50,reset_mark,2022-12-19,-0.0032933296686110227
year2022,P-confirm5-v5profit50,reset_mark,2022-12-20,-0.005801649808637932
year2022,P-confirm5-v5profit50,reset_mark,2022-12-21,0.004939669187201279
year2022,P-confirm5-v5profit50,reset_mark,2022-12-22,-0.004347533139906301
year2022,P-confirm5-v5profit50,reset_mark,2022-12-23,-0.0013393101727003254
year2022,P-confirm5-v5profit50,reset_mark,2022-12-27,-0.000527121783069151
year2022,P-confirm5-v5profit50,reset_mark,2022-12-28,0.00047909675408459585
year2022,P-confirm5-v5profit50,reset_mark,2022-12-29,0.002860863145680659
year2022,P-confirm5-v5profit50,reset_mark,2022-12-30,0.0008147129958838261
year2022,P-confirm5-v5profit50,reset_mark,2023-01-03,-0.005601221723694716
year2022,P-confirm5-v5profit50,reset_mark,2023-01-04,0.003591880497852862
year2022,P-confirm5-v5profit50,reset_mark,2023-01-05,-0.0014343798684717467
year2022,P-confirm5-v5profit50,reset_mark,2023-01-06,0.0008275405745659103
year2022,P-confirm5-v5profit50,reset_mark,2023-01-09,0.0001805656823010704
year2022,P-confirm5-v5profit50,reset_mark,2023-01-10,0.003326237317053282
year2022,P-confirm5-v5profit50,reset_mark,2023-01-11,0.0029971384931679833
year2022,P-confirm5-v5profit50,reset_mark,2023-01-12,-0.0017604070540971684
year2022,P-confirm5-v5profit50,reset_mark,2023-01-13,0.01136675731898984
year2022,P-confirm5-v5profit50,reset_mark,2023-01-17,-0.0006330293960829069
year2022,P-confirm5-v5profit50,reset_mark,2023-01-18,-0.016016017555292538
year2022,P-confirm5-v5profit50,reset_mark,2023-01-19,-0.008462074533997143
year2022,P-confirm5-v5profit50,reset_mark,2023-01-20,0.02918304949827414
year2022,P-confirm5-v5profit50,reset_mark,2023-01-23,0.022654574283130245
year2022,P-confirm5-v5profit50,reset_mark,2023-01-24,-0.003821392610944907
year2022,P-confirm5-v5profit50,reset_mark,2023-01-25,-0.0025085479684261226
year2022,P-confirm5-v5profit50,reset_mark,2023-01-26,0.026166093152184766
year2022,P-confirm5-v5profit50,reset_mark,2023-01-27,0.015906291810398664
year2022,P-confirm5-v5profit50,reset_mark,2023-01-30,-0.03191918133515599
year2022,P-confirm5-v5profit50,reset_mark,2023-01-31,0.0012127676873934124
year2022,P-confirm5-v5profit50,reset_mark,2023-02-01,0.009468775478351888
year2022,P-confirm5-v5profit50,reset_mark,2023-02-02,0.01154689445894439
year2022,P-confirm5-v5profit50,reset_mark,2023-02-03,-0.00738154609843561
year2022,P-confirm5-v5profit50,reset_mark,2023-02-06,0.00024418898510908393
year2022,P-confirm5-v5profit50,reset_mark,2023-02-07,0.0010525791279409225
year2022,P-confirm5-v5profit50,reset_mark,2023-02-08,0.002276304955598252
year2022,P-confirm5-v5profit50,reset_mark,2023-02-09,0.0029956849516678654
year2022,P-confirm5-v5profit50,reset_mark,2023-02-10,-0.005030873801899538
year2022,P-confirm5-v5profit50,reset_mark,2023-02-13,-0.0013532537087367013
year2022,P-confirm5-v5profit50,reset_mark,2023-02-14,0.0
year2022,P-confirm5-v5profit50,reset_mark,2023-02-15,0.0
year2022,P-confirm5-v5profit50,reset_mark,2023-02-16,0.0
year2022,P-confirm5-v5profit50,reset_mark,2023-02-17,0.0
year2022,P-confirm5-v5profit50,reset_mark,2023-02-21,0.0
year2022,P-confirm5-v5profit50,reset_mark,2023-02-22,0.0
year2022,P-confirm5-v5profit50,reset_mark,2023-02-23,0.0
year2022,P-confirm5-v5profit50,reset_mark,2023-02-24,0.0
year2022,P-confirm5-v5profit50,reset_mark,2023-02-27,0.0
year2022,P-confirm5-v5profit50,reset_mark,2023-02-28,0.0
year2022,P-confirm5-v5profit50,reset_mark,2023-03-01,0.0
year2022,P-confirm5-v5profit50,reset_mark,2023-03-02,0.0
year2022,P-confirm5-v5profit50,reset_mark,2023-03-03,0.0
year2022,P-confirm5-v5profit50,reset_mark,2023-03-06,0.0
year2022,P-confirm5-v5profit50,reset_mark,2023-03-07,0.0
year2022,P-confirm5-v5profit50,reset_mark,2023-03-08,0.0
year2022,P-confirm5-v5profit50,reset_mark,2023-03-09,0.0
year2022,P-confirm5-v5profit50,reset_mark,2023-03-10,0.0
year2022,P-confirm5-v5profit50,reset_mark,2023-03-13,0.0
year2022,P-confirm5-v5profit50,reset_mark,2023-03-14,0.0
year2022,P-confirm5-v5profit50,reset_mark,2023-03-15,0.0
year2022,P-confirm5-v5profit50,reset_mark,2023-03-16,0.0
year2022,P-confirm5-v5profit50,reset_mark,2023-03-17,0.0
year2022,P-confirm5-v5profit50,reset_mark,2023-03-20,0.0
year2022,P-confirm5-v5profit50,reset_mark,2023-03-21,0.0
year2022,P-confirm5-v5profit50,reset_mark,2023-03-22,0.0
year2022,P-confirm5-v5profit50,reset_mark,2023-03-23,0.0
year2022,P-confirm5-v5profit50,reset_mark,2023-03-24,0.0
year2022,P-confirm5-v5profit50,reset_mark,2023-03-27,-6.64577191686444e-05
year2022,P-confirm5-v5profit50,reset_mark,2023-03-28,-0.001263497725687801
year2022,P-confirm5-v5profit50,reset_mark,2023-03-29,0.003079334206671458
year2022,P-confirm5-v5profit50,reset_mark,2023-03-30,0.0073920104163430755
year2022,P-confirm5-v5profit50,reset_mark,2023-03-31,0.01659093126877571
year2022,P-confirm5-v5profit50,reset_mark,2023-04-03,0.004430369043533356
year2022,P-confirm5-v5profit50,reset_mark,2023-04-04,-0.003932747880175192
year2022,P-confirm5-v5profit50,reset_mark,2023-04-05,-0.005793815079086384
year2022,P-confirm5-v5profit50,reset_mark,2023-04-06,0.0005396671100548533
year2022,P-confirm5-v5profit50,reset_mark,2023-04-10,0.003638115387587626
year2022,P-confirm5-v5profit50,reset_mark,2023-04-11,0.0024726074062450753
year2022,P-confirm5-v5profit50,reset_mark,2023-04-12,-0.0012457448431195672
year2022,P-confirm5-v5profit50,reset_mark,2023-04-13,0.0015361663360118128
year2022,P-confirm5-v5profit50,reset_mark,2023-04-14,-0.007116514819488473
year2022,P-confirm5-v5profit50,reset_mark,2023-04-17,0.0015566284897158612
year2022,P-confirm5-v5profit50,reset_mark,2023-04-18,0.0007511612359413667
year2022,P-confirm5-v5profit50,reset_mark,2023-04-19,-0.0016438807103072773
year2022,P-confirm5-v5profit50,reset_mark,2023-04-20,-0.005467082096411146
year2022,P-confirm5-v5profit50,reset_mark,2023-04-21,0.0018071092101553665
year2022,P-confirm5-v5profit50,reset_mark,2023-04-24,0.0005004448311666688
year2022,P-confirm5-v5profit50,reset_mark,2023-04-25,-0.011440129911350672
year2022,P-confirm5-v5profit50,reset_mark,2023-04-26,0.0022630981852373886
year2022,P-confirm5-v5profit50,reset_mark,2023-04-27,0.0014634824270334467
year2022,P-confirm5-v5profit50,reset_mark,2023-04-28,0.0022200875083641103
year2022,P-confirm5-v5profit50,reset_mark,2023-05-01,-0.0023077591566806666
year2022,P-confirm5-v5profit50,reset_mark,2023-05-02,-0.004738528998127789
year2022,P-confirm5-v5profit50,reset_mark,2023-05-03,-0.0017489818905286447
year2022,P-confirm5-v5profit50,reset_mark,2023-05-04,-0.00032074367396975887
year2022,P-confirm5-v5profit50,reset_mark,2023-05-05,0.004262559435918201
year2022,P-confirm5-v5profit50,reset_mark,2023-05-08,0.001974224875285646
year2022,P-confirm5-v5profit50,reset_mark,2023-05-09,0.0013394302484620812
year2022,P-confirm5-v5profit50,reset_mark,2023-05-10,0.005494955414782221
year2022,P-confirm5-v5profit50,reset_mark,2023-05-11,-0.0054874245556243316
year2022,P-confirm5-v5profit50,reset_mark,2023-05-12,-0.0029497823368640043
year2022,P-confirm5-v5profit50,reset_mark,2023-05-15,-0.00397684038129228
year2022,P-confirm5-v5profit50,reset_mark,2023-05-16,0.005587458442052928
year2022,P-confirm5-v5profit50,reset_mark,2023-05-17,0.0031636697011306002
year2022,P-confirm5-v5profit50,reset_mark,2023-05-18,0.011229999086305332
year2022,P-confirm5-v5profit50,reset_mark,2023-05-19,-0.003939361666062147
year2022,P-confirm5-v5profit50,reset_mark,2023-05-22,0.0031728976187818114
year2022,P-confirm5-v5profit50,reset_mark,2023-05-23,-0.006049753196017027
year2022,P-confirm5-v5profit50,reset_mark,2023-05-24,0.0043671665841098824
year2022,P-confirm5-v5profit50,reset_mark,2023-05-25,0.0016742110622448014
year2022,P-confirm5-v5profit50,reset_mark,2023-05-26,0.0162475904368933
year2022,P-confirm5-v5profit50,reset_mark,2023-05-30,0.02426944691224664
year2022,P-confirm5-v5profit50,reset_mark,2023-05-31,-0.0037571298784772945
year2022,P-confirm5-v5profit50,reset_mark,2023-06-01,0.0028243017978595965
year2022,P-confirm5-v5profit50,reset_mark,2023-06-02,0.0029030141129136044
year2022,P-confirm5-v5profit50,reset_mark,2023-06-05,0.006846041084988941
year2022,P-confirm5-v5profit50,reset_mark,2023-06-06,0.015270880569484335
year2022,P-confirm5-v5profit50,reset_mark,2023-06-07,-0.0101831199547047
year2022,P-confirm5-v5profit50,reset_mark,2023-06-08,0.020787918332528844
year2022,P-confirm5-v5profit50,reset_mark,2023-06-09,0.0038568584801451423
year2022,P-confirm5-v5profit50,reset_mark,2023-06-12,0.005707672865524582
year2022,P-confirm5-v5profit50,reset_mark,2023-06-13,0.01504910339740535
year2022,P-confirm5-v5profit50,reset_mark,2023-06-14,0.013690924054684351
year2022,P-confirm5-v5profit50,reset_mark,2023-06-15,0.03121401698843691
year2022,P-confirm5-v5profit50,reset_mark,2023-06-16,0.001978598941807652
year2022,P-confirm5-v5profit50,reset_mark,2023-06-20,-0.008906556504544094
year2022,P-confirm5-v5profit50,reset_mark,2023-06-21,-0.029157009941396826
year2022,P-confirm5-v5profit50,reset_mark,2023-06-22,0.016996778563676828
year2022,P-confirm5-v5profit50,reset_mark,2023-06-23,-0.001212049437432372
year2022,P-confirm5-v5profit50,reset_mark,2023-06-26,-0.008539960393055723
year2022,P-confirm5-v5profit50,reset_mark,2023-06-27,0.00631838604810282
year2022,P-confirm5-v5profit50,reset_mark,2023-06-28,0.007300269725369235
year2022,P-confirm5-v5profit50,reset_mark,2023-06-29,-0.005005326175037905
year2022,P-confirm5-v5profit50,reset_mark,2023-06-30,0.004618578948544538
year2022,P-confirm5-v5profit50,reset_mark,2023-07-03,4.079003469220632e-05
year2022,P-confirm5-v5profit50,reset_mark,2023-07-05,-0.0001655683822771037
year2022,P-confirm5-v5profit50,reset_mark,2023-07-06,-0.0006606514856711931
year2022,P-confirm5-v5profit50,reset_mark,2023-07-07,-0.0013553607759072771
year2022,P-confirm5-v5profit50,reset_mark,2023-07-10,-0.0007743545285504138
year2022,P-confirm5-v5profit50,reset_mark,2023-07-11,-0.00014671850152855325
year2022,P-confirm5-v5profit50,reset_mark,2023-07-12,0.002294996432037255
year2022,P-confirm5-v5profit50,reset_mark,2023-07-13,0.0030447283672450976
year2022,P-confirm5-v5profit50,reset_mark,2023-07-14,-0.0011276969977320529
year2022,P-confirm5-v5profit50,reset_mark,2023-07-17,0.001983938350837988
year2022,P-confirm5-v5profit50,reset_mark,2023-07-18,0.009479363687843434
year2022,P-confirm5-v5profit50,reset_mark,2023-07-19,-0.0040767632155373264
year2022,P-confirm5-v5profit50,reset_mark,2023-07-20,-0.01564089447850401
year2022,P-confirm5-v5profit50,reset_mark,2023-07-21,-0.0019301624286126363
year2022,P-confirm5-v5profit50,reset_mark,2023-07-24,0.0005933074336979205
year2022,P-confirm5-v5profit50,reset_mark,2023-07-25,0.0015445044848097721
year2022,P-confirm5-v5profit50,reset_mark,2023-07-26,-0.004939816402651909
year2022,P-confirm5-v5profit50,reset_mark,2023-07-27,-0.004334824781887148
year2022,P-confirm5-v5profit50,reset_mark,2023-07-28,0.0027910052032474875
year2022,P-confirm5-v5profit50,reset_mark,2023-07-31,-0.0007240540605867541
year2022,P-confirm5-v5profit50,reset_mark,2023-08-01,0.00012502467652069081
year2022,P-confirm5-v5profit50,reset_mark,2023-08-02,-0.00262829173875887
year2022,P-confirm5-v5profit50,reset_mark,2023-08-03,-0.00025648743141698516
year2022,P-confirm5-v5profit50,reset_mark,2023-08-04,0.00034286264147171953
year2022,P-confirm5-v5profit50,reset_mark,2023-08-07,0.0007108385444331234
year2022,P-confirm5-v5profit50,reset_mark,2023-08-08,0.0034804211269733208
year2022,P-confirm5-v5profit50,reset_mark,2023-08-09,-0.0014176935596923678
year2022,P-confirm5-v5profit50,reset_mark,2023-08-10,0.018967228485147602
year2022,P-confirm5-v5profit50,reset_mark,2023-08-11,-0.014791221846421333
year2022,P-confirm5-v5profit50,reset_mark,2023-08-14,0.0207179046318841
year2022,P-confirm5-v5profit50,reset_mark,2023-08-15,-0.0010096920951715548
year2022,P-confirm5-v5profit50,reset_mark,2023-08-16,-0.012353544703046703
year2022,P-confirm5-v5profit50,reset_mark,2023-08-17,-0.0018660786412447062
year2022,P-confirm5-v5profit50,reset_mark,2023-08-18,-0.005269149321958844
year2022,P-confirm5-v5profit50,reset_mark,2023-08-21,0.03164045184661424
year2022,P-confirm5-v5profit50,reset_mark,2023-08-22,0.005084551354825195
year2022,P-confirm5-v5profit50,reset_mark,2023-08-23,-0.0002320849874110742
year2022,P-confirm5-v5profit50,reset_mark,2023-08-24,-0.012672301399263874
year2022,P-confirm5-v5profit50,reset_mark,2023-08-25,-0.007505390547851288
year2022,P-confirm5-v5profit50,carry_mark,2022-08-29,-0.0028969056639751023
year2022,P-confirm5-v5profit50,carry_mark,2022-08-30,-0.008072531244201675
year2022,P-confirm5-v5profit50,carry_mark,2022-08-31,0.006315623897797673
year2022,P-confirm5-v5profit50,carry_mark,2022-09-01,-0.0034266060942455545
year2022,P-confirm5-v5profit50,carry_mark,2022-09-02,-0.006213204337382849
year2022,P-confirm5-v5profit50,carry_mark,2022-09-06,-0.005831817033679243
year2022,P-confirm5-v5profit50,carry_mark,2022-09-07,0.0002855810868112707
year2022,P-confirm5-v5profit50,carry_mark,2022-09-08,0.0
year2022,P-confirm5-v5profit50,carry_mark,2022-09-09,0.0
year2022,P-confirm5-v5profit50,carry_mark,2022-09-12,0.0
year2022,P-confirm5-v5profit50,carry_mark,2022-09-13,0.0
year2022,P-confirm5-v5profit50,carry_mark,2022-09-14,0.0
year2022,P-confirm5-v5profit50,carry_mark,2022-09-15,0.0
year2022,P-confirm5-v5profit50,carry_mark,2022-09-16,0.0
year2022,P-confirm5-v5profit50,carry_mark,2022-09-19,0.0
year2022,P-confirm5-v5profit50,carry_mark,2022-09-20,0.0
year2022,P-confirm5-v5profit50,carry_mark,2022-09-21,0.0
year2022,P-confirm5-v5profit50,carry_mark,2022-09-22,0.0
year2022,P-confirm5-v5profit50,carry_mark,2022-09-23,0.0
year2022,P-confirm5-v5profit50,carry_mark,2022-09-26,0.0
year2022,P-confirm5-v5profit50,carry_mark,2022-09-27,0.0
year2022,P-confirm5-v5profit50,carry_mark,2022-09-28,0.0
year2022,P-confirm5-v5profit50,carry_mark,2022-09-29,0.0
year2022,P-confirm5-v5profit50,carry_mark,2022-09-30,0.0
year2022,P-confirm5-v5profit50,carry_mark,2022-10-03,0.0
year2022,P-confirm5-v5profit50,carry_mark,2022-10-04,0.0
year2022,P-confirm5-v5profit50,carry_mark,2022-10-05,0.0
year2022,P-confirm5-v5profit50,carry_mark,2022-10-06,0.0
year2022,P-confirm5-v5profit50,carry_mark,2022-10-07,0.0
year2022,P-confirm5-v5profit50,carry_mark,2022-10-10,0.0
year2022,P-confirm5-v5profit50,carry_mark,2022-10-11,0.0
year2022,P-confirm5-v5profit50,carry_mark,2022-10-12,0.0
year2022,P-confirm5-v5profit50,carry_mark,2022-10-13,0.0
year2022,P-confirm5-v5profit50,carry_mark,2022-10-14,-0.01972387435530636
year2022,P-confirm5-v5profit50,carry_mark,2022-10-17,0.01854862160336328
year2022,P-confirm5-v5profit50,carry_mark,2022-10-18,0.00038029517838921166
year2022,P-confirm5-v5profit50,carry_mark,2022-10-19,-0.013982344413236803
year2022,P-confirm5-v5profit50,carry_mark,2022-10-20,-0.00047175495461944107
year2022,P-confirm5-v5profit50,carry_mark,2022-10-21,0.008834612356483928
year2022,P-confirm5-v5profit50,carry_mark,2022-10-24,-0.0263638490808474
year2022,P-confirm5-v5profit50,carry_mark,2022-10-25,0.012414322686174817
year2022,P-confirm5-v5profit50,carry_mark,2022-10-26,-0.006607509486069763
year2022,P-confirm5-v5profit50,carry_mark,2022-10-27,-0.005508077581122239
year2022,P-confirm5-v5profit50,carry_mark,2022-10-28,0.00904521263568434
year2022,P-confirm5-v5profit50,carry_mark,2022-10-31,-0.0034562372228127414
year2022,P-confirm5-v5profit50,carry_mark,2022-11-01,-0.0031026159952008635
year2022,P-confirm5-v5profit50,carry_mark,2022-11-02,-0.010344828946187823
year2022,P-confirm5-v5profit50,carry_mark,2022-11-03,-0.005769242612733561
year2022,P-confirm5-v5profit50,carry_mark,2022-11-04,0.005608576230622164
year2022,P-confirm5-v5profit50,carry_mark,2022-11-07,0.0
year2022,P-confirm5-v5profit50,carry_mark,2022-11-08,0.0017868800499873494
year2022,P-confirm5-v5profit50,carry_mark,2022-11-09,-0.011980775391914954
year2022,P-confirm5-v5profit50,carry_mark,2022-11-10,0.017706712260532508
year2022,P-confirm5-v5profit50,carry_mark,2022-11-11,0.022052318114762583
year2022,P-confirm5-v5profit50,carry_mark,2022-11-14,0.003627150716903249
year2022,P-confirm5-v5profit50,carry_mark,2022-11-15,0.022623063552984712
year2022,P-confirm5-v5profit50,carry_mark,2022-11-16,-0.013517658902956985
year2022,P-confirm5-v5profit50,carry_mark,2022-11-17,-0.0006640449971853868
year2022,P-confirm5-v5profit50,carry_mark,2022-11-18,-0.012768949341973302
year2022,P-confirm5-v5profit50,carry_mark,2022-11-21,-0.009172377567160018
year2022,P-confirm5-v5profit50,carry_mark,2022-11-22,-0.0008471442149169284
year2022,P-confirm5-v5profit50,carry_mark,2022-11-23,0.00643237510764294
year2022,P-confirm5-v5profit50,carry_mark,2022-11-25,-0.0032258803493833478
year2022,P-confirm5-v5profit50,carry_mark,2022-11-28,-0.004052541905729523
year2022,P-confirm5-v5profit50,carry_mark,2022-11-29,-0.0032716887405709327
year2022,P-confirm5-v5profit50,carry_mark,2022-11-30,0.013387658015124449
year2022,P-confirm5-v5profit50,carry_mark,2022-12-01,0.011533429077014157
year2022,P-confirm5-v5profit50,carry_mark,2022-12-02,-0.0016998179649078682
year2022,P-confirm5-v5profit50,carry_mark,2022-12-05,-0.015649757228278792
year2022,P-confirm5-v5profit50,carry_mark,2022-12-06,-0.002879417444050858
year2022,P-confirm5-v5profit50,carry_mark,2022-12-07,-0.0017810126923354485
year2022,P-confirm5-v5profit50,carry_mark,2022-12-08,0.004225349657375499
year2022,P-confirm5-v5profit50,carry_mark,2022-12-09,0.0033079765525869443
year2022,P-confirm5-v5profit50,carry_mark,2022-12-12,-0.01027809034588193
year2022,P-confirm5-v5profit50,carry_mark,2022-12-13,0.013001441927561374
year2022,P-confirm5-v5profit50,carry_mark,2022-12-14,-0.003494896366416822
year2022,P-confirm5-v5profit50,carry_mark,2022-12-15,-0.0038352387502257113
year2022,P-confirm5-v5profit50,carry_mark,2022-12-16,-0.004858919070880185
year2022,P-confirm5-v5profit50,carry_mark,2022-12-19,-0.003293329668611
year2022,P-confirm5-v5profit50,carry_mark,2022-12-20,-0.0058016498086379655
year2022,P-confirm5-v5profit50,carry_mark,2022-12-21,0.004939669187201301
year2022,P-confirm5-v5profit50,carry_mark,2022-12-22,-0.004347533139906301
year2022,P-confirm5-v5profit50,carry_mark,2022-12-23,-0.0013393101727003254
year2022,P-confirm5-v5profit50,carry_mark,2022-12-27,-0.0005271217830691399
year2022,P-confirm5-v5profit50,carry_mark,2022-12-28,0.00047909675408459585
year2022,P-confirm5-v5profit50,carry_mark,2022-12-29,0.0028608631456806368
year2022,P-confirm5-v5profit50,carry_mark,2022-12-30,0.0008147129958838261
year2022,P-confirm5-v5profit50,carry_mark,2023-01-03,-0.005601221723694727
year2022,P-confirm5-v5profit50,carry_mark,2023-01-04,0.003591880497852873
year2022,P-confirm5-v5profit50,carry_mark,2023-01-05,-0.0014343798684717467
year2022,P-confirm5-v5profit50,carry_mark,2023-01-06,0.0008275405745659103
year2022,P-confirm5-v5profit50,carry_mark,2023-01-09,0.0001805656823010704
year2022,P-confirm5-v5profit50,carry_mark,2023-01-10,0.0033262373170533043
year2022,P-confirm5-v5profit50,carry_mark,2023-01-11,0.0029971384931680055
year2022,P-confirm5-v5profit50,carry_mark,2023-01-12,-0.0017604070540971795
year2022,P-confirm5-v5profit50,carry_mark,2023-01-13,0.01136675731898984
year2022,P-confirm5-v5profit50,carry_mark,2023-01-17,-0.0006330293960829292
year2022,P-confirm5-v5profit50,carry_mark,2023-01-18,-0.016016017555292493
year2022,P-confirm5-v5profit50,carry_mark,2023-01-19,-0.008462074533997188
year2022,P-confirm5-v5profit50,carry_mark,2023-01-20,0.02918304949827414
year2022,P-confirm5-v5profit50,carry_mark,2023-01-23,0.02265457428313027
year2022,P-confirm5-v5profit50,carry_mark,2023-01-24,-0.003821392610944907
year2022,P-confirm5-v5profit50,carry_mark,2023-01-25,-0.0025085479684261334
year2022,P-confirm5-v5profit50,carry_mark,2023-01-26,0.02616609315218481
year2022,P-confirm5-v5profit50,carry_mark,2023-01-27,0.0159062918103986
year2022,P-confirm5-v5profit50,carry_mark,2023-01-30,-0.031919181335155936
year2022,P-confirm5-v5profit50,carry_mark,2023-01-31,0.0012127676873934013
year2022,P-confirm5-v5profit50,carry_mark,2023-02-01,0.009468775478351909
year2022,P-confirm5-v5profit50,carry_mark,2023-02-02,0.01154689445894439
year2022,P-confirm5-v5profit50,carry_mark,2023-02-03,-0.007381546098435565
year2022,P-confirm5-v5profit50,carry_mark,2023-02-06,0.0002441889851090728
year2022,P-confirm5-v5profit50,carry_mark,2023-02-07,0.0010525791279409225
year2022,P-confirm5-v5profit50,carry_mark,2023-02-08,0.002276304955598252
year2022,P-confirm5-v5profit50,carry_mark,2023-02-09,0.0029956849516678654
year2022,P-confirm5-v5profit50,carry_mark,2023-02-10,-0.005030873801899538
year2022,P-confirm5-v5profit50,carry_mark,2023-02-13,-0.0013532537087366902
year2022,P-confirm5-v5profit50,carry_mark,2023-02-14,0.0
year2022,P-confirm5-v5profit50,carry_mark,2023-02-15,0.0
year2022,P-confirm5-v5profit50,carry_mark,2023-02-16,0.0
year2022,P-confirm5-v5profit50,carry_mark,2023-02-17,0.0
year2022,P-confirm5-v5profit50,carry_mark,2023-02-21,0.0
year2022,P-confirm5-v5profit50,carry_mark,2023-02-22,0.0
year2022,P-confirm5-v5profit50,carry_mark,2023-02-23,0.0
year2022,P-confirm5-v5profit50,carry_mark,2023-02-24,0.0
year2022,P-confirm5-v5profit50,carry_mark,2023-02-27,0.0
year2022,P-confirm5-v5profit50,carry_mark,2023-02-28,0.0
year2022,P-confirm5-v5profit50,carry_mark,2023-03-01,0.0
year2022,P-confirm5-v5profit50,carry_mark,2023-03-02,0.0
year2022,P-confirm5-v5profit50,carry_mark,2023-03-03,0.0
year2022,P-confirm5-v5profit50,carry_mark,2023-03-06,0.0
year2022,P-confirm5-v5profit50,carry_mark,2023-03-07,0.0
year2022,P-confirm5-v5profit50,carry_mark,2023-03-08,0.0
year2022,P-confirm5-v5profit50,carry_mark,2023-03-09,0.0
year2022,P-confirm5-v5profit50,carry_mark,2023-03-10,0.0
year2022,P-confirm5-v5profit50,carry_mark,2023-03-13,0.0
year2022,P-confirm5-v5profit50,carry_mark,2023-03-14,0.0
year2022,P-confirm5-v5profit50,carry_mark,2023-03-15,0.0
year2022,P-confirm5-v5profit50,carry_mark,2023-03-16,0.0
year2022,P-confirm5-v5profit50,carry_mark,2023-03-17,0.0
year2022,P-confirm5-v5profit50,carry_mark,2023-03-20,0.0
year2022,P-confirm5-v5profit50,carry_mark,2023-03-21,0.0
year2022,P-confirm5-v5profit50,carry_mark,2023-03-22,0.0
year2022,P-confirm5-v5profit50,carry_mark,2023-03-23,0.0
year2022,P-confirm5-v5profit50,carry_mark,2023-03-24,0.0
year2022,P-confirm5-v5profit50,carry_mark,2023-03-27,-6.64577191686333e-05
year2022,P-confirm5-v5profit50,carry_mark,2023-03-28,-0.001263497725687812
year2022,P-confirm5-v5profit50,carry_mark,2023-03-29,0.003079334206671458
year2022,P-confirm5-v5profit50,carry_mark,2023-03-30,0.0073920104163430755
year2022,P-confirm5-v5profit50,carry_mark,2023-03-31,0.016590931268775734
year2022,P-confirm5-v5profit50,carry_mark,2023-04-03,0.004430369043533356
year2022,P-confirm5-v5profit50,carry_mark,2023-04-04,-0.0039327478801751805
year2022,P-confirm5-v5profit50,carry_mark,2023-04-05,-0.005793815079086373
year2022,P-confirm5-v5profit50,carry_mark,2023-04-06,0.0005396671100548533
year2022,P-confirm5-v5profit50,carry_mark,2023-04-10,0.003638115387587604
year2022,P-confirm5-v5profit50,carry_mark,2023-04-11,0.0024726074062450753
year2022,P-confirm5-v5profit50,carry_mark,2023-04-12,-0.0012457448431195894
year2022,P-confirm5-v5profit50,carry_mark,2023-04-13,0.001536166336011835
year2022,P-confirm5-v5profit50,carry_mark,2023-04-14,-0.007116514819488484
year2022,P-confirm5-v5profit50,carry_mark,2023-04-17,0.0015566284897158612
year2022,P-confirm5-v5profit50,carry_mark,2023-04-18,0.0007511612359413888
year2022,P-confirm5-v5profit50,carry_mark,2023-04-19,-0.0016438807103072773
year2022,P-confirm5-v5profit50,carry_mark,2023-04-20,-0.005467082096411169
year2022,P-confirm5-v5profit50,carry_mark,2023-04-21,0.0018071092101553665
year2022,P-confirm5-v5profit50,carry_mark,2023-04-24,0.0005004448311666909
year2022,P-confirm5-v5profit50,carry_mark,2023-04-25,-0.011440129911350672
year2022,P-confirm5-v5profit50,carry_mark,2023-04-26,0.0022630981852373886
year2022,P-confirm5-v5profit50,carry_mark,2023-04-27,0.0014634824270334467
year2022,P-confirm5-v5profit50,carry_mark,2023-04-28,0.0022200875083641103
year2022,P-confirm5-v5profit50,carry_mark,2023-05-01,-0.0023077591566806554
year2022,P-confirm5-v5profit50,carry_mark,2023-05-02,-0.004738528998127767
year2022,P-confirm5-v5profit50,carry_mark,2023-05-03,-0.0017489818905286447
year2022,P-confirm5-v5profit50,carry_mark,2023-05-04,-0.00032074367396977
year2022,P-confirm5-v5profit50,carry_mark,2023-05-05,0.004262559435918245
year2022,P-confirm5-v5profit50,carry_mark,2023-05-08,0.0019742248752856574
year2022,P-confirm5-v5profit50,carry_mark,2023-05-09,0.001339430248462059
year2022,P-confirm5-v5profit50,carry_mark,2023-05-10,0.005494955414782221
year2022,P-confirm5-v5profit50,carry_mark,2023-05-11,-0.00548742455562431
year2022,P-confirm5-v5profit50,carry_mark,2023-05-12,-0.0029497823368640264
year2022,P-confirm5-v5profit50,carry_mark,2023-05-15,-0.003976840381292257
year2022,P-confirm5-v5profit50,carry_mark,2023-05-16,0.005587458442052939
year2022,P-confirm5-v5profit50,carry_mark,2023-05-17,0.003163669701130578
year2022,P-confirm5-v5profit50,carry_mark,2023-05-18,0.011229999086305353
year2022,P-confirm5-v5profit50,carry_mark,2023-05-19,-0.003939361666062147
year2022,P-confirm5-v5profit50,carry_mark,2023-05-22,0.0031728976187817893
year2022,P-confirm5-v5profit50,carry_mark,2023-05-23,-0.006049753196017016
year2022,P-confirm5-v5profit50,carry_mark,2023-05-24,0.004367166584109872
year2022,P-confirm5-v5profit50,carry_mark,2023-05-25,0.0016742110622448348
year2022,P-confirm5-v5profit50,carry_mark,2023-05-26,0.016247590436893233
year2022,P-confirm5-v5profit50,carry_mark,2023-05-30,0.02426944691224666
year2022,P-confirm5-v5profit50,carry_mark,2023-05-31,-0.0037571298784773053
year2022,P-confirm5-v5profit50,carry_mark,2023-06-01,0.0028243017978595965
year2022,P-confirm5-v5profit50,carry_mark,2023-06-02,0.0029030141129136157
year2022,P-confirm5-v5profit50,carry_mark,2023-06-05,0.006846041084988897
year2022,P-confirm5-v5profit50,carry_mark,2023-06-06,0.015270880569484346
year2022,P-confirm5-v5profit50,carry_mark,2023-06-07,-0.01018311995470469
year2022,P-confirm5-v5profit50,carry_mark,2023-06-08,0.0207879183325288
year2022,P-confirm5-v5profit50,carry_mark,2023-06-09,0.003856858480145153
year2022,P-confirm5-v5profit50,carry_mark,2023-06-12,0.005707672865524582
year2022,P-confirm5-v5profit50,carry_mark,2023-06-13,0.015049103397405372
year2022,P-confirm5-v5profit50,carry_mark,2023-06-14,0.013690924054684372
year2022,P-confirm5-v5profit50,carry_mark,2023-06-15,0.03121401698843691
year2022,P-confirm5-v5profit50,carry_mark,2023-06-16,0.001978598941807608
year2022,P-confirm5-v5profit50,carry_mark,2023-06-20,-0.008906556504544094
year2022,P-confirm5-v5profit50,carry_mark,2023-06-21,-0.02915700994139687
year2022,P-confirm5-v5profit50,carry_mark,2023-06-22,0.016996778563676863
year2022,P-confirm5-v5profit50,carry_mark,2023-06-23,-0.001212049437432361
year2022,P-confirm5-v5profit50,carry_mark,2023-06-26,-0.008539960393055712
year2022,P-confirm5-v5profit50,carry_mark,2023-06-27,0.00631838604810282
year2022,P-confirm5-v5profit50,carry_mark,2023-06-28,0.007300269725369235
year2022,P-confirm5-v5profit50,carry_mark,2023-06-29,-0.005005326175037894
year2022,P-confirm5-v5profit50,carry_mark,2023-06-30,0.004618578948544538
year2022,P-confirm5-v5profit50,carry_mark,2023-07-03,4.079003469219522e-05
year2022,P-confirm5-v5profit50,carry_mark,2023-07-05,-0.00016556838227712589
year2022,P-confirm5-v5profit50,carry_mark,2023-07-06,-0.0006606514856712153
year2022,P-confirm5-v5profit50,carry_mark,2023-07-07,-0.0013553607759072771
year2022,P-confirm5-v5profit50,carry_mark,2023-07-10,-0.0007743545285504138
year2022,P-confirm5-v5profit50,carry_mark,2023-07-11,-0.00014671850152855325
year2022,P-confirm5-v5profit50,carry_mark,2023-07-12,0.002294996432037233
year2022,P-confirm5-v5profit50,carry_mark,2023-07-13,0.0030447283672450976
year2022,P-confirm5-v5profit50,carry_mark,2023-07-14,-0.001127696997732086
year2022,P-confirm5-v5profit50,carry_mark,2023-07-17,0.001983938350837988
year2022,P-confirm5-v5profit50,carry_mark,2023-07-18,0.009479363687843434
year2022,P-confirm5-v5profit50,carry_mark,2023-07-19,-0.0040767632155372935
year2022,P-confirm5-v5profit50,carry_mark,2023-07-20,-0.01564089447850403
year2022,P-confirm5-v5profit50,carry_mark,2023-07-21,-0.001930162428612625
year2022,P-confirm5-v5profit50,carry_mark,2023-07-24,0.0005933074336978983
year2022,P-confirm5-v5profit50,carry_mark,2023-07-25,0.0015445044848097945
year2022,P-confirm5-v5profit50,carry_mark,2023-07-26,-0.00493981640265192
year2022,P-confirm5-v5profit50,carry_mark,2023-07-27,-0.004334824781887137
year2022,P-confirm5-v5profit50,carry_mark,2023-07-28,0.0027910052032474875
year2022,P-confirm5-v5profit50,carry_mark,2023-07-31,-0.0007240540605867318
year2022,P-confirm5-v5profit50,carry_mark,2023-08-01,0.00012502467652069081
year2022,P-confirm5-v5profit50,carry_mark,2023-08-02,-0.00262829173875887
year2022,P-confirm5-v5profit50,carry_mark,2023-08-03,-0.00025648743141698516
year2022,P-confirm5-v5profit50,carry_mark,2023-08-04,0.00034286264147171953
year2022,P-confirm5-v5profit50,carry_mark,2023-08-07,0.0007108385444331011
year2022,P-confirm5-v5profit50,carry_mark,2023-08-08,0.0034804211269733208
year2022,P-confirm5-v5profit50,carry_mark,2023-08-09,-0.0014176935596923678
year2022,P-confirm5-v5profit50,carry_mark,2023-08-10,0.018967228485147602
year2022,P-confirm5-v5profit50,carry_mark,2023-08-11,-0.014791221846421343
year2022,P-confirm5-v5profit50,carry_mark,2023-08-14,0.02071790463188412
year2022,P-confirm5-v5profit50,carry_mark,2023-08-15,-0.0010096920951715438
year2022,P-confirm5-v5profit50,carry_mark,2023-08-16,-0.012353544703046703
year2022,P-confirm5-v5profit50,carry_mark,2023-08-17,-0.0018660786412446951
year2022,P-confirm5-v5profit50,carry_mark,2023-08-18,-0.005269149321958833
year2022,P-confirm5-v5profit50,carry_mark,2023-08-21,0.03164045184661424
year2022,P-confirm5-v5profit50,carry_mark,2023-08-22,0.0050845513548252175
year2022,P-confirm5-v5profit50,carry_mark,2023-08-23,-0.0002320849874111075
year2022,P-confirm5-v5profit50,carry_mark,2023-08-24,-0.012672301399263864
year2022,P-confirm5-v5profit50,carry_mark,2023-08-25,-0.007505390547851276
year2023,v5,reset_liquidate,2023-08-28,0.0
year2023,v5,reset_liquidate,2023-08-29,0.0
year2023,v5,reset_liquidate,2023-08-30,0.0
year2023,v5,reset_liquidate,2023-08-31,0.0
year2023,v5,reset_liquidate,2023-09-01,-0.0007445188038267992
year2023,v5,reset_liquidate,2023-09-05,0.001464223978193946
year2023,v5,reset_liquidate,2023-09-06,-0.001185844730672514
year2023,v5,reset_liquidate,2023-09-07,0.0014921523669821468
year2023,v5,reset_liquidate,2023-09-08,0.0038225730420034633
year2023,v5,reset_liquidate,2023-09-11,0.002542935401209623
year2023,v5,reset_liquidate,2023-09-12,-0.0019627410083031703
year2023,v5,reset_liquidate,2023-09-13,-0.0008931280206260217
year2023,v5,reset_liquidate,2023-09-14,-0.0014273622006913955
year2023,v5,reset_liquidate,2023-09-15,-0.00034973130468266553
year2023,v5,reset_liquidate,2023-09-18,-0.0005911007279234326
year2023,v5,reset_liquidate,2023-09-19,-0.0010591461674826163
year2023,v5,reset_liquidate,2023-09-20,-0.0006948795368603266
year2023,v5,reset_liquidate,2023-09-21,-0.006051822358958891
year2023,v5,reset_liquidate,2023-09-22,0.00044957268632708216
year2023,v5,reset_liquidate,2023-09-25,2.6725815455908018e-05
year2023,v5,reset_liquidate,2023-09-26,-0.0017964487396316176
year2023,v5,reset_liquidate,2023-09-27,0.00031962000064542637
year2023,v5,reset_liquidate,2023-09-28,0.002440340794783058
year2023,v5,reset_liquidate,2023-09-29,0.0010918536319392657
year2023,v5,reset_liquidate,2023-10-02,-0.00104733001163112
year2023,v5,reset_liquidate,2023-10-03,-0.0015743897014225295
year2023,v5,reset_liquidate,2023-10-04,0.0021305286449191827
year2023,v5,reset_liquidate,2023-10-05,-0.0011253004990234294
year2023,v5,reset_liquidate,2023-10-06,0.006455904790843392
year2023,v5,reset_liquidate,2023-10-09,0.0011628637985866552
year2023,v5,reset_liquidate,2023-10-10,0.0020561922147582347
year2023,v5,reset_liquidate,2023-10-11,0.0023800862928549773
year2023,v5,reset_liquidate,2023-10-12,-0.009710144393584086
year2023,v5,reset_liquidate,2023-10-13,-0.007802476064513763
year2023,v5,reset_liquidate,2023-10-16,0.00864311383657168
year2023,v5,reset_liquidate,2023-10-17,-0.004922656737702935
year2023,v5,reset_liquidate,2023-10-18,-0.013281507350181198
year2023,v5,reset_liquidate,2023-10-19,-0.0075282025405222445
year2023,v5,reset_liquidate,2023-10-20,-0.014531114166937231
year2023,v5,reset_liquidate,2023-10-23,0.003843208729694214
year2023,v5,reset_liquidate,2023-10-24,0.013914850385460675
year2023,v5,reset_liquidate,2023-10-25,-0.02012609910074332
year2023,v5,reset_liquidate,2023-10-26,-0.008561050595057273
year2023,v5,reset_liquidate,2023-10-27,0.0033406468650115984
year2023,v5,reset_liquidate,2023-10-30,0.006791820762849987
year2023,v5,reset_liquidate,2023-10-31,-0.003118632794374221
year2023,v5,reset_liquidate,2023-11-01,3.6055306684579234e-05
year2023,v5,reset_liquidate,2023-11-02,0.003331441080381259
year2023,v5,reset_liquidate,2023-11-03,0.019820227847584925
year2023,v5,reset_liquidate,2023-11-06,-0.009586929448784342
year2023,v5,reset_liquidate,2023-11-07,0.011858610989432316
year2023,v5,reset_liquidate,2023-11-08,-0.005565067789443823
year2023,v5,reset_liquidate,2023-11-09,-0.008612385892476693
year2023,v5,reset_liquidate,2023-11-10,0.005442702069304095
year2023,v5,reset_liquidate,2023-11-13,0.0022398441409384852
year2023,v5,reset_liquidate,2023-11-14,0.017293928512948132
year2023,v5,reset_liquidate,2023-11-15,0.011498953654383725
year2023,v5,reset_liquidate,2023-11-16,-0.011963642622701165
year2023,v5,reset_liquidate,2023-11-17,-8.914382082214622e-06
year2023,v5,reset_liquidate,2023-11-20,0.014555462999352353
year2023,v5,reset_liquidate,2023-11-21,-0.007868567788877534
year2023,v5,reset_liquidate,2023-11-22,0.004346633884090156
year2023,v5,reset_liquidate,2023-11-24,0.003071779302995581
year2023,v5,reset_liquidate,2023-11-27,-0.005821726398585458
year2023,v5,reset_liquidate,2023-11-28,-0.0021099145639854157
year2023,v5,reset_liquidate,2023-11-29,-0.0047186011038988455
year2023,v5,reset_liquidate,2023-11-30,0.005611817305440125
year2023,v5,reset_liquidate,2023-12-01,9.380560977381158e-05
year2023,v5,reset_liquidate,2023-12-04,-0.0012391961289680675
year2023,v5,reset_liquidate,2023-12-05,-0.0028518327749567085
year2023,v5,reset_liquidate,2023-12-06,0.00020595958664660908
year2023,v5,reset_liquidate,2023-12-07,0.001912774634114689
year2023,v5,reset_liquidate,2023-12-08,0.0026459884020338274
year2023,v5,reset_liquidate,2023-12-11,0.004659331796101629
year2023,v5,reset_liquidate,2023-12-12,-0.0038939359190005686
year2023,v5,reset_liquidate,2023-12-13,0.005966444053434494
year2023,v5,reset_liquidate,2023-12-14,0.009327524335008474
year2023,v5,reset_liquidate,2023-12-15,-0.00028336729604424573
year2023,v5,reset_liquidate,2023-12-18,0.002272363651264808
year2023,v5,reset_liquidate,2023-12-19,0.006152369027169624
year2023,v5,reset_liquidate,2023-12-20,-0.006798372228746186
year2023,v5,reset_liquidate,2023-12-21,0.007536544321443839
year2023,v5,reset_liquidate,2023-12-22,0.0025360142509952997
year2023,v5,reset_liquidate,2023-12-26,0.004958478382425513
year2023,v5,reset_liquidate,2023-12-27,0.0036909754685389594
year2023,v5,reset_liquidate,2023-12-28,-0.0009180469005041214
year2023,v5,reset_liquidate,2023-12-29,-0.001180146751535216
year2023,v5,reset_liquidate,2024-01-02,0.0020702892410656482
year2023,v5,reset_liquidate,2024-01-03,-0.0005443910710398181
year2023,v5,reset_liquidate,2024-01-04,-0.003010182239638115
year2023,v5,reset_liquidate,2024-01-05,0.0004684975947870873
year2023,v5,reset_liquidate,2024-01-08,0.0026966976869134073
year2023,v5,reset_liquidate,2024-01-09,-0.011216563893756925
year2023,v5,reset_liquidate,2024-01-10,-0.001609153235058469
year2023,v5,reset_liquidate,2024-01-11,0.004813983544777645
year2023,v5,reset_liquidate,2024-01-12,-0.001930321273843716
year2023,v5,reset_liquidate,2024-01-16,-0.015238489059751581
year2023,v5,reset_liquidate,2024-01-17,-0.012791294657284912
year2023,v5,reset_liquidate,2024-01-18,-0.00023875289446737558
year2023,v5,reset_liquidate,2024-01-19,0.00014962397084262725
year2023,v5,reset_liquidate,2024-01-22,0.0005714897753945402
year2023,v5,reset_liquidate,2024-01-23,0.0035608161783681203
year2023,v5,reset_liquidate,2024-01-24,0.009908440164504994
year2023,v5,reset_liquidate,2024-01-25,0.004825205633490093
year2023,v5,reset_liquidate,2024-01-26,0.0005255508853768242
year2023,v5,reset_liquidate,2024-01-29,0.0039175402839475735
year2023,v5,reset_liquidate,2024-01-30,-0.004507927936581913
year2023,v5,reset_liquidate,2024-01-31,-0.0011619099083310046
year2023,v5,reset_liquidate,2024-02-01,-0.0014061931575855779
year2023,v5,reset_liquidate,2024-02-02,-0.0020407558485104004
year2023,v5,reset_liquidate,2024-02-05,-0.002518467928257495
year2023,v5,reset_liquidate,2024-02-06,0.0036548988420638585
year2023,v5,reset_liquidate,2024-02-07,-0.00011453781971018095
year2023,v5,reset_liquidate,2024-02-08,-0.0058174290081074
year2023,v5,reset_liquidate,2024-02-09,-0.006173548223187641
year2023,v5,reset_liquidate,2024-02-12,-0.000718185922929837
year2023,v5,reset_liquidate,2024-02-13,-0.0005969349897218202
year2023,v5,reset_liquidate,2024-02-14,0.004474138007536821
year2023,v5,reset_liquidate,2024-02-15,0.002439027923481896
year2023,v5,reset_liquidate,2024-02-16,-0.0016024672309242316
year2023,v5,reset_liquidate,2024-02-20,-0.0015104032238519526
year2023,v5,reset_liquidate,2024-02-21,-0.0003094976827801799
year2023,v5,reset_liquidate,2024-02-22,0.0026371344933135755
year2023,v5,reset_liquidate,2024-02-23,-0.0008343690045913621
year2023,v5,reset_liquidate,2024-02-26,0.0007008712108212522
year2023,v5,reset_liquidate,2024-02-27,0.002385774596796897
year2023,v5,reset_liquidate,2024-02-28,-0.0008626007756071363
year2023,v5,reset_liquidate,2024-02-29,0.0010796690918893237
year2023,v5,reset_liquidate,2024-03-01,0.0027234098984978638
year2023,v5,reset_liquidate,2024-03-04,-0.0005667289946196142
year2023,v5,reset_liquidate,2024-03-05,-0.002814091070314251
year2023,v5,reset_liquidate,2024-03-06,-0.0001353341171362543
year2023,v5,reset_liquidate,2024-03-07,0.0018103041948010824
year2023,v5,reset_liquidate,2024-03-08,-0.0006064046364891551
year2023,v5,reset_liquidate,2024-03-11,-0.000643166477588486
year2023,v5,reset_liquidate,2024-03-12,0.0016890540156144108
year2023,v5,reset_liquidate,2024-03-13,-0.00026674414086786947
year2023,v5,reset_liquidate,2024-03-14,0.0005841315853680306
year2023,v5,reset_liquidate,2024-03-15,-0.002188503614376958
year2023,v5,reset_liquidate,2024-03-18,0.00666881615500634
year2023,v5,reset_liquidate,2024-03-19,-6.011666946916794e-05
year2023,v5,reset_liquidate,2024-03-20,0.002282663421832831
year2023,v5,reset_liquidate,2024-03-21,-0.0015598246485662103
year2023,v5,reset_liquidate,2024-03-22,0.002998811686723002
year2023,v5,reset_liquidate,2024-03-25,-0.0005518600192694123
year2023,v5,reset_liquidate,2024-03-26,0.0006834929668736889
year2023,v5,reset_liquidate,2024-03-27,-0.0023639228888951203
year2023,v5,reset_liquidate,2024-03-28,-0.0009707760591970094
year2023,v5,reset_liquidate,2024-04-01,0.004170566334387926
year2023,v5,reset_liquidate,2024-04-02,-0.0006143899789663343
year2023,v5,reset_liquidate,2024-04-03,0.002816723154934575
year2023,v5,reset_liquidate,2024-04-04,-0.004887425719887828
year2023,v5,reset_liquidate,2024-04-05,0.004393908394472468
year2023,v5,reset_liquidate,2024-04-08,0.0003196344904475401
year2023,v5,reset_liquidate,2024-04-09,-0.0004946094242154642
year2023,v5,reset_liquidate,2024-04-10,-0.0002322742549647705
year2023,v5,reset_liquidate,2024-04-11,0.0037432095312557533
year2023,v5,reset_liquidate,2024-04-12,-0.0020001639751975665
year2023,v5,reset_liquidate,2024-04-15,-0.004337104170901529
year2023,v5,reset_liquidate,2024-04-16,0.0014109310167531252
year2023,v5,reset_liquidate,2024-04-17,-0.0005250559612883898
year2023,v5,reset_liquidate,2024-04-18,-0.002833815566427722
year2023,v5,reset_liquidate,2024-04-19,-0.006378865730962369
year2023,v5,reset_liquidate,2024-04-22,-0.006826344206293767
year2023,v5,reset_liquidate,2024-04-23,0.006609153472025953
year2023,v5,reset_liquidate,2024-04-24,-0.00700839133989416
year2023,v5,reset_liquidate,2024-04-25,-0.0019743408202590683
year2023,v5,reset_liquidate,2024-04-26,0.011374646628586293
year2023,v5,reset_liquidate,2024-04-29,-0.009489560799038722
year2023,v5,reset_liquidate,2024-04-30,-0.00930727821109394
year2023,v5,reset_liquidate,2024-05-01,-0.00042966081436123237
year2023,v5,reset_liquidate,2024-05-02,0.008676988048939016
year2023,v5,reset_liquidate,2024-05-03,0.01049498443138459
year2023,v5,reset_liquidate,2024-05-06,0.015360458671305732
year2023,v5,reset_liquidate,2024-05-07,-0.002801893589450155
year2023,v5,reset_liquidate,2024-05-08,-0.009563372729352726
year2023,v5,reset_liquidate,2024-05-09,-0.0029319109682297007
year2023,v5,reset_liquidate,2024-05-10,-0.005360754851275384
year2023,v5,reset_liquidate,2024-05-13,0.0017634186228649429
year2023,v5,reset_liquidate,2024-05-14,0.016990741199562953
year2023,v5,reset_liquidate,2024-05-15,0.0025170802745681175
year2023,v5,reset_liquidate,2024-05-16,0.0023513280978657903
year2023,v5,reset_liquidate,2024-05-17,0.008496705141773087
year2023,v5,reset_liquidate,2024-05-20,0.010071473999713842
year2023,v5,reset_liquidate,2024-05-21,0.006000332921704443
year2023,v5,reset_liquidate,2024-05-22,-0.0060917338143119835
year2023,v5,reset_liquidate,2024-05-23,-0.00804610836492894
year2023,v5,reset_liquidate,2024-05-24,0.013916658342984278
year2023,v5,reset_liquidate,2024-05-28,-0.000425038351598972
year2023,v5,reset_liquidate,2024-05-29,-0.005054362911436594
year2023,v5,reset_liquidate,2024-05-30,-0.008213421172054813
year2023,v5,reset_liquidate,2024-05-31,-0.010705859308071608
year2023,v5,reset_liquidate,2024-06-03,0.0014263052240362506
year2023,v5,reset_liquidate,2024-06-04,-0.006439547127158029
year2023,v5,reset_liquidate,2024-06-05,0.015326879130561188
year2023,v5,reset_liquidate,2024-06-06,0.00015445310887793884
year2023,v5,reset_liquidate,2024-06-07,-0.0013633587649054869
year2023,v5,reset_liquidate,2024-06-10,-0.0038356148046014616
year2023,v5,reset_liquidate,2024-06-11,0.001811330728067484
year2023,v5,reset_liquidate,2024-06-12,0.011378401943546002
year2023,v5,reset_liquidate,2024-06-13,0.00018039159529807945
year2023,v5,reset_liquidate,2024-06-14,0.002304719081853912
year2023,v5,reset_liquidate,2024-06-17,0.011035237051143666
year2023,v5,reset_liquidate,2024-06-18,-0.0023597186258396685
year2023,v5,reset_liquidate,2024-06-20,-0.016064141953883903
year2023,v5,reset_liquidate,2024-06-21,0.004171300788435817
year2023,v5,reset_liquidate,2024-06-24,-0.00634258292957417
year2023,v5,reset_liquidate,2024-06-25,0.009142016202754944
year2023,v5,reset_liquidate,2024-06-26,0.006143950378021323
year2023,v5,reset_liquidate,2024-06-27,0.003073252776375224
year2023,v5,reset_liquidate,2024-06-28,-0.003428972862342672
year2023,v5,reset_liquidate,2024-07-01,0.013651407139548145
year2023,v5,reset_liquidate,2024-07-02,0.01478315752387519
year2023,v5,reset_liquidate,2024-07-03,0.01040603848059012
year2023,v5,reset_liquidate,2024-07-05,0.008988247178490737
year2023,v5,reset_liquidate,2024-07-08,-0.0013223793293718588
year2023,v5,reset_liquidate,2024-07-09,0.0010017672674729084
year2023,v5,reset_liquidate,2024-07-10,0.0035009801549837015
year2023,v5,reset_liquidate,2024-07-11,-0.02251070239749873
year2023,v5,reset_liquidate,2024-07-12,-0.0018337998951916568
year2023,v5,reset_liquidate,2024-07-15,0.010146098831173168
year2023,v5,reset_liquidate,2024-07-16,0.017085567555177116
year2023,v5,reset_liquidate,2024-07-17,-0.02039997865184755
year2023,v5,reset_liquidate,2024-07-18,-0.012978813958134838
year2023,v5,reset_liquidate,2024-07-19,-0.011199649063864303
year2023,v5,reset_liquidate,2024-07-22,0.008776804365792501
year2023,v5,reset_liquidate,2024-07-23,0.0025121668001624187
year2023,v5,reset_liquidate,2024-07-24,-0.02039153826696285
year2023,v5,reset_liquidate,2024-07-25,-0.001006520111962983
year2023,v5,reset_liquidate,2024-07-26,-0.0010516227036799109
year2023,v5,reset_liquidate,2024-07-29,0.0012583514055798494
year2023,v5,reset_liquidate,2024-07-30,-0.0007828462663465929
year2023,v5,reset_liquidate,2024-07-31,0.0028247032785013947
year2023,v5,reset_liquidate,2024-08-01,-0.005751712435166767
year2023,v5,reset_liquidate,2024-08-02,-0.007761887498994235
year2023,v5,reset_liquidate,2024-08-05,-0.012866700433076583
year2023,v5,reset_liquidate,2024-08-06,0.0062369810353870014
year2023,v5,reset_liquidate,2024-08-07,-0.0015491845008590243
year2023,v5,reset_liquidate,2024-08-08,0.02112024394107248
year2023,v5,reset_liquidate,2024-08-09,0.002406027551481116
year2023,v5,reset_liquidate,2024-08-12,0.0020632639431620303
year2023,v5,reset_liquidate,2024-08-13,0.012644557161743796
year2023,v5,reset_liquidate,2024-08-14,-0.00566946249845911
year2023,v5,reset_liquidate,2024-08-15,0.014165414177669765
year2023,v5,reset_liquidate,2024-08-16,0.008442656457762843
year2023,v5,reset_liquidate,2024-08-19,0.011912093589781802
year2023,v5,reset_liquidate,2024-08-20,-0.0027420822967905156
year2023,v5,reset_liquidate,2024-08-21,0.004815740101510457
year2023,v5,reset_liquidate,2024-08-22,-0.010426505826678145
year2023,v5,reset_liquidate,2024-08-23,0.016868655400601694
year2023,v5,reset_liquidate,2024-08-26,-0.007429999746047344
year2023,v5,reset_mark,2023-08-28,0.0
year2023,v5,reset_mark,2023-08-29,0.0
year2023,v5,reset_mark,2023-08-30,0.0
year2023,v5,reset_mark,2023-08-31,0.0
year2023,v5,reset_mark,2023-09-01,-0.0007445188038267992
year2023,v5,reset_mark,2023-09-05,0.001464223978193946
year2023,v5,reset_mark,2023-09-06,-0.001185844730672514
year2023,v5,reset_mark,2023-09-07,0.0014921523669821468
year2023,v5,reset_mark,2023-09-08,0.0038225730420034633
year2023,v5,reset_mark,2023-09-11,0.002542935401209623
year2023,v5,reset_mark,2023-09-12,-0.0019627410083031703
year2023,v5,reset_mark,2023-09-13,-0.0008931280206260217
year2023,v5,reset_mark,2023-09-14,-0.0014273622006913955
year2023,v5,reset_mark,2023-09-15,-0.00034973130468266553
year2023,v5,reset_mark,2023-09-18,-0.0005911007279234326
year2023,v5,reset_mark,2023-09-19,-0.0010591461674826163
year2023,v5,reset_mark,2023-09-20,-0.0006948795368603266
year2023,v5,reset_mark,2023-09-21,-0.006051822358958891
year2023,v5,reset_mark,2023-09-22,0.00044957268632708216
year2023,v5,reset_mark,2023-09-25,2.6725815455908018e-05
year2023,v5,reset_mark,2023-09-26,-0.0017964487396316176
year2023,v5,reset_mark,2023-09-27,0.00031962000064542637
year2023,v5,reset_mark,2023-09-28,0.002440340794783058
year2023,v5,reset_mark,2023-09-29,0.0010918536319392657
year2023,v5,reset_mark,2023-10-02,-0.00104733001163112
year2023,v5,reset_mark,2023-10-03,-0.0015743897014225295
year2023,v5,reset_mark,2023-10-04,0.0021305286449191827
year2023,v5,reset_mark,2023-10-05,-0.0011253004990234294
year2023,v5,reset_mark,2023-10-06,0.006455904790843392
year2023,v5,reset_mark,2023-10-09,0.0011628637985866552
year2023,v5,reset_mark,2023-10-10,0.0020561922147582347
year2023,v5,reset_mark,2023-10-11,0.0023800862928549773
year2023,v5,reset_mark,2023-10-12,-0.009710144393584086
year2023,v5,reset_mark,2023-10-13,-0.007802476064513763
year2023,v5,reset_mark,2023-10-16,0.00864311383657168
year2023,v5,reset_mark,2023-10-17,-0.004922656737702935
year2023,v5,reset_mark,2023-10-18,-0.013281507350181198
year2023,v5,reset_mark,2023-10-19,-0.0075282025405222445
year2023,v5,reset_mark,2023-10-20,-0.014531114166937231
year2023,v5,reset_mark,2023-10-23,0.003843208729694214
year2023,v5,reset_mark,2023-10-24,0.013914850385460675
year2023,v5,reset_mark,2023-10-25,-0.02012609910074332
year2023,v5,reset_mark,2023-10-26,-0.008561050595057273
year2023,v5,reset_mark,2023-10-27,0.0033406468650115984
year2023,v5,reset_mark,2023-10-30,0.006791820762849987
year2023,v5,reset_mark,2023-10-31,-0.003118632794374221
year2023,v5,reset_mark,2023-11-01,3.6055306684579234e-05
year2023,v5,reset_mark,2023-11-02,0.003331441080381259
year2023,v5,reset_mark,2023-11-03,0.019820227847584925
year2023,v5,reset_mark,2023-11-06,-0.009586929448784342
year2023,v5,reset_mark,2023-11-07,0.011858610989432316
year2023,v5,reset_mark,2023-11-08,-0.005565067789443823
year2023,v5,reset_mark,2023-11-09,-0.008612385892476693
year2023,v5,reset_mark,2023-11-10,0.005442702069304095
year2023,v5,reset_mark,2023-11-13,0.0022398441409384852
year2023,v5,reset_mark,2023-11-14,0.017293928512948132
year2023,v5,reset_mark,2023-11-15,0.011498953654383725
year2023,v5,reset_mark,2023-11-16,-0.011963642622701165
year2023,v5,reset_mark,2023-11-17,-8.914382082214622e-06
year2023,v5,reset_mark,2023-11-20,0.014555462999352353
year2023,v5,reset_mark,2023-11-21,-0.007868567788877534
year2023,v5,reset_mark,2023-11-22,0.004346633884090156
year2023,v5,reset_mark,2023-11-24,0.003071779302995581
year2023,v5,reset_mark,2023-11-27,-0.005821726398585458
year2023,v5,reset_mark,2023-11-28,-0.0021099145639854157
year2023,v5,reset_mark,2023-11-29,-0.0047186011038988455
year2023,v5,reset_mark,2023-11-30,0.005611817305440125
year2023,v5,reset_mark,2023-12-01,9.380560977381158e-05
year2023,v5,reset_mark,2023-12-04,-0.0012391961289680675
year2023,v5,reset_mark,2023-12-05,-0.0028518327749567085
year2023,v5,reset_mark,2023-12-06,0.00020595958664660908
year2023,v5,reset_mark,2023-12-07,0.001912774634114689
year2023,v5,reset_mark,2023-12-08,0.0026459884020338274
year2023,v5,reset_mark,2023-12-11,0.004659331796101629
year2023,v5,reset_mark,2023-12-12,-0.0038939359190005686
year2023,v5,reset_mark,2023-12-13,0.005966444053434494
year2023,v5,reset_mark,2023-12-14,0.009327524335008474
year2023,v5,reset_mark,2023-12-15,-0.00028336729604424573
year2023,v5,reset_mark,2023-12-18,0.002272363651264808
year2023,v5,reset_mark,2023-12-19,0.006152369027169624
year2023,v5,reset_mark,2023-12-20,-0.006798372228746186
year2023,v5,reset_mark,2023-12-21,0.007536544321443839
year2023,v5,reset_mark,2023-12-22,0.0025360142509952997
year2023,v5,reset_mark,2023-12-26,0.004958478382425513
year2023,v5,reset_mark,2023-12-27,0.0036909754685389594
year2023,v5,reset_mark,2023-12-28,-0.0009180469005041214
year2023,v5,reset_mark,2023-12-29,-0.001180146751535216
year2023,v5,reset_mark,2024-01-02,0.0020702892410656482
year2023,v5,reset_mark,2024-01-03,-0.0005443910710398181
year2023,v5,reset_mark,2024-01-04,-0.003010182239638115
year2023,v5,reset_mark,2024-01-05,0.0004684975947870873
year2023,v5,reset_mark,2024-01-08,0.0026966976869134073
year2023,v5,reset_mark,2024-01-09,-0.011216563893756925
year2023,v5,reset_mark,2024-01-10,-0.001609153235058469
year2023,v5,reset_mark,2024-01-11,0.004813983544777645
year2023,v5,reset_mark,2024-01-12,-0.001930321273843716
year2023,v5,reset_mark,2024-01-16,-0.015238489059751581
year2023,v5,reset_mark,2024-01-17,-0.012791294657284912
year2023,v5,reset_mark,2024-01-18,-0.00023875289446737558
year2023,v5,reset_mark,2024-01-19,0.00014962397084262725
year2023,v5,reset_mark,2024-01-22,0.0005714897753945402
year2023,v5,reset_mark,2024-01-23,0.0035608161783681203
year2023,v5,reset_mark,2024-01-24,0.009908440164504994
year2023,v5,reset_mark,2024-01-25,0.004825205633490093
year2023,v5,reset_mark,2024-01-26,0.0005255508853768242
year2023,v5,reset_mark,2024-01-29,0.0039175402839475735
year2023,v5,reset_mark,2024-01-30,-0.004507927936581913
year2023,v5,reset_mark,2024-01-31,-0.0011619099083310046
year2023,v5,reset_mark,2024-02-01,-0.0014061931575855779
year2023,v5,reset_mark,2024-02-02,-0.0020407558485104004
year2023,v5,reset_mark,2024-02-05,-0.002518467928257495
year2023,v5,reset_mark,2024-02-06,0.0036548988420638585
year2023,v5,reset_mark,2024-02-07,-0.00011453781971018095
year2023,v5,reset_mark,2024-02-08,-0.0058174290081074
year2023,v5,reset_mark,2024-02-09,-0.006173548223187641
year2023,v5,reset_mark,2024-02-12,-0.000718185922929837
year2023,v5,reset_mark,2024-02-13,-0.0005969349897218202
year2023,v5,reset_mark,2024-02-14,0.004474138007536821
year2023,v5,reset_mark,2024-02-15,0.002439027923481896
year2023,v5,reset_mark,2024-02-16,-0.0016024672309242316
year2023,v5,reset_mark,2024-02-20,-0.0015104032238519526
year2023,v5,reset_mark,2024-02-21,-0.0003094976827801799
year2023,v5,reset_mark,2024-02-22,0.0026371344933135755
year2023,v5,reset_mark,2024-02-23,-0.0008343690045913621
year2023,v5,reset_mark,2024-02-26,0.0007008712108212522
year2023,v5,reset_mark,2024-02-27,0.002385774596796897
year2023,v5,reset_mark,2024-02-28,-0.0008626007756071363
year2023,v5,reset_mark,2024-02-29,0.0010796690918893237
year2023,v5,reset_mark,2024-03-01,0.0027234098984978638
year2023,v5,reset_mark,2024-03-04,-0.0005667289946196142
year2023,v5,reset_mark,2024-03-05,-0.002814091070314251
year2023,v5,reset_mark,2024-03-06,-0.0001353341171362543
year2023,v5,reset_mark,2024-03-07,0.0018103041948010824
year2023,v5,reset_mark,2024-03-08,-0.0006064046364891551
year2023,v5,reset_mark,2024-03-11,-0.000643166477588486
year2023,v5,reset_mark,2024-03-12,0.0016890540156144108
year2023,v5,reset_mark,2024-03-13,-0.00026674414086786947
year2023,v5,reset_mark,2024-03-14,0.0005841315853680306
year2023,v5,reset_mark,2024-03-15,-0.002188503614376958
year2023,v5,reset_mark,2024-03-18,0.00666881615500634
year2023,v5,reset_mark,2024-03-19,-6.011666946916794e-05
year2023,v5,reset_mark,2024-03-20,0.002282663421832831
year2023,v5,reset_mark,2024-03-21,-0.0015598246485662103
year2023,v5,reset_mark,2024-03-22,0.002998811686723002
year2023,v5,reset_mark,2024-03-25,-0.0005518600192694123
year2023,v5,reset_mark,2024-03-26,0.0006834929668736889
year2023,v5,reset_mark,2024-03-27,-0.0023639228888951203
year2023,v5,reset_mark,2024-03-28,-0.0009707760591970094
year2023,v5,reset_mark,2024-04-01,0.004170566334387926
year2023,v5,reset_mark,2024-04-02,-0.0006143899789663343
year2023,v5,reset_mark,2024-04-03,0.002816723154934575
year2023,v5,reset_mark,2024-04-04,-0.004887425719887828
year2023,v5,reset_mark,2024-04-05,0.004393908394472468
year2023,v5,reset_mark,2024-04-08,0.0003196344904475401
year2023,v5,reset_mark,2024-04-09,-0.0004946094242154642
year2023,v5,reset_mark,2024-04-10,-0.0002322742549647705
year2023,v5,reset_mark,2024-04-11,0.0037432095312557533
year2023,v5,reset_mark,2024-04-12,-0.0020001639751975665
year2023,v5,reset_mark,2024-04-15,-0.004337104170901529
year2023,v5,reset_mark,2024-04-16,0.0014109310167531252
year2023,v5,reset_mark,2024-04-17,-0.0005250559612883898
year2023,v5,reset_mark,2024-04-18,-0.002833815566427722
year2023,v5,reset_mark,2024-04-19,-0.006378865730962369
year2023,v5,reset_mark,2024-04-22,-0.006826344206293767
year2023,v5,reset_mark,2024-04-23,0.006609153472025953
year2023,v5,reset_mark,2024-04-24,-0.00700839133989416
year2023,v5,reset_mark,2024-04-25,-0.0019743408202590683
year2023,v5,reset_mark,2024-04-26,0.011374646628586293
year2023,v5,reset_mark,2024-04-29,-0.009489560799038722
year2023,v5,reset_mark,2024-04-30,-0.00930727821109394
year2023,v5,reset_mark,2024-05-01,-0.00042966081436123237
year2023,v5,reset_mark,2024-05-02,0.008676988048939016
year2023,v5,reset_mark,2024-05-03,0.01049498443138459
year2023,v5,reset_mark,2024-05-06,0.015360458671305732
year2023,v5,reset_mark,2024-05-07,-0.002801893589450155
year2023,v5,reset_mark,2024-05-08,-0.009563372729352726
year2023,v5,reset_mark,2024-05-09,-0.0029319109682297007
year2023,v5,reset_mark,2024-05-10,-0.005360754851275384
year2023,v5,reset_mark,2024-05-13,0.0017634186228649429
year2023,v5,reset_mark,2024-05-14,0.016990741199562953
year2023,v5,reset_mark,2024-05-15,0.0025170802745681175
year2023,v5,reset_mark,2024-05-16,0.0023513280978657903
year2023,v5,reset_mark,2024-05-17,0.008496705141773087
year2023,v5,reset_mark,2024-05-20,0.010071473999713842
year2023,v5,reset_mark,2024-05-21,0.006000332921704443
year2023,v5,reset_mark,2024-05-22,-0.0060917338143119835
year2023,v5,reset_mark,2024-05-23,-0.00804610836492894
year2023,v5,reset_mark,2024-05-24,0.013916658342984278
year2023,v5,reset_mark,2024-05-28,-0.000425038351598972
year2023,v5,reset_mark,2024-05-29,-0.005054362911436594
year2023,v5,reset_mark,2024-05-30,-0.008213421172054813
year2023,v5,reset_mark,2024-05-31,-0.010705859308071608
year2023,v5,reset_mark,2024-06-03,0.0014263052240362506
year2023,v5,reset_mark,2024-06-04,-0.006439547127158029
year2023,v5,reset_mark,2024-06-05,0.015326879130561188
year2023,v5,reset_mark,2024-06-06,0.00015445310887793884
year2023,v5,reset_mark,2024-06-07,-0.0013633587649054869
year2023,v5,reset_mark,2024-06-10,-0.0038356148046014616
year2023,v5,reset_mark,2024-06-11,0.001811330728067484
year2023,v5,reset_mark,2024-06-12,0.011378401943546002
year2023,v5,reset_mark,2024-06-13,0.00018039159529807945
year2023,v5,reset_mark,2024-06-14,0.002304719081853912
year2023,v5,reset_mark,2024-06-17,0.011035237051143666
year2023,v5,reset_mark,2024-06-18,-0.0023597186258396685
year2023,v5,reset_mark,2024-06-20,-0.016064141953883903
year2023,v5,reset_mark,2024-06-21,0.004171300788435817
year2023,v5,reset_mark,2024-06-24,-0.00634258292957417
year2023,v5,reset_mark,2024-06-25,0.009142016202754944
year2023,v5,reset_mark,2024-06-26,0.006143950378021323
year2023,v5,reset_mark,2024-06-27,0.003073252776375224
year2023,v5,reset_mark,2024-06-28,-0.003428972862342672
year2023,v5,reset_mark,2024-07-01,0.013651407139548145
year2023,v5,reset_mark,2024-07-02,0.01478315752387519
year2023,v5,reset_mark,2024-07-03,0.01040603848059012
year2023,v5,reset_mark,2024-07-05,0.008988247178490737
year2023,v5,reset_mark,2024-07-08,-0.0013223793293718588
year2023,v5,reset_mark,2024-07-09,0.0010017672674729084
year2023,v5,reset_mark,2024-07-10,0.0035009801549837015
year2023,v5,reset_mark,2024-07-11,-0.02251070239749873
year2023,v5,reset_mark,2024-07-12,-0.0018337998951916568
year2023,v5,reset_mark,2024-07-15,0.010146098831173168
year2023,v5,reset_mark,2024-07-16,0.017085567555177116
year2023,v5,reset_mark,2024-07-17,-0.02039997865184755
year2023,v5,reset_mark,2024-07-18,-0.012978813958134838
year2023,v5,reset_mark,2024-07-19,-0.011199649063864303
year2023,v5,reset_mark,2024-07-22,0.008776804365792501
year2023,v5,reset_mark,2024-07-23,0.0025121668001624187
year2023,v5,reset_mark,2024-07-24,-0.02039153826696285
year2023,v5,reset_mark,2024-07-25,-0.001006520111962983
year2023,v5,reset_mark,2024-07-26,-0.0010516227036799109
year2023,v5,reset_mark,2024-07-29,0.0012583514055798494
year2023,v5,reset_mark,2024-07-30,-0.0007828462663465929
year2023,v5,reset_mark,2024-07-31,0.0028247032785013947
year2023,v5,reset_mark,2024-08-01,-0.005751712435166767
year2023,v5,reset_mark,2024-08-02,-0.007761887498994235
year2023,v5,reset_mark,2024-08-05,-0.012866700433076583
year2023,v5,reset_mark,2024-08-06,0.0062369810353870014
year2023,v5,reset_mark,2024-08-07,-0.0015491845008590243
year2023,v5,reset_mark,2024-08-08,0.02112024394107248
year2023,v5,reset_mark,2024-08-09,0.002406027551481116
year2023,v5,reset_mark,2024-08-12,0.0020632639431620303
year2023,v5,reset_mark,2024-08-13,0.012644557161743796
year2023,v5,reset_mark,2024-08-14,-0.00566946249845911
year2023,v5,reset_mark,2024-08-15,0.014165414177669765
year2023,v5,reset_mark,2024-08-16,0.008442656457762843
year2023,v5,reset_mark,2024-08-19,0.011912093589781802
year2023,v5,reset_mark,2024-08-20,-0.0027420822967905156
year2023,v5,reset_mark,2024-08-21,0.004815740101510457
year2023,v5,reset_mark,2024-08-22,-0.010426505826678145
year2023,v5,reset_mark,2024-08-23,0.016868655400601694
year2023,v5,reset_mark,2024-08-26,-0.006836836582629968
year2023,v5,carry_mark,2023-08-28,0.0019204152514135987
year2023,v5,carry_mark,2023-08-29,0.003352611309294806
year2023,v5,carry_mark,2023-08-30,0.0006588649990350026
year2023,v5,carry_mark,2023-08-31,-0.0033573468068047287
year2023,v5,carry_mark,2023-09-01,-0.0009209794237970192
year2023,v5,carry_mark,2023-09-05,0.00010915336099743822
year2023,v5,carry_mark,2023-09-06,-0.002410852008605391
year2023,v5,carry_mark,2023-09-07,0.0007015651852750326
year2023,v5,carry_mark,2023-09-08,0.0044888581705436305
year2023,v5,carry_mark,2023-09-11,0.0019314559966605693
year2023,v5,carry_mark,2023-09-12,-0.0043178183117324135
year2023,v5,carry_mark,2023-09-13,0.003583137988901963
year2023,v5,carry_mark,2023-09-14,0.0032443947881293012
year2023,v5,carry_mark,2023-09-15,-0.0012755517857745645
year2023,v5,carry_mark,2023-09-18,-0.010061849840756022
year2023,v5,carry_mark,2023-09-19,0.0013128930698545927
year2023,v5,carry_mark,2023-09-20,-0.00609987525519502
year2023,v5,carry_mark,2023-09-21,-0.009625866649480563
year2023,v5,carry_mark,2023-09-22,-0.0005785369595735612
year2023,v5,carry_mark,2023-09-25,-0.0016262691716653732
year2023,v5,carry_mark,2023-09-26,-0.0035479473224998004
year2023,v5,carry_mark,2023-09-27,0.0018731490589915189
year2023,v5,carry_mark,2023-09-28,0.00354675888059468
year2023,v5,carry_mark,2023-09-29,0.004776467071601865
year2023,v5,carry_mark,2023-10-02,0.000888098673244564
year2023,v5,carry_mark,2023-10-03,-0.004410432728773073
year2023,v5,carry_mark,2023-10-04,0.005052601525744604
year2023,v5,carry_mark,2023-10-05,-0.0022371870742993625
year2023,v5,carry_mark,2023-10-06,0.009813358629735069
year2023,v5,carry_mark,2023-10-09,-1.8689650547065727e-05
year2023,v5,carry_mark,2023-10-10,0.004165833633644622
year2023,v5,carry_mark,2023-10-11,0.002008129660780822
year2023,v5,carry_mark,2023-10-12,-0.012016008882626073
year2023,v5,carry_mark,2023-10-13,-0.011299028457485816
year2023,v5,carry_mark,2023-10-16,0.0036713091377891917
year2023,v5,carry_mark,2023-10-17,-0.006892092131124505
year2023,v5,carry_mark,2023-10-18,-0.013868754299939823
year2023,v5,carry_mark,2023-10-19,-0.007161651382923162
year2023,v5,carry_mark,2023-10-20,-0.015934589294816857
year2023,v5,carry_mark,2023-10-23,0.004654423040024791
year2023,v5,carry_mark,2023-10-24,0.014282271564911464
year2023,v5,carry_mark,2023-10-25,-0.017058294457931368
year2023,v5,carry_mark,2023-10-26,-0.012312481092478466
year2023,v5,carry_mark,2023-10-27,0.0039262038580218815
year2023,v5,carry_mark,2023-10-30,0.00906585734619143
year2023,v5,carry_mark,2023-10-31,-0.0028814658563175665
year2023,v5,carry_mark,2023-11-01,0.002390325312753594
year2023,v5,carry_mark,2023-11-02,0.0039815985492115845
year2023,v5,carry_mark,2023-11-03,0.02110639584670877
year2023,v5,carry_mark,2023-11-06,-0.008529670062336436
year2023,v5,carry_mark,2023-11-07,0.01298053621695745
year2023,v5,carry_mark,2023-11-08,-0.004824487688821188
year2023,v5,carry_mark,2023-11-09,-0.009303467853177238
year2023,v5,carry_mark,2023-11-10,0.007932377670386792
year2023,v5,carry_mark,2023-11-13,0.00143100906009751
year2023,v5,carry_mark,2023-11-14,0.018272982840863095
year2023,v5,carry_mark,2023-11-15,0.011336916329258984
year2023,v5,carry_mark,2023-11-16,-0.010205317694008887
year2023,v5,carry_mark,2023-11-17,-0.0016890077171754503
year2023,v5,carry_mark,2023-11-20,0.016607645292886275
year2023,v5,carry_mark,2023-11-21,-0.009026366402940921
year2023,v5,carry_mark,2023-11-22,0.0056278944211085365
year2023,v5,carry_mark,2023-11-24,0.002960620530744862
year2023,v5,carry_mark,2023-11-27,-0.005509087578491811
year2023,v5,carry_mark,2023-11-28,-0.0010296401354937812
year2023,v5,carry_mark,2023-11-29,-0.0057246125961150866
year2023,v5,carry_mark,2023-11-30,0.0056276540634254135
year2023,v5,carry_mark,2023-12-01,-0.0010674183890541534
year2023,v5,carry_mark,2023-12-04,-0.0026730683826224457
year2023,v5,carry_mark,2023-12-05,-0.0019361979938145146
year2023,v5,carry_mark,2023-12-06,-0.0007926448722852863
year2023,v5,carry_mark,2023-12-07,0.002495753073709839
year2023,v5,carry_mark,2023-12-08,0.0035302042455060967
year2023,v5,carry_mark,2023-12-11,0.0038763846493356513
year2023,v5,carry_mark,2023-12-12,-0.003064413378977915
year2023,v5,carry_mark,2023-12-13,0.005963770362133014
year2023,v5,carry_mark,2023-12-14,0.007073069503828888
year2023,v5,carry_mark,2023-12-15,0.0010283640204974299
year2023,v5,carry_mark,2023-12-18,0.0027902561480303567
year2023,v5,carry_mark,2023-12-19,0.006316065761137657
year2023,v5,carry_mark,2023-12-20,-0.007505657922194864
year2023,v5,carry_mark,2023-12-21,0.008324416931180134
year2023,v5,carry_mark,2023-12-22,0.002814425667056153
year2023,v5,carry_mark,2023-12-26,0.004979840199050023
year2023,v5,carry_mark,2023-12-27,0.00353350033585238
year2023,v5,carry_mark,2023-12-28,-0.0005945803216854895
year2023,v5,carry_mark,2023-12-29,-0.0009776286935259115
year2023,v5,carry_mark,2024-01-02,0.0006954319625171124
year2023,v5,carry_mark,2024-01-03,-0.0006171899000706693
year2023,v5,carry_mark,2024-01-04,-0.0037279382078791003
year2023,v5,carry_mark,2024-01-05,0.000416858077434934
year2023,v5,carry_mark,2024-01-08,0.004583849948342722
year2023,v5,carry_mark,2024-01-09,-0.0109229862438735
year2023,v5,carry_mark,2024-01-10,0.0002482618930810143
year2023,v5,carry_mark,2024-01-11,0.005299919203927317
year2023,v5,carry_mark,2024-01-12,-0.0009319601763883356
year2023,v5,carry_mark,2024-01-16,-0.014775135959817876
year2023,v5,carry_mark,2024-01-17,-0.012996277826754476
year2023,v5,carry_mark,2024-01-18,0.000890985951321388
year2023,v5,carry_mark,2024-01-19,0.0013683048477951209
year2023,v5,carry_mark,2024-01-22,2.968738510741309e-05
year2023,v5,carry_mark,2024-01-23,0.004163571234229657
year2023,v5,carry_mark,2024-01-24,0.01082596428536503
year2023,v5,carry_mark,2024-01-25,0.005399032534474646
year2023,v5,carry_mark,2024-01-26,0.0002933769893749383
year2023,v5,carry_mark,2024-01-29,0.005350959106493214
year2023,v5,carry_mark,2024-01-30,-0.00478372723352759
year2023,v5,carry_mark,2024-01-31,-0.003856545084009677
year2023,v5,carry_mark,2024-02-01,0.00015324454461987936
year2023,v5,carry_mark,2024-02-02,-0.00019816769062771522
year2023,v5,carry_mark,2024-02-05,-0.0038729758091203604
year2023,v5,carry_mark,2024-02-06,0.0036154550692260035
year2023,v5,carry_mark,2024-02-07,0.001996487794916202
year2023,v5,carry_mark,2024-02-08,-0.005802938593818618
year2023,v5,carry_mark,2024-02-09,-0.004618405225141143
year2023,v5,carry_mark,2024-02-12,-0.0019760573248778445
year2023,v5,carry_mark,2024-02-13,-0.0027498036096624046
year2023,v5,carry_mark,2024-02-14,0.00525430704992087
year2023,v5,carry_mark,2024-02-15,0.0017235055064127702
year2023,v5,carry_mark,2024-02-16,-0.0022173826222594783
year2023,v5,carry_mark,2024-02-20,-0.0018247102627435452
year2023,v5,carry_mark,2024-02-21,-0.00046094529970204247
year2023,v5,carry_mark,2024-02-22,0.004991801904215198
year2023,v5,carry_mark,2024-02-23,-0.0011525999235800666
year2023,v5,carry_mark,2024-02-26,1.8513210636661447e-05
year2023,v5,carry_mark,2024-02-27,0.002371052714936028
year2023,v5,carry_mark,2024-02-28,-0.0008037045775349694
year2023,v5,carry_mark,2024-02-29,0.0025316492277693394
year2023,v5,carry_mark,2024-03-01,0.003173072717783709
year2023,v5,carry_mark,2024-03-04,-0.0007063166173069014
year2023,v5,carry_mark,2024-03-05,-0.005771292249858451
year2023,v5,carry_mark,2024-03-06,-0.0002744121171567304
year2023,v5,carry_mark,2024-03-07,0.003563647569358075
year2023,v5,carry_mark,2024-03-08,-0.0013201000275995579
year2023,v5,carry_mark,2024-03-11,-0.0010616619238793313
year2023,v5,carry_mark,2024-03-12,0.004348999150059018
year2023,v5,carry_mark,2024-03-13,-0.00031008662697611377
year2023,v5,carry_mark,2024-03-14,0.003022097128221768
year2023,v5,carry_mark,2024-03-15,-0.004258017693607974
year2023,v5,carry_mark,2024-03-18,0.006884942630070801
year2023,v5,carry_mark,2024-03-19,0.0009199456966069164
year2023,v5,carry_mark,2024-03-20,0.0031891457765520713
year2023,v5,carry_mark,2024-03-21,-0.0005862376429697335
year2023,v5,carry_mark,2024-03-22,0.002852083948414097
year2023,v5,carry_mark,2024-03-25,-0.0019233217482296672
year2023,v5,carry_mark,2024-03-26,0.0003973482624812563
year2023,v5,carry_mark,2024-03-27,-0.0024160991544916245
year2023,v5,carry_mark,2024-03-28,-0.0011392480396961613
year2023,v5,carry_mark,2024-04-01,0.00508566570982647
year2023,v5,carry_mark,2024-04-02,-0.001351607594157489
year2023,v5,carry_mark,2024-04-03,0.0025818165896726807
year2023,v5,carry_mark,2024-04-04,-0.0054986772954861984
year2023,v5,carry_mark,2024-04-05,0.006222180635687291
year2023,v5,carry_mark,2024-04-08,0.00010108008647303768
year2023,v5,carry_mark,2024-04-09,-9.657780406835403e-05
year2023,v5,carry_mark,2024-04-10,-0.0009407262166612806
year2023,v5,carry_mark,2024-04-11,0.004846546204319258
year2023,v5,carry_mark,2024-04-12,-0.0034092726804772267
year2023,v5,carry_mark,2024-04-15,-0.006294909188095587
year2023,v5,carry_mark,2024-04-16,0.0016381749705633108
year2023,v5,carry_mark,2024-04-17,-0.0011859634636087746
year2023,v5,carry_mark,2024-04-18,-0.004671909824278264
year2023,v5,carry_mark,2024-04-19,-0.007652765361515967
year2023,v5,carry_mark,2024-04-22,-0.006365330886890841
year2023,v5,carry_mark,2024-04-23,0.008257700960555359
year2023,v5,carry_mark,2024-04-24,-0.0066428123699995845
year2023,v5,carry_mark,2024-04-25,-0.004423856557186301
year2023,v5,carry_mark,2024-04-26,0.013199024792029824
year2023,v5,carry_mark,2024-04-29,-0.010491236141343752
year2023,v5,carry_mark,2024-04-30,-0.012519214426814095
year2023,v5,carry_mark,2024-05-01,0.001011280305672202
year2023,v5,carry_mark,2024-05-02,0.009411275251693208
year2023,v5,carry_mark,2024-05-03,0.012711957939681051
year2023,v5,carry_mark,2024-05-06,0.017052290870404652
year2023,v5,carry_mark,2024-05-07,-0.003817517741949794
year2023,v5,carry_mark,2024-05-08,-0.009270214909992991
year2023,v5,carry_mark,2024-05-09,-0.0024983359835148876
year2023,v5,carry_mark,2024-05-10,-0.004773836228077599
year2023,v5,carry_mark,2024-05-13,0.0015174840523655918
year2023,v5,carry_mark,2024-05-14,0.0176771949193519
year2023,v5,carry_mark,2024-05-15,0.004082278337724654
year2023,v5,carry_mark,2024-05-16,0.0018573325404716457
year2023,v5,carry_mark,2024-05-17,0.008311427867398325
year2023,v5,carry_mark,2024-05-20,0.011292293348879889
year2023,v5,carry_mark,2024-05-21,0.006870228120577693
year2023,v5,carry_mark,2024-05-22,-0.0057467821922547735
year2023,v5,carry_mark,2024-05-23,-0.008863721740265151
year2023,v5,carry_mark,2024-05-24,0.014656706039028623
year2023,v5,carry_mark,2024-05-28,-0.00038784203842546773
year2023,v5,carry_mark,2024-05-29,-0.005321604470488206
year2023,v5,carry_mark,2024-05-30,-0.011592035601378569
year2023,v5,carry_mark,2024-05-31,-0.010594929788168362
year2023,v5,carry_mark,2024-06-03,0.0010384710876926051
year2023,v5,carry_mark,2024-06-04,-0.005822885689187596
year2023,v5,carry_mark,2024-06-05,0.017235212416218816
year2023,v5,carry_mark,2024-06-06,0.0002747283939658729
year2023,v5,carry_mark,2024-06-07,-0.001521180051887272
year2023,v5,carry_mark,2024-06-10,-0.0028871686666320784
year2023,v5,carry_mark,2024-06-11,0.002935503400487871
year2023,v5,carry_mark,2024-06-12,0.013315169306184793
year2023,v5,carry_mark,2024-06-13,0.0002982868967423613
year2023,v5,carry_mark,2024-06-14,0.002528918724513873
year2023,v5,carry_mark,2024-06-17,0.012345761419488399
year2023,v5,carry_mark,2024-06-18,-0.002812469434636844
year2023,v5,carry_mark,2024-06-20,-0.016207526847935548
year2023,v5,carry_mark,2024-06-21,0.005086711706210367
year2023,v5,carry_mark,2024-06-24,-0.006811697909628678
year2023,v5,carry_mark,2024-06-25,0.009874698464446418
year2023,v5,carry_mark,2024-06-26,0.006412270906311346
year2023,v5,carry_mark,2024-06-27,0.0032258541643392035
year2023,v5,carry_mark,2024-06-28,-0.004731831163538258
year2023,v5,carry_mark,2024-07-01,0.015839571030852928
year2023,v5,carry_mark,2024-07-02,0.015341471567540132
year2023,v5,carry_mark,2024-07-03,0.010730457187769904
year2023,v5,carry_mark,2024-07-05,0.010461869312487937
year2023,v5,carry_mark,2024-07-08,-0.0016046976053388673
year2023,v5,carry_mark,2024-07-09,-0.0004352569753606983
year2023,v5,carry_mark,2024-07-10,0.00496113407636356
year2023,v5,carry_mark,2024-07-11,-0.02498791157561534
year2023,v5,carry_mark,2024-07-12,-0.0020867192669068446
year2023,v5,carry_mark,2024-07-15,0.010236497612596273
year2023,v5,carry_mark,2024-07-16,0.016107507258018638
year2023,v5,carry_mark,2024-07-17,-0.021734735758681657
year2023,v5,carry_mark,2024-07-18,-0.013689039872301556
year2023,v5,carry_mark,2024-07-19,-0.01193993786686447
year2023,v5,carry_mark,2024-07-22,0.010110568700907097
year2023,v5,carry_mark,2024-07-23,0.0029433772692060156
year2023,v5,carry_mark,2024-07-24,-0.023977019212942586
year2023,v5,carry_mark,2024-07-25,-0.0034546432524203198
year2023,v5,carry_mark,2024-07-26,0.0005903455605182906
year2023,v5,carry_mark,2024-07-29,0.0016016678893135071
year2023,v5,carry_mark,2024-07-30,-0.001675681890864189
year2023,v5,carry_mark,2024-07-31,0.0017441189648910948
year2023,v5,carry_mark,2024-08-01,-0.0060481199250345345
year2023,v5,carry_mark,2024-08-02,-0.009828487537332365
year2023,v5,carry_mark,2024-08-05,-0.0161323854331513
year2023,v5,carry_mark,2024-08-06,0.00736566419974678
year2023,v5,carry_mark,2024-08-07,-0.0018444705845496513
year2023,v5,carry_mark,2024-08-08,0.022189443008395583
year2023,v5,carry_mark,2024-08-09,0.0032329630482842873
year2023,v5,carry_mark,2024-08-12,0.002257837748959368
year2023,v5,carry_mark,2024-08-13,0.014414428170381988
year2023,v5,carry_mark,2024-08-14,-0.004981079242326969
year2023,v5,carry_mark,2024-08-15,0.015165753278151572
year2023,v5,carry_mark,2024-08-16,0.008440538487977055
year2023,v5,carry_mark,2024-08-19,0.011912093589781736
year2023,v5,carry_mark,2024-08-20,-0.0027420822967905044
year2023,v5,carry_mark,2024-08-21,0.004815740101510435
year2023,v5,carry_mark,2024-08-22,-0.010426505826678156
year2023,v5,carry_mark,2024-08-23,0.016868655400601694
year2023,v5,carry_mark,2024-08-26,-0.006836836582630001
year2023,P-confirm5-v5profit50,reset_liquidate,2023-08-28,0.0
year2023,P-confirm5-v5profit50,reset_liquidate,2023-08-29,0.0
year2023,P-confirm5-v5profit50,reset_liquidate,2023-08-30,0.0007153332151394132
year2023,P-confirm5-v5profit50,reset_liquidate,2023-08-31,0.00021341866037090097
year2023,P-confirm5-v5profit50,reset_liquidate,2023-09-01,-0.0011190466100203355
year2023,P-confirm5-v5profit50,reset_liquidate,2023-09-05,0.0015453094915229616
year2023,P-confirm5-v5profit50,reset_liquidate,2023-09-06,-0.002150709956694663
year2023,P-confirm5-v5profit50,reset_liquidate,2023-09-07,0.002087115741237455
year2023,P-confirm5-v5profit50,reset_liquidate,2023-09-08,0.004650615642522693
year2023,P-confirm5-v5profit50,reset_liquidate,2023-09-11,0.0029388829498233626
year2023,P-confirm5-v5profit50,reset_liquidate,2023-09-12,-0.0031167008769741543
year2023,P-confirm5-v5profit50,reset_liquidate,2023-09-13,0.00011914507900978588
year2023,P-confirm5-v5profit50,reset_liquidate,2023-09-14,-0.00041061191074540646
year2023,P-confirm5-v5profit50,reset_liquidate,2023-09-15,-0.0008566191946850265
year2023,P-confirm5-v5profit50,reset_liquidate,2023-09-18,-1.5717225632982944e-06
year2023,P-confirm5-v5profit50,reset_liquidate,2023-09-19,-0.0011821571069772995
year2023,P-confirm5-v5profit50,reset_liquidate,2023-09-20,-0.0038099099643507327
year2023,P-confirm5-v5profit50,reset_liquidate,2023-09-21,-0.008519298743148574
year2023,P-confirm5-v5profit50,reset_liquidate,2023-09-22,0.00030390997715042947
year2023,P-confirm5-v5profit50,reset_liquidate,2023-09-25,0.0006869949980674806
year2023,P-confirm5-v5profit50,reset_liquidate,2023-09-26,-0.0037337481632518377
year2023,P-confirm5-v5profit50,reset_liquidate,2023-09-27,0.001851848241829468
year2023,P-confirm5-v5profit50,reset_liquidate,2023-09-28,0.0018046452323042471
year2023,P-confirm5-v5profit50,reset_liquidate,2023-09-29,0.0010918536319392657
year2023,P-confirm5-v5profit50,reset_liquidate,2023-10-02,-0.00104733001163112
year2023,P-confirm5-v5profit50,reset_liquidate,2023-10-03,-0.0015743897014225295
year2023,P-confirm5-v5profit50,reset_liquidate,2023-10-04,0.0021305286449191827
year2023,P-confirm5-v5profit50,reset_liquidate,2023-10-05,-0.0011253004990234294
year2023,P-confirm5-v5profit50,reset_liquidate,2023-10-06,0.006455904790843392
year2023,P-confirm5-v5profit50,reset_liquidate,2023-10-09,0.0011628637985866552
year2023,P-confirm5-v5profit50,reset_liquidate,2023-10-10,0.0020561922147582347
year2023,P-confirm5-v5profit50,reset_liquidate,2023-10-11,0.0023800862928549773
year2023,P-confirm5-v5profit50,reset_liquidate,2023-10-12,-0.009710144393584086
year2023,P-confirm5-v5profit50,reset_liquidate,2023-10-13,-0.007802476064513763
year2023,P-confirm5-v5profit50,reset_liquidate,2023-10-16,0.00864311383657168
year2023,P-confirm5-v5profit50,reset_liquidate,2023-10-17,-0.004922656737702935
year2023,P-confirm5-v5profit50,reset_liquidate,2023-10-18,-0.013281507350181198
year2023,P-confirm5-v5profit50,reset_liquidate,2023-10-19,-0.0075282025405222445
year2023,P-confirm5-v5profit50,reset_liquidate,2023-10-20,-0.014531114166937231
year2023,P-confirm5-v5profit50,reset_liquidate,2023-10-23,0.003843208729694214
year2023,P-confirm5-v5profit50,reset_liquidate,2023-10-24,0.013914850385460675
year2023,P-confirm5-v5profit50,reset_liquidate,2023-10-25,-0.02012609910074332
year2023,P-confirm5-v5profit50,reset_liquidate,2023-10-26,-0.008561050595057273
year2023,P-confirm5-v5profit50,reset_liquidate,2023-10-27,0.0033406468650115984
year2023,P-confirm5-v5profit50,reset_liquidate,2023-10-30,0.006791820762849987
year2023,P-confirm5-v5profit50,reset_liquidate,2023-10-31,-0.003118632794374221
year2023,P-confirm5-v5profit50,reset_liquidate,2023-11-01,3.6055306684579234e-05
year2023,P-confirm5-v5profit50,reset_liquidate,2023-11-02,0.003331441080381259
year2023,P-confirm5-v5profit50,reset_liquidate,2023-11-03,0.019820227847584925
year2023,P-confirm5-v5profit50,reset_liquidate,2023-11-06,-0.009586929448784342
year2023,P-confirm5-v5profit50,reset_liquidate,2023-11-07,0.011858610989432316
year2023,P-confirm5-v5profit50,reset_liquidate,2023-11-08,-0.005565067789443823
year2023,P-confirm5-v5profit50,reset_liquidate,2023-11-09,-0.008612385892476693
year2023,P-confirm5-v5profit50,reset_liquidate,2023-11-10,0.005442702069304095
year2023,P-confirm5-v5profit50,reset_liquidate,2023-11-13,0.0022398441409384852
year2023,P-confirm5-v5profit50,reset_liquidate,2023-11-14,0.017293928512948132
year2023,P-confirm5-v5profit50,reset_liquidate,2023-11-15,0.011498953654383725
year2023,P-confirm5-v5profit50,reset_liquidate,2023-11-16,-0.011963642622701165
year2023,P-confirm5-v5profit50,reset_liquidate,2023-11-17,-8.914382082214622e-06
year2023,P-confirm5-v5profit50,reset_liquidate,2023-11-20,0.014555462999352353
year2023,P-confirm5-v5profit50,reset_liquidate,2023-11-21,-0.007868567788877534
year2023,P-confirm5-v5profit50,reset_liquidate,2023-11-22,0.004346633884090156
year2023,P-confirm5-v5profit50,reset_liquidate,2023-11-24,0.003071779302995581
year2023,P-confirm5-v5profit50,reset_liquidate,2023-11-27,-0.005821726398585458
year2023,P-confirm5-v5profit50,reset_liquidate,2023-11-28,-0.0021099145639854157
year2023,P-confirm5-v5profit50,reset_liquidate,2023-11-29,-0.0047186011038988455
year2023,P-confirm5-v5profit50,reset_liquidate,2023-11-30,0.005611817305440125
year2023,P-confirm5-v5profit50,reset_liquidate,2023-12-01,9.380560977381158e-05
year2023,P-confirm5-v5profit50,reset_liquidate,2023-12-04,-0.0012391961289680675
year2023,P-confirm5-v5profit50,reset_liquidate,2023-12-05,-0.0028518327749567085
year2023,P-confirm5-v5profit50,reset_liquidate,2023-12-06,0.00020595958664660908
year2023,P-confirm5-v5profit50,reset_liquidate,2023-12-07,0.001912774634114689
year2023,P-confirm5-v5profit50,reset_liquidate,2023-12-08,0.0026459884020338274
year2023,P-confirm5-v5profit50,reset_liquidate,2023-12-11,0.007466659089454697
year2023,P-confirm5-v5profit50,reset_liquidate,2023-12-12,-0.001479301710057046
year2023,P-confirm5-v5profit50,reset_liquidate,2023-12-13,0.009492357598262946
year2023,P-confirm5-v5profit50,reset_liquidate,2023-12-14,0.009163401217574607
year2023,P-confirm5-v5profit50,reset_liquidate,2023-12-15,0.0009085561690634347
year2023,P-confirm5-v5profit50,reset_liquidate,2023-12-18,0.004364154686384458
year2023,P-confirm5-v5profit50,reset_liquidate,2023-12-19,0.007644333336006004
year2023,P-confirm5-v5profit50,reset_liquidate,2023-12-20,-0.011241554147667632
year2023,P-confirm5-v5profit50,reset_liquidate,2023-12-21,0.01085338692729878
year2023,P-confirm5-v5profit50,reset_liquidate,2023-12-22,0.002934819404986788
year2023,P-confirm5-v5profit50,reset_liquidate,2023-12-26,0.0067856950565155175
year2023,P-confirm5-v5profit50,reset_liquidate,2023-12-27,0.004217599336848709
year2023,P-confirm5-v5profit50,reset_liquidate,2023-12-28,-0.0011702810443565248
year2023,P-confirm5-v5profit50,reset_liquidate,2023-12-29,-0.0025611968386034857
year2023,P-confirm5-v5profit50,reset_liquidate,2024-01-02,-0.002998742429463164
year2023,P-confirm5-v5profit50,reset_liquidate,2024-01-03,-0.0037440586042376766
year2023,P-confirm5-v5profit50,reset_liquidate,2024-01-04,-0.00468437181767708
year2023,P-confirm5-v5profit50,reset_liquidate,2024-01-05,0.0008395991965656879
year2023,P-confirm5-v5profit50,reset_liquidate,2024-01-08,0.008721047511310176
year2023,P-confirm5-v5profit50,reset_liquidate,2024-01-09,-0.010560151040595656
year2023,P-confirm5-v5profit50,reset_liquidate,2024-01-10,-0.0006986775780871591
year2023,P-confirm5-v5profit50,reset_liquidate,2024-01-11,0.002778025282119012
year2023,P-confirm5-v5profit50,reset_liquidate,2024-01-12,-0.003757955758826803
year2023,P-confirm5-v5profit50,reset_liquidate,2024-01-16,-0.017044667583995865
year2023,P-confirm5-v5profit50,reset_liquidate,2024-01-17,-0.01480262183192419
year2023,P-confirm5-v5profit50,reset_liquidate,2024-01-18,0.0011820391388204453
year2023,P-confirm5-v5profit50,reset_liquidate,2024-01-19,0.00217081803386755
year2023,P-confirm5-v5profit50,reset_liquidate,2024-01-22,0.0003050603611035152
year2023,P-confirm5-v5profit50,reset_liquidate,2024-01-23,0.00428003513409172
year2023,P-confirm5-v5profit50,reset_liquidate,2024-01-24,0.011037387211502658
year2023,P-confirm5-v5profit50,reset_liquidate,2024-01-25,0.0069570134572984
year2023,P-confirm5-v5profit50,reset_liquidate,2024-01-26,0.0007362622401587915
year2023,P-confirm5-v5profit50,reset_liquidate,2024-01-29,0.004784871937968593
year2023,P-confirm5-v5profit50,reset_liquidate,2024-01-30,-0.00584333792050804
year2023,P-confirm5-v5profit50,reset_liquidate,2024-01-31,-0.008662240099001383
year2023,P-confirm5-v5profit50,reset_liquidate,2024-02-01,-0.0006495925063261132
year2023,P-confirm5-v5profit50,reset_liquidate,2024-02-02,-0.0011764875082917348
year2023,P-confirm5-v5profit50,reset_liquidate,2024-02-05,-0.001605426947511135
year2023,P-confirm5-v5profit50,reset_liquidate,2024-02-06,0.003947224460900822
year2023,P-confirm5-v5profit50,reset_liquidate,2024-02-07,0.0008847592806541016
year2023,P-confirm5-v5profit50,reset_liquidate,2024-02-08,-0.005718364455584446
year2023,P-confirm5-v5profit50,reset_liquidate,2024-02-09,0.001559631688280494
year2023,P-confirm5-v5profit50,reset_liquidate,2024-02-12,-0.0016047639234017309
year2023,P-confirm5-v5profit50,reset_liquidate,2024-02-13,-0.002216944079008021
year2023,P-confirm5-v5profit50,reset_liquidate,2024-02-14,0.005025332065082666
year2023,P-confirm5-v5profit50,reset_liquidate,2024-02-15,0.0002669036834415217
year2023,P-confirm5-v5profit50,reset_liquidate,2024-02-16,-0.003178428520178045
year2023,P-confirm5-v5profit50,reset_liquidate,2024-02-20,-0.0010834242696219243
year2023,P-confirm5-v5profit50,reset_liquidate,2024-02-21,0.0007038299703159168
year2023,P-confirm5-v5profit50,reset_liquidate,2024-02-22,0.0037174524541442543
year2023,P-confirm5-v5profit50,reset_liquidate,2024-02-23,-0.0009245831952549687
year2023,P-confirm5-v5profit50,reset_liquidate,2024-02-26,-0.004599951614821551
year2023,P-confirm5-v5profit50,reset_liquidate,2024-02-27,0.0021181829811880437
year2023,P-confirm5-v5profit50,reset_liquidate,2024-02-28,-0.0021815424874034096
year2023,P-confirm5-v5profit50,reset_liquidate,2024-02-29,0.0029454489499617597
year2023,P-confirm5-v5profit50,reset_liquidate,2024-03-01,0.007654076199809489
year2023,P-confirm5-v5profit50,reset_liquidate,2024-03-04,0.0028887682369805323
year2023,P-confirm5-v5profit50,reset_liquidate,2024-03-05,-0.004913644182543564
year2023,P-confirm5-v5profit50,reset_liquidate,2024-03-06,0.0029083203275570456
year2023,P-confirm5-v5profit50,reset_liquidate,2024-03-07,0.008038289224598195
year2023,P-confirm5-v5profit50,reset_liquidate,2024-03-08,-0.006867809289756522
year2023,P-confirm5-v5profit50,reset_liquidate,2024-03-11,-0.0030655822389225483
year2023,P-confirm5-v5profit50,reset_liquidate,2024-03-12,0.01150617045732758
year2023,P-confirm5-v5profit50,reset_liquidate,2024-03-13,-0.0014252657298986725
year2023,P-confirm5-v5profit50,reset_liquidate,2024-03-14,-0.0002170679343948323
year2023,P-confirm5-v5profit50,reset_liquidate,2024-03-15,-0.004379673209750123
year2023,P-confirm5-v5profit50,reset_liquidate,2024-03-18,0.007588504937938945
year2023,P-confirm5-v5profit50,reset_liquidate,2024-03-19,0.001986047277882941
year2023,P-confirm5-v5profit50,reset_liquidate,2024-03-20,0.004278641895924218
year2023,P-confirm5-v5profit50,reset_liquidate,2024-03-21,0.0005900129684583532
year2023,P-confirm5-v5profit50,reset_liquidate,2024-03-22,0.0059734247525772945
year2023,P-confirm5-v5profit50,reset_liquidate,2024-03-25,-0.0023920266953337266
year2023,P-confirm5-v5profit50,reset_liquidate,2024-03-26,0.0003973482624812674
year2023,P-confirm5-v5profit50,reset_liquidate,2024-03-27,-0.0024160991544916245
year2023,P-confirm5-v5profit50,reset_liquidate,2024-03-28,-0.0011392480396961613
year2023,P-confirm5-v5profit50,reset_liquidate,2024-04-01,0.0048375327172505145
year2023,P-confirm5-v5profit50,reset_liquidate,2024-04-02,-0.0006143899789663565
year2023,P-confirm5-v5profit50,reset_liquidate,2024-04-03,0.0028167231549345974
year2023,P-confirm5-v5profit50,reset_liquidate,2024-04-04,-0.004887425719887828
year2023,P-confirm5-v5profit50,reset_liquidate,2024-04-05,0.004393908394472468
year2023,P-confirm5-v5profit50,reset_liquidate,2024-04-08,0.0003196344904475401
year2023,P-confirm5-v5profit50,reset_liquidate,2024-04-09,-0.0004946094242154642
year2023,P-confirm5-v5profit50,reset_liquidate,2024-04-10,-0.0002322742549647594
year2023,P-confirm5-v5profit50,reset_liquidate,2024-04-11,0.0037432095312557533
year2023,P-confirm5-v5profit50,reset_liquidate,2024-04-12,-0.002606671218309786
year2023,P-confirm5-v5profit50,reset_liquidate,2024-04-15,-0.00629490918809561
year2023,P-confirm5-v5profit50,reset_liquidate,2024-04-16,0.0016381749705633108
year2023,P-confirm5-v5profit50,reset_liquidate,2024-04-17,-0.0011859634636087856
year2023,P-confirm5-v5profit50,reset_liquidate,2024-04-18,-0.004671909824278275
year2023,P-confirm5-v5profit50,reset_liquidate,2024-04-19,-0.007652765361516001
year2023,P-confirm5-v5profit50,reset_liquidate,2024-04-22,-0.006686057707156701
year2023,P-confirm5-v5profit50,reset_liquidate,2024-04-23,0.006609153472025953
year2023,P-confirm5-v5profit50,reset_liquidate,2024-04-24,-0.00700839133989416
year2023,P-confirm5-v5profit50,reset_liquidate,2024-04-25,-0.0019743408202590683
year2023,P-confirm5-v5profit50,reset_liquidate,2024-04-26,0.011374646628586293
year2023,P-confirm5-v5profit50,reset_liquidate,2024-04-29,-0.009489560799038722
year2023,P-confirm5-v5profit50,reset_liquidate,2024-04-30,-0.009307278211093927
year2023,P-confirm5-v5profit50,reset_liquidate,2024-05-01,-0.0004296608143612546
year2023,P-confirm5-v5profit50,reset_liquidate,2024-05-02,0.008676988048939016
year2023,P-confirm5-v5profit50,reset_liquidate,2024-05-03,0.01049498443138459
year2023,P-confirm5-v5profit50,reset_liquidate,2024-05-06,0.015360458671305732
year2023,P-confirm5-v5profit50,reset_liquidate,2024-05-07,-0.002801893589450133
year2023,P-confirm5-v5profit50,reset_liquidate,2024-05-08,-0.009563372729352737
year2023,P-confirm5-v5profit50,reset_liquidate,2024-05-09,-0.0029319109682296785
year2023,P-confirm5-v5profit50,reset_liquidate,2024-05-10,-0.005360754851275395
year2023,P-confirm5-v5profit50,reset_liquidate,2024-05-13,0.001763418622864965
year2023,P-confirm5-v5profit50,reset_liquidate,2024-05-14,0.016990741199562908
year2023,P-confirm5-v5profit50,reset_liquidate,2024-05-15,0.0025170802745681175
year2023,P-confirm5-v5profit50,reset_liquidate,2024-05-16,0.002351328097865779
year2023,P-confirm5-v5profit50,reset_liquidate,2024-05-17,0.008496705141773087
year2023,P-confirm5-v5profit50,reset_liquidate,2024-05-20,0.010071473999713842
year2023,P-confirm5-v5profit50,reset_liquidate,2024-05-21,0.006000332921704443
year2023,P-confirm5-v5profit50,reset_liquidate,2024-05-22,-0.006091733814311995
year2023,P-confirm5-v5profit50,reset_liquidate,2024-05-23,-0.008046108364928927
year2023,P-confirm5-v5profit50,reset_liquidate,2024-05-24,0.013916658342984256
year2023,P-confirm5-v5profit50,reset_liquidate,2024-05-28,-0.00042503835159899415
year2023,P-confirm5-v5profit50,reset_liquidate,2024-05-29,-0.0050543629114365605
year2023,P-confirm5-v5profit50,reset_liquidate,2024-05-30,-0.008213421172054836
year2023,P-confirm5-v5profit50,reset_liquidate,2024-05-31,-0.010705859308071598
year2023,P-confirm5-v5profit50,reset_liquidate,2024-06-03,0.0014263052240362506
year2023,P-confirm5-v5profit50,reset_liquidate,2024-06-04,-0.006439547127158029
year2023,P-confirm5-v5profit50,reset_liquidate,2024-06-05,0.015326879130561188
year2023,P-confirm5-v5profit50,reset_liquidate,2024-06-06,0.00015445310887792773
year2023,P-confirm5-v5profit50,reset_liquidate,2024-06-07,-0.0020141931220550857
year2023,P-confirm5-v5profit50,reset_liquidate,2024-06-10,-0.0028871686666321005
year2023,P-confirm5-v5profit50,reset_liquidate,2024-06-11,0.00293550340048786
year2023,P-confirm5-v5profit50,reset_liquidate,2024-06-12,0.013315169306184815
year2023,P-confirm5-v5profit50,reset_liquidate,2024-06-13,0.0002982868967423502
year2023,P-confirm5-v5profit50,reset_liquidate,2024-06-14,0.002528918724513918
year2023,P-confirm5-v5profit50,reset_liquidate,2024-06-17,0.012345761419488354
year2023,P-confirm5-v5profit50,reset_liquidate,2024-06-18,-0.002812469434636855
year2023,P-confirm5-v5profit50,reset_liquidate,2024-06-20,-0.016207526847935548
year2023,P-confirm5-v5profit50,reset_liquidate,2024-06-21,0.005086711706210345
year2023,P-confirm5-v5profit50,reset_liquidate,2024-06-24,-0.006811697909628667
year2023,P-confirm5-v5profit50,reset_liquidate,2024-06-25,0.00987469846444644
year2023,P-confirm5-v5profit50,reset_liquidate,2024-06-26,0.0064122709063114125
year2023,P-confirm5-v5profit50,reset_liquidate,2024-06-27,0.0032258541643392035
year2023,P-confirm5-v5profit50,reset_liquidate,2024-06-28,-0.004731831163538258
year2023,P-confirm5-v5profit50,reset_liquidate,2024-07-01,0.015839571030852973
year2023,P-confirm5-v5profit50,reset_liquidate,2024-07-02,0.015341471567540033
year2023,P-confirm5-v5profit50,reset_liquidate,2024-07-03,0.010730457187769904
year2023,P-confirm5-v5profit50,reset_liquidate,2024-07-05,0.010461869312487937
year2023,P-confirm5-v5profit50,reset_liquidate,2024-07-08,-0.0016046976053388784
year2023,P-confirm5-v5profit50,reset_liquidate,2024-07-09,0.0010646125342372859
year2023,P-confirm5-v5profit50,reset_liquidate,2024-07-10,0.00405689665571971
year2023,P-confirm5-v5profit50,reset_liquidate,2024-07-11,-0.028077376095690398
year2023,P-confirm5-v5profit50,reset_liquidate,2024-07-12,-0.0003895218131914513
year2023,P-confirm5-v5profit50,reset_liquidate,2024-07-15,0.009527066309999022
year2023,P-confirm5-v5profit50,reset_liquidate,2024-07-16,0.015466146955033743
year2023,P-confirm5-v5profit50,reset_liquidate,2024-07-17,-0.024460885342480088
year2023,P-confirm5-v5profit50,reset_liquidate,2024-07-18,-0.012978813958134827
year2023,P-confirm5-v5profit50,reset_liquidate,2024-07-19,-0.004232440569560214
year2023,P-confirm5-v5profit50,reset_liquidate,2024-07-22,0.00903520820777417
year2023,P-confirm5-v5profit50,reset_liquidate,2024-07-23,0.00043961995202150826
year2023,P-confirm5-v5profit50,reset_liquidate,2024-07-24,-0.011356002136456034
year2023,P-confirm5-v5profit50,reset_liquidate,2024-07-25,-0.00023754222198651975
year2023,P-confirm5-v5profit50,reset_liquidate,2024-07-26,-0.001051622703679922
year2023,P-confirm5-v5profit50,reset_liquidate,2024-07-29,0.0012583514055798494
year2023,P-confirm5-v5profit50,reset_liquidate,2024-07-30,-0.0007828462663466151
year2023,P-confirm5-v5profit50,reset_liquidate,2024-07-31,0.002824703278501417
year2023,P-confirm5-v5profit50,reset_liquidate,2024-08-01,-0.0057517124351667785
year2023,P-confirm5-v5profit50,reset_liquidate,2024-08-02,-0.007761887498994235
year2023,P-confirm5-v5profit50,reset_liquidate,2024-08-05,-0.015210094117333373
year2023,P-confirm5-v5profit50,reset_liquidate,2024-08-06,0.006839810996999085
year2023,P-confirm5-v5profit50,reset_liquidate,2024-08-07,-0.0019598290032556307
year2023,P-confirm5-v5profit50,reset_liquidate,2024-08-08,0.019176116414693613
year2023,P-confirm5-v5profit50,reset_liquidate,2024-08-09,0.0013938696782453742
year2023,P-confirm5-v5profit50,reset_liquidate,2024-08-12,0.0029064269530301944
year2023,P-confirm5-v5profit50,reset_liquidate,2024-08-13,0.011492292417558624
year2023,P-confirm5-v5profit50,reset_liquidate,2024-08-14,-0.00336073414784156
year2023,P-confirm5-v5profit50,reset_liquidate,2024-08-15,0.01358550025181926
year2023,P-confirm5-v5profit50,reset_liquidate,2024-08-16,0.007413515955157446
year2023,P-confirm5-v5profit50,reset_liquidate,2024-08-19,0.00963546662474224
year2023,P-confirm5-v5profit50,reset_liquidate,2024-08-20,-0.003048072884442021
year2023,P-confirm5-v5profit50,reset_liquidate,2024-08-21,0.00561128181136381
year2023,P-confirm5-v5profit50,reset_liquidate,2024-08-22,-0.00919044735437501
year2023,P-confirm5-v5profit50,reset_liquidate,2024-08-23,0.01575754915425165
year2023,P-confirm5-v5profit50,reset_liquidate,2024-08-26,-0.007655726441060995
year2023,P-confirm5-v5profit50,reset_mark,2023-08-28,0.0
year2023,P-confirm5-v5profit50,reset_mark,2023-08-29,0.0
year2023,P-confirm5-v5profit50,reset_mark,2023-08-30,0.0007153332151394132
year2023,P-confirm5-v5profit50,reset_mark,2023-08-31,0.00021341866037090097
year2023,P-confirm5-v5profit50,reset_mark,2023-09-01,-0.0011190466100203355
year2023,P-confirm5-v5profit50,reset_mark,2023-09-05,0.0015453094915229616
year2023,P-confirm5-v5profit50,reset_mark,2023-09-06,-0.002150709956694663
year2023,P-confirm5-v5profit50,reset_mark,2023-09-07,0.002087115741237455
year2023,P-confirm5-v5profit50,reset_mark,2023-09-08,0.004650615642522693
year2023,P-confirm5-v5profit50,reset_mark,2023-09-11,0.0029388829498233626
year2023,P-confirm5-v5profit50,reset_mark,2023-09-12,-0.0031167008769741543
year2023,P-confirm5-v5profit50,reset_mark,2023-09-13,0.00011914507900978588
year2023,P-confirm5-v5profit50,reset_mark,2023-09-14,-0.00041061191074540646
year2023,P-confirm5-v5profit50,reset_mark,2023-09-15,-0.0008566191946850265
year2023,P-confirm5-v5profit50,reset_mark,2023-09-18,-1.5717225632982944e-06
year2023,P-confirm5-v5profit50,reset_mark,2023-09-19,-0.0011821571069772995
year2023,P-confirm5-v5profit50,reset_mark,2023-09-20,-0.0038099099643507327
year2023,P-confirm5-v5profit50,reset_mark,2023-09-21,-0.008519298743148574
year2023,P-confirm5-v5profit50,reset_mark,2023-09-22,0.00030390997715042947
year2023,P-confirm5-v5profit50,reset_mark,2023-09-25,0.0006869949980674806
year2023,P-confirm5-v5profit50,reset_mark,2023-09-26,-0.0037337481632518377
year2023,P-confirm5-v5profit50,reset_mark,2023-09-27,0.001851848241829468
year2023,P-confirm5-v5profit50,reset_mark,2023-09-28,0.0018046452323042471
year2023,P-confirm5-v5profit50,reset_mark,2023-09-29,0.0010918536319392657
year2023,P-confirm5-v5profit50,reset_mark,2023-10-02,-0.00104733001163112
year2023,P-confirm5-v5profit50,reset_mark,2023-10-03,-0.0015743897014225295
year2023,P-confirm5-v5profit50,reset_mark,2023-10-04,0.0021305286449191827
year2023,P-confirm5-v5profit50,reset_mark,2023-10-05,-0.0011253004990234294
year2023,P-confirm5-v5profit50,reset_mark,2023-10-06,0.006455904790843392
year2023,P-confirm5-v5profit50,reset_mark,2023-10-09,0.0011628637985866552
year2023,P-confirm5-v5profit50,reset_mark,2023-10-10,0.0020561922147582347
year2023,P-confirm5-v5profit50,reset_mark,2023-10-11,0.0023800862928549773
year2023,P-confirm5-v5profit50,reset_mark,2023-10-12,-0.009710144393584086
year2023,P-confirm5-v5profit50,reset_mark,2023-10-13,-0.007802476064513763
year2023,P-confirm5-v5profit50,reset_mark,2023-10-16,0.00864311383657168
year2023,P-confirm5-v5profit50,reset_mark,2023-10-17,-0.004922656737702935
year2023,P-confirm5-v5profit50,reset_mark,2023-10-18,-0.013281507350181198
year2023,P-confirm5-v5profit50,reset_mark,2023-10-19,-0.0075282025405222445
year2023,P-confirm5-v5profit50,reset_mark,2023-10-20,-0.014531114166937231
year2023,P-confirm5-v5profit50,reset_mark,2023-10-23,0.003843208729694214
year2023,P-confirm5-v5profit50,reset_mark,2023-10-24,0.013914850385460675
year2023,P-confirm5-v5profit50,reset_mark,2023-10-25,-0.02012609910074332
year2023,P-confirm5-v5profit50,reset_mark,2023-10-26,-0.008561050595057273
year2023,P-confirm5-v5profit50,reset_mark,2023-10-27,0.0033406468650115984
year2023,P-confirm5-v5profit50,reset_mark,2023-10-30,0.006791820762849987
year2023,P-confirm5-v5profit50,reset_mark,2023-10-31,-0.003118632794374221
year2023,P-confirm5-v5profit50,reset_mark,2023-11-01,3.6055306684579234e-05
year2023,P-confirm5-v5profit50,reset_mark,2023-11-02,0.003331441080381259
year2023,P-confirm5-v5profit50,reset_mark,2023-11-03,0.019820227847584925
year2023,P-confirm5-v5profit50,reset_mark,2023-11-06,-0.009586929448784342
year2023,P-confirm5-v5profit50,reset_mark,2023-11-07,0.011858610989432316
year2023,P-confirm5-v5profit50,reset_mark,2023-11-08,-0.005565067789443823
year2023,P-confirm5-v5profit50,reset_mark,2023-11-09,-0.008612385892476693
year2023,P-confirm5-v5profit50,reset_mark,2023-11-10,0.005442702069304095
year2023,P-confirm5-v5profit50,reset_mark,2023-11-13,0.0022398441409384852
year2023,P-confirm5-v5profit50,reset_mark,2023-11-14,0.017293928512948132
year2023,P-confirm5-v5profit50,reset_mark,2023-11-15,0.011498953654383725
year2023,P-confirm5-v5profit50,reset_mark,2023-11-16,-0.011963642622701165
year2023,P-confirm5-v5profit50,reset_mark,2023-11-17,-8.914382082214622e-06
year2023,P-confirm5-v5profit50,reset_mark,2023-11-20,0.014555462999352353
year2023,P-confirm5-v5profit50,reset_mark,2023-11-21,-0.007868567788877534
year2023,P-confirm5-v5profit50,reset_mark,2023-11-22,0.004346633884090156
year2023,P-confirm5-v5profit50,reset_mark,2023-11-24,0.003071779302995581
year2023,P-confirm5-v5profit50,reset_mark,2023-11-27,-0.005821726398585458
year2023,P-confirm5-v5profit50,reset_mark,2023-11-28,-0.0021099145639854157
year2023,P-confirm5-v5profit50,reset_mark,2023-11-29,-0.0047186011038988455
year2023,P-confirm5-v5profit50,reset_mark,2023-11-30,0.005611817305440125
year2023,P-confirm5-v5profit50,reset_mark,2023-12-01,9.380560977381158e-05
year2023,P-confirm5-v5profit50,reset_mark,2023-12-04,-0.0012391961289680675
year2023,P-confirm5-v5profit50,reset_mark,2023-12-05,-0.0028518327749567085
year2023,P-confirm5-v5profit50,reset_mark,2023-12-06,0.00020595958664660908
year2023,P-confirm5-v5profit50,reset_mark,2023-12-07,0.001912774634114689
year2023,P-confirm5-v5profit50,reset_mark,2023-12-08,0.0026459884020338274
year2023,P-confirm5-v5profit50,reset_mark,2023-12-11,0.007466659089454697
year2023,P-confirm5-v5profit50,reset_mark,2023-12-12,-0.001479301710057046
year2023,P-confirm5-v5profit50,reset_mark,2023-12-13,0.009492357598262946
year2023,P-confirm5-v5profit50,reset_mark,2023-12-14,0.009163401217574607
year2023,P-confirm5-v5profit50,reset_mark,2023-12-15,0.0009085561690634347
year2023,P-confirm5-v5profit50,reset_mark,2023-12-18,0.004364154686384458
year2023,P-confirm5-v5profit50,reset_mark,2023-12-19,0.007644333336006004
year2023,P-confirm5-v5profit50,reset_mark,2023-12-20,-0.011241554147667632
year2023,P-confirm5-v5profit50,reset_mark,2023-12-21,0.01085338692729878
year2023,P-confirm5-v5profit50,reset_mark,2023-12-22,0.002934819404986788
year2023,P-confirm5-v5profit50,reset_mark,2023-12-26,0.0067856950565155175
year2023,P-confirm5-v5profit50,reset_mark,2023-12-27,0.004217599336848709
year2023,P-confirm5-v5profit50,reset_mark,2023-12-28,-0.0011702810443565248
year2023,P-confirm5-v5profit50,reset_mark,2023-12-29,-0.0025611968386034857
year2023,P-confirm5-v5profit50,reset_mark,2024-01-02,-0.002998742429463164
year2023,P-confirm5-v5profit50,reset_mark,2024-01-03,-0.0037440586042376766
year2023,P-confirm5-v5profit50,reset_mark,2024-01-04,-0.00468437181767708
year2023,P-confirm5-v5profit50,reset_mark,2024-01-05,0.0008395991965656879
year2023,P-confirm5-v5profit50,reset_mark,2024-01-08,0.008721047511310176
year2023,P-confirm5-v5profit50,reset_mark,2024-01-09,-0.010560151040595656
year2023,P-confirm5-v5profit50,reset_mark,2024-01-10,-0.0006986775780871591
year2023,P-confirm5-v5profit50,reset_mark,2024-01-11,0.002778025282119012
year2023,P-confirm5-v5profit50,reset_mark,2024-01-12,-0.003757955758826803
year2023,P-confirm5-v5profit50,reset_mark,2024-01-16,-0.017044667583995865
year2023,P-confirm5-v5profit50,reset_mark,2024-01-17,-0.01480262183192419
year2023,P-confirm5-v5profit50,reset_mark,2024-01-18,0.0011820391388204453
year2023,P-confirm5-v5profit50,reset_mark,2024-01-19,0.00217081803386755
year2023,P-confirm5-v5profit50,reset_mark,2024-01-22,0.0003050603611035152
year2023,P-confirm5-v5profit50,reset_mark,2024-01-23,0.00428003513409172
year2023,P-confirm5-v5profit50,reset_mark,2024-01-24,0.011037387211502658
year2023,P-confirm5-v5profit50,reset_mark,2024-01-25,0.0069570134572984
year2023,P-confirm5-v5profit50,reset_mark,2024-01-26,0.0007362622401587915
year2023,P-confirm5-v5profit50,reset_mark,2024-01-29,0.004784871937968593
year2023,P-confirm5-v5profit50,reset_mark,2024-01-30,-0.00584333792050804
year2023,P-confirm5-v5profit50,reset_mark,2024-01-31,-0.008662240099001383
year2023,P-confirm5-v5profit50,reset_mark,2024-02-01,-0.0006495925063261132
year2023,P-confirm5-v5profit50,reset_mark,2024-02-02,-0.0011764875082917348
year2023,P-confirm5-v5profit50,reset_mark,2024-02-05,-0.001605426947511135
year2023,P-confirm5-v5profit50,reset_mark,2024-02-06,0.003947224460900822
year2023,P-confirm5-v5profit50,reset_mark,2024-02-07,0.0008847592806541016
year2023,P-confirm5-v5profit50,reset_mark,2024-02-08,-0.005718364455584446
year2023,P-confirm5-v5profit50,reset_mark,2024-02-09,0.001559631688280494
year2023,P-confirm5-v5profit50,reset_mark,2024-02-12,-0.0016047639234017309
year2023,P-confirm5-v5profit50,reset_mark,2024-02-13,-0.002216944079008021
year2023,P-confirm5-v5profit50,reset_mark,2024-02-14,0.005025332065082666
year2023,P-confirm5-v5profit50,reset_mark,2024-02-15,0.0002669036834415217
year2023,P-confirm5-v5profit50,reset_mark,2024-02-16,-0.003178428520178045
year2023,P-confirm5-v5profit50,reset_mark,2024-02-20,-0.0010834242696219243
year2023,P-confirm5-v5profit50,reset_mark,2024-02-21,0.0007038299703159168
year2023,P-confirm5-v5profit50,reset_mark,2024-02-22,0.0037174524541442543
year2023,P-confirm5-v5profit50,reset_mark,2024-02-23,-0.0009245831952549687
year2023,P-confirm5-v5profit50,reset_mark,2024-02-26,-0.004599951614821551
year2023,P-confirm5-v5profit50,reset_mark,2024-02-27,0.0021181829811880437
year2023,P-confirm5-v5profit50,reset_mark,2024-02-28,-0.0021815424874034096
year2023,P-confirm5-v5profit50,reset_mark,2024-02-29,0.0029454489499617597
year2023,P-confirm5-v5profit50,reset_mark,2024-03-01,0.007654076199809489
year2023,P-confirm5-v5profit50,reset_mark,2024-03-04,0.0028887682369805323
year2023,P-confirm5-v5profit50,reset_mark,2024-03-05,-0.004913644182543564
year2023,P-confirm5-v5profit50,reset_mark,2024-03-06,0.0029083203275570456
year2023,P-confirm5-v5profit50,reset_mark,2024-03-07,0.008038289224598195
year2023,P-confirm5-v5profit50,reset_mark,2024-03-08,-0.006867809289756522
year2023,P-confirm5-v5profit50,reset_mark,2024-03-11,-0.0030655822389225483
year2023,P-confirm5-v5profit50,reset_mark,2024-03-12,0.01150617045732758
year2023,P-confirm5-v5profit50,reset_mark,2024-03-13,-0.0014252657298986725
year2023,P-confirm5-v5profit50,reset_mark,2024-03-14,-0.0002170679343948323
year2023,P-confirm5-v5profit50,reset_mark,2024-03-15,-0.004379673209750123
year2023,P-confirm5-v5profit50,reset_mark,2024-03-18,0.007588504937938945
year2023,P-confirm5-v5profit50,reset_mark,2024-03-19,0.001986047277882941
year2023,P-confirm5-v5profit50,reset_mark,2024-03-20,0.004278641895924218
year2023,P-confirm5-v5profit50,reset_mark,2024-03-21,0.0005900129684583532
year2023,P-confirm5-v5profit50,reset_mark,2024-03-22,0.0059734247525772945
year2023,P-confirm5-v5profit50,reset_mark,2024-03-25,-0.0023920266953337266
year2023,P-confirm5-v5profit50,reset_mark,2024-03-26,0.0003973482624812674
year2023,P-confirm5-v5profit50,reset_mark,2024-03-27,-0.0024160991544916245
year2023,P-confirm5-v5profit50,reset_mark,2024-03-28,-0.0011392480396961613
year2023,P-confirm5-v5profit50,reset_mark,2024-04-01,0.0048375327172505145
year2023,P-confirm5-v5profit50,reset_mark,2024-04-02,-0.0006143899789663565
year2023,P-confirm5-v5profit50,reset_mark,2024-04-03,0.0028167231549345974
year2023,P-confirm5-v5profit50,reset_mark,2024-04-04,-0.004887425719887828
year2023,P-confirm5-v5profit50,reset_mark,2024-04-05,0.004393908394472468
year2023,P-confirm5-v5profit50,reset_mark,2024-04-08,0.0003196344904475401
year2023,P-confirm5-v5profit50,reset_mark,2024-04-09,-0.0004946094242154642
year2023,P-confirm5-v5profit50,reset_mark,2024-04-10,-0.0002322742549647594
year2023,P-confirm5-v5profit50,reset_mark,2024-04-11,0.0037432095312557533
year2023,P-confirm5-v5profit50,reset_mark,2024-04-12,-0.002606671218309786
year2023,P-confirm5-v5profit50,reset_mark,2024-04-15,-0.00629490918809561
year2023,P-confirm5-v5profit50,reset_mark,2024-04-16,0.0016381749705633108
year2023,P-confirm5-v5profit50,reset_mark,2024-04-17,-0.0011859634636087856
year2023,P-confirm5-v5profit50,reset_mark,2024-04-18,-0.004671909824278275
year2023,P-confirm5-v5profit50,reset_mark,2024-04-19,-0.007652765361516001
year2023,P-confirm5-v5profit50,reset_mark,2024-04-22,-0.006686057707156701
year2023,P-confirm5-v5profit50,reset_mark,2024-04-23,0.006609153472025953
year2023,P-confirm5-v5profit50,reset_mark,2024-04-24,-0.00700839133989416
year2023,P-confirm5-v5profit50,reset_mark,2024-04-25,-0.0019743408202590683
year2023,P-confirm5-v5profit50,reset_mark,2024-04-26,0.011374646628586293
year2023,P-confirm5-v5profit50,reset_mark,2024-04-29,-0.009489560799038722
year2023,P-confirm5-v5profit50,reset_mark,2024-04-30,-0.009307278211093927
year2023,P-confirm5-v5profit50,reset_mark,2024-05-01,-0.0004296608143612546
year2023,P-confirm5-v5profit50,reset_mark,2024-05-02,0.008676988048939016
year2023,P-confirm5-v5profit50,reset_mark,2024-05-03,0.01049498443138459
year2023,P-confirm5-v5profit50,reset_mark,2024-05-06,0.015360458671305732
year2023,P-confirm5-v5profit50,reset_mark,2024-05-07,-0.002801893589450133
year2023,P-confirm5-v5profit50,reset_mark,2024-05-08,-0.009563372729352737
year2023,P-confirm5-v5profit50,reset_mark,2024-05-09,-0.0029319109682296785
year2023,P-confirm5-v5profit50,reset_mark,2024-05-10,-0.005360754851275395
year2023,P-confirm5-v5profit50,reset_mark,2024-05-13,0.001763418622864965
year2023,P-confirm5-v5profit50,reset_mark,2024-05-14,0.016990741199562908
year2023,P-confirm5-v5profit50,reset_mark,2024-05-15,0.0025170802745681175
year2023,P-confirm5-v5profit50,reset_mark,2024-05-16,0.002351328097865779
year2023,P-confirm5-v5profit50,reset_mark,2024-05-17,0.008496705141773087
year2023,P-confirm5-v5profit50,reset_mark,2024-05-20,0.010071473999713842
year2023,P-confirm5-v5profit50,reset_mark,2024-05-21,0.006000332921704443
year2023,P-confirm5-v5profit50,reset_mark,2024-05-22,-0.006091733814311995
year2023,P-confirm5-v5profit50,reset_mark,2024-05-23,-0.008046108364928927
year2023,P-confirm5-v5profit50,reset_mark,2024-05-24,0.013916658342984256
year2023,P-confirm5-v5profit50,reset_mark,2024-05-28,-0.00042503835159899415
year2023,P-confirm5-v5profit50,reset_mark,2024-05-29,-0.0050543629114365605
year2023,P-confirm5-v5profit50,reset_mark,2024-05-30,-0.008213421172054836
year2023,P-confirm5-v5profit50,reset_mark,2024-05-31,-0.010705859308071598
year2023,P-confirm5-v5profit50,reset_mark,2024-06-03,0.0014263052240362506
year2023,P-confirm5-v5profit50,reset_mark,2024-06-04,-0.006439547127158029
year2023,P-confirm5-v5profit50,reset_mark,2024-06-05,0.015326879130561188
year2023,P-confirm5-v5profit50,reset_mark,2024-06-06,0.00015445310887792773
year2023,P-confirm5-v5profit50,reset_mark,2024-06-07,-0.0020141931220550857
year2023,P-confirm5-v5profit50,reset_mark,2024-06-10,-0.0028871686666321005
year2023,P-confirm5-v5profit50,reset_mark,2024-06-11,0.00293550340048786
year2023,P-confirm5-v5profit50,reset_mark,2024-06-12,0.013315169306184815
year2023,P-confirm5-v5profit50,reset_mark,2024-06-13,0.0002982868967423502
year2023,P-confirm5-v5profit50,reset_mark,2024-06-14,0.002528918724513918
year2023,P-confirm5-v5profit50,reset_mark,2024-06-17,0.012345761419488354
year2023,P-confirm5-v5profit50,reset_mark,2024-06-18,-0.002812469434636855
year2023,P-confirm5-v5profit50,reset_mark,2024-06-20,-0.016207526847935548
year2023,P-confirm5-v5profit50,reset_mark,2024-06-21,0.005086711706210345
year2023,P-confirm5-v5profit50,reset_mark,2024-06-24,-0.006811697909628667
year2023,P-confirm5-v5profit50,reset_mark,2024-06-25,0.00987469846444644
year2023,P-confirm5-v5profit50,reset_mark,2024-06-26,0.0064122709063114125
year2023,P-confirm5-v5profit50,reset_mark,2024-06-27,0.0032258541643392035
year2023,P-confirm5-v5profit50,reset_mark,2024-06-28,-0.004731831163538258
year2023,P-confirm5-v5profit50,reset_mark,2024-07-01,0.015839571030852973
year2023,P-confirm5-v5profit50,reset_mark,2024-07-02,0.015341471567540033
year2023,P-confirm5-v5profit50,reset_mark,2024-07-03,0.010730457187769904
year2023,P-confirm5-v5profit50,reset_mark,2024-07-05,0.010461869312487937
year2023,P-confirm5-v5profit50,reset_mark,2024-07-08,-0.0016046976053388784
year2023,P-confirm5-v5profit50,reset_mark,2024-07-09,0.0010646125342372859
year2023,P-confirm5-v5profit50,reset_mark,2024-07-10,0.00405689665571971
year2023,P-confirm5-v5profit50,reset_mark,2024-07-11,-0.028077376095690398
year2023,P-confirm5-v5profit50,reset_mark,2024-07-12,-0.0003895218131914513
year2023,P-confirm5-v5profit50,reset_mark,2024-07-15,0.009527066309999022
year2023,P-confirm5-v5profit50,reset_mark,2024-07-16,0.015466146955033743
year2023,P-confirm5-v5profit50,reset_mark,2024-07-17,-0.024460885342480088
year2023,P-confirm5-v5profit50,reset_mark,2024-07-18,-0.012978813958134827
year2023,P-confirm5-v5profit50,reset_mark,2024-07-19,-0.004232440569560214
year2023,P-confirm5-v5profit50,reset_mark,2024-07-22,0.00903520820777417
year2023,P-confirm5-v5profit50,reset_mark,2024-07-23,0.00043961995202150826
year2023,P-confirm5-v5profit50,reset_mark,2024-07-24,-0.011356002136456034
year2023,P-confirm5-v5profit50,reset_mark,2024-07-25,-0.00023754222198651975
year2023,P-confirm5-v5profit50,reset_mark,2024-07-26,-0.001051622703679922
year2023,P-confirm5-v5profit50,reset_mark,2024-07-29,0.0012583514055798494
year2023,P-confirm5-v5profit50,reset_mark,2024-07-30,-0.0007828462663466151
year2023,P-confirm5-v5profit50,reset_mark,2024-07-31,0.002824703278501417
year2023,P-confirm5-v5profit50,reset_mark,2024-08-01,-0.0057517124351667785
year2023,P-confirm5-v5profit50,reset_mark,2024-08-02,-0.007761887498994235
year2023,P-confirm5-v5profit50,reset_mark,2024-08-05,-0.015210094117333373
year2023,P-confirm5-v5profit50,reset_mark,2024-08-06,0.006839810996999085
year2023,P-confirm5-v5profit50,reset_mark,2024-08-07,-0.0019598290032556307
year2023,P-confirm5-v5profit50,reset_mark,2024-08-08,0.019176116414693613
year2023,P-confirm5-v5profit50,reset_mark,2024-08-09,0.0013938696782453742
year2023,P-confirm5-v5profit50,reset_mark,2024-08-12,0.0029064269530301944
year2023,P-confirm5-v5profit50,reset_mark,2024-08-13,0.011492292417558624
year2023,P-confirm5-v5profit50,reset_mark,2024-08-14,-0.00336073414784156
year2023,P-confirm5-v5profit50,reset_mark,2024-08-15,0.01358550025181926
year2023,P-confirm5-v5profit50,reset_mark,2024-08-16,0.007413515955157446
year2023,P-confirm5-v5profit50,reset_mark,2024-08-19,0.00963546662474224
year2023,P-confirm5-v5profit50,reset_mark,2024-08-20,-0.003048072884442021
year2023,P-confirm5-v5profit50,reset_mark,2024-08-21,0.00561128181136381
year2023,P-confirm5-v5profit50,reset_mark,2024-08-22,-0.00919044735437501
year2023,P-confirm5-v5profit50,reset_mark,2024-08-23,0.01575754915425165
year2023,P-confirm5-v5profit50,reset_mark,2024-08-26,-0.007162889330391375
year2023,P-confirm5-v5profit50,carry_mark,2023-08-28,0.001766454478190005
year2023,P-confirm5-v5profit50,carry_mark,2023-08-29,0.012065025273645369
year2023,P-confirm5-v5profit50,carry_mark,2023-08-30,0.009317459598982492
year2023,P-confirm5-v5profit50,carry_mark,2023-08-31,-0.012670864965260853
year2023,P-confirm5-v5profit50,carry_mark,2023-09-01,-6.094574147742504e-05
year2023,P-confirm5-v5profit50,carry_mark,2023-09-05,-0.006911624833842678
year2023,P-confirm5-v5profit50,carry_mark,2023-09-06,-0.003475717234627507
year2023,P-confirm5-v5profit50,carry_mark,2023-09-07,0.001296528559530341
year2023,P-confirm5-v5profit50,carry_mark,2023-09-08,0.005316900771062882
year2023,P-confirm5-v5profit50,carry_mark,2023-09-11,0.0023274035452743314
year2023,P-confirm5-v5profit50,carry_mark,2023-09-12,-0.00547177818040343
year2023,P-confirm5-v5profit50,carry_mark,2023-09-13,0.0045954110885378045
year2023,P-confirm5-v5profit50,carry_mark,2023-09-14,0.0042611450780753015
year2023,P-confirm5-v5profit50,carry_mark,2023-09-15,-0.0017824396757769368
year2023,P-confirm5-v5profit50,carry_mark,2023-09-18,-0.009472320835395887
year2023,P-confirm5-v5profit50,carry_mark,2023-09-19,0.0011898821303599205
year2023,P-confirm5-v5profit50,carry_mark,2023-09-20,-0.009214905682685426
year2023,P-confirm5-v5profit50,carry_mark,2023-09-21,-0.012093343033670257
year2023,P-confirm5-v5profit50,carry_mark,2023-09-22,-0.0007241996687502139
year2023,P-confirm5-v5profit50,carry_mark,2023-09-25,-0.0009659999890538007
year2023,P-confirm5-v5profit50,carry_mark,2023-09-26,-0.00548524674612001
year2023,P-confirm5-v5profit50,carry_mark,2023-09-27,0.0034053773001755383
year2023,P-confirm5-v5profit50,carry_mark,2023-09-28,0.0029110633181158585
year2023,P-confirm5-v5profit50,carry_mark,2023-09-29,0.004776467071601886
year2023,P-confirm5-v5profit50,carry_mark,2023-10-02,0.0008880986732445417
year2023,P-confirm5-v5profit50,carry_mark,2023-10-03,-0.004410432728773062
year2023,P-confirm5-v5profit50,carry_mark,2023-10-04,0.005052601525744604
year2023,P-confirm5-v5profit50,carry_mark,2023-10-05,-0.002237187074299374
year2023,P-confirm5-v5profit50,carry_mark,2023-10-06,0.009813358629735069
year2023,P-confirm5-v5profit50,carry_mark,2023-10-09,-1.8689650547065727e-05
year2023,P-confirm5-v5profit50,carry_mark,2023-10-10,0.004165833633644677
year2023,P-confirm5-v5profit50,carry_mark,2023-10-11,0.0020081296607807886
year2023,P-confirm5-v5profit50,carry_mark,2023-10-12,-0.01201600888262606
year2023,P-confirm5-v5profit50,carry_mark,2023-10-13,-0.01129902845748586
year2023,P-confirm5-v5profit50,carry_mark,2023-10-16,0.0036713091377891583
year2023,P-confirm5-v5profit50,carry_mark,2023-10-17,-0.006892092131124494
year2023,P-confirm5-v5profit50,carry_mark,2023-10-18,-0.013868754299939811
year2023,P-confirm5-v5profit50,carry_mark,2023-10-19,-0.007161651382923173
year2023,P-confirm5-v5profit50,carry_mark,2023-10-20,-0.015934589294816837
year2023,P-confirm5-v5profit50,carry_mark,2023-10-23,0.004654423040024747
year2023,P-confirm5-v5profit50,carry_mark,2023-10-24,0.014282271564911464
year2023,P-confirm5-v5profit50,carry_mark,2023-10-25,-0.017058294457931354
year2023,P-confirm5-v5profit50,carry_mark,2023-10-26,-0.012312481092478478
year2023,P-confirm5-v5profit50,carry_mark,2023-10-27,0.003926203858021837
year2023,P-confirm5-v5profit50,carry_mark,2023-10-30,0.00906585734619143
year2023,P-confirm5-v5profit50,carry_mark,2023-10-31,-0.0028814658563175665
year2023,P-confirm5-v5profit50,carry_mark,2023-11-01,0.0023903253127536273
year2023,P-confirm5-v5profit50,carry_mark,2023-11-02,0.003981598549211563
year2023,P-confirm5-v5profit50,carry_mark,2023-11-03,0.021106395846708793
year2023,P-confirm5-v5profit50,carry_mark,2023-11-06,-0.008529670062336426
year2023,P-confirm5-v5profit50,carry_mark,2023-11-07,0.012980536216957439
year2023,P-confirm5-v5profit50,carry_mark,2023-11-08,-0.004824487688821178
year2023,P-confirm5-v5profit50,carry_mark,2023-11-09,-0.00930346785317725
year2023,P-confirm5-v5profit50,carry_mark,2023-11-10,0.007932377670386782
year2023,P-confirm5-v5profit50,carry_mark,2023-11-13,0.0014310090600975212
year2023,P-confirm5-v5profit50,carry_mark,2023-11-14,0.018272982840863074
year2023,P-confirm5-v5profit50,carry_mark,2023-11-15,0.011336916329258973
year2023,P-confirm5-v5profit50,carry_mark,2023-11-16,-0.010205317694008875
year2023,P-confirm5-v5profit50,carry_mark,2023-11-17,-0.0016890077171754613
year2023,P-confirm5-v5profit50,carry_mark,2023-11-20,0.016607645292886296
year2023,P-confirm5-v5profit50,carry_mark,2023-11-21,-0.009026366402940944
year2023,P-confirm5-v5profit50,carry_mark,2023-11-22,0.005627894421108559
year2023,P-confirm5-v5profit50,carry_mark,2023-11-24,0.0029606205307447842
year2023,P-confirm5-v5profit50,carry_mark,2023-11-27,-0.005509087578491801
year2023,P-confirm5-v5profit50,carry_mark,2023-11-28,-0.001029640135493759
year2023,P-confirm5-v5profit50,carry_mark,2023-11-29,-0.0057246125961150866
year2023,P-confirm5-v5profit50,carry_mark,2023-11-30,0.005627654063425402
year2023,P-confirm5-v5profit50,carry_mark,2023-12-01,-0.0010674183890541644
year2023,P-confirm5-v5profit50,carry_mark,2023-12-04,-0.0026730683826224344
year2023,P-confirm5-v5profit50,carry_mark,2023-12-05,-0.0019361979938145146
year2023,P-confirm5-v5profit50,carry_mark,2023-12-06,-0.0007926448722852975
year2023,P-confirm5-v5profit50,carry_mark,2023-12-07,0.0024957530737098168
year2023,P-confirm5-v5profit50,carry_mark,2023-12-08,0.003530204245506119
year2023,P-confirm5-v5profit50,carry_mark,2023-12-11,0.0066837119426887085
year2023,P-confirm5-v5profit50,carry_mark,2023-12-12,-0.0006497791700344257
year2023,P-confirm5-v5profit50,carry_mark,2023-12-13,0.009489683906961432
year2023,P-confirm5-v5profit50,carry_mark,2023-12-14,0.006908946386395031
year2023,P-confirm5-v5profit50,carry_mark,2023-12-15,0.0022202874856051325
year2023,P-confirm5-v5profit50,carry_mark,2023-12-18,0.004882047183150029
year2023,P-confirm5-v5profit50,carry_mark,2023-12-19,0.007808030069974059
year2023,P-confirm5-v5profit50,carry_mark,2023-12-20,-0.011948839841116332
year2023,P-confirm5-v5profit50,carry_mark,2023-12-21,0.011641259537035075
year2023,P-confirm5-v5profit50,carry_mark,2023-12-22,0.0032132308210476635
year2023,P-confirm5-v5profit50,carry_mark,2023-12-26,0.006807056873140071
year2023,P-confirm5-v5profit50,carry_mark,2023-12-27,0.004060124204162063
year2023,P-confirm5-v5profit50,carry_mark,2023-12-28,-0.0008468144655379261
year2023,P-confirm5-v5profit50,carry_mark,2023-12-29,-0.002358678780594181
year2023,P-confirm5-v5profit50,carry_mark,2024-01-02,-0.004373599708011688
year2023,P-confirm5-v5profit50,carry_mark,2024-01-03,-0.0038168574332685056
year2023,P-confirm5-v5profit50,carry_mark,2024-01-04,-0.00540212778591802
year2023,P-confirm5-v5profit50,carry_mark,2024-01-05,0.0007879596792135346
year2023,P-confirm5-v5profit50,carry_mark,2024-01-08,0.010608199772739491
year2023,P-confirm5-v5profit50,carry_mark,2024-01-09,-0.010266573390712241
year2023,P-confirm5-v5profit50,carry_mark,2024-01-10,0.0011587375500523133
year2023,P-confirm5-v5profit50,carry_mark,2024-01-11,0.003263960941268673
year2023,P-confirm5-v5profit50,carry_mark,2024-01-12,-0.002759594661371456
year2023,P-confirm5-v5profit50,carry_mark,2024-01-16,-0.016581314484062182
year2023,P-confirm5-v5profit50,carry_mark,2024-01-17,-0.015007605001393743
year2023,P-confirm5-v5profit50,carry_mark,2024-01-18,0.0023117779846092423
year2023,P-confirm5-v5profit50,carry_mark,2024-01-19,0.0033894989108200434
year2023,P-confirm5-v5profit50,carry_mark,2024-01-22,-0.00023674202918356758
year2023,P-confirm5-v5profit50,carry_mark,2024-01-23,0.004882790189953234
year2023,P-confirm5-v5profit50,carry_mark,2024-01-24,0.011954911332362695
year2023,P-confirm5-v5profit50,carry_mark,2024-01-25,0.007530840358282864
year2023,P-confirm5-v5profit50,carry_mark,2024-01-26,0.0005040883441569499
year2023,P-confirm5-v5profit50,carry_mark,2024-01-29,0.006218290760514234
year2023,P-confirm5-v5profit50,carry_mark,2024-01-30,-0.006119137217453741
year2023,P-confirm5-v5profit50,carry_mark,2024-01-31,-0.011356875274680035
year2023,P-confirm5-v5profit50,carry_mark,2024-02-01,0.0009098451958793219
year2023,P-confirm5-v5profit50,carry_mark,2024-02-02,0.0006661006495909505
year2023,P-confirm5-v5profit50,carry_mark,2024-02-05,-0.002959934828374
year2023,P-confirm5-v5profit50,carry_mark,2024-02-06,0.003907780688062945
year2023,P-confirm5-v5profit50,carry_mark,2024-02-07,0.002995784895280462
year2023,P-confirm5-v5profit50,carry_mark,2024-02-08,-0.0057038740412956755
year2023,P-confirm5-v5profit50,carry_mark,2024-02-09,0.0031147746863269933
year2023,P-confirm5-v5profit50,carry_mark,2024-02-12,-0.0028626353253497273
year2023,P-confirm5-v5profit50,carry_mark,2024-02-13,-0.004369812698948605
year2023,P-confirm5-v5profit50,carry_mark,2024-02-14,0.005805501107466737
year2023,P-confirm5-v5profit50,carry_mark,2024-02-15,-0.0004486187336276481
year2023,P-confirm5-v5profit50,carry_mark,2024-02-16,-0.0037933439115133026
year2023,P-confirm5-v5profit50,carry_mark,2024-02-20,-0.0013977313085134946
year2023,P-confirm5-v5profit50,carry_mark,2024-02-21,0.0005523823533940764
year2023,P-confirm5-v5profit50,carry_mark,2024-02-22,0.006072119865045833
year2023,P-confirm5-v5profit50,carry_mark,2024-02-23,-0.0012428141142436845
year2023,P-confirm5-v5profit50,carry_mark,2024-02-26,-0.005282309615006109
year2023,P-confirm5-v5profit50,carry_mark,2024-02-27,0.0021034610993271976
year2023,P-confirm5-v5profit50,carry_mark,2024-02-28,-0.0021226462893312536
year2023,P-confirm5-v5profit50,carry_mark,2024-02-29,0.004397429085841798
year2023,P-confirm5-v5profit50,carry_mark,2024-03-01,0.007176243435117446
year2023,P-confirm5-v5profit50,carry_mark,2024-03-04,0.002888768236980521
year2023,P-confirm5-v5profit50,carry_mark,2024-03-05,-0.004913644182543575
year2023,P-confirm5-v5profit50,carry_mark,2024-03-06,0.0029083203275570456
year2023,P-confirm5-v5profit50,carry_mark,2024-03-07,0.008038289224598195
year2023,P-confirm5-v5profit50,carry_mark,2024-03-08,-0.006867809289756488
year2023,P-confirm5-v5profit50,carry_mark,2024-03-11,-0.003065582238922571
year2023,P-confirm5-v5profit50,carry_mark,2024-03-12,0.011506170457327602
year2023,P-confirm5-v5profit50,carry_mark,2024-03-13,-0.001425265729898706
year2023,P-confirm5-v5profit50,carry_mark,2024-03-14,-0.000217067934394799
year2023,P-confirm5-v5profit50,carry_mark,2024-03-15,-0.0043796732097501675
year2023,P-confirm5-v5profit50,carry_mark,2024-03-18,0.007588504937938989
year2023,P-confirm5-v5profit50,carry_mark,2024-03-19,0.0019860472778829184
year2023,P-confirm5-v5profit50,carry_mark,2024-03-20,0.00427864189592424
year2023,P-confirm5-v5profit50,carry_mark,2024-03-21,0.0005900129684583532
year2023,P-confirm5-v5profit50,carry_mark,2024-03-22,0.005973424752577316
year2023,P-confirm5-v5profit50,carry_mark,2024-03-25,-0.00239202669533376
year2023,P-confirm5-v5profit50,carry_mark,2024-03-26,0.00039734826248130075
year2023,P-confirm5-v5profit50,carry_mark,2024-03-27,-0.0024160991544916353
year2023,P-confirm5-v5profit50,carry_mark,2024-03-28,-0.0011392480396961613
year2023,P-confirm5-v5profit50,carry_mark,2024-04-01,0.005085665709826492
year2023,P-confirm5-v5profit50,carry_mark,2024-04-02,-0.0013516075941575
year2023,P-confirm5-v5profit50,carry_mark,2024-04-03,0.00258181658967267
year2023,P-confirm5-v5profit50,carry_mark,2024-04-04,-0.005498677295486154
year2023,P-confirm5-v5profit50,carry_mark,2024-04-05,0.006222180635687224
year2023,P-confirm5-v5profit50,carry_mark,2024-04-08,0.00010108008647301548
year2023,P-confirm5-v5profit50,carry_mark,2024-04-09,-9.657780406833183e-05
year2023,P-confirm5-v5profit50,carry_mark,2024-04-10,-0.0009407262166612918
year2023,P-confirm5-v5profit50,carry_mark,2024-04-11,0.004846546204319235
year2023,P-confirm5-v5profit50,carry_mark,2024-04-12,-0.0034092726804771933
year2023,P-confirm5-v5profit50,carry_mark,2024-04-15,-0.006294909188095587
year2023,P-confirm5-v5profit50,carry_mark,2024-04-16,0.0016381749705632997
year2023,P-confirm5-v5profit50,carry_mark,2024-04-17,-0.0011859634636087746
year2023,P-confirm5-v5profit50,carry_mark,2024-04-18,-0.004671909824278275
year2023,P-confirm5-v5profit50,carry_mark,2024-04-19,-0.007652765361515978
year2023,P-confirm5-v5profit50,carry_mark,2024-04-22,-0.006365330886890818
year2023,P-confirm5-v5profit50,carry_mark,2024-04-23,0.008257700960555402
year2023,P-confirm5-v5profit50,carry_mark,2024-04-24,-0.0066428123699995845
year2023,P-confirm5-v5profit50,carry_mark,2024-04-25,-0.004423856557186301
year2023,P-confirm5-v5profit50,carry_mark,2024-04-26,0.013199024792029801
year2023,P-confirm5-v5profit50,carry_mark,2024-04-29,-0.010491236141343752
year2023,P-confirm5-v5profit50,carry_mark,2024-04-30,-0.012519214426814074
year2023,P-confirm5-v5profit50,carry_mark,2024-05-01,0.0010112803056722241
year2023,P-confirm5-v5profit50,carry_mark,2024-05-02,0.009411275251693229
year2023,P-confirm5-v5profit50,carry_mark,2024-05-03,0.012711957939681051
year2023,P-confirm5-v5profit50,carry_mark,2024-05-06,0.017052290870404697
year2023,P-confirm5-v5profit50,carry_mark,2024-05-07,-0.003817517741949794
year2023,P-confirm5-v5profit50,carry_mark,2024-05-08,-0.009270214909993014
year2023,P-confirm5-v5profit50,carry_mark,2024-05-09,-0.0024983359835148767
year2023,P-confirm5-v5profit50,carry_mark,2024-05-10,-0.004773836228077644
year2023,P-confirm5-v5profit50,carry_mark,2024-05-13,0.0015174840523656142
year2023,P-confirm5-v5profit50,carry_mark,2024-05-14,0.017677194919351946
year2023,P-confirm5-v5profit50,carry_mark,2024-05-15,0.004082278337724621
year2023,P-confirm5-v5profit50,carry_mark,2024-05-16,0.0018573325404716457
year2023,P-confirm5-v5profit50,carry_mark,2024-05-17,0.008311427867398325
year2023,P-confirm5-v5profit50,carry_mark,2024-05-20,0.011292293348879856
year2023,P-confirm5-v5profit50,carry_mark,2024-05-21,0.006870228120577737
year2023,P-confirm5-v5profit50,carry_mark,2024-05-22,-0.005746782192254785
year2023,P-confirm5-v5profit50,carry_mark,2024-05-23,-0.008863721740265151
year2023,P-confirm5-v5profit50,carry_mark,2024-05-24,0.014656706039028643
year2023,P-confirm5-v5profit50,carry_mark,2024-05-28,-0.000387842038425501
year2023,P-confirm5-v5profit50,carry_mark,2024-05-29,-0.005321604470488195
year2023,P-confirm5-v5profit50,carry_mark,2024-05-30,-0.011592035601378548
year2023,P-confirm5-v5profit50,carry_mark,2024-05-31,-0.01059492978816835
year2023,P-confirm5-v5profit50,carry_mark,2024-06-03,0.0010384710876925607
year2023,P-confirm5-v5profit50,carry_mark,2024-06-04,-0.005822885689187596
year2023,P-confirm5-v5profit50,carry_mark,2024-06-05,0.017235212416218903
year2023,P-confirm5-v5profit50,carry_mark,2024-06-06,0.0002747283939658729
year2023,P-confirm5-v5profit50,carry_mark,2024-06-07,-0.0015211800518873165
year2023,P-confirm5-v5profit50,carry_mark,2024-06-10,-0.0028871686666320897
year2023,P-confirm5-v5profit50,carry_mark,2024-06-11,0.002935503400487849
year2023,P-confirm5-v5profit50,carry_mark,2024-06-12,0.013315169306184793
year2023,P-confirm5-v5profit50,carry_mark,2024-06-13,0.0002982868967423613
year2023,P-confirm5-v5profit50,carry_mark,2024-06-14,0.0025289187245139287
year2023,P-confirm5-v5profit50,carry_mark,2024-06-17,0.012345761419488377
year2023,P-confirm5-v5profit50,carry_mark,2024-06-18,-0.002812469434636855
year2023,P-confirm5-v5profit50,carry_mark,2024-06-20,-0.016207526847935572
year2023,P-confirm5-v5profit50,carry_mark,2024-06-21,0.0050867117062103565
year2023,P-confirm5-v5profit50,carry_mark,2024-06-24,-0.006811697909628667
year2023,P-confirm5-v5profit50,carry_mark,2024-06-25,0.009874698464446375
year2023,P-confirm5-v5profit50,carry_mark,2024-06-26,0.006412270906311401
year2023,P-confirm5-v5profit50,carry_mark,2024-06-27,0.0032258541643392256
year2023,P-confirm5-v5profit50,carry_mark,2024-06-28,-0.004731831163538291
year2023,P-confirm5-v5profit50,carry_mark,2024-07-01,0.015839571030852994
year2023,P-confirm5-v5profit50,carry_mark,2024-07-02,0.015341471567540033
year2023,P-confirm5-v5profit50,carry_mark,2024-07-03,0.010730457187769927
year2023,P-confirm5-v5profit50,carry_mark,2024-07-05,0.01046186931248796
year2023,P-confirm5-v5profit50,carry_mark,2024-07-08,-0.0016046976053388895
year2023,P-confirm5-v5profit50,carry_mark,2024-07-09,-0.0004352569753606761
year2023,P-confirm5-v5profit50,carry_mark,2024-07-10,0.005517050577099591
year2023,P-confirm5-v5profit50,carry_mark,2024-07-11,-0.030554585273807
year2023,P-confirm5-v5profit50,carry_mark,2024-07-12,-0.0006424411849065281
year2023,P-confirm5-v5profit50,carry_mark,2024-07-15,0.009617465091422084
year2023,P-confirm5-v5profit50,carry_mark,2024-07-16,0.01448808665787522
year2023,P-confirm5-v5profit50,carry_mark,2024-07-17,-0.02579564244931416
year2023,P-confirm5-v5profit50,carry_mark,2024-07-18,-0.013689039872301589
year2023,P-confirm5-v5profit50,carry_mark,2024-07-19,-0.004972729372560358
year2023,P-confirm5-v5profit50,carry_mark,2024-07-22,0.010368972542888755
year2023,P-confirm5-v5profit50,carry_mark,2024-07-23,0.0008708304210651385
year2023,P-confirm5-v5profit50,carry_mark,2024-07-24,-0.014941483082435768
year2023,P-confirm5-v5profit50,carry_mark,2024-07-25,-0.0026856653624438786
year2023,P-confirm5-v5profit50,carry_mark,2024-07-26,0.0005903455605182683
year2023,P-confirm5-v5profit50,carry_mark,2024-07-29,0.0016016678893135184
year2023,P-confirm5-v5profit50,carry_mark,2024-07-30,-0.0016756818908642223
year2023,P-confirm5-v5profit50,carry_mark,2024-07-31,0.0017441189648910948
year2023,P-confirm5-v5profit50,carry_mark,2024-08-01,-0.006048119925034567
year2023,P-confirm5-v5profit50,carry_mark,2024-08-02,-0.00982848753733232
year2023,P-confirm5-v5profit50,carry_mark,2024-08-05,-0.0184757791174081
year2023,P-confirm5-v5profit50,carry_mark,2024-08-06,0.00796849416135883
year2023,P-confirm5-v5profit50,carry_mark,2024-08-07,-0.0022551150869462577
year2023,P-confirm5-v5profit50,carry_mark,2024-08-08,0.020245315482016735
year2023,P-confirm5-v5profit50,carry_mark,2024-08-09,0.002220805175048557
year2023,P-confirm5-v5profit50,carry_mark,2024-08-12,0.0031010007588275325
year2023,P-confirm5-v5profit50,carry_mark,2024-08-13,0.013262163426196839
year2023,P-confirm5-v5profit50,carry_mark,2024-08-14,-0.002672350891709474
year2023,P-confirm5-v5profit50,carry_mark,2024-08-15,0.014585839352301067
year2023,P-confirm5-v5profit50,carry_mark,2024-08-16,0.007411397985371671
year2023,P-confirm5-v5profit50,carry_mark,2024-08-19,0.009635466624742217
year2023,P-confirm5-v5profit50,carry_mark,2024-08-20,-0.003048072884441999
year2023,P-confirm5-v5profit50,carry_mark,2024-08-21,0.0056112818113637775
year2023,P-confirm5-v5profit50,carry_mark,2024-08-22,-0.009190447354374997
year2023,P-confirm5-v5profit50,carry_mark,2024-08-23,0.015757549154251694
year2023,P-confirm5-v5profit50,carry_mark,2024-08-26,-0.007162889330391398
year2024,v5,reset_liquidate,2024-08-27,0.0
year2024,v5,reset_liquidate,2024-08-28,0.0
year2024,v5,reset_liquidate,2024-08-29,0.0
year2024,v5,reset_liquidate,2024-08-30,0.0
year2024,v5,reset_liquidate,2024-09-03,0.0
year2024,v5,reset_liquidate,2024-09-04,0.0
year2024,v5,reset_liquidate,2024-09-05,0.0
year2024,v5,reset_liquidate,2024-09-06,0.0
year2024,v5,reset_liquidate,2024-09-09,0.0
year2024,v5,reset_liquidate,2024-09-10,0.0
year2024,v5,reset_liquidate,2024-09-11,0.0
year2024,v5,reset_liquidate,2024-09-12,0.0
year2024,v5,reset_liquidate,2024-09-13,0.0
year2024,v5,reset_liquidate,2024-09-16,0.0
year2024,v5,reset_liquidate,2024-09-17,0.0
year2024,v5,reset_liquidate,2024-09-18,-0.0001312479973197278
year2024,v5,reset_liquidate,2024-09-19,0.001457982520899792
year2024,v5,reset_liquidate,2024-09-20,0.0008942870073396447
year2024,v5,reset_liquidate,2024-09-23,-0.0010636287507343133
year2024,v5,reset_liquidate,2024-09-24,0.0002718487278497772
year2024,v5,reset_liquidate,2024-09-25,-0.0004929372272252875
year2024,v5,reset_liquidate,2024-09-26,0.0007678433291201436
year2024,v5,reset_liquidate,2024-09-27,0.0007497088752744796
year2024,v5,reset_liquidate,2024-09-30,0.0011588955112169063
year2024,v5,reset_liquidate,2024-10-01,0.000687367710397857
year2024,v5,reset_liquidate,2024-10-02,-0.000676690128535129
year2024,v5,reset_liquidate,2024-10-03,0.0
year2024,v5,reset_liquidate,2024-10-04,0.0007234999058400415
year2024,v5,reset_liquidate,2024-10-07,-0.002442237454016294
year2024,v5,reset_liquidate,2024-10-08,0.0008590067443699611
year2024,v5,reset_liquidate,2024-10-09,-0.0015330357693184582
year2024,v5,reset_liquidate,2024-10-10,0.0001359206844640637
year2024,v5,reset_liquidate,2024-10-11,0.0007156982039761451
year2024,v5,reset_liquidate,2024-10-14,0.0010536640301541667
year2024,v5,reset_liquidate,2024-10-15,0.0003031037703988826
year2024,v5,reset_liquidate,2024-10-16,-0.00018131454102777723
year2024,v5,reset_liquidate,2024-10-17,-0.0013502124829752216
year2024,v5,reset_liquidate,2024-10-18,0.00030074603522454166
year2024,v5,reset_liquidate,2024-10-21,0.0003977537403968556
year2024,v5,reset_liquidate,2024-10-22,0.0004177015154271602
year2024,v5,reset_liquidate,2024-10-23,-0.0033852861174880956
year2024,v5,reset_liquidate,2024-10-24,0.0006651411211346714
year2024,v5,reset_liquidate,2024-10-25,0.001584340466824563
year2024,v5,reset_liquidate,2024-10-28,-0.002730681798320267
year2024,v5,reset_liquidate,2024-10-29,0.0020140278922730626
year2024,v5,reset_liquidate,2024-10-30,0.001307428967100155
year2024,v5,reset_liquidate,2024-10-31,-0.004606104778191145
year2024,v5,reset_liquidate,2024-11-01,-0.00023375796467748345
year2024,v5,reset_liquidate,2024-11-04,-0.003740884499159558
year2024,v5,reset_liquidate,2024-11-05,0.004948694300237455
year2024,v5,reset_liquidate,2024-11-06,0.020873244407445535
year2024,v5,reset_liquidate,2024-11-07,0.007399532947629073
year2024,v5,reset_liquidate,2024-11-08,0.006671551542561205
year2024,v5,reset_liquidate,2024-11-11,0.011389093100453284
year2024,v5,reset_liquidate,2024-11-12,-0.0036959093388703847
year2024,v5,reset_liquidate,2024-11-13,0.00036272296175291483
year2024,v5,reset_liquidate,2024-11-14,-0.006798762965825133
year2024,v5,reset_liquidate,2024-11-15,-0.00028263491813382833
year2024,v5,reset_liquidate,2024-11-18,0.010050001242224504
year2024,v5,reset_liquidate,2024-11-19,0.002394779675186287
year2024,v5,reset_liquidate,2024-11-20,-0.0018493856040236456
year2024,v5,reset_liquidate,2024-11-21,-0.00035520596308570297
year2024,v5,reset_liquidate,2024-11-22,0.009603577385478701
year2024,v5,reset_liquidate,2024-11-25,0.0004079019042012355
year2024,v5,reset_liquidate,2024-11-26,-0.0021072218650732945
year2024,v5,reset_liquidate,2024-11-27,0.0022161227759862068
year2024,v5,reset_liquidate,2024-11-29,0.0038393023423433535
year2024,v5,reset_liquidate,2024-12-02,0.008979086434355832
year2024,v5,reset_liquidate,2024-12-03,-0.004977586578931647
year2024,v5,reset_liquidate,2024-12-04,0.002375196895780751
year2024,v5,reset_liquidate,2024-12-05,0.006131784320730605
year2024,v5,reset_liquidate,2024-12-06,0.011870020427165628
year2024,v5,reset_liquidate,2024-12-09,0.0009950311625215203
year2024,v5,reset_liquidate,2024-12-10,-0.0006447021842469925
year2024,v5,reset_liquidate,2024-12-11,0.01724840067856437
year2024,v5,reset_liquidate,2024-12-12,-0.004599648132263612
year2024,v5,reset_liquidate,2024-12-13,0.000187738066685772
year2024,v5,reset_liquidate,2024-12-16,0.01000907806551663
year2024,v5,reset_liquidate,2024-12-17,0.00021348461110759498
year2024,v5,reset_liquidate,2024-12-18,-0.020978140523745904
year2024,v5,reset_liquidate,2024-12-19,0.007157724668361865
year2024,v5,reset_liquidate,2024-12-20,0.001885776219425117
year2024,v5,reset_liquidate,2024-12-23,0.0024540079222964417
year2024,v5,reset_liquidate,2024-12-24,0.0047458377845422065
year2024,v5,reset_liquidate,2024-12-26,-0.0007188468423651173
year2024,v5,reset_liquidate,2024-12-27,-0.003989157057923731
year2024,v5,reset_liquidate,2024-12-30,-0.0034419931875081856
year2024,v5,reset_liquidate,2024-12-31,0.003560426761902091
year2024,v5,reset_liquidate,2025-01-02,0.0005637904485504719
year2024,v5,reset_liquidate,2025-01-03,0.0022954544576472722
year2024,v5,reset_liquidate,2025-01-06,0.003573338795269354
year2024,v5,reset_liquidate,2025-01-07,0.0024356692204244414
year2024,v5,reset_liquidate,2025-01-08,-0.009982340200412453
year2024,v5,reset_liquidate,2025-01-10,-0.00611353424591754
year2024,v5,reset_liquidate,2025-01-13,-0.01931297422638072
year2024,v5,reset_liquidate,2025-01-14,-0.0019101282200693847
year2024,v5,reset_liquidate,2025-01-15,0.006505696919675596
year2024,v5,reset_liquidate,2025-01-16,-0.0033098128345093736
year2024,v5,reset_liquidate,2025-01-17,0.0047012745698462146
year2024,v5,reset_liquidate,2025-01-21,0.003311535075843719
year2024,v5,reset_liquidate,2025-01-22,0.004592459175680297
year2024,v5,reset_liquidate,2025-01-23,-9.460705709180006e-05
year2024,v5,reset_liquidate,2025-01-24,-0.0019981930896326603
year2024,v5,reset_liquidate,2025-01-27,-0.021163775616901016
year2024,v5,reset_liquidate,2025-01-28,0.014833968533066755
year2024,v5,reset_liquidate,2025-01-29,-0.005027013004922076
year2024,v5,reset_liquidate,2025-01-30,0.00999411043889582
year2024,v5,reset_liquidate,2025-01-31,-0.008179471133345707
year2024,v5,reset_liquidate,2025-02-03,-0.005808033155074899
year2024,v5,reset_liquidate,2025-02-04,0.009384994178231399
year2024,v5,reset_liquidate,2025-02-05,-0.012019428886455385
year2024,v5,reset_liquidate,2025-02-06,0.0032781281771216753
year2024,v5,reset_liquidate,2025-02-07,0.001233072349257569
year2024,v5,reset_liquidate,2025-02-10,0.008331707885219818
year2024,v5,reset_liquidate,2025-02-11,-0.0034013942924292382
year2024,v5,reset_liquidate,2025-02-12,0.006621227246669204
year2024,v5,reset_liquidate,2025-02-13,0.00137791992314511
year2024,v5,reset_liquidate,2025-02-14,0.007185179353801729
year2024,v5,reset_liquidate,2025-02-18,0.009158928565781089
year2024,v5,reset_liquidate,2025-02-19,-0.0009035993309939982
year2024,v5,reset_liquidate,2025-02-20,-0.0004341821171854998
year2024,v5,reset_liquidate,2025-02-21,0.006876197578385856
year2024,v5,reset_liquidate,2025-02-24,-0.01493598096016543
year2024,v5,reset_liquidate,2025-02-25,-0.00023375152874056672
year2024,v5,reset_liquidate,2025-02-26,-0.0006320124440828412
year2024,v5,reset_liquidate,2025-02-27,-0.00986403893501503
year2024,v5,reset_liquidate,2025-02-28,0.0006382347826866863
year2024,v5,reset_liquidate,2025-03-03,-0.004149046778849664
year2024,v5,reset_liquidate,2025-03-04,0.0026715407925009147
year2024,v5,reset_liquidate,2025-03-05,0.017165422062741763
year2024,v5,reset_liquidate,2025-03-06,-0.0029717300772741486
year2024,v5,reset_liquidate,2025-03-07,0.0046953670189236575
year2024,v5,reset_liquidate,2025-03-10,-0.0036127891386366962
year2024,v5,reset_liquidate,2025-03-11,-0.007221185849359791
year2024,v5,reset_liquidate,2025-03-12,0.005149466512054612
year2024,v5,reset_liquidate,2025-03-13,-0.011371506871712367
year2024,v5,reset_liquidate,2025-03-14,0.04411647252611652
year2024,v5,reset_liquidate,2025-03-17,-0.009639232132329988
year2024,v5,reset_liquidate,2025-03-18,-0.01164663604050652
year2024,v5,reset_liquidate,2025-03-19,0.0078371109584634
year2024,v5,reset_liquidate,2025-03-20,-0.0026780784753842046
year2024,v5,reset_liquidate,2025-03-21,0.002833280468032373
year2024,v5,reset_liquidate,2025-03-24,0.025612280087640337
year2024,v5,reset_liquidate,2025-03-25,0.0023418548423341456
year2024,v5,reset_liquidate,2025-03-26,-0.027038881755492218
year2024,v5,reset_liquidate,2025-03-27,-0.005565625164894261
year2024,v5,reset_liquidate,2025-03-28,-0.015249753739948302
year2024,v5,reset_liquidate,2025-03-31,-0.01160830015003279
year2024,v5,reset_liquidate,2025-04-01,0.006088265862934305
year2024,v5,reset_liquidate,2025-04-02,0.006082692288126612
year2024,v5,reset_liquidate,2025-04-03,-0.009811930185424289
year2024,v5,reset_liquidate,2025-04-04,-0.02064886178894946
year2024,v5,reset_liquidate,2025-04-07,-0.0017160796637600173
year2024,v5,reset_liquidate,2025-04-08,-0.03863901188743056
year2024,v5,reset_liquidate,2025-04-09,0.10352586692557135
year2024,v5,reset_liquidate,2025-04-10,-0.0413496547233286
year2024,v5,reset_liquidate,2025-04-11,0.01903491554997855
year2024,v5,reset_liquidate,2025-04-14,0.006342614245773814
year2024,v5,reset_liquidate,2025-04-15,0.00632427306017268
year2024,v5,reset_liquidate,2025-04-16,-0.03692625495844036
year2024,v5,reset_liquidate,2025-04-17,-0.0028673292237517134
year2024,v5,reset_liquidate,2025-04-21,-0.012890532602978299
year2024,v5,reset_liquidate,2025-04-22,0.022721621488737263
year2024,v5,reset_liquidate,2025-04-23,0.010372257493661708
year2024,v5,reset_liquidate,2025-04-24,0.013585869342595158
year2024,v5,reset_liquidate,2025-04-25,0.00487171987148125
year2024,v5,reset_liquidate,2025-04-28,-0.0014571810166598476
year2024,v5,reset_liquidate,2025-04-29,0.002189024661990324
year2024,v5,reset_liquidate,2025-04-30,0.003470423989941984
year2024,v5,reset_liquidate,2025-05-01,0.004431097593656064
year2024,v5,reset_liquidate,2025-05-02,0.0167330564127972
year2024,v5,reset_liquidate,2025-05-05,-0.005057221589209937
year2024,v5,reset_liquidate,2025-05-06,-0.013101902497383345
year2024,v5,reset_liquidate,2025-05-07,-0.003076327795178124
year2024,v5,reset_liquidate,2025-05-08,0.011470856609785451
year2024,v5,reset_liquidate,2025-05-09,-0.003130910221295702
year2024,v5,reset_liquidate,2025-05-12,0.04546223874273103
year2024,v5,reset_liquidate,2025-05-13,0.01624348485035838
year2024,v5,reset_liquidate,2025-05-14,-0.0010621905114857944
year2024,v5,reset_liquidate,2025-05-15,-0.00505950041474873
year2024,v5,reset_liquidate,2025-05-16,0.004810843095301043
year2024,v5,reset_liquidate,2025-05-19,0.01104089159948054
year2024,v5,reset_liquidate,2025-05-20,0.0078041525459197625
year2024,v5,reset_liquidate,2025-05-21,-0.022234468296879684
year2024,v5,reset_liquidate,2025-05-22,0.006047932803800116
year2024,v5,reset_liquidate,2025-05-23,-0.002302152286248582
year2024,v5,reset_liquidate,2025-05-27,0.010707840497650367
year2024,v5,reset_liquidate,2025-05-28,-0.012190574246241459
year2024,v5,reset_liquidate,2025-05-29,0.003879322353230441
year2024,v5,reset_liquidate,2025-05-30,-0.01637797733952743
year2024,v5,reset_liquidate,2025-06-02,0.006930156182643354
year2024,v5,reset_liquidate,2025-06-03,0.0090953653437592
year2024,v5,reset_liquidate,2025-06-04,0.005732125014849843
year2024,v5,reset_liquidate,2025-06-05,-0.0016911563770948157
year2024,v5,reset_liquidate,2025-06-06,0.005816456145212434
year2024,v5,reset_liquidate,2025-06-09,0.00589496303540934
year2024,v5,reset_liquidate,2025-06-10,-0.0014000148355278407
year2024,v5,reset_liquidate,2025-06-11,0.0027996524751823125
year2024,v5,reset_liquidate,2025-06-12,-0.0003713933327320729
year2024,v5,reset_liquidate,2025-06-13,-0.011034251380025862
year2024,v5,reset_liquidate,2025-06-16,0.005969019127606867
year2024,v5,reset_liquidate,2025-06-17,-0.005916620775509784
year2024,v5,reset_liquidate,2025-06-18,-0.0030625413992055204
year2024,v5,reset_liquidate,2025-06-20,-0.000982513123005646
year2024,v5,reset_liquidate,2025-06-23,0.007224025632830322
year2024,v5,reset_liquidate,2025-06-24,0.017618154531187803
year2024,v5,reset_liquidate,2025-06-25,0.004317344259719058
year2024,v5,reset_liquidate,2025-06-26,0.007293579458380139
year2024,v5,reset_liquidate,2025-06-27,-0.0013801408421605598
year2024,v5,reset_liquidate,2025-06-30,0.0027561133865420693
year2024,v5,reset_liquidate,2025-07-01,-0.002775880966001232
year2024,v5,reset_liquidate,2025-07-02,0.005987606324833294
year2024,v5,reset_liquidate,2025-07-03,0.0012459045133274005
year2024,v5,reset_liquidate,2025-07-07,-0.0033311711886057417
year2024,v5,reset_liquidate,2025-07-08,0.011476858357985143
year2024,v5,reset_liquidate,2025-07-09,0.0008306693582740499
year2024,v5,reset_liquidate,2025-07-10,0.004716360736586001
year2024,v5,reset_liquidate,2025-07-11,-0.0017889948999598505
year2024,v5,reset_liquidate,2025-07-14,0.0018042906094324796
year2024,v5,reset_liquidate,2025-07-15,0.006399386949343122
year2024,v5,reset_liquidate,2025-07-16,-0.00020356956580261932
year2024,v5,reset_liquidate,2025-07-17,0.005312994325333009
year2024,v5,reset_liquidate,2025-07-18,-0.004847557657384416
year2024,v5,reset_liquidate,2025-07-21,0.0015976258107972875
year2024,v5,reset_liquidate,2025-07-22,0.002681550718952652
year2024,v5,reset_liquidate,2025-07-23,0.009646597346911335
year2024,v5,reset_liquidate,2025-07-24,4.428390339445975e-05
year2024,v5,reset_liquidate,2025-07-25,-0.0012396189416390203
year2024,v5,reset_liquidate,2025-07-28,-0.0009908312028942489
year2024,v5,reset_liquidate,2025-07-29,-0.00699009835729123
year2024,v5,reset_liquidate,2025-07-30,-0.0010776013200354483
year2024,v5,reset_liquidate,2025-07-31,-0.010013325085424052
year2024,v5,reset_liquidate,2025-08-01,-0.015544520263107509
year2024,v5,reset_liquidate,2025-08-04,0.013053479936285629
year2024,v5,reset_liquidate,2025-08-05,-0.0029074871694206974
year2024,v5,reset_liquidate,2025-08-06,0.003921332528368027
year2024,v5,reset_liquidate,2025-08-07,-0.00025804808764287037
year2024,v5,reset_liquidate,2025-08-08,0.003164511306113449
year2024,v5,reset_liquidate,2025-08-11,-0.002310917321874062
year2024,v5,reset_liquidate,2025-08-12,0.007555633776938531
year2024,v5,reset_liquidate,2025-08-13,0.004599884376963337
year2024,v5,reset_liquidate,2025-08-14,-0.0031254355974291714
year2024,v5,reset_liquidate,2025-08-15,-0.00044574518265302345
year2024,v5,reset_liquidate,2025-08-18,0.0024273467771888215
year2024,v5,reset_liquidate,2025-08-19,-0.010141406707380007
year2024,v5,reset_liquidate,2025-08-20,0.00043077847920311994
year2024,v5,reset_liquidate,2025-08-21,-0.001515064990547188
year2024,v5,reset_liquidate,2025-08-22,0.008688276228133974
year2024,v5,reset_liquidate,2025-08-25,0.0009485957849077354
year2024,v5,reset_liquidate,2025-08-26,0.0014706047514221998
year2024,v5,reset_mark,2024-08-27,0.0
year2024,v5,reset_mark,2024-08-28,0.0
year2024,v5,reset_mark,2024-08-29,0.0
year2024,v5,reset_mark,2024-08-30,0.0
year2024,v5,reset_mark,2024-09-03,0.0
year2024,v5,reset_mark,2024-09-04,0.0
year2024,v5,reset_mark,2024-09-05,0.0
year2024,v5,reset_mark,2024-09-06,0.0
year2024,v5,reset_mark,2024-09-09,0.0
year2024,v5,reset_mark,2024-09-10,0.0
year2024,v5,reset_mark,2024-09-11,0.0
year2024,v5,reset_mark,2024-09-12,0.0
year2024,v5,reset_mark,2024-09-13,0.0
year2024,v5,reset_mark,2024-09-16,0.0
year2024,v5,reset_mark,2024-09-17,0.0
year2024,v5,reset_mark,2024-09-18,-0.0001312479973197278
year2024,v5,reset_mark,2024-09-19,0.001457982520899792
year2024,v5,reset_mark,2024-09-20,0.0008942870073396447
year2024,v5,reset_mark,2024-09-23,-0.0010636287507343133
year2024,v5,reset_mark,2024-09-24,0.0002718487278497772
year2024,v5,reset_mark,2024-09-25,-0.0004929372272252875
year2024,v5,reset_mark,2024-09-26,0.0007678433291201436
year2024,v5,reset_mark,2024-09-27,0.0007497088752744796
year2024,v5,reset_mark,2024-09-30,0.0011588955112169063
year2024,v5,reset_mark,2024-10-01,0.000687367710397857
year2024,v5,reset_mark,2024-10-02,-0.000676690128535129
year2024,v5,reset_mark,2024-10-03,0.0
year2024,v5,reset_mark,2024-10-04,0.0007234999058400415
year2024,v5,reset_mark,2024-10-07,-0.002442237454016294
year2024,v5,reset_mark,2024-10-08,0.0008590067443699611
year2024,v5,reset_mark,2024-10-09,-0.0015330357693184582
year2024,v5,reset_mark,2024-10-10,0.0001359206844640637
year2024,v5,reset_mark,2024-10-11,0.0007156982039761451
year2024,v5,reset_mark,2024-10-14,0.0010536640301541667
year2024,v5,reset_mark,2024-10-15,0.0003031037703988826
year2024,v5,reset_mark,2024-10-16,-0.00018131454102777723
year2024,v5,reset_mark,2024-10-17,-0.0013502124829752216
year2024,v5,reset_mark,2024-10-18,0.00030074603522454166
year2024,v5,reset_mark,2024-10-21,0.0003977537403968556
year2024,v5,reset_mark,2024-10-22,0.0004177015154271602
year2024,v5,reset_mark,2024-10-23,-0.0033852861174880956
year2024,v5,reset_mark,2024-10-24,0.0006651411211346714
year2024,v5,reset_mark,2024-10-25,0.001584340466824563
year2024,v5,reset_mark,2024-10-28,-0.002730681798320267
year2024,v5,reset_mark,2024-10-29,0.0020140278922730626
year2024,v5,reset_mark,2024-10-30,0.001307428967100155
year2024,v5,reset_mark,2024-10-31,-0.004606104778191145
year2024,v5,reset_mark,2024-11-01,-0.00023375796467748345
year2024,v5,reset_mark,2024-11-04,-0.003740884499159558
year2024,v5,reset_mark,2024-11-05,0.004948694300237455
year2024,v5,reset_mark,2024-11-06,0.020873244407445535
year2024,v5,reset_mark,2024-11-07,0.007399532947629073
year2024,v5,reset_mark,2024-11-08,0.006671551542561205
year2024,v5,reset_mark,2024-11-11,0.011389093100453284
year2024,v5,reset_mark,2024-11-12,-0.0036959093388703847
year2024,v5,reset_mark,2024-11-13,0.00036272296175291483
year2024,v5,reset_mark,2024-11-14,-0.006798762965825133
year2024,v5,reset_mark,2024-11-15,-0.00028263491813382833
year2024,v5,reset_mark,2024-11-18,0.010050001242224504
year2024,v5,reset_mark,2024-11-19,0.002394779675186287
year2024,v5,reset_mark,2024-11-20,-0.0018493856040236456
year2024,v5,reset_mark,2024-11-21,-0.00035520596308570297
year2024,v5,reset_mark,2024-11-22,0.009603577385478701
year2024,v5,reset_mark,2024-11-25,0.0004079019042012355
year2024,v5,reset_mark,2024-11-26,-0.0021072218650732945
year2024,v5,reset_mark,2024-11-27,0.0022161227759862068
year2024,v5,reset_mark,2024-11-29,0.0038393023423433535
year2024,v5,reset_mark,2024-12-02,0.008979086434355832
year2024,v5,reset_mark,2024-12-03,-0.004977586578931647
year2024,v5,reset_mark,2024-12-04,0.002375196895780751
year2024,v5,reset_mark,2024-12-05,0.006131784320730605
year2024,v5,reset_mark,2024-12-06,0.011870020427165628
year2024,v5,reset_mark,2024-12-09,0.0009950311625215203
year2024,v5,reset_mark,2024-12-10,-0.0006447021842469925
year2024,v5,reset_mark,2024-12-11,0.01724840067856437
year2024,v5,reset_mark,2024-12-12,-0.004599648132263612
year2024,v5,reset_mark,2024-12-13,0.000187738066685772
year2024,v5,reset_mark,2024-12-16,0.01000907806551663
year2024,v5,reset_mark,2024-12-17,0.00021348461110759498
year2024,v5,reset_mark,2024-12-18,-0.020978140523745904
year2024,v5,reset_mark,2024-12-19,0.007157724668361865
year2024,v5,reset_mark,2024-12-20,0.001885776219425117
year2024,v5,reset_mark,2024-12-23,0.0024540079222964417
year2024,v5,reset_mark,2024-12-24,0.0047458377845422065
year2024,v5,reset_mark,2024-12-26,-0.0007188468423651173
year2024,v5,reset_mark,2024-12-27,-0.003989157057923731
year2024,v5,reset_mark,2024-12-30,-0.0034419931875081856
year2024,v5,reset_mark,2024-12-31,0.003560426761902091
year2024,v5,reset_mark,2025-01-02,0.0005637904485504719
year2024,v5,reset_mark,2025-01-03,0.0022954544576472722
year2024,v5,reset_mark,2025-01-06,0.003573338795269354
year2024,v5,reset_mark,2025-01-07,0.0024356692204244414
year2024,v5,reset_mark,2025-01-08,-0.009982340200412453
year2024,v5,reset_mark,2025-01-10,-0.00611353424591754
year2024,v5,reset_mark,2025-01-13,-0.01931297422638072
year2024,v5,reset_mark,2025-01-14,-0.0019101282200693847
year2024,v5,reset_mark,2025-01-15,0.006505696919675596
year2024,v5,reset_mark,2025-01-16,-0.0033098128345093736
year2024,v5,reset_mark,2025-01-17,0.0047012745698462146
year2024,v5,reset_mark,2025-01-21,0.003311535075843719
year2024,v5,reset_mark,2025-01-22,0.004592459175680297
year2024,v5,reset_mark,2025-01-23,-9.460705709180006e-05
year2024,v5,reset_mark,2025-01-24,-0.0019981930896326603
year2024,v5,reset_mark,2025-01-27,-0.021163775616901016
year2024,v5,reset_mark,2025-01-28,0.014833968533066755
year2024,v5,reset_mark,2025-01-29,-0.005027013004922076
year2024,v5,reset_mark,2025-01-30,0.00999411043889582
year2024,v5,reset_mark,2025-01-31,-0.008179471133345707
year2024,v5,reset_mark,2025-02-03,-0.005808033155074899
year2024,v5,reset_mark,2025-02-04,0.009384994178231399
year2024,v5,reset_mark,2025-02-05,-0.012019428886455385
year2024,v5,reset_mark,2025-02-06,0.0032781281771216753
year2024,v5,reset_mark,2025-02-07,0.001233072349257569
year2024,v5,reset_mark,2025-02-10,0.008331707885219818
year2024,v5,reset_mark,2025-02-11,-0.0034013942924292382
year2024,v5,reset_mark,2025-02-12,0.006621227246669204
year2024,v5,reset_mark,2025-02-13,0.00137791992314511
year2024,v5,reset_mark,2025-02-14,0.007185179353801729
year2024,v5,reset_mark,2025-02-18,0.009158928565781089
year2024,v5,reset_mark,2025-02-19,-0.0009035993309939982
year2024,v5,reset_mark,2025-02-20,-0.0004341821171854998
year2024,v5,reset_mark,2025-02-21,0.006876197578385856
year2024,v5,reset_mark,2025-02-24,-0.01493598096016543
year2024,v5,reset_mark,2025-02-25,-0.00023375152874056672
year2024,v5,reset_mark,2025-02-26,-0.0006320124440828412
year2024,v5,reset_mark,2025-02-27,-0.00986403893501503
year2024,v5,reset_mark,2025-02-28,0.0006382347826866863
year2024,v5,reset_mark,2025-03-03,-0.004149046778849664
year2024,v5,reset_mark,2025-03-04,0.0026715407925009147
year2024,v5,reset_mark,2025-03-05,0.017165422062741763
year2024,v5,reset_mark,2025-03-06,-0.0029717300772741486
year2024,v5,reset_mark,2025-03-07,0.0046953670189236575
year2024,v5,reset_mark,2025-03-10,-0.0036127891386366962
year2024,v5,reset_mark,2025-03-11,-0.007221185849359791
year2024,v5,reset_mark,2025-03-12,0.005149466512054612
year2024,v5,reset_mark,2025-03-13,-0.011371506871712367
year2024,v5,reset_mark,2025-03-14,0.04411647252611652
year2024,v5,reset_mark,2025-03-17,-0.009639232132329988
year2024,v5,reset_mark,2025-03-18,-0.01164663604050652
year2024,v5,reset_mark,2025-03-19,0.0078371109584634
year2024,v5,reset_mark,2025-03-20,-0.0026780784753842046
year2024,v5,reset_mark,2025-03-21,0.002833280468032373
year2024,v5,reset_mark,2025-03-24,0.025612280087640337
year2024,v5,reset_mark,2025-03-25,0.0023418548423341456
year2024,v5,reset_mark,2025-03-26,-0.027038881755492218
year2024,v5,reset_mark,2025-03-27,-0.005565625164894261
year2024,v5,reset_mark,2025-03-28,-0.015249753739948302
year2024,v5,reset_mark,2025-03-31,-0.01160830015003279
year2024,v5,reset_mark,2025-04-01,0.006088265862934305
year2024,v5,reset_mark,2025-04-02,0.006082692288126612
year2024,v5,reset_mark,2025-04-03,-0.009811930185424289
year2024,v5,reset_mark,2025-04-04,-0.02064886178894946
year2024,v5,reset_mark,2025-04-07,-0.0017160796637600173
year2024,v5,reset_mark,2025-04-08,-0.03863901188743056
year2024,v5,reset_mark,2025-04-09,0.10352586692557135
year2024,v5,reset_mark,2025-04-10,-0.0413496547233286
year2024,v5,reset_mark,2025-04-11,0.01903491554997855
year2024,v5,reset_mark,2025-04-14,0.006342614245773814
year2024,v5,reset_mark,2025-04-15,0.00632427306017268
year2024,v5,reset_mark,2025-04-16,-0.03692625495844036
year2024,v5,reset_mark,2025-04-17,-0.0028673292237517134
year2024,v5,reset_mark,2025-04-21,-0.012890532602978299
year2024,v5,reset_mark,2025-04-22,0.022721621488737263
year2024,v5,reset_mark,2025-04-23,0.010372257493661708
year2024,v5,reset_mark,2025-04-24,0.013585869342595158
year2024,v5,reset_mark,2025-04-25,0.00487171987148125
year2024,v5,reset_mark,2025-04-28,-0.0014571810166598476
year2024,v5,reset_mark,2025-04-29,0.002189024661990324
year2024,v5,reset_mark,2025-04-30,0.003470423989941984
year2024,v5,reset_mark,2025-05-01,0.004431097593656064
year2024,v5,reset_mark,2025-05-02,0.0167330564127972
year2024,v5,reset_mark,2025-05-05,-0.005057221589209937
year2024,v5,reset_mark,2025-05-06,-0.013101902497383345
year2024,v5,reset_mark,2025-05-07,-0.003076327795178124
year2024,v5,reset_mark,2025-05-08,0.011470856609785451
year2024,v5,reset_mark,2025-05-09,-0.003130910221295702
year2024,v5,reset_mark,2025-05-12,0.04546223874273103
year2024,v5,reset_mark,2025-05-13,0.01624348485035838
year2024,v5,reset_mark,2025-05-14,-0.0010621905114857944
year2024,v5,reset_mark,2025-05-15,-0.00505950041474873
year2024,v5,reset_mark,2025-05-16,0.004810843095301043
year2024,v5,reset_mark,2025-05-19,0.01104089159948054
year2024,v5,reset_mark,2025-05-20,0.0078041525459197625
year2024,v5,reset_mark,2025-05-21,-0.022234468296879684
year2024,v5,reset_mark,2025-05-22,0.006047932803800116
year2024,v5,reset_mark,2025-05-23,-0.002302152286248582
year2024,v5,reset_mark,2025-05-27,0.010707840497650367
year2024,v5,reset_mark,2025-05-28,-0.012190574246241459
year2024,v5,reset_mark,2025-05-29,0.003879322353230441
year2024,v5,reset_mark,2025-05-30,-0.01637797733952743
year2024,v5,reset_mark,2025-06-02,0.006930156182643354
year2024,v5,reset_mark,2025-06-03,0.0090953653437592
year2024,v5,reset_mark,2025-06-04,0.005732125014849843
year2024,v5,reset_mark,2025-06-05,-0.0016911563770948157
year2024,v5,reset_mark,2025-06-06,0.005816456145212434
year2024,v5,reset_mark,2025-06-09,0.00589496303540934
year2024,v5,reset_mark,2025-06-10,-0.0014000148355278407
year2024,v5,reset_mark,2025-06-11,0.0027996524751823125
year2024,v5,reset_mark,2025-06-12,-0.0003713933327320729
year2024,v5,reset_mark,2025-06-13,-0.011034251380025862
year2024,v5,reset_mark,2025-06-16,0.005969019127606867
year2024,v5,reset_mark,2025-06-17,-0.005916620775509784
year2024,v5,reset_mark,2025-06-18,-0.0030625413992055204
year2024,v5,reset_mark,2025-06-20,-0.000982513123005646
year2024,v5,reset_mark,2025-06-23,0.007224025632830322
year2024,v5,reset_mark,2025-06-24,0.017618154531187803
year2024,v5,reset_mark,2025-06-25,0.004317344259719058
year2024,v5,reset_mark,2025-06-26,0.007293579458380139
year2024,v5,reset_mark,2025-06-27,-0.0013801408421605598
year2024,v5,reset_mark,2025-06-30,0.0027561133865420693
year2024,v5,reset_mark,2025-07-01,-0.002775880966001232
year2024,v5,reset_mark,2025-07-02,0.005987606324833294
year2024,v5,reset_mark,2025-07-03,0.0012459045133274005
year2024,v5,reset_mark,2025-07-07,-0.0033311711886057417
year2024,v5,reset_mark,2025-07-08,0.011476858357985143
year2024,v5,reset_mark,2025-07-09,0.0008306693582740499
year2024,v5,reset_mark,2025-07-10,0.004716360736586001
year2024,v5,reset_mark,2025-07-11,-0.0017889948999598505
year2024,v5,reset_mark,2025-07-14,0.0018042906094324796
year2024,v5,reset_mark,2025-07-15,0.006399386949343122
year2024,v5,reset_mark,2025-07-16,-0.00020356956580261932
year2024,v5,reset_mark,2025-07-17,0.005312994325333009
year2024,v5,reset_mark,2025-07-18,-0.004847557657384416
year2024,v5,reset_mark,2025-07-21,0.0015976258107972875
year2024,v5,reset_mark,2025-07-22,0.002681550718952652
year2024,v5,reset_mark,2025-07-23,0.009646597346911335
year2024,v5,reset_mark,2025-07-24,4.428390339445975e-05
year2024,v5,reset_mark,2025-07-25,-0.0012396189416390203
year2024,v5,reset_mark,2025-07-28,-0.0009908312028942489
year2024,v5,reset_mark,2025-07-29,-0.00699009835729123
year2024,v5,reset_mark,2025-07-30,-0.0010776013200354483
year2024,v5,reset_mark,2025-07-31,-0.010013325085424052
year2024,v5,reset_mark,2025-08-01,-0.015544520263107509
year2024,v5,reset_mark,2025-08-04,0.013053479936285629
year2024,v5,reset_mark,2025-08-05,-0.0029074871694206974
year2024,v5,reset_mark,2025-08-06,0.003921332528368027
year2024,v5,reset_mark,2025-08-07,-0.00025804808764287037
year2024,v5,reset_mark,2025-08-08,0.003164511306113449
year2024,v5,reset_mark,2025-08-11,-0.002310917321874062
year2024,v5,reset_mark,2025-08-12,0.007555633776938531
year2024,v5,reset_mark,2025-08-13,0.004599884376963337
year2024,v5,reset_mark,2025-08-14,-0.0031254355974291714
year2024,v5,reset_mark,2025-08-15,-0.00044574518265302345
year2024,v5,reset_mark,2025-08-18,0.0024273467771888215
year2024,v5,reset_mark,2025-08-19,-0.010141406707380007
year2024,v5,reset_mark,2025-08-20,0.00043077847920311994
year2024,v5,reset_mark,2025-08-21,-0.001515064990547188
year2024,v5,reset_mark,2025-08-22,0.008688276228133974
year2024,v5,reset_mark,2025-08-25,0.0009485957849077354
year2024,v5,reset_mark,2025-08-26,0.0018724772286508261
year2024,v5,carry_mark,2024-08-27,-0.0004135244120197612
year2024,v5,carry_mark,2024-08-28,-0.012406563341301625
year2024,v5,carry_mark,2024-08-29,0.01597343771981994
year2024,v5,carry_mark,2024-08-30,0.01805358921884357
year2024,v5,carry_mark,2024-09-03,-0.01566284729277273
year2024,v5,carry_mark,2024-09-04,0.005121290711390026
year2024,v5,carry_mark,2024-09-05,-0.006199759996128007
year2024,v5,carry_mark,2024-09-06,-0.023791115693195773
year2024,v5,carry_mark,2024-09-09,0.016515797249096596
year2024,v5,carry_mark,2024-09-10,-0.003042694252692191
year2024,v5,carry_mark,2024-09-11,0.010357285814471862
year2024,v5,carry_mark,2024-09-12,0.013104912880849662
year2024,v5,carry_mark,2024-09-13,0.004554075739284724
year2024,v5,carry_mark,2024-09-16,-0.00809880322695844
year2024,v5,carry_mark,2024-09-17,0.009282066943848633
year2024,v5,carry_mark,2024-09-18,-0.007110019746209328
year2024,v5,carry_mark,2024-09-19,0.022633537556344986
year2024,v5,carry_mark,2024-09-20,-0.002999609919812818
year2024,v5,carry_mark,2024-09-23,0.006674530101831444
year2024,v5,carry_mark,2024-09-24,0.04429621750290236
year2024,v5,carry_mark,2024-09-25,-0.01163515204752712
year2024,v5,carry_mark,2024-09-26,0.019025453896193444
year2024,v5,carry_mark,2024-09-27,-0.005221350594467067
year2024,v5,carry_mark,2024-09-30,0.002496913643632248
year2024,v5,carry_mark,2024-10-01,0.003332461626633143
year2024,v5,carry_mark,2024-10-02,0.024217146325439178
year2024,v5,carry_mark,2024-10-03,-0.004935593834140694
year2024,v5,carry_mark,2024-10-04,0.021530535838565214
year2024,v5,carry_mark,2024-10-07,0.0037898814780863654
year2024,v5,carry_mark,2024-10-08,-0.01535302895684818
year2024,v5,carry_mark,2024-10-09,-0.011347073732489799
year2024,v5,carry_mark,2024-10-10,0.003171331592788362
year2024,v5,carry_mark,2024-10-11,0.00700702636833801
year2024,v5,carry_mark,2024-10-14,0.0035120560684853254
year2024,v5,carry_mark,2024-10-15,-0.006314374370626441
year2024,v5,carry_mark,2024-10-16,0.00765222790843918
year2024,v5,carry_mark,2024-10-17,-0.003092029929602469
year2024,v5,carry_mark,2024-10-18,0.009470179341128837
year2024,v5,carry_mark,2024-10-21,0.0012937581158934286
year2024,v5,carry_mark,2024-10-22,-0.003031560459539062
year2024,v5,carry_mark,2024-10-23,-0.007582699741105958
year2024,v5,carry_mark,2024-10-24,0.0032824761247035594
year2024,v5,carry_mark,2024-10-25,0.0023322459551555095
year2024,v5,carry_mark,2024-10-28,-0.007911554007844213
year2024,v5,carry_mark,2024-10-29,-0.0023319039521703332
year2024,v5,carry_mark,2024-10-30,0.005781204814953434
year2024,v5,carry_mark,2024-10-31,-0.015123697181305218
year2024,v5,carry_mark,2024-11-01,0.008566035386135595
year2024,v5,carry_mark,2024-11-04,-0.006819148781166473
year2024,v5,carry_mark,2024-11-05,0.006536826823749675
year2024,v5,carry_mark,2024-11-06,0.0209973531022833
year2024,v5,carry_mark,2024-11-07,0.019074664538949838
year2024,v5,carry_mark,2024-11-08,0.06107604603198352
year2024,v5,carry_mark,2024-11-11,0.01222622992114183
year2024,v5,carry_mark,2024-11-12,-0.0016112793270926184
year2024,v5,carry_mark,2024-11-13,-0.0036092435678908076
year2024,v5,carry_mark,2024-11-14,-0.0031364477174204318
year2024,v5,carry_mark,2024-11-15,-0.00786363763669845
year2024,v5,carry_mark,2024-11-18,0.012173436396280036
year2024,v5,carry_mark,2024-11-19,0.007385236397214945
year2024,v5,carry_mark,2024-11-20,0.016934597210849146
year2024,v5,carry_mark,2024-11-21,0.0032114563450125534
year2024,v5,carry_mark,2024-11-22,0.017617982684165125
year2024,v5,carry_mark,2024-11-25,0.0006265740055033775
year2024,v5,carry_mark,2024-11-26,-0.0022580851238974352
year2024,v5,carry_mark,2024-11-27,-0.0005728805508959933
year2024,v5,carry_mark,2024-11-29,0.017129997077295712
year2024,v5,carry_mark,2024-12-02,0.009590455564042644
year2024,v5,carry_mark,2024-12-03,-0.0024719498623941515
year2024,v5,carry_mark,2024-12-04,0.009304020091479482
year2024,v5,carry_mark,2024-12-05,-0.014369186947136448
year2024,v5,carry_mark,2024-12-06,0.020589733304997228
year2024,v5,carry_mark,2024-12-09,0.0015473637479080926
year2024,v5,carry_mark,2024-12-10,-0.0012478147145519758
year2024,v5,carry_mark,2024-12-11,0.018525102871860977
year2024,v5,carry_mark,2024-12-12,-0.004472694895751317
year2024,v5,carry_mark,2024-12-13,-0.0003216507929454604
year2024,v5,carry_mark,2024-12-16,0.010974939274703787
year2024,v5,carry_mark,2024-12-17,0.0008490157655754116
year2024,v5,carry_mark,2024-12-18,-0.02473424163882674
year2024,v5,carry_mark,2024-12-19,0.0070754146345057166
year2024,v5,carry_mark,2024-12-20,0.001787386480280828
year2024,v5,carry_mark,2024-12-23,0.0021447990160566198
year2024,v5,carry_mark,2024-12-24,0.005683227002753699
year2024,v5,carry_mark,2024-12-26,-0.0009965427106170765
year2024,v5,carry_mark,2024-12-27,-0.00571931314331473
year2024,v5,carry_mark,2024-12-30,-0.004765945577165742
year2024,v5,carry_mark,2024-12-31,0.0027765869489139285
year2024,v5,carry_mark,2025-01-02,-0.00012897667546717394
year2024,v5,carry_mark,2025-01-03,0.003435026268118069
year2024,v5,carry_mark,2025-01-06,0.0046362890574927155
year2024,v5,carry_mark,2025-01-07,0.001154843952654705
year2024,v5,carry_mark,2025-01-08,-0.009463836881823607
year2024,v5,carry_mark,2025-01-10,-0.00743489880777507
year2024,v5,carry_mark,2025-01-13,-0.019733074408823315
year2024,v5,carry_mark,2025-01-14,-0.0022744679704893023
year2024,v5,carry_mark,2025-01-15,0.009065415876335225
year2024,v5,carry_mark,2025-01-16,-0.003715623394016665
year2024,v5,carry_mark,2025-01-17,0.005749372065669611
year2024,v5,carry_mark,2025-01-21,0.0031880008752505516
year2024,v5,carry_mark,2025-01-22,0.008723150472537067
year2024,v5,carry_mark,2025-01-23,1.968680980533044e-05
year2024,v5,carry_mark,2025-01-24,-0.002591417764964521
year2024,v5,carry_mark,2025-01-27,-0.023303126166878563
year2024,v5,carry_mark,2025-01-28,0.01774266116917005
year2024,v5,carry_mark,2025-01-29,-0.0061160169185693666
year2024,v5,carry_mark,2025-01-30,0.0038132054205054612
year2024,v5,carry_mark,2025-01-31,-0.008162601491699839
year2024,v5,carry_mark,2025-02-03,-0.006805475489968915
year2024,v5,carry_mark,2025-02-04,0.009737856448763793
year2024,v5,carry_mark,2025-02-05,-0.011796325014052422
year2024,v5,carry_mark,2025-02-06,0.0038902888214605857
year2024,v5,carry_mark,2025-02-07,-0.0002266956314317059
year2024,v5,carry_mark,2025-02-10,0.008934514772517721
year2024,v5,carry_mark,2025-02-11,-0.0035906133446312327
year2024,v5,carry_mark,2025-02-12,0.006037911603502944
year2024,v5,carry_mark,2025-02-13,0.001744632217459774
year2024,v5,carry_mark,2025-02-14,0.006671218272001423
year2024,v5,carry_mark,2025-02-18,0.009455190347323839
year2024,v5,carry_mark,2025-02-19,0.0003487134758095922
year2024,v5,carry_mark,2025-02-20,-0.0001062857155256891
year2024,v5,carry_mark,2025-02-21,0.004972942986118545
year2024,v5,carry_mark,2025-02-24,-0.015967310800983757
year2024,v5,carry_mark,2025-02-25,-0.0017436540296107417
year2024,v5,carry_mark,2025-02-26,-0.00017209359062344553
year2024,v5,carry_mark,2025-02-27,-0.01166525776000774
year2024,v5,carry_mark,2025-02-28,0.001774451497064633
year2024,v5,carry_mark,2025-03-03,-0.0062901586983168944
year2024,v5,carry_mark,2025-03-04,0.002702428362374998
year2024,v5,carry_mark,2025-03-05,0.020358856130289628
year2024,v5,carry_mark,2025-03-06,-0.004001597534852086
year2024,v5,carry_mark,2025-03-07,0.0037933495940169148
year2024,v5,carry_mark,2025-03-10,-0.006956206284936239
year2024,v5,carry_mark,2025-03-11,-0.00714489993234374
year2024,v5,carry_mark,2025-03-12,0.005890687885733015
year2024,v5,carry_mark,2025-03-13,-0.012545613931746103
year2024,v5,carry_mark,2025-03-14,0.0467011568540421
year2024,v5,carry_mark,2025-03-17,-0.009603197890689762
year2024,v5,carry_mark,2025-03-18,-0.01297928925138433
year2024,v5,carry_mark,2025-03-19,0.008958308923035063
year2024,v5,carry_mark,2025-03-20,-0.0029307758524714676
year2024,v5,carry_mark,2025-03-21,0.003975875202180179
year2024,v5,carry_mark,2025-03-24,0.026077437977845053
year2024,v5,carry_mark,2025-03-25,0.0026565461228906127
year2024,v5,carry_mark,2025-03-26,-0.027038881755492163
year2024,v5,carry_mark,2025-03-27,-0.00556562516489425
year2024,v5,carry_mark,2025-03-28,-0.015249753739948291
year2024,v5,carry_mark,2025-03-31,-0.011608300150032813
year2024,v5,carry_mark,2025-04-01,0.006088265862934294
year2024,v5,carry_mark,2025-04-02,0.006082692288126612
year2024,v5,carry_mark,2025-04-03,-0.009811930185424311
year2024,v5,carry_mark,2025-04-04,-0.019596657695204866
year2024,v5,carry_mark,2025-04-07,-0.0011658320519105981
year2024,v5,carry_mark,2025-04-08,-0.03771686693464217
year2024,v5,carry_mark,2025-04-09,0.0933921820984093
year2024,v5,carry_mark,2025-04-10,-0.03900900980042711
year2024,v5,carry_mark,2025-04-11,0.017173107240058515
year2024,v5,carry_mark,2025-04-14,0.0065073753806239145
year2024,v5,carry_mark,2025-04-15,0.006860614718551772
year2024,v5,carry_mark,2025-04-16,-0.03326565681139444
year2024,v5,carry_mark,2025-04-17,-0.0018366823834516043
year2024,v5,carry_mark,2025-04-21,-0.010535863047577542
year2024,v5,carry_mark,2025-04-22,0.020577487964643582
year2024,v5,carry_mark,2025-04-23,0.00830857307812547
year2024,v5,carry_mark,2025-04-24,0.010137600788570312
year2024,v5,carry_mark,2025-04-25,0.0036969152099899706
year2024,v5,carry_mark,2025-04-28,-0.0012810926076618268
year2024,v5,carry_mark,2025-04-29,0.0014527518181797316
year2024,v5,carry_mark,2025-04-30,0.003160810449629581
year2024,v5,carry_mark,2025-05-01,-0.0031942587252721476
year2024,v5,carry_mark,2025-05-02,0.014410535250463364
year2024,v5,carry_mark,2025-05-05,-0.00526169104586619
year2024,v5,carry_mark,2025-05-06,-0.012446191242346671
year2024,v5,carry_mark,2025-05-07,-0.0030855610335403295
year2024,v5,carry_mark,2025-05-08,0.010358590022423864
year2024,v5,carry_mark,2025-05-09,-0.003258713937075586
year2024,v5,carry_mark,2025-05-12,0.04306212967437173
year2024,v5,carry_mark,2025-05-13,0.016270194353670296
year2024,v5,carry_mark,2025-05-14,-0.0019082491277378488
year2024,v5,carry_mark,2025-05-15,-0.005101449114440093
year2024,v5,carry_mark,2025-05-16,0.004559263169325023
year2024,v5,carry_mark,2025-05-19,0.010028276587535023
year2024,v5,carry_mark,2025-05-20,0.007956697209310647
year2024,v5,carry_mark,2025-05-21,-0.021012213251941237
year2024,v5,carry_mark,2025-05-22,0.005541938595106699
year2024,v5,carry_mark,2025-05-23,-0.001273265853830452
year2024,v5,carry_mark,2025-05-27,0.008373216583523125
year2024,v5,carry_mark,2025-05-28,-0.01146774174017522
year2024,v5,carry_mark,2025-05-29,0.0035907078337061304
year2024,v5,carry_mark,2025-05-30,-0.016744244171001954
year2024,v5,carry_mark,2025-06-02,0.0065804264232440565
year2024,v5,carry_mark,2025-06-03,0.00887890107175937
year2024,v5,carry_mark,2025-06-04,0.005537729288536819
year2024,v5,carry_mark,2025-06-05,-0.0025125066689219767
year2024,v5,carry_mark,2025-06-06,0.005239135701893172
year2024,v5,carry_mark,2025-06-09,0.005391116125977491
year2024,v5,carry_mark,2025-06-10,-0.0010129209016800146
year2024,v5,carry_mark,2025-06-11,0.0024386608755517904
year2024,v5,carry_mark,2025-06-12,-0.0016938088175975086
year2024,v5,carry_mark,2025-06-13,-0.010217745083540864
year2024,v5,carry_mark,2025-06-16,0.00508894011704567
year2024,v5,carry_mark,2025-06-17,-0.00568704151477476
year2024,v5,carry_mark,2025-06-18,-0.0035227500951574677
year2024,v5,carry_mark,2025-06-20,-0.00039114289236230615
year2024,v5,carry_mark,2025-06-23,0.005422599949238771
year2024,v5,carry_mark,2025-06-24,0.016772478532923917
year2024,v5,carry_mark,2025-06-25,0.0038766261093716057
year2024,v5,carry_mark,2025-06-26,0.006241306659110335
year2024,v5,carry_mark,2025-06-27,-0.0010765907911864825
year2024,v5,carry_mark,2025-06-30,0.0024597063184558675
year2024,v5,carry_mark,2025-07-01,-0.0016982959094727246
year2024,v5,carry_mark,2025-07-02,0.00618270671684511
year2024,v5,carry_mark,2025-07-03,-0.0003322176349127459
year2024,v5,carry_mark,2025-07-07,-0.003106651277329631
year2024,v5,carry_mark,2025-07-08,0.011697867379285808
year2024,v5,carry_mark,2025-07-09,-0.0005567122848697869
year2024,v5,carry_mark,2025-07-10,0.0051195302346942586
year2024,v5,carry_mark,2025-07-11,-0.0021559080964143828
year2024,v5,carry_mark,2025-07-14,0.0018638984744450027
year2024,v5,carry_mark,2025-07-15,0.005842745390021132
year2024,v5,carry_mark,2025-07-16,-0.00016402739583404324
year2024,v5,carry_mark,2025-07-17,0.004110506854790108
year2024,v5,carry_mark,2025-07-18,-0.004525098330689092
year2024,v5,carry_mark,2025-07-21,0.0015956633040107525
year2024,v5,carry_mark,2025-07-22,0.0036206576020349156
year2024,v5,carry_mark,2025-07-23,0.009527847744409335
year2024,v5,carry_mark,2025-07-24,-0.0009460910573628855
year2024,v5,carry_mark,2025-07-25,-0.0017935684136863527
year2024,v5,carry_mark,2025-07-28,-0.0007552854823709044
year2024,v5,carry_mark,2025-07-29,-0.00700375832299247
year2024,v5,carry_mark,2025-07-30,-0.001208311837736975
year2024,v5,carry_mark,2025-07-31,-0.01396079803202217
year2024,v5,carry_mark,2025-08-01,-0.013784442540813735
year2024,v5,carry_mark,2025-08-04,0.010853554420815658
year2024,v5,carry_mark,2025-08-05,-0.0014344802183593798
year2024,v5,carry_mark,2025-08-06,0.004453781142028634
year2024,v5,carry_mark,2025-08-07,0.0005229889007498989
year2024,v5,carry_mark,2025-08-08,0.0029341236419549444
year2024,v5,carry_mark,2025-08-11,-0.00225920509532892
year2024,v5,carry_mark,2025-08-12,0.006123974152294731
year2024,v5,carry_mark,2025-08-13,0.006236188001845511
year2024,v5,carry_mark,2025-08-14,-0.0034904060758442546
year2024,v5,carry_mark,2025-08-15,-3.623446903244787e-06
year2024,v5,carry_mark,2025-08-18,0.003017539872731012
year2024,v5,carry_mark,2025-08-19,-0.008723888448176864
year2024,v5,carry_mark,2025-08-20,0.0012252520418396307
year2024,v5,carry_mark,2025-08-21,-0.001222410758411674
year2024,v5,carry_mark,2025-08-22,0.00809530050033357
year2024,v5,carry_mark,2025-08-25,0.0015341292029576238
year2024,v5,carry_mark,2025-08-26,0.0023127265400596287
year2024,P-confirm5-v5profit50,reset_liquidate,2024-08-27,0.0
year2024,P-confirm5-v5profit50,reset_liquidate,2024-08-28,0.0
year2024,P-confirm5-v5profit50,reset_liquidate,2024-08-29,0.0
year2024,P-confirm5-v5profit50,reset_liquidate,2024-08-30,0.0
year2024,P-confirm5-v5profit50,reset_liquidate,2024-09-03,0.0
year2024,P-confirm5-v5profit50,reset_liquidate,2024-09-04,0.0
year2024,P-confirm5-v5profit50,reset_liquidate,2024-09-05,0.0
year2024,P-confirm5-v5profit50,reset_liquidate,2024-09-06,0.0
year2024,P-confirm5-v5profit50,reset_liquidate,2024-09-09,0.0
year2024,P-confirm5-v5profit50,reset_liquidate,2024-09-10,0.0
year2024,P-confirm5-v5profit50,reset_liquidate,2024-09-11,0.0
year2024,P-confirm5-v5profit50,reset_liquidate,2024-09-12,0.0
year2024,P-confirm5-v5profit50,reset_liquidate,2024-09-13,0.0
year2024,P-confirm5-v5profit50,reset_liquidate,2024-09-16,-0.0005994978223528124
year2024,P-confirm5-v5profit50,reset_liquidate,2024-09-17,0.0014946164298706322
year2024,P-confirm5-v5profit50,reset_liquidate,2024-09-18,-0.002456869049185606
year2024,P-confirm5-v5profit50,reset_liquidate,2024-09-19,0.0034638657526065765
year2024,P-confirm5-v5profit50,reset_liquidate,2024-09-20,0.0004271664029588229
year2024,P-confirm5-v5profit50,reset_liquidate,2024-09-23,-0.0004445314839215175
year2024,P-confirm5-v5profit50,reset_liquidate,2024-09-24,0.0026663300638098296
year2024,P-confirm5-v5profit50,reset_liquidate,2024-09-25,-0.0005898548148467131
year2024,P-confirm5-v5profit50,reset_liquidate,2024-09-26,-0.0006360600373782943
year2024,P-confirm5-v5profit50,reset_liquidate,2024-09-27,0.00017622006499271592
year2024,P-confirm5-v5profit50,reset_liquidate,2024-09-30,0.0014303330472552167
year2024,P-confirm5-v5profit50,reset_liquidate,2024-10-01,0.00024465480547318784
year2024,P-confirm5-v5profit50,reset_liquidate,2024-10-02,2.57332277221467e-05
year2024,P-confirm5-v5profit50,reset_liquidate,2024-10-03,-0.0006033003522703418
year2024,P-confirm5-v5profit50,reset_liquidate,2024-10-04,0.0025486285277380285
year2024,P-confirm5-v5profit50,reset_liquidate,2024-10-07,-0.007235617846654885
year2024,P-confirm5-v5profit50,reset_liquidate,2024-10-08,0.013792644526761256
year2024,P-confirm5-v5profit50,reset_liquidate,2024-10-09,-0.0024495965673685615
year2024,P-confirm5-v5profit50,reset_liquidate,2024-10-10,0.0035593915626889404
year2024,P-confirm5-v5profit50,reset_liquidate,2024-10-11,0.006891594714202931
year2024,P-confirm5-v5profit50,reset_liquidate,2024-10-14,0.004394614050084389
year2024,P-confirm5-v5profit50,reset_liquidate,2024-10-15,-0.005234357975197878
year2024,P-confirm5-v5profit50,reset_liquidate,2024-10-16,0.008841672408651446
year2024,P-confirm5-v5profit50,reset_liquidate,2024-10-17,-0.001192064419024641
year2024,P-confirm5-v5profit50,reset_liquidate,2024-10-18,-0.0019624134657006296
year2024,P-confirm5-v5profit50,reset_liquidate,2024-10-21,7.465483394343275e-05
year2024,P-confirm5-v5profit50,reset_liquidate,2024-10-22,-0.004336491122248443
year2024,P-confirm5-v5profit50,reset_liquidate,2024-10-23,-0.00690201306813083
year2024,P-confirm5-v5profit50,reset_liquidate,2024-10-24,0.003251857923821877
year2024,P-confirm5-v5profit50,reset_liquidate,2024-10-25,0.001527032567428499
year2024,P-confirm5-v5profit50,reset_liquidate,2024-10-28,-0.0075471962872246555
year2024,P-confirm5-v5profit50,reset_liquidate,2024-10-29,-0.0035883834559455098
year2024,P-confirm5-v5profit50,reset_liquidate,2024-10-30,0.005646933127055509
year2024,P-confirm5-v5profit50,reset_liquidate,2024-10-31,-0.009070939511393905
year2024,P-confirm5-v5profit50,reset_liquidate,2024-11-01,0.007576743161873201
year2024,P-confirm5-v5profit50,reset_liquidate,2024-11-04,-0.003840884499159558
year2024,P-confirm5-v5profit50,reset_liquidate,2024-11-05,0.004948694300237433
year2024,P-confirm5-v5profit50,reset_liquidate,2024-11-06,0.020873244407445556
year2024,P-confirm5-v5profit50,reset_liquidate,2024-11-07,0.008998771623797008
year2024,P-confirm5-v5profit50,reset_liquidate,2024-11-08,0.006375896682806037
year2024,P-confirm5-v5profit50,reset_liquidate,2024-11-11,0.011080771951482094
year2024,P-confirm5-v5profit50,reset_liquidate,2024-11-12,-0.0012710933916824652
year2024,P-confirm5-v5profit50,reset_liquidate,2024-11-13,-0.005922602626147899
year2024,P-confirm5-v5profit50,reset_liquidate,2024-11-14,-0.0049698417542337284
year2024,P-confirm5-v5profit50,reset_liquidate,2024-11-15,-0.018352743404791916
year2024,P-confirm5-v5profit50,reset_liquidate,2024-11-18,0.011672284549897128
year2024,P-confirm5-v5profit50,reset_liquidate,2024-11-19,0.012280008133666698
year2024,P-confirm5-v5profit50,reset_liquidate,2024-11-20,0.016172742308415856
year2024,P-confirm5-v5profit50,reset_liquidate,2024-11-21,0.0037461127414102234
year2024,P-confirm5-v5profit50,reset_liquidate,2024-11-22,0.014399877763652102
year2024,P-confirm5-v5profit50,reset_liquidate,2024-11-25,-0.003550961594841251
year2024,P-confirm5-v5profit50,reset_liquidate,2024-11-26,-0.001124212973879457
year2024,P-confirm5-v5profit50,reset_liquidate,2024-11-27,-0.00057288055089596
year2024,P-confirm5-v5profit50,reset_liquidate,2024-11-29,0.017129997077295723
year2024,P-confirm5-v5profit50,reset_liquidate,2024-12-02,0.009590455564042621
year2024,P-confirm5-v5profit50,reset_liquidate,2024-12-03,-0.0024719498623941515
year2024,P-confirm5-v5profit50,reset_liquidate,2024-12-04,0.009304020091479492
year2024,P-confirm5-v5profit50,reset_liquidate,2024-12-05,-0.014369186947136459
year2024,P-confirm5-v5profit50,reset_liquidate,2024-12-06,0.020589733304997228
year2024,P-confirm5-v5profit50,reset_liquidate,2024-12-09,0.0015473637479080816
year2024,P-confirm5-v5profit50,reset_liquidate,2024-12-10,-0.0012478147145519535
year2024,P-confirm5-v5profit50,reset_liquidate,2024-12-11,0.018525102871860932
year2024,P-confirm5-v5profit50,reset_liquidate,2024-12-12,-0.004472694895751306
year2024,P-confirm5-v5profit50,reset_liquidate,2024-12-13,-0.00016114420223198867
year2024,P-confirm5-v5profit50,reset_liquidate,2024-12-16,0.01000907806551663
year2024,P-confirm5-v5profit50,reset_liquidate,2024-12-17,0.00021348461110759498
year2024,P-confirm5-v5profit50,reset_liquidate,2024-12-18,-0.020978140523745893
year2024,P-confirm5-v5profit50,reset_liquidate,2024-12-19,0.007157724668361865
year2024,P-confirm5-v5profit50,reset_liquidate,2024-12-20,0.001885776219425117
year2024,P-confirm5-v5profit50,reset_liquidate,2024-12-23,0.0024540079222964196
year2024,P-confirm5-v5profit50,reset_liquidate,2024-12-24,0.004745837784542228
year2024,P-confirm5-v5profit50,reset_liquidate,2024-12-26,-0.0007188468423651063
year2024,P-confirm5-v5profit50,reset_liquidate,2024-12-27,-0.003989157057923742
year2024,P-confirm5-v5profit50,reset_liquidate,2024-12-30,-0.0034419931875081856
year2024,P-confirm5-v5profit50,reset_liquidate,2024-12-31,0.003560426761902091
year2024,P-confirm5-v5profit50,reset_liquidate,2025-01-02,0.0005637904485504719
year2024,P-confirm5-v5profit50,reset_liquidate,2025-01-03,0.0022954544576472722
year2024,P-confirm5-v5profit50,reset_liquidate,2025-01-06,0.003573338795269354
year2024,P-confirm5-v5profit50,reset_liquidate,2025-01-07,0.0024356692204244522
year2024,P-confirm5-v5profit50,reset_liquidate,2025-01-08,-0.009982340200412465
year2024,P-confirm5-v5profit50,reset_liquidate,2025-01-10,-0.005019639387709063
year2024,P-confirm5-v5profit50,reset_liquidate,2025-01-13,-0.0025082441101177853
year2024,P-confirm5-v5profit50,reset_liquidate,2025-01-14,-0.003871187705251322
year2024,P-confirm5-v5profit50,reset_liquidate,2025-01-15,0.007405294660613149
year2024,P-confirm5-v5profit50,reset_liquidate,2025-01-16,-0.006214621931240216
year2024,P-confirm5-v5profit50,reset_liquidate,2025-01-17,0.00558990924601106
year2024,P-confirm5-v5profit50,reset_liquidate,2025-01-21,0.00868440043865153
year2024,P-confirm5-v5profit50,reset_liquidate,2025-01-22,0.01186468167425283
year2024,P-confirm5-v5profit50,reset_liquidate,2025-01-23,0.010009287461475547
year2024,P-confirm5-v5profit50,reset_liquidate,2025-01-24,-0.00431005804916752
year2024,P-confirm5-v5profit50,reset_liquidate,2025-01-27,-0.020584201409339663
year2024,P-confirm5-v5profit50,reset_liquidate,2025-01-28,0.02273312094674882
year2024,P-confirm5-v5profit50,reset_liquidate,2025-01-29,-0.014417305695090976
year2024,P-confirm5-v5profit50,reset_liquidate,2025-01-30,0.01077996428278405
year2024,P-confirm5-v5profit50,reset_liquidate,2025-01-31,-0.01212684615879096
year2024,P-confirm5-v5profit50,reset_liquidate,2025-02-03,-0.008974469333502854
year2024,P-confirm5-v5profit50,reset_liquidate,2025-02-04,0.009384994178231399
year2024,P-confirm5-v5profit50,reset_liquidate,2025-02-05,-0.012019428886455385
year2024,P-confirm5-v5profit50,reset_liquidate,2025-02-06,0.0032781281771216753
year2024,P-confirm5-v5profit50,reset_liquidate,2025-02-07,0.001233072349257569
year2024,P-confirm5-v5profit50,reset_liquidate,2025-02-10,0.008331707885219818
year2024,P-confirm5-v5profit50,reset_liquidate,2025-02-11,-0.0034013942924292382
year2024,P-confirm5-v5profit50,reset_liquidate,2025-02-12,0.006621227246669204
year2024,P-confirm5-v5profit50,reset_liquidate,2025-02-13,0.00137791992314511
year2024,P-confirm5-v5profit50,reset_liquidate,2025-02-14,0.007185179353801729
year2024,P-confirm5-v5profit50,reset_liquidate,2025-02-18,0.009158928565781066
year2024,P-confirm5-v5profit50,reset_liquidate,2025-02-19,-0.0009035993309939982
year2024,P-confirm5-v5profit50,reset_liquidate,2025-02-20,-0.0004341821171854998
year2024,P-confirm5-v5profit50,reset_liquidate,2025-02-21,0.006876197578385835
year2024,P-confirm5-v5profit50,reset_liquidate,2025-02-24,-0.013512171856564458
year2024,P-confirm5-v5profit50,reset_liquidate,2025-02-25,0.0019029301064363957
year2024,P-confirm5-v5profit50,reset_liquidate,2025-02-26,0.000901451510702711
year2024,P-confirm5-v5profit50,reset_liquidate,2025-02-27,-0.0074151326464909515
year2024,P-confirm5-v5profit50,reset_liquidate,2025-02-28,-0.00041814431481891346
year2024,P-confirm5-v5profit50,reset_liquidate,2025-03-03,-0.0022286778007530204
year2024,P-confirm5-v5profit50,reset_liquidate,2025-03-04,0.0003303613477286138
year2024,P-confirm5-v5profit50,reset_liquidate,2025-03-05,0.01593677349849367
year2024,P-confirm5-v5profit50,reset_liquidate,2025-03-06,-0.0025844926755860475
year2024,P-confirm5-v5profit50,reset_liquidate,2025-03-07,0.0038192460712231703
year2024,P-confirm5-v5profit50,reset_liquidate,2025-03-10,0.000982865678523326
year2024,P-confirm5-v5profit50,reset_liquidate,2025-03-11,-0.006117911064934945
year2024,P-confirm5-v5profit50,reset_liquidate,2025-03-12,0.003702606819155885
year2024,P-confirm5-v5profit50,reset_liquidate,2025-03-13,-0.011371506871712378
year2024,P-confirm5-v5profit50,reset_liquidate,2025-03-14,0.0441164725261165
year2024,P-confirm5-v5profit50,reset_liquidate,2025-03-17,-0.009639232132329988
year2024,P-confirm5-v5profit50,reset_liquidate,2025-03-18,-0.01164663604050652
year2024,P-confirm5-v5profit50,reset_liquidate,2025-03-19,0.007837110958463378
year2024,P-confirm5-v5profit50,reset_liquidate,2025-03-20,-0.0026780784753841934
year2024,P-confirm5-v5profit50,reset_liquidate,2025-03-21,0.002833280468032373
year2024,P-confirm5-v5profit50,reset_liquidate,2025-03-24,0.025612280087640337
year2024,P-confirm5-v5profit50,reset_liquidate,2025-03-25,0.00234185484233409
year2024,P-confirm5-v5profit50,reset_liquidate,2025-03-26,-0.027038881755492163
year2024,P-confirm5-v5profit50,reset_liquidate,2025-03-27,0.0016216508329577773
year2024,P-confirm5-v5profit50,reset_liquidate,2025-03-28,-0.014026014963455524
year2024,P-confirm5-v5profit50,reset_liquidate,2025-03-31,-0.011608300150032813
year2024,P-confirm5-v5profit50,reset_liquidate,2025-04-01,0.006088265862934294
year2024,P-confirm5-v5profit50,reset_liquidate,2025-04-02,0.006082692288126623
year2024,P-confirm5-v5profit50,reset_liquidate,2025-04-03,-0.009811930185424278
year2024,P-confirm5-v5profit50,reset_liquidate,2025-04-04,-0.02064886178894949
year2024,P-confirm5-v5profit50,reset_liquidate,2025-04-07,-0.001716079663759984
year2024,P-confirm5-v5profit50,reset_liquidate,2025-04-08,-0.038639011887430554
year2024,P-confirm5-v5profit50,reset_liquidate,2025-04-09,0.10352586692557131
year2024,P-confirm5-v5profit50,reset_liquidate,2025-04-10,-0.0413496547233286
year2024,P-confirm5-v5profit50,reset_liquidate,2025-04-11,0.01903491554997855
year2024,P-confirm5-v5profit50,reset_liquidate,2025-04-14,0.006342614245773814
year2024,P-confirm5-v5profit50,reset_liquidate,2025-04-15,0.0063242730601726915
year2024,P-confirm5-v5profit50,reset_liquidate,2025-04-16,-0.03692625495844041
year2024,P-confirm5-v5profit50,reset_liquidate,2025-04-17,-0.0028673292237517134
year2024,P-confirm5-v5profit50,reset_liquidate,2025-04-21,-0.012890532602978299
year2024,P-confirm5-v5profit50,reset_liquidate,2025-04-22,0.022721621488737288
year2024,P-confirm5-v5profit50,reset_liquidate,2025-04-23,0.010372257493661685
year2024,P-confirm5-v5profit50,reset_liquidate,2025-04-24,0.01358586934259518
year2024,P-confirm5-v5profit50,reset_liquidate,2025-04-25,0.00487171987148125
year2024,P-confirm5-v5profit50,reset_liquidate,2025-04-28,-0.0014571810166598143
year2024,P-confirm5-v5profit50,reset_liquidate,2025-04-29,0.002189024661990302
year2024,P-confirm5-v5profit50,reset_liquidate,2025-04-30,0.0034704239899419954
year2024,P-confirm5-v5profit50,reset_liquidate,2025-05-01,0.004431097593656041
year2024,P-confirm5-v5profit50,reset_liquidate,2025-05-02,0.0167330564127972
year2024,P-confirm5-v5profit50,reset_liquidate,2025-05-05,-0.005057221589209904
year2024,P-confirm5-v5profit50,reset_liquidate,2025-05-06,-0.013101902497383345
year2024,P-confirm5-v5profit50,reset_liquidate,2025-05-07,-0.003076327795178124
year2024,P-confirm5-v5profit50,reset_liquidate,2025-05-08,0.011470856609785496
year2024,P-confirm5-v5profit50,reset_liquidate,2025-05-09,-0.003130910221295735
year2024,P-confirm5-v5profit50,reset_liquidate,2025-05-12,0.045462238742731045
year2024,P-confirm5-v5profit50,reset_liquidate,2025-05-13,0.01624348485035839
year2024,P-confirm5-v5profit50,reset_liquidate,2025-05-14,-0.0010621905114858166
year2024,P-confirm5-v5profit50,reset_liquidate,2025-05-15,-0.005059500414748697
year2024,P-confirm5-v5profit50,reset_liquidate,2025-05-16,0.004810843095300998
year2024,P-confirm5-v5profit50,reset_liquidate,2025-05-19,0.011040891599480518
year2024,P-confirm5-v5profit50,reset_liquidate,2025-05-20,0.007804152545919807
year2024,P-confirm5-v5profit50,reset_liquidate,2025-05-21,-0.02223446829687973
year2024,P-confirm5-v5profit50,reset_liquidate,2025-05-22,0.002843007810537834
year2024,P-confirm5-v5profit50,reset_liquidate,2025-05-23,-0.0038353637630064163
year2024,P-confirm5-v5profit50,reset_liquidate,2025-05-27,0.006904706621291568
year2024,P-confirm5-v5profit50,reset_liquidate,2025-05-28,-0.007287557685912549
year2024,P-confirm5-v5profit50,reset_liquidate,2025-05-29,0.007958638664368379
year2024,P-confirm5-v5profit50,reset_liquidate,2025-05-30,-0.00745889758959849
year2024,P-confirm5-v5profit50,reset_liquidate,2025-06-02,0.007742799869263739
year2024,P-confirm5-v5profit50,reset_liquidate,2025-06-03,0.009095365343759177
year2024,P-confirm5-v5profit50,reset_liquidate,2025-06-04,0.005732125014849832
year2024,P-confirm5-v5profit50,reset_liquidate,2025-06-05,-0.0016911563770948157
year2024,P-confirm5-v5profit50,reset_liquidate,2025-06-06,0.005816456145212379
year2024,P-confirm5-v5profit50,reset_liquidate,2025-06-09,0.0058949630354093955
year2024,P-confirm5-v5profit50,reset_liquidate,2025-06-10,-0.001400014835527863
year2024,P-confirm5-v5profit50,reset_liquidate,2025-06-11,0.0027996524751823237
year2024,P-confirm5-v5profit50,reset_liquidate,2025-06-12,-0.00037139333273206177
year2024,P-confirm5-v5profit50,reset_liquidate,2025-06-13,-0.011034251380025905
year2024,P-confirm5-v5profit50,reset_liquidate,2025-06-16,0.005969019127606889
year2024,P-confirm5-v5profit50,reset_liquidate,2025-06-17,-0.005916620775509818
year2024,P-confirm5-v5profit50,reset_liquidate,2025-06-18,-0.0030625413992054875
year2024,P-confirm5-v5profit50,reset_liquidate,2025-06-20,-0.0009825131230056794
year2024,P-confirm5-v5profit50,reset_liquidate,2025-06-23,0.007224025632830322
year2024,P-confirm5-v5profit50,reset_liquidate,2025-06-24,0.017618154531187778
year2024,P-confirm5-v5profit50,reset_liquidate,2025-06-25,0.0037107596799755725
year2024,P-confirm5-v5profit50,reset_liquidate,2025-06-26,0.010033132178236514
year2024,P-confirm5-v5profit50,reset_liquidate,2025-06-27,-0.00040035567890729374
year2024,P-confirm5-v5profit50,reset_liquidate,2025-06-30,0.004696660991860435
year2024,P-confirm5-v5profit50,reset_liquidate,2025-07-01,-0.0053180329820215035
year2024,P-confirm5-v5profit50,reset_liquidate,2025-07-02,0.00797794828263687
year2024,P-confirm5-v5profit50,reset_liquidate,2025-07-03,0.004045903619779012
year2024,P-confirm5-v5profit50,reset_liquidate,2025-07-07,-0.005559682108742037
year2024,P-confirm5-v5profit50,reset_liquidate,2025-07-08,0.011609526443198338
year2024,P-confirm5-v5profit50,reset_liquidate,2025-07-09,0.002902195784182515
year2024,P-confirm5-v5profit50,reset_liquidate,2025-07-10,0.004256195638188342
year2024,P-confirm5-v5profit50,reset_liquidate,2025-07-11,-0.00254764889875686
year2024,P-confirm5-v5profit50,reset_liquidate,2025-07-14,0.0028673529602072033
year2024,P-confirm5-v5profit50,reset_liquidate,2025-07-15,0.006659405137002727
year2024,P-confirm5-v5profit50,reset_liquidate,2025-07-16,7.935510861448725e-05
year2024,P-confirm5-v5profit50,reset_liquidate,2025-07-17,0.007640485791808449
year2024,P-confirm5-v5profit50,reset_liquidate,2025-07-18,-0.0051921877379942135
year2024,P-confirm5-v5profit50,reset_liquidate,2025-07-21,0.003119240342610441
year2024,P-confirm5-v5profit50,reset_liquidate,2025-07-22,0.0011259720674102526
year2024,P-confirm5-v5profit50,reset_liquidate,2025-07-23,0.010961474793120296
year2024,P-confirm5-v5profit50,reset_liquidate,2025-07-24,0.0006380295003097114
year2024,P-confirm5-v5profit50,reset_liquidate,2025-07-25,-0.0012396189416390313
year2024,P-confirm5-v5profit50,reset_liquidate,2025-07-28,-0.0009908312028942602
year2024,P-confirm5-v5profit50,reset_liquidate,2025-07-29,-0.006990098357291241
year2024,P-confirm5-v5profit50,reset_liquidate,2025-07-30,-0.0010776013200354262
year2024,P-confirm5-v5profit50,reset_liquidate,2025-07-31,-0.010013325085424029
year2024,P-confirm5-v5profit50,reset_liquidate,2025-08-01,-0.015476131514557179
year2024,P-confirm5-v5profit50,reset_liquidate,2025-08-04,0.010600334799568345
year2024,P-confirm5-v5profit50,reset_liquidate,2025-08-05,-0.0009330924442376265
year2024,P-confirm5-v5profit50,reset_liquidate,2025-08-06,0.001254656910991725
year2024,P-confirm5-v5profit50,reset_liquidate,2025-08-07,-0.001782428829384497
year2024,P-confirm5-v5profit50,reset_liquidate,2025-08-08,0.00321203944236087
year2024,P-confirm5-v5profit50,reset_liquidate,2025-08-11,-0.003740321655018708
year2024,P-confirm5-v5profit50,reset_liquidate,2025-08-12,0.01059546316907416
year2024,P-confirm5-v5profit50,reset_liquidate,2025-08-13,0.0047476989498928535
year2024,P-confirm5-v5profit50,reset_liquidate,2025-08-14,-0.0033995247018468676
year2024,P-confirm5-v5profit50,reset_liquidate,2025-08-15,-0.0018622319775296937
year2024,P-confirm5-v5profit50,reset_liquidate,2025-08-18,0.0022986674610632083
year2024,P-confirm5-v5profit50,reset_liquidate,2025-08-19,-0.014221290347744197
year2024,P-confirm5-v5profit50,reset_liquidate,2025-08-20,-0.0013937112616359214
year2024,P-confirm5-v5profit50,reset_liquidate,2025-08-21,-0.002906010067319864
year2024,P-confirm5-v5profit50,reset_liquidate,2025-08-22,0.013185897970137162
year2024,P-confirm5-v5profit50,reset_liquidate,2025-08-25,8.557323364377644e-06
year2024,P-confirm5-v5profit50,reset_liquidate,2025-08-26,0.0014706047514221777
year2024,P-confirm5-v5profit50,reset_mark,2024-08-27,0.0
year2024,P-confirm5-v5profit50,reset_mark,2024-08-28,0.0
year2024,P-confirm5-v5profit50,reset_mark,2024-08-29,0.0
year2024,P-confirm5-v5profit50,reset_mark,2024-08-30,0.0
year2024,P-confirm5-v5profit50,reset_mark,2024-09-03,0.0
year2024,P-confirm5-v5profit50,reset_mark,2024-09-04,0.0
year2024,P-confirm5-v5profit50,reset_mark,2024-09-05,0.0
year2024,P-confirm5-v5profit50,reset_mark,2024-09-06,0.0
year2024,P-confirm5-v5profit50,reset_mark,2024-09-09,0.0
year2024,P-confirm5-v5profit50,reset_mark,2024-09-10,0.0
year2024,P-confirm5-v5profit50,reset_mark,2024-09-11,0.0
year2024,P-confirm5-v5profit50,reset_mark,2024-09-12,0.0
year2024,P-confirm5-v5profit50,reset_mark,2024-09-13,0.0
year2024,P-confirm5-v5profit50,reset_mark,2024-09-16,-0.0005994978223528124
year2024,P-confirm5-v5profit50,reset_mark,2024-09-17,0.0014946164298706322
year2024,P-confirm5-v5profit50,reset_mark,2024-09-18,-0.002456869049185606
year2024,P-confirm5-v5profit50,reset_mark,2024-09-19,0.0034638657526065765
year2024,P-confirm5-v5profit50,reset_mark,2024-09-20,0.0004271664029588229
year2024,P-confirm5-v5profit50,reset_mark,2024-09-23,-0.0004445314839215175
year2024,P-confirm5-v5profit50,reset_mark,2024-09-24,0.0026663300638098296
year2024,P-confirm5-v5profit50,reset_mark,2024-09-25,-0.0005898548148467131
year2024,P-confirm5-v5profit50,reset_mark,2024-09-26,-0.0006360600373782943
year2024,P-confirm5-v5profit50,reset_mark,2024-09-27,0.00017622006499271592
year2024,P-confirm5-v5profit50,reset_mark,2024-09-30,0.0014303330472552167
year2024,P-confirm5-v5profit50,reset_mark,2024-10-01,0.00024465480547318784
year2024,P-confirm5-v5profit50,reset_mark,2024-10-02,2.57332277221467e-05
year2024,P-confirm5-v5profit50,reset_mark,2024-10-03,-0.0006033003522703418
year2024,P-confirm5-v5profit50,reset_mark,2024-10-04,0.0025486285277380285
year2024,P-confirm5-v5profit50,reset_mark,2024-10-07,-0.007235617846654885
year2024,P-confirm5-v5profit50,reset_mark,2024-10-08,0.013792644526761256
year2024,P-confirm5-v5profit50,reset_mark,2024-10-09,-0.0024495965673685615
year2024,P-confirm5-v5profit50,reset_mark,2024-10-10,0.0035593915626889404
year2024,P-confirm5-v5profit50,reset_mark,2024-10-11,0.006891594714202931
year2024,P-confirm5-v5profit50,reset_mark,2024-10-14,0.004394614050084389
year2024,P-confirm5-v5profit50,reset_mark,2024-10-15,-0.005234357975197878
year2024,P-confirm5-v5profit50,reset_mark,2024-10-16,0.008841672408651446
year2024,P-confirm5-v5profit50,reset_mark,2024-10-17,-0.001192064419024641
year2024,P-confirm5-v5profit50,reset_mark,2024-10-18,-0.0019624134657006296
year2024,P-confirm5-v5profit50,reset_mark,2024-10-21,7.465483394343275e-05
year2024,P-confirm5-v5profit50,reset_mark,2024-10-22,-0.004336491122248443
year2024,P-confirm5-v5profit50,reset_mark,2024-10-23,-0.00690201306813083
year2024,P-confirm5-v5profit50,reset_mark,2024-10-24,0.003251857923821877
year2024,P-confirm5-v5profit50,reset_mark,2024-10-25,0.001527032567428499
year2024,P-confirm5-v5profit50,reset_mark,2024-10-28,-0.0075471962872246555
year2024,P-confirm5-v5profit50,reset_mark,2024-10-29,-0.0035883834559455098
year2024,P-confirm5-v5profit50,reset_mark,2024-10-30,0.005646933127055509
year2024,P-confirm5-v5profit50,reset_mark,2024-10-31,-0.009070939511393905
year2024,P-confirm5-v5profit50,reset_mark,2024-11-01,0.007576743161873201
year2024,P-confirm5-v5profit50,reset_mark,2024-11-04,-0.003840884499159558
year2024,P-confirm5-v5profit50,reset_mark,2024-11-05,0.004948694300237433
year2024,P-confirm5-v5profit50,reset_mark,2024-11-06,0.020873244407445556
year2024,P-confirm5-v5profit50,reset_mark,2024-11-07,0.008998771623797008
year2024,P-confirm5-v5profit50,reset_mark,2024-11-08,0.006375896682806037
year2024,P-confirm5-v5profit50,reset_mark,2024-11-11,0.011080771951482094
year2024,P-confirm5-v5profit50,reset_mark,2024-11-12,-0.0012710933916824652
year2024,P-confirm5-v5profit50,reset_mark,2024-11-13,-0.005922602626147899
year2024,P-confirm5-v5profit50,reset_mark,2024-11-14,-0.0049698417542337284
year2024,P-confirm5-v5profit50,reset_mark,2024-11-15,-0.018352743404791916
year2024,P-confirm5-v5profit50,reset_mark,2024-11-18,0.011672284549897128
year2024,P-confirm5-v5profit50,reset_mark,2024-11-19,0.012280008133666698
year2024,P-confirm5-v5profit50,reset_mark,2024-11-20,0.016172742308415856
year2024,P-confirm5-v5profit50,reset_mark,2024-11-21,0.0037461127414102234
year2024,P-confirm5-v5profit50,reset_mark,2024-11-22,0.014399877763652102
year2024,P-confirm5-v5profit50,reset_mark,2024-11-25,-0.003550961594841251
year2024,P-confirm5-v5profit50,reset_mark,2024-11-26,-0.001124212973879457
year2024,P-confirm5-v5profit50,reset_mark,2024-11-27,-0.00057288055089596
year2024,P-confirm5-v5profit50,reset_mark,2024-11-29,0.017129997077295723
year2024,P-confirm5-v5profit50,reset_mark,2024-12-02,0.009590455564042621
year2024,P-confirm5-v5profit50,reset_mark,2024-12-03,-0.0024719498623941515
year2024,P-confirm5-v5profit50,reset_mark,2024-12-04,0.009304020091479492
year2024,P-confirm5-v5profit50,reset_mark,2024-12-05,-0.014369186947136459
year2024,P-confirm5-v5profit50,reset_mark,2024-12-06,0.020589733304997228
year2024,P-confirm5-v5profit50,reset_mark,2024-12-09,0.0015473637479080816
year2024,P-confirm5-v5profit50,reset_mark,2024-12-10,-0.0012478147145519535
year2024,P-confirm5-v5profit50,reset_mark,2024-12-11,0.018525102871860932
year2024,P-confirm5-v5profit50,reset_mark,2024-12-12,-0.004472694895751306
year2024,P-confirm5-v5profit50,reset_mark,2024-12-13,-0.00016114420223198867
year2024,P-confirm5-v5profit50,reset_mark,2024-12-16,0.01000907806551663
year2024,P-confirm5-v5profit50,reset_mark,2024-12-17,0.00021348461110759498
year2024,P-confirm5-v5profit50,reset_mark,2024-12-18,-0.020978140523745893
year2024,P-confirm5-v5profit50,reset_mark,2024-12-19,0.007157724668361865
year2024,P-confirm5-v5profit50,reset_mark,2024-12-20,0.001885776219425117
year2024,P-confirm5-v5profit50,reset_mark,2024-12-23,0.0024540079222964196
year2024,P-confirm5-v5profit50,reset_mark,2024-12-24,0.004745837784542228
year2024,P-confirm5-v5profit50,reset_mark,2024-12-26,-0.0007188468423651063
year2024,P-confirm5-v5profit50,reset_mark,2024-12-27,-0.003989157057923742
year2024,P-confirm5-v5profit50,reset_mark,2024-12-30,-0.0034419931875081856
year2024,P-confirm5-v5profit50,reset_mark,2024-12-31,0.003560426761902091
year2024,P-confirm5-v5profit50,reset_mark,2025-01-02,0.0005637904485504719
year2024,P-confirm5-v5profit50,reset_mark,2025-01-03,0.0022954544576472722
year2024,P-confirm5-v5profit50,reset_mark,2025-01-06,0.003573338795269354
year2024,P-confirm5-v5profit50,reset_mark,2025-01-07,0.0024356692204244522
year2024,P-confirm5-v5profit50,reset_mark,2025-01-08,-0.009982340200412465
year2024,P-confirm5-v5profit50,reset_mark,2025-01-10,-0.005019639387709063
year2024,P-confirm5-v5profit50,reset_mark,2025-01-13,-0.0025082441101177853
year2024,P-confirm5-v5profit50,reset_mark,2025-01-14,-0.003871187705251322
year2024,P-confirm5-v5profit50,reset_mark,2025-01-15,0.007405294660613149
year2024,P-confirm5-v5profit50,reset_mark,2025-01-16,-0.006214621931240216
year2024,P-confirm5-v5profit50,reset_mark,2025-01-17,0.00558990924601106
year2024,P-confirm5-v5profit50,reset_mark,2025-01-21,0.00868440043865153
year2024,P-confirm5-v5profit50,reset_mark,2025-01-22,0.01186468167425283
year2024,P-confirm5-v5profit50,reset_mark,2025-01-23,0.010009287461475547
year2024,P-confirm5-v5profit50,reset_mark,2025-01-24,-0.00431005804916752
year2024,P-confirm5-v5profit50,reset_mark,2025-01-27,-0.020584201409339663
year2024,P-confirm5-v5profit50,reset_mark,2025-01-28,0.02273312094674882
year2024,P-confirm5-v5profit50,reset_mark,2025-01-29,-0.014417305695090976
year2024,P-confirm5-v5profit50,reset_mark,2025-01-30,0.01077996428278405
year2024,P-confirm5-v5profit50,reset_mark,2025-01-31,-0.01212684615879096
year2024,P-confirm5-v5profit50,reset_mark,2025-02-03,-0.008974469333502854
year2024,P-confirm5-v5profit50,reset_mark,2025-02-04,0.009384994178231399
year2024,P-confirm5-v5profit50,reset_mark,2025-02-05,-0.012019428886455385
year2024,P-confirm5-v5profit50,reset_mark,2025-02-06,0.0032781281771216753
year2024,P-confirm5-v5profit50,reset_mark,2025-02-07,0.001233072349257569
year2024,P-confirm5-v5profit50,reset_mark,2025-02-10,0.008331707885219818
year2024,P-confirm5-v5profit50,reset_mark,2025-02-11,-0.0034013942924292382
year2024,P-confirm5-v5profit50,reset_mark,2025-02-12,0.006621227246669204
year2024,P-confirm5-v5profit50,reset_mark,2025-02-13,0.00137791992314511
year2024,P-confirm5-v5profit50,reset_mark,2025-02-14,0.007185179353801729
year2024,P-confirm5-v5profit50,reset_mark,2025-02-18,0.009158928565781066
year2024,P-confirm5-v5profit50,reset_mark,2025-02-19,-0.0009035993309939982
year2024,P-confirm5-v5profit50,reset_mark,2025-02-20,-0.0004341821171854998
year2024,P-confirm5-v5profit50,reset_mark,2025-02-21,0.006876197578385835
year2024,P-confirm5-v5profit50,reset_mark,2025-02-24,-0.013512171856564458
year2024,P-confirm5-v5profit50,reset_mark,2025-02-25,0.0019029301064363957
year2024,P-confirm5-v5profit50,reset_mark,2025-02-26,0.000901451510702711
year2024,P-confirm5-v5profit50,reset_mark,2025-02-27,-0.0074151326464909515
year2024,P-confirm5-v5profit50,reset_mark,2025-02-28,-0.00041814431481891346
year2024,P-confirm5-v5profit50,reset_mark,2025-03-03,-0.0022286778007530204
year2024,P-confirm5-v5profit50,reset_mark,2025-03-04,0.0003303613477286138
year2024,P-confirm5-v5profit50,reset_mark,2025-03-05,0.01593677349849367
year2024,P-confirm5-v5profit50,reset_mark,2025-03-06,-0.0025844926755860475
year2024,P-confirm5-v5profit50,reset_mark,2025-03-07,0.0038192460712231703
year2024,P-confirm5-v5profit50,reset_mark,2025-03-10,0.000982865678523326
year2024,P-confirm5-v5profit50,reset_mark,2025-03-11,-0.006117911064934945
year2024,P-confirm5-v5profit50,reset_mark,2025-03-12,0.003702606819155885
year2024,P-confirm5-v5profit50,reset_mark,2025-03-13,-0.011371506871712378
year2024,P-confirm5-v5profit50,reset_mark,2025-03-14,0.0441164725261165
year2024,P-confirm5-v5profit50,reset_mark,2025-03-17,-0.009639232132329988
year2024,P-confirm5-v5profit50,reset_mark,2025-03-18,-0.01164663604050652
year2024,P-confirm5-v5profit50,reset_mark,2025-03-19,0.007837110958463378
year2024,P-confirm5-v5profit50,reset_mark,2025-03-20,-0.0026780784753841934
year2024,P-confirm5-v5profit50,reset_mark,2025-03-21,0.002833280468032373
year2024,P-confirm5-v5profit50,reset_mark,2025-03-24,0.025612280087640337
year2024,P-confirm5-v5profit50,reset_mark,2025-03-25,0.00234185484233409
year2024,P-confirm5-v5profit50,reset_mark,2025-03-26,-0.027038881755492163
year2024,P-confirm5-v5profit50,reset_mark,2025-03-27,0.0016216508329577773
year2024,P-confirm5-v5profit50,reset_mark,2025-03-28,-0.014026014963455524
year2024,P-confirm5-v5profit50,reset_mark,2025-03-31,-0.011608300150032813
year2024,P-confirm5-v5profit50,reset_mark,2025-04-01,0.006088265862934294
year2024,P-confirm5-v5profit50,reset_mark,2025-04-02,0.006082692288126623
year2024,P-confirm5-v5profit50,reset_mark,2025-04-03,-0.009811930185424278
year2024,P-confirm5-v5profit50,reset_mark,2025-04-04,-0.02064886178894949
year2024,P-confirm5-v5profit50,reset_mark,2025-04-07,-0.001716079663759984
year2024,P-confirm5-v5profit50,reset_mark,2025-04-08,-0.038639011887430554
year2024,P-confirm5-v5profit50,reset_mark,2025-04-09,0.10352586692557131
year2024,P-confirm5-v5profit50,reset_mark,2025-04-10,-0.0413496547233286
year2024,P-confirm5-v5profit50,reset_mark,2025-04-11,0.01903491554997855
year2024,P-confirm5-v5profit50,reset_mark,2025-04-14,0.006342614245773814
year2024,P-confirm5-v5profit50,reset_mark,2025-04-15,0.0063242730601726915
year2024,P-confirm5-v5profit50,reset_mark,2025-04-16,-0.03692625495844041
year2024,P-confirm5-v5profit50,reset_mark,2025-04-17,-0.0028673292237517134
year2024,P-confirm5-v5profit50,reset_mark,2025-04-21,-0.012890532602978299
year2024,P-confirm5-v5profit50,reset_mark,2025-04-22,0.022721621488737288
year2024,P-confirm5-v5profit50,reset_mark,2025-04-23,0.010372257493661685
year2024,P-confirm5-v5profit50,reset_mark,2025-04-24,0.01358586934259518
year2024,P-confirm5-v5profit50,reset_mark,2025-04-25,0.00487171987148125
year2024,P-confirm5-v5profit50,reset_mark,2025-04-28,-0.0014571810166598143
year2024,P-confirm5-v5profit50,reset_mark,2025-04-29,0.002189024661990302
year2024,P-confirm5-v5profit50,reset_mark,2025-04-30,0.0034704239899419954
year2024,P-confirm5-v5profit50,reset_mark,2025-05-01,0.004431097593656041
year2024,P-confirm5-v5profit50,reset_mark,2025-05-02,0.0167330564127972
year2024,P-confirm5-v5profit50,reset_mark,2025-05-05,-0.005057221589209904
year2024,P-confirm5-v5profit50,reset_mark,2025-05-06,-0.013101902497383345
year2024,P-confirm5-v5profit50,reset_mark,2025-05-07,-0.003076327795178124
year2024,P-confirm5-v5profit50,reset_mark,2025-05-08,0.011470856609785496
year2024,P-confirm5-v5profit50,reset_mark,2025-05-09,-0.003130910221295735
year2024,P-confirm5-v5profit50,reset_mark,2025-05-12,0.045462238742731045
year2024,P-confirm5-v5profit50,reset_mark,2025-05-13,0.01624348485035839
year2024,P-confirm5-v5profit50,reset_mark,2025-05-14,-0.0010621905114858166
year2024,P-confirm5-v5profit50,reset_mark,2025-05-15,-0.005059500414748697
year2024,P-confirm5-v5profit50,reset_mark,2025-05-16,0.004810843095300998
year2024,P-confirm5-v5profit50,reset_mark,2025-05-19,0.011040891599480518
year2024,P-confirm5-v5profit50,reset_mark,2025-05-20,0.007804152545919807
year2024,P-confirm5-v5profit50,reset_mark,2025-05-21,-0.02223446829687973
year2024,P-confirm5-v5profit50,reset_mark,2025-05-22,0.002843007810537834
year2024,P-confirm5-v5profit50,reset_mark,2025-05-23,-0.0038353637630064163
year2024,P-confirm5-v5profit50,reset_mark,2025-05-27,0.006904706621291568
year2024,P-confirm5-v5profit50,reset_mark,2025-05-28,-0.007287557685912549
year2024,P-confirm5-v5profit50,reset_mark,2025-05-29,0.007958638664368379
year2024,P-confirm5-v5profit50,reset_mark,2025-05-30,-0.00745889758959849
year2024,P-confirm5-v5profit50,reset_mark,2025-06-02,0.007742799869263739
year2024,P-confirm5-v5profit50,reset_mark,2025-06-03,0.009095365343759177
year2024,P-confirm5-v5profit50,reset_mark,2025-06-04,0.005732125014849832
year2024,P-confirm5-v5profit50,reset_mark,2025-06-05,-0.0016911563770948157
year2024,P-confirm5-v5profit50,reset_mark,2025-06-06,0.005816456145212379
year2024,P-confirm5-v5profit50,reset_mark,2025-06-09,0.0058949630354093955
year2024,P-confirm5-v5profit50,reset_mark,2025-06-10,-0.001400014835527863
year2024,P-confirm5-v5profit50,reset_mark,2025-06-11,0.0027996524751823237
year2024,P-confirm5-v5profit50,reset_mark,2025-06-12,-0.00037139333273206177
year2024,P-confirm5-v5profit50,reset_mark,2025-06-13,-0.011034251380025905
year2024,P-confirm5-v5profit50,reset_mark,2025-06-16,0.005969019127606889
year2024,P-confirm5-v5profit50,reset_mark,2025-06-17,-0.005916620775509818
year2024,P-confirm5-v5profit50,reset_mark,2025-06-18,-0.0030625413992054875
year2024,P-confirm5-v5profit50,reset_mark,2025-06-20,-0.0009825131230056794
year2024,P-confirm5-v5profit50,reset_mark,2025-06-23,0.007224025632830322
year2024,P-confirm5-v5profit50,reset_mark,2025-06-24,0.017618154531187778
year2024,P-confirm5-v5profit50,reset_mark,2025-06-25,0.0037107596799755725
year2024,P-confirm5-v5profit50,reset_mark,2025-06-26,0.010033132178236514
year2024,P-confirm5-v5profit50,reset_mark,2025-06-27,-0.00040035567890729374
year2024,P-confirm5-v5profit50,reset_mark,2025-06-30,0.004696660991860435
year2024,P-confirm5-v5profit50,reset_mark,2025-07-01,-0.0053180329820215035
year2024,P-confirm5-v5profit50,reset_mark,2025-07-02,0.00797794828263687
year2024,P-confirm5-v5profit50,reset_mark,2025-07-03,0.004045903619779012
year2024,P-confirm5-v5profit50,reset_mark,2025-07-07,-0.005559682108742037
year2024,P-confirm5-v5profit50,reset_mark,2025-07-08,0.011609526443198338
year2024,P-confirm5-v5profit50,reset_mark,2025-07-09,0.002902195784182515
year2024,P-confirm5-v5profit50,reset_mark,2025-07-10,0.004256195638188342
year2024,P-confirm5-v5profit50,reset_mark,2025-07-11,-0.00254764889875686
year2024,P-confirm5-v5profit50,reset_mark,2025-07-14,0.0028673529602072033
year2024,P-confirm5-v5profit50,reset_mark,2025-07-15,0.006659405137002727
year2024,P-confirm5-v5profit50,reset_mark,2025-07-16,7.935510861448725e-05
year2024,P-confirm5-v5profit50,reset_mark,2025-07-17,0.007640485791808449
year2024,P-confirm5-v5profit50,reset_mark,2025-07-18,-0.0051921877379942135
year2024,P-confirm5-v5profit50,reset_mark,2025-07-21,0.003119240342610441
year2024,P-confirm5-v5profit50,reset_mark,2025-07-22,0.0011259720674102526
year2024,P-confirm5-v5profit50,reset_mark,2025-07-23,0.010961474793120296
year2024,P-confirm5-v5profit50,reset_mark,2025-07-24,0.0006380295003097114
year2024,P-confirm5-v5profit50,reset_mark,2025-07-25,-0.0012396189416390313
year2024,P-confirm5-v5profit50,reset_mark,2025-07-28,-0.0009908312028942602
year2024,P-confirm5-v5profit50,reset_mark,2025-07-29,-0.006990098357291241
year2024,P-confirm5-v5profit50,reset_mark,2025-07-30,-0.0010776013200354262
year2024,P-confirm5-v5profit50,reset_mark,2025-07-31,-0.010013325085424029
year2024,P-confirm5-v5profit50,reset_mark,2025-08-01,-0.015476131514557179
year2024,P-confirm5-v5profit50,reset_mark,2025-08-04,0.010600334799568345
year2024,P-confirm5-v5profit50,reset_mark,2025-08-05,-0.0009330924442376265
year2024,P-confirm5-v5profit50,reset_mark,2025-08-06,0.001254656910991725
year2024,P-confirm5-v5profit50,reset_mark,2025-08-07,-0.001782428829384497
year2024,P-confirm5-v5profit50,reset_mark,2025-08-08,0.00321203944236087
year2024,P-confirm5-v5profit50,reset_mark,2025-08-11,-0.003740321655018708
year2024,P-confirm5-v5profit50,reset_mark,2025-08-12,0.01059546316907416
year2024,P-confirm5-v5profit50,reset_mark,2025-08-13,0.0047476989498928535
year2024,P-confirm5-v5profit50,reset_mark,2025-08-14,-0.0033995247018468676
year2024,P-confirm5-v5profit50,reset_mark,2025-08-15,-0.0018622319775296937
year2024,P-confirm5-v5profit50,reset_mark,2025-08-18,0.0022986674610632083
year2024,P-confirm5-v5profit50,reset_mark,2025-08-19,-0.014221290347744197
year2024,P-confirm5-v5profit50,reset_mark,2025-08-20,-0.0013937112616359214
year2024,P-confirm5-v5profit50,reset_mark,2025-08-21,-0.002906010067319864
year2024,P-confirm5-v5profit50,reset_mark,2025-08-22,0.013185897970137162
year2024,P-confirm5-v5profit50,reset_mark,2025-08-25,8.557323364377644e-06
year2024,P-confirm5-v5profit50,reset_mark,2025-08-26,0.0018724772286508261
year2024,P-confirm5-v5profit50,carry_mark,2024-08-27,0.0004771899318109618
year2024,P-confirm5-v5profit50,carry_mark,2024-08-28,-0.011295325392761934
year2024,P-confirm5-v5profit50,carry_mark,2024-08-29,0.016630488554401145
year2024,P-confirm5-v5profit50,carry_mark,2024-08-30,0.01706458803477362
year2024,P-confirm5-v5profit50,carry_mark,2024-09-03,-0.011978183262569686
year2024,P-confirm5-v5profit50,carry_mark,2024-09-04,0.004350685428839762
year2024,P-confirm5-v5profit50,carry_mark,2024-09-05,-0.007028231891955927
year2024,P-confirm5-v5profit50,carry_mark,2024-09-06,-0.011661500286477866
year2024,P-confirm5-v5profit50,carry_mark,2024-09-09,0.01135996814250928
year2024,P-confirm5-v5profit50,carry_mark,2024-09-10,-0.002055036164102286
year2024,P-confirm5-v5profit50,carry_mark,2024-09-11,0.007414641549940737
year2024,P-confirm5-v5profit50,carry_mark,2024-09-12,0.013153363603609147
year2024,P-confirm5-v5profit50,carry_mark,2024-09-13,0.0029544638288119263
year2024,P-confirm5-v5profit50,carry_mark,2024-09-16,-0.009625528494851755
year2024,P-confirm5-v5profit50,carry_mark,2024-09-17,0.005334697933118115
year2024,P-confirm5-v5profit50,carry_mark,2024-09-18,-0.005663357946788084
year2024,P-confirm5-v5profit50,carry_mark,2024-09-19,0.012220691055393695
year2024,P-confirm5-v5profit50,carry_mark,2024-09-20,-0.0029580634760711377
year2024,P-confirm5-v5profit50,carry_mark,2024-09-23,0.0008141814787651413
year2024,P-confirm5-v5profit50,carry_mark,2024-09-24,0.015320954999078507
year2024,P-confirm5-v5profit50,carry_mark,2024-09-25,-0.0036595080487952236
year2024,P-confirm5-v5profit50,carry_mark,2024-09-26,-0.004527305083961175
year2024,P-confirm5-v5profit50,carry_mark,2024-09-27,-0.00784518833735911
year2024,P-confirm5-v5profit50,carry_mark,2024-09-30,0.006149408971051295
year2024,P-confirm5-v5profit50,carry_mark,2024-10-01,-0.008906911296226505
year2024,P-confirm5-v5profit50,carry_mark,2024-10-02,0.0024077355917003105
year2024,P-confirm5-v5profit50,carry_mark,2024-10-03,0.0024916192285186376
year2024,P-confirm5-v5profit50,carry_mark,2024-10-04,0.010640505950241852
year2024,P-confirm5-v5profit50,carry_mark,2024-10-07,-0.00921416564840084
year2024,P-confirm5-v5profit50,carry_mark,2024-10-08,0.01505503227943159
year2024,P-confirm5-v5profit50,carry_mark,2024-10-09,-0.0017864825704399401
year2024,P-confirm5-v5profit50,carry_mark,2024-10-10,0.00317133159278834
year2024,P-confirm5-v5profit50,carry_mark,2024-10-11,0.007007026368337987
year2024,P-confirm5-v5profit50,carry_mark,2024-10-14,0.0035120560684853254
year2024,P-confirm5-v5profit50,carry_mark,2024-10-15,-0.006314374370626419
year2024,P-confirm5-v5profit50,carry_mark,2024-10-16,0.007652227908439169
year2024,P-confirm5-v5profit50,carry_mark,2024-10-17,-0.003092029929602491
year2024,P-confirm5-v5profit50,carry_mark,2024-10-18,0.009470179341128848
year2024,P-confirm5-v5profit50,carry_mark,2024-10-21,0.0012937581158934176
year2024,P-confirm5-v5profit50,carry_mark,2024-10-22,-0.003031560459539051
year2024,P-confirm5-v5profit50,carry_mark,2024-10-23,-0.007582699741105969
year2024,P-confirm5-v5profit50,carry_mark,2024-10-24,0.0032824761247035707
year2024,P-confirm5-v5profit50,carry_mark,2024-10-25,0.0023322459551555095
year2024,P-confirm5-v5profit50,carry_mark,2024-10-28,-0.00791155400784419
year2024,P-confirm5-v5profit50,carry_mark,2024-10-29,-0.0023319039521703553
year2024,P-confirm5-v5profit50,carry_mark,2024-10-30,0.005781204814953422
year2024,P-confirm5-v5profit50,carry_mark,2024-10-31,-0.01512369718130525
year2024,P-confirm5-v5profit50,carry_mark,2024-11-01,0.008566035386135585
year2024,P-confirm5-v5profit50,carry_mark,2024-11-04,-0.006819148781166439
year2024,P-confirm5-v5profit50,carry_mark,2024-11-05,0.006536826823749631
year2024,P-confirm5-v5profit50,carry_mark,2024-11-06,0.02099735310228331
year2024,P-confirm5-v5profit50,carry_mark,2024-11-07,0.020673903215117796
year2024,P-confirm5-v5profit50,carry_mark,2024-11-08,0.06078039117222837
year2024,P-confirm5-v5profit50,carry_mark,2024-11-11,0.010439594490293557
year2024,P-confirm5-v5profit50,carry_mark,2024-11-12,-7.016784052487069e-05
year2024,P-confirm5-v5profit50,carry_mark,2024-11-13,-0.005409633466987462
year2024,P-confirm5-v5profit50,carry_mark,2024-11-14,-0.0049166457923664805
year2024,P-confirm5-v5profit50,carry_mark,2024-11-15,-0.018352743404791948
year2024,P-confirm5-v5profit50,carry_mark,2024-11-18,0.011672284549897138
year2024,P-confirm5-v5profit50,carry_mark,2024-11-19,0.012280008133666698
year2024,P-confirm5-v5profit50,carry_mark,2024-11-20,0.016172742308415845
year2024,P-confirm5-v5profit50,carry_mark,2024-11-21,0.0037461127414102568
year2024,P-confirm5-v5profit50,carry_mark,2024-11-22,0.014399877763652058
year2024,P-confirm5-v5profit50,carry_mark,2024-11-25,-0.0035509615948412397
year2024,P-confirm5-v5profit50,carry_mark,2024-11-26,-0.0011242129738794793
year2024,P-confirm5-v5profit50,carry_mark,2024-11-27,-0.0005728805508959489
year2024,P-confirm5-v5profit50,carry_mark,2024-11-29,0.017129997077295723
year2024,P-confirm5-v5profit50,carry_mark,2024-12-02,0.009590455564042621
year2024,P-confirm5-v5profit50,carry_mark,2024-12-03,-0.0024719498623941294
year2024,P-confirm5-v5profit50,carry_mark,2024-12-04,0.009304020091479449
year2024,P-confirm5-v5profit50,carry_mark,2024-12-05,-0.014369186947136459
year2024,P-confirm5-v5profit50,carry_mark,2024-12-06,0.02058973330499725
year2024,P-confirm5-v5profit50,carry_mark,2024-12-09,0.0015473637479080482
year2024,P-confirm5-v5profit50,carry_mark,2024-12-10,-0.001247814714551998
year2024,P-confirm5-v5profit50,carry_mark,2024-12-11,0.018525102871860932
year2024,P-confirm5-v5profit50,carry_mark,2024-12-12,-0.00447269489575125
year2024,P-confirm5-v5profit50,carry_mark,2024-12-13,-0.000321650792945527
year2024,P-confirm5-v5profit50,carry_mark,2024-12-16,0.010974939274703787
year2024,P-confirm5-v5profit50,carry_mark,2024-12-17,0.0008490157655753894
year2024,P-confirm5-v5profit50,carry_mark,2024-12-18,-0.02473424163882674
year2024,P-confirm5-v5profit50,carry_mark,2024-12-19,0.007075414634505661
year2024,P-confirm5-v5profit50,carry_mark,2024-12-20,0.0017873864802808392
year2024,P-confirm5-v5profit50,carry_mark,2024-12-23,0.0021447990160566423
year2024,P-confirm5-v5profit50,carry_mark,2024-12-24,0.005683227002753722
year2024,P-confirm5-v5profit50,carry_mark,2024-12-26,-0.0009965427106170765
year2024,P-confirm5-v5profit50,carry_mark,2024-12-27,-0.005719313143314741
year2024,P-confirm5-v5profit50,carry_mark,2024-12-30,-0.004765945577165731
year2024,P-confirm5-v5profit50,carry_mark,2024-12-31,0.002776586948913906
year2024,P-confirm5-v5profit50,carry_mark,2025-01-02,-0.00012897667546717394
year2024,P-confirm5-v5profit50,carry_mark,2025-01-03,0.003435026268118024
year2024,P-confirm5-v5profit50,carry_mark,2025-01-06,0.004636289057492737
year2024,P-confirm5-v5profit50,carry_mark,2025-01-07,0.0011548439526546828
year2024,P-confirm5-v5profit50,carry_mark,2025-01-08,-0.009463836881823584
year2024,P-confirm5-v5profit50,carry_mark,2025-01-10,-0.0063410039495665595
year2024,P-confirm5-v5profit50,carry_mark,2025-01-13,-0.0029283442925603807
year2024,P-confirm5-v5profit50,carry_mark,2025-01-14,-0.004235527455671251
year2024,P-confirm5-v5profit50,carry_mark,2025-01-15,0.009965013617272778
year2024,P-confirm5-v5profit50,carry_mark,2025-01-16,-0.00662043249074753
year2024,P-confirm5-v5profit50,carry_mark,2025-01-17,0.006638006741834501
year2024,P-confirm5-v5profit50,carry_mark,2025-01-21,0.00856086623805834
year2024,P-confirm5-v5profit50,carry_mark,2025-01-22,0.015995372971109624
year2024,P-confirm5-v5profit50,carry_mark,2025-01-23,0.010123581328372721
year2024,P-confirm5-v5profit50,carry_mark,2025-01-24,-0.004903282724499414
year2024,P-confirm5-v5profit50,carry_mark,2025-01-27,-0.02272355195931718
year2024,P-confirm5-v5profit50,carry_mark,2025-01-28,0.02564181358285216
year2024,P-confirm5-v5profit50,carry_mark,2025-01-29,-0.015506309608738255
year2024,P-confirm5-v5profit50,carry_mark,2025-01-30,0.004599059264393612
year2024,P-confirm5-v5profit50,carry_mark,2025-01-31,-0.012109976517145082
year2024,P-confirm5-v5profit50,carry_mark,2025-02-03,-0.00997191166839687
year2024,P-confirm5-v5profit50,carry_mark,2025-02-04,0.009737856448763816
year2024,P-confirm5-v5profit50,carry_mark,2025-02-05,-0.011796325014052422
year2024,P-confirm5-v5profit50,carry_mark,2025-02-06,0.0038902888214605636
year2024,P-confirm5-v5profit50,carry_mark,2025-02-07,-0.0002266956314317059
year2024,P-confirm5-v5profit50,carry_mark,2025-02-10,0.008934514772517721
year2024,P-confirm5-v5profit50,carry_mark,2025-02-11,-0.0035906133446312327
year2024,P-confirm5-v5profit50,carry_mark,2025-02-12,0.006037911603502921
year2024,P-confirm5-v5profit50,carry_mark,2025-02-13,0.001744632217459774
year2024,P-confirm5-v5profit50,carry_mark,2025-02-14,0.006671218272001423
year2024,P-confirm5-v5profit50,carry_mark,2025-02-18,0.009455190347323839
year2024,P-confirm5-v5profit50,carry_mark,2025-02-19,0.0003487134758095922
year2024,P-confirm5-v5profit50,carry_mark,2025-02-20,-0.0001062857155257002
year2024,P-confirm5-v5profit50,carry_mark,2025-02-21,0.004972942986118533
year2024,P-confirm5-v5profit50,carry_mark,2025-02-24,-0.014543501697382822
year2024,P-confirm5-v5profit50,carry_mark,2025-02-25,0.00039302760556622076
year2024,P-confirm5-v5profit50,carry_mark,2025-02-26,0.0013613703641620844
year2024,P-confirm5-v5profit50,carry_mark,2025-02-27,-0.009216351471483697
year2024,P-confirm5-v5profit50,carry_mark,2025-02-28,0.000718072399559111
year2024,P-confirm5-v5profit50,carry_mark,2025-03-03,-0.004369789720220274
year2024,P-confirm5-v5profit50,carry_mark,2025-03-04,0.00036124891760269673
year2024,P-confirm5-v5profit50,carry_mark,2025-03-05,0.019130207566041512
year2024,P-confirm5-v5profit50,carry_mark,2025-03-06,-0.003614360133163985
year2024,P-confirm5-v5profit50,carry_mark,2025-03-07,0.002917228646316472
year2024,P-confirm5-v5profit50,carry_mark,2025-03-10,-0.0023605514677762286
year2024,P-confirm5-v5profit50,carry_mark,2025-03-11,-0.006522741569797108
year2024,P-confirm5-v5profit50,carry_mark,2025-03-12,0.003702606819155885
year2024,P-confirm5-v5profit50,carry_mark,2025-03-13,-0.011371506871712378
year2024,P-confirm5-v5profit50,carry_mark,2025-03-14,0.04411647252611654
year2024,P-confirm5-v5profit50,carry_mark,2025-03-17,-0.009639232132330033
year2024,P-confirm5-v5profit50,carry_mark,2025-03-18,-0.011646636040506508
year2024,P-confirm5-v5profit50,carry_mark,2025-03-19,0.007837110958463345
year2024,P-confirm5-v5profit50,carry_mark,2025-03-20,-0.0026780784753841825
year2024,P-confirm5-v5profit50,carry_mark,2025-03-21,0.002833280468032373
year2024,P-confirm5-v5profit50,carry_mark,2025-03-24,0.025612280087640316
year2024,P-confirm5-v5profit50,carry_mark,2025-03-25,0.0023418548423341013
year2024,P-confirm5-v5profit50,carry_mark,2025-03-26,-0.027038881755492173
year2024,P-confirm5-v5profit50,carry_mark,2025-03-27,0.0016216508329578217
year2024,P-confirm5-v5profit50,carry_mark,2025-03-28,-0.014026014963455536
year2024,P-confirm5-v5profit50,carry_mark,2025-03-31,-0.011608300150032813
year2024,P-confirm5-v5profit50,carry_mark,2025-04-01,0.006088265862934294
year2024,P-confirm5-v5profit50,carry_mark,2025-04-02,0.00608269228812659
year2024,P-confirm5-v5profit50,carry_mark,2025-04-03,-0.009811930185424289
year2024,P-confirm5-v5profit50,carry_mark,2025-04-04,-0.02064886178894949
year2024,P-confirm5-v5profit50,carry_mark,2025-04-07,-0.001716079663759973
year2024,P-confirm5-v5profit50,carry_mark,2025-04-08,-0.03863901188743059
year2024,P-confirm5-v5profit50,carry_mark,2025-04-09,0.10352586692557128
year2024,P-confirm5-v5profit50,carry_mark,2025-04-10,-0.04134965472332865
year2024,P-confirm5-v5profit50,carry_mark,2025-04-11,0.019034915549978538
year2024,P-confirm5-v5profit50,carry_mark,2025-04-14,0.006342614245773814
year2024,P-confirm5-v5profit50,carry_mark,2025-04-15,0.006324273060172736
year2024,P-confirm5-v5profit50,carry_mark,2025-04-16,-0.03692625495844043
year2024,P-confirm5-v5profit50,carry_mark,2025-04-17,-0.0028673292237516913
year2024,P-confirm5-v5profit50,carry_mark,2025-04-21,-0.012890532602978299
year2024,P-confirm5-v5profit50,carry_mark,2025-04-22,0.022721621488737243
year2024,P-confirm5-v5profit50,carry_mark,2025-04-23,0.010372257493661708
year2024,P-confirm5-v5profit50,carry_mark,2025-04-24,0.013585869342595158
year2024,P-confirm5-v5profit50,carry_mark,2025-04-25,0.004871719871481228
year2024,P-confirm5-v5profit50,carry_mark,2025-04-28,-0.0014571810166598587
year2024,P-confirm5-v5profit50,carry_mark,2025-04-29,0.002189024661990302
year2024,P-confirm5-v5profit50,carry_mark,2025-04-30,0.0034704239899420062
year2024,P-confirm5-v5profit50,carry_mark,2025-05-01,0.004431097593656064
year2024,P-confirm5-v5profit50,carry_mark,2025-05-02,0.016733056412797175
year2024,P-confirm5-v5profit50,carry_mark,2025-05-05,-0.005057221589209915
year2024,P-confirm5-v5profit50,carry_mark,2025-05-06,-0.013101902497383322
year2024,P-confirm5-v5profit50,carry_mark,2025-05-07,-0.003076327795178091
year2024,P-confirm5-v5profit50,carry_mark,2025-05-08,0.011470856609785418
year2024,P-confirm5-v5profit50,carry_mark,2025-05-09,-0.003130910221295713
year2024,P-confirm5-v5profit50,carry_mark,2025-05-12,0.04546223874273099
year2024,P-confirm5-v5profit50,carry_mark,2025-05-13,0.01624348485035838
year2024,P-confirm5-v5profit50,carry_mark,2025-05-14,-0.001062190511485772
year2024,P-confirm5-v5profit50,carry_mark,2025-05-15,-0.005059500414748707
year2024,P-confirm5-v5profit50,carry_mark,2025-05-16,0.004810843095301031
year2024,P-confirm5-v5profit50,carry_mark,2025-05-19,0.011040891599480563
year2024,P-confirm5-v5profit50,carry_mark,2025-05-20,0.007804152545919785
year2024,P-confirm5-v5profit50,carry_mark,2025-05-21,-0.022234468296879716
year2024,P-confirm5-v5profit50,carry_mark,2025-05-22,0.0028430078105378897
year2024,P-confirm5-v5profit50,carry_mark,2025-05-23,-0.0038353637630064276
year2024,P-confirm5-v5profit50,carry_mark,2025-05-27,0.006904706621291534
year2024,P-confirm5-v5profit50,carry_mark,2025-05-28,-0.007287557685912538
year2024,P-confirm5-v5profit50,carry_mark,2025-05-29,0.007958638664368379
year2024,P-confirm5-v5profit50,carry_mark,2025-05-30,-0.007458897589598501
year2024,P-confirm5-v5profit50,carry_mark,2025-06-02,0.007742799869263739
year2024,P-confirm5-v5profit50,carry_mark,2025-06-03,0.00909536534375921
year2024,P-confirm5-v5profit50,carry_mark,2025-06-04,0.005732125014849832
year2024,P-confirm5-v5profit50,carry_mark,2025-06-05,-0.0016911563770948047
year2024,P-confirm5-v5profit50,carry_mark,2025-06-06,0.0058164561452124005
year2024,P-confirm5-v5profit50,carry_mark,2025-06-09,0.00589496303540934
year2024,P-confirm5-v5profit50,carry_mark,2025-06-10,-0.0014000148355278186
year2024,P-confirm5-v5profit50,carry_mark,2025-06-11,0.0027996524751823016
year2024,P-confirm5-v5profit50,carry_mark,2025-06-12,-0.000371393332732084
year2024,P-confirm5-v5profit50,carry_mark,2025-06-13,-0.011034251380025884
year2024,P-confirm5-v5profit50,carry_mark,2025-06-16,0.005969019127606856
year2024,P-confirm5-v5profit50,carry_mark,2025-06-17,-0.005916620775509795
year2024,P-confirm5-v5profit50,carry_mark,2025-06-18,-0.0030625413992054875
year2024,P-confirm5-v5profit50,carry_mark,2025-06-20,-0.000982513123005635
year2024,P-confirm5-v5profit50,carry_mark,2025-06-23,0.007224025632830244
year2024,P-confirm5-v5profit50,carry_mark,2025-06-24,0.017618154531187803
year2024,P-confirm5-v5profit50,carry_mark,2025-06-25,0.0037107596799755282
year2024,P-confirm5-v5profit50,carry_mark,2025-06-26,0.010033132178236537
year2024,P-confirm5-v5profit50,carry_mark,2025-06-27,-0.00040035567890730486
year2024,P-confirm5-v5profit50,carry_mark,2025-06-30,0.0046966609918604576
year2024,P-confirm5-v5profit50,carry_mark,2025-07-01,-0.005318032982021515
year2024,P-confirm5-v5profit50,carry_mark,2025-07-02,0.00797794828263687
year2024,P-confirm5-v5profit50,carry_mark,2025-07-03,0.0040459036197789565
year2024,P-confirm5-v5profit50,carry_mark,2025-07-07,-0.005559682108742026
year2024,P-confirm5-v5profit50,carry_mark,2025-07-08,0.011609526443198348
year2024,P-confirm5-v5profit50,carry_mark,2025-07-09,0.002902195784182493
year2024,P-confirm5-v5profit50,carry_mark,2025-07-10,0.004256195638188276
year2024,P-confirm5-v5profit50,carry_mark,2025-07-11,-0.0025476488987567934
year2024,P-confirm5-v5profit50,carry_mark,2025-07-14,0.0028673529602071812
year2024,P-confirm5-v5profit50,carry_mark,2025-07-15,0.006659405137002727
year2024,P-confirm5-v5profit50,carry_mark,2025-07-16,7.935510861447614e-05
year2024,P-confirm5-v5profit50,carry_mark,2025-07-17,0.007640485791808471
year2024,P-confirm5-v5profit50,carry_mark,2025-07-18,-0.005192187737994247
year2024,P-confirm5-v5profit50,carry_mark,2025-07-21,0.0031192403426104297
year2024,P-confirm5-v5profit50,carry_mark,2025-07-22,0.0011259720674102857
year2024,P-confirm5-v5profit50,carry_mark,2025-07-23,0.010961474793120308
year2024,P-confirm5-v5profit50,carry_mark,2025-07-24,0.0006380295003097336
year2024,P-confirm5-v5profit50,carry_mark,2025-07-25,-0.0012396189416390424
year2024,P-confirm5-v5profit50,carry_mark,2025-07-28,-0.0009908312028942489
year2024,P-confirm5-v5profit50,carry_mark,2025-07-29,-0.006990098357291252
year2024,P-confirm5-v5profit50,carry_mark,2025-07-30,-0.0010776013200354706
year2024,P-confirm5-v5profit50,carry_mark,2025-07-31,-0.010013325085424019
year2024,P-confirm5-v5profit50,carry_mark,2025-08-01,-0.015476131514557156
year2024,P-confirm5-v5profit50,carry_mark,2025-08-04,0.010600334799568322
year2024,P-confirm5-v5profit50,carry_mark,2025-08-05,-0.0009330924442376154
year2024,P-confirm5-v5profit50,carry_mark,2025-08-06,0.001254656910991725
year2024,P-confirm5-v5profit50,carry_mark,2025-08-07,-0.001782428829384486
year2024,P-confirm5-v5profit50,carry_mark,2025-08-08,0.00321203944236087
year2024,P-confirm5-v5profit50,carry_mark,2025-08-11,-0.003740321655018719
year2024,P-confirm5-v5profit50,carry_mark,2025-08-12,0.010595463169074115
year2024,P-confirm5-v5profit50,carry_mark,2025-08-13,0.0047476989498928535
year2024,P-confirm5-v5profit50,carry_mark,2025-08-14,-0.003399524701846901
year2024,P-confirm5-v5profit50,carry_mark,2025-08-15,-0.0018622319775296824
year2024,P-confirm5-v5profit50,carry_mark,2025-08-18,0.0022986674610632196
year2024,P-confirm5-v5profit50,carry_mark,2025-08-19,-0.014221290347744187
year2024,P-confirm5-v5profit50,carry_mark,2025-08-20,-0.001393711261635977
year2024,P-confirm5-v5profit50,carry_mark,2025-08-21,-0.0029060100673198195
year2024,P-confirm5-v5profit50,carry_mark,2025-08-22,0.01318589797013714
year2024,P-confirm5-v5profit50,carry_mark,2025-08-25,8.557323364377644e-06
year2024,P-confirm5-v5profit50,carry_mark,2025-08-26,0.0018724772286508261
year2025,v5,reset_liquidate,2025-08-27,0.0
year2025,v5,reset_liquidate,2025-08-28,0.0
year2025,v5,reset_liquidate,2025-08-29,0.0
year2025,v5,reset_liquidate,2025-09-02,0.0
year2025,v5,reset_liquidate,2025-09-03,0.0
year2025,v5,reset_liquidate,2025-09-04,0.0
year2025,v5,reset_liquidate,2025-09-05,0.0
year2025,v5,reset_liquidate,2025-09-08,0.0
year2025,v5,reset_liquidate,2025-09-09,0.0
year2025,v5,reset_liquidate,2025-09-10,0.0
year2025,v5,reset_liquidate,2025-09-11,0.0
year2025,v5,reset_liquidate,2025-09-12,0.0
year2025,v5,reset_liquidate,2025-09-15,0.0
year2025,v5,reset_liquidate,2025-09-16,-0.0026900014732180733
year2025,v5,reset_liquidate,2025-09-17,0.0018665710421098768
year2025,v5,reset_liquidate,2025-09-18,-0.0014591055576723244
year2025,v5,reset_liquidate,2025-09-19,-0.0001721802439146769
year2025,v5,reset_liquidate,2025-09-22,0.005346675255766642
year2025,v5,reset_liquidate,2025-09-23,-0.008120502211000469
year2025,v5,reset_liquidate,2025-09-24,-0.004882391154524402
year2025,v5,reset_liquidate,2025-09-25,-0.0013113539695254416
year2025,v5,reset_liquidate,2025-09-26,-0.0021640079404791402
year2025,v5,reset_liquidate,2025-09-29,0.0006596820848822737
year2025,v5,reset_liquidate,2025-09-30,-3.855138271376957e-05
year2025,v5,reset_liquidate,2025-10-01,0.009602775710809187
year2025,v5,reset_liquidate,2025-10-02,-0.0015482073640972094
year2025,v5,reset_liquidate,2025-10-03,-0.00017869634695695248
year2025,v5,reset_liquidate,2025-10-06,0.020981025944584862
year2025,v5,reset_liquidate,2025-10-07,-0.007265468376849183
year2025,v5,reset_liquidate,2025-10-08,0.002824324755346841
year2025,v5,reset_liquidate,2025-10-09,0.0004655422268738496
year2025,v5,reset_liquidate,2025-10-10,-0.01612604104293851
year2025,v5,reset_liquidate,2025-10-13,0.007182323352993891
year2025,v5,reset_liquidate,2025-10-14,-0.002130587048473731
year2025,v5,reset_liquidate,2025-10-15,0.015695229257549802
year2025,v5,reset_liquidate,2025-10-16,-0.005493175512538406
year2025,v5,reset_liquidate,2025-10-17,0.002504819209806386
year2025,v5,reset_liquidate,2025-10-20,0.006954885050276726
year2025,v5,reset_liquidate,2025-10-21,-0.0021675391827742805
year2025,v5,reset_liquidate,2025-10-22,-0.010254493975862334
year2025,v5,reset_liquidate,2025-10-23,0.004753959028942911
year2025,v5,reset_liquidate,2025-10-24,0.008312097881245428
year2025,v5,reset_liquidate,2025-10-27,0.009438409460718899
year2025,v5,reset_liquidate,2025-10-28,-0.0009403607666291003
year2025,v5,reset_liquidate,2025-10-29,-0.0037700011660330547
year2025,v5,reset_liquidate,2025-10-30,-0.0011555801936356746
year2025,v5,reset_liquidate,2025-10-31,0.0013972103870280694
year2025,v5,reset_liquidate,2025-11-03,-0.007086615186849887
year2025,v5,reset_liquidate,2025-11-04,-0.010714288188362908
year2025,v5,reset_liquidate,2025-11-05,0.004099185665583205
year2025,v5,reset_liquidate,2025-11-06,0.0
year2025,v5,reset_liquidate,2025-11-07,0.0
year2025,v5,reset_liquidate,2025-11-10,0.0
year2025,v5,reset_liquidate,2025-11-11,0.0
year2025,v5,reset_liquidate,2025-11-12,0.0
year2025,v5,reset_liquidate,2025-11-13,-0.0045000440348421655
year2025,v5,reset_liquidate,2025-11-14,-0.0007612124746718463
year2025,v5,reset_liquidate,2025-11-17,-4.0372340319039245e-05
year2025,v5,reset_liquidate,2025-11-18,0.0006462029318783147
year2025,v5,reset_liquidate,2025-11-19,-0.002969501480146919
year2025,v5,reset_liquidate,2025-11-20,-0.007526880363333354
year2025,v5,reset_liquidate,2025-11-21,0.006082283836670932
year2025,v5,reset_liquidate,2025-11-24,0.00968177423202481
year2025,v5,reset_liquidate,2025-11-25,0.0036415730758484035
year2025,v5,reset_liquidate,2025-11-26,0.013545007558136212
year2025,v5,reset_liquidate,2025-11-28,0.008610557713889699
year2025,v5,reset_liquidate,2025-12-01,-0.0079389201723569
year2025,v5,reset_liquidate,2025-12-02,-0.002336261733565814
year2025,v5,reset_liquidate,2025-12-03,0.0032330463950908774
year2025,v5,reset_liquidate,2025-12-04,0.0035313292470676274
year2025,v5,reset_liquidate,2025-12-05,0.010003913590513914
year2025,v5,reset_liquidate,2025-12-08,0.005675739374225386
year2025,v5,reset_liquidate,2025-12-09,0.010088881251829917
year2025,v5,reset_liquidate,2025-12-10,0.017938995850655948
year2025,v5,reset_liquidate,2025-12-11,0.005897583035689746
year2025,v5,reset_liquidate,2025-12-12,-0.01230281346904516
year2025,v5,reset_liquidate,2025-12-15,0.006509411661797304
year2025,v5,reset_liquidate,2025-12-16,-0.00010026967436164159
year2025,v5,reset_liquidate,2025-12-17,0.002074275181979823
year2025,v5,reset_liquidate,2025-12-18,0.0014421518543323187
year2025,v5,reset_liquidate,2025-12-19,0.009208395489068221
year2025,v5,reset_liquidate,2025-12-22,0.0032544447149343235
year2025,v5,reset_liquidate,2025-12-23,-0.007478511450540226
year2025,v5,reset_liquidate,2025-12-24,0.00142458678052082
year2025,v5,reset_liquidate,2025-12-26,-0.004732822097894806
year2025,v5,reset_liquidate,2025-12-29,0.0016902735929689606
year2025,v5,reset_liquidate,2025-12-30,-0.0010834891500641319
year2025,v5,reset_liquidate,2025-12-31,-0.006009378578491575
year2025,v5,reset_liquidate,2026-01-02,0.016690728942266884
year2025,v5,reset_liquidate,2026-01-05,0.00483172282577915
year2025,v5,reset_liquidate,2026-01-06,0.010952787635838668
year2025,v5,reset_liquidate,2026-01-07,-0.004704899113890637
year2025,v5,reset_liquidate,2026-01-08,-0.008894186410020832
year2025,v5,reset_liquidate,2026-01-09,-0.001321885594866168
year2025,v5,reset_liquidate,2026-01-12,0.00909071930656179
year2025,v5,reset_liquidate,2026-01-13,0.009217018265629906
year2025,v5,reset_liquidate,2026-01-14,-0.000806063906269816
year2025,v5,reset_liquidate,2026-01-15,-0.002427319273307982
year2025,v5,reset_liquidate,2026-01-16,0.0020624976491690483
year2025,v5,reset_liquidate,2026-01-20,-0.0022515044281318786
year2025,v5,reset_liquidate,2026-01-21,0.01939158869454576
year2025,v5,reset_liquidate,2026-01-22,0.007170098707710104
year2025,v5,reset_liquidate,2026-01-23,-0.007079874198918801
year2025,v5,reset_liquidate,2026-01-26,-0.0006589361432976282
year2025,v5,reset_liquidate,2026-01-27,-0.0007183135467203949
year2025,v5,reset_liquidate,2026-01-28,0.005179877891805973
year2025,v5,reset_liquidate,2026-01-29,-0.0021074387876600766
year2025,v5,reset_liquidate,2026-01-30,-0.017809662804362726
year2025,v5,reset_liquidate,2026-02-02,-0.008118307997850138
year2025,v5,reset_liquidate,2026-02-03,-0.013230859200552003
year2025,v5,reset_liquidate,2026-02-04,-0.0034772894856026303
year2025,v5,reset_liquidate,2026-02-05,-0.005068720741546295
year2025,v5,reset_liquidate,2026-02-06,0.008391077447283046
year2025,v5,reset_liquidate,2026-02-09,0.0013051346736678404
year2025,v5,reset_liquidate,2026-02-10,0.0009773403425923587
year2025,v5,reset_liquidate,2026-02-11,-0.00043994889346086195
year2025,v5,reset_liquidate,2026-02-12,-0.009424277740171395
year2025,v5,reset_liquidate,2026-02-13,-0.0023623851103750535
year2025,v5,reset_liquidate,2026-02-17,-0.0002300624713210908
year2025,v5,reset_liquidate,2026-02-18,0.0016214555970227584
year2025,v5,reset_liquidate,2026-02-19,-0.0008915703697537913
year2025,v5,reset_liquidate,2026-02-20,0.0014024376134108784
year2025,v5,reset_liquidate,2026-02-23,-0.0038239727739875274
year2025,v5,reset_liquidate,2026-02-24,-4.359076769410164e-05
year2025,v5,reset_liquidate,2026-02-25,0.002467283583845137
year2025,v5,reset_liquidate,2026-02-26,-0.011722542303432826
year2025,v5,reset_liquidate,2026-02-27,0.008819453063693139
year2025,v5,reset_liquidate,2026-03-02,0.002224517409437832
year2025,v5,reset_liquidate,2026-03-03,-0.004737228337384214
year2025,v5,reset_liquidate,2026-03-04,0.005915098780236527
year2025,v5,reset_liquidate,2026-03-05,0.005882631274655081
year2025,v5,reset_liquidate,2026-03-06,-0.000618553033126601
year2025,v5,reset_liquidate,2026-03-09,0.001092213179240431
year2025,v5,reset_liquidate,2026-03-10,-0.005375994094137105
year2025,v5,reset_liquidate,2026-03-11,0.002378650649833447
year2025,v5,reset_liquidate,2026-03-12,-0.006131993468948371
year2025,v5,reset_liquidate,2026-03-13,0.00047291086573695294
year2025,v5,reset_liquidate,2026-03-16,-0.0003002343295052001
year2025,v5,reset_liquidate,2026-03-17,0.0019244069460619961
year2025,v5,reset_liquidate,2026-03-18,-0.003077201059617285
year2025,v5,reset_liquidate,2026-03-19,-0.005244035960820082
year2025,v5,reset_liquidate,2026-03-20,-0.009361019857101794
year2025,v5,reset_liquidate,2026-03-23,0.009232363590024283
year2025,v5,reset_liquidate,2026-03-24,-0.013291230181541214
year2025,v5,reset_liquidate,2026-03-25,0.001974415262416718
year2025,v5,reset_liquidate,2026-03-26,-0.004828723069500584
year2025,v5,reset_liquidate,2026-03-27,-0.010857815211403388
year2025,v5,reset_liquidate,2026-03-30,-0.00203940485120816
year2025,v5,reset_liquidate,2026-03-31,0.011342388408399618
year2025,v5,reset_liquidate,2026-04-01,0.006877561591579817
year2025,v5,reset_liquidate,2026-04-02,-0.0035408151055095873
year2025,v5,reset_liquidate,2026-04-06,-0.002080956250285726
year2025,v5,reset_liquidate,2026-04-07,-0.00013028691416213655
year2025,v5,reset_liquidate,2026-04-08,0.0025708711749475423
year2025,v5,reset_liquidate,2026-04-09,-0.007093577086290414
year2025,v5,reset_liquidate,2026-04-10,0.003693847741262757
year2025,v5,reset_liquidate,2026-04-13,0.005813771134896606
year2025,v5,reset_liquidate,2026-04-14,0.018500537284614836
year2025,v5,reset_liquidate,2026-04-15,0.02549367854696032
year2025,v5,reset_liquidate,2026-04-16,0.0016646139452313525
year2025,v5,reset_liquidate,2026-04-17,0.0013835845697889094
year2025,v5,reset_liquidate,2026-04-20,-0.0008598431817615326
year2025,v5,reset_liquidate,2026-04-21,-0.0035965086138252554
year2025,v5,reset_liquidate,2026-04-22,0.013804988257668894
year2025,v5,reset_liquidate,2026-04-23,-0.016602486687652275
year2025,v5,reset_liquidate,2026-04-24,0.010259506655941941
year2025,v5,reset_liquidate,2026-04-27,0.009334695336157694
year2025,v5,reset_liquidate,2026-04-28,-0.005609762039583221
year2025,v5,reset_liquidate,2026-04-29,-0.0028614296136693974
year2025,v5,reset_liquidate,2026-04-30,0.0031267896219765333
year2025,v5,reset_liquidate,2026-05-01,0.009800739057132513
year2025,v5,reset_liquidate,2026-05-04,0.0012963966615763046
year2025,v5,reset_liquidate,2026-05-05,0.0010995571167439766
year2025,v5,reset_liquidate,2026-05-06,0.016083559422505268
year2025,v5,reset_liquidate,2026-05-07,0.016356703026161802
year2025,v5,reset_liquidate,2026-05-08,0.011232562878092734
year2025,v5,reset_liquidate,2026-05-11,0.0024990399047934873
year2025,v5,reset_liquidate,2026-05-12,-0.005783710582710089
year2025,v5,reset_liquidate,2026-05-13,0.01162690282227089
year2025,v5,reset_liquidate,2026-05-14,0.00575952781010145
year2025,v5,reset_liquidate,2026-05-15,-0.0073116358556682085
year2025,v5,reset_liquidate,2026-05-18,-0.0008629740545386788
year2025,v5,reset_liquidate,2026-05-19,-0.004623420609736517
year2025,v5,reset_liquidate,2026-05-20,0.009132087096903574
year2025,v5,reset_liquidate,2026-05-21,-0.0027012939774099243
year2025,v5,reset_liquidate,2026-05-22,0.0038945113907073226
year2025,v5,reset_liquidate,2026-05-26,0.010913352849066782
year2025,v5,reset_liquidate,2026-05-27,-0.0019701983300647987
year2025,v5,reset_liquidate,2026-05-28,0.0439197193030886
year2025,v5,reset_liquidate,2026-05-29,0.007943739427139395
year2025,v5,reset_liquidate,2026-06-01,0.014312400605351716
year2025,v5,reset_liquidate,2026-06-02,-0.011081225886195612
year2025,v5,reset_liquidate,2026-06-03,-0.015158608015473718
year2025,v5,reset_liquidate,2026-06-04,0.0005203237571320019
year2025,v5,reset_liquidate,2026-06-05,-0.03212502138102047
year2025,v5,reset_liquidate,2026-06-08,0.007131693972933018
year2025,v5,reset_liquidate,2026-06-09,-0.004847001242489546
year2025,v5,reset_liquidate,2026-06-10,-0.004067851220674312
year2025,v5,reset_liquidate,2026-06-11,0.00020425406654052126
year2025,v5,reset_liquidate,2026-06-12,-0.003165689350502676
year2025,v5,reset_liquidate,2026-06-15,0.0034367213858373493
year2025,v5,reset_liquidate,2026-06-16,-0.0010216759978194934
year2025,v5,reset_liquidate,2026-06-17,-0.001594496028437986
year2025,v5,reset_liquidate,2026-06-18,-0.0009508830571814952
year2025,v5,reset_liquidate,2026-06-22,-0.002453828022294935
year2025,v5,reset_liquidate,2026-06-23,0.0016858675960796932
year2025,v5,reset_liquidate,2026-06-24,-0.0019356827581182845
year2025,v5,reset_liquidate,2026-06-25,0.000491259404887634
year2025,v5,reset_liquidate,2026-06-26,0.009645031881770395
year2025,v5,reset_liquidate,2026-06-29,-0.001382705731639977
year2025,v5,reset_liquidate,2026-06-30,0.002339891814490769
year2025,v5,reset_liquidate,2026-07-01,0.005647292260248249
year2025,v5,reset_liquidate,2026-07-02,0.0012178261018067516
year2025,v5,reset_liquidate,2026-07-06,-0.0002146073377733315
year2025,v5,reset_liquidate,2026-07-07,0.0007910061420274728
year2025,v5,reset_liquidate,2026-07-08,-0.0019587250701745052
year2025,v5,reset_liquidate,2026-07-09,0.002631083764520947
year2025,v5,reset_liquidate,2026-07-10,-0.0020654869606451577
year2025,v5,reset_liquidate,2026-07-13,0.004283334220519119
year2025,v5,reset_liquidate,2026-07-14,0.0011636599047913031
year2025,v5,reset_liquidate,2026-07-15,0.0013047684426035877
year2025,v5,reset_liquidate,2026-07-16,0.0007021307088800222
year2025,v5,reset_liquidate,2026-07-17,-0.0022297906926743273
year2025,v5,reset_liquidate,2026-07-20,0.003020974787506581
year2025,v5,reset_liquidate,2026-07-21,-0.0004970702730712762
year2025,v5,reset_liquidate,2026-07-22,-0.003513149966285789
year2025,v5,reset_liquidate,2026-07-23,-0.002715887969955466
year2025,v5,reset_liquidate,2026-07-24,0.0028784733434240152
year2025,v5,reset_liquidate,2026-07-27,0.004194022431430943
year2025,v5,reset_liquidate,2026-07-28,0.0029809515802536324
year2025,v5,reset_liquidate,2026-07-29,0.005636828472016376
year2025,v5,reset_liquidate,2026-07-30,0.020254916898038357
year2025,v5,reset_liquidate,2026-07-31,-0.006461426939668313
year2025,v5,reset_liquidate,2026-08-03,0.028898996872659066
year2025,v5,reset_liquidate,2026-08-04,0.02628403750571211
year2025,v5,reset_liquidate,2026-08-05,-0.006569676005007652
year2025,v5,reset_liquidate,2026-08-06,-0.0024445450404550597
year2025,v5,reset_liquidate,2026-08-07,0.012785295520698048
year2025,v5,reset_liquidate,2026-08-10,0.00421746303783076
year2025,v5,reset_liquidate,2026-08-11,-0.0052711588811841905
year2025,v5,reset_liquidate,2026-08-12,-0.0008809228739186214
year2025,v5,reset_liquidate,2026-08-13,0.0029022936644162002
year2025,v5,reset_liquidate,2026-08-14,0.0124884367920437
year2025,v5,reset_liquidate,2026-08-17,-0.002895829778608405
year2025,v5,reset_liquidate,2026-08-18,-0.01398050330255941
year2025,v5,reset_liquidate,2026-08-19,0.007034841814780701
year2025,v5,reset_liquidate,2026-08-20,-0.003071646970326225
year2025,v5,reset_liquidate,2026-08-21,0.004542463553132458
year2025,v5,reset_liquidate,2026-08-24,-0.0006954255409216903
year2025,v5,reset_liquidate,2026-08-25,0.0015770299467145921
year2025,v5,reset_liquidate,2026-08-26,-0.0019387163847680911
year2025,v5,reset_liquidate,2026-08-27,0.0033203227204486874
year2025,v5,reset_mark,2025-08-27,0.0
year2025,v5,reset_mark,2025-08-28,0.0
year2025,v5,reset_mark,2025-08-29,0.0
year2025,v5,reset_mark,2025-09-02,0.0
year2025,v5,reset_mark,2025-09-03,0.0
year2025,v5,reset_mark,2025-09-04,0.0
year2025,v5,reset_mark,2025-09-05,0.0
year2025,v5,reset_mark,2025-09-08,0.0
year2025,v5,reset_mark,2025-09-09,0.0
year2025,v5,reset_mark,2025-09-10,0.0
year2025,v5,reset_mark,2025-09-11,0.0
year2025,v5,reset_mark,2025-09-12,0.0
year2025,v5,reset_mark,2025-09-15,0.0
year2025,v5,reset_mark,2025-09-16,-0.0026900014732180733
year2025,v5,reset_mark,2025-09-17,0.0018665710421098768
year2025,v5,reset_mark,2025-09-18,-0.0014591055576723244
year2025,v5,reset_mark,2025-09-19,-0.0001721802439146769
year2025,v5,reset_mark,2025-09-22,0.005346675255766642
year2025,v5,reset_mark,2025-09-23,-0.008120502211000469
year2025,v5,reset_mark,2025-09-24,-0.004882391154524402
year2025,v5,reset_mark,2025-09-25,-0.0013113539695254416
year2025,v5,reset_mark,2025-09-26,-0.0021640079404791402
year2025,v5,reset_mark,2025-09-29,0.0006596820848822737
year2025,v5,reset_mark,2025-09-30,-3.855138271376957e-05
year2025,v5,reset_mark,2025-10-01,0.009602775710809187
year2025,v5,reset_mark,2025-10-02,-0.0015482073640972094
year2025,v5,reset_mark,2025-10-03,-0.00017869634695695248
year2025,v5,reset_mark,2025-10-06,0.020981025944584862
year2025,v5,reset_mark,2025-10-07,-0.007265468376849183
year2025,v5,reset_mark,2025-10-08,0.002824324755346841
year2025,v5,reset_mark,2025-10-09,0.0004655422268738496
year2025,v5,reset_mark,2025-10-10,-0.01612604104293851
year2025,v5,reset_mark,2025-10-13,0.007182323352993891
year2025,v5,reset_mark,2025-10-14,-0.002130587048473731
year2025,v5,reset_mark,2025-10-15,0.015695229257549802
year2025,v5,reset_mark,2025-10-16,-0.005493175512538406
year2025,v5,reset_mark,2025-10-17,0.002504819209806386
year2025,v5,reset_mark,2025-10-20,0.006954885050276726
year2025,v5,reset_mark,2025-10-21,-0.0021675391827742805
year2025,v5,reset_mark,2025-10-22,-0.010254493975862334
year2025,v5,reset_mark,2025-10-23,0.004753959028942911
year2025,v5,reset_mark,2025-10-24,0.008312097881245428
year2025,v5,reset_mark,2025-10-27,0.009438409460718899
year2025,v5,reset_mark,2025-10-28,-0.0009403607666291003
year2025,v5,reset_mark,2025-10-29,-0.0037700011660330547
year2025,v5,reset_mark,2025-10-30,-0.0011555801936356746
year2025,v5,reset_mark,2025-10-31,0.0013972103870280694
year2025,v5,reset_mark,2025-11-03,-0.007086615186849887
year2025,v5,reset_mark,2025-11-04,-0.010714288188362908
year2025,v5,reset_mark,2025-11-05,0.004099185665583205
year2025,v5,reset_mark,2025-11-06,0.0
year2025,v5,reset_mark,2025-11-07,0.0
year2025,v5,reset_mark,2025-11-10,0.0
year2025,v5,reset_mark,2025-11-11,0.0
year2025,v5,reset_mark,2025-11-12,0.0
year2025,v5,reset_mark,2025-11-13,-0.0045000440348421655
year2025,v5,reset_mark,2025-11-14,-0.0007612124746718463
year2025,v5,reset_mark,2025-11-17,-4.0372340319039245e-05
year2025,v5,reset_mark,2025-11-18,0.0006462029318783147
year2025,v5,reset_mark,2025-11-19,-0.002969501480146919
year2025,v5,reset_mark,2025-11-20,-0.007526880363333354
year2025,v5,reset_mark,2025-11-21,0.006082283836670932
year2025,v5,reset_mark,2025-11-24,0.00968177423202481
year2025,v5,reset_mark,2025-11-25,0.0036415730758484035
year2025,v5,reset_mark,2025-11-26,0.013545007558136212
year2025,v5,reset_mark,2025-11-28,0.008610557713889699
year2025,v5,reset_mark,2025-12-01,-0.0079389201723569
year2025,v5,reset_mark,2025-12-02,-0.002336261733565814
year2025,v5,reset_mark,2025-12-03,0.0032330463950908774
year2025,v5,reset_mark,2025-12-04,0.0035313292470676274
year2025,v5,reset_mark,2025-12-05,0.010003913590513914
year2025,v5,reset_mark,2025-12-08,0.005675739374225386
year2025,v5,reset_mark,2025-12-09,0.010088881251829917
year2025,v5,reset_mark,2025-12-10,0.017938995850655948
year2025,v5,reset_mark,2025-12-11,0.005897583035689746
year2025,v5,reset_mark,2025-12-12,-0.01230281346904516
year2025,v5,reset_mark,2025-12-15,0.006509411661797304
year2025,v5,reset_mark,2025-12-16,-0.00010026967436164159
year2025,v5,reset_mark,2025-12-17,0.002074275181979823
year2025,v5,reset_mark,2025-12-18,0.0014421518543323187
year2025,v5,reset_mark,2025-12-19,0.009208395489068221
year2025,v5,reset_mark,2025-12-22,0.0032544447149343235
year2025,v5,reset_mark,2025-12-23,-0.007478511450540226
year2025,v5,reset_mark,2025-12-24,0.00142458678052082
year2025,v5,reset_mark,2025-12-26,-0.004732822097894806
year2025,v5,reset_mark,2025-12-29,0.0016902735929689606
year2025,v5,reset_mark,2025-12-30,-0.0010834891500641319
year2025,v5,reset_mark,2025-12-31,-0.006009378578491575
year2025,v5,reset_mark,2026-01-02,0.016690728942266884
year2025,v5,reset_mark,2026-01-05,0.00483172282577915
year2025,v5,reset_mark,2026-01-06,0.010952787635838668
year2025,v5,reset_mark,2026-01-07,-0.004704899113890637
year2025,v5,reset_mark,2026-01-08,-0.008894186410020832
year2025,v5,reset_mark,2026-01-09,-0.001321885594866168
year2025,v5,reset_mark,2026-01-12,0.00909071930656179
year2025,v5,reset_mark,2026-01-13,0.009217018265629906
year2025,v5,reset_mark,2026-01-14,-0.000806063906269816
year2025,v5,reset_mark,2026-01-15,-0.002427319273307982
year2025,v5,reset_mark,2026-01-16,0.0020624976491690483
year2025,v5,reset_mark,2026-01-20,-0.0022515044281318786
year2025,v5,reset_mark,2026-01-21,0.01939158869454576
year2025,v5,reset_mark,2026-01-22,0.007170098707710104
year2025,v5,reset_mark,2026-01-23,-0.007079874198918801
year2025,v5,reset_mark,2026-01-26,-0.0006589361432976282
year2025,v5,reset_mark,2026-01-27,-0.0007183135467203949
year2025,v5,reset_mark,2026-01-28,0.005179877891805973
year2025,v5,reset_mark,2026-01-29,-0.0021074387876600766
year2025,v5,reset_mark,2026-01-30,-0.017809662804362726
year2025,v5,reset_mark,2026-02-02,-0.008118307997850138
year2025,v5,reset_mark,2026-02-03,-0.013230859200552003
year2025,v5,reset_mark,2026-02-04,-0.0034772894856026303
year2025,v5,reset_mark,2026-02-05,-0.005068720741546295
year2025,v5,reset_mark,2026-02-06,0.008391077447283046
year2025,v5,reset_mark,2026-02-09,0.0013051346736678404
year2025,v5,reset_mark,2026-02-10,0.0009773403425923587
year2025,v5,reset_mark,2026-02-11,-0.00043994889346086195
year2025,v5,reset_mark,2026-02-12,-0.009424277740171395
year2025,v5,reset_mark,2026-02-13,-0.0023623851103750535
year2025,v5,reset_mark,2026-02-17,-0.0002300624713210908
year2025,v5,reset_mark,2026-02-18,0.0016214555970227584
year2025,v5,reset_mark,2026-02-19,-0.0008915703697537913
year2025,v5,reset_mark,2026-02-20,0.0014024376134108784
year2025,v5,reset_mark,2026-02-23,-0.0038239727739875274
year2025,v5,reset_mark,2026-02-24,-4.359076769410164e-05
year2025,v5,reset_mark,2026-02-25,0.002467283583845137
year2025,v5,reset_mark,2026-02-26,-0.011722542303432826
year2025,v5,reset_mark,2026-02-27,0.008819453063693139
year2025,v5,reset_mark,2026-03-02,0.002224517409437832
year2025,v5,reset_mark,2026-03-03,-0.004737228337384214
year2025,v5,reset_mark,2026-03-04,0.005915098780236527
year2025,v5,reset_mark,2026-03-05,0.005882631274655081
year2025,v5,reset_mark,2026-03-06,-0.000618553033126601
year2025,v5,reset_mark,2026-03-09,0.001092213179240431
year2025,v5,reset_mark,2026-03-10,-0.005375994094137105
year2025,v5,reset_mark,2026-03-11,0.002378650649833447
year2025,v5,reset_mark,2026-03-12,-0.006131993468948371
year2025,v5,reset_mark,2026-03-13,0.00047291086573695294
year2025,v5,reset_mark,2026-03-16,-0.0003002343295052001
year2025,v5,reset_mark,2026-03-17,0.0019244069460619961
year2025,v5,reset_mark,2026-03-18,-0.003077201059617285
year2025,v5,reset_mark,2026-03-19,-0.005244035960820082
year2025,v5,reset_mark,2026-03-20,-0.009361019857101794
year2025,v5,reset_mark,2026-03-23,0.009232363590024283
year2025,v5,reset_mark,2026-03-24,-0.013291230181541214
year2025,v5,reset_mark,2026-03-25,0.001974415262416718
year2025,v5,reset_mark,2026-03-26,-0.004828723069500584
year2025,v5,reset_mark,2026-03-27,-0.010857815211403388
year2025,v5,reset_mark,2026-03-30,-0.00203940485120816
year2025,v5,reset_mark,2026-03-31,0.011342388408399618
year2025,v5,reset_mark,2026-04-01,0.006877561591579817
year2025,v5,reset_mark,2026-04-02,-0.0035408151055095873
year2025,v5,reset_mark,2026-04-06,-0.002080956250285726
year2025,v5,reset_mark,2026-04-07,-0.00013028691416213655
year2025,v5,reset_mark,2026-04-08,0.0025708711749475423
year2025,v5,reset_mark,2026-04-09,-0.007093577086290414
year2025,v5,reset_mark,2026-04-10,0.003693847741262757
year2025,v5,reset_mark,2026-04-13,0.005813771134896606
year2025,v5,reset_mark,2026-04-14,0.018500537284614836
year2025,v5,reset_mark,2026-04-15,0.02549367854696032
year2025,v5,reset_mark,2026-04-16,0.0016646139452313525
year2025,v5,reset_mark,2026-04-17,0.0013835845697889094
year2025,v5,reset_mark,2026-04-20,-0.0008598431817615326
year2025,v5,reset_mark,2026-04-21,-0.0035965086138252554
year2025,v5,reset_mark,2026-04-22,0.013804988257668894
year2025,v5,reset_mark,2026-04-23,-0.016602486687652275
year2025,v5,reset_mark,2026-04-24,0.010259506655941941
year2025,v5,reset_mark,2026-04-27,0.009334695336157694
year2025,v5,reset_mark,2026-04-28,-0.005609762039583221
year2025,v5,reset_mark,2026-04-29,-0.0028614296136693974
year2025,v5,reset_mark,2026-04-30,0.0031267896219765333
year2025,v5,reset_mark,2026-05-01,0.009800739057132513
year2025,v5,reset_mark,2026-05-04,0.0012963966615763046
year2025,v5,reset_mark,2026-05-05,0.0010995571167439766
year2025,v5,reset_mark,2026-05-06,0.016083559422505268
year2025,v5,reset_mark,2026-05-07,0.016356703026161802
year2025,v5,reset_mark,2026-05-08,0.011232562878092734
year2025,v5,reset_mark,2026-05-11,0.0024990399047934873
year2025,v5,reset_mark,2026-05-12,-0.005783710582710089
year2025,v5,reset_mark,2026-05-13,0.01162690282227089
year2025,v5,reset_mark,2026-05-14,0.00575952781010145
year2025,v5,reset_mark,2026-05-15,-0.0073116358556682085
year2025,v5,reset_mark,2026-05-18,-0.0008629740545386788
year2025,v5,reset_mark,2026-05-19,-0.004623420609736517
year2025,v5,reset_mark,2026-05-20,0.009132087096903574
year2025,v5,reset_mark,2026-05-21,-0.0027012939774099243
year2025,v5,reset_mark,2026-05-22,0.0038945113907073226
year2025,v5,reset_mark,2026-05-26,0.010913352849066782
year2025,v5,reset_mark,2026-05-27,-0.0019701983300647987
year2025,v5,reset_mark,2026-05-28,0.0439197193030886
year2025,v5,reset_mark,2026-05-29,0.007943739427139395
year2025,v5,reset_mark,2026-06-01,0.014312400605351716
year2025,v5,reset_mark,2026-06-02,-0.011081225886195612
year2025,v5,reset_mark,2026-06-03,-0.015158608015473718
year2025,v5,reset_mark,2026-06-04,0.0005203237571320019
year2025,v5,reset_mark,2026-06-05,-0.03212502138102047
year2025,v5,reset_mark,2026-06-08,0.007131693972933018
year2025,v5,reset_mark,2026-06-09,-0.004847001242489546
year2025,v5,reset_mark,2026-06-10,-0.004067851220674312
year2025,v5,reset_mark,2026-06-11,0.00020425406654052126
year2025,v5,reset_mark,2026-06-12,-0.003165689350502676
year2025,v5,reset_mark,2026-06-15,0.0034367213858373493
year2025,v5,reset_mark,2026-06-16,-0.0010216759978194934
year2025,v5,reset_mark,2026-06-17,-0.001594496028437986
year2025,v5,reset_mark,2026-06-18,-0.0009508830571814952
year2025,v5,reset_mark,2026-06-22,-0.002453828022294935
year2025,v5,reset_mark,2026-06-23,0.0016858675960796932
year2025,v5,reset_mark,2026-06-24,-0.0019356827581182845
year2025,v5,reset_mark,2026-06-25,0.000491259404887634
year2025,v5,reset_mark,2026-06-26,0.009645031881770395
year2025,v5,reset_mark,2026-06-29,-0.001382705731639977
year2025,v5,reset_mark,2026-06-30,0.002339891814490769
year2025,v5,reset_mark,2026-07-01,0.005647292260248249
year2025,v5,reset_mark,2026-07-02,0.0012178261018067516
year2025,v5,reset_mark,2026-07-06,-0.0002146073377733315
year2025,v5,reset_mark,2026-07-07,0.0007910061420274728
year2025,v5,reset_mark,2026-07-08,-0.0019587250701745052
year2025,v5,reset_mark,2026-07-09,0.002631083764520947
year2025,v5,reset_mark,2026-07-10,-0.0020654869606451577
year2025,v5,reset_mark,2026-07-13,0.004283334220519119
year2025,v5,reset_mark,2026-07-14,0.0011636599047913031
year2025,v5,reset_mark,2026-07-15,0.0013047684426035877
year2025,v5,reset_mark,2026-07-16,0.0007021307088800222
year2025,v5,reset_mark,2026-07-17,-0.0022297906926743273
year2025,v5,reset_mark,2026-07-20,0.003020974787506581
year2025,v5,reset_mark,2026-07-21,-0.0004970702730712762
year2025,v5,reset_mark,2026-07-22,-0.003513149966285789
year2025,v5,reset_mark,2026-07-23,-0.002715887969955466
year2025,v5,reset_mark,2026-07-24,0.0028784733434240152
year2025,v5,reset_mark,2026-07-27,0.004194022431430943
year2025,v5,reset_mark,2026-07-28,0.0029809515802536324
year2025,v5,reset_mark,2026-07-29,0.005636828472016376
year2025,v5,reset_mark,2026-07-30,0.020254916898038357
year2025,v5,reset_mark,2026-07-31,-0.006461426939668313
year2025,v5,reset_mark,2026-08-03,0.028898996872659066
year2025,v5,reset_mark,2026-08-04,0.02628403750571211
year2025,v5,reset_mark,2026-08-05,-0.006569676005007652
year2025,v5,reset_mark,2026-08-06,-0.0024445450404550597
year2025,v5,reset_mark,2026-08-07,0.012785295520698048
year2025,v5,reset_mark,2026-08-10,0.00421746303783076
year2025,v5,reset_mark,2026-08-11,-0.0052711588811841905
year2025,v5,reset_mark,2026-08-12,-0.0008809228739186214
year2025,v5,reset_mark,2026-08-13,0.0029022936644162002
year2025,v5,reset_mark,2026-08-14,0.0124884367920437
year2025,v5,reset_mark,2026-08-17,-0.002895829778608405
year2025,v5,reset_mark,2026-08-18,-0.01398050330255941
year2025,v5,reset_mark,2026-08-19,0.007034841814780701
year2025,v5,reset_mark,2026-08-20,-0.003071646970326225
year2025,v5,reset_mark,2026-08-21,0.004542463553132458
year2025,v5,reset_mark,2026-08-24,-0.0006954255409216903
year2025,v5,reset_mark,2026-08-25,0.0015770299467145921
year2025,v5,reset_mark,2026-08-26,-0.0019387163847680911
year2025,v5,reset_mark,2026-08-27,0.003724046767215905
year2025,v5,carry_mark,2025-08-27,-0.007765289317147273
year2025,v5,carry_mark,2025-08-28,0.0024224062960179426
year2025,v5,carry_mark,2025-08-29,-0.002734333899115371
year2025,v5,carry_mark,2025-09-02,0.0010116413563060257
year2025,v5,carry_mark,2025-09-03,-0.0015807739088076866
year2025,v5,carry_mark,2025-09-04,-0.0012423449053444613
year2025,v5,carry_mark,2025-09-05,0.00010244090230425718
year2025,v5,carry_mark,2025-09-08,0.005132085067892089
year2025,v5,carry_mark,2025-09-09,0.006739581840475961
year2025,v5,carry_mark,2025-09-10,0.0008671678738184308
year2025,v5,carry_mark,2025-09-11,0.00396321221167667
year2025,v5,carry_mark,2025-09-12,-0.002690692329185995
year2025,v5,carry_mark,2025-09-15,0.003077904201522075
year2025,v5,carry_mark,2025-09-16,-0.0024016989230834064
year2025,v5,carry_mark,2025-09-17,0.005827557990814303
year2025,v5,carry_mark,2025-09-18,-0.0033789185399766054
year2025,v5,carry_mark,2025-09-19,0.0003395527886793648
year2025,v5,carry_mark,2025-09-22,0.007169171883640679
year2025,v5,carry_mark,2025-09-23,-0.01561894809399882
year2025,v5,carry_mark,2025-09-24,-0.0036479918058522575
year2025,v5,carry_mark,2025-09-25,0.00016078606609932767
year2025,v5,carry_mark,2025-09-26,-0.004045680230963777
year2025,v5,carry_mark,2025-09-29,0.006887399094489233
year2025,v5,carry_mark,2025-09-30,0.0031534155948865217
year2025,v5,carry_mark,2025-10-01,0.009240328658945085
year2025,v5,carry_mark,2025-10-02,0.001246425787420502
year2025,v5,carry_mark,2025-10-03,-0.00386864245313715
year2025,v5,carry_mark,2025-10-06,0.020539890905952575
year2025,v5,carry_mark,2025-10-07,-0.008497927495173929
year2025,v5,carry_mark,2025-10-08,0.007719915959033474
year2025,v5,carry_mark,2025-10-09,-0.00026013451795302566
year2025,v5,carry_mark,2025-10-10,-0.03788826873881453
year2025,v5,carry_mark,2025-10-13,0.02046609796655855
year2025,v5,carry_mark,2025-10-14,-0.006834557771373251
year2025,v5,carry_mark,2025-10-15,0.014591841646850989
year2025,v5,carry_mark,2025-10-16,-0.006029314636119831
year2025,v5,carry_mark,2025-10-17,0.004612737179776926
year2025,v5,carry_mark,2025-10-20,0.009906735975250014
year2025,v5,carry_mark,2025-10-21,-0.002752617690450254
year2025,v5,carry_mark,2025-10-22,-0.020808322371172326
year2025,v5,carry_mark,2025-10-23,0.005547762286040115
year2025,v5,carry_mark,2025-10-24,0.008865642321797373
year2025,v5,carry_mark,2025-10-27,0.012234447585633069
year2025,v5,carry_mark,2025-10-28,0.0047670347645776935
year2025,v5,carry_mark,2025-10-29,-0.0009699715621051541
year2025,v5,carry_mark,2025-10-30,-0.00419690924519669
year2025,v5,carry_mark,2025-10-31,0.003942024408067601
year2025,v5,carry_mark,2025-11-03,-0.006596210582406026
year2025,v5,carry_mark,2025-11-04,-0.015321237345995341
year2025,v5,carry_mark,2025-11-05,0.002850942829179437
year2025,v5,carry_mark,2025-11-06,-0.003783570887349674
year2025,v5,carry_mark,2025-11-07,0.0006424913066863436
year2025,v5,carry_mark,2025-11-10,0.007280131070995344
year2025,v5,carry_mark,2025-11-11,-0.0014975504914568783
year2025,v5,carry_mark,2025-11-12,0.0021844925792981586
year2025,v5,carry_mark,2025-11-13,-0.008363575529343258
year2025,v5,carry_mark,2025-11-14,-0.0026338137823627593
year2025,v5,carry_mark,2025-11-17,-0.0027511435736777834
year2025,v5,carry_mark,2025-11-18,0.0012835165737990484
year2025,v5,carry_mark,2025-11-19,-0.003709217700467793
year2025,v5,carry_mark,2025-11-20,-0.014615724112391492
year2025,v5,carry_mark,2025-11-21,0.00449745920987511
year2025,v5,carry_mark,2025-11-24,0.011733431082592194
year2025,v5,carry_mark,2025-11-25,0.0010504973815981921
year2025,v5,carry_mark,2025-11-26,0.014917180400843666
year2025,v5,carry_mark,2025-11-28,0.006802060663721077
year2025,v5,carry_mark,2025-12-01,-0.006289197114386557
year2025,v5,carry_mark,2025-12-02,-0.001480333285230373
year2025,v5,carry_mark,2025-12-03,0.0022025180148094515
year2025,v5,carry_mark,2025-12-04,0.0056473826994213995
year2025,v5,carry_mark,2025-12-05,0.009474953013501753
year2025,v5,carry_mark,2025-12-08,0.007397141611889979
year2025,v5,carry_mark,2025-12-09,0.009776293564252614
year2025,v5,carry_mark,2025-12-10,0.01729564693762926
year2025,v5,carry_mark,2025-12-11,0.0043468080846400855
year2025,v5,carry_mark,2025-12-12,-0.015569262470956247
year2025,v5,carry_mark,2025-12-15,0.0072350401414821965
year2025,v5,carry_mark,2025-12-16,0.0007108997006081807
year2025,v5,carry_mark,2025-12-17,-0.0017407163033544282
year2025,v5,carry_mark,2025-12-18,0.003314147194073036
year2025,v5,carry_mark,2025-12-19,0.013142014683673575
year2025,v5,carry_mark,2025-12-22,0.00474624287227674
year2025,v5,carry_mark,2025-12-23,-0.004473448841811734
year2025,v5,carry_mark,2025-12-24,0.0011074763754093664
year2025,v5,carry_mark,2025-12-26,-0.003714847156524592
year2025,v5,carry_mark,2025-12-29,0.000477864011113327
year2025,v5,carry_mark,2025-12-30,-0.0014447669550015862
year2025,v5,carry_mark,2025-12-31,-0.006563923596844557
year2025,v5,carry_mark,2026-01-02,0.017950782638435036
year2025,v5,carry_mark,2026-01-05,0.004445172664822405
year2025,v5,carry_mark,2026-01-06,0.010485004578809265
year2025,v5,carry_mark,2026-01-07,-0.0037061893377179135
year2025,v5,carry_mark,2026-01-08,-0.011046368252364925
year2025,v5,carry_mark,2026-01-09,-0.001419169208179205
year2025,v5,carry_mark,2026-01-12,0.009133999489923684
year2025,v5,carry_mark,2026-01-13,0.009687442238674127
year2025,v5,carry_mark,2026-01-14,-0.0022430241797682495
year2025,v5,carry_mark,2026-01-15,-0.00029232874431233123
year2025,v5,carry_mark,2026-01-16,0.0016241044869099053
year2025,v5,carry_mark,2026-01-20,-0.006633180702615138
year2025,v5,carry_mark,2026-01-21,0.02233987726453319
year2025,v5,carry_mark,2026-01-22,0.007999238437322198
year2025,v5,carry_mark,2026-01-23,-0.005548819807852201
year2025,v5,carry_mark,2026-01-26,-0.0012983531875916166
year2025,v5,carry_mark,2026-01-27,0.0003810578817152632
year2025,v5,carry_mark,2026-01-28,0.006771225106946344
year2025,v5,carry_mark,2026-01-29,-0.0015905263188149333
year2025,v5,carry_mark,2026-01-30,-0.01852650467188305
year2025,v5,carry_mark,2026-02-02,-0.011006394351886306
year2025,v5,carry_mark,2026-02-03,-0.016070154143750036
year2025,v5,carry_mark,2026-02-04,-0.0068875113323705
year2025,v5,carry_mark,2026-02-05,-0.006394861181190548
year2025,v5,carry_mark,2026-02-06,0.016262849676420933
year2025,v5,carry_mark,2026-02-09,0.0038023028627598653
year2025,v5,carry_mark,2026-02-10,0.00018803478019243646
year2025,v5,carry_mark,2026-02-11,0.000360943733252872
year2025,v5,carry_mark,2026-02-12,-0.011060683820456007
year2025,v5,carry_mark,2026-02-13,-0.004571650337269051
year2025,v5,carry_mark,2026-02-17,0.0009514894570442301
year2025,v5,carry_mark,2026-02-18,0.0032487377602767207
year2025,v5,carry_mark,2026-02-19,-0.0009341240834552344
year2025,v5,carry_mark,2026-02-20,0.00242426722153295
year2025,v5,carry_mark,2026-02-23,-0.002912584423668085
year2025,v5,carry_mark,2026-02-24,0.0006350830599559099
year2025,v5,carry_mark,2026-02-25,0.00387251118738412
year2025,v5,carry_mark,2026-02-26,-0.017178666376299077
year2025,v5,carry_mark,2026-02-27,0.004654818398397043
year2025,v5,carry_mark,2026-03-02,0.005210012200085101
year2025,v5,carry_mark,2026-03-03,-0.006068885465582996
year2025,v5,carry_mark,2026-03-04,0.007575749236878515
year2025,v5,carry_mark,2026-03-05,0.006046531138240141
year2025,v5,carry_mark,2026-03-06,-0.003629352456795143
year2025,v5,carry_mark,2026-03-09,0.003808440755970033
year2025,v5,carry_mark,2026-03-10,-0.004215296417539904
year2025,v5,carry_mark,2026-03-11,0.003066021994568713
year2025,v5,carry_mark,2026-03-12,-0.0076855018375592945
year2025,v5,carry_mark,2026-03-13,-0.001105120565098383
year2025,v5,carry_mark,2026-03-16,0.0013474828885363
year2025,v5,carry_mark,2026-03-17,0.0012203272123923025
year2025,v5,carry_mark,2026-03-18,-0.003918180936826965
year2025,v5,carry_mark,2026-03-19,-0.006263992805347318
year2025,v5,carry_mark,2026-03-20,-0.012642830972913643
year2025,v5,carry_mark,2026-03-23,0.010934741790751734
year2025,v5,carry_mark,2026-03-24,-0.013541748931829878
year2025,v5,carry_mark,2026-03-25,0.003960718662849527
year2025,v5,carry_mark,2026-03-26,-0.008992581165280955
year2025,v5,carry_mark,2026-03-27,-0.013030212629587779
year2025,v5,carry_mark,2026-03-30,-0.0034422195999590176
year2025,v5,carry_mark,2026-03-31,0.01233108823348591
year2025,v5,carry_mark,2026-04-01,0.0068775615915798284
year2025,v5,carry_mark,2026-04-02,-0.0035408151055096094
year2025,v5,carry_mark,2026-04-06,-0.0020809562502856704
year2025,v5,carry_mark,2026-04-07,-0.00013028691416211435
year2025,v5,carry_mark,2026-04-08,0.002570871174947531
year2025,v5,carry_mark,2026-04-09,-0.007093577086290459
year2025,v5,carry_mark,2026-04-10,0.003693847741262757
year2025,v5,carry_mark,2026-04-13,0.005813771134896606
year2025,v5,carry_mark,2026-04-14,0.01850053728461485
year2025,v5,carry_mark,2026-04-15,0.02549367854696032
year2025,v5,carry_mark,2026-04-16,0.0016646139452313302
year2025,v5,carry_mark,2026-04-17,0.001383584569788965
year2025,v5,carry_mark,2026-04-20,-0.0008598431817615548
year2025,v5,carry_mark,2026-04-21,-0.003596508613825311
year2025,v5,carry_mark,2026-04-22,0.013804988257668937
year2025,v5,carry_mark,2026-04-23,-0.016602486687652317
year2025,v5,carry_mark,2026-04-24,0.010259506655941941
year2025,v5,carry_mark,2026-04-27,0.009334695336157694
year2025,v5,carry_mark,2026-04-28,-0.005609762039583211
year2025,v5,carry_mark,2026-04-29,-0.0028614296136693753
year2025,v5,carry_mark,2026-04-30,0.0031267896219765445
year2025,v5,carry_mark,2026-05-01,0.009800739057132468
year2025,v5,carry_mark,2026-05-04,0.0012963966615763378
year2025,v5,carry_mark,2026-05-05,0.0010995571167439432
year2025,v5,carry_mark,2026-05-06,0.016083559422505257
year2025,v5,carry_mark,2026-05-07,0.016356703026161802
year2025,v5,carry_mark,2026-05-08,0.011232562878092734
year2025,v5,carry_mark,2026-05-11,0.002499039904793543
year2025,v5,carry_mark,2026-05-12,-0.005783710582710122
year2025,v5,carry_mark,2026-05-13,0.011626902822270923
year2025,v5,carry_mark,2026-05-14,0.005759527810101428
year2025,v5,carry_mark,2026-05-15,-0.007311635855668175
year2025,v5,carry_mark,2026-05-18,-0.0008629740545387343
year2025,v5,carry_mark,2026-05-19,-0.004623420609736528
year2025,v5,carry_mark,2026-05-20,0.009132087096903607
year2025,v5,carry_mark,2026-05-21,-0.002701293977409891
year2025,v5,carry_mark,2026-05-22,0.003894511390707356
year2025,v5,carry_mark,2026-05-26,0.010913352849066749
year2025,v5,carry_mark,2026-05-27,-0.0019701983300647987
year2025,v5,carry_mark,2026-05-28,0.043919719303088536
year2025,v5,carry_mark,2026-05-29,0.007943739427139418
year2025,v5,carry_mark,2026-06-01,0.014312400605351727
year2025,v5,carry_mark,2026-06-02,-0.011081225886195667
year2025,v5,carry_mark,2026-06-03,-0.015158608015473663
year2025,v5,carry_mark,2026-06-04,0.0005203237571319352
year2025,v5,carry_mark,2026-06-05,-0.03212502138102043
year2025,v5,carry_mark,2026-06-08,0.007131693972933029
year2025,v5,carry_mark,2026-06-09,-0.004847001242489523
year2025,v5,carry_mark,2026-06-10,-0.004067851220674346
year2025,v5,carry_mark,2026-06-11,0.00020425406654052126
year2025,v5,carry_mark,2026-06-12,-0.0031656893505026653
year2025,v5,carry_mark,2026-06-15,0.0034367213858373493
year2025,v5,carry_mark,2026-06-16,-0.0010216759978194934
year2025,v5,carry_mark,2026-06-17,-0.001594496028437986
year2025,v5,carry_mark,2026-06-18,-0.0009508830571814842
year2025,v5,carry_mark,2026-06-22,-0.002453828022294935
year2025,v5,carry_mark,2026-06-23,0.0016858675960797153
year2025,v5,carry_mark,2026-06-24,-0.0019356827581182956
year2025,v5,carry_mark,2026-06-25,0.000491259404887634
year2025,v5,carry_mark,2026-06-26,0.009645031881770395
year2025,v5,carry_mark,2026-06-29,-0.001382705731639955
year2025,v5,carry_mark,2026-06-30,0.002339891814490769
year2025,v5,carry_mark,2026-07-01,0.005647292260248249
year2025,v5,carry_mark,2026-07-02,0.0012178261018067405
year2025,v5,carry_mark,2026-07-06,-0.00021460733777332042
year2025,v5,carry_mark,2026-07-07,0.0007910061420274728
year2025,v5,carry_mark,2026-07-08,-0.001958725070174516
year2025,v5,carry_mark,2026-07-09,0.0026310837645209693
year2025,v5,carry_mark,2026-07-10,-0.0020654869606451798
year2025,v5,carry_mark,2026-07-13,0.004283334220519119
year2025,v5,carry_mark,2026-07-14,0.001163659904791281
year2025,v5,carry_mark,2026-07-15,0.0013047684426035766
year2025,v5,carry_mark,2026-07-16,0.0007021307088800443
year2025,v5,carry_mark,2026-07-17,-0.002229790692674338
year2025,v5,carry_mark,2026-07-20,0.003020974787506581
year2025,v5,carry_mark,2026-07-21,-0.0004970702730712762
year2025,v5,carry_mark,2026-07-22,-0.003513149966285778
year2025,v5,carry_mark,2026-07-23,-0.002715887969955477
year2025,v5,carry_mark,2026-07-24,0.0028784733434240374
year2025,v5,carry_mark,2026-07-27,0.004194022431430922
year2025,v5,carry_mark,2026-07-28,0.0029809515802536545
year2025,v5,carry_mark,2026-07-29,0.005636828472016386
year2025,v5,carry_mark,2026-07-30,0.020254916898038322
year2025,v5,carry_mark,2026-07-31,-0.006461426939668291
year2025,v5,carry_mark,2026-08-03,0.028898996872659045
year2025,v5,carry_mark,2026-08-04,0.02628403750571211
year2025,v5,carry_mark,2026-08-05,-0.006569676005007652
year2025,v5,carry_mark,2026-08-06,-0.002444545040455082
year2025,v5,carry_mark,2026-08-07,0.012785295520698037
year2025,v5,carry_mark,2026-08-10,0.00421746303783076
year2025,v5,carry_mark,2026-08-11,-0.005271158881184202
year2025,v5,carry_mark,2026-08-12,-0.0008809228739185881
year2025,v5,carry_mark,2026-08-13,0.002902293664416189
year2025,v5,carry_mark,2026-08-14,0.01248843679204371
year2025,v5,carry_mark,2026-08-17,-0.0028958297786084164
year2025,v5,carry_mark,2026-08-18,-0.013980503302559389
year2025,v5,carry_mark,2026-08-19,0.007034841814780734
year2025,v5,carry_mark,2026-08-20,-0.003071646970326225
year2025,v5,carry_mark,2026-08-21,0.004542463553132448
year2025,v5,carry_mark,2026-08-24,-0.0006954255409217014
year2025,v5,carry_mark,2026-08-25,0.001577029946714581
year2025,v5,carry_mark,2026-08-26,-0.0019387163847680799
year2025,v5,carry_mark,2026-08-27,0.0037240467672158607
year2025,P-confirm5-v5profit50,reset_liquidate,2025-08-27,0.0
year2025,P-confirm5-v5profit50,reset_liquidate,2025-08-28,0.0
year2025,P-confirm5-v5profit50,reset_liquidate,2025-08-29,0.0
year2025,P-confirm5-v5profit50,reset_liquidate,2025-09-02,0.0
year2025,P-confirm5-v5profit50,reset_liquidate,2025-09-03,0.0
year2025,P-confirm5-v5profit50,reset_liquidate,2025-09-04,0.0
year2025,P-confirm5-v5profit50,reset_liquidate,2025-09-05,0.0
year2025,P-confirm5-v5profit50,reset_liquidate,2025-09-08,-0.0022846206342167718
year2025,P-confirm5-v5profit50,reset_liquidate,2025-09-09,0.000980622761690464
year2025,P-confirm5-v5profit50,reset_liquidate,2025-09-10,0.0003428361161611715
year2025,P-confirm5-v5profit50,reset_liquidate,2025-09-11,0.007724897184100255
year2025,P-confirm5-v5profit50,reset_liquidate,2025-09-12,0.008601265532024494
year2025,P-confirm5-v5profit50,reset_liquidate,2025-09-15,0.006113852105951967
year2025,P-confirm5-v5profit50,reset_liquidate,2025-09-16,-0.00013799185461399466
year2025,P-confirm5-v5profit50,reset_liquidate,2025-09-17,0.0022355978983469305
year2025,P-confirm5-v5profit50,reset_liquidate,2025-09-18,-0.0008798058770330575
year2025,P-confirm5-v5profit50,reset_liquidate,2025-09-19,0.004020230022156146
year2025,P-confirm5-v5profit50,reset_liquidate,2025-09-22,0.008946803972499962
year2025,P-confirm5-v5profit50,reset_liquidate,2025-09-23,-0.012060725451249033
year2025,P-confirm5-v5profit50,reset_liquidate,2025-09-24,-0.0019794695807495597
year2025,P-confirm5-v5profit50,reset_liquidate,2025-09-25,-0.007033742864388792
year2025,P-confirm5-v5profit50,reset_liquidate,2025-09-26,0.0030529509870577233
year2025,P-confirm5-v5profit50,reset_liquidate,2025-09-29,0.0026310729025682544
year2025,P-confirm5-v5profit50,reset_liquidate,2025-09-30,0.0010818835058036824
year2025,P-confirm5-v5profit50,reset_liquidate,2025-10-01,0.014329200441646761
year2025,P-confirm5-v5profit50,reset_liquidate,2025-10-02,-0.003178439423836954
year2025,P-confirm5-v5profit50,reset_liquidate,2025-10-03,-0.005216274614029714
year2025,P-confirm5-v5profit50,reset_liquidate,2025-10-06,0.029055747330960214
year2025,P-confirm5-v5profit50,reset_liquidate,2025-10-07,-0.010444590337116566
year2025,P-confirm5-v5profit50,reset_liquidate,2025-10-08,0.009382822824165448
year2025,P-confirm5-v5profit50,reset_liquidate,2025-10-09,0.0006493843765621899
year2025,P-confirm5-v5profit50,reset_liquidate,2025-10-10,-0.019516953422596815
year2025,P-confirm5-v5profit50,reset_liquidate,2025-10-13,0.009288284513367584
year2025,P-confirm5-v5profit50,reset_liquidate,2025-10-14,-0.0047350284809695945
year2025,P-confirm5-v5profit50,reset_liquidate,2025-10-15,0.015707685670400685
year2025,P-confirm5-v5profit50,reset_liquidate,2025-10-16,-0.005825319932421547
year2025,P-confirm5-v5profit50,reset_liquidate,2025-10-17,0.0027880850356357457
year2025,P-confirm5-v5profit50,reset_liquidate,2025-10-20,0.009703968471154423
year2025,P-confirm5-v5profit50,reset_liquidate,2025-10-21,-0.0027143554436616425
year2025,P-confirm5-v5profit50,reset_liquidate,2025-10-22,-0.016379542434994187
year2025,P-confirm5-v5profit50,reset_liquidate,2025-10-23,0.01375985443843437
year2025,P-confirm5-v5profit50,reset_liquidate,2025-10-24,0.010570865709622767
year2025,P-confirm5-v5profit50,reset_liquidate,2025-10-27,0.023683090233520953
year2025,P-confirm5-v5profit50,reset_liquidate,2025-10-28,0.009561702584553588
year2025,P-confirm5-v5profit50,reset_liquidate,2025-10-29,0.0016007918295074196
year2025,P-confirm5-v5profit50,reset_liquidate,2025-10-30,-0.017654799239811548
year2025,P-confirm5-v5profit50,reset_liquidate,2025-10-31,0.0048442999655862184
year2025,P-confirm5-v5profit50,reset_liquidate,2025-11-03,-0.0011116992267654058
year2025,P-confirm5-v5profit50,reset_liquidate,2025-11-04,-0.022015830813049465
year2025,P-confirm5-v5profit50,reset_liquidate,2025-11-05,0.0028079418058380434
year2025,P-confirm5-v5profit50,reset_liquidate,2025-11-06,-0.014740944141802725
year2025,P-confirm5-v5profit50,reset_liquidate,2025-11-07,-0.004733185323192601
year2025,P-confirm5-v5profit50,reset_liquidate,2025-11-10,0.017849913449876475
year2025,P-confirm5-v5profit50,reset_liquidate,2025-11-11,-0.004514574635536295
year2025,P-confirm5-v5profit50,reset_liquidate,2025-11-12,-0.0014425823659071414
year2025,P-confirm5-v5profit50,reset_liquidate,2025-11-13,-0.022437667427594298
year2025,P-confirm5-v5profit50,reset_liquidate,2025-11-14,-0.0015435922352939446
year2025,P-confirm5-v5profit50,reset_liquidate,2025-11-17,-0.0050131655045041025
year2025,P-confirm5-v5profit50,reset_liquidate,2025-11-18,-0.0069976760750927736
year2025,P-confirm5-v5profit50,reset_liquidate,2025-11-19,-0.0020266672386185514
year2025,P-confirm5-v5profit50,reset_liquidate,2025-11-20,-0.007526880363333354
year2025,P-confirm5-v5profit50,reset_liquidate,2025-11-21,0.006082283836670932
year2025,P-confirm5-v5profit50,reset_liquidate,2025-11-24,0.009681774232024787
year2025,P-confirm5-v5profit50,reset_liquidate,2025-11-25,0.0036415730758484256
year2025,P-confirm5-v5profit50,reset_liquidate,2025-11-26,0.013545007558136191
year2025,P-confirm5-v5profit50,reset_liquidate,2025-11-28,0.008610557713889699
year2025,P-confirm5-v5profit50,reset_liquidate,2025-12-01,-0.0079389201723569
year2025,P-confirm5-v5profit50,reset_liquidate,2025-12-02,-0.0023362617335658253
year2025,P-confirm5-v5profit50,reset_liquidate,2025-12-03,0.0032330463950908774
year2025,P-confirm5-v5profit50,reset_liquidate,2025-12-04,0.0035313292470676274
year2025,P-confirm5-v5profit50,reset_liquidate,2025-12-05,0.010003913590513914
year2025,P-confirm5-v5profit50,reset_liquidate,2025-12-08,0.005675739374225386
year2025,P-confirm5-v5profit50,reset_liquidate,2025-12-09,0.010088881251829895
year2025,P-confirm5-v5profit50,reset_liquidate,2025-12-10,0.017938995850655948
year2025,P-confirm5-v5profit50,reset_liquidate,2025-12-11,0.0058975830356897685
year2025,P-confirm5-v5profit50,reset_liquidate,2025-12-12,-0.01230281346904517
year2025,P-confirm5-v5profit50,reset_liquidate,2025-12-15,0.006509411661797327
year2025,P-confirm5-v5profit50,reset_liquidate,2025-12-16,-0.00010026967436164159
year2025,P-confirm5-v5profit50,reset_liquidate,2025-12-17,0.002074275181979823
year2025,P-confirm5-v5profit50,reset_liquidate,2025-12-18,0.0014421518543323187
year2025,P-confirm5-v5profit50,reset_liquidate,2025-12-19,0.009208395489068221
year2025,P-confirm5-v5profit50,reset_liquidate,2025-12-22,0.0032544447149343235
year2025,P-confirm5-v5profit50,reset_liquidate,2025-12-23,-0.007478511450540226
year2025,P-confirm5-v5profit50,reset_liquidate,2025-12-24,0.00142458678052082
year2025,P-confirm5-v5profit50,reset_liquidate,2025-12-26,-0.004732822097894806
year2025,P-confirm5-v5profit50,reset_liquidate,2025-12-29,0.0016902735929689606
year2025,P-confirm5-v5profit50,reset_liquidate,2025-12-30,-0.0010834891500641319
year2025,P-confirm5-v5profit50,reset_liquidate,2025-12-31,-0.0035768219811664224
year2025,P-confirm5-v5profit50,reset_liquidate,2026-01-02,0.012045083469678097
year2025,P-confirm5-v5profit50,reset_liquidate,2026-01-05,0.0005867535040535721
year2025,P-confirm5-v5profit50,reset_liquidate,2026-01-06,0.00010416507720947265
year2025,P-confirm5-v5profit50,reset_liquidate,2026-01-07,-0.005349878203123615
year2025,P-confirm5-v5profit50,reset_liquidate,2026-01-08,-0.0032380180795126613
year2025,P-confirm5-v5profit50,reset_liquidate,2026-01-09,-0.002621349914942028
year2025,P-confirm5-v5profit50,reset_liquidate,2026-01-12,0.010431824538936364
year2025,P-confirm5-v5profit50,reset_liquidate,2026-01-13,-0.007804253293355934
year2025,P-confirm5-v5profit50,reset_liquidate,2026-01-14,-0.00124351238662066
year2025,P-confirm5-v5profit50,reset_liquidate,2026-01-15,-0.002427319273307982
year2025,P-confirm5-v5profit50,reset_liquidate,2026-01-16,0.0020624976491690483
year2025,P-confirm5-v5profit50,reset_liquidate,2026-01-20,-0.0022515044281318786
year2025,P-confirm5-v5profit50,reset_liquidate,2026-01-21,0.016680655468203343
year2025,P-confirm5-v5profit50,reset_liquidate,2026-01-22,0.006570829463740735
year2025,P-confirm5-v5profit50,reset_liquidate,2026-01-23,-0.013449468453135004
year2025,P-confirm5-v5profit50,reset_liquidate,2026-01-26,-0.0011784532744062103
year2025,P-confirm5-v5profit50,reset_liquidate,2026-01-27,-0.0007183135467203949
year2025,P-confirm5-v5profit50,reset_liquidate,2026-01-28,0.005475852156658412
year2025,P-confirm5-v5profit50,reset_liquidate,2026-01-29,-0.00555115048647784
year2025,P-confirm5-v5profit50,reset_liquidate,2026-01-30,-0.011855755678482283
year2025,P-confirm5-v5profit50,reset_liquidate,2026-02-02,-0.0046692486189316654
year2025,P-confirm5-v5profit50,reset_liquidate,2026-02-03,-0.012408301079760653
year2025,P-confirm5-v5profit50,reset_liquidate,2026-02-04,-0.004827999638491542
year2025,P-confirm5-v5profit50,reset_liquidate,2026-02-05,-0.0006263510769604852
year2025,P-confirm5-v5profit50,reset_liquidate,2026-02-06,0.007733330004143002
year2025,P-confirm5-v5profit50,reset_liquidate,2026-02-09,0.0013051346736678404
year2025,P-confirm5-v5profit50,reset_liquidate,2026-02-10,0.0009773403425923587
year2025,P-confirm5-v5profit50,reset_liquidate,2026-02-11,-0.00043994889346086195
year2025,P-confirm5-v5profit50,reset_liquidate,2026-02-12,-0.009424277740171405
year2025,P-confirm5-v5profit50,reset_liquidate,2026-02-13,-0.0023623851103750535
year2025,P-confirm5-v5profit50,reset_liquidate,2026-02-17,-0.0002300624713210908
year2025,P-confirm5-v5profit50,reset_liquidate,2026-02-18,0.0016214555970227584
year2025,P-confirm5-v5profit50,reset_liquidate,2026-02-19,-0.0008915703697537913
year2025,P-confirm5-v5profit50,reset_liquidate,2026-02-20,0.0027452551227472367
year2025,P-confirm5-v5profit50,reset_liquidate,2026-02-23,-0.0029817790851201175
year2025,P-confirm5-v5profit50,reset_liquidate,2026-02-24,0.0004137556988980662
year2025,P-confirm5-v5profit50,reset_liquidate,2026-02-25,0.004149782527667822
year2025,P-confirm5-v5profit50,reset_liquidate,2026-02-26,-0.011060677090940375
year2025,P-confirm5-v5profit50,reset_liquidate,2026-02-27,0.012416437483114828
year2025,P-confirm5-v5profit50,reset_liquidate,2026-03-02,0.0008711508269266255
year2025,P-confirm5-v5profit50,reset_liquidate,2026-03-03,-0.010442591796562706
year2025,P-confirm5-v5profit50,reset_liquidate,2026-03-04,0.02190947388186224
year2025,P-confirm5-v5profit50,reset_liquidate,2026-03-05,-0.0009858764388542718
year2025,P-confirm5-v5profit50,reset_liquidate,2026-03-06,-0.0030521427205326248
year2025,P-confirm5-v5profit50,reset_liquidate,2026-03-09,0.00722321316522222
year2025,P-confirm5-v5profit50,reset_liquidate,2026-03-10,-0.006739471154318222
year2025,P-confirm5-v5profit50,reset_liquidate,2026-03-11,0.004179308501251322
year2025,P-confirm5-v5profit50,reset_liquidate,2026-03-12,-0.010741608932205415
year2025,P-confirm5-v5profit50,reset_liquidate,2026-03-13,-0.001081683676023526
year2025,P-confirm5-v5profit50,reset_liquidate,2026-03-16,0.0011267062724810261
year2025,P-confirm5-v5profit50,reset_liquidate,2026-03-17,0.0030874137288669167
year2025,P-confirm5-v5profit50,reset_liquidate,2026-03-18,-0.0059142097201754455
year2025,P-confirm5-v5profit50,reset_liquidate,2026-03-19,-0.0053012928179202
year2025,P-confirm5-v5profit50,reset_liquidate,2026-03-20,-0.010767707989605324
year2025,P-confirm5-v5profit50,reset_liquidate,2026-03-23,0.009232363590024306
year2025,P-confirm5-v5profit50,reset_liquidate,2026-03-24,-0.013291230181541224
year2025,P-confirm5-v5profit50,reset_liquidate,2026-03-25,0.005766270336625601
year2025,P-confirm5-v5profit50,reset_liquidate,2026-03-26,-0.019678827911155116
year2025,P-confirm5-v5profit50,reset_liquidate,2026-03-27,-0.007081589742820582
year2025,P-confirm5-v5profit50,reset_liquidate,2026-03-30,-0.0020394048512081485
year2025,P-confirm5-v5profit50,reset_liquidate,2026-03-31,0.011342388408399628
year2025,P-confirm5-v5profit50,reset_liquidate,2026-04-01,0.006877561591579817
year2025,P-confirm5-v5profit50,reset_liquidate,2026-04-02,-0.0035408151055096202
year2025,P-confirm5-v5profit50,reset_liquidate,2026-04-06,-0.002080956250285715
year2025,P-confirm5-v5profit50,reset_liquidate,2026-04-07,-0.00013028691416213655
year2025,P-confirm5-v5profit50,reset_liquidate,2026-04-08,0.002570871174947553
year2025,P-confirm5-v5profit50,reset_liquidate,2026-04-09,-0.007093577086290437
year2025,P-confirm5-v5profit50,reset_liquidate,2026-04-10,0.003693847741262757
year2025,P-confirm5-v5profit50,reset_liquidate,2026-04-13,0.005813771134896628
year2025,P-confirm5-v5profit50,reset_liquidate,2026-04-14,0.018500537284614836
year2025,P-confirm5-v5profit50,reset_liquidate,2026-04-15,0.02549367854696034
year2025,P-confirm5-v5profit50,reset_liquidate,2026-04-16,0.0016646139452313302
year2025,P-confirm5-v5profit50,reset_liquidate,2026-04-17,0.0013835845697889315
year2025,P-confirm5-v5profit50,reset_liquidate,2026-04-20,-0.0008598431817615993
year2025,P-confirm5-v5profit50,reset_liquidate,2026-04-21,-0.0035965086138252667
year2025,P-confirm5-v5profit50,reset_liquidate,2026-04-22,0.013804988257668937
year2025,P-confirm5-v5profit50,reset_liquidate,2026-04-23,-0.016602486687652296
year2025,P-confirm5-v5profit50,reset_liquidate,2026-04-24,0.010259506655941886
year2025,P-confirm5-v5profit50,reset_liquidate,2026-04-27,0.009334695336157717
year2025,P-confirm5-v5profit50,reset_liquidate,2026-04-28,-0.005609762039583211
year2025,P-confirm5-v5profit50,reset_liquidate,2026-04-29,-0.0028614296136693753
year2025,P-confirm5-v5profit50,reset_liquidate,2026-04-30,0.0031267896219765445
year2025,P-confirm5-v5profit50,reset_liquidate,2026-05-01,0.009800739057132468
year2025,P-confirm5-v5profit50,reset_liquidate,2026-05-04,0.00129639666157636
year2025,P-confirm5-v5profit50,reset_liquidate,2026-05-05,0.0010995571167439655
year2025,P-confirm5-v5profit50,reset_liquidate,2026-05-06,0.016083559422505268
year2025,P-confirm5-v5profit50,reset_liquidate,2026-05-07,0.016356703026161802
year2025,P-confirm5-v5profit50,reset_liquidate,2026-05-08,0.0112325628780927
year2025,P-confirm5-v5profit50,reset_liquidate,2026-05-11,0.0024990399047935207
year2025,P-confirm5-v5profit50,reset_liquidate,2026-05-12,-0.005783710582710133
year2025,P-confirm5-v5profit50,reset_liquidate,2026-05-13,0.011626902822270913
year2025,P-confirm5-v5profit50,reset_liquidate,2026-05-14,-0.0002546912823539582
year2025,P-confirm5-v5profit50,reset_liquidate,2026-05-15,-0.013457559554679787
year2025,P-confirm5-v5profit50,reset_liquidate,2026-05-18,-0.0008629740545386788
year2025,P-confirm5-v5profit50,reset_liquidate,2026-05-19,-0.004623420609736528
year2025,P-confirm5-v5profit50,reset_liquidate,2026-05-20,0.009132087096903597
year2025,P-confirm5-v5profit50,reset_liquidate,2026-05-21,-0.002701293977409913
year2025,P-confirm5-v5profit50,reset_liquidate,2026-05-22,0.0038945113907073448
year2025,P-confirm5-v5profit50,reset_liquidate,2026-05-26,0.010913352849066759
year2025,P-confirm5-v5profit50,reset_liquidate,2026-05-27,-0.0019701983300648095
year2025,P-confirm5-v5profit50,reset_liquidate,2026-05-28,0.04391971930308858
year2025,P-confirm5-v5profit50,reset_liquidate,2026-05-29,0.007943739427139418
year2025,P-confirm5-v5profit50,reset_liquidate,2026-06-01,0.014312400605351706
year2025,P-confirm5-v5profit50,reset_liquidate,2026-06-02,-0.011081225886195612
year2025,P-confirm5-v5profit50,reset_liquidate,2026-06-03,-0.015158608015473696
year2025,P-confirm5-v5profit50,reset_liquidate,2026-06-04,0.0005203237571319907
year2025,P-confirm5-v5profit50,reset_liquidate,2026-06-05,-0.032125021381020434
year2025,P-confirm5-v5profit50,reset_liquidate,2026-06-08,0.0077800670855042164
year2025,P-confirm5-v5profit50,reset_liquidate,2026-06-09,-0.005695053263960992
year2025,P-confirm5-v5profit50,reset_liquidate,2026-06-10,-0.004067851220674312
year2025,P-confirm5-v5profit50,reset_liquidate,2026-06-11,0.00020425406654052126
year2025,P-confirm5-v5profit50,reset_liquidate,2026-06-12,-0.0031656893505026874
year2025,P-confirm5-v5profit50,reset_liquidate,2026-06-15,0.0034367213858373493
year2025,P-confirm5-v5profit50,reset_liquidate,2026-06-16,-0.0010216759978194934
year2025,P-confirm5-v5profit50,reset_liquidate,2026-06-17,-0.001594496028437986
year2025,P-confirm5-v5profit50,reset_liquidate,2026-06-18,-0.0009508830571814842
year2025,P-confirm5-v5profit50,reset_liquidate,2026-06-22,-0.002453828022294935
year2025,P-confirm5-v5profit50,reset_liquidate,2026-06-23,0.0016858675960796932
year2025,P-confirm5-v5profit50,reset_liquidate,2026-06-24,-0.0019356827581182845
year2025,P-confirm5-v5profit50,reset_liquidate,2026-06-25,0.0004912594048876561
year2025,P-confirm5-v5profit50,reset_liquidate,2026-06-26,0.009645031881770372
year2025,P-confirm5-v5profit50,reset_liquidate,2026-06-29,-0.001382705731639977
year2025,P-confirm5-v5profit50,reset_liquidate,2026-06-30,0.002339891814490791
year2025,P-confirm5-v5profit50,reset_liquidate,2026-07-01,0.005647292260248249
year2025,P-confirm5-v5profit50,reset_liquidate,2026-07-02,0.0012178261018067405
year2025,P-confirm5-v5profit50,reset_liquidate,2026-07-06,-0.00021460733777332042
year2025,P-confirm5-v5profit50,reset_liquidate,2026-07-07,0.0007910061420274506
year2025,P-confirm5-v5profit50,reset_liquidate,2026-07-08,-0.001958725070174483
year2025,P-confirm5-v5profit50,reset_liquidate,2026-07-09,0.002631083764520947
year2025,P-confirm5-v5profit50,reset_liquidate,2026-07-10,-0.0020654869606451685
year2025,P-confirm5-v5profit50,reset_liquidate,2026-07-13,0.004283334220519119
year2025,P-confirm5-v5profit50,reset_liquidate,2026-07-14,0.001163659904791281
year2025,P-confirm5-v5profit50,reset_liquidate,2026-07-15,0.0013047684426035987
year2025,P-confirm5-v5profit50,reset_liquidate,2026-07-16,0.0007021307088800555
year2025,P-confirm5-v5profit50,reset_liquidate,2026-07-17,-0.002229790692674338
year2025,P-confirm5-v5profit50,reset_liquidate,2026-07-20,0.003020974787506625
year2025,P-confirm5-v5profit50,reset_liquidate,2026-07-21,-0.0004970702730712984
year2025,P-confirm5-v5profit50,reset_liquidate,2026-07-22,-0.003513149966285789
year2025,P-confirm5-v5profit50,reset_liquidate,2026-07-23,-0.002715887969955466
year2025,P-confirm5-v5profit50,reset_liquidate,2026-07-24,0.0028784733434240374
year2025,P-confirm5-v5profit50,reset_liquidate,2026-07-27,0.004194022431430922
year2025,P-confirm5-v5profit50,reset_liquidate,2026-07-28,0.0029809515802536437
year2025,P-confirm5-v5profit50,reset_liquidate,2026-07-29,0.005636828472016364
year2025,P-confirm5-v5profit50,reset_liquidate,2026-07-30,0.020254916898038332
year2025,P-confirm5-v5profit50,reset_liquidate,2026-07-31,-0.0064614269396683025
year2025,P-confirm5-v5profit50,reset_liquidate,2026-08-03,0.028898996872659045
year2025,P-confirm5-v5profit50,reset_liquidate,2026-08-04,0.02628403750571211
year2025,P-confirm5-v5profit50,reset_liquidate,2026-08-05,-0.006569676005007663
year2025,P-confirm5-v5profit50,reset_liquidate,2026-08-06,-0.0024445450404550705
year2025,P-confirm5-v5profit50,reset_liquidate,2026-08-07,0.012785295520698048
year2025,P-confirm5-v5profit50,reset_liquidate,2026-08-10,0.00421746303783076
year2025,P-confirm5-v5profit50,reset_liquidate,2026-08-11,-0.005271158881184179
year2025,P-confirm5-v5profit50,reset_liquidate,2026-08-12,-0.0008809228739186103
year2025,P-confirm5-v5profit50,reset_liquidate,2026-08-13,0.0029022936644162002
year2025,P-confirm5-v5profit50,reset_liquidate,2026-08-14,0.01248843679204371
year2025,P-confirm5-v5profit50,reset_liquidate,2026-08-17,-0.0028958297786084164
year2025,P-confirm5-v5profit50,reset_liquidate,2026-08-18,-0.013980503302559422
year2025,P-confirm5-v5profit50,reset_liquidate,2026-08-19,0.0070348418147807455
year2025,P-confirm5-v5profit50,reset_liquidate,2026-08-20,-0.003071646970326236
year2025,P-confirm5-v5profit50,reset_liquidate,2026-08-21,0.004542463553132458
year2025,P-confirm5-v5profit50,reset_liquidate,2026-08-24,-0.0006954255409217014
year2025,P-confirm5-v5profit50,reset_liquidate,2026-08-25,0.0015770299467145921
year2025,P-confirm5-v5profit50,reset_liquidate,2026-08-26,-0.0019387163847680688
year2025,P-confirm5-v5profit50,reset_liquidate,2026-08-27,0.0033203227204486874
year2025,P-confirm5-v5profit50,reset_mark,2025-08-27,0.0
year2025,P-confirm5-v5profit50,reset_mark,2025-08-28,0.0
year2025,P-confirm5-v5profit50,reset_mark,2025-08-29,0.0
year2025,P-confirm5-v5profit50,reset_mark,2025-09-02,0.0
year2025,P-confirm5-v5profit50,reset_mark,2025-09-03,0.0
year2025,P-confirm5-v5profit50,reset_mark,2025-09-04,0.0
year2025,P-confirm5-v5profit50,reset_mark,2025-09-05,0.0
year2025,P-confirm5-v5profit50,reset_mark,2025-09-08,-0.0022846206342167718
year2025,P-confirm5-v5profit50,reset_mark,2025-09-09,0.000980622761690464
year2025,P-confirm5-v5profit50,reset_mark,2025-09-10,0.0003428361161611715
year2025,P-confirm5-v5profit50,reset_mark,2025-09-11,0.007724897184100255
year2025,P-confirm5-v5profit50,reset_mark,2025-09-12,0.008601265532024494
year2025,P-confirm5-v5profit50,reset_mark,2025-09-15,0.006113852105951967
year2025,P-confirm5-v5profit50,reset_mark,2025-09-16,-0.00013799185461399466
year2025,P-confirm5-v5profit50,reset_mark,2025-09-17,0.0022355978983469305
year2025,P-confirm5-v5profit50,reset_mark,2025-09-18,-0.0008798058770330575
year2025,P-confirm5-v5profit50,reset_mark,2025-09-19,0.004020230022156146
year2025,P-confirm5-v5profit50,reset_mark,2025-09-22,0.008946803972499962
year2025,P-confirm5-v5profit50,reset_mark,2025-09-23,-0.012060725451249033
year2025,P-confirm5-v5profit50,reset_mark,2025-09-24,-0.0019794695807495597
year2025,P-confirm5-v5profit50,reset_mark,2025-09-25,-0.007033742864388792
year2025,P-confirm5-v5profit50,reset_mark,2025-09-26,0.0030529509870577233
year2025,P-confirm5-v5profit50,reset_mark,2025-09-29,0.0026310729025682544
year2025,P-confirm5-v5profit50,reset_mark,2025-09-30,0.0010818835058036824
year2025,P-confirm5-v5profit50,reset_mark,2025-10-01,0.014329200441646761
year2025,P-confirm5-v5profit50,reset_mark,2025-10-02,-0.003178439423836954
year2025,P-confirm5-v5profit50,reset_mark,2025-10-03,-0.005216274614029714
year2025,P-confirm5-v5profit50,reset_mark,2025-10-06,0.029055747330960214
year2025,P-confirm5-v5profit50,reset_mark,2025-10-07,-0.010444590337116566
year2025,P-confirm5-v5profit50,reset_mark,2025-10-08,0.009382822824165448
year2025,P-confirm5-v5profit50,reset_mark,2025-10-09,0.0006493843765621899
year2025,P-confirm5-v5profit50,reset_mark,2025-10-10,-0.019516953422596815
year2025,P-confirm5-v5profit50,reset_mark,2025-10-13,0.009288284513367584
year2025,P-confirm5-v5profit50,reset_mark,2025-10-14,-0.0047350284809695945
year2025,P-confirm5-v5profit50,reset_mark,2025-10-15,0.015707685670400685
year2025,P-confirm5-v5profit50,reset_mark,2025-10-16,-0.005825319932421547
year2025,P-confirm5-v5profit50,reset_mark,2025-10-17,0.0027880850356357457
year2025,P-confirm5-v5profit50,reset_mark,2025-10-20,0.009703968471154423
year2025,P-confirm5-v5profit50,reset_mark,2025-10-21,-0.0027143554436616425
year2025,P-confirm5-v5profit50,reset_mark,2025-10-22,-0.016379542434994187
year2025,P-confirm5-v5profit50,reset_mark,2025-10-23,0.01375985443843437
year2025,P-confirm5-v5profit50,reset_mark,2025-10-24,0.010570865709622767
year2025,P-confirm5-v5profit50,reset_mark,2025-10-27,0.023683090233520953
year2025,P-confirm5-v5profit50,reset_mark,2025-10-28,0.009561702584553588
year2025,P-confirm5-v5profit50,reset_mark,2025-10-29,0.0016007918295074196
year2025,P-confirm5-v5profit50,reset_mark,2025-10-30,-0.017654799239811548
year2025,P-confirm5-v5profit50,reset_mark,2025-10-31,0.0048442999655862184
year2025,P-confirm5-v5profit50,reset_mark,2025-11-03,-0.0011116992267654058
year2025,P-confirm5-v5profit50,reset_mark,2025-11-04,-0.022015830813049465
year2025,P-confirm5-v5profit50,reset_mark,2025-11-05,0.0028079418058380434
year2025,P-confirm5-v5profit50,reset_mark,2025-11-06,-0.014740944141802725
year2025,P-confirm5-v5profit50,reset_mark,2025-11-07,-0.004733185323192601
year2025,P-confirm5-v5profit50,reset_mark,2025-11-10,0.017849913449876475
year2025,P-confirm5-v5profit50,reset_mark,2025-11-11,-0.004514574635536295
year2025,P-confirm5-v5profit50,reset_mark,2025-11-12,-0.0014425823659071414
year2025,P-confirm5-v5profit50,reset_mark,2025-11-13,-0.022437667427594298
year2025,P-confirm5-v5profit50,reset_mark,2025-11-14,-0.0015435922352939446
year2025,P-confirm5-v5profit50,reset_mark,2025-11-17,-0.0050131655045041025
year2025,P-confirm5-v5profit50,reset_mark,2025-11-18,-0.0069976760750927736
year2025,P-confirm5-v5profit50,reset_mark,2025-11-19,-0.0020266672386185514
year2025,P-confirm5-v5profit50,reset_mark,2025-11-20,-0.007526880363333354
year2025,P-confirm5-v5profit50,reset_mark,2025-11-21,0.006082283836670932
year2025,P-confirm5-v5profit50,reset_mark,2025-11-24,0.009681774232024787
year2025,P-confirm5-v5profit50,reset_mark,2025-11-25,0.0036415730758484256
year2025,P-confirm5-v5profit50,reset_mark,2025-11-26,0.013545007558136191
year2025,P-confirm5-v5profit50,reset_mark,2025-11-28,0.008610557713889699
year2025,P-confirm5-v5profit50,reset_mark,2025-12-01,-0.0079389201723569
year2025,P-confirm5-v5profit50,reset_mark,2025-12-02,-0.0023362617335658253
year2025,P-confirm5-v5profit50,reset_mark,2025-12-03,0.0032330463950908774
year2025,P-confirm5-v5profit50,reset_mark,2025-12-04,0.0035313292470676274
year2025,P-confirm5-v5profit50,reset_mark,2025-12-05,0.010003913590513914
year2025,P-confirm5-v5profit50,reset_mark,2025-12-08,0.005675739374225386
year2025,P-confirm5-v5profit50,reset_mark,2025-12-09,0.010088881251829895
year2025,P-confirm5-v5profit50,reset_mark,2025-12-10,0.017938995850655948
year2025,P-confirm5-v5profit50,reset_mark,2025-12-11,0.0058975830356897685
year2025,P-confirm5-v5profit50,reset_mark,2025-12-12,-0.01230281346904517
year2025,P-confirm5-v5profit50,reset_mark,2025-12-15,0.006509411661797327
year2025,P-confirm5-v5profit50,reset_mark,2025-12-16,-0.00010026967436164159
year2025,P-confirm5-v5profit50,reset_mark,2025-12-17,0.002074275181979823
year2025,P-confirm5-v5profit50,reset_mark,2025-12-18,0.0014421518543323187
year2025,P-confirm5-v5profit50,reset_mark,2025-12-19,0.009208395489068221
year2025,P-confirm5-v5profit50,reset_mark,2025-12-22,0.0032544447149343235
year2025,P-confirm5-v5profit50,reset_mark,2025-12-23,-0.007478511450540226
year2025,P-confirm5-v5profit50,reset_mark,2025-12-24,0.00142458678052082
year2025,P-confirm5-v5profit50,reset_mark,2025-12-26,-0.004732822097894806
year2025,P-confirm5-v5profit50,reset_mark,2025-12-29,0.0016902735929689606
year2025,P-confirm5-v5profit50,reset_mark,2025-12-30,-0.0010834891500641319
year2025,P-confirm5-v5profit50,reset_mark,2025-12-31,-0.0035768219811664224
year2025,P-confirm5-v5profit50,reset_mark,2026-01-02,0.012045083469678097
year2025,P-confirm5-v5profit50,reset_mark,2026-01-05,0.0005867535040535721
year2025,P-confirm5-v5profit50,reset_mark,2026-01-06,0.00010416507720947265
year2025,P-confirm5-v5profit50,reset_mark,2026-01-07,-0.005349878203123615
year2025,P-confirm5-v5profit50,reset_mark,2026-01-08,-0.0032380180795126613
year2025,P-confirm5-v5profit50,reset_mark,2026-01-09,-0.002621349914942028
year2025,P-confirm5-v5profit50,reset_mark,2026-01-12,0.010431824538936364
year2025,P-confirm5-v5profit50,reset_mark,2026-01-13,-0.007804253293355934
year2025,P-confirm5-v5profit50,reset_mark,2026-01-14,-0.00124351238662066
year2025,P-confirm5-v5profit50,reset_mark,2026-01-15,-0.002427319273307982
year2025,P-confirm5-v5profit50,reset_mark,2026-01-16,0.0020624976491690483
year2025,P-confirm5-v5profit50,reset_mark,2026-01-20,-0.0022515044281318786
year2025,P-confirm5-v5profit50,reset_mark,2026-01-21,0.016680655468203343
year2025,P-confirm5-v5profit50,reset_mark,2026-01-22,0.006570829463740735
year2025,P-confirm5-v5profit50,reset_mark,2026-01-23,-0.013449468453135004
year2025,P-confirm5-v5profit50,reset_mark,2026-01-26,-0.0011784532744062103
year2025,P-confirm5-v5profit50,reset_mark,2026-01-27,-0.0007183135467203949
year2025,P-confirm5-v5profit50,reset_mark,2026-01-28,0.005475852156658412
year2025,P-confirm5-v5profit50,reset_mark,2026-01-29,-0.00555115048647784
year2025,P-confirm5-v5profit50,reset_mark,2026-01-30,-0.011855755678482283
year2025,P-confirm5-v5profit50,reset_mark,2026-02-02,-0.0046692486189316654
year2025,P-confirm5-v5profit50,reset_mark,2026-02-03,-0.012408301079760653
year2025,P-confirm5-v5profit50,reset_mark,2026-02-04,-0.004827999638491542
year2025,P-confirm5-v5profit50,reset_mark,2026-02-05,-0.0006263510769604852
year2025,P-confirm5-v5profit50,reset_mark,2026-02-06,0.007733330004143002
year2025,P-confirm5-v5profit50,reset_mark,2026-02-09,0.0013051346736678404
year2025,P-confirm5-v5profit50,reset_mark,2026-02-10,0.0009773403425923587
year2025,P-confirm5-v5profit50,reset_mark,2026-02-11,-0.00043994889346086195
year2025,P-confirm5-v5profit50,reset_mark,2026-02-12,-0.009424277740171405
year2025,P-confirm5-v5profit50,reset_mark,2026-02-13,-0.0023623851103750535
year2025,P-confirm5-v5profit50,reset_mark,2026-02-17,-0.0002300624713210908
year2025,P-confirm5-v5profit50,reset_mark,2026-02-18,0.0016214555970227584
year2025,P-confirm5-v5profit50,reset_mark,2026-02-19,-0.0008915703697537913
year2025,P-confirm5-v5profit50,reset_mark,2026-02-20,0.0027452551227472367
year2025,P-confirm5-v5profit50,reset_mark,2026-02-23,-0.0029817790851201175
year2025,P-confirm5-v5profit50,reset_mark,2026-02-24,0.0004137556988980662
year2025,P-confirm5-v5profit50,reset_mark,2026-02-25,0.004149782527667822
year2025,P-confirm5-v5profit50,reset_mark,2026-02-26,-0.011060677090940375
year2025,P-confirm5-v5profit50,reset_mark,2026-02-27,0.012416437483114828
year2025,P-confirm5-v5profit50,reset_mark,2026-03-02,0.0008711508269266255
year2025,P-confirm5-v5profit50,reset_mark,2026-03-03,-0.010442591796562706
year2025,P-confirm5-v5profit50,reset_mark,2026-03-04,0.02190947388186224
year2025,P-confirm5-v5profit50,reset_mark,2026-03-05,-0.0009858764388542718
year2025,P-confirm5-v5profit50,reset_mark,2026-03-06,-0.0030521427205326248
year2025,P-confirm5-v5profit50,reset_mark,2026-03-09,0.00722321316522222
year2025,P-confirm5-v5profit50,reset_mark,2026-03-10,-0.006739471154318222
year2025,P-confirm5-v5profit50,reset_mark,2026-03-11,0.004179308501251322
year2025,P-confirm5-v5profit50,reset_mark,2026-03-12,-0.010741608932205415
year2025,P-confirm5-v5profit50,reset_mark,2026-03-13,-0.001081683676023526
year2025,P-confirm5-v5profit50,reset_mark,2026-03-16,0.0011267062724810261
year2025,P-confirm5-v5profit50,reset_mark,2026-03-17,0.0030874137288669167
year2025,P-confirm5-v5profit50,reset_mark,2026-03-18,-0.0059142097201754455
year2025,P-confirm5-v5profit50,reset_mark,2026-03-19,-0.0053012928179202
year2025,P-confirm5-v5profit50,reset_mark,2026-03-20,-0.010767707989605324
year2025,P-confirm5-v5profit50,reset_mark,2026-03-23,0.009232363590024306
year2025,P-confirm5-v5profit50,reset_mark,2026-03-24,-0.013291230181541224
year2025,P-confirm5-v5profit50,reset_mark,2026-03-25,0.005766270336625601
year2025,P-confirm5-v5profit50,reset_mark,2026-03-26,-0.019678827911155116
year2025,P-confirm5-v5profit50,reset_mark,2026-03-27,-0.007081589742820582
year2025,P-confirm5-v5profit50,reset_mark,2026-03-30,-0.0020394048512081485
year2025,P-confirm5-v5profit50,reset_mark,2026-03-31,0.011342388408399628
year2025,P-confirm5-v5profit50,reset_mark,2026-04-01,0.006877561591579817
year2025,P-confirm5-v5profit50,reset_mark,2026-04-02,-0.0035408151055096202
year2025,P-confirm5-v5profit50,reset_mark,2026-04-06,-0.002080956250285715
year2025,P-confirm5-v5profit50,reset_mark,2026-04-07,-0.00013028691416213655
year2025,P-confirm5-v5profit50,reset_mark,2026-04-08,0.002570871174947553
year2025,P-confirm5-v5profit50,reset_mark,2026-04-09,-0.007093577086290437
year2025,P-confirm5-v5profit50,reset_mark,2026-04-10,0.003693847741262757
year2025,P-confirm5-v5profit50,reset_mark,2026-04-13,0.005813771134896628
year2025,P-confirm5-v5profit50,reset_mark,2026-04-14,0.018500537284614836
year2025,P-confirm5-v5profit50,reset_mark,2026-04-15,0.02549367854696034
year2025,P-confirm5-v5profit50,reset_mark,2026-04-16,0.0016646139452313302
year2025,P-confirm5-v5profit50,reset_mark,2026-04-17,0.0013835845697889315
year2025,P-confirm5-v5profit50,reset_mark,2026-04-20,-0.0008598431817615993
year2025,P-confirm5-v5profit50,reset_mark,2026-04-21,-0.0035965086138252667
year2025,P-confirm5-v5profit50,reset_mark,2026-04-22,0.013804988257668937
year2025,P-confirm5-v5profit50,reset_mark,2026-04-23,-0.016602486687652296
year2025,P-confirm5-v5profit50,reset_mark,2026-04-24,0.010259506655941886
year2025,P-confirm5-v5profit50,reset_mark,2026-04-27,0.009334695336157717
year2025,P-confirm5-v5profit50,reset_mark,2026-04-28,-0.005609762039583211
year2025,P-confirm5-v5profit50,reset_mark,2026-04-29,-0.0028614296136693753
year2025,P-confirm5-v5profit50,reset_mark,2026-04-30,0.0031267896219765445
year2025,P-confirm5-v5profit50,reset_mark,2026-05-01,0.009800739057132468
year2025,P-confirm5-v5profit50,reset_mark,2026-05-04,0.00129639666157636
year2025,P-confirm5-v5profit50,reset_mark,2026-05-05,0.0010995571167439655
year2025,P-confirm5-v5profit50,reset_mark,2026-05-06,0.016083559422505268
year2025,P-confirm5-v5profit50,reset_mark,2026-05-07,0.016356703026161802
year2025,P-confirm5-v5profit50,reset_mark,2026-05-08,0.0112325628780927
year2025,P-confirm5-v5profit50,reset_mark,2026-05-11,0.0024990399047935207
year2025,P-confirm5-v5profit50,reset_mark,2026-05-12,-0.005783710582710133
year2025,P-confirm5-v5profit50,reset_mark,2026-05-13,0.011626902822270913
year2025,P-confirm5-v5profit50,reset_mark,2026-05-14,-0.0002546912823539582
year2025,P-confirm5-v5profit50,reset_mark,2026-05-15,-0.013457559554679787
year2025,P-confirm5-v5profit50,reset_mark,2026-05-18,-0.0008629740545386788
year2025,P-confirm5-v5profit50,reset_mark,2026-05-19,-0.004623420609736528
year2025,P-confirm5-v5profit50,reset_mark,2026-05-20,0.009132087096903597
year2025,P-confirm5-v5profit50,reset_mark,2026-05-21,-0.002701293977409913
year2025,P-confirm5-v5profit50,reset_mark,2026-05-22,0.0038945113907073448
year2025,P-confirm5-v5profit50,reset_mark,2026-05-26,0.010913352849066759
year2025,P-confirm5-v5profit50,reset_mark,2026-05-27,-0.0019701983300648095
year2025,P-confirm5-v5profit50,reset_mark,2026-05-28,0.04391971930308858
year2025,P-confirm5-v5profit50,reset_mark,2026-05-29,0.007943739427139418
year2025,P-confirm5-v5profit50,reset_mark,2026-06-01,0.014312400605351706
year2025,P-confirm5-v5profit50,reset_mark,2026-06-02,-0.011081225886195612
year2025,P-confirm5-v5profit50,reset_mark,2026-06-03,-0.015158608015473696
year2025,P-confirm5-v5profit50,reset_mark,2026-06-04,0.0005203237571319907
year2025,P-confirm5-v5profit50,reset_mark,2026-06-05,-0.032125021381020434
year2025,P-confirm5-v5profit50,reset_mark,2026-06-08,0.0077800670855042164
year2025,P-confirm5-v5profit50,reset_mark,2026-06-09,-0.005695053263960992
year2025,P-confirm5-v5profit50,reset_mark,2026-06-10,-0.004067851220674312
year2025,P-confirm5-v5profit50,reset_mark,2026-06-11,0.00020425406654052126
year2025,P-confirm5-v5profit50,reset_mark,2026-06-12,-0.0031656893505026874
year2025,P-confirm5-v5profit50,reset_mark,2026-06-15,0.0034367213858373493
year2025,P-confirm5-v5profit50,reset_mark,2026-06-16,-0.0010216759978194934
year2025,P-confirm5-v5profit50,reset_mark,2026-06-17,-0.001594496028437986
year2025,P-confirm5-v5profit50,reset_mark,2026-06-18,-0.0009508830571814842
year2025,P-confirm5-v5profit50,reset_mark,2026-06-22,-0.002453828022294935
year2025,P-confirm5-v5profit50,reset_mark,2026-06-23,0.0016858675960796932
year2025,P-confirm5-v5profit50,reset_mark,2026-06-24,-0.0019356827581182845
year2025,P-confirm5-v5profit50,reset_mark,2026-06-25,0.0004912594048876561
year2025,P-confirm5-v5profit50,reset_mark,2026-06-26,0.009645031881770372
year2025,P-confirm5-v5profit50,reset_mark,2026-06-29,-0.001382705731639977
year2025,P-confirm5-v5profit50,reset_mark,2026-06-30,0.002339891814490791
year2025,P-confirm5-v5profit50,reset_mark,2026-07-01,0.005647292260248249
year2025,P-confirm5-v5profit50,reset_mark,2026-07-02,0.0012178261018067405
year2025,P-confirm5-v5profit50,reset_mark,2026-07-06,-0.00021460733777332042
year2025,P-confirm5-v5profit50,reset_mark,2026-07-07,0.0007910061420274506
year2025,P-confirm5-v5profit50,reset_mark,2026-07-08,-0.001958725070174483
year2025,P-confirm5-v5profit50,reset_mark,2026-07-09,0.002631083764520947
year2025,P-confirm5-v5profit50,reset_mark,2026-07-10,-0.0020654869606451685
year2025,P-confirm5-v5profit50,reset_mark,2026-07-13,0.004283334220519119
year2025,P-confirm5-v5profit50,reset_mark,2026-07-14,0.001163659904791281
year2025,P-confirm5-v5profit50,reset_mark,2026-07-15,0.0013047684426035987
year2025,P-confirm5-v5profit50,reset_mark,2026-07-16,0.0007021307088800555
year2025,P-confirm5-v5profit50,reset_mark,2026-07-17,-0.002229790692674338
year2025,P-confirm5-v5profit50,reset_mark,2026-07-20,0.003020974787506625
year2025,P-confirm5-v5profit50,reset_mark,2026-07-21,-0.0004970702730712984
year2025,P-confirm5-v5profit50,reset_mark,2026-07-22,-0.003513149966285789
year2025,P-confirm5-v5profit50,reset_mark,2026-07-23,-0.002715887969955466
year2025,P-confirm5-v5profit50,reset_mark,2026-07-24,0.0028784733434240374
year2025,P-confirm5-v5profit50,reset_mark,2026-07-27,0.004194022431430922
year2025,P-confirm5-v5profit50,reset_mark,2026-07-28,0.0029809515802536437
year2025,P-confirm5-v5profit50,reset_mark,2026-07-29,0.005636828472016364
year2025,P-confirm5-v5profit50,reset_mark,2026-07-30,0.020254916898038332
year2025,P-confirm5-v5profit50,reset_mark,2026-07-31,-0.0064614269396683025
year2025,P-confirm5-v5profit50,reset_mark,2026-08-03,0.028898996872659045
year2025,P-confirm5-v5profit50,reset_mark,2026-08-04,0.02628403750571211
year2025,P-confirm5-v5profit50,reset_mark,2026-08-05,-0.006569676005007663
year2025,P-confirm5-v5profit50,reset_mark,2026-08-06,-0.0024445450404550705
year2025,P-confirm5-v5profit50,reset_mark,2026-08-07,0.012785295520698048
year2025,P-confirm5-v5profit50,reset_mark,2026-08-10,0.00421746303783076
year2025,P-confirm5-v5profit50,reset_mark,2026-08-11,-0.005271158881184179
year2025,P-confirm5-v5profit50,reset_mark,2026-08-12,-0.0008809228739186103
year2025,P-confirm5-v5profit50,reset_mark,2026-08-13,0.0029022936644162002
year2025,P-confirm5-v5profit50,reset_mark,2026-08-14,0.01248843679204371
year2025,P-confirm5-v5profit50,reset_mark,2026-08-17,-0.0028958297786084164
year2025,P-confirm5-v5profit50,reset_mark,2026-08-18,-0.013980503302559422
year2025,P-confirm5-v5profit50,reset_mark,2026-08-19,0.0070348418147807455
year2025,P-confirm5-v5profit50,reset_mark,2026-08-20,-0.003071646970326236
year2025,P-confirm5-v5profit50,reset_mark,2026-08-21,0.004542463553132458
year2025,P-confirm5-v5profit50,reset_mark,2026-08-24,-0.0006954255409217014
year2025,P-confirm5-v5profit50,reset_mark,2026-08-25,0.0015770299467145921
year2025,P-confirm5-v5profit50,reset_mark,2026-08-26,-0.0019387163847680688
year2025,P-confirm5-v5profit50,reset_mark,2026-08-27,0.0037240467672158607
year2025,P-confirm5-v5profit50,carry_mark,2025-08-27,-0.006829112596276887
year2025,P-confirm5-v5profit50,carry_mark,2025-08-28,0.0029946967151579518
year2025,P-confirm5-v5profit50,carry_mark,2025-08-29,-0.003313176243169991
year2025,P-confirm5-v5profit50,carry_mark,2025-09-02,0.0007017857608425549
year2025,P-confirm5-v5profit50,carry_mark,2025-09-03,-0.0015352379988156973
year2025,P-confirm5-v5profit50,carry_mark,2025-09-04,-0.000723893320196789
year2025,P-confirm5-v5profit50,carry_mark,2025-09-05,-0.002450859723625387
year2025,P-confirm5-v5profit50,carry_mark,2025-09-08,0.0034939315462069074
year2025,P-confirm5-v5profit50,carry_mark,2025-09-09,0.007762354632261359
year2025,P-confirm5-v5profit50,carry_mark,2025-09-10,0.0016032528093606114
year2025,P-confirm5-v5profit50,carry_mark,2025-09-11,0.011816017674587231
year2025,P-confirm5-v5profit50,carry_mark,2025-09-12,0.007684985681147627
year2025,P-confirm5-v5profit50,carry_mark,2025-09-15,0.010262552840212723
year2025,P-confirm5-v5profit50,carry_mark,2025-09-16,-0.001076012066486076
year2025,P-confirm5-v5profit50,carry_mark,2025-09-17,0.00638910025886571
year2025,P-confirm5-v5profit50,carry_mark,2025-09-18,-0.003107445383877372
year2025,P-confirm5-v5profit50,carry_mark,2025-09-19,0.006396449285677774
year2025,P-confirm5-v5profit50,carry_mark,2025-09-22,0.010097398892042442
year2025,P-confirm5-v5profit50,carry_mark,2025-09-23,-0.020573847414885226
year2025,P-confirm5-v5profit50,carry_mark,2025-09-24,-0.0005644086665160031
year2025,P-confirm5-v5profit50,carry_mark,2025-09-25,-0.006173186706940115
year2025,P-confirm5-v5profit50,carry_mark,2025-09-26,0.002044992813380131
year2025,P-confirm5-v5profit50,carry_mark,2025-09-29,0.009472715572699764
year2025,P-confirm5-v5profit50,carry_mark,2025-09-30,0.004924848691726691
year2025,P-confirm5-v5profit50,carry_mark,2025-10-01,0.014306556406318015
year2025,P-confirm5-v5profit50,carry_mark,2025-10-02,-0.0011476998996178046
year2025,P-confirm5-v5profit50,carry_mark,2025-10-03,-0.008594050754326366
year2025,P-confirm5-v5profit50,carry_mark,2025-10-06,0.03078336309309363
year2025,P-confirm5-v5profit50,carry_mark,2025-10-07,-0.012545435249539761
year2025,P-confirm5-v5profit50,carry_mark,2025-10-08,0.014444449973807338
year2025,P-confirm5-v5profit50,carry_mark,2025-10-09,-0.0005430831248309121
year2025,P-confirm5-v5profit50,carry_mark,2025-10-10,-0.043469080127726475
year2025,P-confirm5-v5profit50,carry_mark,2025-10-13,0.02317680243160688
year2025,P-confirm5-v5profit50,carry_mark,2025-10-14,-0.00953237153732851
year2025,P-confirm5-v5profit50,carry_mark,2025-10-15,0.014577035048536757
year2025,P-confirm5-v5profit50,carry_mark,2025-10-16,-0.006715939189649567
year2025,P-confirm5-v5profit50,carry_mark,2025-10-17,0.005281068151848034
year2025,P-confirm5-v5profit50,carry_mark,2025-10-20,0.013280836108360538
year2025,P-confirm5-v5profit50,carry_mark,2025-10-21,-0.003131087978277414
year2025,P-confirm5-v5profit50,carry_mark,2025-10-22,-0.02637702013057406
year2025,P-confirm5-v5profit50,carry_mark,2025-10-23,0.015020808804421582
year2025,P-confirm5-v5profit50,carry_mark,2025-10-24,0.011124410150174702
year2025,P-confirm5-v5profit50,carry_mark,2025-10-27,0.026479128358435144
year2025,P-confirm5-v5profit50,carry_mark,2025-10-28,0.011239589902453528
year2025,P-confirm5-v5profit50,carry_mark,2025-10-29,0.001411223000673767
year2025,P-confirm5-v5profit50,carry_mark,2025-10-30,-0.018691684433998136
year2025,P-confirm5-v5profit50,carry_mark,2025-10-31,0.007586265088814959
year2025,P-confirm5-v5profit50,carry_mark,2025-11-03,-0.00278929863575772
year2025,P-confirm5-v5profit50,carry_mark,2025-11-04,-0.022663964191693052
year2025,P-confirm5-v5profit50,carry_mark,2025-11-05,0.003311165220909429
year2025,P-confirm5-v5profit50,carry_mark,2025-11-06,-0.014872034205621776
year2025,P-confirm5-v5profit50,carry_mark,2025-11-07,-0.004127914850100245
year2025,P-confirm5-v5profit50,carry_mark,2025-11-10,0.019336790304756945
year2025,P-confirm5-v5profit50,carry_mark,2025-11-11,-0.0030530647719590686
year2025,P-confirm5-v5profit50,carry_mark,2025-11-12,0.00041057561836550517
year2025,P-confirm5-v5profit50,carry_mark,2025-11-13,-0.022720175832781197
year2025,P-confirm5-v5profit50,carry_mark,2025-11-14,-0.005187574612392154
year2025,P-confirm5-v5profit50,carry_mark,2025-11-17,-0.005846672908241424
year2025,P-confirm5-v5profit50,carry_mark,2025-11-18,-0.0035522182903261145
year2025,P-confirm5-v5profit50,carry_mark,2025-11-19,-0.005059997042356335
year2025,P-confirm5-v5profit50,carry_mark,2025-11-20,-0.01639967930382554
year2025,P-confirm5-v5profit50,carry_mark,2025-11-21,0.002502050966151448
year2025,P-confirm5-v5profit50,carry_mark,2025-11-24,0.0146817306125826
year2025,P-confirm5-v5profit50,carry_mark,2025-11-25,-0.000721245447189256
year2025,P-confirm5-v5profit50,carry_mark,2025-11-26,0.0183679515693874
year2025,P-confirm5-v5profit50,carry_mark,2025-11-28,0.009499649367846807
year2025,P-confirm5-v5profit50,carry_mark,2025-12-01,-0.005919533532553478
year2025,P-confirm5-v5profit50,carry_mark,2025-12-02,-0.0006089736225019738
year2025,P-confirm5-v5profit50,carry_mark,2025-12-03,-0.005230687543875667
year2025,P-confirm5-v5profit50,carry_mark,2025-12-04,0.0055865647633975835
year2025,P-confirm5-v5profit50,carry_mark,2025-12-05,0.0070704029040891455
year2025,P-confirm5-v5profit50,carry_mark,2025-12-08,0.008555188711392481
year2025,P-confirm5-v5profit50,carry_mark,2025-12-09,0.009979951260960384
year2025,P-confirm5-v5profit50,carry_mark,2025-12-10,0.014559987461261104
year2025,P-confirm5-v5profit50,carry_mark,2025-12-11,0.005372803505727964
year2025,P-confirm5-v5profit50,carry_mark,2025-12-12,-0.016591043021752218
year2025,P-confirm5-v5profit50,carry_mark,2025-12-15,0.006459750929825203
year2025,P-confirm5-v5profit50,carry_mark,2025-12-16,0.0010415528533820884
year2025,P-confirm5-v5profit50,carry_mark,2025-12-17,-0.0017973966541063647
year2025,P-confirm5-v5profit50,carry_mark,2025-12-18,0.004964994868976081
year2025,P-confirm5-v5profit50,carry_mark,2025-12-19,0.013542858189059804
year2025,P-confirm5-v5profit50,carry_mark,2025-12-22,0.004540447685339344
year2025,P-confirm5-v5profit50,carry_mark,2025-12-23,-0.004075446568789665
year2025,P-confirm5-v5profit50,carry_mark,2025-12-24,0.0013477932893434907
year2025,P-confirm5-v5profit50,carry_mark,2025-12-26,-0.003778368644490737
year2025,P-confirm5-v5profit50,carry_mark,2025-12-29,0.0003527926854792751
year2025,P-confirm5-v5profit50,carry_mark,2025-12-30,-0.001366753225161521
year2025,P-confirm5-v5profit50,carry_mark,2025-12-31,-0.0049231975940356
year2025,P-confirm5-v5profit50,carry_mark,2026-01-02,0.011096793262862415
year2025,P-confirm5-v5profit50,carry_mark,2026-01-05,0.00018117421943926183
year2025,P-confirm5-v5profit50,carry_mark,2026-01-06,0.0008333797126936382
year2025,P-confirm5-v5profit50,carry_mark,2026-01-07,-0.003314619273567987
year2025,P-confirm5-v5profit50,carry_mark,2026-01-08,-0.006498855237720635
year2025,P-confirm5-v5profit50,carry_mark,2026-01-09,-0.0024739171526131807
year2025,P-confirm5-v5profit50,carry_mark,2026-01-12,0.010036946211852527
year2025,P-confirm5-v5profit50,carry_mark,2026-01-13,-0.008698090049589591
year2025,P-confirm5-v5profit50,carry_mark,2026-01-14,-0.005079182631612822
year2025,P-confirm5-v5profit50,carry_mark,2026-01-15,0.0006384627994660108
year2025,P-confirm5-v5profit50,carry_mark,2026-01-16,0.0016241044869099164
year2025,P-confirm5-v5profit50,carry_mark,2026-01-20,-0.006633180702615138
year2025,P-confirm5-v5profit50,carry_mark,2026-01-21,0.01962894403819082
year2025,P-confirm5-v5profit50,carry_mark,2026-01-22,0.007399969193352773
year2025,P-confirm5-v5profit50,carry_mark,2026-01-23,-0.011918414062068417
year2025,P-confirm5-v5profit50,carry_mark,2026-01-26,-0.0018178703187001432
year2025,P-confirm5-v5profit50,carry_mark,2026-01-27,0.0003810578817152743
year2025,P-confirm5-v5profit50,carry_mark,2026-01-28,0.00706719937179876
year2025,P-confirm5-v5profit50,carry_mark,2026-01-29,-0.005034238017632697
year2025,P-confirm5-v5profit50,carry_mark,2026-01-30,-0.012572597546002618
year2025,P-confirm5-v5profit50,carry_mark,2026-02-02,-0.007557334972967833
year2025,P-confirm5-v5profit50,carry_mark,2026-02-03,-0.015247596022958687
year2025,P-confirm5-v5profit50,carry_mark,2026-02-04,-0.0082382214852594
year2025,P-confirm5-v5profit50,carry_mark,2026-02-05,-0.0019524915166047596
year2025,P-confirm5-v5profit50,carry_mark,2026-02-06,0.01560510223328091
year2025,P-confirm5-v5profit50,carry_mark,2026-02-09,0.0038023028627598653
year2025,P-confirm5-v5profit50,carry_mark,2026-02-10,0.0001880347801924809
year2025,P-confirm5-v5profit50,carry_mark,2026-02-11,0.0003609437332528498
year2025,P-confirm5-v5profit50,carry_mark,2026-02-12,-0.01106068382045603
year2025,P-confirm5-v5profit50,carry_mark,2026-02-13,-0.004571650337269017
year2025,P-confirm5-v5profit50,carry_mark,2026-02-17,0.0009514894570442078
year2025,P-confirm5-v5profit50,carry_mark,2026-02-18,0.0032487377602767207
year2025,P-confirm5-v5profit50,carry_mark,2026-02-19,-0.0009341240834552344
year2025,P-confirm5-v5profit50,carry_mark,2026-02-20,0.0037670847308692635
year2025,P-confirm5-v5profit50,carry_mark,2026-02-23,-0.002070390734800698
year2025,P-confirm5-v5profit50,carry_mark,2026-02-24,0.0010924295265480998
year2025,P-confirm5-v5profit50,carry_mark,2026-02-25,0.005555010131206783
year2025,P-confirm5-v5profit50,carry_mark,2026-02-26,-0.016516801163806605
year2025,P-confirm5-v5profit50,carry_mark,2026-02-27,0.008251802817818666
year2025,P-confirm5-v5profit50,carry_mark,2026-03-02,0.0038566456175739396
year2025,P-confirm5-v5profit50,carry_mark,2026-03-03,-0.011774248924761522
year2025,P-confirm5-v5profit50,carry_mark,2026-03-04,0.02357012433850427
year2025,P-confirm5-v5profit50,carry_mark,2026-03-05,-0.0008219765752692454
year2025,P-confirm5-v5profit50,carry_mark,2026-03-06,-0.006062942144201134
year2025,P-confirm5-v5profit50,carry_mark,2026-03-09,0.009939440741951822
year2025,P-confirm5-v5profit50,carry_mark,2026-03-10,-0.005578773477721066
year2025,P-confirm5-v5profit50,carry_mark,2026-03-11,0.00486667984598661
year2025,P-confirm5-v5profit50,carry_mark,2026-03-12,-0.012295117300816316
year2025,P-confirm5-v5profit50,carry_mark,2026-03-13,-0.002659715106858862
year2025,P-confirm5-v5profit50,carry_mark,2026-03-16,0.0027744234905225486
year2025,P-confirm5-v5profit50,carry_mark,2026-03-17,0.002383333995197168
year2025,P-confirm5-v5profit50,carry_mark,2026-03-18,-0.006755189597385136
year2025,P-confirm5-v5profit50,carry_mark,2026-03-19,-0.0063212496624474365
year2025,P-confirm5-v5profit50,carry_mark,2026-03-20,-0.01404951910541712
year2025,P-confirm5-v5profit50,carry_mark,2026-03-23,0.010934741790751712
year2025,P-confirm5-v5profit50,carry_mark,2026-03-24,-0.013541748931829845
year2025,P-confirm5-v5profit50,carry_mark,2026-03-25,0.007752573737058399
year2025,P-confirm5-v5profit50,carry_mark,2026-03-26,-0.02384268600693549
year2025,P-confirm5-v5profit50,carry_mark,2026-03-27,-0.009253987161004973
year2025,P-confirm5-v5profit50,carry_mark,2026-03-30,-0.003442219599959007
year2025,P-confirm5-v5profit50,carry_mark,2026-03-31,0.012331088233485887
year2025,P-confirm5-v5profit50,carry_mark,2026-04-01,0.006877561591579817
year2025,P-confirm5-v5profit50,carry_mark,2026-04-02,-0.003540815105509598
year2025,P-confirm5-v5profit50,carry_mark,2026-04-06,-0.0020809562502857037
year2025,P-confirm5-v5profit50,carry_mark,2026-04-07,-0.00013028691416213655
year2025,P-confirm5-v5profit50,carry_mark,2026-04-08,0.002570871174947553
year2025,P-confirm5-v5profit50,carry_mark,2026-04-09,-0.007093577086290492
year2025,P-confirm5-v5profit50,carry_mark,2026-04-10,0.0036938477412627345
year2025,P-confirm5-v5profit50,carry_mark,2026-04-13,0.005813771134896606
year2025,P-confirm5-v5profit50,carry_mark,2026-04-14,0.018500537284614836
year2025,P-confirm5-v5profit50,carry_mark,2026-04-15,0.025493678546960295
year2025,P-confirm5-v5profit50,carry_mark,2026-04-16,0.0016646139452313412
year2025,P-confirm5-v5profit50,carry_mark,2026-04-17,0.0013835845697889205
year2025,P-confirm5-v5profit50,carry_mark,2026-04-20,-0.0008598431817615105
year2025,P-confirm5-v5profit50,carry_mark,2026-04-21,-0.003596508613825311
year2025,P-confirm5-v5profit50,carry_mark,2026-04-22,0.013804988257668937
year2025,P-confirm5-v5profit50,carry_mark,2026-04-23,-0.016602486687652285
year2025,P-confirm5-v5profit50,carry_mark,2026-04-24,0.01025950665594193
year2025,P-confirm5-v5profit50,carry_mark,2026-04-27,0.009334695336157717
year2025,P-confirm5-v5profit50,carry_mark,2026-04-28,-0.005609762039583211
year2025,P-confirm5-v5profit50,carry_mark,2026-04-29,-0.0028614296136693974
year2025,P-confirm5-v5profit50,carry_mark,2026-04-30,0.0031267896219765224
year2025,P-confirm5-v5profit50,carry_mark,2026-05-01,0.009800739057132479
year2025,P-confirm5-v5profit50,carry_mark,2026-05-04,0.0012963966615763378
year2025,P-confirm5-v5profit50,carry_mark,2026-05-05,0.0010995571167439545
year2025,P-confirm5-v5profit50,carry_mark,2026-05-06,0.01608355942250529
year2025,P-confirm5-v5profit50,carry_mark,2026-05-07,0.016356703026161788
year2025,P-confirm5-v5profit50,carry_mark,2026-05-08,0.0112325628780927
year2025,P-confirm5-v5profit50,carry_mark,2026-05-11,0.002499039904793543
year2025,P-confirm5-v5profit50,carry_mark,2026-05-12,-0.005783710582710133
year2025,P-confirm5-v5profit50,carry_mark,2026-05-13,0.01162690282227089
year2025,P-confirm5-v5profit50,carry_mark,2026-05-14,-0.00025469128235391383
year2025,P-confirm5-v5profit50,carry_mark,2026-05-15,-0.013457559554679765
year2025,P-confirm5-v5profit50,carry_mark,2026-05-18,-0.000862974054538701
year2025,P-confirm5-v5profit50,carry_mark,2026-05-19,-0.004623420609736528
year2025,P-confirm5-v5profit50,carry_mark,2026-05-20,0.009132087096903597
year2025,P-confirm5-v5profit50,carry_mark,2026-05-21,-0.002701293977409913
year2025,P-confirm5-v5profit50,carry_mark,2026-05-22,0.0038945113907073448
year2025,P-confirm5-v5profit50,carry_mark,2026-05-26,0.010913352849066794
year2025,P-confirm5-v5profit50,carry_mark,2026-05-27,-0.001970198330064821
year2025,P-confirm5-v5profit50,carry_mark,2026-05-28,0.04391971930308858
year2025,P-confirm5-v5profit50,carry_mark,2026-05-29,0.007943739427139395
year2025,P-confirm5-v5profit50,carry_mark,2026-06-01,0.014312400605351749
year2025,P-confirm5-v5profit50,carry_mark,2026-06-02,-0.011081225886195655
year2025,P-confirm5-v5profit50,carry_mark,2026-06-03,-0.015158608015473696
year2025,P-confirm5-v5profit50,carry_mark,2026-06-04,0.0005203237571319907
year2025,P-confirm5-v5profit50,carry_mark,2026-06-05,-0.032125021381020455
year2025,P-confirm5-v5profit50,carry_mark,2026-06-08,0.0077800670855041835
year2025,P-confirm5-v5profit50,carry_mark,2026-06-09,-0.00569505326396097
year2025,P-confirm5-v5profit50,carry_mark,2026-06-10,-0.004067851220674335
year2025,P-confirm5-v5profit50,carry_mark,2026-06-11,0.00020425406654052126
year2025,P-confirm5-v5profit50,carry_mark,2026-06-12,-0.0031656893505026874
year2025,P-confirm5-v5profit50,carry_mark,2026-06-15,0.0034367213858373493
year2025,P-confirm5-v5profit50,carry_mark,2026-06-16,-0.0010216759978194823
year2025,P-confirm5-v5profit50,carry_mark,2026-06-17,-0.001594496028437986
year2025,P-confirm5-v5profit50,carry_mark,2026-06-18,-0.0009508830571814952
year2025,P-confirm5-v5profit50,carry_mark,2026-06-22,-0.002453828022294935
year2025,P-confirm5-v5profit50,carry_mark,2026-06-23,0.0016858675960797153
year2025,P-confirm5-v5profit50,carry_mark,2026-06-24,-0.0019356827581182845
year2025,P-confirm5-v5profit50,carry_mark,2026-06-25,0.000491259404887634
year2025,P-confirm5-v5profit50,carry_mark,2026-06-26,0.009645031881770395
year2025,P-confirm5-v5profit50,carry_mark,2026-06-29,-0.001382705731639966
year2025,P-confirm5-v5profit50,carry_mark,2026-06-30,0.002339891814490769
year2025,P-confirm5-v5profit50,carry_mark,2026-07-01,0.005647292260248271
year2025,P-confirm5-v5profit50,carry_mark,2026-07-02,0.0012178261018067293
year2025,P-confirm5-v5profit50,carry_mark,2026-07-06,-0.00021460733777329822
year2025,P-confirm5-v5profit50,carry_mark,2026-07-07,0.0007910061420274728
year2025,P-confirm5-v5profit50,carry_mark,2026-07-08,-0.001958725070174516
year2025,P-confirm5-v5profit50,carry_mark,2026-07-09,0.002631083764520947
year2025,P-confirm5-v5profit50,carry_mark,2026-07-10,-0.0020654869606451685
year2025,P-confirm5-v5profit50,carry_mark,2026-07-13,0.004283334220519119
year2025,P-confirm5-v5profit50,carry_mark,2026-07-14,0.00116365990479127
year2025,P-confirm5-v5profit50,carry_mark,2026-07-15,0.0013047684426035987
year2025,P-confirm5-v5profit50,carry_mark,2026-07-16,0.0007021307088800665
year2025,P-confirm5-v5profit50,carry_mark,2026-07-17,-0.002229790692674338
year2025,P-confirm5-v5profit50,carry_mark,2026-07-20,0.003020974787506603
year2025,P-confirm5-v5profit50,carry_mark,2026-07-21,-0.0004970702730712984
year2025,P-confirm5-v5profit50,carry_mark,2026-07-22,-0.003513149966285789
year2025,P-confirm5-v5profit50,carry_mark,2026-07-23,-0.002715887969955466
year2025,P-confirm5-v5profit50,carry_mark,2026-07-24,0.0028784733434240595
year2025,P-confirm5-v5profit50,carry_mark,2026-07-27,0.004194022431430943
year2025,P-confirm5-v5profit50,carry_mark,2026-07-28,0.0029809515802536324
year2025,P-confirm5-v5profit50,carry_mark,2026-07-29,0.005636828472016376
year2025,P-confirm5-v5profit50,carry_mark,2026-07-30,0.020254916898038357
year2025,P-confirm5-v5profit50,carry_mark,2026-07-31,-0.0064614269396683025
year2025,P-confirm5-v5profit50,carry_mark,2026-08-03,0.02889899687265902
year2025,P-confirm5-v5profit50,carry_mark,2026-08-04,0.02628403750571211
year2025,P-confirm5-v5profit50,carry_mark,2026-08-05,-0.006569676005007674
year2025,P-confirm5-v5profit50,carry_mark,2026-08-06,-0.002444545040455015
year2025,P-confirm5-v5profit50,carry_mark,2026-08-07,0.012785295520698103
year2025,P-confirm5-v5profit50,carry_mark,2026-08-10,0.004217463037830748
year2025,P-confirm5-v5profit50,carry_mark,2026-08-11,-0.005271158881184202
year2025,P-confirm5-v5profit50,carry_mark,2026-08-12,-0.0008809228739186103
year2025,P-confirm5-v5profit50,carry_mark,2026-08-13,0.0029022936644162224
year2025,P-confirm5-v5profit50,carry_mark,2026-08-14,0.0124884367920437
year2025,P-confirm5-v5profit50,carry_mark,2026-08-17,-0.002895829778608405
year2025,P-confirm5-v5profit50,carry_mark,2026-08-18,-0.013980503302559389
year2025,P-confirm5-v5profit50,carry_mark,2026-08-19,0.0070348418147807125
year2025,P-confirm5-v5profit50,carry_mark,2026-08-20,-0.003071646970326214
year2025,P-confirm5-v5profit50,carry_mark,2026-08-21,0.00454246355313247
year2025,P-confirm5-v5profit50,carry_mark,2026-08-24,-0.0006954255409216791
year2025,P-confirm5-v5profit50,carry_mark,2026-08-25,0.001577029946714581
year2025,P-confirm5-v5profit50,carry_mark,2026-08-26,-0.0019387163847680688
year2025,P-confirm5-v5profit50,carry_mark,2026-08-27,0.003724046767215905
