entry,exit,trail,max_hold,hard_stop,name,train_total,train_cagr,train_mdd,train_sharpe,train_calmar,train_trades,train_win,train_avg_trade,train_median_trade,train_worst_trade,train_profit_factor,train_median_symbol_total,train_positive_symbols,train_symbols,train_max_symbol_mdd,train_exposure,validation_total,validation_cagr,validation_mdd,validation_sharpe,validation_calmar,validation_trades,validation_win,validation_avg_trade,validation_median_trade,validation_worst_trade,validation_profit_factor,validation_median_symbol_total,validation_positive_symbols,validation_symbols,validation_max_symbol_mdd,validation_exposure,test_total,test_cagr,test_mdd,test_sharpe,test_calmar,test_trades,test_win,test_avg_trade,test_median_trade,test_worst_trade,test_profit_factor,test_median_symbol_total,test_positive_symbols,test_symbols,test_max_symbol_mdd,test_exposure,full_total,full_cagr,full_mdd,full_sharpe,full_calmar,full_trades,full_win,full_avg_trade,full_median_trade,full_worst_trade,full_profit_factor,full_median_symbol_total,full_positive_symbols,full_symbols,full_max_symbol_mdd,full_exposure,selection_score
b-confirm5-ma20+jf,MA20-down,,,,b-confirm5-ma20+jf|exit=MA20-down|trail=none|hold=none,36.19297561118371,10.891024671613604,15.207073360880619,0.9665782892107461,0.7161815040381261,52,50.0,7.171394334983587,0.17221951279966508,-33.328235966336415,3.0242545999290527,4.5,7,10,62.69,0.1199203187250996,22.36416459614732,22.56189960388324,6.924387614196226,1.431602222533987,3.2583241812788373,19,63.1578947368421,10.556728624463775,2.553486310297992,-16.97103746076054,4.104426717568691,5.77,6,10,34.34,0.1416,12.89895849352789,12.89895849352789,5.40970572896976,1.383190383011119,2.3844103801158893,21,61.904761904761905,5.918821028701837,2.324841024468993,-23.820405064149398,2.917821631646344,6.385,6,10,30.63,0.12777777777777777,91.75440306543933,13.965752936323472,15.207073360880619,1.1570674164747055,0.9183721683259334,92,55.434782608695656,7.812201594395781,1.8183499472947617,-33.328235966336415,3.2532028741517367,7.965,6,10,62.69,0.12964143426294822,1.6502657049728457
b-confirm5-ma20+jf,MA20-down,,60.0,,b-confirm5-ma20+jf|exit=MA20-down|trail=none|hold=60,36.19297561118371,10.891024671613604,15.207073360880619,0.9665782892107461,0.7161815040381261,52,50.0,7.171394334983587,0.17221951279966508,-33.328235966336415,3.0242545999290527,4.5,7,10,62.69,0.1199203187250996,22.36416459614732,22.56189960388324,6.924387614196226,1.431602222533987,3.2583241812788373,19,63.1578947368421,10.556728624463775,2.553486310297992,-16.97103746076054,4.104426717568691,5.77,6,10,34.34,0.1416,12.89895849352789,12.89895849352789,5.40970572896976,1.383190383011119,2.3844103801158893,21,61.904761904761905,5.918821028701837,2.324841024468993,-23.820405064149398,2.917821631646344,6.385,6,10,30.63,0.12777777777777777,91.75440306543933,13.965752936323472,15.207073360880619,1.1570674164747055,0.9183721683259334,92,55.434782608695656,7.812201594395781,1.8183499472947617,-33.328235966336415,3.2532028741517367,7.965,6,10,62.69,0.12964143426294822,1.6502657049728457
b-confirm5-ma20+jf,MA20-down,,120.0,,b-confirm5-ma20+jf|exit=MA20-down|trail=none|hold=120,36.19297561118371,10.891024671613604,15.207073360880619,0.9665782892107461,0.7161815040381261,52,50.0,7.171394334983587,0.17221951279966508,-33.328235966336415,3.0242545999290527,4.5,7,10,62.69,0.1199203187250996,22.36416459614732,22.56189960388324,6.924387614196226,1.431602222533987,3.2583241812788373,19,63.1578947368421,10.556728624463775,2.553486310297992,-16.97103746076054,4.104426717568691,5.77,6,10,34.34,0.1416,12.89895849352789,12.89895849352789,5.40970572896976,1.383190383011119,2.3844103801158893,21,61.904761904761905,5.918821028701837,2.324841024468993,-23.820405064149398,2.917821631646344,6.385,6,10,30.63,0.12777777777777777,91.75440306543933,13.965752936323472,15.207073360880619,1.1570674164747055,0.9183721683259334,92,55.434782608695656,7.812201594395781,1.8183499472947617,-33.328235966336415,3.2532028741517367,7.965,6,10,62.69,0.12964143426294822,1.6502657049728457
b-confirm5-ma20+jf,S-or-MA20,,,,b-confirm5-ma20+jf|exit=S-or-MA20|trail=none|hold=none,29.263381595550353,8.969898460517634,13.8748234053778,0.8664183716881383,0.6464873965200129,52,51.92307692307693,5.252270089768659,1.1523455705650054,-33.328235966336415,2.5389918476173463,7.35,7,10,59.63,0.10849933598937582,24.880082344320932,25.102250333867037,6.924387614196236,1.5834416794533814,3.625194274567028,19,63.1578947368421,12.24416201180938,2.553486310297992,-16.97103746076054,4.600651777257502,5.77,6,10,34.34,0.1364,14.583244447268484,14.583244447268484,5.409705728969849,1.7609737552169622,2.6957555878081965,21,61.904761904761905,7.297036255246144,2.324841024468993,-23.820405064149398,3.364392149949507,6.385,6,10,30.63,0.11944444444444442,88.51080848337247,13.57601917413318,13.8748234053778,1.1881914464110477,0.9784642858136265,92,56.52173913043478,7.390563478806876,2.0441731829918486,-33.328235966336415,3.17772198735253,16.65,7,10,59.63,0.12007968127490039,1.5873103921838525
b-confirm5-ma20+jf,S-or-MA20,,60.0,,b-confirm5-ma20+jf|exit=S-or-MA20|trail=none|hold=60,29.263381595550353,8.969898460517634,13.8748234053778,0.8664183716881383,0.6464873965200129,52,51.92307692307693,5.252270089768659,1.1523455705650054,-33.328235966336415,2.5389918476173463,7.35,7,10,59.63,0.10849933598937582,24.880082344320932,25.102250333867037,6.924387614196236,1.5834416794533814,3.625194274567028,19,63.1578947368421,12.24416201180938,2.553486310297992,-16.97103746076054,4.600651777257502,5.77,6,10,34.34,0.1364,14.583244447268484,14.583244447268484,5.409705728969849,1.7609737552169622,2.6957555878081965,21,61.904761904761905,7.297036255246144,2.324841024468993,-23.820405064149398,3.364392149949507,6.385,6,10,30.63,0.11944444444444442,88.51080848337247,13.57601917413318,13.8748234053778,1.1881914464110477,0.9784642858136265,92,56.52173913043478,7.390563478806876,2.0441731829918486,-33.328235966336415,3.17772198735253,16.65,7,10,59.63,0.12007968127490039,1.5873103921838525
b-confirm5-ma20+jf,S-or-MA20,,120.0,,b-confirm5-ma20+jf|exit=S-or-MA20|trail=none|hold=120,29.263381595550353,8.969898460517634,13.8748234053778,0.8664183716881383,0.6464873965200129,52,51.92307692307693,5.252270089768659,1.1523455705650054,-33.328235966336415,2.5389918476173463,7.35,7,10,59.63,0.10849933598937582,24.880082344320932,25.102250333867037,6.924387614196236,1.5834416794533814,3.625194274567028,19,63.1578947368421,12.24416201180938,2.553486310297992,-16.97103746076054,4.600651777257502,5.77,6,10,34.34,0.1364,14.583244447268484,14.583244447268484,5.409705728969849,1.7609737552169622,2.6957555878081965,21,61.904761904761905,7.297036255246144,2.324841024468993,-23.820405064149398,3.364392149949507,6.385,6,10,30.63,0.11944444444444442,88.51080848337247,13.57601917413318,13.8748234053778,1.1881914464110477,0.9784642858136265,92,56.52173913043478,7.390563478806876,2.0441731829918486,-33.328235966336415,3.17772198735253,16.65,7,10,59.63,0.12007968127490039,1.5873103921838525
b-confirm5-ma20+jf,S-or-MA20,0.15,,,b-confirm5-ma20+jf|exit=S-or-MA20|trail=15%|hold=none,25.316346852306992,7.844846932822813,7.061838370196972,0.9515790669730048,1.1108788564080379,55,54.54545454545454,4.973030054359763,1.9044469405472109,-34.38185233852088,2.3551697403250182,4.5,6,10,45.56,0.0954847277556441,13.860225588507657,13.978520748017731,6.924387614196215,1.03757959194601,2.018737472084795,20,50.0,6.433300551136294,0.15976954412864064,-16.97103746076054,2.541785491441427,0.215,5,10,40.98,0.1072,15.342562484662547,15.342562484662547,3.941243562906016,1.9720984280041318,3.8928227194743434,21,61.904761904761905,7.702313668623264,2.324841024468993,-21.011725753607337,3.6087658045678164,6.385,7,10,21.37,0.10277777777777777,67.7319565398279,10.943570665337488,7.061838370196972,1.133016579346297,1.5496773066235225,96,55.208333333333336,6.092377154701213,1.988055911693365,-34.38185233852088,2.658627848342172,11.169999999999998,6,10,45.56,0.10310756972111554,1.5815295582608937
b-confirm5-ma20+jf,S-or-MA20,0.15,60.0,,b-confirm5-ma20+jf|exit=S-or-MA20|trail=15%|hold=60,25.316346852306992,7.844846932822813,7.061838370196972,0.9515790669730048,1.1108788564080379,55,54.54545454545454,4.973030054359763,1.9044469405472109,-34.38185233852088,2.3551697403250182,4.5,6,10,45.56,0.0954847277556441,13.860225588507657,13.978520748017731,6.924387614196215,1.03757959194601,2.018737472084795,20,50.0,6.433300551136294,0.15976954412864064,-16.97103746076054,2.541785491441427,0.215,5,10,40.98,0.1072,15.342562484662547,15.342562484662547,3.941243562906016,1.9720984280041318,3.8928227194743434,21,61.904761904761905,7.702313668623264,2.324841024468993,-21.011725753607337,3.6087658045678164,6.385,7,10,21.37,0.10277777777777777,67.7319565398279,10.943570665337488,7.061838370196972,1.133016579346297,1.5496773066235225,96,55.208333333333336,6.092377154701213,1.988055911693365,-34.38185233852088,2.658627848342172,11.169999999999998,6,10,45.56,0.10310756972111554,1.5815295582608937
b-confirm5-ma20+jf,S-or-MA20,0.15,120.0,,b-confirm5-ma20+jf|exit=S-or-MA20|trail=15%|hold=120,25.316346852306992,7.844846932822813,7.061838370196972,0.9515790669730048,1.1108788564080379,55,54.54545454545454,4.973030054359763,1.9044469405472109,-34.38185233852088,2.3551697403250182,4.5,6,10,45.56,0.0954847277556441,13.860225588507657,13.978520748017731,6.924387614196215,1.03757959194601,2.018737472084795,20,50.0,6.433300551136294,0.15976954412864064,-16.97103746076054,2.541785491441427,0.215,5,10,40.98,0.1072,15.342562484662547,15.342562484662547,3.941243562906016,1.9720984280041318,3.8928227194743434,21,61.904761904761905,7.702313668623264,2.324841024468993,-21.011725753607337,3.6087658045678164,6.385,7,10,21.37,0.10277777777777777,67.7319565398279,10.943570665337488,7.061838370196972,1.133016579346297,1.5496773066235225,96,55.208333333333336,6.092377154701213,1.988055911693365,-34.38185233852088,2.658627848342172,11.169999999999998,6,10,45.56,0.10310756972111554,1.5815295582608937
b-confirm5-ma20+jf,S,0.2,,0.15,b-confirm5-ma20+jf|exit=S|trail=20%|hold=none|hard=15%,36.3087933351794,10.92257467841442,14.103338045614787,0.8597555601683029,0.7744673383767202,50,48.0,7.7224179672668525,-0.4967422602022542,-34.38185233852086,2.125374834119995,12.035,6,10,64.51,0.25152722443559095,26.08995096047795,26.32401473004833,11.285776584592899,1.3598506971506186,2.332494758578272,18,61.111111111111114,13.904995536402698,2.776487767745006,-20.56036340301006,3.9921478374071766,12.925,6,10,44.92,0.34720000000000006,37.703272299149425,37.703272299149425,7.395642229987509,2.7358478882911688,5.098038970337416,17,64.70588235294117,22.342428418315237,16.521418373581742,-15.94187460033709,6.960557390475026,34.67,8,10,29.02,0.2515873015873016,178.04908712660014,22.794291135512324,14.103338045614787,1.4350409985468824,1.6162337640768563,83,53.01204819277109,16.23382283582965,1.7986428200842175,-34.38185233852086,3.7471442972426816,94.455,10,10,64.51,0.30573705179282873,1.5672020652359189
b-confirm3-ma20+jf,MA20-down,,,,b-confirm3-ma20+jf|exit=MA20-down|trail=none|hold=none,29.837599420859174,9.131658995876313,14.27893626716653,0.86808500924602,0.6395195569906673,46,52.17391304347826,6.917061775127397,1.1523455705649943,-33.328235966336415,2.9363747725846086,6.359999999999999,6,10,62.69,0.10677290836653389,23.123285325688947,23.32834879816188,6.174289595731375,1.4781057746769473,3.778304926657481,18,66.66666666666666,11.481086678143788,3.4312158250949465,-16.97103746076054,4.530918713476525,9.37,6,10,34.34,0.13999999999999999,11.845757016565361,11.845757016565361,5.886750483574055,1.315009322931257,2.0122743523135336,19,57.89473684210527,6.151253380390439,2.2750409540071015,-23.820405064149398,2.80331222827295,6.385,6,10,30.63,0.12103174603174602,82.22444541300192,12.80516422531841,14.27893626716653,1.1052139987763945,0.8967869864902358,83,56.62650602409639,7.983797251657617,1.904446940547233,-33.328235966336415,3.2616665872801827,11.15,6,10,62.69,0.1200796812749004,1.5616837679412625
b-confirm3-ma20+jf,MA20-down,,60.0,,b-confirm3-ma20+jf|exit=MA20-down|trail=none|hold=60,29.837599420859174,9.131658995876313,14.27893626716653,0.86808500924602,0.6395195569906673,46,52.17391304347826,6.917061775127397,1.1523455705649943,-33.328235966336415,2.9363747725846086,6.359999999999999,6,10,62.69,0.10677290836653389,23.123285325688947,23.32834879816188,6.174289595731375,1.4781057746769473,3.778304926657481,18,66.66666666666666,11.481086678143788,3.4312158250949465,-16.97103746076054,4.530918713476525,9.37,6,10,34.34,0.13999999999999999,11.845757016565361,11.845757016565361,5.886750483574055,1.315009322931257,2.0122743523135336,19,57.89473684210527,6.151253380390439,2.2750409540071015,-23.820405064149398,2.80331222827295,6.385,6,10,30.63,0.12103174603174602,82.22444541300192,12.80516422531841,14.27893626716653,1.1052139987763945,0.8967869864902358,83,56.62650602409639,7.983797251657617,1.904446940547233,-33.328235966336415,3.2616665872801827,11.15,6,10,62.69,0.1200796812749004,1.5616837679412625
b-confirm3-ma20+jf,MA20-down,,120.0,,b-confirm3-ma20+jf|exit=MA20-down|trail=none|hold=120,29.837599420859174,9.131658995876313,14.27893626716653,0.86808500924602,0.6395195569906673,46,52.17391304347826,6.917061775127397,1.1523455705649943,-33.328235966336415,2.9363747725846086,6.359999999999999,6,10,62.69,0.10677290836653389,23.123285325688947,23.32834879816188,6.174289595731375,1.4781057746769473,3.778304926657481,18,66.66666666666666,11.481086678143788,3.4312158250949465,-16.97103746076054,4.530918713476525,9.37,6,10,34.34,0.13999999999999999,11.845757016565361,11.845757016565361,5.886750483574055,1.315009322931257,2.0122743523135336,19,57.89473684210527,6.151253380390439,2.2750409540071015,-23.820405064149398,2.80331222827295,6.385,6,10,30.63,0.12103174603174602,82.22444541300192,12.80516422531841,14.27893626716653,1.1052139987763945,0.8967869864902358,83,56.62650602409639,7.983797251657617,1.904446940547233,-33.328235966336415,3.2616665872801827,11.15,6,10,62.69,0.1200796812749004,1.5616837679412625
b-confirm5-ma20+jf,S,0.2,,0.125,b-confirm5-ma20+jf|exit=S|trail=20%|hold=none|hard=12.5%,39.58346766911895,11.807345588895423,14.029037698199643,0.9636095938491216,0.8416361722665177,50,48.0,8.192357415731518,-0.4967422602022542,-26.9742832525411,2.2816286993815513,20.045,6,10,55.71,0.24462151394422307,18.47297230699969,18.633744546750954,11.736694797282187,1.2217579331027593,1.5876483855630192,19,47.368421052631575,10.263229613832308,-0.11109733359201401,-15.537512758781336,2.740378348805481,2.0,5,10,44.06,0.284,34.083243431018786,34.083243431018786,7.050489722764985,2.6890964762523253,4.834166812692322,18,55.55555555555556,20.479798115795596,15.291588354892626,-14.534561596662432,5.228424479973374,34.67,8,10,27.38,0.2373015873015873,160.5477916954962,21.201742510022626,14.029037698199643,1.4632119520363107,1.5112756103537637,85,48.23529411764706,15.38851676866334,-0.1998999999999973,-26.9742832525411,3.45374134067023,95.23,9,10,57.7,0.28613545816733066,1.5416619569567354
b-confirm5-ma20+jf,S-or-MA20,0.2,,,b-confirm5-ma20+jf|exit=S-or-MA20|trail=20%|hold=none,26.03527669008503,8.051507081828913,8.51672146789928,0.9317910042373692,0.9453763531161814,55,54.54545454545454,5.029497614079386,1.9044469405472109,-34.38185233852087,2.3578687428313785,7.35,7,10,48.67,0.10132802124833998,13.785821599414527,13.903443802804105,6.924387614196236,1.01361107661409,2.007895077147263,20,55.00000000000001,6.301583285923465,0.22105620948279503,-16.97103746076054,2.5240468625481656,0.215,5,10,34.34,0.11560000000000001,14.287315238053754,14.287315238053754,4.820066922291611,1.8450864183184343,2.9641321310246704,21,61.904761904761905,7.278399230404135,2.324841024468993,-24.211782585831575,3.3441972607081483,6.385,6,10,24.46,0.10515873015873016,67.04164215936417,10.851736247362087,8.51672146789928,1.0928267022567477,1.2741682686540596,96,56.25,6.004555980510807,1.988055911693376,-34.38185233852087,2.6148939824692374,15.965,7,10,48.67,0.10876494023904382,1.4989441087263613
b-confirm5-ma20+jf,S-or-MA20,0.2,60.0,,b-confirm5-ma20+jf|exit=S-or-MA20|trail=20%|hold=60,26.03527669008503,8.051507081828913,8.51672146789928,0.9317910042373692,0.9453763531161814,55,54.54545454545454,5.029497614079386,1.9044469405472109,-34.38185233852087,2.3578687428313785,7.35,7,10,48.67,0.10132802124833998,13.785821599414527,13.903443802804105,6.924387614196236,1.01361107661409,2.007895077147263,20,55.00000000000001,6.301583285923465,0.22105620948279503,-16.97103746076054,2.5240468625481656,0.215,5,10,34.34,0.11560000000000001,14.287315238053754,14.287315238053754,4.820066922291611,1.8450864183184343,2.9641321310246704,21,61.904761904761905,7.278399230404135,2.324841024468993,-24.211782585831575,3.3441972607081483,6.385,6,10,24.46,0.10515873015873016,67.04164215936417,10.851736247362087,8.51672146789928,1.0928267022567477,1.2741682686540596,96,56.25,6.004555980510807,1.988055911693376,-34.38185233852087,2.6148939824692374,15.965,7,10,48.67,0.10876494023904382,1.4989441087263613
b-confirm5-ma20+jf,S-or-MA20,0.2,120.0,,b-confirm5-ma20+jf|exit=S-or-MA20|trail=20%|hold=120,26.03527669008503,8.051507081828913,8.51672146789928,0.9317910042373692,0.9453763531161814,55,54.54545454545454,5.029497614079386,1.9044469405472109,-34.38185233852087,2.3578687428313785,7.35,7,10,48.67,0.10132802124833998,13.785821599414527,13.903443802804105,6.924387614196236,1.01361107661409,2.007895077147263,20,55.00000000000001,6.301583285923465,0.22105620948279503,-16.97103746076054,2.5240468625481656,0.215,5,10,34.34,0.11560000000000001,14.287315238053754,14.287315238053754,4.820066922291611,1.8450864183184343,2.9641321310246704,21,61.904761904761905,7.278399230404135,2.324841024468993,-24.211782585831575,3.3441972607081483,6.385,6,10,24.46,0.10515873015873016,67.04164215936417,10.851736247362087,8.51672146789928,1.0928267022567477,1.2741682686540596,96,56.25,6.004555980510807,1.988055911693376,-34.38185233852087,2.6148939824692374,15.965,7,10,48.67,0.10876494023904382,1.4989441087263613
v4-b+jf,MA20-down,,,,v4-b+jf|exit=MA20-down|trail=none|hold=none,31.250295926425075,9.527608086450922,17.397598877382315,0.7810588106469523,0.5476392549110473,67,47.76119402985074,5.224972516384354,-0.4682478915206234,-37.168436157154915,2.2623410613895807,14.33,7,10,75.25,0.1541832669322709,23.036988490495226,23.24121695426875,7.22515719850807,1.432075009414177,3.2167074453505116,21,61.904761904761905,9.861513341040261,2.058622140114297,-16.87266341559851,4.105702414501557,9.33,6,10,32.76,0.15599999999999997,14.80297594023401,14.80297594023401,6.18502157960259,1.3909040343297119,2.3933588185128296,26,61.53846153846154,5.350773323652224,1.324420967465989,-23.820405064149387,2.7607805235573197,9.325,8,10,31.66,0.1619047619047619,70.1867853380632,11.267715563131064,17.397598877382315,0.8911603180327685,0.6476592340440506,113,52.21238938053098,5.531485776246939,0.8359020401503381,-52.18005142712598,2.3362654581308524,18.535,8,10,81.91,0.16223107569721112,1.4211350317119833
v4-b+jf,MA20-down,,60.0,,v4-b+jf|exit=MA20-down|trail=none|hold=60,31.250295926425075,9.527608086450922,17.397598877382315,0.7810588106469523,0.5476392549110473,67,47.76119402985074,5.224972516384354,-0.4682478915206234,-37.168436157154915,2.2623410613895807,14.33,7,10,75.25,0.1541832669322709,23.036988490495226,23.24121695426875,7.22515719850807,1.432075009414177,3.2167074453505116,21,61.904761904761905,9.861513341040261,2.058622140114297,-16.87266341559851,4.105702414501557,9.33,6,10,32.76,0.15599999999999997,14.80297594023401,14.80297594023401,6.18502157960259,1.3909040343297119,2.3933588185128296,26,61.53846153846154,5.350773323652224,1.324420967465989,-23.820405064149387,2.7607805235573197,9.325,8,10,31.66,0.1619047619047619,71.85320775693907,11.485633292596553,17.397598877382315,0.9077433334298252,0.66018496998045,114,52.63157894736842,5.573009810000762,0.8762455105200129,-51.632066020561915,2.359803738791891,18.535,8,10,79.92,0.16191235059760953,1.4211350317119833
v4-b+jf,MA20-down,,120.0,,v4-b+jf|exit=MA20-down|trail=none|hold=120,31.250295926425075,9.527608086450922,17.397598877382315,0.7810588106469523,0.5476392549110473,67,47.76119402985074,5.224972516384354,-0.4682478915206234,-37.168436157154915,2.2623410613895807,14.33,7,10,75.25,0.1541832669322709,23.036988490495226,23.24121695426875,7.22515719850807,1.432075009414177,3.2167074453505116,21,61.904761904761905,9.861513341040261,2.058622140114297,-16.87266341559851,4.105702414501557,9.33,6,10,32.76,0.15599999999999997,14.80297594023401,14.80297594023401,6.18502157960259,1.3909040343297119,2.3933588185128296,26,61.53846153846154,5.350773323652224,1.324420967465989,-23.820405064149387,2.7607805235573197,9.325,8,10,31.66,0.1619047619047619,70.1867853380632,11.267715563131064,17.397598877382315,0.8911603180327685,0.6476592340440506,113,52.21238938053098,5.531485776246939,0.8359020401503381,-52.18005142712598,2.3362654581308524,18.535,8,10,81.91,0.16223107569721112,1.4211350317119833
b-confirm5-ma20+jf,MA20-down,0.15,,,b-confirm5-ma20+jf|exit=MA20-down|trail=15%|hold=none,26.551066794208133,8.199290925899394,8.497510052858392,0.9378967071392005,0.9649051163100791,55,52.72727272727272,5.090822092358986,1.421028152530246,-34.38185233852087,2.3423322725450184,4.5,6,10,49.68,0.10358565737051792,11.566726094372015,11.664459081737167,6.92438761419627,0.8762790470963505,1.6845473898403487,20,50.0,4.830238833157968,0.15976954412864064,-16.97103746076054,2.1576005339661224,0.215,5,10,40.98,0.11240000000000001,13.769062585041759,13.769062585041759,3.941243562906005,1.7794836525416362,3.4935832727093343,21,61.904761904761905,6.706619043603077,2.324841024468993,-21.011725753607337,3.2715250479200897,6.385,7,10,24.09,0.10317460317460317,63.70846275467306,10.403998036880369,8.497510052858392,1.0500474343745652,1.2243584264287715,96,54.166666666666664,5.608082786002951,1.8183499472947506,-34.38185233852087,2.49807583498327,2.2249999999999996,6,10,49.68,0.10908366533864541,1.4091920268684022
b-confirm5-ma20+jf,MA20-down,0.15,60.0,,b-confirm5-ma20+jf|exit=MA20-down|trail=15%|hold=60,26.551066794208133,8.199290925899394,8.497510052858392,0.9378967071392005,0.9649051163100791,55,52.72727272727272,5.090822092358986,1.421028152530246,-34.38185233852087,2.3423322725450184,4.5,6,10,49.68,0.10358565737051792,11.566726094372015,11.664459081737167,6.92438761419627,0.8762790470963505,1.6845473898403487,20,50.0,4.830238833157968,0.15976954412864064,-16.97103746076054,2.1576005339661224,0.215,5,10,40.98,0.11240000000000001,13.769062585041759,13.769062585041759,3.941243562906005,1.7794836525416362,3.4935832727093343,21,61.904761904761905,6.706619043603077,2.324841024468993,-21.011725753607337,3.2715250479200897,6.385,7,10,24.09,0.10317460317460317,63.70846275467306,10.403998036880369,8.497510052858392,1.0500474343745652,1.2243584264287715,96,54.166666666666664,5.608082786002951,1.8183499472947506,-34.38185233852087,2.49807583498327,2.2249999999999996,6,10,49.68,0.10908366533864541,1.4091920268684022
b-confirm5-ma20+jf,MA20-down,0.15,120.0,,b-confirm5-ma20+jf|exit=MA20-down|trail=15%|hold=120,26.551066794208133,8.199290925899394,8.497510052858392,0.9378967071392005,0.9649051163100791,55,52.72727272727272,5.090822092358986,1.421028152530246,-34.38185233852087,2.3423322725450184,4.5,6,10,49.68,0.10358565737051792,11.566726094372015,11.664459081737167,6.92438761419627,0.8762790470963505,1.6845473898403487,20,50.0,4.830238833157968,0.15976954412864064,-16.97103746076054,2.1576005339661224,0.215,5,10,40.98,0.11240000000000001,13.769062585041759,13.769062585041759,3.941243562906005,1.7794836525416362,3.4935832727093343,21,61.904761904761905,6.706619043603077,2.324841024468993,-21.011725753607337,3.2715250479200897,6.385,7,10,24.09,0.10317460317460317,63.70846275467306,10.403998036880369,8.497510052858392,1.0500474343745652,1.2243584264287715,96,54.166666666666664,5.608082786002951,1.8183499472947506,-34.38185233852087,2.49807583498327,2.2249999999999996,6,10,49.68,0.10908366533864541,1.4091920268684022
b-confirm3-ma20+jf,S,0.2,,,b-confirm3-ma20+jf|exit=S|trail=20%|hold=none,27.135956975407183,8.366389197954494,12.152781914417554,0.689894943536109,0.6884340768124011,45,48.888888888888886,6.921683058736998,-0.1998999999999973,-34.38185233852087,1.8971959274553178,15.0,6,10,66.54,0.24568393094289503,23.71689293129664,23.927713375413305,10.08439424923261,1.3706864497985187,2.3727467197381866,16,56.25,14.622549712896529,2.776487767745006,-23.72333142580999,4.13234760806615,10.175,6,10,44.92,0.2924,32.68754052471567,32.68754052471567,9.704373497585273,2.3519803141590168,3.368330838961348,17,64.70588235294117,20.622365934890805,16.521418373581742,-27.047831583052417,4.771159630786228,31.86,8,10,46.32,0.26111111111111107,143.98252023350463,19.61355413506576,12.152781914417554,1.2947791520817404,1.6139147623308416,76,52.63157894736842,16.138155133299765,2.54671151694289,-34.38185233852087,3.2996304245895187,55.36,8,10,66.54,0.29402390438247006,1.3877950267661647
b-confirm3-ma20+jf,S-or-MA20,,,,b-confirm3-ma20+jf|exit=S-or-MA20|trail=none|hold=none,22.195140427672566,6.938376804138557,13.615303994797113,0.7167640060506064,0.5096013138443296,46,52.17391304347826,4.552970357182382,1.1523455705649943,-33.328235966336415,2.2723137236202686,6.359999999999999,6,10,59.63,0.09787516600265606,25.654811281729263,25.884585784612547,6.17428959573143,1.631095453055871,4.192318060770545,18,66.66666666666666,13.26226636478637,3.4312158250949465,-16.97103746076054,5.078706641913917,9.37,6,10,34.34,0.13479999999999998,13.515039110878346,13.515039110878346,4.6731894212837854,1.7058304527857835,2.892037512822579,19,57.89473684210527,7.67454389393941,2.2750409540071015,-23.820405064149398,3.2498827465761124,6.385,6,10,30.63,0.1126984126984127,77.63678788853447,12.229082713698535,13.615303994797113,1.1115034224894245,0.8981865346797765,83,56.62650602409639,7.40856290095311,1.904446940547233,-33.328235966336415,3.096630799615235,18.67,7,10,59.63,0.11203187250996016,1.3852687588253167
b-confirm3-ma20+jf,S-or-MA20,,60.0,,b-confirm3-ma20+jf|exit=S-or-MA20|trail=none|hold=60,22.195140427672566,6.938376804138557,13.615303994797113,0.7167640060506064,0.5096013138443296,46,52.17391304347826,4.552970357182382,1.1523455705649943,-33.328235966336415,2.2723137236202686,6.359999999999999,6,10,59.63,0.09787516600265606,25.654811281729263,25.884585784612547,6.17428959573143,1.631095453055871,4.192318060770545,18,66.66666666666666,13.26226636478637,3.4312158250949465,-16.97103746076054,5.078706641913917,9.37,6,10,34.34,0.13479999999999998,13.515039110878346,13.515039110878346,4.6731894212837854,1.7058304527857835,2.892037512822579,19,57.89473684210527,7.67454389393941,2.2750409540071015,-23.820405064149398,3.2498827465761124,6.385,6,10,30.63,0.1126984126984127,77.63678788853447,12.229082713698535,13.615303994797113,1.1115034224894245,0.8981865346797765,83,56.62650602409639,7.40856290095311,1.904446940547233,-33.328235966336415,3.096630799615235,18.67,7,10,59.63,0.11203187250996016,1.3852687588253167
b-confirm3-ma20+jf,S-or-MA20,,120.0,,b-confirm3-ma20+jf|exit=S-or-MA20|trail=none|hold=120,22.195140427672566,6.938376804138557,13.615303994797113,0.7167640060506064,0.5096013138443296,46,52.17391304347826,4.552970357182382,1.1523455705649943,-33.328235966336415,2.2723137236202686,6.359999999999999,6,10,59.63,0.09787516600265606,25.654811281729263,25.884585784612547,6.17428959573143,1.631095453055871,4.192318060770545,18,66.66666666666666,13.26226636478637,3.4312158250949465,-16.97103746076054,5.078706641913917,9.37,6,10,34.34,0.13479999999999998,13.515039110878346,13.515039110878346,4.6731894212837854,1.7058304527857835,2.892037512822579,19,57.89473684210527,7.67454389393941,2.2750409540071015,-23.820405064149398,3.2498827465761124,6.385,6,10,30.63,0.1126984126984127,77.63678788853447,12.229082713698535,13.615303994797113,1.1115034224894245,0.8981865346797765,83,56.62650602409639,7.40856290095311,1.904446940547233,-33.328235966336415,3.096630799615235,18.67,7,10,59.63,0.11203187250996016,1.3852687588253167
all-confirm3-ma20,S,,,,all-confirm3-ma20|exit=S|trail=none|hold=none,30.91821804768873,9.43478954822583,12.643428019319924,0.7182075000201805,0.7462208456289623,21,61.904761904761905,12.327399053073872,2.6820226105563227,-36.74616428221981,2.9284177900757724,19.275,7,10,77.87,0.3318725099601593,18.655536035083276,18.81801964767691,11.90695043643234,1.2632202368065972,1.5804231106983024,9,77.77777777777779,19.304900284590367,18.562322664074426,-33.82485821096204,6.119764561608028,17.455,6,10,50.24,0.32680000000000003,24.25800038311643,24.25800038311643,7.385621923066587,1.783232330769954,3.284489869073105,11,72.72727272727273,19.46202598018419,13.173983572783698,-8.078611631424504,14.538452756982405,12.075,7,10,48.3,0.25357142857142856,145.76806367707258,19.78881403631174,13.367827612037397,1.2576926444884224,1.4803313306114454,35,71.42857142857143,29.770609557518423,19.241631641253253,-36.74616428221981,6.496584397882925,70.85,10,10,77.87,0.3828685258964143,1.3795226193246957
b-confirm3-ma20+jf,S-or-MA20,0.15,,,b-confirm3-ma20+jf|exit=S-or-MA20|trail=15%|hold=none,18.45871424795458,5.832739173011969,6.784418901155231,0.7766083317351274,0.8597256829201374,49,55.10204081632652,4.282351933718497,1.904446940547233,-34.38185233852088,2.110372676033199,2.915,5,10,45.56,0.08486055776892432,12.903592045412848,13.013264821581227,6.174289595731397,1.0132785713923422,2.10765378264375,18,50.0,6.8317564368772485,0.15976954412865174,-16.97103746076054,2.589378417739696,0.215,5,10,40.98,0.1,13.672780577122001,13.672780577122001,3.696949023868168,1.8473781247367973,3.6983957552154685,19,57.89473684210527,7.822369120810045,2.2750409540071015,-21.011725753607337,3.397101943709464,6.385,6,10,21.37,0.09761904761904763,54.94505074989098,9.191058919537332,6.784418901155231,1.018008632501487,1.354730457161527,86,54.65116279069767,5.8414980198732875,1.8183499472947506,-34.38185233852088,2.505516846011301,15.435,6,10,45.56,0.09426294820717132,1.378771584969596
b-confirm3-ma20+jf,S-or-MA20,0.15,60.0,,b-confirm3-ma20+jf|exit=S-or-MA20|trail=15%|hold=60,18.45871424795458,5.832739173011969,6.784418901155231,0.7766083317351274,0.8597256829201374,49,55.10204081632652,4.282351933718497,1.904446940547233,-34.38185233852088,2.110372676033199,2.915,5,10,45.56,0.08486055776892432,12.903592045412848,13.013264821581227,6.174289595731397,1.0132785713923422,2.10765378264375,18,50.0,6.8317564368772485,0.15976954412865174,-16.97103746076054,2.589378417739696,0.215,5,10,40.98,0.1,13.672780577122001,13.672780577122001,3.696949023868168,1.8473781247367973,3.6983957552154685,19,57.89473684210527,7.822369120810045,2.2750409540071015,-21.011725753607337,3.397101943709464,6.385,6,10,21.37,0.09761904761904763,54.94505074989098,9.191058919537332,6.784418901155231,1.018008632501487,1.354730457161527,86,54.65116279069767,5.8414980198732875,1.8183499472947506,-34.38185233852088,2.505516846011301,15.435,6,10,45.56,0.09426294820717132,1.378771584969596
b-confirm3-ma20+jf,S-or-MA20,0.15,120.0,,b-confirm3-ma20+jf|exit=S-or-MA20|trail=15%|hold=120,18.45871424795458,5.832739173011969,6.784418901155231,0.7766083317351274,0.8597256829201374,49,55.10204081632652,4.282351933718497,1.904446940547233,-34.38185233852088,2.110372676033199,2.915,5,10,45.56,0.08486055776892432,12.903592045412848,13.013264821581227,6.174289595731397,1.0132785713923422,2.10765378264375,18,50.0,6.8317564368772485,0.15976954412865174,-16.97103746076054,2.589378417739696,0.215,5,10,40.98,0.1,13.672780577122001,13.672780577122001,3.696949023868168,1.8473781247367973,3.6983957552154685,19,57.89473684210527,7.822369120810045,2.2750409540071015,-21.011725753607337,3.397101943709464,6.385,6,10,21.37,0.09761904761904763,54.94505074989098,9.191058919537332,6.784418901155231,1.018008632501487,1.354730457161527,86,54.65116279069767,5.8414980198732875,1.8183499472947506,-34.38185233852088,2.505516846011301,15.435,6,10,45.56,0.09426294820717132,1.378771584969596
stage5-ma60+jf,MA20-down,,,,stage5-ma60+jf|exit=MA20-down|trail=none|hold=none,28.92940849815462,8.875596279726272,17.735059676159214,0.7523868016559052,0.5004548302511498,59,52.54237288135594,5.570768233823651,1.4210281525302682,-37.168436157154915,2.3022989760588257,11.905000000000001,7,10,75.25,0.1349269588313413,22.161226228633858,22.357008526590526,7.225157198508104,1.3948808318586574,3.094328318725985,19,57.89473684210527,10.560860782444644,2.553486310297992,-16.87266341559851,3.79057850000754,5.115,5,10,32.76,0.14479999999999998,15.470930312353603,15.470930312353603,5.872455837510982,1.5555575269074977,2.6344907037923164,21,61.904761904761905,6.88619879963932,2.3248410244690154,-23.82040506414941,3.1002854023635233,10.445,7,10,38.74,0.14246031746031745,66.89543730028863,10.83224730279191,17.735059676159214,0.8823720681486931,0.6107815536337563,98,55.10204081632652,6.148292391827794,1.5766405532862904,-52.18005142712598,2.372529663067347,15.645,8,10,78.2,0.1443824701195219,1.345191562447542
stage5-ma60+jf,MA20-down,,60.0,,stage5-ma60+jf|exit=MA20-down|trail=none|hold=60,28.92940849815462,8.875596279726272,17.735059676159214,0.7523868016559052,0.5004548302511498,59,52.54237288135594,5.570768233823651,1.4210281525302682,-37.168436157154915,2.3022989760588257,11.905000000000001,7,10,75.25,0.1349269588313413,22.161226228633858,22.357008526590526,7.225157198508104,1.3948808318586574,3.094328318725985,19,57.89473684210527,10.560860782444644,2.553486310297992,-16.87266341559851,3.79057850000754,5.115,5,10,32.76,0.14479999999999998,15.470930312353603,15.470930312353603,5.872455837510982,1.5555575269074977,2.6344907037923164,21,61.904761904761905,6.88619879963932,2.3248410244690154,-23.82040506414941,3.1002854023635233,10.445,7,10,38.74,0.14246031746031745,68.5296317400794,11.049312168027514,17.735059676159214,0.8994762088259793,0.6230208620544323,99,55.55555555555556,6.189877575992994,1.7322529540422904,-51.632066020561915,2.3976578310855863,15.645,8,10,75.8,0.1440637450199203,1.345191562447542
stage5-ma60+jf,MA20-down,,120.0,,stage5-ma60+jf|exit=MA20-down|trail=none|hold=120,28.92940849815462,8.875596279726272,17.735059676159214,0.7523868016559052,0.5004548302511498,59,52.54237288135594,5.570768233823651,1.4210281525302682,-37.168436157154915,2.3022989760588257,11.905000000000001,7,10,75.25,0.1349269588313413,22.161226228633858,22.357008526590526,7.225157198508104,1.3948808318586574,3.094328318725985,19,57.89473684210527,10.560860782444644,2.553486310297992,-16.87266341559851,3.79057850000754,5.115,5,10,32.76,0.14479999999999998,15.470930312353603,15.470930312353603,5.872455837510982,1.5555575269074977,2.6344907037923164,21,61.904761904761905,6.88619879963932,2.3248410244690154,-23.82040506414941,3.1002854023635233,10.445,7,10,38.74,0.14246031746031745,66.89543730028863,10.83224730279191,17.735059676159214,0.8823720681486931,0.6107815536337563,98,55.10204081632652,6.148292391827794,1.5766405532862904,-52.18005142712598,2.372529663067347,15.645,8,10,78.2,0.1443824701195219,1.345191562447542
b-confirm5-ma20+jf,S,0.2,,,b-confirm5-ma20+jf|exit=S|trail=20%|hold=none,28.39220086641174,8.723566292384465,14.988696140842784,0.6698472544459756,0.5820096831914265,50,48.0,6.645423285558795,-0.4967422602022542,-34.38185233852087,1.8370520770935561,9.02,6,10,67.5,0.2702523240371845,27.106359383333235,27.350489306266603,11.28577658459291,1.4140042904043126,2.423447699966423,17,64.70588235294117,15.256358548990079,3.7543327154057726,-23.72333142580999,4.477547932989135,15.595,6,10,44.92,0.3388,35.12259868124299,35.12259868124299,8.854547671476421,2.440729035282876,3.9666169277494663,17,64.70588235294117,21.400954552667194,16.521418373581742,-27.047831583052417,5.5632464303056866,31.86,8,10,46.32,0.27380952380952384,159.0641809107651,21.062846835890745,14.988696140842784,1.2995444898431363,1.4052487713388542,82,53.65853658536586,15.690496112805171,2.54671151694289,-34.38185233852087,3.3339539834085166,59.714999999999996,8,10,67.5,0.31976095617529876,1.3236568264501953
b-confirm3-ma20+jf,S-or-MA20,0.2,,,b-confirm3-ma20+jf|exit=S-or-MA20|trail=20%|hold=none,19.140190627777564,6.036105991527285,8.243644810135509,0.7619653006494175,0.7322132540336929,49,55.10204081632652,4.345733888505825,1.904446940547233,-34.38185233852087,2.1156724274266008,6.359999999999999,6,10,48.67,0.0907038512616202,13.139719402715588,13.251514394825858,6.17428959573143,1.0097867390902417,2.1462411487772193,18,55.55555555555556,6.874460742141168,0.22105620948279503,-16.97103746076054,2.6151199968580476,0.215,5,10,34.34,0.10640000000000001,13.22186870956774,13.22186870956774,4.078959460723375,1.7953350079348314,3.2414807837347164,19,57.89473684210527,7.653945077008769,2.2750409540071015,-24.211782585831575,3.2303752042952603,6.385,6,10,24.46,0.09841269841269842,55.54288781343899,9.27552463193011,8.243644810135509,0.9956891908654191,1.1251727658772868,86,55.81395348837209,5.849339141351257,1.8183499472947617,-34.38185233852087,2.4882309977511796,17.96,7,10,48.67,0.09920318725099601,1.3147179179260222
b-confirm3-ma20+jf,S-or-MA20,0.2,60.0,,b-confirm3-ma20+jf|exit=S-or-MA20|trail=20%|hold=60,19.140190627777564,6.036105991527285,8.243644810135509,0.7619653006494175,0.7322132540336929,49,55.10204081632652,4.345733888505825,1.904446940547233,-34.38185233852087,2.1156724274266008,6.359999999999999,6,10,48.67,0.0907038512616202,13.139719402715588,13.251514394825858,6.17428959573143,1.0097867390902417,2.1462411487772193,18,55.55555555555556,6.874460742141168,0.22105620948279503,-16.97103746076054,2.6151199968580476,0.215,5,10,34.34,0.10640000000000001,13.22186870956774,13.22186870956774,4.078959460723375,1.7953350079348314,3.2414807837347164,19,57.89473684210527,7.653945077008769,2.2750409540071015,-24.211782585831575,3.2303752042952603,6.385,6,10,24.46,0.09841269841269842,55.54288781343899,9.27552463193011,8.243644810135509,0.9956891908654191,1.1251727658772868,86,55.81395348837209,5.849339141351257,1.8183499472947617,-34.38185233852087,2.4882309977511796,17.96,7,10,48.67,0.09920318725099601,1.3147179179260222
b-confirm3-ma20+jf,S-or-MA20,0.2,120.0,,b-confirm3-ma20+jf|exit=S-or-MA20|trail=20%|hold=120,19.140190627777564,6.036105991527285,8.243644810135509,0.7619653006494175,0.7322132540336929,49,55.10204081632652,4.345733888505825,1.904446940547233,-34.38185233852087,2.1156724274266008,6.359999999999999,6,10,48.67,0.0907038512616202,13.139719402715588,13.251514394825858,6.17428959573143,1.0097867390902417,2.1462411487772193,18,55.55555555555556,6.874460742141168,0.22105620948279503,-16.97103746076054,2.6151199968580476,0.215,5,10,34.34,0.10640000000000001,13.22186870956774,13.22186870956774,4.078959460723375,1.7953350079348314,3.2414807837347164,19,57.89473684210527,7.653945077008769,2.2750409540071015,-24.211782585831575,3.2303752042952603,6.385,6,10,24.46,0.09841269841269842,55.54288781343899,9.27552463193011,8.243644810135509,0.9956891908654191,1.1251727658772868,86,55.81395348837209,5.849339141351257,1.8183499472947617,-34.38185233852087,2.4882309977511796,17.96,7,10,48.67,0.09920318725099601,1.3147179179260222
b-confirm3-ma20+jf,MA20-down,0.15,,,b-confirm3-ma20+jf|exit=MA20-down|trail=15%|hold=none,20.633428271343448,6.479028699649247,7.500890836485697,0.822578964175175,0.8637678964922505,49,55.10204081632652,4.597296965641999,1.904446940547233,-34.38185233852087,2.193873169209532,2.915,5,10,49.68,0.0904382470119522,10.62936212970833,10.718800371713556,6.17428959573143,0.8445097493428678,1.73603783974175,18,50.0,5.050576750234663,0.15976954412865174,-16.97103746076054,2.174994711554747,0.215,5,10,40.98,0.1052,12.122059793963547,12.122059793963547,5.0107124584569345,1.647002206872901,2.4192287812293616,19,57.89473684210527,6.721864535261418,2.2750409540071015,-21.011725753607337,3.0598611870617374,6.385,6,10,24.09,0.09801587301587303,52.50202038901213,8.843163463189295,7.500890836485697,0.960818297666864,1.1789484283886045,86,54.65116279069767,5.405003660329811,1.8183499472947506,-34.38185233852087,2.394235881408786,6.855,6,10,49.68,0.09872509960159362,1.3047701553850284
b-confirm3-ma20+jf,MA20-down,0.15,60.0,,b-confirm3-ma20+jf|exit=MA20-down|trail=15%|hold=60,20.633428271343448,6.479028699649247,7.500890836485697,0.822578964175175,0.8637678964922505,49,55.10204081632652,4.597296965641999,1.904446940547233,-34.38185233852087,2.193873169209532,2.915,5,10,49.68,0.0904382470119522,10.62936212970833,10.718800371713556,6.17428959573143,0.8445097493428678,1.73603783974175,18,50.0,5.050576750234663,0.15976954412865174,-16.97103746076054,2.174994711554747,0.215,5,10,40.98,0.1052,12.122059793963547,12.122059793963547,5.0107124584569345,1.647002206872901,2.4192287812293616,19,57.89473684210527,6.721864535261418,2.2750409540071015,-21.011725753607337,3.0598611870617374,6.385,6,10,24.09,0.09801587301587303,52.50202038901213,8.843163463189295,7.500890836485697,0.960818297666864,1.1789484283886045,86,54.65116279069767,5.405003660329811,1.8183499472947506,-34.38185233852087,2.394235881408786,6.855,6,10,49.68,0.09872509960159362,1.3047701553850284
b-confirm3-ma20+jf,MA20-down,0.15,120.0,,b-confirm3-ma20+jf|exit=MA20-down|trail=15%|hold=120,20.633428271343448,6.479028699649247,7.500890836485697,0.822578964175175,0.8637678964922505,49,55.10204081632652,4.597296965641999,1.904446940547233,-34.38185233852087,2.193873169209532,2.915,5,10,49.68,0.0904382470119522,10.62936212970833,10.718800371713556,6.17428959573143,0.8445097493428678,1.73603783974175,18,50.0,5.050576750234663,0.15976954412865174,-16.97103746076054,2.174994711554747,0.215,5,10,40.98,0.1052,12.122059793963547,12.122059793963547,5.0107124584569345,1.647002206872901,2.4192287812293616,19,57.89473684210527,6.721864535261418,2.2750409540071015,-21.011725753607337,3.0598611870617374,6.385,6,10,24.09,0.09801587301587303,52.50202038901213,8.843163463189295,7.500890836485697,0.960818297666864,1.1789484283886045,86,54.65116279069767,5.405003660329811,1.8183499472947506,-34.38185233852087,2.394235881408786,6.855,6,10,49.68,0.09872509960159362,1.3047701553850284
b-confirm3-ma20+jf,S,0.2,120.0,,b-confirm3-ma20+jf|exit=S|trail=20%|hold=120,24.270677324401003,7.542850950807711,12.152781914417554,0.640882445823327,0.6206686669707442,47,48.93617021276596,5.9531530082237545,-0.1998999999999973,-34.38185233852087,1.8015928301830657,4.68,6,10,66.54,0.21646746347941564,23.71689293129664,23.927713375413305,10.08439424923261,1.3706864497985187,2.3727467197381866,16,56.25,14.622549712896529,2.776487767745006,-23.72333142580999,4.13234760806615,10.175,6,10,44.92,0.2924,32.68754052471567,32.68754052471567,9.704373497585273,2.3519803141590168,3.368330838961348,17,64.70588235294117,20.622365934890805,16.521418373581742,-27.047831583052417,4.771159630786228,31.86,8,10,46.32,0.26111111111111107,150.4503936306033,20.243622165261833,12.152781914417554,1.3501950425765936,1.6657603425965903,79,53.16455696202531,15.902543242539089,3.2947802138015847,-34.38185233852087,3.3474307638814604,67.765,8,10,66.54,0.26876494023904385,1.293451520425217
all-confirm5-ma20,S,,,,all-confirm5-ma20|exit=S|trail=none|hold=none,29.273985076174913,8.972889851594235,17.59450938917948,0.6182250977935089,0.5099823844541246,23,60.86956521739131,10.256571203177373,2.466404843313952,-36.74616428221981,2.522674004138534,19.6,7,10,77.87,0.3934926958831341,29.606123217938517,29.875288217049413,12.937906104551711,1.605071621404021,2.309128538700627,10,90.0,27.637841243116583,26.14293599887264,-36.427927019376106,8.586992591814504,28.255000000000003,7,10,50.24,0.39680000000000004,21.872345025678584,21.872345025678584,9.47638735591979,1.4414991589971848,2.3080889588177484,12,66.66666666666666,15.788871965492266,9.310478140387923,-24.615822196118874,5.686431414641235,12.075,7,10,57.45,0.31309523809523804,159.8696542718307,21.13833391120936,17.59450938917948,1.1947462577254773,1.2014165012301685,39,69.23076923076923,27.996950690302512,16.50919972702112,-36.74616428221981,6.020137620453401,67.56,9,10,77.87,0.4457370517928287,1.2927871769337411
b-confirm5-ma20+jf,MA20-down,0.2,,,b-confirm5-ma20+jf|exit=MA20-down|trail=20%|hold=none,24.488415575945943,7.605874115392508,9.92991869627502,0.8427794410792872,0.7659553263256502,55,52.72727272727272,4.199009091933313,1.4210281525302904,-34.38185233852087,2.0972605296199855,4.5,7,10,52.56,0.1095617529880478,11.493416255997424,11.590498225566993,6.924387614196226,0.8560287474458881,1.6738661772492935,20,55.00000000000001,4.698521567945138,0.22105620948279503,-16.97103746076054,2.136344110572571,0.215,5,10,34.34,0.12080000000000002,11.677418732899314,11.677418732899314,4.820066922291632,1.518864218748268,2.4226673449063756,21,61.904761904761905,5.703334428611801,2.324841024468993,-24.211782585831575,2.8369067869490716,6.385,6,10,24.46,0.10634920634920635,57.97558813596244,9.61657674418932,9.92991869627502,0.9523697601140149,0.9684446608607941,96,55.208333333333336,4.850238648060396,1.8183499472947617,-34.38185233852087,2.280213694992497,7.965,6,10,52.56,0.11498007968127491,1.2788387372335428
b-confirm5-ma20+jf,MA20-down,0.2,60.0,,b-confirm5-ma20+jf|exit=MA20-down|trail=20%|hold=60,24.488415575945943,7.605874115392508,9.92991869627502,0.8427794410792872,0.7659553263256502,55,52.72727272727272,4.199009091933313,1.4210281525302904,-34.38185233852087,2.0972605296199855,4.5,7,10,52.56,0.1095617529880478,11.493416255997424,11.590498225566993,6.924387614196226,0.8560287474458881,1.6738661772492935,20,55.00000000000001,4.698521567945138,0.22105620948279503,-16.97103746076054,2.136344110572571,0.215,5,10,34.34,0.12080000000000002,11.677418732899314,11.677418732899314,4.820066922291632,1.518864218748268,2.4226673449063756,21,61.904761904761905,5.703334428611801,2.324841024468993,-24.211782585831575,2.8369067869490716,6.385,6,10,24.46,0.10634920634920635,57.97558813596244,9.61657674418932,9.92991869627502,0.9523697601140149,0.9684446608607941,96,55.208333333333336,4.850238648060396,1.8183499472947617,-34.38185233852087,2.280213694992497,7.965,6,10,52.56,0.11498007968127491,1.2788387372335428
b-confirm5-ma20+jf,MA20-down,0.2,120.0,,b-confirm5-ma20+jf|exit=MA20-down|trail=20%|hold=120,24.488415575945943,7.605874115392508,9.92991869627502,0.8427794410792872,0.7659553263256502,55,52.72727272727272,4.199009091933313,1.4210281525302904,-34.38185233852087,2.0972605296199855,4.5,7,10,52.56,0.1095617529880478,11.493416255997424,11.590498225566993,6.924387614196226,0.8560287474458881,1.6738661772492935,20,55.00000000000001,4.698521567945138,0.22105620948279503,-16.97103746076054,2.136344110572571,0.215,5,10,34.34,0.12080000000000002,11.677418732899314,11.677418732899314,4.820066922291632,1.518864218748268,2.4226673449063756,21,61.904761904761905,5.703334428611801,2.324841024468993,-24.211782585831575,2.8369067869490716,6.385,6,10,24.46,0.10634920634920635,57.97558813596244,9.61657674418932,9.92991869627502,0.9523697601140149,0.9684446608607941,96,55.208333333333336,4.850238648060396,1.8183499472947617,-34.38185233852087,2.280213694992497,7.965,6,10,52.56,0.11498007968127491,1.2788387372335428
v4-b+jf,S-or-MA20,,,,v4-b+jf|exit=S-or-MA20|trail=none|hold=none,23.436616755003747,7.30075459664401,16.770281240903294,0.6483049452480218,0.43533882895399617,67,49.25373134328358,3.5712650647428306,-0.27459758968430004,-37.16843615715493,1.8678860548033243,14.33,7,10,73.22,0.1435590969455511,25.56583110306252,25.794730006758183,7.2251571985080805,1.578765795554484,3.570127167902246,21,61.904761904761905,11.442077589640757,2.058622140114297,-16.87266341559851,4.603472080616067,9.33,6,10,32.76,0.1508,16.53192715196443,16.53192715196443,6.18502157960269,1.717543676419924,2.67289724687208,26,61.53846153846154,6.46394716047647,1.324420967465989,-23.820405064149387,3.1270929596587713,9.325,8,10,31.66,0.15357142857142858,65.80480759659011,10.686435436307494,16.770281240903294,0.8875461405135533,0.6372245809594957,113,53.09734513274337,5.10083064100852,0.9165889808896655,-52.18005142712598,2.236518486659035,18.535,8,10,81.91,0.15314741035856577,1.2611327964243555
v4-b+jf,S-or-MA20,,60.0,,v4-b+jf|exit=S-or-MA20|trail=none|hold=60,23.436616755003747,7.30075459664401,16.770281240903294,0.6483049452480218,0.43533882895399617,67,49.25373134328358,3.5712650647428306,-0.27459758968430004,-37.16843615715493,1.8678860548033243,14.33,7,10,73.22,0.1435590969455511,25.56583110306252,25.794730006758183,7.2251571985080805,1.578765795554484,3.570127167902246,21,61.904761904761905,11.442077589640757,2.058622140114297,-16.87266341559851,4.603472080616067,9.33,6,10,32.76,0.1508,16.53192715196443,16.53192715196443,6.18502157960269,1.717543676419924,2.67289724687208,26,61.53846153846154,6.46394716047647,1.324420967465989,-23.820405064149387,3.1270929596587713,9.325,8,10,31.66,0.15357142857142858,67.42832288884712,10.903214729122457,16.770281240903294,0.9050558546874671,0.6501509767486272,114,53.50877192982456,5.146132351387243,1.1677449949190732,-51.632066020561915,2.26002138142035,18.535,8,10,79.92,0.15282868525896415,1.2611327964243555
v4-b+jf,S-or-MA20,,120.0,,v4-b+jf|exit=S-or-MA20|trail=none|hold=120,23.436616755003747,7.30075459664401,16.770281240903294,0.6483049452480218,0.43533882895399617,67,49.25373134328358,3.5712650647428306,-0.27459758968430004,-37.16843615715493,1.8678860548033243,14.33,7,10,73.22,0.1435590969455511,25.56583110306252,25.794730006758183,7.2251571985080805,1.578765795554484,3.570127167902246,21,61.904761904761905,11.442077589640757,2.058622140114297,-16.87266341559851,4.603472080616067,9.33,6,10,32.76,0.1508,16.53192715196443,16.53192715196443,6.18502157960269,1.717543676419924,2.67289724687208,26,61.53846153846154,6.46394716047647,1.324420967465989,-23.820405064149387,3.1270929596587713,9.325,8,10,31.66,0.15357142857142858,65.80480759659011,10.686435436307494,16.770281240903294,0.8875461405135533,0.6372245809594957,113,53.09734513274337,5.10083064100852,0.9165889808896655,-52.18005142712598,2.236518486659035,18.535,8,10,81.91,0.15314741035856577,1.2611327964243555
b-confirm3-ma20+jf,S,0.2,60.0,,b-confirm3-ma20+jf|exit=S|trail=20%|hold=60,22.623985731038744,7.063829363052387,12.152781914417554,0.6165043857298105,0.5812520468809002,48,50.0,5.5661147162584,0.7362791420759407,-34.38185233852087,1.7654244156051444,6.175000000000001,6,10,66.54,0.18472775564409033,22.957934086646105,23.161398048601733,10.08439424923263,1.3733550757710213,2.2967565008046162,16,56.25,13.390137158932824,10.114433170938497,-23.72333142580999,3.868348196790138,16.185000000000002,6,10,44.92,0.21880000000000002,30.858989762346624,30.858989762346624,9.704373497585273,2.325425708296909,3.179905407600524,17,64.70588235294117,18.514543238944352,16.521418373581742,-27.047831583052417,4.61891937595291,23.75,8,10,46.32,0.23968253968253972,133.55555823126278,18.56911531536436,12.152781914417554,1.2946052852544,1.5279723972775925,80,55.00000000000001,13.363640214000222,3.844251774277574,-34.38185233852087,3.054660987813823,45.34,10,10,66.54,0.21816733067729083,1.253266715364041
b-confirm5-ma20+jf,S,0.2,60.0,,b-confirm5-ma20+jf|exit=S|trail=20%|hold=60,25.716112531724566,7.95985873970666,14.988696140842784,0.6409023759119097,0.5310574492211364,53,49.056603773584904,5.684093694968169,-0.1998999999999973,-34.38185233852087,1.781363451917233,1.8199999999999998,6,10,67.5,0.2050464807436919,26.33372354373322,26.570195537527532,11.28577658459291,1.4171777313932674,2.3543081274354276,18,61.111111111111114,13.354518645604493,10.114433170938497,-23.72333142580999,4.218308009032328,18.88,6,10,44.92,0.2508,33.26049068033532,33.26049068033532,8.854547671476421,2.415739312904182,3.756317308842205,17,64.70588235294117,19.293131856720745,16.521418373581742,-27.047831583052417,5.448032175672978,23.75,8,10,46.32,0.25238095238095243,150.5337886407331,20.251660747018562,14.988696140842784,1.3129140091356428,1.3511289145314447,87,55.172413793103445,13.132756599460704,3.7543327154057504,-34.38185233852087,3.1018632803312887,55.52,10,10,67.5,0.2392828685258964,1.2457344636275276
b-confirm5-ma20+jf,S,0.2,120.0,,b-confirm5-ma20+jf|exit=S|trail=20%|hold=120,25.51363324815039,7.901636304622217,14.988696140842784,0.6247564131181269,0.5271730262841878,52,48.07692307692308,5.780646500409451,-0.4967422602022542,-34.38185233852087,1.7536678736779296,5.805,5,10,67.5,0.24103585657370513,27.106359383333235,27.350489306266603,11.28577658459291,1.4140042904043126,2.423447699966423,17,64.70588235294117,15.256358548990079,3.7543327154057726,-23.72333142580999,4.477547932989135,15.595,6,10,44.92,0.3388,35.12259868124299,35.12259868124299,8.854547671476421,2.440729035282876,3.9666169277494663,17,64.70588235294117,21.400954552667194,16.521418373581742,-27.047831583052417,5.5632464303056866,31.86,8,10,46.32,0.27380952380952384,169.37893871998625,22.015680601516575,14.988696140842784,1.370554003192947,1.4688189282539341,85,54.11764705882353,15.672571227476192,3.2947802138015847,-34.38185233852087,3.408562264973648,73.305,8,10,67.5,0.2906772908366534,1.242322607837464
b-confirm5-ma20+jf,S,0.15,,,b-confirm5-ma20+jf|exit=S|trail=15%|hold=none,25.206094933079616,7.813084734922482,12.895300094872052,0.6877693920984855,0.605886228117284,51,49.01960784313725,5.865445273149183,-1.886966772336618,-34.38185233852088,1.832811238208086,6.27,5,10,71.77,0.22616201859229745,16.966625146383652,17.11336374207002,9.753803241800806,1.0349502217129616,1.7545323929366496,19,47.368421052631575,8.302550700603412,-1.0594691409384294,-20.56036340301006,2.6303301023443413,10.145,6,10,44.88,0.26,28.803977127888626,28.803977127888626,8.327640122080403,2.3341403980764905,3.458840284358114,20,60.0,14.45292371915497,14.040394790356892,-21.011725753607337,4.1780350022251564,28.945,8,10,33.93,0.22936507936507936,103.94191985278187,15.384618743296997,12.895300094872052,1.129085652327675,1.1930407691260203,89,50.56179775280899,9.587598156909918,1.4429666207416147,-34.38185233852088,2.537227559075348,40.245000000000005,7,10,71.77,0.263187250996016,1.2135199279038065
stage5-ma60+jf,S-or-MA20,,,,stage5-ma60+jf|exit=S-or-MA20|trail=none|hold=none,21.237943796154468,6.6573022211087185,17.277315371166146,0.6128754281304981,0.3853204087608999,59,54.23728813559322,3.6928292633154807,1.9044469405472109,-37.16843615715493,1.8688711103090974,11.905000000000001,7,10,73.22,0.12430278884462151,24.672068848244223,24.89220110304935,7.225157198508104,1.5424438039426664,3.4452123904223497,19,57.89473684210527,12.31397248019381,2.553486310297992,-16.87266341559851,4.253816858379127,5.115,5,10,32.76,0.1396,17.18969269512549,17.18969269512549,5.872455837511015,1.9124694786247043,2.9271727486351233,21,61.904761904761905,8.264414026183625,2.3248410244690154,-23.82040506414941,3.5206399994131687,10.445,7,10,38.74,0.13412698412698412,62.54872571432326,10.246504429717596,17.277315371166146,0.8759133820626095,0.5930611446045508,98,56.12244897959183,5.652917317895983,1.8183499472947617,-52.18005142712598,2.266623935308076,15.645,8,10,78.2,0.13529880478087647,1.1726866174299975
stage5-ma60+jf,S-or-MA20,,60.0,,stage5-ma60+jf|exit=S-or-MA20|trail=none|hold=60,21.237943796154468,6.6573022211087185,17.277315371166146,0.6128754281304981,0.3853204087608999,59,54.23728813559322,3.6928292633154807,1.9044469405472109,-37.16843615715493,1.8688711103090974,11.905000000000001,7,10,73.22,0.12430278884462151,24.672068848244223,24.89220110304935,7.225157198508104,1.5424438039426664,3.4452123904223497,19,57.89473684210527,12.31397248019381,2.553486310297992,-16.87266341559851,4.253816858379127,5.115,5,10,32.76,0.1396,17.18969269512549,17.18969269512549,5.872455837511015,1.9124694786247043,2.9271727486351233,21,61.904761904761905,8.264414026183625,2.3248410244690154,-23.82040506414941,3.5206399994131687,10.445,7,10,38.74,0.13412698412698412,64.14035834403644,10.462422118017756,17.277315371166146,0.8939470673377679,0.6055583227634043,99,56.56565656565656,5.699506290686759,1.9044469405472109,-51.632066020561915,2.2917125651316828,15.645,8,10,75.8,0.1349800796812749,1.1726866174299975
stage5-ma60+jf,S-or-MA20,,120.0,,stage5-ma60+jf|exit=S-or-MA20|trail=none|hold=120,21.237943796154468,6.6573022211087185,17.277315371166146,0.6128754281304981,0.3853204087608999,59,54.23728813559322,3.6928292633154807,1.9044469405472109,-37.16843615715493,1.8688711103090974,11.905000000000001,7,10,73.22,0.12430278884462151,24.672068848244223,24.89220110304935,7.225157198508104,1.5424438039426664,3.4452123904223497,19,57.89473684210527,12.31397248019381,2.553486310297992,-16.87266341559851,4.253816858379127,5.115,5,10,32.76,0.1396,17.18969269512549,17.18969269512549,5.872455837511015,1.9124694786247043,2.9271727486351233,21,61.904761904761905,8.264414026183625,2.3248410244690154,-23.82040506414941,3.5206399994131687,10.445,7,10,38.74,0.13412698412698412,62.54872571432326,10.246504429717596,17.277315371166146,0.8759133820626095,0.5930611446045508,98,56.12244897959183,5.652917317895983,1.8183499472947617,-52.18005142712598,2.266623935308076,15.645,8,10,78.2,0.13529880478087647,1.1726866174299975
b-confirm3-ma20+jf,MA20-down,0.2,,,b-confirm3-ma20+jf|exit=MA20-down|trail=20%|hold=none,18.67286292174539,5.896729300593018,8.948900869334942,0.7223020329576295,0.6589333580394491,49,55.10204081632652,3.596282373327468,1.904446940547233,-34.38185233852087,1.9246767997263927,6.359999999999999,6,10,52.56,0.09641434262948208,10.860330866729306,10.951807023480708,6.174289595731375,0.8447904950104946,1.7737760520744432,18,55.55555555555556,5.0932810554985855,0.22105620948279503,-16.97103746076054,2.1966407825891254,0.215,5,10,34.34,0.1116,10.636303033826477,10.636303033826477,5.267083950220441,1.454064412589858,2.0193912104593132,19,57.89473684210527,5.913083980290926,2.2750409540071015,-24.211782585831575,2.7230847305361836,6.385,6,10,24.46,0.09960317460317461,48.34458450735553,8.240754473317292,8.948900869334942,0.8760459575101706,0.9208677795902015,86,55.81395348837209,4.664912171107711,1.8183499472947617,-34.38185233852087,2.1879031618494436,11.15,6,10,52.56,0.10390438247011953,1.1699021934718294
b-confirm3-ma20+jf,MA20-down,0.2,60.0,,b-confirm3-ma20+jf|exit=MA20-down|trail=20%|hold=60,18.67286292174539,5.896729300593018,8.948900869334942,0.7223020329576295,0.6589333580394491,49,55.10204081632652,3.596282373327468,1.904446940547233,-34.38185233852087,1.9246767997263927,6.359999999999999,6,10,52.56,0.09641434262948208,10.860330866729306,10.951807023480708,6.174289595731375,0.8447904950104946,1.7737760520744432,18,55.55555555555556,5.0932810554985855,0.22105620948279503,-16.97103746076054,2.1966407825891254,0.215,5,10,34.34,0.1116,10.636303033826477,10.636303033826477,5.267083950220441,1.454064412589858,2.0193912104593132,19,57.89473684210527,5.913083980290926,2.2750409540071015,-24.211782585831575,2.7230847305361836,6.385,6,10,24.46,0.09960317460317461,48.34458450735553,8.240754473317292,8.948900869334942,0.8760459575101706,0.9208677795902015,86,55.81395348837209,4.664912171107711,1.8183499472947617,-34.38185233852087,2.1879031618494436,11.15,6,10,52.56,0.10390438247011953,1.1699021934718294
b-confirm3-ma20+jf,MA20-down,0.2,120.0,,b-confirm3-ma20+jf|exit=MA20-down|trail=20%|hold=120,18.67286292174539,5.896729300593018,8.948900869334942,0.7223020329576295,0.6589333580394491,49,55.10204081632652,3.596282373327468,1.904446940547233,-34.38185233852087,1.9246767997263927,6.359999999999999,6,10,52.56,0.09641434262948208,10.860330866729306,10.951807023480708,6.174289595731375,0.8447904950104946,1.7737760520744432,18,55.55555555555556,5.0932810554985855,0.22105620948279503,-16.97103746076054,2.1966407825891254,0.215,5,10,34.34,0.1116,10.636303033826477,10.636303033826477,5.267083950220441,1.454064412589858,2.0193912104593132,19,57.89473684210527,5.913083980290926,2.2750409540071015,-24.211782585831575,2.7230847305361836,6.385,6,10,24.46,0.09960317460317461,48.34458450735553,8.240754473317292,8.948900869334942,0.8760459575101706,0.9208677795902015,86,55.81395348837209,4.664912171107711,1.8183499472947617,-34.38185233852087,2.1879031618494436,11.15,6,10,52.56,0.10390438247011953,1.1699021934718294
stage5-ma60+jf,S,0.2,120.0,,stage5-ma60+jf|exit=S|trail=20%|hold=120,26.28827563250049,8.124046353182713,20.71034344546936,0.6064065669386597,0.39226999661176293,58,48.275862068965516,5.4074300697146125,-0.4967422602022431,-34.38185233852087,1.669870110995439,13.440000000000001,8,10,81.3,0.2771580345285525,26.75972436433318,27.000413930232583,13.022672426917048,1.377777404727645,2.0733389464995233,17,58.82352941176471,15.565015903892684,4.24682223715358,-23.72333142580999,3.7210629036935416,17.6,6,10,43.6,0.3052,48.963552408023304,48.963552408023304,5.6944685808234645,2.7220162799950023,8.598441050831612,17,70.58823529411765,29.02645999853459,16.521418373581742,-29.509529277369474,6.68593649390493,28.68,7,10,38.38,0.2670634920634921,191.97932781289177,24.005577543780454,20.71034344546936,1.395174820915059,1.1591105481658233,91,53.84615384615385,16.115629194439457,4.24682223715358,-34.38185233852087,3.1974765598075026,90.215,8,10,81.3,0.2962549800796813,1.1443045923904358
b-confirm3-ma20+jf,S,0.15,,,b-confirm3-ma20+jf|exit=S|trail=15%|hold=none,22.083121549251274,6.905559044535536,10.331092833134804,0.6672914356925608,0.6684248371466968,46,50.0,5.773375315352375,-0.22200007579749603,-34.38185233852088,1.824334976223372,6.58,5,10,69.46,0.2049136786188579,12.618548707848799,12.72566494242846,8.659219297149823,0.861170933266213,1.4696088071839348,18,38.88888888888889,6.709322820083226,-2.6769717564176894,-20.56036340301006,2.2467036669684277,4.65,5,10,44.88,0.21600000000000003,27.23490043119621,27.23490043119621,8.420281476548352,2.3278091344733496,3.2344406190041473,18,61.111111111111114,15.57622358351024,15.291588354892626,-21.011725753607337,4.09813760050873,23.75,8,10,28.67,0.21428571428571427,87.87276021944159,13.498724615316092,10.331092833134804,1.074422595191496,1.3066114914795635,81,49.382716049382715,9.505513902311902,-0.06198834990690516,-34.38185233852088,2.4473779719722324,32.81,8,10,69.46,0.2403187250996016,1.1400044569335652
b-confirm5-ma20+jf,S,0.15,60.0,,b-confirm5-ma20+jf|exit=S|trail=15%|hold=60,22.344064471820737,6.981975554645614,12.895300094872052,0.6457260283429436,0.5414356783695222,53,50.943396226415096,5.0337178880431495,1.4429666207416147,-34.38185233852088,1.7518307072935042,1.315,6,10,71.77,0.1713147410358566,16.654282234455152,16.798130477475894,9.753803241800785,1.034923183179505,1.722213382928007,20,45.0,7.7124823686117585,-0.5852832372652272,-20.56036340301006,2.5923415336834164,16.365,6,10,44.88,0.2,28.803977127888626,28.803977127888626,8.327640122080403,2.3341403980764905,3.458840284358114,20,60.0,14.45292371915497,14.040394790356892,-21.011725753607337,4.1780350022251564,28.945,8,10,33.93,0.22936507936507936,98.79913925030878,14.794394175738578,12.895300094872052,1.1236478363352231,1.1472702509359762,92,52.17391304347826,8.708685458988159,2.5986496680736826,-34.38185233852088,2.4507057917656305,52.205,7,10,71.77,0.20191235059760956,1.136208493315535
b-confirm5-ma20+jf,S-or-cond,0.2,60.0,,b-confirm5-ma20+jf|exit=S-or-cond|trail=20%|hold=60,22.552141147852733,7.042832635848639,14.988696140842784,0.5904622203820084,0.4698762700684541,53,49.056603773584904,4.689959175546338,-0.1998999999999973,-34.38185233852087,1.6447048355307432,1.4,5,10,66.54,0.1861885790172643,23.725835570858166,23.936742919365585,11.28577658459291,1.3055061699515473,2.1209655126474405,18,61.111111111111114,11.900087789071929,5.052505872696445,-23.72333142580999,3.8678044380404146,12.764999999999999,6,10,44.92,0.23200000000000004,28.776454195759516,28.776454195759516,7.6939002893190995,2.4963693918634964,3.7401646906846246,18,61.111111111111114,16.625069474872777,15.03857687640524,-27.047831583052417,4.751582062256595,23.5,8,10,46.32,0.20952380952380958,118.86618083846075,17.032583072520758,14.988696140842784,1.199021954134594,1.136361889818326,88,54.54545454545454,10.71508158703824,5.095988266180573,-34.38185233852087,2.715601478434667,75.265,10,10,66.54,0.2145816733067729,1.1319098443775828
b-confirm5-ma20+jf,S-or-MA60,0.2,60.0,,b-confirm5-ma20+jf|exit=S-or-MA60|trail=20%|hold=60,18.863134346033128,5.953520202014007,12.581383681681203,0.5704865942735011,0.47320075062033723,53,47.16981132075472,4.240965842552851,-0.1998999999999973,-34.38185233852087,1.7022724321657576,4.994999999999999,6,10,62.68,0.13426294820717133,22.641456873943035,22.841864432350746,10.810010531704805,1.3289683873028113,2.1130288786821785,20,60.0,10.296265095686694,3.05078256934056,-15.22567356832203,4.0700694298818485,7.97,7,10,37.84,0.186,24.43359664632667,24.43359664632667,9.704373497585216,1.9782135473061226,2.5177922771013086,20,65.0,12.787352379059769,4.051129137112863,-27.047831583052417,3.6953403439392947,15.330000000000002,7,10,46.32,0.21349206349206348,106.08782790754057,15.627386448963243,12.581383681681203,1.183359118576748,1.2421039564763527,92,54.347826086956516,9.895882316101712,2.0397426886588077,-34.38185233852087,2.8961746626720886,46.43,8,10,62.68,0.16693227091633467,1.127680269121756
stage5-ma60+jf,S,0.2,,,stage5-ma60+jf|exit=S|trail=20%|hold=none,25.42469635069835,7.876042958449192,21.35070236276254,0.5848251488833189,0.36888917397798054,56,46.42857142857143,5.639095531844524,-1.9806956289144362,-34.38185233852087,1.6647068430147758,16.225,7,10,81.3,0.29229747675962814,26.75972436433318,27.000413930232583,13.022672426917048,1.377777404727645,2.0733389464995233,17,58.82352941176471,15.565015903892684,4.24682223715358,-23.72333142580999,3.7210629036935416,17.6,6,10,43.6,0.3052,48.963552408023304,48.963552408023304,5.6944685808234645,2.7220162799950023,8.598441050831612,17,70.58823529411765,29.02645999853459,16.521418373581742,-29.509529277369474,6.68593649390493,28.68,7,10,38.38,0.2670634920634921,173.68034419357005,22.404426305328574,21.35070236276254,1.2977631945727988,1.0493531278110932,88,52.27272727272727,15.866069066911804,3.5639815447705225,-34.38185233852087,3.070764646264402,55.27,7,10,81.3,0.3258167330677291,1.1123209695959886
v4-b-only,MA20-down,,,,v4-b-only|exit=MA20-down|trail=none|hold=none,19.240538297672536,6.065986410952884,16.209693660012224,0.669094425701705,0.37421968225822155,63,36.507936507936506,4.171259632382814,-1.4975331781151402,-37.168436157154915,2.0017881055043087,14.33,6,10,69.93,0.1289508632138114,10.933270520102445,11.025391055175815,8.871026987501928,1.1876740569897302,1.2428539638881826,19,42.10526315789473,6.079648014768179,-0.9937749792822581,-21.250825897295854,2.344549774017366,9.33,6,10,36.05,0.1264,7.166656234992486,7.166656234992486,5.65562940761728,0.8541306220498304,1.2671721781027732,22,45.45454545454545,3.053461741127624,-1.790199978901269,-9.94312819396389,1.9577525941297373,1.175,7,10,30.51,0.1285714285714286,32.97790999800867,5.88989792723098,16.209693660012224,0.662542196734178,0.3633565230020848,103,38.83495145631068,3.8680211225593113,-1.5982440891030514,-52.18005142712598,1.8616654995894866,12.42,7,10,75.87,0.1344223107569721,1.1095667107459635
v4-b-only,MA20-down,,60.0,,v4-b-only|exit=MA20-down|trail=none|hold=60,19.240538297672536,6.065986410952884,16.209693660012224,0.669094425701705,0.37421968225822155,63,36.507936507936506,4.171259632382814,-1.4975331781151402,-37.168436157154915,2.0017881055043087,14.33,6,10,69.93,0.1289508632138114,10.933270520102445,11.025391055175815,8.871026987501928,1.1876740569897302,1.2428539638881826,19,42.10526315789473,6.079648014768179,-0.9937749792822581,-21.250825897295854,2.344549774017366,9.33,6,10,36.05,0.1264,7.166656234992486,7.166656234992486,5.65562940761728,0.8541306220498304,1.2671721781027732,22,45.45454545454545,3.053461741127624,-1.790199978901269,-9.94312819396389,1.9577525941297373,1.175,7,10,30.51,0.1285714285714286,32.86461732597352,5.871776952020524,16.209693660012224,0.6631282744902365,0.3622386132136254,104,38.46153846153847,3.8288195511597256,-1.5478886336090958,-51.632066020561915,1.860824599383917,12.42,7,10,75.78,0.13378486055776892,1.1095667107459635
v4-b-only,MA20-down,,120.0,,v4-b-only|exit=MA20-down|trail=none|hold=120,19.240538297672536,6.065986410952884,16.209693660012224,0.669094425701705,0.37421968225822155,63,36.507936507936506,4.171259632382814,-1.4975331781151402,-37.168436157154915,2.0017881055043087,14.33,6,10,69.93,0.1289508632138114,10.933270520102445,11.025391055175815,8.871026987501928,1.1876740569897302,1.2428539638881826,19,42.10526315789473,6.079648014768179,-0.9937749792822581,-21.250825897295854,2.344549774017366,9.33,6,10,36.05,0.1264,7.166656234992486,7.166656234992486,5.65562940761728,0.8541306220498304,1.2671721781027732,22,45.45454545454545,3.053461741127624,-1.790199978901269,-9.94312819396389,1.9577525941297373,1.175,7,10,30.51,0.1285714285714286,32.97790999800867,5.88989792723098,16.209693660012224,0.662542196734178,0.3633565230020848,103,38.83495145631068,3.8680211225593113,-1.5982440891030514,-52.18005142712598,1.8616654995894866,12.42,7,10,75.87,0.1344223107569721,1.1095667107459635
b-confirm3-ma20+jf,S-or-cond,0.2,60.0,,b-confirm3-ma20+jf|exit=S-or-cond|trail=20%|hold=60,19.449869029532408,6.128264790430804,12.152781914417554,0.5550934926738134,0.5042684739664822,48,50.0,4.433361411075729,0.8735687019514604,-34.38185233852087,1.6096538142354564,1.2,6,10,66.54,0.16852589641434265,20.419510867955125,20.598646504682172,10.08439424923262,1.2510050191629012,2.042626061178602,16,56.25,11.753902445333695,5.052505872696445,-23.72333142580999,3.5178446257982245,5.68,6,10,44.92,0.2,23.54272975298848,23.54272975298848,9.32184791191315,2.200473112253526,2.525543215836133,17,58.82352941176471,15.396241977199868,13.55573537922874,-27.047831583052417,3.8142854785705547,12.74,8,10,46.32,0.19404761904761905,99.18683360717789,14.839311543225197,12.152781914417554,1.1352793694279986,1.2210629342093646,80,53.75,10.543830163422204,5.095988266180573,-34.38185233852087,2.602543258554938,52.465,9,10,66.54,0.19450199203187252,1.1028588269309518
all-confirm3-ma20,Scond,,120.0,,all-confirm3-ma20|exit=Scond|trail=none|hold=120,28.132230820878277,8.649842666097118,14.16219128446954,0.6615189806025326,0.6107700773384314,23,65.21739130434783,9.83719874320508,5.913950518680022,-54.192974017337626,2.290823165951016,7.734999999999999,6,10,76.02,0.22563081009296146,15.436864049441446,15.569511187743124,15.413799933603723,0.9682386526842136,1.0101020679397774,9,66.66666666666666,14.87030322342713,6.350679029987116,-33.70674888049696,4.31962885131503,1.83,5,10,57.28,0.27959999999999996,9.389548270574721,9.389548270574721,6.908608059846322,0.9335526618587975,1.359108548239685,10,70.0,7.866843200291758,10.539453805080612,-26.466136685179563,2.7651321904511814,10.535,7,10,48.3,0.225,90.70925348030042,13.840752291389101,15.750289173582054,0.9750528235375168,0.8787617889964956,41,70.73170731707317,15.822192477048594,12.714467981415535,-54.192974017337626,3.3343591395919945,68.23,9,10,76.02,0.26772908366533865,1.1025960531528445
b-confirm3-ma20+jf,S-or-cond,0.2,,,b-confirm3-ma20+jf|exit=S-or-cond|trail=20%|hold=none,19.705878912911334,6.204332141309843,12.152781914417554,0.5599065078769411,0.5105277281368212,48,50.0,4.429882429437562,0.8735687019514604,-34.38185233852087,1.6091754019814803,2.07,7,10,66.54,0.17543160690571052,18.951933097383368,19.117199998315716,10.084394249232654,1.146204221401588,1.89572120306288,16,56.25,11.256313443777897,2.776487767745006,-23.72333142580999,3.41125434233701,4.5649999999999995,6,10,44.92,0.24000000000000005,25.29732859779086,25.29732859779086,9.32184791191315,2.2636728469319003,2.7137675745021905,17,58.82352941176471,17.504064673146324,13.55573537922874,-27.047831583052417,4.005946414290767,21.92,8,10,46.32,0.21547619047619046,94.86001998909626,14.334001496114679,12.152781914417554,1.0951951570575158,1.179483150200319,79,51.89873417721519,10.835712482138637,1.9470374039029181,-34.38185233852087,2.5392756917798143,47.835,9,10,66.54,0.21784860557768929,1.086396774531557
b-confirm3-ma20+jf,S-or-cond,0.2,120.0,,b-confirm3-ma20+jf|exit=S-or-cond|trail=20%|hold=120,19.705878912911334,6.204332141309843,12.152781914417554,0.5599065078769411,0.5105277281368212,48,50.0,4.429882429437562,0.8735687019514604,-34.38185233852087,1.6091754019814803,2.07,7,10,66.54,0.17543160690571052,18.951933097383368,19.117199998315716,10.084394249232654,1.146204221401588,1.89572120306288,16,56.25,11.256313443777897,2.776487767745006,-23.72333142580999,3.41125434233701,4.5649999999999995,6,10,44.92,0.24000000000000005,25.29732859779086,25.29732859779086,9.32184791191315,2.2636728469319003,2.7137675745021905,17,58.82352941176471,17.504064673146324,13.55573537922874,-27.047831583052417,4.005946414290767,21.92,8,10,46.32,0.21547619047619046,101.75405002515427,15.134992914202194,12.152781914417554,1.1350791902522417,1.2453932787394686,80,52.5,11.141557707666546,2.8506850596543343,-34.38185233852087,2.6469071323098117,57.195,9,10,66.54,0.21928286852589646,1.086396774531557
b-confirm3-ma20+jf,S,0.15,120.0,,b-confirm3-ma20+jf|exit=S|trail=15%|hold=120,19.928942543407512,6.270522091826569,10.331092833134804,0.6232408502117415,0.6069563204112532,47,51.06382978723404,5.110918413563513,1.4429666207416147,-34.38185233852088,1.7456120372792492,3.49,5,10,69.46,0.1767596281540505,12.618548707848799,12.72566494242846,8.659219297149823,0.861170933266213,1.4696088071839348,18,38.88888888888889,6.709322820083226,-2.6769717564176894,-20.56036340301006,2.2467036669684277,4.65,5,10,44.88,0.21600000000000003,27.23490043119621,27.23490043119621,8.420281476548352,2.3278091344733496,3.2344406190041473,18,61.111111111111114,15.57622358351024,15.291588354892626,-21.011725753607337,4.09813760050873,23.75,8,10,28.67,0.21428571428571427,85.00180820201567,13.14831318123555,10.331092833134804,1.0644555104639137,1.2726933533173863,82,50.0,8.888291096575692,0.6904891354173603,-34.38185233852088,2.3916498094997056,32.81,8,10,69.46,0.21147410358565738,1.082252450368971
b-confirm5-ma20+jf,S-or-cond,0.2,,,b-confirm5-ma20+jf|exit=S-or-cond|trail=20%|hold=none,21.001038842057284,6.587508835102596,14.988696140842784,0.5548596409450317,0.439498457584463,53,49.056603773584904,4.436090799380929,-0.1998999999999973,-34.38185233852087,1.5894901380064108,6.685,6,10,66.54,0.19734395750332007,22.836246733601897,23.038534710902493,11.285776584592943,1.2387502225469886,2.041377882879067,18,61.111111111111114,11.81210113696223,2.776487767745006,-23.72333142580999,3.8466005178777203,4.5649999999999995,6,10,44.92,0.2752,30.60538430133013,30.60538430133013,7.6939002893190995,2.5511824038512745,3.9778763891465334,18,61.111111111111114,18.615790909933317,15.03857687640524,-27.047831583052417,4.907347296427509,31.86,8,10,46.32,0.23095238095238094,112.05698040697118,16.29221329331678,14.988696140842784,1.147775140725192,1.0869666807723213,87,52.87356321839081,10.902663036130164,1.947037403902896,-34.38185233852087,2.600433491187816,72.69,8,10,66.54,0.24111553784860557,1.07242888286021
b-confirm5-ma20+jf,S-or-cond,0.2,120.0,,b-confirm5-ma20+jf|exit=S-or-cond|trail=20%|hold=120,21.001038842057284,6.587508835102596,14.988696140842784,0.5548596409450317,0.439498457584463,53,49.056603773584904,4.436090799380929,-0.1998999999999973,-34.38185233852087,1.5894901380064108,6.685,6,10,66.54,0.19734395750332007,22.836246733601897,23.038534710902493,11.285776584592943,1.2387502225469886,2.041377882879067,18,61.111111111111114,11.81210113696223,2.776487767745006,-23.72333142580999,3.8466005178777203,4.5649999999999995,6,10,44.92,0.2752,30.60538430133013,30.60538430133013,7.6939002893190995,2.5511824038512745,3.9778763891465334,18,61.111111111111114,18.615790909933317,15.03857687640524,-27.047831583052417,4.907347296427509,31.86,8,10,46.32,0.23095238095238094,119.5180238155634,17.10248862749073,14.988696140842784,1.1828271833750166,1.1410257748095955,88,53.40909090909091,11.179943348496547,2.850685059654323,-34.38185233852087,2.702833716013696,72.69,9,10,66.54,0.24254980079681276,1.07242888286021
b-confirm5-ma20+jf,S-or-cond,0.15,,,b-confirm5-ma20+jf|exit=S-or-cond|trail=15%|hold=none,19.70415157626477,6.203819266476485,12.895300094872052,0.6006935502199953,0.481091500068579,53,52.83018867924528,4.119993704880051,1.9470374039029181,-34.38185233852088,1.6140921196075266,4.63,5,10,67.32,0.15644090305444885,15.811230633550565,15.947311221765936,9.753803241800796,0.9820322377009995,1.6349838956584963,20,45.0,7.397334883986645,-0.5852832372652328,-20.56036340301006,2.527275267723868,10.145,6,10,44.88,0.2164,29.800132054902505,29.800132054902505,7.645672857266616,2.6218754749057713,3.8976467619301554,20,60.0,14.950559323779016,15.03857687640524,-21.011725753607337,4.502932920995853,34.67,8,10,33.93,0.2027777777777778,99.91072735689713,14.922993495723723,12.895300094872052,1.1648870873475083,1.1572428238143915,92,52.17391304347826,9.113074789449035,2.8506850596543343,-34.38185233852088,2.4965198032753224,61.035,7,10,67.32,0.20015936254980077,1.0616796183961728
b-confirm5-ma20+jf,S-or-cond,0.15,120.0,,b-confirm5-ma20+jf|exit=S-or-cond|trail=15%|hold=120,19.70415157626477,6.203819266476485,12.895300094872052,0.6006935502199953,0.481091500068579,53,52.83018867924528,4.119993704880051,1.9470374039029181,-34.38185233852088,1.6140921196075266,4.63,5,10,67.32,0.15644090305444885,15.811230633550565,15.947311221765936,9.753803241800796,0.9820322377009995,1.6349838956584963,20,45.0,7.397334883986645,-0.5852832372652328,-20.56036340301006,2.527275267723868,10.145,6,10,44.88,0.2164,29.800132054902505,29.800132054902505,7.645672857266616,2.6218754749057713,3.8976467619301554,20,60.0,14.950559323779016,15.03857687640524,-21.011725753607337,4.502932920995853,34.67,8,10,33.93,0.2027777777777778,101.64609195896017,15.122619490865796,12.895300094872052,1.1799033004283037,1.1727233472355916,92,52.17391304347826,9.202596501908134,2.8506850596543343,-34.38185233852088,2.5337686536869914,65.52,7,10,67.32,0.1985657370517928,1.0616796183961728
b-confirm3-ma20+jf,S,0.15,60.0,,b-confirm3-ma20+jf|exit=S|trail=15%|hold=60,18.734681239404203,5.915187045055381,10.331092833134804,0.60425056860277,0.5725616002678502,48,52.083333333333336,4.7684210588665925,2.688568726945506,-34.38185233852088,1.7104474162517946,5.880000000000001,6,10,69.46,0.15112881806108897,12.313343128080433,12.417728442982856,8.53531326012924,0.8568891762660131,1.454864990250496,18,38.88888888888889,6.473730759488869,-2.6769717564176894,-20.56036340301006,2.2029267473406446,8.175,5,10,44.88,0.1704,27.23490043119621,27.23490043119621,8.420281476548352,2.3278091344733496,3.2344406190041473,18,61.111111111111114,15.57622358351024,15.291588354892626,-21.011725753607337,4.09813760050873,23.75,8,10,28.67,0.21428571428571427,83.49187393539965,12.962272450208179,10.331092833134804,1.0706939647264202,1.2546855070970249,83,51.80722891566265,8.637196161504454,1.4429666207416147,-34.38185233852088,2.3809043543247865,36.56,8,10,69.46,0.18087649402390438,1.0590579110150768
b-confirm5-ma20+jf,S-or-cond,0.15,60.0,,b-confirm5-ma20+jf|exit=S-or-cond|trail=15%|hold=60,19.88768578421729,6.258286099594468,12.895300094872052,0.6065964507159701,0.4853152740573396,53,52.83018867924528,4.139233549456571,1.9470374039029181,-34.38185233852088,1.6245838158929191,0.895,5,10,67.32,0.15258964143426296,15.401588081886896,15.533912196487275,9.753803241800806,0.9727788951878438,1.5926005283677744,20,45.0,7.1173631273970335,-0.5852832372652161,-20.56036340301006,2.469471484847125,15.695,6,10,44.88,0.1864,29.800132054902505,29.800132054902505,7.645672857266616,2.6218754749057713,3.8976467619301554,20,60.0,14.950559323779016,15.03857687640524,-21.011725753607337,4.502932920995853,34.67,8,10,33.93,0.2027777777777778,101.29009029345006,15.081779437195886,12.895300094872052,1.1885924142436195,1.1695562977393064,92,53.2608695652174,9.148308040751347,2.8506850596543343,-34.38185233852088,2.5497658329809374,63.435,7,10,67.32,0.1839840637450199,1.0520058066302866
b-confirm3-ma20+jf,S,,,,b-confirm3-ma20+jf|exit=S|trail=none|hold=none,32.149893379684656,9.778270647257937,29.747826294639523,0.5184345357835112,0.3287053833919944,29,58.620689655172406,9.005243040566109,8.481864091411184,-52.99088510555606,1.8582014092853845,6.4750000000000005,6,10,89.96,0.44541832669322706,48.82181891786559,49.29592059481729,17.088613013742616,1.683869657378269,2.884723327468042,12,83.33333333333334,35.85309472438854,28.25464205971415,-28.116732030304547,16.24159478032471,28.255000000000003,8,10,54.89,0.4555999999999999,32.3674971461199,32.3674971461199,9.275018412342051,1.9712675576866312,3.4897501769968704,14,71.42857142857143,20.133495221678587,16.574816725675724,-26.0765539858968,7.728874775132992,34.67,8,10,50.57,0.3281746031746032,234.08063259603372,27.405351761581432,29.747826294639523,1.1430558393503698,0.9212556067170461,49,69.38775510204081,27.06456221676983,19.241631641253253,-52.99088510555606,4.653073898962958,86.77000000000001,9,10,89.96,0.5011155378486056,1.0513656838988628
b-confirm5-ma20+jf,S-or-MA60,0.2,,,b-confirm5-ma20+jf|exit=S-or-MA60|trail=20%|hold=none,16.70072294546472,5.30449843107641,12.581383681681203,0.5150524874633408,0.42161486886373933,53,47.16981132075472,3.7977879415912956,-0.1998999999999973,-34.38185233852087,1.6288854646812376,0.8049999999999999,6,10,62.68,0.1359893758300133,24.93122075740837,25.1538896444816,10.810010531704805,1.4376991226936144,2.326907043310223,20,60.0,11.680266340102294,3.05078256934056,-15.22567356832203,4.482741391210695,7.97,7,10,37.84,0.21960000000000002,26.897698413346703,26.897698413346703,9.704373497585216,2.0922494762113253,2.7717089021810404,20,65.0,14.878541336161302,4.051129137112863,-27.047831583052417,4.136124784360772,23.44,7,10,46.32,0.22738095238095238,118.03516312044904,16.94322060174549,12.581383681681203,1.2517270138961267,1.3466897624635061,92,54.347826086956516,11.503243994953042,2.0397426886588077,-34.38185233852087,3.20416523812879,51.66,9,10,62.68,0.18286852589641434,1.0506467502923023
b-confirm5-ma20+jf,S-or-MA60,0.2,120.0,,b-confirm5-ma20+jf|exit=S-or-MA60|trail=20%|hold=120,16.70072294546472,5.30449843107641,12.581383681681203,0.5150524874633408,0.42161486886373933,53,47.16981132075472,3.7977879415912956,-0.1998999999999973,-34.38185233852087,1.6288854646812376,0.8049999999999999,6,10,62.68,0.1359893758300133,24.93122075740837,25.1538896444816,10.810010531704805,1.4376991226936144,2.326907043310223,20,60.0,11.680266340102294,3.05078256934056,-15.22567356832203,4.482741391210695,7.97,7,10,37.84,0.21960000000000002,26.897698413346703,26.897698413346703,9.704373497585216,2.0922494762113253,2.7717089021810404,20,65.0,14.878541336161302,4.051129137112863,-27.047831583052417,4.136124784360772,23.44,7,10,46.32,0.22738095238095238,118.03516312044904,16.94322060174549,12.581383681681203,1.2517270138961267,1.3466897624635061,92,54.347826086956516,11.503243994953042,2.0397426886588077,-34.38185233852087,3.20416523812879,51.66,9,10,62.68,0.18286852589641434,1.0506467502923023
b-confirm3-ma20+jf,S-or-MA60,0.2,60.0,,b-confirm3-ma20+jf|exit=S-or-MA60|trail=20%|hold=60,14.310696774061093,4.577783122070289,10.452608410961373,0.4803223320551744,0.43795605289007955,48,47.91666666666667,3.7187886929575718,-0.19989999999999175,-34.38185233852087,1.6035598858043185,2.11,5,10,62.68,0.11885790172642763,22.939627740953085,23.142914728488172,10.08439424923262,1.4154099976895937,2.294923637108818,18,61.111111111111114,11.767458854348794,5.745555048400098,-15.22567356832203,4.472739947320768,11.46,7,10,31.93,0.1764,23.100297323142915,23.100297323142915,9.204992379081478,1.9329978996237775,2.5095400812757633,18,61.111111111111114,13.758043850387203,8.201267507181242,-27.047831583052417,3.6099499403742126,15.330000000000002,7,10,46.32,0.20436507936507936,96.5477498771053,14.532160807377359,10.452608410961373,1.1657383029997677,1.3902903692572917,83,54.21686746987952,10.384801685281188,2.347232423275325,-34.38185233852087,2.9165275632559693,19.88,9,10,62.68,0.15394422310756972,1.023802850871227
stage5-ma60+jf,S-or-MA60,0.2,60.0,,stage5-ma60+jf|exit=S-or-MA60|trail=20%|hold=60,18.26750674937454,5.775539063966106,17.14231843250055,0.5122948798371638,0.33691703293856207,61,49.18032786885246,3.732614432253571,-0.005534080134872443,-34.38185233852088,1.5688618281464677,11.09,7,10,79.14,0.1698539176626826,25.484813525775117,25.712915628394484,10.810010531704794,1.4586448230201416,2.3786207749734194,20,55.00000000000001,11.661538444516468,5.745555048400098,-15.22567356832203,4.542896750299688,9.595,7,10,32.32,0.18439999999999998,41.64110147552551,41.64110147552551,5.694468580823486,2.5547947284725976,7.312552678884694,20,70.0,20.460500061383623,7.352536332389192,-29.509529277369474,6.40509578632343,18.285,7,10,42.4,0.2115079365079365,133.9368680633105,18.607960128918897,17.14231843250055,1.276883076746301,1.0854984523936742,100,54.0,10.699027507388449,1.8284902422881166,-34.38185233852088,2.921053557990712,48.0,8,10,79.14,0.18645418326693228,1.017955398481723
all-confirm3-ma20,S-or-cond,,,,all-confirm3-ma20|exit=S-or-cond|trail=none|hold=none,19.127163068100383,6.032225560982707,12.643428019319924,0.5653632688235011,0.4771036424429435,25,64.0,5.807347126056705,2.6820226105563227,-35.0333532755944,2.101411380687681,0.37,6,10,60.97,0.19189907038512616,13.504048509806864,13.619125743610727,11.906950436432329,0.971592185882564,1.143796290773124,9,66.66666666666666,13.939015919455978,10.854868438631705,-33.82485821096204,4.10263982031776,3.115,5,10,50.24,0.2648,13.187543986795092,13.187543986795092,6.908608059846322,1.431526909074213,1.908856874287415,11,63.63636363636363,10.792870644934057,5.446972707992148,-8.078611631424504,6.435252550050694,6.45,6,10,48.3,0.18333333333333332,78.21536403712624,12.302386318093216,13.11202701453289,1.0014675794923849,0.9382520570204518,42,69.04761904761905,13.661298631953866,11.749290059381357,-35.0333532755944,3.900144419511553,45.605,9,10,60.97,0.2391235059760956,0.9877207768529667
all-confirm5-ma20,S-or-cond,,,,all-confirm5-ma20|exit=S-or-cond|trail=none|hold=none,19.23611005981205,6.064668172189447,17.59450938917948,0.5100017712711816,0.3446909509121739,30,60.0,4.6793985755383485,2.4450241309127763,-35.03335327559439,1.8390681743559183,0.36,5,10,63.92,0.2346613545816733,24.651354086366585,24.871283768519813,12.937906104551677,1.409811661350838,1.9223577267862426,11,72.72727272727273,21.382268962122122,20.39501180844767,-36.427927019376106,6.465212156561553,21.705,6,10,50.24,0.3236,17.008146721220907,17.008146721220907,10.238846181830763,1.4440130083647063,1.6611390013263931,14,64.28571428571429,10.626259705114617,8.681872570363625,-24.615822196118874,4.20214780440455,11.825,7,10,57.45,0.2496031746031746,102.52760998420456,15.223498665110613,17.59450938917948,1.0648811375302452,0.8652414414279136,52,67.3076923076923,13.630244148891634,11.749290059381357,-36.42792701937609,3.7202602134429417,63.400000000000006,9,10,63.92,0.289800796812749,0.9826216995677406
all-confirm3-ma20,Scond,,,,all-confirm3-ma20|exit=Scond|trail=none|hold=none,30.651440754103486,9.360109534760719,24.43043225003274,0.6140168955375904,0.38313319383647726,21,66.66666666666666,9.375639391258437,8.990580861450193,-72.49401300958912,2.3651989135667053,5.475,7,10,92.28,0.2883134130146082,16.817101125937484,16.962455217829707,16.56176218971648,0.9601085489073422,1.0241938643680095,9,66.66666666666666,16.81094997695758,20.39501180844767,-41.58446325881325,4.139411477043369,3.115,5,10,57.28,0.3428,13.444238040497968,13.444238040497968,6.908608059846322,1.2429178624800286,1.9460125576724392,10,70.0,11.75154642583582,11.36041777284258,-17.708402877333217,4.281612748793585,11.36,7,10,48.3,0.24761904761904763,117.94132355170221,16.933112583119446,24.43043225003274,0.996458451825556,0.6931155539868418,36,72.22222222222221,20.64421173989796,20.563993852745867,-72.49401300958912,4.359418174031155,60.615,9,10,92.28,0.34334661354581675,0.9755190438368956
v4-b-only,S-or-MA20,0.2,,,v4-b-only|exit=S-or-MA20|trail=20%|hold=none,11.749720153913245,3.7877794750914573,14.79848505589989,0.522364608762225,0.25595724567639694,64,37.5,2.526210247549059,-1.2086602587409345,-24.26896021191528,1.6339127458961273,14.33,6,10,55.9,0.10610889774236387,13.205427436876116,13.317813693722824,7.34751514836044,1.4341828770819227,1.8125602227161963,19,42.10526315789473,7.8265874474318835,-0.9937749792822581,-21.250825897295854,2.730895663401815,9.33,6,10,32.77,0.12120000000000002,9.132655423205073,9.132655423205073,5.65562940761728,1.0965333071701946,1.6147902850396743,22,45.45454545454545,4.144501565382498,-1.790199978901269,-9.94312819396389,2.2999694976214005,1.77,8,10,24.41,0.126984126984127,35.19186487621897,6.241563866845201,14.79848505589989,0.7861387451581152,0.4217704611835792,105,39.04761904761905,3.6389811495694384,-1.497533178115129,-24.26896021191528,1.893805540758821,12.42,7,10,63.04,0.1153784860557769,0.9660342657460222
v4-b-only,S-or-MA20,0.2,60.0,,v4-b-only|exit=S-or-MA20|trail=20%|hold=60,11.749720153913245,3.7877794750914573,14.79848505589989,0.522364608762225,0.25595724567639694,64,37.5,2.526210247549059,-1.2086602587409345,-24.26896021191528,1.6339127458961273,14.33,6,10,55.9,0.10610889774236387,13.205427436876116,13.317813693722824,7.34751514836044,1.4341828770819227,1.8125602227161963,19,42.10526315789473,7.8265874474318835,-0.9937749792822581,-21.250825897295854,2.730895663401815,9.33,6,10,32.77,0.12120000000000002,9.132655423205073,9.132655423205073,5.65562940761728,1.0965333071701946,1.6147902850396743,22,45.45454545454545,4.144501565382498,-1.790199978901269,-9.94312819396389,2.2999694976214005,1.77,8,10,24.41,0.126984126984127,35.19186487621897,6.241563866845201,14.79848505589989,0.7861387451581152,0.4217704611835792,105,39.04761904761905,3.6389811495694384,-1.497533178115129,-24.26896021191528,1.893805540758821,12.42,7,10,63.04,0.1153784860557769,0.9660342657460222
v4-b-only,S-or-MA20,0.2,120.0,,v4-b-only|exit=S-or-MA20|trail=20%|hold=120,11.749720153913245,3.7877794750914573,14.79848505589989,0.522364608762225,0.25595724567639694,64,37.5,2.526210247549059,-1.2086602587409345,-24.26896021191528,1.6339127458961273,14.33,6,10,55.9,0.10610889774236387,13.205427436876116,13.317813693722824,7.34751514836044,1.4341828770819227,1.8125602227161963,19,42.10526315789473,7.8265874474318835,-0.9937749792822581,-21.250825897295854,2.730895663401815,9.33,6,10,32.77,0.12120000000000002,9.132655423205073,9.132655423205073,5.65562940761728,1.0965333071701946,1.6147902850396743,22,45.45454545454545,4.144501565382498,-1.790199978901269,-9.94312819396389,2.2999694976214005,1.77,8,10,24.41,0.126984126984127,35.19186487621897,6.241563866845201,14.79848505589989,0.7861387451581152,0.4217704611835792,105,39.04761904761905,3.6389811495694384,-1.497533178115129,-24.26896021191528,1.893805540758821,12.42,7,10,63.04,0.1153784860557769,0.9660342657460222
b-confirm3-ma20+jf,S-or-MA60,,60.0,,b-confirm3-ma20+jf|exit=S-or-MA60|trail=none|hold=60,19.794695789256945,6.230696708582029,20.064761161250267,0.4901267057239647,0.31052932344965845,41,56.09756097560976,4.847860269005006,3.7057693380252887,-53.53706071392303,1.7560673737480121,2.11,5,10,85.04,0.16015936254980082,34.15563645483783,34.47135942657808,14.420701020144755,1.5088086035557635,2.3904080237447474,16,75.0,19.722984981468265,13.91906996387755,-22.877618632089924,7.416973897287797,18.490000000000002,7,10,54.89,0.21800000000000003,23.288761496630105,23.288761496630105,9.276789815685028,1.7911716723544386,2.5104332381503234,17,58.82352941176471,14.44871089617703,13.107754800560922,-35.27920865384615,3.624040910377074,22.745,7,10,35.74,0.23015873015873015,125.11281123284013,17.695765869237512,20.064761161250267,1.0987349201151728,0.8819325446749978,73,61.64383561643836,13.47857191642239,5.030263012023606,-53.53706071392303,3.4367722606854425,56.055,7,10,85.04,0.19219123505976093,0.9655199918708647
v4-b+jf,S,0.2,120.0,,v4-b+jf|exit=S|trail=20%|hold=120,20.461224440460434,6.428136509858251,24.20034442820501,0.4823855762422668,0.2656216951344869,65,46.15384615384615,4.306920979221007,-0.7935845204045,-37.841895501244046,1.5030614818481483,17.98,8,10,81.3,0.30810092961487384,32.06269376640189,32.35684089136714,13.022672426917037,1.5169500950898196,2.4846544419321805,20,60.0,15.513076077790029,4.434246767622884,-22.662610115948347,3.985069258355706,18.585,8,10,43.6,0.39280000000000004,47.30844407130168,47.30844407130168,7.917022346904057,2.41695762168518,5.975534992622776,21,61.904761904761905,22.995400281724635,12.170201402853142,-29.509529277369484,5.133545982452066,24.52,8,10,49.0,0.3400793650793651,188.135617782284,23.676048826715657,24.20034442820501,1.3108690552805395,0.9783352008462202,105,51.42857142857142,14.026660051060325,3.3736303741352724,-37.841895501244046,2.8589493025136785,84.4,9,10,81.3,0.3551394422310757,0.9601793261696678
b-confirm3-ma20+jf,S-confirm5-ma20,0.2,,,b-confirm3-ma20+jf|exit=S-confirm5-ma20|trail=20%|hold=none,17.95594718015061,5.682203434861299,13.525086803764019,0.45964610995213584,0.4201232507639025,44,40.909090909090914,4.1920243927283325,-1.6742364093563555,-34.38185233852088,1.5230289526893486,1.815,5,10,69.08,0.2794156706507304,20.59824357642077,20.779078154706365,10.084394249232654,1.2055814388273438,2.0605182265942745,16,56.25,12.201715266947488,2.776487767745006,-23.72333142580999,3.6137721793497213,8.43,6,10,44.92,0.2996,28.039125464265858,28.039125464265858,9.704373497585284,2.0359344156632533,2.8893287620517456,17,64.70588235294117,17.823994792125955,12.754924808902901,-27.047831583052417,4.167283662911982,30.89,8,10,46.32,0.2658730158730158,112.92421045505456,16.387554495351896,13.525086803764019,1.057916591924942,1.2116413545524347,75,48.0,13.469880472863002,-0.7935845204045111,-34.38185233852088,2.865493800107327,34.45,7,10,69.08,0.3166533864541833,0.9542101369583643
b-confirm3-ma20+jf,S-or-cond,0.15,,,b-confirm3-ma20+jf|exit=S-or-cond|trail=15%|hold=none,16.61029151111102,5.277182855886298,10.331092833134804,0.5605428324250398,0.5108058693423841,48,54.166666666666664,3.8148790169756746,3.488650207963273,-34.38185233852088,1.5748183422808937,4.64,6,10,64.65,0.13784860557768924,10.940209993510308,11.032391854859247,8.535313260129207,0.7676345585856257,1.292558517611132,18,38.88888888888889,5.769252205076622,-2.6769717564176894,-20.56036340301006,2.0720229258018463,3.115,5,10,44.88,0.18359999999999999,26.604741729015036,26.604741729015036,7.759082107949256,2.4876323783388923,3.428851681020132,18,61.111111111111114,15.288344105968118,15.03857687640524,-21.011725753607337,4.2412648771572545,23.5,8,10,28.67,0.18968253968253967,81.96041215103334,12.772325264626861,10.331092833134804,1.0850085412764268,1.2362995349013146,83,51.80722891566265,8.858268150951721,1.9470374039029181,-34.38185233852088,2.4064622908632325,41.989999999999995,8,10,64.65,0.17984063745019924,0.952509719111314
b-confirm3-ma20+jf,S-or-cond,0.15,120.0,,b-confirm3-ma20+jf|exit=S-or-cond|trail=15%|hold=120,16.61029151111102,5.277182855886298,10.331092833134804,0.5605428324250398,0.5108058693423841,48,54.166666666666664,3.8148790169756746,3.488650207963273,-34.38185233852088,1.5748183422808937,4.64,6,10,64.65,0.13784860557768924,10.940209993510308,11.032391854859247,8.535313260129207,0.7676345585856257,1.292558517611132,18,38.88888888888889,5.769252205076622,-2.6769717564176894,-20.56036340301006,2.0720229258018463,3.115,5,10,44.88,0.18359999999999999,26.604741729015036,26.604741729015036,7.759082107949256,2.4876323783388923,3.428851681020132,18,61.111111111111114,15.288344105968118,15.03857687640524,-21.011725753607337,4.2412648771572545,23.5,8,10,28.67,0.18968253968253967,83.53995549219624,12.968215460058197,10.331092833134804,1.1011953534242254,1.255260761810733,83,51.80722891566265,8.957497037050963,1.9470374039029181,-34.38185233852088,2.4449829059441828,48.735,8,10,64.65,0.17824701195219125,0.952509719111314
b-confirm5-ma20+jf,S-or-MA60,,60.0,,b-confirm5-ma20+jf|exit=S-or-MA60|trail=none|hold=60,20.01138057450149,6.294963301682732,20.06476116125019,0.48217856186736213,0.31373228173977963,45,53.333333333333336,4.509923217671444,3.5903997580628344,-53.53706071392303,1.7066287412870118,2.11,5,10,85.04,0.17317397078353253,33.31381419100654,33.62082697725324,15.114724082990138,1.4732154477588995,2.2243758333034713,17,70.58823529411765,18.205061374218577,11.36360630128388,-22.877618632089924,6.600670071731107,15.0,7,10,54.89,0.21960000000000002,27.27833441494223,27.27833441494223,7.854189052603466,1.9141598900989962,3.4730936869797073,19,63.1578947368421,14.47733821756351,13.107754800560922,-35.27920865384615,3.9385622848388877,23.725,8,10,35.74,0.25317460317460316,131.35680488695948,18.344129736491823,20.06476116125019,1.106282551296833,0.9142461048536519,80,60.0,12.643495602772061,4.79597282732509,-53.53706071392303,3.329618586338723,51.38,8,10,85.04,0.2049402390438247,0.9521819818905032
b-confirm3-ma20+jf,S-confirm5-ma20,0.2,120.0,,b-confirm3-ma20+jf|exit=S-confirm5-ma20|trail=20%|hold=120,17.600464423775296,5.5755089332210295,13.525086803764019,0.459659396042523,0.4122346136565549,46,41.30434782608695,3.9270029974302103,-1.6742364093563555,-34.38185233852088,1.5095076593047643,1.815,5,10,69.08,0.24900398406374497,20.59824357642077,20.779078154706365,10.084394249232654,1.2055814388273438,2.0605182265942745,16,56.25,12.201715266947488,2.776487767745006,-23.72333142580999,3.6137721793497213,8.43,6,10,44.92,0.2996,28.039125464265858,28.039125464265858,9.704373497585284,2.0359344156632533,2.8893287620517456,17,64.70588235294117,17.823994792125955,12.754924808902901,-27.047831583052417,4.167283662911982,30.89,8,10,46.32,0.2658730158730158,123.61845180023909,17.538466268875275,13.525086803764019,1.1390968124793195,1.2967359487847676,78,48.717948717948715,13.773398847104183,-0.49674226020224865,-34.38185233852088,2.977131743222057,53.95,7,10,69.08,0.29035856573705177,0.9495255962873991
stage5-ma60+jf,S-or-MA60,0.2,,,stage5-ma60+jf|exit=S-or-MA60|trail=20%|hold=none,16.072592757819226,5.114474687137305,17.14231843250055,0.46086010123040305,0.29835373244733604,61,49.18032786885246,3.3280061745314025,-0.0055340801348835456,-34.38185233852088,1.5071982951594756,10.285,6,10,79.14,0.1800796812749004,27.940209155649278,28.19264629374225,10.810010531704794,1.5714333732328254,2.6080128424533666,20,55.00000000000001,13.097983754716061,5.745555048400098,-15.22567356832203,4.979303785760983,9.595,7,10,32.32,0.2184,44.4442463911837,44.4442463911837,5.694468580823486,2.6456337359787008,7.804810187354926,20,70.0,22.551689018485156,7.352536332389192,-29.509529277369474,6.957529821978727,18.285,7,10,42.4,0.2253968253968254,148.04202755583685,20.010547573287795,17.14231843250055,1.3420768746419682,1.1673186244953484,100,54.0,12.28656736236574,1.8284902422881166,-34.38185233852088,3.206102744447155,57.235,7,10,79.14,0.20764940239043822,0.9476362367675131
stage5-ma60+jf,S-or-MA60,0.2,120.0,,stage5-ma60+jf|exit=S-or-MA60|trail=20%|hold=120,16.072592757819226,5.114474687137305,17.14231843250055,0.46086010123040305,0.29835373244733604,61,49.18032786885246,3.3280061745314025,-0.0055340801348835456,-34.38185233852088,1.5071982951594756,10.285,6,10,79.14,0.1800796812749004,27.940209155649278,28.19264629374225,10.810010531704794,1.5714333732328254,2.6080128424533666,20,55.00000000000001,13.097983754716061,5.745555048400098,-15.22567356832203,4.979303785760983,9.595,7,10,32.32,0.2184,44.4442463911837,44.4442463911837,5.694468580823486,2.6456337359787008,7.804810187354926,20,70.0,22.551689018485156,7.352536332389192,-29.509529277369474,6.957529821978727,18.285,7,10,42.4,0.2253968253968254,148.04202755583685,20.010547573287795,17.14231843250055,1.3420768746419682,1.1673186244953484,100,54.0,12.28656736236574,1.8284902422881166,-34.38185233852088,3.206102744447155,57.235,7,10,79.14,0.20764940239043822,0.9476362367675131
b-confirm3-ma20+jf,S-or-cond,0.15,60.0,,b-confirm3-ma20+jf|exit=S-or-cond|trail=15%|hold=60,16.265410115218227,5.1728789683441745,10.331092833134804,0.5514592938046413,0.5007097556759199,48,54.166666666666664,3.745698161689511,3.488650207963273,-34.38185233852088,1.5643943093361496,0.905,6,10,64.65,0.1350597609561753,11.107105330917943,11.2007631528394,8.535313260129207,0.7885268446375321,1.312284952113151,18,38.88888888888889,5.8124871581391755,-2.6769717564176894,-20.56036340301006,2.0800566985043534,3.115,5,10,44.88,0.1568,26.604741729015036,26.604741729015036,7.759082107949256,2.4876323783388923,3.428851681020132,18,61.111111111111114,15.288344105968118,15.03857687640524,-21.011725753607337,4.2412648771572545,23.5,8,10,28.67,0.18968253968253967,83.31720651552574,12.940672608618954,10.331092833134804,1.110554153031587,1.252594746522311,83,53.01204819277109,8.921867314691957,1.9470374039029181,-34.38185233852088,2.452162525048659,50.445,8,10,64.65,0.16494023904382468,0.9446648011451007
stage5-ma60+jf,S,0.2,60.0,,stage5-ma60+jf|exit=S|trail=20%|hold=60,20.08742788727307,6.317499889615541,22.438523929471167,0.49578177893568587,0.2815470353340855,61,45.90163934426229,4.290163290609886,-1.2063920029851904,-34.38185233852087,1.545606535604867,22.77,7,10,81.3,0.24143426294820713,23.872192087472378,24.084522467342715,13.022672426917048,1.2703366734535853,1.849430107568514,18,55.55555555555556,12.572926578068008,10.077170952884963,-23.72333142580999,3.307359486897461,12.25,6,10,43.6,0.23920000000000002,46.07020744045527,46.07020744045527,5.6944685808234645,2.6324087887534984,8.09034360038442,17,70.58823529411765,26.5662376960622,16.521418373581742,-29.509529277369474,6.2040083575268525,28.68,7,10,38.38,0.25317460317460316,152.07448658122536,20.399787829111915,22.438523929471167,1.2341527890590471,0.9091412560484187,95,51.578947368421055,12.51825981930382,3.3736303741352724,-34.38185233852087,2.7227919828897975,78.55,7,10,81.3,0.2556972111553785,0.9398831183943137
b-confirm5-ma20+jf,S-confirm5-ma20,0.15,,,b-confirm5-ma20+jf|exit=S-confirm5-ma20|trail=15%|hold=none,19.783152135363235,6.227270804298568,14.520400701598945,0.5355033189342755,0.428863564599346,51,47.05882352941176,4.586568491184257,-1.7262471681799507,-34.38185233852088,1.6464156756837043,6.27,5,10,74.26,0.24183266932270914,14.251022800379886,14.372859012436878,11.805773828462785,0.8831625739544117,1.2174431952766243,19,47.368421052631575,6.431648472181377,-1.0594691409384294,-20.56036340301006,2.2629504461962773,10.145,6,10,44.88,0.26680000000000004,25.82349520612526,25.82349520612526,8.327640122080314,2.114949263827093,3.100937940108095,20,60.0,12.855863349256941,10.949756276888667,-21.011725753607337,3.8010671118077197,27.975,8,10,33.93,0.23174603174603173,86.15995645978094,13.290189322832347,14.520400701598945,0.9616884577705415,0.9152770364917594,89,49.43820224719101,8.063581355124048,-0.4581378649593515,-34.38185233852088,2.284746070251555,26.139999999999997,7,10,74.26,0.27442231075697215,0.9397684547805588
b-confirm3-ma20+jf,S-or-MA60,,,,b-confirm3-ma20+jf|exit=S-or-MA60|trail=none|hold=none,19.34506980704804,6.097094861625685,20.918657722678148,0.4621569607565314,0.2914668303509626,40,55.00000000000001,4.033550816484973,3.6480845480440616,-52.99088510555606,1.6547994723582184,2.11,5,10,83.37,0.1844621513944223,38.42967953980689,38.79027849923098,14.420701020144755,1.635405287673231,2.689902414941101,16,75.0,22.485457458642713,13.91906996387755,-19.631476551470882,8.83279584947993,21.0,8,10,54.89,0.27440000000000003,24.59757525580095,24.59757525580095,9.276789815685028,1.8092759390090059,2.6515180083321304,16,62.5,13.88236849954454,13.584756568382216,-23.659252197036917,4.80810989550329,24.195,7,10,48.3,0.24642857142857144,142.5892494788358,19.476084328215016,20.918657722678148,1.1462662895135651,0.9310389120761213,71,61.97183098591549,15.05727860699246,5.030263012023628,-52.99088510555606,4.065242765320909,71.72999999999999,8,10,83.37,0.22669322709163348,0.9355905262042536
v4-b-only,S-or-MA20,,,,v4-b-only|exit=S-or-MA20|trail=none|hold=none,12.137410956147022,3.90814172137135,15.731052987725825,0.4929184232929439,0.2484348456788419,63,38.095238095238095,2.4766070126522792,-0.91978733936674,-37.168436157154915,1.5984940314843543,14.33,6,10,69.93,0.11832669322709162,13.205427436876116,13.317813693722824,7.34751514836044,1.4341828770819227,1.8125602227161963,19,42.10526315789473,7.8265874474318835,-0.9937749792822581,-21.250825897295854,2.730895663401815,9.33,6,10,32.77,0.12120000000000002,9.132655423205073,9.132655423205073,5.65562940761728,1.0965333071701946,1.6147902850396743,22,45.45454545454545,4.144501565382498,-1.790199978901269,-9.94312819396389,2.2999694976214005,1.77,8,10,24.41,0.126984126984127,29.95906376479509,5.402763442165925,15.731052987725825,0.6525120077624585,0.3434457595674898,103,39.80582524271845,3.3867746207262432,-1.4975331781151402,-52.18005142712598,1.7571162614409406,12.42,7,10,75.87,0.12669322709163344,0.9282328193089305
v4-b-only,S-or-MA20,,60.0,,v4-b-only|exit=S-or-MA20|trail=none|hold=60,12.137410956147022,3.90814172137135,15.731052987725825,0.4929184232929439,0.2484348456788419,63,38.095238095238095,2.4766070126522792,-0.91978733936674,-37.168436157154915,1.5984940314843543,14.33,6,10,69.93,0.11832669322709162,13.205427436876116,13.317813693722824,7.34751514836044,1.4341828770819227,1.8125602227161963,19,42.10526315789473,7.8265874474318835,-0.9937749792822581,-21.250825897295854,2.730895663401815,9.33,6,10,32.77,0.12120000000000002,9.132655423205073,9.132655423205073,5.65562940761728,1.0965333071701946,1.6147902850396743,22,45.45454545454545,4.144501565382498,-1.790199978901269,-9.94312819396389,2.2999694976214005,1.77,8,10,24.41,0.126984126984127,29.848343047426916,5.384725830450021,15.731052987725825,0.6533253581844429,0.3422991350071391,104,39.42307692307692,3.352200419536591,-1.2456540786986992,-51.632066020561915,1.7563197921685372,12.42,7,10,75.78,0.12605577689243028,0.9282328193089305
v4-b-only,S-or-MA20,,120.0,,v4-b-only|exit=S-or-MA20|trail=none|hold=120,12.137410956147022,3.90814172137135,15.731052987725825,0.4929184232929439,0.2484348456788419,63,38.095238095238095,2.4766070126522792,-0.91978733936674,-37.168436157154915,1.5984940314843543,14.33,6,10,69.93,0.11832669322709162,13.205427436876116,13.317813693722824,7.34751514836044,1.4341828770819227,1.8125602227161963,19,42.10526315789473,7.8265874474318835,-0.9937749792822581,-21.250825897295854,2.730895663401815,9.33,6,10,32.77,0.12120000000000002,9.132655423205073,9.132655423205073,5.65562940761728,1.0965333071701946,1.6147902850396743,22,45.45454545454545,4.144501565382498,-1.790199978901269,-9.94312819396389,2.2999694976214005,1.77,8,10,24.41,0.126984126984127,29.95906376479509,5.402763442165925,15.731052987725825,0.6525120077624585,0.3434457595674898,103,39.80582524271845,3.3867746207262432,-1.4975331781151402,-52.18005142712598,1.7571162614409406,12.42,7,10,75.87,0.12669322709163344,0.9282328193089305
b-confirm5-ma20+jf,S,,,,b-confirm5-ma20+jf|exit=S|trail=none|hold=none,27.922995219595315,8.590434255241108,32.4433707722777,0.4579059160719469,0.2647824209000344,29,55.172413793103445,7.9675067651998015,8.481864091411184,-52.99088510555606,1.7109800515280784,4.82,5,10,89.96,0.4908366533864542,52.149840828349944,52.66155240380341,18.22877326220419,1.7143144920119677,2.8889246493066354,12,91.66666666666666,37.953473145159776,28.25464205971415,-28.116732030304547,17.198243709512074,37.510000000000005,8,10,54.89,0.49399999999999994,32.948153002314996,32.948153002314996,9.275018412342062,1.9581134390169195,3.5523544576980695,14,71.42857142857143,20.23783320666272,16.574816725675724,-24.615822196118874,8.008127016914441,34.67,8,10,57.45,0.34285714285714286,232.02301580482728,27.24739828321756,32.4433707722777,1.0973571806996996,0.8398448630528856,49,67.3469387755102,26.889795237786178,19.241631641253253,-52.99088510555606,4.6369627995516485,72.795,9,10,89.96,0.5389641434262948,0.9264181198308666
b-confirm3-ma20+jf,S-or-MA60,0.2,,,b-confirm3-ma20+jf|exit=S-or-MA60|trail=20%|hold=none,12.231105357671733,3.9371884738395924,10.452608410961373,0.4208453470253355,0.37667042704008386,48,47.91666666666667,3.229446427312522,-0.19989999999999175,-34.38185233852087,1.5241395728052864,0.31,5,10,62.68,0.12058432934926959,25.234958590922062,25.460606053535816,10.08439424923262,1.5300146182695429,2.524753140772264,18,61.111111111111114,13.305238014810572,5.745555048400098,-15.22567356832203,4.926559857531837,11.46,7,10,31.93,0.21000000000000002,25.537996371710857,25.537996371710857,9.204992379081478,2.049682503511016,2.7743636626735775,18,61.111111111111114,16.081587136055575,8.201267507181242,-27.047831583052417,4.05073438079569,23.44,7,10,46.32,0.21825396825396828,107.94202714698011,15.835531344501996,10.452608410961373,1.236978100433482,1.514983698030407,83,54.21686746987952,12.166455594369413,2.347232423275325,-34.38185233852087,3.2453339216662567,29.555,9,10,62.68,0.1698804780876494,0.9252144326260402
b-confirm3-ma20+jf,S-or-MA60,0.2,120.0,,b-confirm3-ma20+jf|exit=S-or-MA60|trail=20%|hold=120,12.231105357671733,3.9371884738395924,10.452608410961373,0.4208453470253355,0.37667042704008386,48,47.91666666666667,3.229446427312522,-0.19989999999999175,-34.38185233852087,1.5241395728052864,0.31,5,10,62.68,0.12058432934926959,25.234958590922062,25.460606053535816,10.08439424923262,1.5300146182695429,2.524753140772264,18,61.111111111111114,13.305238014810572,5.745555048400098,-15.22567356832203,4.926559857531837,11.46,7,10,31.93,0.21000000000000002,25.537996371710857,25.537996371710857,9.204992379081478,2.049682503511016,2.7743636626735775,18,61.111111111111114,16.081587136055575,8.201267507181242,-27.047831583052417,4.05073438079569,23.44,7,10,46.32,0.21825396825396828,107.94202714698011,15.835531344501996,10.452608410961373,1.236978100433482,1.514983698030407,83,54.21686746987952,12.166455594369413,2.347232423275325,-34.38185233852087,3.2453339216662567,29.555,9,10,62.68,0.1698804780876494,0.9252144326260402
stage5-ma60+jf,S-or-cond,0.2,120.0,,stage5-ma60+jf|exit=S-or-cond|trail=20%|hold=120,19.754894359415598,6.2188835866259895,20.71034344546936,0.49814772721216316,0.30027911429863063,59,49.152542372881356,3.888450939893421,-0.1998999999999862,-34.38185233852087,1.4900047958227212,9.14,7,10,81.3,0.2200531208499336,22.40961647088746,22.60778919757389,13.022672426917058,1.1997303953739065,1.7360330089271836,18,55.55555555555556,12.064910519076527,4.000577476279677,-23.72333142580999,3.21412934943249,6.805,6,10,43.6,0.24120000000000003,45.94084302203869,45.94084302203869,4.027317455161549,2.933177991968519,11.407306112201141,18,72.22222222222221,26.727031793371065,17.872143860858635,-29.509529277369474,6.543476939958037,28.68,7,10,38.38,0.22301587301587297,137.7107695494594,18.989711658958043,20.71034344546936,1.2170419979411817,0.9169192055630673,94,54.25531914893617,11.849130015017058,4.000577476279677,-34.38185233852087,2.622231467735203,57.95,9,10,81.3,0.23976095617529877,0.9216121146491932
b-confirm5-ma20+jf,S-or-MA60,,,,b-confirm5-ma20+jf|exit=S-or-MA60|trail=none|hold=none,19.56094130829209,6.161280629354704,20.91865772267816,0.45641193049802337,0.2945351805567902,44,52.27272727272727,3.761961509668376,3.0070215882872064,-52.99088510555606,1.6114447289983962,0.495,5,10,83.37,0.19747675962815403,37.56103779436029,37.912428851411576,15.114724082990138,1.5999387634239628,2.50831101138509,17,70.58823529411765,20.805035470382762,11.36360630128388,-19.631476551470882,7.799997109843885,17.51,8,10,54.89,0.276,28.629500841666243,28.629500841666243,7.854189052603466,1.9316141864598186,3.6451249963452668,18,66.66666666666666,13.975513160633879,13.584756568382216,-23.659252197036917,5.312868240670096,25.174999999999997,8,10,48.3,0.2694444444444445,149.3179901755912,20.13425563546076,20.91865772267816,1.1535836791412646,0.9625022743994222,78,60.256410256410255,14.059111274607625,4.79597282732509,-52.99088510555606,3.8921599250407644,66.38999999999999,8,10,83.37,0.23944223107569723,0.918616548512775
v4-b+jf,S,0.2,,,v4-b+jf|exit=S|trail=20%|hold=none,19.28171139543935,6.07824164007531,24.812517408671408,0.45691610921474624,0.24496674561328888,62,45.16129032258064,4.495726150853819,-3.535478388562663,-37.841895501244046,1.495210895989138,18.155,7,10,81.3,0.32177954847277557,32.196237827869844,32.49175367703854,13.022672426917058,1.5217750573831799,2.495014280623391,20,60.0,15.566049819715893,4.963984186881564,-22.662610115948347,3.9952626131571676,18.585,8,10,43.6,0.39320000000000005,47.30844407130168,47.30844407130168,7.917022346904057,2.41695762168518,5.975534992622776,21,61.904761904761905,22.995400281724635,12.170201402853142,-29.509529277369484,5.133545982452066,24.52,8,10,49.0,0.3400793650793651,168.35147154355568,21.922088385868822,24.812517408671408,1.2139170567502136,0.8835092395021374,101,50.495049504950494,13.807089427031585,2.5348712619252423,-37.841895501244046,2.7458363778064183,66.215,8,10,81.3,0.37569721115537846,0.9155658646239073
b-confirm5-ma20+jf,S-confirm3-ma20,0.15,,,b-confirm5-ma20+jf|exit=S-confirm3-ma20|trail=15%|hold=none,18.494405428285777,5.843409456853044,15.440075548639143,0.5072804862026521,0.3784573099040354,51,47.05882352941176,4.384320526885791,-1.886966772336618,-34.38185233852088,1.6007866077329576,6.27,5,10,74.26,0.24209827357237712,14.47553741178571,14.599412855991222,11.632463411349569,0.8855748250128775,1.2550577070155973,19,47.368421052631575,6.491157654555662,-1.0594691409384294,-20.56036340301006,2.274635964886774,10.145,6,10,44.88,0.2824,25.82349520612526,25.82349520612526,8.327640122080314,2.114949263827093,3.100937940108095,20,60.0,12.855863349256941,10.949756276888667,-21.011725753607337,3.8010671118077197,27.975,8,10,33.93,0.23174603174603173,84.50113654859852,13.086759773175348,15.440075548639143,0.9450229845713874,0.847583920943236,89,49.43820224719101,7.971055880293062,-0.4581378649593515,-34.38185233852088,2.2469785760829675,26.139999999999997,7,10,74.26,0.27768924302788844,0.8947569964607959
stage5-ma60+jf,S,0.15,120.0,,stage5-ma60+jf|exit=S|trail=15%|hold=120,18.02898934119863,5.704099786189709,21.96643767379747,0.5091919050701235,0.2596734104498796,62,46.774193548387096,3.9046400717974485,-5.445862831138526,-34.38185233852088,1.508936272019956,19.759999999999998,6,10,73.17,0.2362549800796813,17.240955184865392,17.390237925895047,10.515097706272659,1.0543511261713197,1.6538351246628078,19,42.10526315789473,8.840363648988262,-4.29447437189695,-20.56036340301006,2.539350487330393,13.36,5,10,43.49,0.22360000000000002,27.68163117053659,27.68163117053659,7.365947303814668,2.239103789689535,3.7580544672374807,21,57.14285714285714,13.292601754456498,3.3736303741352947,-21.011725753607323,3.5810513869685954,20.525,7,10,45.0,0.21507936507936506,89.72595622747494,13.722648380383905,21.96643767379747,1.01516306359652,0.6247097769864107,101,47.524752475247524,7.680607576678396,-3.903150039700942,-34.38185233852088,2.103007409051014,54.305,5,10,73.17,0.23633466135458164,0.8946595131905217
stage5-ma60+jf,S,0.15,,,stage5-ma60+jf|exit=S|trail=15%|hold=none,17.802912151306693,5.636297803091672,21.96643767379747,0.4991714403430102,0.25658679330672246,60,45.0,4.109688220554681,-7.048132547827207,-34.38185233852088,1.5183830991335592,20.75,6,10,73.17,0.249136786188579,17.240955184865392,17.390237925895047,10.515097706272659,1.0543511261713197,1.6538351246628078,19,42.10526315789473,8.840363648988262,-4.29447437189695,-20.56036340301006,2.539350487330393,13.36,5,10,43.49,0.22360000000000002,27.68163117053659,27.68163117053659,7.365947303814668,2.239103789689535,3.7580544672374807,21,57.14285714285714,13.292601754456498,3.3736303741352947,-21.011725753607323,3.5810513869685954,20.525,7,10,45.0,0.21507936507936506,89.91180106718271,13.745007649759877,21.96643767379747,1.0075233585229644,0.6257276602548772,99,46.464646464646464,8.089785496630746,-4.031352202945804,-34.38185233852088,2.138763871928951,46.36,5,10,73.17,0.25657370517928285,0.8842293010045597
all-confirm3-ma20,S-or-cond,,120.0,,all-confirm3-ma20|exit=S-or-cond|trail=none|hold=120,15.243815438261388,4.862700778707718,11.634414303279229,0.49777474895489554,0.4179583648948394,25,60.0,4.709190355925515,2.466404843313952,-35.0333532755944,1.7834059880778537,0.01,5,10,60.97,0.16653386454183267,11.333602764828576,11.429266881816691,10.70374948264302,0.9089520507855162,1.0677816124480635,9,66.66666666666666,11.802476532324373,6.350679029987116,-33.70674888049696,3.6347708600822224,1.83,5,10,50.24,0.21879999999999997,10.391192397685689,10.391192397685689,6.908608059846322,1.166613119132298,1.5040934885394028,11,63.63636363636363,8.057479876970941,5.446972707992148,-8.078611631424504,5.057719163793058,6.45,6,10,48.3,0.16706349206349208,64.06155215794168,10.451770890863,11.634414303279229,0.9258447817700872,0.8983495531800949,44,65.9090909090909,11.361646882824928,9.378354294311187,-35.0333532755944,3.17192214166215,32.58,9,10,60.97,0.20741035856573706,0.8832307536004973
b-confirm5-ma20+jf,S-confirm5-ma20,0.15,60.0,,b-confirm5-ma20+jf|exit=S-confirm5-ma20|trail=15%|hold=60,17.502907263032785,5.546190635216042,14.250304361792354,0.5007073579840589,0.3891980475930313,53,49.056603773584904,3.896403756543966,-1.6222256505327604,-34.38185233852088,1.577609449663869,1.315,6,10,74.26,0.1849933598937583,13.94777762515307,14.06686516256026,10.873053741750427,0.8806209284107428,1.2937363777156932,20,45.0,5.9351252516108275,-0.5852832372652272,-20.56036340301006,2.2253832156836797,16.365,6,10,44.88,0.2068,25.82349520612526,25.82349520612526,8.327640122080314,2.114949263827093,3.100937940108095,20,60.0,12.855863349256941,10.949756276888667,-21.011725753607337,3.8010671118077197,27.975,8,10,33.93,0.23174603174603173,82.7471705474376,12.870065807807451,14.250304361792354,0.9628258037752326,0.9031432228433259,92,51.08695652173913,7.357814907607903,0.8493203808074501,-34.38185233852088,2.2179310879775516,38.81999999999999,6,10,74.26,0.2116334661354582,0.8823722733053173
stage5-ma60+jf,S-or-cond,0.2,,,stage5-ma60+jf|exit=S-or-cond|trail=20%|hold=none,18.787730194190488,5.9310213317554705,21.35070236276254,0.4786032103835365,0.2777904553669242,59,49.152542372881356,3.7717732639507915,-0.1998999999999862,-34.38185233852087,1.4684144241519113,4.9799999999999995,7,10,81.3,0.22031872509960157,22.40961647088746,22.60778919757389,13.022672426917058,1.1997303953739065,1.7360330089271836,18,55.55555555555556,12.064910519076527,4.000577476279677,-23.72333142580999,3.21412934943249,6.805,6,10,43.6,0.24120000000000003,45.94084302203869,45.94084302203869,4.027317455161549,2.933177991968519,11.407306112201141,18,72.22222222222221,26.727031793371065,17.872143860858635,-29.509529277369474,6.543476939958037,28.68,7,10,38.38,0.22301587301587297,135.79097045292886,18.796123280400543,21.35070236276254,1.2058393669922594,0.8803515201065516,94,54.25531914893617,11.775896154584983,4.000577476279677,-34.38185233852087,2.5962013189230606,57.95,8,10,81.3,0.2399203187250996,0.8816652127894667
stage5-ma60+jf,S-confirm5-ma20,,,,stage5-ma60+jf|exit=S-confirm5-ma20|trail=none|hold=none,31.792358691372534,9.678784041837552,39.026164497844654,0.4466639637551572,0.24800756534432417,20,40.0,7.839204007402148,-15.544451844940172,-47.799496937581296,1.4348033628499166,17.17,6,10,90.38,0.7087649402390438,39.72972123507867,40.10418333447823,20.565662797220053,1.3504161028778334,1.9500554749881087,11,90.9090909090909,31.074115711107247,25.0934437156628,-32.90210705195257,11.388856624970915,25.21,8,10,54.89,0.48080000000000006,54.20380189224285,54.20380189224285,12.68072505024177,2.0971544444557915,4.274503364554017,11,81.81818181818183,49.03376589434412,14.563023887570248,-37.576268205167565,12.920185988865052,26.159999999999997,7,10,65.7,0.3932539682539683,263.11768568268684,29.555463759652522,39.026164497844654,0.9758901879444591,0.7573243268957374,33,63.63636363636363,55.010663169076146,29.025149641652725,-75.35625553044463,5.95668023419016,66.205,8,10,90.38,0.7357768924302789,0.8788256414506862
b-confirm3-ma20+jf,S-or-MA60,,120.0,,b-confirm3-ma20+jf|exit=S-or-MA60|trail=none|hold=120,17.80476245050413,5.636853070779169,21.80225629819309,0.43489052498994607,0.2585444824463574,40,55.00000000000001,3.8674935190269677,3.6480845480440616,-57.51582531608928,1.6165200851681627,2.11,5,10,83.37,0.18154050464807436,38.42967953980689,38.79027849923098,14.420701020144755,1.635405287673231,2.689902414941101,16,75.0,22.485457458642713,13.91906996387755,-19.631476551470882,8.83279584947993,21.0,8,10,54.89,0.27440000000000003,21.554047872466153,21.554047872466153,9.276789815685028,1.651433784080948,2.3234382044554853,16,62.5,12.001787346569898,11.691299648886044,-23.659252197036917,4.2922426140538255,15.330000000000002,7,10,48.3,0.23015873015873015,133.60909717496975,18.574572494461684,21.80225629819309,1.1054848059007383,0.8519564324175517,71,61.97183098591549,14.53993226409225,5.03026301202365,-57.51582531608928,3.9220153128766047,71.72999999999999,7,10,83.37,0.22167330677290836,0.8772632549462562
v4-b-only,MA20-down,0.2,,,v4-b-only|exit=MA20-down|trail=20%|hold=none,11.394947589060124,3.677393320140032,15.282422637162462,0.48110678350563835,0.2406289504909822,64,35.9375,2.019685887431349,-1.5598794143239503,-24.268960211915292,1.5036052397195654,14.33,6,10,55.9,0.11354581673306771,10.933270520102445,11.025391055175815,8.871026987501928,1.1876740569897302,1.2428539638881826,19,42.10526315789473,6.079648014768179,-0.9937749792822581,-21.250825897295854,2.344549774017366,9.33,6,10,36.05,0.1264,7.977138508282233,7.977138508282233,5.65562940761728,0.9638962180048313,1.4104775849595503,22,45.45454545454545,3.512989925903262,-1.790199978901269,-9.94312819396389,2.1018887740977448,1.77,8,10,24.41,0.1273809523809524,30.65958298495104,5.516601858287884,15.282422637162462,0.6768100560089857,0.3609769203001292,105,38.095238095238095,2.881812917791467,-1.5982440891030403,-24.268960211915292,1.7051541932592664,12.42,7,10,63.04,0.1209561752988048,0.8652057520993834
v4-b-only,MA20-down,0.2,60.0,,v4-b-only|exit=MA20-down|trail=20%|hold=60,11.394947589060124,3.677393320140032,15.282422637162462,0.48110678350563835,0.2406289504909822,64,35.9375,2.019685887431349,-1.5598794143239503,-24.268960211915292,1.5036052397195654,14.33,6,10,55.9,0.11354581673306771,10.933270520102445,11.025391055175815,8.871026987501928,1.1876740569897302,1.2428539638881826,19,42.10526315789473,6.079648014768179,-0.9937749792822581,-21.250825897295854,2.344549774017366,9.33,6,10,36.05,0.1264,7.977138508282233,7.977138508282233,5.65562940761728,0.9638962180048313,1.4104775849595503,22,45.45454545454545,3.512989925903262,-1.790199978901269,-9.94312819396389,2.1018887740977448,1.77,8,10,24.41,0.1273809523809524,30.65958298495104,5.516601858287884,15.282422637162462,0.6768100560089857,0.3609769203001292,105,38.095238095238095,2.881812917791467,-1.5982440891030403,-24.268960211915292,1.7051541932592664,12.42,7,10,63.04,0.1209561752988048,0.8652057520993834
v4-b-only,MA20-down,0.2,120.0,,v4-b-only|exit=MA20-down|trail=20%|hold=120,11.394947589060124,3.677393320140032,15.282422637162462,0.48110678350563835,0.2406289504909822,64,35.9375,2.019685887431349,-1.5598794143239503,-24.268960211915292,1.5036052397195654,14.33,6,10,55.9,0.11354581673306771,10.933270520102445,11.025391055175815,8.871026987501928,1.1876740569897302,1.2428539638881826,19,42.10526315789473,6.079648014768179,-0.9937749792822581,-21.250825897295854,2.344549774017366,9.33,6,10,36.05,0.1264,7.977138508282233,7.977138508282233,5.65562940761728,0.9638962180048313,1.4104775849595503,22,45.45454545454545,3.512989925903262,-1.790199978901269,-9.94312819396389,2.1018887740977448,1.77,8,10,24.41,0.1273809523809524,30.65958298495104,5.516601858287884,15.282422637162462,0.6768100560089857,0.3609769203001292,105,38.095238095238095,2.881812917791467,-1.5982440891030403,-24.268960211915292,1.7051541932592664,12.42,7,10,63.04,0.1209561752988048,0.8652057520993834
b-confirm5-ma20+jf,S-or-MA60,,120.0,,b-confirm5-ma20+jf|exit=S-or-MA60|trail=none|hold=120,18.01784784200795,5.700760405128613,21.80225629819301,0.42992050576302066,0.261475708163338,44,52.27272727272727,3.6110003301610982,3.0070215882872064,-57.51582531608928,1.5772596611103353,0.495,5,10,83.37,0.1945551128818061,37.56103779436029,37.912428851411576,15.114724082990138,1.5999387634239628,2.50831101138509,17,70.58823529411765,20.805035470382762,11.36360630128388,-19.631476551470882,7.799997109843885,17.51,8,10,54.89,0.276,25.487486181167718,25.487486181167718,7.854189052603466,1.784342483499089,3.245081829640866,18,66.66666666666666,12.303885469100862,11.691299648886044,-23.659252197036917,4.797000959220632,17.58,8,10,48.3,0.25317460317460316,140.08875380720065,19.22777754234717,21.80225629819301,1.1137316025276403,0.8819168658218545,78,60.256410256410255,13.588193449660002,4.79597282732509,-57.51582531608928,3.762320130933722,66.38999999999999,8,10,83.37,0.23442231075697215,0.8616431655383632
b-confirm3-ma20+jf,S-confirm5-ma20,0.15,,,b-confirm3-ma20+jf|exit=S-confirm5-ma20|trail=15%|hold=none,17.775573481120844,5.628092896753589,11.878144643763001,0.5296898882882977,0.4738191919315278,46,47.82608695652174,4.607550144624144,-1.6742364093563555,-34.38185233852088,1.6549580969327515,2.02,5,10,71.78,0.21819389110225762,10.003895214240387,10.087834313584555,10.779868995745979,0.697875458420946,0.9358030526684026,18,38.88888888888889,4.734481578971081,-2.6769717564176894,-20.56036340301006,1.879745348968691,4.65,5,10,44.88,0.22279999999999997,24.290726431227007,24.290726431227007,8.765822375774723,2.0976866672005516,2.7710721698350853,18,61.111111111111114,13.80171206140132,13.386978026706586,-21.011725753607337,3.7200114640679867,22.759999999999998,8,10,28.67,0.21666666666666665,72.9310254601207,11.625681541584832,12.359078654047362,0.9134502452798557,0.9406592406285595,81,48.148148148148145,7.9741220833954864,-1.0594691409384294,-34.38185233852088,2.209031669357868,10.29,8,10,71.78,0.2501195219123506,0.8611910276411482
v4-b-only,S-confirm5-ma20,,,,v4-b-only|exit=S-confirm5-ma20|trail=none|hold=none,31.10708804293205,9.487599472234919,37.48384804149857,0.4498985513994708,0.253111672572441,20,45.0,10.824080962335051,-7.492060938224531,-63.33431087212866,1.5928337199693268,12.87,6,10,88.02,0.7167330677290836,35.33006599529025,35.65801185844617,23.89058091929567,1.2650510538350492,1.4925552450525101,12,91.66666666666666,25.347185374809094,25.206477132591843,-39.30761449001666,8.738099308340402,25.21,9,10,54.95,0.5740000000000001,51.40820201077971,51.40820201077971,13.689631957335212,1.9147575194110562,3.755265457172064,12,75.0,42.20743386118801,16.285706503324594,-34.24130143645999,10.996421216586963,23.485,8,10,65.7,0.44682539682539685,234.40564110405418,27.430229972787213,37.48384804149857,0.9607164458436688,0.7317879941893655,34,61.76470588235294,52.2421740180973,20.881073205794742,-84.92941846437407,5.885591259501447,64.265,8,10,90.43,0.7398406374501991,0.8607189008769426
all-confirm3-ma20,S,,120.0,,all-confirm3-ma20|exit=S|trail=none|hold=120,14.181225099269156,4.538128245707473,11.634414303279229,0.4336852272336757,0.39006073940725794,24,54.166666666666664,4.6461026890903785,2.4450241309127763,-36.74616428221981,1.596209841310175,0.36,5,10,77.87,0.22841965471447545,13.775901413100078,13.893433921799293,10.703749482643,1.0658448616180365,1.2979969256874542,9,66.66666666666666,14.380541070282154,10.854868438631705,-33.70674888049696,4.802781935858485,1.83,5,10,50.24,0.25559999999999994,21.18814795420041,21.18814795420041,7.385621923066587,1.594470244257071,2.8688373402957605,11,72.72727272727273,16.726635212221073,10.274844497211166,-8.078611631424504,12.635621123643684,10.18,7,10,48.3,0.23730158730158726,96.88492334454362,14.571585841412604,11.634414303279229,1.0849081872442572,1.2524554706037516,43,65.11627906976744,18.258438576729873,9.037865665753175,-36.74616428221981,4.08364567502302,32.54,8,10,77.87,0.26868525896414347,0.8576143426615916
v4-b+jf,S-or-MA60,0.2,60.0,,v4-b+jf|exit=S-or-MA60|trail=20%|hold=60,14.363249379145927,4.593870525917576,20.299729231206896,0.4121222278708391,0.22630205918487775,69,47.82608695652174,2.9804358788527563,-0.1998999999999862,-37.841895501244046,1.4359484083539462,9.755,6,10,79.14,0.1892430278884462,32.573568148190525,32.872957232748455,10.08439424923262,1.742475450845864,3.2597850123967484,22,59.09090909090909,13.466122525098607,5.871531820740383,-13.641687661864788,6.266425685453587,17.835,9,10,32.32,0.2152,39.893167607724344,39.893167607724344,7.917022346904057,2.2908313414222885,5.038910572650401,24,66.66666666666666,16.616265502473095,2.1385952682844045,-29.509529277369484,4.720060704609905,17.275,8,10,49.0,0.26865079365079364,135.35264378359489,18.751746819626636,20.299729231206896,1.2389437122060436,0.923743691654737,114,54.385964912280706,9.62537494358538,1.7372861143429286,-37.841895501244046,2.688633968644469,65.265,7,10,79.14,0.21745019920318726,0.8571087542794487
v4-b+jf,S,0.15,120.0,,v4-b+jf|exit=S|trail=15%|hold=120,14.997900207323479,4.787762631184345,22.491715775041264,0.42637930529697415,0.21286782560613968,69,43.47826086956522,3.2017976237285715,-7.107689473078294,-34.38185233852088,1.4142350420099243,19.445,6,10,73.17,0.25803452855245684,23.90225547257028,24.11487833314787,10.56954412131683,1.3314497943032417,2.281543844877149,21,47.61904761904761,10.911286327124893,-1.0594691409384294,-18.186635090163882,3.146649179964243,25.035,7,10,43.49,0.2992,26.786643273416267,26.786643273416267,10.422430977287188,1.9630911674418943,2.570095530667496,26,50.0,10.453293347684136,0.39279408418346207,-21.011725753607337,3.013147655624262,20.525,8,10,45.0,0.2817460317460317,94.92546343015186,14.341710838348497,22.491715775041264,1.0061680875518708,0.6376441433722584,115,45.21739130434783,7.078274128639498,-3.389852374644753,-34.38185233852088,2.0365349701145816,56.245000000000005,6,10,73.17,0.28613545816733066,0.842632646082691
b-confirm5-ma20+jf,S-confirm3-ma20,0.15,60.0,,b-confirm5-ma20+jf|exit=S-confirm3-ma20|trail=15%|hold=60,16.23869370622082,5.16479042933482,15.1728851748413,0.47127549757710485,0.34039606639208886,53,49.056603773584904,3.7017877908982735,-1.6222256505327604,-34.38185233852088,1.533371381331774,1.315,6,10,74.26,0.1852589641434263,13.921861414544768,14.040714344183925,10.893324718141972,0.8780674150301413,1.2889282847504053,20,45.0,5.916411017173766,-0.5852832372652161,-20.56036340301006,2.221519420430611,16.365,6,10,44.88,0.2092,25.82349520612526,25.82349520612526,8.327640122080314,2.114949263827093,3.100937940108095,20,60.0,12.855863349256941,10.949756276888667,-21.011725753607337,3.8010671118077197,27.975,8,10,33.93,0.23174603174603173,80.78099408545512,12.625169252093693,15.1728851748413,0.946763834479463,0.8320875763976607,92,51.08695652173913,7.245699188268537,0.8493203808074501,-34.38185233852088,2.17751981959038,38.81999999999999,6,10,74.26,0.21179282868525898,0.8309836105622941
b-confirm3-ma20+jf,S-confirm3-ma20,0.2,120.0,,b-confirm3-ma20+jf|exit=S-confirm3-ma20|trail=20%|hold=120,15.246541779651723,4.86353098456731,15.255992011652442,0.4074126144037849,0.3187948040909154,46,41.30434782608695,3.5188150905970996,-1.7545962114346947,-34.38185233852088,1.43358472523889,0.35,5,10,69.08,0.25006640106241695,22.822155335946913,23.02430719709161,11.89329350093299,1.211996021680617,1.9359067524303029,16,56.25,13.375317094807503,2.776487767745006,-23.72333142580999,3.8651735389277415,15.59,6,10,44.92,0.3336,28.039125464265858,28.039125464265858,9.704373497585284,2.0359344156632533,2.8893287620517456,17,64.70588235294117,17.823994792125955,12.754924808902901,-27.047831583052417,4.167283662911982,30.89,8,10,46.32,0.2658730158730158,120.36815419780015,17.193410263604836,15.255992011652442,1.1054176383223462,1.1269939215013094,78,48.717948717948715,13.589698311486103,-0.4967422602022431,-34.38185233852088,2.8856039722429645,38.455,7,10,69.08,0.29250996015936254,0.8277109707662739
b-confirm5-ma20+jf,S-confirm5-ma20,0.2,60.0,,b-confirm5-ma20+jf|exit=S-confirm5-ma20|trail=20%|hold=60,15.614407152453813,4.97543107912799,16.31903004932591,0.40597869250472657,0.30488522075694746,52,44.230769230769226,3.167908419222266,-1.67423640935635,-34.38185233852088,1.4211540034993855,0.42,5,10,69.08,0.22908366533864538,23.151671529832996,23.357009774190416,11.285776584592888,1.262913905783157,2.069597036510268,18,61.111111111111114,11.202665804760903,8.371479180712438,-23.72333142580999,3.699732580315899,18.88,6,10,44.92,0.258,28.840424810015854,28.840424810015854,8.854547671476421,2.124115366346751,3.257131349907449,17,64.70588235294117,16.60458691038904,12.754924808902901,-27.047831583052417,4.785194985053979,20.31,8,10,46.32,0.25595238095238093,117.81707850064093,16.919724056150365,16.31903004932591,1.0791059581574496,1.0368094185137717,86,52.32558139534884,10.75664405670878,0.8845395004029699,-34.38185233852088,2.681898621408682,37.01,9,10,69.08,0.2555378486055777,0.8251131954162817
b-confirm3-ma20+jf,S-confirm3-ma20,0.15,,,b-confirm3-ma20+jf|exit=S-confirm3-ma20|trail=15%|hold=none,16.507895793872173,5.246236348674338,12.826644459915126,0.49847171941996904,0.40901081846226306,46,47.82608695652174,4.3833187059454115,-1.7545962114346836,-34.38185233852088,1.6038369985611738,2.02,5,10,71.78,0.2184594953519256,10.220063797958945,10.305900227190934,10.604542573705956,0.7022516948481498,0.9718382622881342,18,38.88888888888889,4.797296827032826,-2.6769717564176894,-20.56036340301006,1.8914174658424971,4.65,5,10,44.88,0.2384,24.290726431227007,24.290726431227007,8.765822375774723,2.0976866672005516,2.7710721698350853,18,61.111111111111114,13.80171206140132,13.386978026706586,-21.011725753607337,3.7200114640679867,22.759999999999998,8,10,28.67,0.21666666666666665,71.38930448024354,11.4251389873554,12.826644459915126,0.8952887238651637,0.8907348311602767,81,48.148148148148145,7.872458290062675,-1.0594691409384294,-34.38185233852088,2.1710083225308536,10.29,7,10,71.78,0.25338645418326694,0.8185420023488349
v4-b+jf,S,0.15,,,v4-b+jf|exit=S|trail=15%|hold=none,14.372480895596684,4.59669596988288,22.491715775041264,0.4081091083902924,0.20437284624518365,67,41.7910447761194,3.306407669019614,-8.210317405081824,-34.38185233852088,1.4153699446399894,20.43,6,10,73.17,0.2706507304116866,23.90225547257028,24.11487833314787,10.56954412131683,1.3314497943032417,2.281543844877149,21,47.61904761904761,10.911286327124893,-1.0594691409384294,-18.186635090163882,3.146649179964243,25.035,7,10,43.49,0.2992,26.786643273416267,26.786643273416267,10.422430977287188,1.9630911674418943,2.570095530667496,26,50.0,10.453293347684136,0.39279408418346207,-21.011725753607337,3.013147655624262,20.525,8,10,45.0,0.2817460317460317,91.95786346441275,13.990023600705182,22.491715775041264,0.9735362543272198,0.6220078423821143,113,44.24778761061947,7.264943429835707,-4.031352202945804,-34.38185233852088,2.0342778958007868,47.795,6,10,73.17,0.3085258964143426,0.8166005968701243
stage5-ma60+jf,S-confirm5-ma20,0.15,120.0,,stage5-ma60+jf|exit=S-confirm5-ma20|trail=15%|hold=120,18.02322606810469,5.702372417822588,24.2020062298121,0.47912654389961123,0.235615690851215,62,43.54838709677419,3.75584948461785,-6.089906983922344,-34.38185233852088,1.4848170152519993,25.990000000000002,6,10,75.54,0.26188579017264274,14.521726439110338,14.646021852339741,12.199804398406577,0.9021886528187808,1.2005128421774258,19,42.10526315789473,6.9039004998743785,-4.29447437189695,-20.56036340301006,2.2021589858668813,13.36,5,10,43.49,0.23040000000000002,24.881048276093367,24.881048276093367,7.365947303814647,2.0364772876894057,3.3778477159628975,21,57.14285714285714,11.829435900268404,3.3736303741352724,-21.011725753607323,3.2969455116044175,18.58,7,10,45.0,0.21706349206349204,81.80868457284728,12.753437014609448,24.2020062298121,0.9157923918064893,0.526957843639414,101,45.54455445544555,6.955254887566323,-4.031352202945804,-34.38185233852088,1.9922981123169807,53.595,6,10,75.54,0.25314741035856575,0.8117778659266985
b-confirm3-ma20+jf,S-confirm5-ma20,0.15,120.0,,b-confirm3-ma20+jf|exit=S-confirm5-ma20|trail=15%|hold=120,15.703841768731142,5.002600175558136,11.878144643763001,0.4857582283531699,0.42116006544716655,47,48.93617021276596,3.9698980337018392,-1.6222256505327604,-34.38185233852088,1.576584314304365,2.02,5,10,71.78,0.19003984063745022,10.003895214240387,10.087834313584555,10.779868995745979,0.697875458420946,0.9358030526684026,18,38.88888888888889,4.734481578971081,-2.6769717564176894,-20.56036340301006,1.879745348968691,4.65,5,10,44.88,0.22279999999999997,24.290726431227007,24.290726431227007,8.765822375774723,2.0976866672005516,2.7710721698350853,18,61.111111111111114,13.80171206140132,13.386978026706586,-21.011725753607337,3.7200114640679867,22.759999999999998,8,10,28.67,0.21666666666666665,70.82535432779677,11.351421793133309,11.878144643763001,0.9069497097549019,0.955656134318396,82,48.78048780487805,7.45377402814855,-0.9794874998461711,-34.38185233852088,2.1620031411527836,10.29,8,10,71.78,0.2209561752988048,0.8111110758054949
stage5-ma60+jf,S-confirm5-ma20,0.2,120.0,,stage5-ma60+jf|exit=S-confirm5-ma20|trail=20%|hold=120,17.231263764407846,5.464469736740107,21.950244453780996,0.4078458523498876,0.2489480127770894,57,42.10526315789473,3.334092989627233,-3.1678067374243724,-34.38185233852088,1.3988298486319284,10.54,7,10,82.71,0.3216467463479416,23.568085868011245,23.777460974719776,13.022672426917037,1.231718385163226,1.825851115288232,17,58.82352941176471,13.203067490304191,4.24682223715358,-23.72333142580999,3.308149081546652,17.6,6,10,43.6,0.3124,44.2005606324988,44.2005606324988,6.277127745604194,2.495444165565425,7.041526383376853,17,70.58823529411765,26.406747539251228,12.754924808902901,-29.509529277369474,6.172766142558995,26.159999999999997,7,10,38.38,0.2702380952380953,156.55313987091358,20.82630780153294,21.950244453780996,1.178338179745161,0.9487961669577463,90,50.0,14.019222842182263,0.7378455544224449,-34.38185233852088,2.86737049065391,52.74,6,10,82.71,0.3247011952191235,0.8103004933198191
v4-b+jf,S-or-MA60,,,,v4-b+jf|exit=S-or-MA60|trail=none|hold=none,17.35427806213503,5.50149279932608,25.550118500015508,0.3837791147994473,0.21532161580083242,53,54.71698113207547,3.2908953876115628,1.8837255418082677,-60.95102468073881,1.500259783080589,6.375,6,10,83.37,0.2803452855245684,44.833650999179284,45.26347676472962,14.420701020144799,1.7925457450201188,3.1387847720786546,19,68.42105263157895,21.845550531623587,11.363606301283857,-19.631476551470882,10.538054635272875,35.3,9,10,54.89,0.30720000000000003,56.30650657951033,56.30650657951033,9.448280289288125,2.430746454639779,5.959444984220797,21,71.42857142857143,25.100391880908262,2.5348712619252423,-23.659252197036906,10.967237878094469,28.33,8,10,48.36,0.330952380952381,191.94258502545173,24.00244397039224,25.550118500015508,1.190984734957382,0.9394259353582909,91,61.53846153846154,15.331464307953485,4.006286260086367,-60.95102468073881,3.8587235175435297,74.91499999999999,7,10,83.37,0.3123505976095618,0.8066042427590221
b-confirm3-ma20+jf,S-confirm5-ma20,,120.0,,b-confirm3-ma20+jf|exit=S-confirm5-ma20|trail=none|hold=120,24.262052854336048,7.540353132233846,30.585699889927255,0.4327744741936163,0.24653197930308274,30,53.333333333333336,7.567971041405565,5.94124020311122,-57.51582531608928,1.691443925304668,7.18,6,10,88.02,0.3767596281540505,28.248399571921645,28.503918181309263,18.84661985149996,1.1725886370581655,1.512415404242406,11,63.63636363636363,23.186397960448048,12.988625646019102,-37.648995364017445,6.8267123912525705,8.26,6,10,54.89,0.3848,43.96445411059013,43.96445411059013,9.451381773308508,2.041565359257013,4.651643025864157,14,71.42857142857143,33.55796584720226,12.097524841149776,-35.768792388965906,9.654335516747285,20.884999999999998,8,10,50.57,0.36428571428571427,170.28054097309303,22.097573028085794,30.585699889927255,0.9840525919157508,0.7224805418091202,54,62.96296296296296,21.22899448433907,10.220075001467821,-57.51582531608928,3.6835740341166825,51.879999999999995,7,10,88.02,0.41960159362549804,0.804938262031592
all-confirm5-ma20,S-or-MA20,0.15,,,all-confirm5-ma20|exit=S-or-MA20|trail=15%|hold=none,7.249198546292623,2.3697672278928827,6.089786172417111,0.5212776901374843,0.3891380026816759,36,38.88888888888889,1.995252885128511,-2.139294284668525,-12.0726476032049,1.6753511114429127,4.5,6,10,30.74,0.060159362549800796,4.348411588342604,4.383950548218096,5.878523565921467,0.7079665301638673,0.7457570764251764,13,38.46153846153847,4.411473570466484,-2.968345772932879,-20.98894089426674,1.7298757153817952,0.215,5,10,34.35,0.06800000000000002,8.566193144678058,8.566193144678058,2.571469714291452,1.4592766021171386,3.3312440341294876,17,47.05882352941176,5.259204791563618,-0.1380974375857713,-11.62483210661065,2.82551311508157,3.13,6,10,16.32,0.0761904761904762,25.19766570412667,4.615735387692732,6.089786172417111,0.8411215436027035,0.7579470373851714,66,40.909090909090914,3.8363943979476747,-2.3000272234597663,-20.988940894266726,2.058345562475793,8.135,5,10,41.0,0.06836653386454183,0.8045950751516798
all-confirm5-ma20,S-or-MA20,0.15,60.0,,all-confirm5-ma20|exit=S-or-MA20|trail=15%|hold=60,7.249198546292623,2.3697672278928827,6.089786172417111,0.5212776901374843,0.3891380026816759,36,38.88888888888889,1.995252885128511,-2.139294284668525,-12.0726476032049,1.6753511114429127,4.5,6,10,30.74,0.060159362549800796,4.348411588342604,4.383950548218096,5.878523565921467,0.7079665301638673,0.7457570764251764,13,38.46153846153847,4.411473570466484,-2.968345772932879,-20.98894089426674,1.7298757153817952,0.215,5,10,34.35,0.06800000000000002,8.566193144678058,8.566193144678058,2.571469714291452,1.4592766021171386,3.3312440341294876,17,47.05882352941176,5.259204791563618,-0.1380974375857713,-11.62483210661065,2.82551311508157,3.13,6,10,16.32,0.0761904761904762,25.19766570412667,4.615735387692732,6.089786172417111,0.8411215436027035,0.7579470373851714,66,40.909090909090914,3.8363943979476747,-2.3000272234597663,-20.988940894266726,2.058345562475793,8.135,5,10,41.0,0.06836653386454183,0.8045950751516798
all-confirm5-ma20,S-or-MA20,0.15,120.0,,all-confirm5-ma20|exit=S-or-MA20|trail=15%|hold=120,7.249198546292623,2.3697672278928827,6.089786172417111,0.5212776901374843,0.3891380026816759,36,38.88888888888889,1.995252885128511,-2.139294284668525,-12.0726476032049,1.6753511114429127,4.5,6,10,30.74,0.060159362549800796,4.348411588342604,4.383950548218096,5.878523565921467,0.7079665301638673,0.7457570764251764,13,38.46153846153847,4.411473570466484,-2.968345772932879,-20.98894089426674,1.7298757153817952,0.215,5,10,34.35,0.06800000000000002,8.566193144678058,8.566193144678058,2.571469714291452,1.4592766021171386,3.3312440341294876,17,47.05882352941176,5.259204791563618,-0.1380974375857713,-11.62483210661065,2.82551311508157,3.13,6,10,16.32,0.0761904761904762,25.19766570412667,4.615735387692732,6.089786172417111,0.8411215436027035,0.7579470373851714,66,40.909090909090914,3.8363943979476747,-2.3000272234597663,-20.988940894266726,2.058345562475793,8.135,5,10,41.0,0.06836653386454183,0.8045950751516798
stage5-ma60+jf,S,0.15,60.0,,stage5-ma60+jf|exit=S|trail=15%|hold=60,15.667857801482343,4.991670385514135,21.89729045225771,0.4581732600313039,0.2279583584278333,64,45.3125,3.4191128707051988,-3.0771962272767683,-34.38185233852088,1.458115285958354,23.655,6,10,73.17,0.20863213811420983,15.563469447206057,15.697276633606073,10.515097706272659,0.9715060510089045,1.4928322182153424,20,40.0,7.512422666706062,-2.6769717564176894,-20.56036340301006,2.3664532125977655,10.325,5,10,43.49,0.18240000000000003,27.68163117053659,27.68163117053659,7.365947303814668,2.239103789689535,3.7580544672374807,21,57.14285714285714,13.292601754456498,3.3736303741352947,-21.011725753607323,3.5810513869685954,20.525,7,10,45.0,0.21507936507936506,82.4841332909598,12.837425658742752,21.89729045225771,0.9621950226740649,0.5862563538046852,104,46.15384615384615,7.022758932679726,-3.0771962272767683,-34.38185233852088,2.018986783111148,54.169999999999995,5,10,73.17,0.21418326693227088,0.8029195799285105
stage5-ma60+jf,S-confirm5-ma20,0.15,,,stage5-ma60+jf|exit=S-confirm5-ma20|trail=15%|hold=none,17.7906035879001,5.632603902756328,24.2020062298121,0.47021496255321893,0.2327329333474045,60,41.66666666666667,3.955937947135764,-7.048132547827207,-34.38185233852088,1.4941726496935326,26.98,6,10,75.54,0.27476759628154046,14.521726439110338,14.646021852339741,12.199804398406577,0.9021886528187808,1.2005128421774258,19,42.10526315789473,6.9039004998743785,-4.29447437189695,-20.56036340301006,2.2021589858668813,13.36,5,10,43.49,0.23040000000000002,24.881048276093367,24.881048276093367,7.365947303814647,2.0364772876894057,3.3778477159628975,21,57.14285714285714,11.829435900268404,3.3736303741352724,-21.011725753607323,3.2969455116044175,18.58,7,10,45.0,0.21706349206349204,81.41767033507463,12.704702335203688,24.2020062298121,0.9047305163899637,0.5249441808486934,99,44.44444444444444,7.283349049898937,-4.294474371896939,-34.38185233852088,2.0185305495076644,53.595,6,10,75.54,0.2737051792828685,0.8028857929659632
b-confirm3-ma20+jf,S-confirm5-ma20,0.15,60.0,,b-confirm3-ma20+jf|exit=S-confirm5-ma20|trail=15%|hold=60,14.993317044414134,4.786364984899438,11.878144643763001,0.47682908385791967,0.40295560699479044,48,50.0,3.7541941642260905,-0.0896295148955728,-34.38185233852088,1.5568568688095359,2.915,6,10,71.78,0.16241699867197876,9.707552967275834,9.788896618169328,9.836299196007392,0.6907782176752782,0.995180852382235,18,38.88888888888889,4.498889518376725,-2.6769717564176894,-20.56036340301006,1.8359684293409082,6.43,5,10,44.88,0.1772,24.290726431227007,24.290726431227007,8.765822375774723,2.0976866672005516,2.7710721698350853,18,61.111111111111114,13.80171206140132,13.386978026706586,-21.011725753607337,3.7200114640679867,22.759999999999998,8,10,28.67,0.21666666666666665,70.09137858991255,11.255187712799874,11.878144643763001,0.9171063616232972,0.9475543572126621,83,50.602409638554214,7.2795415506578145,0.25567414087324103,-34.38185233852088,2.158771149811463,21.61,8,10,71.78,0.1891633466135458,0.8019422869202919
all-confirm5-ma20,S-or-MA60,,,,all-confirm5-ma20|exit=S-or-MA60|trail=none|hold=none,8.440504521972025,2.748915090326509,9.221092912113315,0.3698921347021475,0.29811163563002263,34,44.11764705882353,1.9995173918359228,-1.4151361953392172,-35.72418658466234,1.4581559594553735,0.495,5,10,59.94,0.1146082337317397,12.049176100350767,12.151203104497576,4.530062668235679,1.3958414186131205,2.6823476835542537,12,50.0,10.02178967804541,-0.6190730490337082,-15.22567356832203,4.851506820837032,1.27,6,10,26.23,0.13720000000000002,17.81237224484016,17.81237224484016,5.95290045967719,1.4712155709836248,2.992217384700915,15,60.0,9.910145080642337,4.6598168997287415,-16.93406262294853,4.909772689535483,13.350000000000001,8,10,48.3,0.21666666666666665,70.06777282879888,11.252087176081659,9.221092912113315,1.1263452579296078,1.2202552651107466,60,50.0,11.273474212204713,0.06538526366257069,-35.72418658466234,4.135243866849714,29.415,7,10,72.94,0.1509163346613546,0.7986048386055589
b-confirm5-ma20+jf,Scond,0.15,,,b-confirm5-ma20+jf|exit=Scond|trail=15%|hold=none,14.061151544112938,4.501325099266351,15.440075548639143,0.4330560613654633,0.29153517319823535,53,50.943396226415096,2.8837064163229726,1.394382549335571,-34.38185233852088,1.4146737684807595,4.63,5,10,70.2,0.16998671978751662,15.0871151063096,15.21656342731157,10.010773819441798,0.937620904059205,1.5200187020267777,20,45.0,6.936060213447895,-0.5852832372652328,-20.56036340301006,2.432039158099257,10.145,6,10,44.88,0.2184,28.706704460250386,28.706704460250386,7.645672857266616,2.5194462196090126,3.754634156621925,20,60.0,14.458603483725977,12.73625390598192,-21.011725753607337,4.318263378152694,33.48,8,10,33.93,0.21071428571428572,87.69829115197768,13.47755252961571,15.440075548639143,1.0332555524962608,0.8728942087853705,92,51.08695652173913,8.19364178395598,1.418674585038604,-34.38185233852088,2.3109611072663716,44.285,7,10,70.2,0.2102788844621514,0.7982684982441158
b-confirm5-ma20+jf,Scond,0.15,120.0,,b-confirm5-ma20+jf|exit=Scond|trail=15%|hold=120,14.061151544112938,4.501325099266351,15.440075548639143,0.4330560613654633,0.29153517319823535,53,50.943396226415096,2.8837064163229726,1.394382549335571,-34.38185233852088,1.4146737684807595,4.63,5,10,70.2,0.16998671978751662,15.0871151063096,15.21656342731157,10.010773819441798,0.937620904059205,1.5200187020267777,20,45.0,6.936060213447895,-0.5852832372652328,-20.56036340301006,2.432039158099257,10.145,6,10,44.88,0.2184,28.706704460250386,28.706704460250386,7.645672857266616,2.5194462196090126,3.754634156621925,20,60.0,14.458603483725977,12.73625390598192,-21.011725753607337,4.318263378152694,33.48,8,10,33.93,0.21071428571428572,89.33042583141777,13.675003198136215,15.440075548639143,1.0477474753712281,0.8856824019453391,92,51.08695652173913,8.283163496415082,1.418674585038604,-34.38185233852088,2.344542548745844,50.07,7,10,70.2,0.20868525896414342,0.7982684982441158
stage5-ma60+jf,S-or-cond,0.2,60.0,,stage5-ma60+jf|exit=S-or-cond|trail=20%|hold=60,16.436509482655758,5.224650940507369,22.438523929471167,0.43003153731153604,0.2328428980858771,61,47.540983606557376,3.325394616057091,-0.7935845204045,-34.38185233852087,1.4252338297809992,5.755,7,10,81.3,0.21726427622841965,21.420758911683624,21.60943942588329,13.022672426917058,1.1655355913430487,1.6593705744466025,18,55.55555555555556,11.178540255345531,5.018482450848138,-23.72333142580999,3.0514643705014053,6.805,6,10,43.6,0.22080000000000002,43.10620866420693,43.10620866420693,4.027317455161549,2.8428216448046957,10.703454382261453,18,72.22222222222221,24.403488507702697,17.872143860858635,-29.509529277369474,6.06154880357996,28.68,7,10,38.38,0.2091269841269841,123.10584019440793,17.484314104033437,22.438523929471167,1.1389707412835446,0.7792096378081814,96,53.125,10.526378102497262,3.5412478367235267,-34.38185233852087,2.4694913977421113,61.425000000000004,8,10,81.3,0.22780876494023902,0.7945841210389057
all-confirm3-ma20,S-or-MA60,,,,all-confirm3-ma20|exit=S-or-MA60|trail=none|hold=none,7.322822863449474,2.393280082109528,8.376757024306514,0.34803034508087627,0.2857048467760303,28,42.857142857142854,2.127340626287342,-1.4151361953392116,-35.72418658466234,1.4800924687550354,2.11,5,10,56.66,0.09601593625498009,12.610486371783857,12.717530380230379,3.938983976322863,1.77889195656996,3.228632169278968,10,60.0,13.012402769098147,1.6819146209495428,-15.22567356832203,6.865190937667986,1.175,5,10,26.23,0.11920000000000001,10.846502558762605,10.846502558762605,11.23220879009741,1.0320471128361104,0.965660696080111,12,50.0,7.402340397550221,1.3718761291220238,-16.93406262294853,3.336310363933538,1.405,5,10,48.3,0.18968253968253967,59.14671353975234,9.779267817413096,11.232208790097376,1.0717369830716121,0.87064512422835,49,48.97959183673469,12.612833858394106,-0.06198834990689406,-35.72418658466234,4.3884928922202695,36.175,7,10,72.02,0.1307569721115538,0.7934255371948373
stage5-ma60+jf,S-confirm3-ma20,0.2,,,stage5-ma60+jf|exit=S-confirm3-ma20|trail=20%|hold=none,17.35739891200914,5.502431731625124,24.144731629276862,0.39967775958449037,0.22789367950369396,54,38.88888888888889,3.9470479711628577,-4.8251550057179236,-34.38185233852088,1.4244451780133185,10.6,6,10,82.71,0.34794156706507307,25.90076286777705,26.132960275928063,13.611924605179826,1.2753161340328445,1.9198578477273915,16,56.25,15.66777811176612,4.000577476279677,-23.72333142580999,3.577908429063745,17.6,6,10,43.6,0.33999999999999997,44.2005606324988,44.2005606324988,6.277127745604194,2.495444165565425,7.041526383376853,17,70.58823529411765,26.406747539251228,12.754924808902901,-29.509529277369474,6.172766142558995,26.159999999999997,7,10,38.38,0.2702380952380953,146.15328806850397,19.826492185472677,24.144731629276862,1.0885132767076346,0.8211518972292874,85,47.05882352941176,14.687814158104045,-1.6222256505327604,-34.38185233852088,2.7801312233442967,43.665,6,10,82.71,0.36677290836653387,0.7911754089976183
v4-b+jf,S,0.15,60.0,,v4-b+jf|exit=S|trail=15%|hold=60,13.511266897523576,4.332452561922739,22.4237226078169,0.39515201397836197,0.19320844436473936,71,43.66197183098591,2.8732981646738742,-3.903150039700942,-34.38185233852088,1.3829655479863516,19.845,6,10,73.17,0.23041168658698535,23.201221614445,23.407039618787962,10.157005017523646,1.3234731022620143,2.304521813113643,22,50.0,10.161592870111976,-0.13315431905383535,-18.186635090163882,3.0943550063284477,24.9,7,10,43.49,0.23199999999999998,26.786643273416267,26.786643273416267,10.422430977287188,1.9630911674418943,2.570095530667496,26,50.0,10.453293347684136,0.39279408418346207,-21.011725753607337,3.013147655624262,20.525,8,10,45.0,0.2817460317460317,89.1038684190085,13.647676483505112,22.4237226078169,0.9734040120606668,0.6086267085175027,118,45.76271186440678,6.595571089662046,-3.319396657408491,-34.38185233852088,1.9803751140976131,59.285,7,10,73.17,0.2541832669322709,0.7910659398744606
b-confirm5-ma20+jf,Scond,0.15,60.0,,b-confirm5-ma20+jf|exit=Scond|trail=15%|hold=60,14.072388254733802,4.504770300342997,15.1728851748413,0.43405841305087195,0.29689609118063565,53,49.056603773584904,2.875715908742807,-0.04882611496872524,-34.38185233852088,1.4183964760335104,0.895,5,10,70.2,0.1660026560424967,14.679883073569066,14.805617648597957,9.753803241800775,0.9275899156981642,1.5179327777647997,20,45.0,6.656088456858285,-0.5852832372652161,-20.56036340301006,2.3742353752225145,15.695,6,10,44.88,0.1884,29.528432573069562,29.528432573069562,7.645672857266616,2.5899547343593254,3.8621103890163293,20,60.0,14.838359185522338,15.03857687640524,-21.011725753607337,4.405417676237836,33.48,8,10,33.93,0.20515873015873018,89.9300942766742,13.747207587542732,15.1728851748413,1.062402705645155,0.9060378055412602,92,51.08695652173913,8.29574357190637,0.849320380807439,-34.38185233852088,2.3679982137335998,48.959999999999994,7,10,70.2,0.19290836653386453,0.7887876446384738
all-confirm5-ma20,S-or-MA60,,120.0,,all-confirm5-ma20|exit=S-or-MA60|trail=none|hold=120,8.250448515855723,2.6886138472387744,9.221092912113315,0.36340820728846335,0.2915721458252382,34,44.11764705882353,1.9372423421951308,-1.4151361953392172,-35.72418658466234,1.443886673659309,0.495,5,10,59.94,0.11354581673306771,12.049176100350767,12.151203104497576,4.530062668235679,1.3958414186131205,2.6823476835542537,12,50.0,10.02178967804541,-0.6190730490337082,-15.22567356832203,4.851506820837032,1.27,6,10,26.23,0.13720000000000002,14.901619823620639,14.901619823620639,5.95290045967719,1.26457283111884,2.5032536533340104,15,60.0,7.904191850802723,4.6598168997287415,-16.93406262294853,4.118379517115439,11.455,8,10,48.3,0.2003968253968254,65.57526147044037,10.655648642698079,9.221092912113315,1.0751685562692748,1.1555732866220505,60,50.0,10.736696709948362,0.06538526366257069,-35.72418658466234,3.9859617254145405,29.415,7,10,72.94,0.14701195219123508,0.7860231143705289
v4-b+jf,S,0.2,60.0,,v4-b+jf|exit=S|trail=20%|hold=60,15.145872558603003,4.832867246782313,25.4032691976521,0.3873846188778902,0.19024587777186533,68,45.588235294117645,3.387326329927893,-0.9999882616948452,-37.841895501244046,1.410859840664811,14.48,7,10,81.3,0.26905710491367857,30.95568794594481,31.23853123459255,13.02267242691707,1.5136102586281803,2.3987803893480732,21,61.904761904761905,13.835766311237322,16.003109639197643,-22.662610115948347,3.7954324789026166,16.465,8,10,43.6,0.2972,45.094039011420506,45.094039011420506,7.917022346904057,2.3865941928118963,5.695833235718285,21,61.904761904761905,21.227552593473266,12.170201402853142,-29.509529277369484,4.975676396881005,20.1,8,10,49.0,0.31825396825396823,153.18043607462758,20.505671469173347,25.4032691976521,1.1871150882846804,0.8072060060312468,109,51.37614678899083,11.12886076984011,2.5348712619252423,-37.841895501244046,2.5146235620592834,63.695,8,10,81.3,0.3005577689243028,0.779243818279716
stage5-ma60+jf,S-confirm3-ma20,0.2,120.0,,stage5-ma60+jf|exit=S-confirm3-ma20|trail=20%|hold=120,17.3291178499245,5.493922544117669,23.527121568105013,0.4038952062646922,0.23351443686870765,57,42.10526315789473,3.4173529981872335,-3.6689859564252303,-34.38185233852088,1.3932918259286322,10.54,7,10,82.71,0.32961487383798144,22.49928967177377,22.698326385425815,13.611924605179826,1.1397262515566244,1.6675324793371458,17,52.94117647058824,12.5801481266301,3.7543327154057726,-23.72333142580999,3.180424506610625,15.625,6,10,43.6,0.30720000000000003,44.2005606324988,44.2005606324988,6.277127745604194,2.495444165565425,7.041526383376853,17,70.58823529411765,26.406747539251228,12.754924808902901,-29.509529277369474,6.172766142558995,26.159999999999997,7,10,38.38,0.2702380952380953,158.17547775654194,20.97934169725397,23.527121568105013,1.1661484864157567,0.8917088151444337,90,50.0,14.121376424671524,0.7378455544224449,-34.38185233852088,2.8301191745655423,52.74,6,10,82.71,0.33099601593625494,0.7785899719530084
all-confirm3-ma20,S-or-MA60,,120.0,,all-confirm3-ma20|exit=S-or-MA60|trail=none|hold=120,7.134725738962078,2.333187553956284,8.376757024306514,0.3410333315605709,0.2785311245373554,28,42.857142857142854,2.0517209231520948,-1.4151361953392116,-35.72418658466234,1.4630268190343874,2.11,5,10,56.66,0.09495351925630809,12.610486371783857,12.717530380230379,3.938983976322863,1.77889195656996,3.228632169278968,10,60.0,13.012402769098147,1.6819146209495428,-15.22567356832203,6.865190937667986,1.175,5,10,26.23,0.11920000000000001,8.107853641345919,8.107853641345919,11.23220879009741,0.8011028349758117,0.721839648181576,12,50.0,4.894898860250698,1.3718761291220238,-16.93406262294853,2.5449171915134943,1.405,5,10,48.3,0.1734126984126984,54.942692952368574,9.19072528167344,11.232208790097364,1.0161423763573405,0.8182473682092025,49,48.97959183673469,11.955555284202653,-0.06198834990689406,-35.72418658466234,4.211912133140963,36.175,7,10,72.02,0.12685258964143428,0.7785368549577568
b-confirm3-ma20+jf,Scond,0.2,,,b-confirm3-ma20+jf|exit=Scond|trail=20%|hold=none,13.990534791846088,4.479668671608517,15.197045502374118,0.3918085976671458,0.29477234051241685,47,42.5531914893617,3.4718613267445733,-1.8869667723366068,-34.38185233852087,1.4302883605836176,0.51,6,10,68.89,0.20358565737051793,18.87727460972668,19.041839874755027,10.929207116977013,1.1045743119563054,1.7422892320501604,16,56.25,10.957720226611526,2.776487767745006,-23.72333142580999,3.347291643085527,4.5649999999999995,6,10,44.92,0.2496,19.281231978266568,19.281231978266568,9.32184791191315,1.6688924982357258,2.0683916065210104,17,58.82352941176471,14.347583080585036,11.916772432735101,-27.047831583052417,2.9815164848822504,19.12,7,10,46.32,0.246031746031746,76.51892042145816,12.086910570877563,15.197045502374118,0.878612372755499,0.795346080196267,78,47.43589743589743,9.591368375445395,-0.9115864880304803,-34.38185233852087,2.2256465407873014,17.17,9,10,68.89,0.24278884462151398,0.7777618023738104
b-confirm3-ma20+jf,Scond,0.2,120.0,,b-confirm3-ma20+jf|exit=Scond|trail=20%|hold=120,13.990534791846088,4.479668671608517,15.197045502374118,0.3918085976671458,0.29477234051241685,47,42.5531914893617,3.4718613267445733,-1.8869667723366068,-34.38185233852087,1.4302883605836176,0.51,6,10,68.89,0.20358565737051793,18.87727460972668,19.041839874755027,10.929207116977013,1.1045743119563054,1.7422892320501604,16,56.25,10.957720226611526,2.776487767745006,-23.72333142580999,3.347291643085527,4.5649999999999995,6,10,44.92,0.2496,19.281231978266568,19.281231978266568,9.32184791191315,1.6688924982357258,2.0683916065210104,17,58.82352941176471,14.347583080585036,11.916772432735101,-27.047831583052417,2.9815164848822504,19.12,7,10,46.32,0.246031746031746,82.7819107415961,12.874373892025792,15.197045502374118,0.9198694416903302,0.8471629495361139,79,48.10126582278481,9.916836250748256,-0.7935845204045,-34.38185233852087,2.3156162960249507,25.479999999999997,9,10,68.89,0.24422310756972113,0.7777618023738104
v4-b+jf,S-or-cond,0.2,120.0,,v4-b+jf|exit=S-or-cond|trail=20%|hold=120,15.275008883038943,4.872198801581895,24.20034442820501,0.39605066465627264,0.20132766358083093,66,46.96969696969697,3.1234142849617097,-0.6543337394631588,-37.841895501244046,1.3704369785252324,16.035,7,10,81.3,0.25458167330677284,27.784792333255727,28.035677795708814,13.022672426917048,1.3614915542055754,2.1528359830168826,21,61.904761904761905,12.642458151346409,4.24682223715358,-22.662610115948347,3.554331819028848,10.365,7,10,43.6,0.3236,44.387040001338704,44.387040001338704,6.054047398556817,2.5886334436189014,7.3317959175410214,22,63.63636363636363,21.388189010082204,9.947524373858519,-29.509529277369484,5.027719326000299,24.52,8,10,49.0,0.29603174603174603,136.49819127173805,18.867583945033495,24.20034442820501,1.148005511421544,0.7796411328362628,108,51.85185185185185,10.456191549469802,2.9542508180302796,-37.841895501244046,2.3938577023789245,69.595,9,10,81.3,0.30039840637450194,0.7768260832518364
stage5-ma60+jf,S-confirm3-ma20,0.15,120.0,,stage5-ma60+jf|exit=S-confirm3-ma20|trail=15%|hold=120,16.753414402253817,5.32040783568406,25.017516701301368,0.45226440614462726,0.21266730424156374,62,43.54838709677419,3.5894842236626605,-7.048132547827207,-34.38185233852088,1.453600995194073,25.990000000000002,6,10,75.54,0.2621513944223107,14.735136080373223,14.861373850706915,12.26800434173173,0.9011260977686468,1.2113929402644072,19,42.10526315789473,6.9633716062150315,-4.29447437189695,-20.56036340301006,2.212514541380487,13.36,5,10,43.49,0.246,24.881048276093367,24.881048276093367,7.365947303814647,2.0364772876894057,3.3778477159628975,21,57.14285714285714,11.829435900268404,3.3736303741352724,-21.011725753607323,3.2969455116044175,18.58,7,10,45.0,0.21706349206349204,79.85260527968813,12.508793510841176,25.017516701301368,0.9005041466683937,0.5000014054228847,101,45.54455445544555,6.85312967787106,-4.294474371896939,-34.38185233852088,1.963687026029466,53.595,6,10,75.54,0.25330677290836656,0.7731704994340683
v4-b+jf,S-or-MA60,0.2,,,v4-b+jf|exit=S-or-MA60|trail=20%|hold=none,12.240379093464494,3.9400626016045326,20.299729231206896,0.3628009632967549,0.19409434267465253,69,47.82608695652174,2.622738723475186,-0.1998999999999862,-37.841895501244046,1.3836280391535827,9.755,6,10,79.14,0.199468791500664,34.56254033385342,34.882488791315545,10.08439424923262,1.8234104575618093,3.459056432067792,22,59.09090909090909,14.463233111758731,5.871531820740383,-13.641687661864788,6.65638269015462,20.869999999999997,9,10,32.32,0.2536,42.65747131279338,42.65747131279338,7.917022346904057,2.3796586661641963,5.388070090451941,24,66.66666666666666,18.35892296672437,2.1385952682844045,-29.509529277369484,5.110208030637613,18.740000000000002,8,10,49.0,0.28253968253968254,149.6964263961822,20.170848760083302,20.299729231206896,1.3023753532055105,0.9936511236354096,114,54.385964912280706,11.021331459773057,1.7372861143429286,-37.841895501244046,2.9335345159790998,77.67,8,10,79.14,0.23976095617529877,0.7727041672321822
v4-b+jf,S-or-MA60,0.2,120.0,,v4-b+jf|exit=S-or-MA60|trail=20%|hold=120,12.240379093464494,3.9400626016045326,20.299729231206896,0.3628009632967549,0.19409434267465253,69,47.82608695652174,2.622738723475186,-0.1998999999999862,-37.841895501244046,1.3836280391535827,9.755,6,10,79.14,0.199468791500664,34.56254033385342,34.882488791315545,10.08439424923262,1.8234104575618093,3.459056432067792,22,59.09090909090909,14.463233111758731,5.871531820740383,-13.641687661864788,6.65638269015462,20.869999999999997,9,10,32.32,0.2536,42.65747131279338,42.65747131279338,7.917022346904057,2.3796586661641963,5.388070090451941,24,66.66666666666666,18.35892296672437,2.1385952682844045,-29.509529277369484,5.110208030637613,18.740000000000002,8,10,49.0,0.28253968253968254,149.6964263961822,20.170848760083302,20.299729231206896,1.3023753532055105,0.9936511236354096,114,54.385964912280706,11.021331459773057,1.7372861143429286,-37.841895501244046,2.9335345159790998,77.67,8,10,79.14,0.23976095617529877,0.7727041672321822
v4-b+jf,S-confirm5-ma20,0.15,120.0,,v4-b+jf|exit=S-confirm5-ma20|trail=15%|hold=120,14.961760713871964,4.776740801601265,24.71223573951018,0.40305617438338154,0.19329456274019602,69,40.57971014492754,3.0681017337990757,-7.107689473078294,-34.38185233852088,1.3935169523597057,25.675,6,10,75.54,0.2836653386454183,19.775283307374348,19.948313047936693,12.645109951287736,1.119764151925244,1.5775515693246482,21,47.61904761904761,8.448368742963696,-1.0594691409384294,-18.186635090163882,2.662103192089662,18.895,7,10,43.49,0.3108,23.617609045104683,23.617609045104683,10.422430977287211,1.7468856516365403,2.2660365030550635,26,50.0,9.1375827369616,-0.7866749156636876,-21.011725753607337,2.7341282171086743,18.58,8,10,45.0,0.28531746031746025,84.22485335305527,13.052735877937781,24.71223573951018,0.8921144534111757,0.5281891940302647,115,43.47826086956522,6.281134267984045,-3.744885491922567,-34.38185233852088,1.9120997168455236,39.835,7,10,75.54,0.30422310756972115,0.7671336195438263
b-confirm3-ma20+jf,S-confirm3-ma20,0.15,120.0,,b-confirm3-ma20+jf|exit=S-confirm3-ma20|trail=15%|hold=120,14.458463171082393,4.623004848758261,12.826644459915126,0.45392198070919204,0.36042199993971386,47,48.93617021276596,3.7504374766971225,-1.6222256505327604,-34.38185233852088,1.5278841556888596,2.02,5,10,71.78,0.1903054448871182,10.220063797958945,10.305900227190934,10.604542573705956,0.7022516948481498,0.9718382622881342,18,38.88888888888889,4.797296827032826,-2.6769717564176894,-20.56036340301006,1.8914174658424971,4.65,5,10,44.88,0.2384,24.290726431227007,24.290726431227007,8.765822375774723,2.0976866672005516,2.7710721698350853,18,61.111111111111114,13.80171206140132,13.386978026706586,-21.011725753607337,3.7200114640679867,22.759999999999998,8,10,28.67,0.21666666666666665,68.98667518833628,11.109718681392655,12.826644459915126,0.889856747422569,0.8661438083913466,82,48.78048780487805,7.3279856601092614,-0.9794874998461711,-34.38185233852088,2.1204222385167646,10.29,7,10,71.78,0.2211155378486056,0.7655086996599729
stage5-ma60+jf,S-confirm3-ma20,0.15,,,stage5-ma60+jf|exit=S-confirm3-ma20|trail=15%|hold=none,16.523294706873415,5.250891435126626,25.017516701301368,0.44367036145965977,0.2098885951719374,60,41.66666666666667,3.784027177482068,-7.659003439080076,-34.38185233852088,1.4627599416468633,26.98,6,10,75.54,0.2750332005312085,14.735136080373223,14.861373850706915,12.26800434173173,0.9011260977686468,1.2113929402644072,19,42.10526315789473,6.9633716062150315,-4.29447437189695,-20.56036340301006,2.212514541380487,13.36,5,10,43.49,0.246,24.881048276093367,24.881048276093367,7.365947303814647,2.0364772876894057,3.3778477159628975,21,57.14285714285714,11.829435900268404,3.3736303741352724,-21.011725753607323,3.2969455116044175,18.58,7,10,45.0,0.21706349206349204,79.80022997685823,12.502213847988353,25.017516701301368,0.8888362595405922,0.4997384031860368,99,44.44444444444444,7.200707714794763,-4.443444330368063,-34.38185233852088,1.9925126847600085,53.595,6,10,75.54,0.2769721115537848,0.764257573312167
stage5-ma60+jf,S-confirm5-ma20,0.2,,,stage5-ma60+jf|exit=S-confirm5-ma20|trail=20%|hold=none,15.882223486105595,5.0567485685699465,22.580589685787388,0.3813208826274928,0.2239422724975491,55,40.0,3.392142948880589,-3.6689859564252414,-34.38185233852088,1.385960270875362,10.6,6,10,82.71,0.3375830013280213,23.568085868011245,23.777460974719776,13.022672426917037,1.231718385163226,1.825851115288232,17,58.82352941176471,13.203067490304191,4.24682223715358,-23.72333142580999,3.308149081546652,17.6,6,10,43.6,0.3124,44.2005606324988,44.2005606324988,6.277127745604194,2.495444165565425,7.041526383376853,17,70.58823529411765,26.406747539251228,12.754924808902901,-29.509529277369474,6.172766142558995,26.159999999999997,7,10,38.38,0.2702380952380953,138.6050892459572,19.079466572285988,22.580589685787388,1.0801816656283099,0.8449498811935336,87,48.275862068965516,13.554154556371905,-0.7935845204045,-34.38185233852088,2.727640489498711,43.665,6,10,82.71,0.3550597609561753,0.7619918477503744
b-confirm3-ma20+jf,S-confirm3-ma20,0.15,60.0,,b-confirm3-ma20+jf|exit=S-confirm3-ma20|trail=15%|hold=60,13.755586181458046,4.407551370816432,12.826644459915126,0.4441700225614075,0.34362466228720867,48,50.0,3.539305702158972,-0.0896295148955728,-34.38185233852088,1.508766084342917,2.915,6,10,71.78,0.16268260292164677,9.68260115068691,9.763726561193486,9.856805971198302,0.6882361666198351,0.9905568385664896,18,38.88888888888889,4.478095924557763,-2.6769717564176894,-20.56036340301006,1.832104634087838,6.245,5,10,44.88,0.1796,24.290726431227007,24.290726431227007,8.765822375774723,2.0976866672005516,2.7710721698350853,18,61.111111111111114,13.80171206140132,13.386978026706586,-21.011725753607337,3.7200114640679867,22.759999999999998,8,10,28.67,0.21666666666666665,68.26059960018908,11.013693489965126,12.826644459915126,0.8996379535432696,0.858657423957162,83,50.602409638554214,7.155268705125022,0.25567414087324103,-34.38185233852088,2.116894767430051,21.61,7,10,71.78,0.18932270916334665,0.749879859814953
v4-b+jf,S-or-MA60,,60.0,,v4-b+jf|exit=S-or-MA60|trail=none|hold=60,14.74319787097742,4.710034286489262,24.5512844138721,0.3581698792054661,0.19184472010058964,56,53.57142857142857,2.8807373356784445,1.8284902422881166,-53.53706071392303,1.4346864089177502,6.375,6,10,86.29,0.23864541832669323,40.879792342531076,41.266599911383125,14.420701020144799,1.6921106766757714,2.8616223201449307,19,68.42105263157895,19.82155223409717,11.363606301283857,-22.877618632089924,9.053591311553971,31.86,8,10,54.89,0.24600000000000005,52.506580240628466,52.506580240628466,9.448280289288125,2.508793724864765,5.557263187900678,22,68.18181818181817,25.246676789435817,2.1385952682844045,-33.52561101802986,7.427830805012417,26.07,8,10,36.47,0.2984126984126984,161.92973656563967,21.330552772641663,24.5512844138721,1.1479969765026707,0.8688161650960046,96,60.416666666666664,13.147315728154766,3.2705787610058046,-53.53706071392303,3.3085133190696956,61.59,8,10,86.29,0.2625498007968127,0.7459043506563965
v4-b+jf,S-confirm5-ma20,0.15,,,v4-b+jf|exit=S-confirm5-ma20|trail=15%|hold=none,14.33016834395351,4.5837443329221905,24.71223573951018,0.38655093723236034,0.1854848092758217,67,38.80597014925373,3.1687208570026706,-8.210317405081824,-34.38185233852088,1.3946420736309424,26.66,6,10,75.54,0.29628154050464806,19.775283307374348,19.948313047936693,12.645109951287736,1.119764151925244,1.5775515693246482,21,47.61904761904761,8.448368742963696,-1.0594691409384294,-18.186635090163882,2.662103192089662,18.895,7,10,43.49,0.3108,23.617609045104683,23.617609045104683,10.422430977287211,1.7468856516365403,2.2660365030550635,26,50.0,9.1375827369616,-0.7866749156636876,-21.011725753607337,2.7341282171086743,18.58,8,10,45.0,0.28531746031746025,80.85015468411618,12.633819565912674,24.71223573951018,0.8579930710620516,0.5112374169251547,113,42.47787610619469,6.395495017432992,-4.294474371896939,-34.38185233852088,1.9029535760555418,39.835,7,10,75.54,0.32693227091633464,0.7443419652330394
v4-b+jf,S-or-cond,0.2,,,v4-b+jf|exit=S-or-cond|trail=20%|hold=none,14.344025157204165,4.5879861776031206,24.812517408671408,0.37746891275383865,0.18490611420184733,66,46.96969696969697,3.0191115140432974,-0.6543337394631588,-37.841895501244046,1.3536913961598294,11.675,7,10,81.3,0.2548472775564409,27.91401050740754,28.16618597224474,13.022672426917026,1.3664015027926946,2.1628575954983744,21,61.904761904761905,12.69290933413295,4.24682223715358,-22.662610115948347,3.56452517383031,10.365,7,10,43.6,0.324,44.387040001338704,44.387040001338704,6.054047398556817,2.5886334436189014,7.3317959175410214,22,63.63636363636363,21.388189010082204,9.947524373858519,-29.509529277369484,5.027719326000299,24.52,8,10,49.0,0.29603174603174603,126.93311835900434,17.886251978517787,24.812517408671408,1.1068892004262443,0.7208559971535556,107,51.4018691588785,10.171151896462222,2.5348712619252423,-37.841895501244046,2.307682870828719,69.595,9,10,81.3,0.2992828685258964,0.7377631170095738
v4-b+jf,S-confirm5-ma20,0.2,120.0,,v4-b+jf|exit=S-confirm5-ma20|trail=20%|hold=120,15.335243978357816,4.890534814124914,25.38575800983509,0.3647928974607268,0.19264876046758958,63,41.269841269841265,3.0181890690432485,-3.1678067374243724,-37.841895501244046,1.346751364804101,10.254999999999999,8,10,82.71,0.35258964143426297,27.534328616136584,27.782716673090846,13.570248677981233,1.3207442485647276,2.047325537826763,20,60.0,12.832710607194036,4.434246767622884,-22.662610115948347,3.469305877365826,16.985,8,10,43.6,0.4096,42.14627075652908,42.14627075652908,7.9170223469040675,2.183978087724624,5.323500289601971,21,61.904761904761905,20.71450712430809,12.170201402853142,-29.509529277369484,4.664656345861425,22.575,8,10,49.0,0.34484126984126984,163.30049250177416,21.457784670151913,25.38575800983509,1.146482562940778,0.8452686211630404,103,48.54368932038835,12.741146089834604,-0.39237556433608933,-37.841895501244046,2.6695905440073258,62.025,8,10,82.71,0.38780876494023897,0.7272345229391514
v4-b+jf,S-confirm3-ma20,0.15,120.0,,v4-b+jf|exit=S-confirm3-ma20|trail=15%|hold=120,13.724887347971904,4.3981210686408145,25.52225665267054,0.37723500882582167,0.17232492911948732,69,40.57971014492754,2.9186141080132546,-8.210317405081845,-34.38185233852088,1.3673011524177219,25.675,6,10,75.54,0.2839309428950863,19.995615729941573,20.17073060841237,12.484416409047071,1.1154422712822898,1.615672687254749,21,47.61904761904761,8.502175934414764,-1.0594691409384294,-18.186635090163882,2.672689035036288,18.895,7,10,43.49,0.32639999999999997,23.617609045104683,23.617609045104683,10.422430977287211,1.7468856516365403,2.2660365030550635,26,50.0,9.1375827369616,-0.7866749156636876,-21.011725753607337,2.7341282171086743,18.58,8,10,45.0,0.28531746031746025,82.24277850456392,12.80744297913079,25.52225665267054,0.8776459691856638,0.5018146770258528,115,43.47826086956522,6.191441692512554,-4.031352202945804,-34.38185233852088,1.8875157857001004,39.835,7,10,75.54,0.3043824701195219,0.7225646161048348
stage5-ma60+jf,S-or-cond,0.15,,,stage5-ma60+jf|exit=S-or-cond|trail=15%|hold=none,12.973796830716623,4.1668657884480265,21.96643767379747,0.4048827238805312,0.1896923775409632,63,47.61904761904761,2.68179097252177,-3.9031500397009644,-34.38185233852088,1.3551862800787926,10.65,6,10,72.81,0.18127490039840638,15.995334391478266,16.133107046882998,10.515097706272659,0.9954352279925675,1.5342802794175638,20,40.0,7.873426877187901,-2.6769717564176894,-20.56036340301006,2.432117164835229,9.97,5,10,43.49,0.17960000000000004,28.659049636373002,28.659049636373002,6.470506225309425,2.4950151538955194,4.429181989544026,21,61.904761904761905,13.876727017220242,3.3736303741352947,-21.011725753607323,3.798797455517041,27.619999999999997,7,10,45.0,0.1884920634920635,86.58482713168554,13.3420602348729,21.96643767379747,1.0308290149885804,0.6073838841328331,103,48.54368932038835,7.660521218808506,-2.50371133820001,-34.38185233852088,2.1047162072880217,56.94,6,10,72.81,0.1945816733067729,0.7200440669522137
stage5-ma60+jf,S-or-cond,0.15,120.0,,stage5-ma60+jf|exit=S-or-cond|trail=15%|hold=120,12.973796830716623,4.1668657884480265,21.96643767379747,0.4048827238805312,0.1896923775409632,63,47.61904761904761,2.68179097252177,-3.9031500397009644,-34.38185233852088,1.3551862800787926,10.65,6,10,72.81,0.18127490039840638,15.995334391478266,16.133107046882998,10.515097706272659,0.9954352279925675,1.5342802794175638,20,40.0,7.873426877187901,-2.6769717564176894,-20.56036340301006,2.432117164835229,9.97,5,10,43.49,0.17960000000000004,28.659049636373002,28.659049636373002,6.470506225309425,2.4950151538955194,4.429181989544026,21,61.904761904761905,13.876727017220242,3.3736303741352947,-21.011725753607323,3.798797455517041,27.619999999999997,7,10,45.0,0.1884920634920635,86.58482713168554,13.3420602348729,21.96643767379747,1.0308290149885804,0.6073838841328331,103,48.54368932038835,7.660521218808506,-2.50371133820001,-34.38185233852088,2.1047162072880217,56.94,6,10,72.81,0.1945816733067729,0.7200440669522137
b-confirm5-ma20+jf,S-confirm3-ma20,0.2,60.0,,b-confirm5-ma20+jf|exit=S-confirm3-ma20|trail=20%|hold=60,13.291481106659141,4.264802908656962,18.000349094447,0.3565538485760888,0.23692889989409305,52,44.230769230769226,2.806819117023742,-1.7545962114346836,-34.38185233852088,1.3560570165405657,0.42,5,10,69.08,0.23014608233731737,23.81553524386144,24.02731458075602,11.959500017314074,1.260481398664221,2.0090567787926807,18,61.111111111111114,11.428983429614892,8.1843368363418,-23.72333142580999,3.7542729081241584,18.88,6,10,44.92,0.26800000000000007,28.840424810015854,28.840424810015854,8.854547671476421,2.124115366346751,3.257131349907449,17,64.70588235294117,16.60458691038904,12.754924808902901,-27.047831583052417,4.785194985053979,20.31,8,10,46.32,0.25595238095238093,114.64009019218331,16.57528338414607,18.000349094447,1.0471468487315174,0.9208312181711766,86,52.32558139534884,10.590031943008663,0.8845395004029699,-34.38185233852088,2.6011854791008164,39.34,9,10,69.08,0.2576892430278884,0.7185801182182375
b-confirm3-ma20+jf,Scond,0.15,,,b-confirm3-ma20+jf|exit=Scond|trail=15%|hold=none,12.042896240253032,3.878824293692018,12.826644459915126,0.40996807618751896,0.3024036649502394,48,52.083333333333336,2.6913692614170817,1.418674585038593,-34.38185233852088,1.391104465956327,4.64,6,10,67.33,0.14900398406374504,10.246550767093222,10.332619910120044,8.963988944301382,0.7206286434092807,1.1526810189439973,18,38.88888888888889,5.256724793366899,-2.6769717564176894,-20.56036340301006,1.9767868161772355,3.115,5,10,44.88,0.1856,25.538231887855755,25.538231887855755,7.759082107949256,2.3805873138939244,3.291398587172004,18,61.111111111111114,14.741726505909181,12.73625390598192,-21.011725753607337,4.061008538405454,22.31,8,10,28.67,0.1976190476190476,72.27411906681411,11.540408500420106,12.826644459915126,0.9651849181956982,0.899721555117968,83,50.602409638554214,7.97883347048608,1.394382549335571,-34.38185233852088,2.2348578162178154,40.675,7,10,67.33,0.18852589641434264,0.7184422265003496
b-confirm3-ma20+jf,Scond,0.15,120.0,,b-confirm3-ma20+jf|exit=Scond|trail=15%|hold=120,12.042896240253032,3.878824293692018,12.826644459915126,0.40996807618751896,0.3024036649502394,48,52.083333333333336,2.6913692614170817,1.418674585038593,-34.38185233852088,1.391104465956327,4.64,6,10,67.33,0.14900398406374504,10.246550767093222,10.332619910120044,8.963988944301382,0.7206286434092807,1.1526810189439973,18,38.88888888888889,5.256724793366899,-2.6769717564176894,-20.56036340301006,1.9767868161772355,3.115,5,10,44.88,0.1856,25.538231887855755,25.538231887855755,7.759082107949256,2.3805873138939244,3.291398587172004,18,61.111111111111114,14.741726505909181,12.73625390598192,-21.011725753607337,4.061008538405454,22.31,8,10,28.67,0.1976190476190476,73.77213251367706,11.73448854298802,12.826644459915126,0.9808777643594188,0.9148525617638946,83,50.602409638554214,8.078062356585324,1.394382549335571,-34.38185233852088,2.2697145681407926,44.735,7,10,67.33,0.18693227091633463,0.7184422265003496
b-confirm5-ma20+jf,S-or-MA60,0.15,60.0,,b-confirm5-ma20+jf|exit=S-or-MA60|trail=15%|hold=60,9.42597040129991,3.0604627835161047,12.353962407939346,0.35222798312395315,0.24773126892059188,53,45.28301886792453,2.639092678045903,-2.5006135794350626,-34.38185233852087,1.4066647109578283,2.11,5,10,71.65,0.11699867197875165,17.177523712754116,17.326217727240056,9.269019716628325,1.1389300819770816,1.8692610714979252,21,52.38095238095239,7.35759893818458,1.0165968186237384,-15.22567356832203,3.2308308614124903,5.09,6,10,31.11,0.1388,27.037957024161365,27.037957024161365,7.666654807772111,2.3086610638656486,3.526695501765841,21,61.904761904761905,13.200959250094627,9.14458774487441,-21.011725753607337,4.024901631037813,24.195,8,10,28.67,0.2015873015873016,69.08649837302067,11.122894734338784,12.353962407939346,0.9811270842312372,0.900350378854204,94,51.06382978723404,6.529307224383802,0.6432535994114974,-34.38185233852087,2.2202637939857675,32.55,7,10,71.65,0.14239043824701197,0.7149814640531212
all-confirm5-ma20,S-or-MA20,,,,all-confirm5-ma20|exit=S-or-MA20|trail=none|hold=none,6.220671429278535,2.0401653294010114,6.089786172417111,0.4501259234524436,0.3350142799170311,36,36.11111111111111,1.7165477648921144,-2.3000272234597663,-12.0726476032049,1.5549120566656804,3.655,6,10,30.74,0.06055776892430279,4.06072955780552,4.093871500796897,5.878523565921467,0.6586068875721853,0.6964115147091661,13,38.46153846153847,4.149702585927466,-2.968345772932879,-20.98894089426674,1.6865658594901711,0.215,5,10,34.35,0.07,8.001356344287846,8.001356344287846,3.07836065077266,1.3614128243245176,2.59922642341453,17,47.05882352941176,4.923784416835534,-0.1380974375857713,-11.62483210661065,2.709085952154978,3.13,6,10,21.21,0.07777777777777778,23.01181948372797,4.246393536715609,6.147872383448871,0.7728040968625699,0.6907094474094209,66,39.39393939393939,3.5464163146462364,-2.3698754112045863,-20.988940894266726,1.9583089282645978,8.135,5,10,41.0,0.06932270916334662,0.7144136127775161
all-confirm5-ma20,S-or-MA20,,60.0,,all-confirm5-ma20|exit=S-or-MA20|trail=none|hold=60,6.220671429278535,2.0401653294010114,6.089786172417111,0.4501259234524436,0.3350142799170311,36,36.11111111111111,1.7165477648921144,-2.3000272234597663,-12.0726476032049,1.5549120566656804,3.655,6,10,30.74,0.06055776892430279,4.06072955780552,4.093871500796897,5.878523565921467,0.6586068875721853,0.6964115147091661,13,38.46153846153847,4.149702585927466,-2.968345772932879,-20.98894089426674,1.6865658594901711,0.215,5,10,34.35,0.07,8.001356344287846,8.001356344287846,3.07836065077266,1.3614128243245176,2.59922642341453,17,47.05882352941176,4.923784416835534,-0.1380974375857713,-11.62483210661065,2.709085952154978,3.13,6,10,21.21,0.07777777777777778,23.01181948372797,4.246393536715609,6.147872383448871,0.7728040968625699,0.6907094474094209,66,39.39393939393939,3.5464163146462364,-2.3698754112045863,-20.988940894266726,1.9583089282645978,8.135,5,10,41.0,0.06932270916334662,0.7144136127775161
all-confirm5-ma20,S-or-MA20,,120.0,,all-confirm5-ma20|exit=S-or-MA20|trail=none|hold=120,6.220671429278535,2.0401653294010114,6.089786172417111,0.4501259234524436,0.3350142799170311,36,36.11111111111111,1.7165477648921144,-2.3000272234597663,-12.0726476032049,1.5549120566656804,3.655,6,10,30.74,0.06055776892430279,4.06072955780552,4.093871500796897,5.878523565921467,0.6586068875721853,0.6964115147091661,13,38.46153846153847,4.149702585927466,-2.968345772932879,-20.98894089426674,1.6865658594901711,0.215,5,10,34.35,0.07,8.001356344287846,8.001356344287846,3.07836065077266,1.3614128243245176,2.59922642341453,17,47.05882352941176,4.923784416835534,-0.1380974375857713,-11.62483210661065,2.709085952154978,3.13,6,10,21.21,0.07777777777777778,23.01181948372797,4.246393536715609,6.147872383448871,0.7728040968625699,0.6907094474094209,66,39.39393939393939,3.5464163146462364,-2.3698754112045863,-20.988940894266726,1.9583089282645978,8.135,5,10,41.0,0.06932270916334662,0.7144136127775161
all-confirm5-ma20,S-or-MA20,0.2,,,all-confirm5-ma20|exit=S-or-MA20|trail=20%|hold=none,6.220671429278535,2.0401653294010114,6.089786172417111,0.4501259234524436,0.3350142799170311,36,36.11111111111111,1.7165477648921144,-2.3000272234597663,-12.0726476032049,1.5549120566656804,3.655,6,10,30.74,0.06055776892430279,4.06072955780552,4.093871500796897,5.878523565921467,0.6586068875721853,0.6964115147091661,13,38.46153846153847,4.149702585927466,-2.968345772932879,-20.98894089426674,1.6865658594901711,0.215,5,10,34.35,0.07,8.001356344287846,8.001356344287846,3.07836065077266,1.3614128243245176,2.59922642341453,17,47.05882352941176,4.923784416835534,-0.1380974375857713,-11.62483210661065,2.709085952154978,3.13,6,10,21.21,0.07777777777777778,23.01181948372797,4.246393536715609,6.147872383448871,0.7728040968625699,0.6907094474094209,66,39.39393939393939,3.5464163146462364,-2.3698754112045863,-20.988940894266726,1.9583089282645978,8.135,5,10,41.0,0.06932270916334662,0.7144136127775161
all-confirm5-ma20,S-or-MA20,0.2,60.0,,all-confirm5-ma20|exit=S-or-MA20|trail=20%|hold=60,6.220671429278535,2.0401653294010114,6.089786172417111,0.4501259234524436,0.3350142799170311,36,36.11111111111111,1.7165477648921144,-2.3000272234597663,-12.0726476032049,1.5549120566656804,3.655,6,10,30.74,0.06055776892430279,4.06072955780552,4.093871500796897,5.878523565921467,0.6586068875721853,0.6964115147091661,13,38.46153846153847,4.149702585927466,-2.968345772932879,-20.98894089426674,1.6865658594901711,0.215,5,10,34.35,0.07,8.001356344287846,8.001356344287846,3.07836065077266,1.3614128243245176,2.59922642341453,17,47.05882352941176,4.923784416835534,-0.1380974375857713,-11.62483210661065,2.709085952154978,3.13,6,10,21.21,0.07777777777777778,23.01181948372797,4.246393536715609,6.147872383448871,0.7728040968625699,0.6907094474094209,66,39.39393939393939,3.5464163146462364,-2.3698754112045863,-20.988940894266726,1.9583089282645978,8.135,5,10,41.0,0.06932270916334662,0.7144136127775161
all-confirm5-ma20,S-or-MA20,0.2,120.0,,all-confirm5-ma20|exit=S-or-MA20|trail=20%|hold=120,6.220671429278535,2.0401653294010114,6.089786172417111,0.4501259234524436,0.3350142799170311,36,36.11111111111111,1.7165477648921144,-2.3000272234597663,-12.0726476032049,1.5549120566656804,3.655,6,10,30.74,0.06055776892430279,4.06072955780552,4.093871500796897,5.878523565921467,0.6586068875721853,0.6964115147091661,13,38.46153846153847,4.149702585927466,-2.968345772932879,-20.98894089426674,1.6865658594901711,0.215,5,10,34.35,0.07,8.001356344287846,8.001356344287846,3.07836065077266,1.3614128243245176,2.59922642341453,17,47.05882352941176,4.923784416835534,-0.1380974375857713,-11.62483210661065,2.709085952154978,3.13,6,10,21.21,0.07777777777777778,23.01181948372797,4.246393536715609,6.147872383448871,0.7728040968625699,0.6907094474094209,66,39.39393939393939,3.5464163146462364,-2.3698754112045863,-20.988940894266726,1.9583089282645978,8.135,5,10,41.0,0.06932270916334662,0.7144136127775161
stage5-ma60+jf,S-or-MA60,,,,stage5-ma60+jf|exit=S-or-MA60|trail=none|hold=none,14.591367260978494,4.663645017751761,24.78564221428121,0.3469797293367725,0.18815913573805323,47,53.191489361702125,2.4188673514565764,1.8837255418082677,-52.99088510555606,1.3859996384595672,3.0449999999999995,5,10,83.37,0.22895086321381145,37.780983901951124,38.13470228194091,15.114724082990138,1.60745134659658,2.5230167664692655,17,64.70588235294117,21.107882749204546,11.363606301283857,-19.631476551470882,7.7584856393209725,16.845,7,10,54.89,0.272,56.77546631205883,56.77546631205883,7.148723532311729,2.59903467973414,7.942042527653742,18,72.22222222222221,30.14755135561355,9.528144817753493,-23.659252197036917,12.87683590354875,28.33,7,10,36.98,0.27182539682539686,171.40853859474512,22.199722042195447,24.78564221428121,1.1564406222431698,0.8956686234018263,80,58.75,16.121827160353547,3.3070599183771754,-52.99088510555606,3.952666282706438,62.24,6,10,83.37,0.26063745019920315,0.7073309502508823
v4-b+jf,S-confirm3-ma20,0.2,120.0,,v4-b+jf|exit=S-confirm3-ma20|trail=20%|hold=120,15.43151543756478,4.919827340084626,26.89322577540999,0.3623385129223519,0.18293927925087755,63,41.269841269841265,3.093519552978488,-3.6689859564252303,-37.841895501244046,1.3436392499323968,10.254999999999999,7,10,82.71,0.3605577689243028,26.109141065181674,26.34339427541821,13.611924605179848,1.2197056030997726,1.935317380864243,20,60.0,12.12799504083559,4.000577476279677,-22.662610115948347,3.3337025474734983,16.634999999999998,8,10,43.6,0.4032,42.14627075652908,42.14627075652908,7.9170223469040675,2.183978087724624,5.323500289601971,21,61.904761904761905,20.71450712430809,12.170201402853142,-29.509529277369484,4.664656345861425,22.575,8,10,49.0,0.34484126984126984,164.94647623689224,21.60986528222373,26.89322577540999,1.136340944406705,0.8035430729913724,103,48.54368932038835,12.829857547267535,-0.39237556433608933,-37.841895501244046,2.6419911254422814,45.725,8,10,82.71,0.3941035856573705,0.7045234637891066
b-confirm3-ma20+jf,Scond,0.15,60.0,,b-confirm3-ma20+jf|exit=Scond|trail=15%|hold=60,11.551336216206298,3.7260818415944863,12.826644459915126,0.39661420871023867,0.2904954490037484,48,50.0,2.5921215589579116,0.6970702528864448,-34.38185233852088,1.3766263132911603,0.905,6,10,67.33,0.14608233731739712,10.412257402827674,10.49978360505419,8.66929496836043,0.7403690578457762,1.2111461939378387,18,38.88888888888889,5.299959746429453,-2.6769717564176894,-20.56036340301006,1.9848205888797428,3.115,5,10,44.88,0.1588,26.339730883642076,26.339730883642076,7.759082107949256,2.454276928906241,3.394696758867491,18,61.111111111111114,15.163677285682917,15.03857687640524,-21.011725753607337,4.148623441527995,22.31,8,10,28.67,0.19206349206349205,74.41864631535131,11.817836895697242,12.826644459915126,0.9969423034678413,0.9213506254601089,83,50.602409638554214,8.116551976053097,0.2556741408732188,-34.38185233852088,2.2868070205142246,44.735,7,10,67.33,0.17243027888446213,0.7019821745284798
b-confirm5-ma20+jf,Scond,0.2,,,b-confirm5-ma20+jf|exit=Scond|trail=20%|hold=none,12.894010586981942,4.142240148866794,17.94331151388334,0.34946342814607945,0.23085148723310095,52,42.30769230769231,3.052749504563362,-2.401090326217048,-34.38185233852087,1.3655291830418945,0.88,5,10,68.89,0.23213811420982733,22.75530929286709,22.95681563116252,11.95950001731405,1.2000275256140442,1.919546435714486,18,61.111111111111114,11.546684943925456,2.776487767745006,-23.72333142580999,3.7826378186262373,4.5649999999999995,6,10,44.92,0.28480000000000005,24.334423700812202,24.334423700812202,7.6939002893190995,1.9683438895567298,3.162820258353747,18,61.111111111111114,15.634669405847662,12.73625390598192,-27.047831583052417,3.5617531659359543,27.48,7,10,46.32,0.2615079365079365,88.20709597570291,13.539252896694132,17.94331151388334,0.9097392090698203,0.7545570886521341,86,48.837209302325576,9.461908924014264,-0.4967422602022542,-34.38185233852087,2.247637606218356,28.915,8,10,68.89,0.2700398406374502,0.7004692718446183
b-confirm5-ma20+jf,Scond,0.2,120.0,,b-confirm5-ma20+jf|exit=Scond|trail=20%|hold=120,12.894010586981942,4.142240148866794,17.94331151388334,0.34946342814607945,0.23085148723310095,52,42.30769230769231,3.052749504563362,-2.401090326217048,-34.38185233852087,1.3655291830418945,0.88,5,10,68.89,0.23213811420982733,22.75530929286709,22.95681563116252,11.95950001731405,1.2000275256140442,1.919546435714486,18,61.111111111111114,11.546684943925456,2.776487767745006,-23.72333142580999,3.7826378186262373,4.5649999999999995,6,10,44.92,0.28480000000000005,24.334423700812202,24.334423700812202,7.6939002893190995,1.9683438895567298,3.162820258353747,18,61.111111111111114,15.634669405847662,12.73625390598192,-27.047831583052417,3.5617531659359543,27.48,7,10,46.32,0.2615079365079365,94.8480385324163,14.33258983722141,17.94331151388334,0.9467407957323553,0.7987706074283893,87,49.42528735632184,9.758936758501129,-0.1998999999999862,-34.38185233852087,2.332218183167264,28.915,9,10,68.89,0.2714741035856574,0.7004692718446183
v4-b+jf,S-confirm3-ma20,0.15,,,v4-b+jf|exit=S-confirm3-ma20|trail=15%|hold=none,13.100090279165855,4.2058220092424214,25.52225665267054,0.361076243926272,0.16479036577677947,67,38.80597014925373,3.014770914029213,-8.676863216425934,-34.38185233852088,1.368405107133283,26.66,6,10,75.54,0.29654714475431604,19.995615729941573,20.17073060841237,12.484416409047071,1.1154422712822898,1.615672687254749,21,47.61904761904761,8.502175934414764,-1.0594691409384294,-18.186635090163882,2.672689035036288,18.895,7,10,43.49,0.32639999999999997,23.617609045104683,23.617609045104683,10.422430977287211,1.7468856516365403,2.2660365030550635,26,50.0,9.1375827369616,-0.7866749156636876,-21.011725753607337,2.7341282171086743,18.58,8,10,45.0,0.28531746031746025,79.21614051375218,12.428733447510364,25.52225665267054,0.8425104808778576,0.4869762739498929,113,42.47787610619469,6.323092431810755,-4.443444330368084,-34.38185233852088,1.8813727027628222,39.835,7,10,75.54,0.330199203187251,0.699590534465426
stage5-ma60+jf,S-or-cond,0.15,60.0,,stage5-ma60+jf|exit=S-or-cond|trail=15%|hold=60,12.739848418009704,4.094625916785333,21.89729045225771,0.3961818773020293,0.18699235531961253,64,46.875,2.597912772156015,-3.0189867615777577,-34.38185233852088,1.3500053839076709,11.955,6,10,72.81,0.1845949535192563,14.422178541341623,14.545569012749947,10.515097706272659,0.9144441275324876,1.3833032672699712,20,40.0,6.971343505920413,-2.6769717564176894,-20.56036340301006,2.2680349805137285,9.97,5,10,43.49,0.16920000000000002,28.659049636373002,28.659049636373002,6.470506225309425,2.4950151538955194,4.429181989544026,21,61.904761904761905,13.876727017220242,3.3736303741352947,-21.011725753607323,3.798797455517041,27.619999999999997,7,10,45.0,0.1884920634920635,83.94632082365663,13.018393675872652,21.89729045225771,1.0063078174392306,0.5945207560842486,104,48.07692307692308,7.395170484982519,-1.8550516705926001,-34.38185233852088,2.0830737517902977,53.845,6,10,72.81,0.19314741035856575,0.6949361410641759
v4-b+jf,S-or-cond,0.15,,,v4-b+jf|exit=S-or-cond|trail=15%|hold=none,11.076365764198414,3.5780682708982603,22.491715775041264,0.3480169697967067,0.15908382920563097,70,44.285714285714285,2.260591175078047,-7.048132547827201,-34.38185233852088,1.2967043640975386,11.594999999999999,7,10,72.81,0.20664010624169987,22.833418849457377,23.035679509703535,10.396679140858867,1.2913589350774803,2.2156766788323297,22,50.0,10.059346442176178,-0.13315431905383535,-18.186635090163882,3.073281507226119,21.96,7,10,43.49,0.25,27.789599528032948,27.789599528032948,9.764312806401065,2.1919110863815017,2.8460374098026926,26,53.84615384615385,10.92508682914716,2.2895521355604465,-21.011725753607337,3.168768954773562,27.619999999999997,8,10,45.0,0.2551587301587301,91.41241532702125,13.924911020894971,22.491715775041264,1.0188701745437938,0.619112884057838,117,46.15384615384615,7.071763543834947,-3.389852374644753,-34.38185233852088,2.0300279403581682,53.905,7,10,72.81,0.24780876494023904,0.6867061489234492
v4-b+jf,S-or-cond,0.15,120.0,,v4-b+jf|exit=S-or-cond|trail=15%|hold=120,11.076365764198414,3.5780682708982603,22.491715775041264,0.3480169697967067,0.15908382920563097,70,44.285714285714285,2.260591175078047,-7.048132547827201,-34.38185233852088,1.2967043640975386,11.594999999999999,7,10,72.81,0.20664010624169987,22.833418849457377,23.035679509703535,10.396679140858867,1.2913589350774803,2.2156766788323297,22,50.0,10.059346442176178,-0.13315431905383535,-18.186635090163882,3.073281507226119,21.96,7,10,43.49,0.25,27.789599528032948,27.789599528032948,9.764312806401065,2.1919110863815017,2.8460374098026926,26,53.84615384615385,10.92508682914716,2.2895521355604465,-21.011725753607337,3.168768954773562,27.619999999999997,8,10,45.0,0.2551587301587301,93.09613381955883,14.125429168912262,22.491715775041264,1.033182537344979,0.6280280842152135,117,46.15384615384615,7.143737342407311,-3.2489409401722735,-34.38185233852088,2.0515346791959663,61.39999999999999,7,10,72.81,0.2460557768924303,0.6867061489234492
b-confirm3-ma20+jf,S-or-cond,,,,b-confirm3-ma20+jf|exit=S-or-cond|trail=none|hold=none,16.746893071687108,5.318439075617487,29.747826294639523,0.34746802277737143,0.17878412435720908,33,60.60606060606061,2.6367263763325663,6.612483502114785,-52.99088510555606,1.2882381789873996,0.01,5,10,85.43,0.3049136786188579,42.38274520491125,42.78580060138164,17.088613013742638,1.533843602872668,2.5037608708777808,12,75.0,31.850727307384012,24.643373727315264,-28.116732030304547,12.006555521097617,21.705,7,10,54.89,0.38639999999999997,26.96426513550938,26.96426513550938,9.393552943351157,2.0886289530692106,2.870507602194858,15,66.66666666666666,16.535331202339336,16.521418373581742,-26.0765539858968,6.175978510302606,23.5,8,10,50.57,0.2634920634920635,150.68443125204865,20.266176016471782,29.747826294639523,0.9650739169088803,0.6812657777325966,57,68.42105263157895,16.75409543037726,12.714467981415535,-52.99088510555606,3.5719778814062284,88.96000000000001,9,10,85.43,0.35545816733067725,0.679160449090021
v4-b+jf,S-or-cond,0.15,60.0,,v4-b+jf|exit=S-or-cond|trail=15%|hold=60,10.836559143513668,3.503178059532752,22.4237226078169,0.3400502839231243,0.15622642684277346,71,43.66197183098591,2.187380108981181,-3.9031500397009644,-34.38185233852088,1.2915434368731809,13.280000000000001,6,10,72.81,0.2096945551128818,21.480926486223684,21.670182706145358,10.157005017523701,1.2448309401256774,2.133520921645522,22,50.0,9.394613517376186,-0.13315431905383535,-18.186635090163882,2.936276733789366,21.96,7,10,43.49,0.2172,27.789599528032948,27.789599528032948,9.764312806401065,2.1919110863815017,2.8460374098026926,26,53.84615384615385,10.92508682914716,2.2895521355604465,-21.011725753607337,3.168768954773562,27.619999999999997,8,10,45.0,0.2551587301587301,90.20606881256603,13.780375700740755,22.4237226078169,1.0155215048539992,0.6145445134937998,118,46.61016949152542,6.905193659560208,-2.8763261391861414,-34.38185233852088,2.0316366985327696,60.33,7,10,72.81,0.2348207171314741,0.6734531034099723
stage5-ma60+jf,S-confirm5-ma20,0.2,60.0,,stage5-ma60+jf|exit=S-confirm5-ma20|trail=20%|hold=60,12.824381249275895,4.12073992548172,23.652267519032566,0.3391582626216236,0.17422177058355326,60,40.0,2.7006528461231136,-2.8939685035112017,-34.38185233852088,1.3320779977435466,16.439999999999998,6,10,82.71,0.2650730411686587,20.753257750302257,20.935567546304522,13.022672426917037,1.1226092304913875,1.6076245228308157,18,55.55555555555556,10.342197520789991,8.335332164920183,-23.72333142580999,2.8979803482340127,12.25,6,10,43.6,0.24640000000000004,41.39992351414878,41.39992351414878,6.277127745604194,2.4027280750608075,6.5953609982114365,17,70.58823529411765,23.94652523677883,12.754924808902901,-29.509529277369474,5.690838006180917,26.159999999999997,7,10,38.38,0.2563492063492063,124.17115294980357,17.596742445586887,23.652267519032566,1.0573808880145406,0.7439769752065885,94,47.87234042553192,10.727333357565474,-0.9999882616948452,-34.38185233852088,2.4434133316403193,60.59,6,10,82.71,0.27163346613545813,0.6635180819500086
b-confirm5-ma20+jf,S-or-MA60,0.15,,,b-confirm5-ma20+jf|exit=S-or-MA60|trail=15%|hold=none,8.473956358924806,2.7595214582549987,12.353962407939346,0.32275505643272967,0.2233713659741733,53,45.28301886792453,2.435253278185092,-2.5006135794350626,-34.38185233852087,1.3752545633280027,0.495,5,10,71.65,0.11806108897742362,17.67692289542129,17.830259472994836,9.269019716628325,1.1663656952122377,1.9236402573411213,21,52.38095238095239,7.5965935213190745,1.0165968186237384,-15.22567356832203,3.3032942419590787,5.09,6,10,31.11,0.15760000000000002,27.037957024161365,27.037957024161365,7.666654807772111,2.3086610638656486,3.526695501765841,21,61.904761904761905,13.200959250094627,9.14458774487441,-21.011725753607337,4.024901631037813,24.195,8,10,28.67,0.2015873015873016,70.52394239636357,11.311942704558554,12.353962407939346,0.9935018867554173,0.9156529970731389,94,51.06382978723404,6.640090081257041,0.6432535994114863,-34.38185233852087,2.2409680286910776,32.55,7,10,71.65,0.1503585657370518,0.6613797924812201
b-confirm5-ma20+jf,S-or-MA60,0.15,120.0,,b-confirm5-ma20+jf|exit=S-or-MA60|trail=15%|hold=120,8.473956358924806,2.7595214582549987,12.353962407939346,0.32275505643272967,0.2233713659741733,53,45.28301886792453,2.435253278185092,-2.5006135794350626,-34.38185233852087,1.3752545633280027,0.495,5,10,71.65,0.11806108897742362,17.67692289542129,17.830259472994836,9.269019716628325,1.1663656952122377,1.9236402573411213,21,52.38095238095239,7.5965935213190745,1.0165968186237384,-15.22567356832203,3.3032942419590787,5.09,6,10,31.11,0.15760000000000002,27.037957024161365,27.037957024161365,7.666654807772111,2.3086610638656486,3.526695501765841,21,61.904761904761905,13.200959250094627,9.14458774487441,-21.011725753607337,4.024901631037813,24.195,8,10,28.67,0.2015873015873016,70.52394239636357,11.311942704558554,12.353962407939346,0.9935018867554173,0.9156529970731389,94,51.06382978723404,6.640090081257041,0.6432535994114863,-34.38185233852087,2.2409680286910776,32.55,7,10,71.65,0.1503585657370518,0.6613797924812201
stage5-ma60+jf,S-confirm5-ma20,0.15,60.0,,stage5-ma60+jf|exit=S-confirm5-ma20|trail=15%|hold=60,13.045905173961314,4.189111728444073,24.136368940678587,0.3798327508535965,0.17356014646361703,64,42.1875,2.789565831373363,-3.077196227276774,-34.38185233852088,1.3701712340602996,32.035000000000004,6,10,75.54,0.2245683930942895,12.883147476231581,12.99263669237909,12.199804398406577,0.8192367653683411,1.0649872955402517,20,40.0,5.672782675047873,-2.6769717564176894,-20.56036340301006,2.0318365265897533,10.325,5,10,43.49,0.18920000000000003,24.881048276093367,24.881048276093367,7.365947303814647,2.0364772876894057,3.3778477159628975,21,57.14285714285714,11.829435900268404,3.3736303741352724,-21.011725753607323,3.2969455116044175,18.58,7,10,45.0,0.21706349206349204,70.91348649048128,11.36295486935337,24.136368940678587,0.840423944030735,0.47078145421462486,104,44.230769230769226,6.019618396983365,-3.077196227276774,-34.38185233852088,1.8678195633288426,41.545,6,10,75.54,0.22517928286852587,0.6570910375487343
v4-b+jf,S-or-cond,0.2,60.0,,v4-b+jf|exit=S-or-cond|trail=20%|hold=60,11.83312045387941,3.813695307331111,25.4032691976521,0.32664903720214256,0.15012616201711518,68,45.588235294117645,2.5785871417697463,-0.9999882616948452,-37.841895501244046,1.312765231045927,11.155000000000001,7,10,81.3,0.248207171314741,27.836330783295303,28.087730634504517,13.022672426917037,1.3927832141759406,2.1568330764773718,21,61.904761904761905,12.352389342024038,6.282632186290504,-22.662610115948347,3.4957251793635216,14.125,7,10,43.6,0.2772,42.18221619650697,42.18221619650697,6.054047398556817,2.5412612765718836,6.967605870836509,22,63.63636363636363,19.70069803493317,9.947524373858519,-29.509529277369484,4.865414774731885,19.835,8,10,49.0,0.27420634920634923,123.57011815463532,17.53336455303551,25.4032691976521,1.0906340647125707,0.6902011082359445,110,51.81818181818182,9.383164552063077,2.2895521355604465,-37.841895501244046,2.2887524956422696,60.145,9,10,81.3,0.2743426294820717,0.651320981222204
v4-b+jf,S-confirm5-ma20,0.15,60.0,,v4-b+jf|exit=S-confirm5-ma20|trail=15%|hold=60,10.908753163464201,3.5257351643738,24.647709136919726,0.322626091176424,0.1430451464997456,71,40.845070422535215,2.3058191433043307,-5.191238345268578,-34.38185233852088,1.3046776009921113,22.825,6,10,75.54,0.24634794156706502,20.343829575430018,20.522246470033178,11.721131119157235,1.1729650715951077,1.750875940334055,22,50.0,8.494523470269248,-0.13315431905383535,-18.186635090163882,2.7507636827942363,24.9,7,10,43.49,0.23880000000000004,23.617609045104683,23.617609045104683,10.422430977287211,1.7468856516365403,2.2660365030550635,26,50.0,9.1375827369616,-0.7866749156636876,-21.011725753607337,2.7341282171086743,18.58,8,10,45.0,0.28531746031746025,76.51233842451728,12.086071333924098,24.647709136919726,0.851101303649096,0.4903527247414815,118,44.06779661016949,5.682932652232948,-3.462057279800118,-34.38185233852088,1.8377206142164535,37.45,7,10,75.54,0.26549800796812745,0.6494685314776486
v4-b+jf,S-confirm3-ma20,0.2,,,v4-b+jf|exit=S-confirm3-ma20|trail=20%|hold=none,12.993829704331405,4.173047020825571,27.48365051456947,0.31837525539876216,0.15183743580982376,59,38.983050847457626,3.090646674686738,-5.191238345268578,-37.841895501244046,1.3179514716006713,10.6,6,10,82.71,0.3780876494023905,29.523700428783208,29.79203371299397,13.611924605179816,1.3415316069604108,2.1886716667279407,19,57.89473684210527,14.674132789798094,4.24682223715358,-22.662610115948347,3.682455583985708,16.985,8,10,43.6,0.4356,42.14627075652908,42.14627075652908,7.9170223469040675,2.183978087724624,5.323500289601971,21,61.904761904761905,20.71450712430809,12.170201402853142,-29.509529277369484,4.664656345861425,22.575,8,10,49.0,0.34484126984126984,143.51204229959237,19.56720382268875,27.48365051456947,1.0222698062755935,0.7119579625099621,97,46.391752577319586,12.842251631635468,-3.1678067374243724,-37.841895501244046,2.535449872582701,36.66,8,10,82.71,0.4247808764940239,0.6379196010988779
b-confirm3-ma20+jf,Scond,,60.0,,b-confirm3-ma20+jf|exit=Scond|trail=none|hold=60,13.929818490014402,4.461041331608029,25.270910327900154,0.3340846423530745,0.1765287151797951,36,52.77777777777778,4.456047614798462,2.2854368132776304,-53.53706071392303,1.4334006976068276,0.01,5,10,87.76,0.2286852589641434,27.38406311251953,27.630954760009562,18.734501454541075,1.1667315026079301,1.4748700320131587,13,76.92307692307693,18.371765922482826,15.015657847160968,-35.488884279708834,6.247720091874154,8.809999999999999,8,10,57.28,0.2604,20.04173646446383,20.04173646446383,9.393552943351157,1.7361233784455126,2.133562943151298,15,60.0,14.647987977617937,12.94061317190216,-35.27920865384615,3.797742657421082,12.74,7,10,35.74,0.21428571428571427,99.77980360319307,14.907876698755196,25.270910327900154,0.852859115580309,0.5899224248481572,63,60.317460317460316,13.160473811661916,10.212960344525634,-53.53706071392303,2.6315831101242706,23.28,8,10,87.76,0.2511553784860558,0.6269083980007597
v4-b+jf,S,,,,v4-b+jf|exit=S|trail=none|hold=none,16.325049867663587,5.190930769246993,39.31910940846054,0.322042575159397,0.13202055812917338,32,46.875,4.35541208618765,-1.7976714232056823,-60.95102468073881,1.3559835495823918,3.925,6,10,87.93,0.5758300132802124,57.3295095082665,57.9009235662606,19.855033372560893,1.7228284052518028,2.9161836437040733,13,92.3076923076923,38.26347228630685,30.174367836542302,-28.116732030304547,18.691427979107186,41.465,9,10,54.89,0.5388,53.66042538068903,53.66042538068903,11.958263172002848,2.118345039316128,4.48730928637872,15,73.33333333333333,31.29635233409276,19.49477966155062,-26.836042745826106,11.51778325405847,28.68,8,10,65.7,0.4242063492063492,233.28834392927774,27.344623815702086,39.31910940846054,1.0137947251908022,0.6954537940225617,53,64.15094339622641,26.658634699993545,16.0499383078456,-68.66988113497078,4.024973334226902,81.65,8,10,87.93,0.6194422310756972,0.6264601110225245
b-confirm3-ma20+jf,S-confirm3-ma20,,120.0,,b-confirm3-ma20+jf|exit=S-confirm3-ma20|trail=none|hold=120,17.88766126437926,5.661724735157758,32.789408081933516,0.3528526072690766,0.17266931812280217,29,55.172413793103445,6.6575213285726935,6.466515658712546,-57.51582531608928,1.5328573291184087,3.49,5,10,88.02,0.3742363877822045,25.38751453626269,25.61466026999981,22.642348142842515,0.9746990964930038,1.13127225623447,10,60.0,21.75076159882278,15.425339221384682,-37.648995364017445,5.969035268131607,15.42,6,10,57.28,0.41159999999999997,44.1643684010192,44.1643684010192,9.451381773308508,2.048497391551056,4.672794884420294,14,71.42857142857143,33.66514358280979,12.84776899040252,-35.768792388965906,9.681975811993313,20.884999999999998,8,10,50.57,0.3654761904761905,150.94915980513957,20.291667232320165,32.789408081933516,0.9083782660256182,0.6188482323808883,52,63.46153846153846,20.698055481069478,10.22007500146781,-57.51582531608928,3.333946709678077,18.985,7,10,88.02,0.42199203187251,0.6262073074548589
stage5-ma60+jf,S-or-MA60,,120.0,,stage5-ma60+jf|exit=S-or-MA60|trail=none|hold=120,12.059022388842333,3.8838276119355752,26.21633136513941,0.30489212522343084,0.14814535099674583,47,53.191489361702125,2.2023363098458435,1.8837255418082677,-57.51582531608928,1.3397077312543753,3.0449999999999995,5,10,83.37,0.22496679946879153,37.780983901951124,38.13470228194091,15.114724082990138,1.60745134659658,2.5230167664692655,17,64.70588235294117,21.107882749204546,11.363606301283857,-19.631476551470882,7.7584856393209725,16.845,7,10,54.89,0.272,56.16643428240804,56.16643428240804,7.148723532311729,2.5814846747487805,7.856848013290722,18,72.22222222222221,29.80412662303683,9.528144817753493,-23.659252197036917,12.741541360190281,28.33,7,10,36.98,0.2650793650793651,164.3796526431636,21.557579092842104,26.21633136513941,1.1309170989388222,0.8222957969438783,80,58.75,15.917344608577483,3.3070599183771754,-57.51582531608928,3.8488421160366033,60.125,6,10,83.37,0.2568924302788845,0.6157011767845096
stage5-ma60+jf,S-confirm3-ma20,0.15,60.0,,stage5-ma60+jf|exit=S-confirm3-ma20|trail=15%|hold=60,11.829644494188196,3.812615443503131,24.952585603637445,0.3520911462367695,0.15279440391729784,64,42.1875,2.6283994848230243,-4.362750265112042,-34.38185233852088,1.3414815919538667,32.035000000000004,6,10,75.54,0.22483399734395748,12.808644576243111,12.917465126679684,12.257752545124056,0.814184588432007,1.0538200277030434,20,40.0,5.629709009761572,-2.6769717564176894,-20.56036340301006,2.024001750656594,10.325,5,10,43.49,0.19120000000000004,24.881048276093367,24.881048276093367,7.365947303814647,2.0364772876894057,3.3778477159628975,21,57.14285714285714,11.829435900268404,3.3736303741352724,-21.011725753607323,3.2969455116044175,18.58,7,10,45.0,0.21706349206349204,69.07462861286602,11.121328323940883,24.952585603637445,0.8248719556110342,0.4456984338456564,104,44.230769230769226,5.92043910679854,-3.7828071939506547,-34.38185233852088,1.8414895708645318,41.545,6,10,75.54,0.22533864541832668,0.6146825695931671
stage5-ma60+jf,S,,,,stage5-ma60+jf|exit=S|trail=none|hold=none,14.969243256867347,4.779023018205186,37.32209814720212,0.30923094227192865,0.12804808023804656,30,46.666666666666664,3.249112322397886,-1.7976714232056823,-52.99088510555606,1.2696969377570755,3.925,6,10,87.93,0.5126162018592297,52.289803833468525,52.8031101241885,18.49267360532869,1.6979493239263537,2.8553529495579917,12,91.66666666666666,38.26214983374439,26.498940525938465,-28.116732030304547,17.329984491443025,36.165,8,10,54.89,0.4412,53.982051411477585,53.982051411477585,11.349971805152936,2.28616926640445,4.756139692520602,12,83.33333333333334,40.482595751372614,21.32620190478115,-30.546568827391486,13.710765199797008,28.68,7,10,65.7,0.3492063492063492,228.5280391510061,26.977303410959095,37.32209814720212,1.0282993182045144,0.722823869777039,48,64.58333333333334,28.81909848255853,19.474098067535394,-68.66988113497077,4.206126711934291,80.78,8,10,87.93,0.5658964143426295,0.6048543860533917
v4-b+jf,S-confirm5-ma20,0.2,,,v4-b+jf|exit=S-confirm5-ma20|trail=20%|hold=none,11.573504080179543,3.732979694041716,25.98835735622792,0.29802130597545845,0.1436404634149428,60,40.0,2.5962570925359256,-4.0640288112962555,-37.841895501244046,1.2808116651338364,10.6,6,10,82.71,0.3677290836653387,27.663293517080746,27.912967003568223,13.482849430744693,1.3255434073098504,2.0702572662362306,20,60.0,12.885684349119906,4.963984186881564,-22.662610115948347,3.4794992321672873,16.985,8,10,43.6,0.41,42.14627075652908,42.14627075652908,7.9170223469040675,2.183978087724624,5.323500289601971,21,61.904761904761905,20.71450712430809,12.170201402853142,-29.509529277369484,4.664656345861425,22.575,8,10,49.0,0.34484126984126984,137.04463763580046,18.922682390965328,25.98835735622792,1.0160748072563883,0.7281215250193812,99,47.474747474747474,11.92786653260204,-1.6222256505327604,-37.841895501244046,2.490013503639964,36.66,8,10,82.71,0.41346613545816735,0.6042043233981405
v4-b+jf,S-confirm3-ma20,0.15,60.0,,v4-b+jf|exit=S-confirm3-ma20|trail=15%|hold=60,9.715486098126757,3.1516360475030814,25.458424291675176,0.2960353104381242,0.12379540899291464,71,40.845070422535215,2.160542436554729,-7.107689473078294,-34.38185233852088,1.2801046814278179,22.825,6,10,75.54,0.24661354581673303,20.264402623758837,20.442065617245177,11.779395190334995,1.1676074481391001,1.7354087613953142,22,50.0,8.455365592736246,-0.13315431905383535,-18.186635090163882,2.7426930488004597,24.9,7,10,43.49,0.2408,23.617609045104683,23.617609045104683,10.422430977287211,1.7468856516365403,2.2660365030550635,26,50.0,9.1375827369616,-0.7866749156636876,-21.011725753607337,2.7341282171086743,18.58,8,10,45.0,0.28531746031746025,74.61324250954245,11.842875827509559,25.458424291675176,0.8362935997279561,0.4651849498549736,118,44.06779661016949,5.595520396476831,-3.6395738384390306,-34.38185233852088,1.8143420313257759,37.45,7,10,75.54,0.26565737051792826,0.5997698803579488
v4-b+jf,S-or-MA60,,120.0,,v4-b+jf|exit=S-or-MA60|trail=none|hold=120,11.326253397106733,3.6559923591217736,28.60531956158744,0.2885864286768725,0.12780812852834586,54,53.70370370370371,2.8323426323184933,1.8284902422881166,-71.82800585457328,1.414244550947422,6.375,6,10,83.37,0.27078353253652054,44.833650999179284,45.26347676472962,14.420701020144799,1.7925457450201188,3.1387847720786546,19,68.42105263157895,21.845550531623587,11.363606301283857,-19.631476551470882,10.538054635272875,35.3,9,10,54.89,0.30720000000000003,51.96839561499209,51.96839561499209,9.448280289288125,2.3073615580986933,5.500302068082235,21,71.42857142857143,23.428943424669484,2.5348712619252423,-23.659252197036906,10.303514202251094,18.740000000000002,8,10,48.36,0.31428571428571433,169.26030800275217,22.004889086474734,28.60531956158744,1.1165501055771658,0.7692586352373398,92,60.86956521739131,14.549911750484116,3.2705787610058046,-71.82800585457328,3.6319082242188894,61.59,7,10,83.37,0.30326693227091633,0.5963884093925091
all-confirm5-ma20,MA20-down,0.15,,,all-confirm5-ma20|exit=MA20-down|trail=15%|hold=none,9.145766251226362,2.972068916160975,6.821641930969213,0.5576431389686132,0.4356823395652351,36,38.88888888888889,2.399098206168658,-2.3000272234597774,-12.0726476032049,1.7746487194234402,4.5,6,10,31.67,0.06786188579017263,2.2532809933151654,2.2715104485816706,7.5721487158670335,0.3747173085544402,0.29998228162395196,13,38.46153846153847,1.9452247735767532,-2.968345772932879,-20.98894089426674,1.3218362981244365,0.215,5,10,35.83,0.07320000000000002,7.0851362794981165,7.0851362794981165,2.5714697142914744,1.214274844168934,2.7552866907671545,17,47.05882352941176,4.266350126927145,-0.1380974375857713,-11.62483210661065,2.480885118360239,3.13,6,10,22.16,0.07658730158730159,23.150183666342052,4.269927744183932,7.581859841364302,0.7228298052540062,0.5631768238300207,66,40.909090909090914,3.3151620933879618,-2.369875411204597,-20.988940894266726,1.8953385928751356,8.075000000000001,5,10,41.0,0.07410358565737052,0.5864674597853621
all-confirm5-ma20,MA20-down,0.15,60.0,,all-confirm5-ma20|exit=MA20-down|trail=15%|hold=60,9.145766251226362,2.972068916160975,6.821641930969213,0.5576431389686132,0.4356823395652351,36,38.88888888888889,2.399098206168658,-2.3000272234597774,-12.0726476032049,1.7746487194234402,4.5,6,10,31.67,0.06786188579017263,2.2532809933151654,2.2715104485816706,7.5721487158670335,0.3747173085544402,0.29998228162395196,13,38.46153846153847,1.9452247735767532,-2.968345772932879,-20.98894089426674,1.3218362981244365,0.215,5,10,35.83,0.07320000000000002,7.0851362794981165,7.0851362794981165,2.5714697142914744,1.214274844168934,2.7552866907671545,17,47.05882352941176,4.266350126927145,-0.1380974375857713,-11.62483210661065,2.480885118360239,3.13,6,10,22.16,0.07658730158730159,23.150183666342052,4.269927744183932,7.581859841364302,0.7228298052540062,0.5631768238300207,66,40.909090909090914,3.3151620933879618,-2.369875411204597,-20.988940894266726,1.8953385928751356,8.075000000000001,5,10,41.0,0.07410358565737052,0.5864674597853621
all-confirm5-ma20,MA20-down,0.15,120.0,,all-confirm5-ma20|exit=MA20-down|trail=15%|hold=120,9.145766251226362,2.972068916160975,6.821641930969213,0.5576431389686132,0.4356823395652351,36,38.88888888888889,2.399098206168658,-2.3000272234597774,-12.0726476032049,1.7746487194234402,4.5,6,10,31.67,0.06786188579017263,2.2532809933151654,2.2715104485816706,7.5721487158670335,0.3747173085544402,0.29998228162395196,13,38.46153846153847,1.9452247735767532,-2.968345772932879,-20.98894089426674,1.3218362981244365,0.215,5,10,35.83,0.07320000000000002,7.0851362794981165,7.0851362794981165,2.5714697142914744,1.214274844168934,2.7552866907671545,17,47.05882352941176,4.266350126927145,-0.1380974375857713,-11.62483210661065,2.480885118360239,3.13,6,10,22.16,0.07658730158730159,23.150183666342052,4.269927744183932,7.581859841364302,0.7228298052540062,0.5631768238300207,66,40.909090909090914,3.3151620933879618,-2.369875411204597,-20.988940894266726,1.8953385928751356,8.075000000000001,5,10,41.0,0.07410358565737052,0.5864674597853621
stage5-ma60+jf,S-confirm3-ma20,0.2,60.0,,stage5-ma60+jf|exit=S-confirm3-ma20|trail=20%|hold=60,10.544935484395834,3.4119602806598204,25.194757834821925,0.29289648364038834,0.13542342034119956,60,40.0,2.3877087842177254,-3.351034461189939,-34.38185233852088,1.28271864425379,16.439999999999998,6,10,82.71,0.26613545816733064,21.335371350339692,21.523235257991736,13.676832777896731,1.1185615859166502,1.5737002570343375,18,55.55555555555556,10.54144911136705,7.904595512057155,-23.72333142580999,2.934546619813085,12.25,6,10,43.6,0.256,41.39992351414878,41.39992351414878,6.277127745604194,2.4027280750608075,6.5953609982114365,17,70.58823529411765,23.94652523677883,12.754924808902901,-29.509529277369474,5.690838006180917,26.159999999999997,7,10,38.38,0.2563492063492063,120.84669892512724,17.24446748438504,25.194757834821925,1.0266776892862202,0.6844466455062049,94,47.87234042553192,10.574900998222812,-0.9999882616948563,-34.38185233852088,2.3856597530876584,60.59,6,10,82.71,0.27378486055776896,0.576018435116586
all-confirm5-ma20,S,0.2,,,all-confirm5-ma20|exit=S|trail=20%|hold=none,6.601975921672554,2.162604868880247,11.815524593216843,0.2791878299437571,0.18303079578216727,33,48.484848484848484,3.015667562767619,-1.913204859932649,-26.97428325254111,1.3568262020101396,0.34,5,10,62.36,0.2047808764940239,11.08687280537115,11.180351590493354,6.848874257028736,1.1710279524560647,1.632436393326887,11,72.72727272727273,10.490744574302413,3.995375811745916,-23.72333142580999,2.7855745991283123,2.095,6,10,36.45,0.23199999999999998,23.25397040905921,23.25397040905921,8.77886970592574,1.8840391497972413,2.648856992758734,14,64.28571428571429,17.170338868821876,4.370876460896877,-27.047831583052417,5.465087468685235,12.075,7,10,34.39,0.22857142857142856,74.43952859771858,11.820524913726405,11.815524593216843,1.0746169164696076,1.000423199196118,56,57.14285714285714,14.364962520915443,2.1168900101830923,-27.047831583052417,3.041367862820347,24.189999999999998,6,10,65.1,0.2351394422310757,0.5753424318904946
v4-b-only,S,0.2,120.0,,v4-b-only|exit=S|trail=20%|hold=120,7.741376140205758,2.526746830833071,23.791879127841842,0.2574098872047983,0.10620207076776082,58,44.827586206896555,2.7282884090883295,-6.1363677387608675,-37.841895501244046,1.2983328868855988,3.84,6,10,71.69,0.28021248339973437,34.86891387441526,35.192050427339126,12.909718424086725,2.033036729001505,2.7260122390956583,17,70.58823529411765,21.44462023002391,21.072867411527607,-22.662610115948347,4.592785673911721,31.215,8,10,34.92,0.39360000000000006,30.83574096576447,30.83574096576447,7.735594919269861,1.8129272342667946,3.98621454297596,19,57.89473684210527,17.188324545313304,3.3736303741352724,-29.509529277369484,3.7954366255848853,14.235,7,10,53.14,0.30634920634920637,137.49729332541506,18.968247059463383,23.791879127841842,1.2422780709334886,0.7972572051808331,93,51.61290322580645,13.506544598685952,3.3736303741352724,-37.841895501244046,2.644699845131042,90.82499999999999,9,10,71.69,0.33155378486055775,0.5319343513365642
b-confirm3-ma20+jf,S,,120.0,,b-confirm3-ma20+jf|exit=S|trail=none|hold=120,10.819306866820998,3.497786118683033,29.747826294639523,0.26743513507549493,0.11758123380306695,32,53.125,2.8813968993820853,4.518063460313182,-57.51582531608928,1.248952897471086,1.655,5,10,89.96,0.33280212483399735,40.856340818045126,41.24289588552783,15.701377825626594,1.576384538151337,2.626705525053624,12,75.0,31.355627591642545,26.73698088068828,-37.648995364017445,10.907902664750207,21.770000000000003,7,10,54.89,0.37239999999999995,29.139812885269745,29.139812885269745,9.275018412342051,1.8381095180000802,3.1417525647705533,14,71.42857142857143,17.984259618278994,15.291588354892626,-26.0765539858968,7.010572409930081,23.75,8,10,50.57,0.31190476190476185,134.8989170910434,18.705741622287817,29.747826294639523,0.9099199078089644,0.6288103687649454,57,64.91228070175438,15.788648024105889,10.274844497211166,-57.51582531608928,2.995457562257915,75.795,7,10,89.96,0.3752191235059761,0.5265154820562962
all-confirm5-ma20,MA20-down,,,,all-confirm5-ma20|exit=MA20-down|trail=none|hold=none,8.099050920778271,2.6405277753977163,6.821641930969213,0.4971828586112482,0.3870809699656212,36,36.11111111111111,2.120393085932261,-2.369875411204597,-12.0726476032049,1.655253297711148,4.5,6,10,31.67,0.06826029216467464,1.971375106512685,1.9873017922370062,7.5721487158670335,0.3300779126364138,0.2624488592085786,13,38.46153846153847,1.6834537890377366,-2.968345772932879,-20.98894089426674,1.2785264422328124,0.215,5,10,35.83,0.07520000000000002,6.413819105722984,6.413819105722984,3.5914457935339317,0.8902699619030278,1.7858599222826854,17,41.17647058823529,3.5899957498396766,-3.3523258156012536,-13.240080929005405,1.9809336368588084,-0.405,5,10,33.47,0.08611111111111111,20.870386486619363,3.8794342521212943,7.836650861319616,0.6285109407828743,0.49503727048368656,66,37.878787878787875,2.9373676761454677,-2.7246967010204513,-20.988940894266726,1.738198435188929,8.075000000000001,5,10,41.0,0.07665338645418326,0.5172133220434492
all-confirm5-ma20,MA20-down,,60.0,,all-confirm5-ma20|exit=MA20-down|trail=none|hold=60,8.099050920778271,2.6405277753977163,6.821641930969213,0.4971828586112482,0.3870809699656212,36,36.11111111111111,2.120393085932261,-2.369875411204597,-12.0726476032049,1.655253297711148,4.5,6,10,31.67,0.06826029216467464,1.971375106512685,1.9873017922370062,7.5721487158670335,0.3300779126364138,0.2624488592085786,13,38.46153846153847,1.6834537890377366,-2.968345772932879,-20.98894089426674,1.2785264422328124,0.215,5,10,35.83,0.07520000000000002,6.413819105722984,6.413819105722984,3.5914457935339317,0.8902699619030278,1.7858599222826854,17,41.17647058823529,3.5899957498396766,-3.3523258156012536,-13.240080929005405,1.9809336368588084,-0.405,5,10,33.47,0.08611111111111111,20.870386486619363,3.8794342521212943,7.836650861319616,0.6285109407828743,0.49503727048368656,66,37.878787878787875,2.9373676761454677,-2.7246967010204513,-20.988940894266726,1.738198435188929,8.075000000000001,5,10,41.0,0.07665338645418326,0.5172133220434492
all-confirm5-ma20,MA20-down,,120.0,,all-confirm5-ma20|exit=MA20-down|trail=none|hold=120,8.099050920778271,2.6405277753977163,6.821641930969213,0.4971828586112482,0.3870809699656212,36,36.11111111111111,2.120393085932261,-2.369875411204597,-12.0726476032049,1.655253297711148,4.5,6,10,31.67,0.06826029216467464,1.971375106512685,1.9873017922370062,7.5721487158670335,0.3300779126364138,0.2624488592085786,13,38.46153846153847,1.6834537890377366,-2.968345772932879,-20.98894089426674,1.2785264422328124,0.215,5,10,35.83,0.07520000000000002,6.413819105722984,6.413819105722984,3.5914457935339317,0.8902699619030278,1.7858599222826854,17,41.17647058823529,3.5899957498396766,-3.3523258156012536,-13.240080929005405,1.9809336368588084,-0.405,5,10,33.47,0.08611111111111111,20.870386486619363,3.8794342521212943,7.836650861319616,0.6285109407828743,0.49503727048368656,66,37.878787878787875,2.9373676761454677,-2.7246967010204513,-20.988940894266726,1.738198435188929,8.075000000000001,5,10,41.0,0.07665338645418326,0.5172133220434492
all-confirm5-ma20,MA20-down,0.2,,,all-confirm5-ma20|exit=MA20-down|trail=20%|hold=none,8.099050920778271,2.6405277753977163,6.821641930969213,0.4971828586112482,0.3870809699656212,36,36.11111111111111,2.120393085932261,-2.369875411204597,-12.0726476032049,1.655253297711148,4.5,6,10,31.67,0.06826029216467464,1.971375106512685,1.9873017922370062,7.5721487158670335,0.3300779126364138,0.2624488592085786,13,38.46153846153847,1.6834537890377366,-2.968345772932879,-20.98894089426674,1.2785264422328124,0.215,5,10,35.83,0.07520000000000002,5.535007722065366,5.535007722065366,3.078360650772649,0.9494111100545423,1.7980374458970927,17,41.17647058823529,3.376651567937116,-3.3523258156012536,-11.62483210661065,2.0562621796758846,-0.54,5,10,22.75,0.07896825396825397,19.872186511426214,3.7066031103572428,7.836650861319616,0.6291611188585543,0.4729830607424926,66,37.878787878787875,2.8824153868675357,-2.7246967010204513,-20.988940894266726,1.7467686931825015,8.075000000000001,5,10,41.0,0.0752191235059761,0.5172133220434492
all-confirm5-ma20,MA20-down,0.2,60.0,,all-confirm5-ma20|exit=MA20-down|trail=20%|hold=60,8.099050920778271,2.6405277753977163,6.821641930969213,0.4971828586112482,0.3870809699656212,36,36.11111111111111,2.120393085932261,-2.369875411204597,-12.0726476032049,1.655253297711148,4.5,6,10,31.67,0.06826029216467464,1.971375106512685,1.9873017922370062,7.5721487158670335,0.3300779126364138,0.2624488592085786,13,38.46153846153847,1.6834537890377366,-2.968345772932879,-20.98894089426674,1.2785264422328124,0.215,5,10,35.83,0.07520000000000002,5.535007722065366,5.535007722065366,3.078360650772649,0.9494111100545423,1.7980374458970927,17,41.17647058823529,3.376651567937116,-3.3523258156012536,-11.62483210661065,2.0562621796758846,-0.54,5,10,22.75,0.07896825396825397,19.872186511426214,3.7066031103572428,7.836650861319616,0.6291611188585543,0.4729830607424926,66,37.878787878787875,2.8824153868675357,-2.7246967010204513,-20.988940894266726,1.7467686931825015,8.075000000000001,5,10,41.0,0.0752191235059761,0.5172133220434492
all-confirm5-ma20,MA20-down,0.2,120.0,,all-confirm5-ma20|exit=MA20-down|trail=20%|hold=120,8.099050920778271,2.6405277753977163,6.821641930969213,0.4971828586112482,0.3870809699656212,36,36.11111111111111,2.120393085932261,-2.369875411204597,-12.0726476032049,1.655253297711148,4.5,6,10,31.67,0.06826029216467464,1.971375106512685,1.9873017922370062,7.5721487158670335,0.3300779126364138,0.2624488592085786,13,38.46153846153847,1.6834537890377366,-2.968345772932879,-20.98894089426674,1.2785264422328124,0.215,5,10,35.83,0.07520000000000002,5.535007722065366,5.535007722065366,3.078360650772649,0.9494111100545423,1.7980374458970927,17,41.17647058823529,3.376651567937116,-3.3523258156012536,-11.62483210661065,2.0562621796758846,-0.54,5,10,22.75,0.07896825396825397,19.872186511426214,3.7066031103572428,7.836650861319616,0.6291611188585543,0.4729830607424926,66,37.878787878787875,2.8824153868675357,-2.7246967010204513,-20.988940894266726,1.7467686931825015,8.075000000000001,5,10,41.0,0.0752191235059761,0.5172133220434492
stage5-ma60+jf,Scond,0.2,,,stage5-ma60+jf|exit=Scond|trail=20%|hold=none,9.082409606163889,2.952061354442792,24.09224711363882,0.26113993735250346,0.12253159037089595,57,42.10526315789473,2.1036294041566492,-3.6689859564252303,-34.38185233852087,1.2370842089980567,6.779999999999999,6,10,82.61,0.2610889774236388,22.321027595450605,22.518347303481967,13.676832777896708,1.1614750471550608,1.6464592109274112,18,55.55555555555556,11.799494326039753,4.000577476279677,-23.72333142580999,3.1654206763024098,6.805,6,10,43.6,0.2508,43.445821418673994,43.445821418673994,4.197052065839236,2.7944505112166445,10.351508805975854,18,66.66666666666666,25.581142790607664,17.872143860858635,-29.509529277369474,6.060999567535075,24.185000000000002,7,10,38.38,0.2265873015873016,112.67034893291874,16.359677741405854,24.09224711363882,0.9996425922794789,0.6790432484043593,92,48.91304347826087,10.640249983374108,-0.4967422602022653,-34.38185233852087,2.34399331843324,45.24,7,10,82.61,0.267011952191235,0.5115362458502487
b-confirm3-ma20+jf,S,,60.0,,b-confirm3-ma20+jf|exit=S|trail=none|hold=60,8.522605525058768,2.774942466645136,23.240034508462514,0.2472245321745564,0.11940354329657651,38,55.26315789473685,3.5213486757672894,4.92406067591471,-53.53706071392303,1.3325681939362461,2.065,5,10,88.9,0.2293492695883134,37.63458731825349,37.986756311103996,13.445778176992462,1.5917623422440015,2.8251809460983415,14,78.57142857142857,24.34415551855857,21.955717051211387,-35.488884279708834,8.488574520894618,19.045,8,10,54.89,0.28680000000000005,25.87265254816287,25.87265254816287,10.545815875257325,1.8352440021393053,2.453357128002347,15,60.0,16.850334385635968,16.521418373581742,-35.27920865384615,4.58600643211528,31.165,8,10,47.64,0.26944444444444443,127.67872507336473,17.963923615304743,23.240034508462514,1.013766205716412,0.7729731902404641,66,62.121212121212125,15.599175312108446,8.598776387539719,-53.53706071392303,2.9340291814318444,55.305,7,10,88.9,0.26892430278884466,0.5070121858236571
stage5-ma60+jf,Scond,0.2,120.0,,stage5-ma60+jf|exit=Scond|trail=20%|hold=120,8.678869939359402,2.8244446967166548,23.47420972598575,0.2543592772321625,0.12032118353232647,58,41.37931034482759,1.9519843396670626,-4.06402881129625,-34.38185233852087,1.2243933161444953,10.94,6,10,82.61,0.25843293492695885,22.321027595450605,22.518347303481967,13.676832777896708,1.1614750471550608,1.6464592109274112,18,55.55555555555556,11.799494326039753,4.000577476279677,-23.72333142580999,3.1654206763024098,6.805,6,10,43.6,0.2508,43.445821418673994,43.445821418673994,4.197052065839236,2.7944505112166445,10.351508805975854,18,66.66666666666666,25.581142790607664,17.872143860858635,-29.509529277369474,6.060999567535075,24.185000000000002,7,10,38.38,0.2265873015873016,111.88359585277108,16.273114442937022,23.47420972598575,0.9997226313108909,0.6932337502686117,93,48.38709677419355,10.453884022948156,-0.7935845204045222,-34.38185233852087,2.3370414314382377,45.24,8,10,82.61,0.26541832669322707,0.5053410628023377
stage5-ma60+jf,Scond,0.15,,,stage5-ma60+jf|exit=Scond|trail=15%|hold=none,7.64980774567785,2.4975773531064505,25.017516701301368,0.2599524010946233,0.09983314422956019,63,44.44444444444444,1.627691185955407,-6.98857562257611,-34.38185233852088,1.2090079576726764,10.65,6,10,74.87,0.1948207171314741,15.270940842796254,15.402069372916326,11.07393299276136,0.9509779595560162,1.3908400369574314,20,40.0,7.41215220664915,-2.6769717564176894,-20.56036340301006,2.3482147696410536,9.97,5,10,43.49,0.18160000000000004,28.42962521675789,28.42962521675789,6.470506225309425,2.477086852946082,4.393725038939803,21,61.904761904761905,13.789500367628966,3.3736303741352947,-21.011725753607323,3.7812047101509045,27.455,7,10,45.0,0.18928571428571428,76.36648157850176,12.067467448164537,25.017516701301368,0.918743236719821,0.48236072317828443,103,46.601941747572816,6.90842860127576,-4.2944743718969285,-34.38185233852088,1.975830612082503,44.97,6,10,74.87,0.20326693227091633,0.48177981303924
stage5-ma60+jf,Scond,0.15,120.0,,stage5-ma60+jf|exit=Scond|trail=15%|hold=120,7.64980774567785,2.4975773531064505,25.017516701301368,0.2599524010946233,0.09983314422956019,63,44.44444444444444,1.627691185955407,-6.98857562257611,-34.38185233852088,1.2090079576726764,10.65,6,10,74.87,0.1948207171314741,15.270940842796254,15.402069372916326,11.07393299276136,0.9509779595560162,1.3908400369574314,20,40.0,7.41215220664915,-2.6769717564176894,-20.56036340301006,2.3482147696410536,9.97,5,10,43.49,0.18160000000000004,28.42962521675789,28.42962521675789,6.470506225309425,2.477086852946082,4.393725038939803,21,61.904761904761905,13.789500367628966,3.3736303741352947,-21.011725753607323,3.7812047101509045,27.455,7,10,45.0,0.18928571428571428,76.36648157850176,12.067467448164537,25.017516701301368,0.918743236719821,0.48236072317828443,103,46.601941747572816,6.90842860127576,-4.2944743718969285,-34.38185233852088,1.975830612082503,44.97,6,10,74.87,0.20326693227091633,0.48177981303924
b-confirm3-ma20+jf,S-or-cond,,60.0,,b-confirm3-ma20+jf|exit=S-or-cond|trail=none|hold=60,7.986513562870168,2.604755238183376,23.240034508462514,0.23885800439924196,0.11208052368574982,38,57.89473684210527,2.8476913588565957,6.17579716781772,-53.53706071392303,1.2792217938055346,0.01,5,10,88.9,0.20703851261620185,34.79950216376877,35.12191593132998,13.445778176992462,1.5013288328478516,2.612114781978801,14,78.57142857142857,22.47417298873099,21.066451937306184,-35.488884279708834,7.913343906848083,15.799999999999999,8,10,54.89,0.26799999999999996,26.160409038843003,26.160409038843003,9.393552943351157,2.206689093017395,2.7849323037413205,16,62.5,17.43201646169098,15.03857687640524,-35.27920865384615,4.678293521264074,21.225,8,10,35.74,0.21865079365079362,110.59483061655145,16.13076009129859,23.240034508462514,0.9658761805930128,0.6940936376589636,67,64.17910447761194,13.610482331511198,11.581807686027613,-53.53706071392303,2.744042595092588,45.805,7,10,88.9,0.24055776892430275,0.4754346055181179
stage5-ma60+jf,Scond,0.15,60.0,,stage5-ma60+jf|exit=Scond|trail=15%|hold=60,7.629288241633381,2.4910385191782236,24.952585603637445,0.258261396115208,0.0998308775991172,64,43.75,1.5915743791774648,-4.3627502651120365,-34.38185233852088,1.2078830027808358,11.955,6,10,74.87,0.19787516600265603,13.707609387363817,13.824524614097399,11.07393299276136,0.8703653811967061,1.2483843475605285,20,40.0,6.510068835381663,-2.6769717564176894,-20.56036340301006,2.1841325853195537,9.97,5,10,43.49,0.17120000000000002,28.42962521675789,28.42962521675789,6.470506225309425,2.477086852946082,4.393725038939803,21,61.904761904761905,13.789500367628966,3.3736303741352947,-21.011725753607323,3.7812047101509045,27.455,7,10,45.0,0.18928571428571428,74.2000680283233,11.789685521448678,24.952585603637445,0.8982652611363563,0.47248352169684754,104,46.15384615384615,6.669565579186182,-3.0189867615777577,-34.38185233852088,1.9566615128560947,42.614999999999995,6,10,74.87,0.20167330677290835,0.4725851850122098
all-confirm5-ma20,S,0.15,,,all-confirm5-ma20|exit=S|trail=15%|hold=none,4.615002577417848,1.5213407268912738,10.300972838029931,0.22041682333315643,0.14768903392062835,34,44.11764705882353,1.8936401179866909,-2.602324021327529,-26.9742832525411,1.2643038430877378,0.245,5,10,63.43,0.18087649402390438,10.140124077972178,10.225258470501508,6.876339840696977,1.2009423466883025,1.487020523619887,12,58.333333333333336,9.375019118399717,10.535885636659549,-20.98894089426674,2.3618069490559024,10.54,6,10,38.68,0.1956,18.612607141668704,18.612607141668704,6.055018878682583,1.8266046376290417,3.073913973612305,16,62.5,11.383792613848984,7.2957802264332905,-19.64966797933626,4.287215349775804,12.075,7,10,24.41,0.18452380952380953,50.00469847374618,8.482902169211016,10.300972838029931,0.904575991534541,0.823504954589646,61,52.459016393442624,7.702971113542266,2.1838994254364863,-26.9742832525411,2.2157036456431407,24.43,7,10,66.09,0.21354581673306777,0.4723155234787357
v4-b+jf,S-or-MA60,0.15,60.0,,v4-b+jf|exit=S-or-MA60|trail=15%|hold=60,5.542140707090359,1.821559167836817,22.61456455678995,0.21823457210518474,0.0805480540322807,72,47.22222222222222,1.5541942454646387,-0.5913624564166053,-34.38185233852088,1.2332343043041012,9.755,6,10,73.05,0.16586985391766268,26.71528478910443,26.95553384506113,8.535313260129197,1.611023980197177,3.1581188672919445,23,52.17391304347826,10.746649519461679,1.136282901089869,-12.692539890052368,5.215161530994952,17.835,7,10,30.16,0.16840000000000002,27.038061748572993,27.038061748572993,9.784327477103394,2.1189272883132295,2.7634052326892773,26,57.692307692307686,10.579963722604028,1.6548104751583859,-21.011725753607337,3.538864252519246,20.735,8,10,39.33,0.23174603174603173,73.76010850346259,11.732936065630927,22.61456455678995,0.9608763569328738,0.5188221084764664,120,50.83333333333333,5.527551616271832,0.4024989242935817,-34.38185233852088,2.010197266595837,36.575,7,10,73.05,0.18382470119521913,0.45337227771860844
v4-b+jf,S-confirm5-ma20,0.2,60.0,,v4-b+jf|exit=S-confirm5-ma20|trail=20%|hold=60,6.951404072149692,2.274553086544584,26.570704562871395,0.2199423132379635,0.08560379274710439,67,40.298507462686565,1.7347069210069905,-3.1678067374243724,-37.841895501244046,1.2042875318843183,10.879999999999999,6,10,82.71,0.2930942895086322,27.647848934102637,27.897368424573664,13.022672426917037,1.3680897547322883,2.142215323401023,21,61.904761904761905,11.929297263885868,12.916331614434595,-22.662610115948347,3.4102419968502944,16.465,8,10,43.6,0.3044,40.27994428848749,40.27994428848749,7.9170223469040675,2.1670784455107546,5.0877643795257015,21,61.904761904761905,19.036052481554748,12.170201402853142,-29.509529277369484,4.565233637153943,15.559999999999999,8,10,49.0,0.3218253968253968,122.2982211788004,17.398795338637175,26.570704562871395,1.003811301798521,0.6548112150157057,108,48.148148148148145,9.4107344668167,-0.9999882616948452,-37.841895501244046,2.25601307260706,56.305,7,10,82.71,0.3168127490039841,0.44822696107861304
stage5-ma60+jf,S-or-MA60,0.15,60.0,,stage5-ma60+jf|exit=S-or-MA60|trail=15%|hold=60,5.8612881665708105,1.924496861324898,21.721773244813193,0.23099420800107143,0.08859759466389037,64,48.4375,1.711453190428104,-1.1657716653518724,-34.38185233852088,1.2531290250479374,6.425000000000001,5,10,73.05,0.14741035856573706,19.91245044831316,20.086777899638687,9.269019716628367,1.284347466780904,2.1670876223947992,21,47.61904761904761,8.769000585037078,-0.3623362400278607,-15.22567356832203,3.6994955308281186,3.485,5,10,30.16,0.1376,28.125858712600603,28.125858712600603,6.70727810036531,2.369467581628499,4.193334209754735,21,61.904761904761905,13.470377742606404,1.7423192746435667,-21.011725753607323,4.5592756359464905,20.735,7,10,39.33,0.18095238095238095,66.82986356777245,10.823501964932003,21.721773244813193,0.9253566349321573,0.4982789316022567,105,50.476190476190474,5.798924395702474,0.25326400995542286,-34.38185233852088,2.030676945848376,13.149999999999999,7,10,73.05,0.1546613545816733,0.447154177361636
v4-b+jf,Scond,0.2,,,v4-b+jf|exit=Scond|trail=20%|hold=none,7.424682606720667,2.4257925875992514,27.433476208152342,0.22673763662092195,0.08842454267164233,64,40.625,1.9640185798267096,-4.06402881129625,-37.841895501244046,1.2115928434938703,7.275,6,10,82.61,0.299203187250996,27.801481135739703,28.05253314539904,13.611924605179881,1.3224064693891575,2.0608792627843333,21,61.904761904761905,12.468301679538685,4.24682223715358,-22.662610115948347,3.519144562555242,10.365,7,10,43.6,0.3336,37.45085685017315,37.45085685017315,7.20905784004422,2.1744748216219913,5.194972447320999,22,59.09090909090909,18.935468403145475,3.5833886403492055,-29.509529277369484,4.0044257054667325,24.185000000000002,7,10,49.0,0.3265873015873016,102.7599541501944,15.250029224335826,27.433476208152342,0.9026757097715015,0.555891244282196,105,46.666666666666664,9.10545207623259,-3.1678067374243724,-37.841895501244046,2.080611306997117,37.115,9,10,82.61,0.3339442231075697,0.4463193311204854
v4-b+jf,Scond,0.2,120.0,,v4-b+jf|exit=Scond|trail=20%|hold=120,7.027275538227817,2.298828278745013,26.842642952127548,0.2198171325061317,0.0856409066292337,65,40.0,1.8308523811180002,-4.459071666167269,-37.841895501244046,1.2007397421896024,9.315,6,10,82.61,0.29654714475431604,27.672068449693164,27.921829436668055,13.611924605179881,1.3175610429269882,2.051277115217247,21,61.904761904761905,12.417850496752145,4.24682223715358,-22.662610115948347,3.5089512077537806,10.365,7,10,43.6,0.3332,37.45085685017315,37.45085685017315,7.20905784004422,2.1744748216219913,5.194972447320999,22,59.09090909090909,18.935468403145475,3.5833886403492055,-29.509529277369484,4.0044257054667325,24.185000000000002,7,10,49.0,0.3265873015873016,108.84452327386138,15.936305642178628,26.842642952127548,0.9337814238621999,0.5936936117132801,107,46.728971962616825,9.191141450549981,-1.0295884556564605,-37.841895501244046,2.13255652424567,43.425,9,10,82.61,0.3336254980079681,0.43742732176750626
v4-b+jf,Scond,0.15,,,v4-b+jf|exit=Scond|trail=15%|hold=none,5.818197774712797,1.9106105714185473,25.52225665267054,0.210672726881157,0.07486056571798597,70,41.42857142857143,1.3119013671683202,-7.65900343908007,-34.38185233852088,1.1674926475327447,11.594999999999999,7,10,74.87,0.22018592297476758,22.066481809070027,22.261353391138684,10.956136871110667,1.2474286048149803,2.031861563343354,22,50.0,9.645336425169306,-0.13315431905383535,-18.186635090163882,2.987951976426002,21.96,7,10,43.49,0.252,26.086561725487243,26.086561725487243,9.764312806401065,2.0524064517858673,2.671622902984633,26,53.84615384615385,10.343417302688513,1.3736723148520147,-21.011725753607337,2.9745902798156676,27.455,8,10,45.0,0.26785714285714285,78.79507752977679,12.37564351190632,25.52225665267054,0.8947490428717799,0.48489613126006187,117,44.44444444444444,6.297063418913945,-4.443444330368063,-34.38185233852088,1.8947216472047026,41.775,7,10,74.87,0.25888446215139443,0.4266842149777388
v4-b+jf,Scond,0.15,120.0,,v4-b+jf|exit=Scond|trail=15%|hold=120,5.818197774712797,1.9106105714185473,25.52225665267054,0.210672726881157,0.07486056571798597,70,41.42857142857143,1.3119013671683202,-7.65900343908007,-34.38185233852088,1.1674926475327447,11.594999999999999,7,10,74.87,0.22018592297476758,22.066481809070027,22.261353391138684,10.956136871110667,1.2474286048149803,2.031861563343354,22,50.0,9.645336425169306,-0.13315431905383535,-18.186635090163882,2.987951976426002,21.96,7,10,43.49,0.252,26.086561725487243,26.086561725487243,9.764312806401065,2.0524064517858673,2.671622902984633,26,53.84615384615385,10.343417302688513,1.3736723148520147,-21.011725753607337,2.9745902798156676,27.455,8,10,45.0,0.26785714285714285,80.37047864729993,12.573769214402365,25.52225665267054,0.9084965790090955,0.4926589911510313,117,44.44444444444444,6.36903721748631,-4.2944743718969285,-34.38185233852088,1.9142980940182288,49.14,7,10,74.87,0.2571314741035856,0.4266842149777388
v4-b+jf,Scond,0.15,60.0,,v4-b+jf|exit=Scond|trail=15%|hold=60,5.788685707344676,1.901097855245193,25.458424291675176,0.20929511475767895,0.0746746080379706,71,40.845070422535215,1.2802581772822061,-7.107689473078294,-34.38185233852088,1.1659797571321193,13.280000000000001,6,10,74.87,0.22297476759628151,20.72227528791315,20.904290105677113,10.718076601143844,1.2002619398827705,1.9503770017323991,22,50.0,8.980603500369316,-0.13315431905383535,-18.186635090163882,2.850947202989249,21.96,7,10,43.49,0.21919999999999998,26.666157140400948,26.666157140400948,9.764312806401065,2.1014283050528384,2.730981449398032,26,53.84615384615385,10.557424649441986,1.3736723148520147,-21.011725753607337,3.0154449426744034,27.455,8,10,45.0,0.2615079365079365,78.8236515229233,12.379249436593277,25.458424291675176,0.9004349945210862,0.4862535597162332,118,44.91525423728814,6.201184386703315,-3.4620572798001126,-34.38185233852088,1.9033853252570376,49.760000000000005,7,10,74.87,0.2444621513944223,0.425876484472669
stage5-ma60+jf,S-or-MA60,,60.0,,stage5-ma60+jf|exit=S-or-MA60|trail=none|hold=60,6.932164258090134,2.268395457426342,28.163914498198327,0.21758011046316758,0.08054261979709722,49,53.06122448979592,1.9679818114034544,1.8837255418082677,-55.84417345778824,1.2671349797669225,3.0449999999999995,5,10,86.29,0.20876494023904382,33.40946360044084,33.71746389561285,15.114724082990138,1.476674075601344,2.2307693948285787,17,64.70588235294117,18.446209752118016,11.363606301283857,-22.877618632089924,6.56595000110213,13.809999999999999,6,10,54.89,0.2152,46.03052671708689,46.03052671708689,7.0689737851931,2.4949722058144608,6.511627870724873,19,68.42105263157895,25.61033671678682,2.5348712619252423,-23.659252197036917,8.384671837500937,18.285,7,10,35.71,0.24246031746031743,121.99675211557594,17.366809134885063,28.163914498198327,0.9923738551021628,0.6166333567017481,84,58.333333333333336,12.72110249274001,3.3070599183771754,-55.84417345778824,3.0308479548270615,43.86,5,10,86.29,0.22549800796812752,0.422320301787209
b-confirm5-ma20+jf,S,,60.0,,b-confirm5-ma20+jf|exit=S|trail=none|hold=60,6.5406647250976,2.1429370965336147,25.26888094221279,0.2082083965200132,0.08480538182257778,41,51.21951219512195,2.9060638433703794,2.4236434185116007,-53.53706071392303,1.2714672532924947,0.42,5,10,88.9,0.24887118193891097,40.796836303634485,41.18275083074183,14.620898036704677,1.6393099331783463,2.816704605103982,15,80.0,24.450970630702905,22.173542036258077,-35.488884279708834,9.058677378142184,21.955,8,10,54.89,0.3108000000000001,25.445401954504533,25.445401954504533,10.845885880051942,1.821063716793314,2.3460879301066986,15,60.0,16.658423380385543,16.521418373581742,-35.27920865384615,4.406056183250358,31.165,8,10,47.64,0.26944444444444443,127.88005477000021,17.9848617508126,25.26888094221279,0.987025338022518,0.7117395420850666,70,60.0,14.82786650885933,8.598776387539731,-53.53706071392303,2.8153627934093524,47.695,7,10,88.9,0.2854183266932271,0.4096915157050665
v4-b+jf,S-or-MA60,0.15,,,v4-b+jf|exit=S-or-MA60|trail=15%|hold=none,4.730001677347917,1.5586747361585829,22.61456455678995,0.1946893685425562,0.0689234909761106,72,47.22222222222222,1.4126786388035348,-0.5913624564166164,-34.38185233852088,1.2119973873845509,9.755,6,10,73.05,0.1749003984063745,26.796891000900036,27.037949079963663,8.535313260129197,1.6118425501327156,3.1677746622687404,23,52.17391304347826,10.715140574419726,1.136282901089869,-12.692539890052368,5.202802768128205,20.869999999999997,7,10,30.16,0.192,27.038061748572993,27.038061748572993,9.784327477103394,2.1189272883132295,2.7634052326892773,26,57.692307692307686,10.579963722604028,1.6548104751583859,-21.011725753607337,3.538864252519246,20.735,8,10,39.33,0.23174603174603173,75.32792610408067,11.934644114737791,22.61456455678995,0.9718179342369551,0.527741495299075,120,50.83333333333333,5.607296921646603,0.4024989242935817,-34.38185233852088,2.0247712579587223,33.285,8,10,73.05,0.19768924302788843,0.4080655751139646
v4-b+jf,S-or-MA60,0.15,120.0,,v4-b+jf|exit=S-or-MA60|trail=15%|hold=120,4.730001677347917,1.5586747361585829,22.61456455678995,0.1946893685425562,0.0689234909761106,72,47.22222222222222,1.4126786388035348,-0.5913624564166164,-34.38185233852088,1.2119973873845509,9.755,6,10,73.05,0.1749003984063745,26.796891000900036,27.037949079963663,8.535313260129197,1.6118425501327156,3.1677746622687404,23,52.17391304347826,10.715140574419726,1.136282901089869,-12.692539890052368,5.202802768128205,20.869999999999997,7,10,30.16,0.192,27.038061748572993,27.038061748572993,9.784327477103394,2.1189272883132295,2.7634052326892773,26,57.692307692307686,10.579963722604028,1.6548104751583859,-21.011725753607337,3.538864252519246,20.735,8,10,39.33,0.23174603174603173,75.32792610408067,11.934644114737791,22.61456455678995,0.9718179342369551,0.527741495299075,120,50.83333333333333,5.607296921646603,0.4024989242935817,-34.38185233852088,2.0247712579587223,33.285,8,10,73.05,0.19768924302788843,0.4080655751139646
stage5-ma60+jf,S-or-MA60,0.15,,,stage5-ma60+jf|exit=S-or-MA60|trail=15%|hold=none,5.047081711710266,1.6614724540641834,21.721773244813193,0.20669560202582,0.07648880389914374,64,48.4375,1.5522481329343627,-1.1657716653518724,-34.38185233852088,1.2295821227946475,6.425000000000001,5,10,73.05,0.15644090305444888,20.529642126352933,20.7098243612553,9.269019716628367,1.3172440422074538,2.234305783609721,21,47.61904761904761,9.05794189748966,-0.3623362400278607,-15.22567356832203,3.788444753042597,3.485,5,10,30.16,0.1568,28.125858712600603,28.125858712600603,6.70727810036531,2.369467581628499,4.193334209754735,21,61.904761904761905,13.470377742606404,1.7423192746435667,-21.011725753607323,4.5592756359464905,20.735,7,10,39.33,0.18095238095238095,68.22426379622715,11.008879300381924,21.721773244813193,0.9364804425866138,0.5068131029777077,105,50.476190476190474,5.886394674724444,0.25326400995542286,-34.38185233852088,2.0462235530953476,19.5,7,10,73.05,0.16741035856573702,0.4028925083119787
stage5-ma60+jf,S-or-MA60,0.15,120.0,,stage5-ma60+jf|exit=S-or-MA60|trail=15%|hold=120,5.047081711710266,1.6614724540641834,21.721773244813193,0.20669560202582,0.07648880389914374,64,48.4375,1.5522481329343627,-1.1657716653518724,-34.38185233852088,1.2295821227946475,6.425000000000001,5,10,73.05,0.15644090305444888,20.529642126352933,20.7098243612553,9.269019716628367,1.3172440422074538,2.234305783609721,21,47.61904761904761,9.05794189748966,-0.3623362400278607,-15.22567356832203,3.788444753042597,3.485,5,10,30.16,0.1568,28.125858712600603,28.125858712600603,6.70727810036531,2.369467581628499,4.193334209754735,21,61.904761904761905,13.470377742606404,1.7423192746435667,-21.011725753607323,4.5592756359464905,20.735,7,10,39.33,0.18095238095238095,68.22426379622715,11.008879300381924,21.721773244813193,0.9364804425866138,0.5068131029777077,105,50.476190476190474,5.886394674724444,0.25326400995542286,-34.38185233852088,2.0462235530953476,19.5,7,10,73.05,0.16741035856573702,0.4028925083119787
stage5-ma60+jf,Scond,0.2,60.0,,stage5-ma60+jf|exit=Scond|trail=20%|hold=60,5.853010481188536,1.9218295901000104,25.142584390467505,0.20028879252433152,0.07643723335094574,60,41.66666666666667,1.6006581438486003,-3.351034461189939,-34.38185233852087,1.1891638393001487,7.555,6,10,82.61,0.24130146082337317,21.33288568083147,21.52072582397522,13.676832777896708,1.1276591813265213,1.5735167763954179,18,55.55555555555556,10.91312406230876,5.018482450848138,-23.72333142580999,3.002755697371325,6.805,6,10,43.6,0.23040000000000002,40.65984270836091,40.65984270836091,4.197052065839236,2.701581139925594,9.687714631729412,18,66.66666666666666,23.257599504939297,17.872143860858635,-29.509529277369474,5.601307377073816,24.185000000000002,7,10,38.38,0.2126984126984127,99.21507997107588,14.842581369719742,25.142584390467505,0.9432069882467615,0.5903363448726107,95,48.421052631578945,9.245465488071238,-0.7935845204045222,-34.38185233852087,2.2155849953378848,45.400000000000006,6,10,82.61,0.2448605577689243,0.3874856102977649
v4-b-only,S-or-MA60,,,,v4-b-only|exit=S-or-MA60|trail=none|hold=none,5.800149467000804,1.9047932141325497,27.458444200750463,0.20025127855630157,0.06937003423087204,50,56.00000000000001,1.275002466224767,1.5510536351151627,-60.95102468073881,1.1953955735912367,1.04,5,10,81.21,0.2543160690571049,31.966030719177674,32.25918780288932,13.818052917993274,1.7726899792697761,2.334568263295822,17,52.94117647058824,19.100993714924368,4.006286260086345,-31.43641088894943,7.500627324977472,35.3,8,10,54.95,0.26880000000000004,47.77355247466577,47.77355247466577,9.763749014874023,2.230047697304346,4.89295171372061,18,66.66666666666666,25.441571169985416,2.1385952682844045,-9.796768955652368,12.749057253542622,26.64,8,10,48.36,0.30119047619047623,129.13904928431998,18.115461978795544,27.458444200750463,1.0872236555955068,0.6597410197880196,83,59.036144578313255,13.688648433152073,1.7732549427679656,-60.95102468073881,3.4837952830710797,41.575,7,10,81.21,0.28342629482071713,0.3866030739819831
all-confirm5-ma20,S-or-cond,0.2,,,all-confirm5-ma20|exit=S-or-cond|trail=20%|hold=none,3.5231196420936417,1.1654971785675317,11.815524593216843,0.1834378565554579,0.09864117072183408,36,50.0,1.7492152647264325,0.030035315783133454,-26.97428325254112,1.2242728016951663,0.88,5,10,58.7,0.13240371845949533,9.990241781641917,10.074061158687343,6.7786678391761335,1.0947163359150895,1.4861417313393135,12,66.66666666666666,8.799702057132885,2.8970093159150667,-23.72333142580999,2.6311064010605847,2.095,6,10,36.45,0.1884,19.13353006120444,19.13353006120444,7.617258639565305,1.948740570035799,2.5118656155144463,15,60.0,14.11018354313091,5.446972707992148,-27.047831583052417,4.535412820671285,11.825,7,10,34.39,0.18571428571428575,48.18764841944627,8.217751582129495,11.815524593216843,0.9152600771866795,0.6955045895166782,61,55.73770491803278,8.37885749962872,2.0498805949297205,-27.047831583052417,2.1736776855023967,33.335,6,10,61.7,0.17386454183266933,0.3788221055744191
all-confirm5-ma20,S-or-cond,0.2,120.0,,all-confirm5-ma20|exit=S-or-cond|trail=20%|hold=120,3.5231196420936417,1.1654971785675317,11.815524593216843,0.1834378565554579,0.09864117072183408,36,50.0,1.7492152647264325,0.030035315783133454,-26.97428325254112,1.2242728016951663,0.88,5,10,58.7,0.13240371845949533,9.990241781641917,10.074061158687343,6.7786678391761335,1.0947163359150895,1.4861417313393135,12,66.66666666666666,8.799702057132885,2.8970093159150667,-23.72333142580999,2.6311064010605847,2.095,6,10,36.45,0.1884,19.13353006120444,19.13353006120444,7.617258639565305,1.948740570035799,2.5118656155144463,15,60.0,14.11018354313091,5.446972707992148,-27.047831583052417,4.535412820671285,11.825,7,10,34.39,0.18571428571428575,53.55722844028432,8.993970973423181,11.815524593216843,0.9878310320221906,0.7611994628310045,62,56.451612903225815,8.813123193576187,2.1168900101830923,-27.047831583052417,2.2992239332560196,33.335,6,10,61.7,0.1752988047808765,0.3788221055744191
all-confirm5-ma20,S-or-MA60,,60.0,,all-confirm5-ma20|exit=S-or-MA60|trail=none|hold=60,3.2415350887582184,1.073324362605077,11.32861412193481,0.17321454345574652,0.09474454254089858,34,44.11764705882353,0.6485612281896677,-1.4151361953392227,-48.33569116375486,1.136965992880905,2.11,5,10,65.11,0.10265604249667995,11.573660038354738,11.67145462177237,4.530062668235679,1.349979321920492,2.5764444063017886,12,50.0,9.603549157560044,-0.6190730490337082,-15.22567356832203,4.690771436324953,1.27,6,10,26.23,0.11840000000000002,14.891870985701061,14.891870985701061,5.95290045967719,1.288300985731905,2.501615991494104,16,56.25,9.118007732081992,3.732778753939836,-35.27920865384615,2.9902914834056546,12.265,8,10,41.8,0.2003968253968254,50.36551495895794,8.53524805838517,11.32861412193481,0.9074180280772826,0.7534238492472756,61,49.18032786885246,8.314089004813253,-0.06198834990690516,-48.33569116375486,2.9237239468592753,22.955,7,10,75.52,0.13187250996015937,0.3720268966606627
all-confirm5-ma20,S-or-cond,0.15,,,all-confirm5-ma20|exit=S-or-cond|trail=15%|hold=none,3.0867442283893487,1.0225844497999237,10.300972838029931,0.17453146479374806,0.0992706675261454,36,50.0,1.2282998141431265,0.03003531578315566,-26.97428325254111,1.1842537769805455,0.905,5,10,57.67,0.11168658698539176,9.0579699275531,9.133646971720388,6.603089415345309,1.1292628678228998,1.3832384202603962,13,53.84615384615385,7.899881829928053,6.350679029987116,-20.98894089426674,2.2414877179626176,10.54,6,10,38.68,0.152,19.52994320259489,19.52994320259489,5.356145173417415,2.149970553022442,3.646268458054896,16,62.5,12.005837119629048,8.681872570363625,-19.64966797933626,4.8562168409501965,11.825,7,10,24.41,0.15793650793650793,51.5538650988546,8.706942632740123,10.300972838029931,1.0354630034077439,0.8452544016614776,64,54.6875,7.8320727143687945,2.4948200167937085,-26.97428325254111,2.2798256630461555,40.685,6,10,61.64,0.1508366533864542,0.3697484389727237
all-confirm5-ma20,S-or-cond,0.15,120.0,,all-confirm5-ma20|exit=S-or-cond|trail=15%|hold=120,3.0867442283893487,1.0225844497999237,10.300972838029931,0.17453146479374806,0.0992706675261454,36,50.0,1.2282998141431265,0.03003531578315566,-26.97428325254111,1.1842537769805455,0.905,5,10,57.67,0.11168658698539176,9.0579699275531,9.133646971720388,6.603089415345309,1.1292628678228998,1.3832384202603962,13,53.84615384615385,7.899881829928053,6.350679029987116,-20.98894089426674,2.2414877179626176,10.54,6,10,38.68,0.152,19.52994320259489,19.52994320259489,5.356145173417415,2.149970553022442,3.646268458054896,16,62.5,12.005837119629048,8.681872570363625,-19.64966797933626,4.8562168409501965,11.825,7,10,24.41,0.15793650793650793,52.85837097380015,8.894185137553867,10.300972838029931,1.056530769004178,0.8634315687851951,64,54.6875,7.960760176028753,2.4948200167937085,-26.97428325254111,2.3287970011864636,40.685,7,10,61.64,0.14924302788844623,0.3697484389727237
v4-b+jf,S-confirm3-ma20,0.2,60.0,,v4-b+jf|exit=S-confirm3-ma20|trail=20%|hold=60,4.790612917252202,1.5783409633607137,28.0542322777939,0.1773739762238086,0.05626035129858238,67,40.298507462686565,1.4544585073603742,-3.5342621849555056,-37.841895501244046,1.1658117596643063,10.879999999999999,6,10,82.71,0.2941567065073042,28.26170210219008,28.517353853020943,13.611924605179858,1.358350386274995,2.0950273146656277,21,61.904761904761905,12.097391850645181,12.054858308708539,-22.662610115948347,3.444204486298606,16.465,8,10,43.6,0.314,40.27994428848749,40.27994428848749,7.9170223469040675,2.1670784455107546,5.0877643795257015,21,61.904761904761905,19.036052481554748,12.170201402853142,-29.509529277369484,4.565233637153943,15.559999999999999,8,10,49.0,0.3218253968253968,118.99898650020577,17.046839025575665,28.0542322777939,0.9759268983697929,0.6076387639760491,108,48.148148148148145,9.277538317866222,-0.9999882616948563,-37.841895501244046,2.2101553421389215,56.305,7,10,82.71,0.3189641434262948,0.3557581644562792
all-confirm5-ma20,S-or-cond,0.15,60.0,,all-confirm5-ma20|exit=S-or-cond|trail=15%|hold=60,2.8101334090826713,0.9317859955932262,9.897030773883731,0.1628418288952509,0.09414803458548615,36,50.0,1.0973234816439612,0.03003531578315566,-26.97428325254111,1.1676382661323574,0.895,5,10,57.67,0.10810092961487383,9.61267862986952,9.693192709022558,5.616216124647188,1.255413856142617,1.7259294325379055,13,53.84615384615385,8.366387061208002,6.350679029987116,-20.98894089426674,2.314800272184032,16.09,6,10,38.68,0.1292,19.52994320259489,19.52994320259489,5.356145173417415,2.149970553022442,3.646268458054896,16,62.5,12.005837119629048,8.681872570363625,-19.64966797933626,4.8562168409501965,11.825,7,10,24.41,0.15793650793650793,53.26035280894257,8.951626244812028,9.897030773883731,1.0847629857083236,0.9044759432731648,64,56.25,7.97536337883315,2.4948200167936974,-26.97428325254111,2.3629448485542413,43.165,7,10,61.64,0.1362549800796813,0.35335558325655125
all-confirm5-ma20,S,0.2,60.0,,all-confirm5-ma20|exit=S|trail=20%|hold=60,2.905977606445198,0.963265565218463,10.502369384678744,0.15598584639929655,0.09171888075311,36,50.0,1.3911953009955507,-0.10725424409237516,-26.97428325254111,1.1872305568262156,0.34,5,10,62.36,0.1405046480743692,14.397415607779006,14.520581079894201,5.412183854887309,1.5733934623576926,2.6829430538989967,12,66.66666666666666,12.541872193137113,19.10621284631796,-23.72333142580999,3.324752347601076,10.965,6,10,36.45,0.1728,21.112925845158404,21.112925845158404,8.77886970592574,1.7688777941143332,2.4049708621267234,14,64.28571428571429,14.471270777574613,4.370876460896877,-27.047831583052417,5.2343973051580575,12.075,7,10,34.39,0.20912698412698413,71.32076249837792,11.41618982564272,10.502369384678744,1.1074734174912468,1.0870108836865984,61,59.01639344262295,11.14125479518861,2.8057406081509084,-27.047831583052428,2.7588653206964424,36.485,8,10,65.1,0.17569721115537848,0.3451942414708713
v4-b-only,S-confirm5-ma20,0.15,120.0,,v4-b-only|exit=S-confirm5-ma20|trail=15%|hold=120,3.959917199255547,1.3081473307880787,28.23387179842829,0.1672579789632545,0.046332551912377104,61,37.704918032786885,1.8281924963821528,-8.127948496475689,-26.410284070679257,1.221203649454346,8.280000000000001,6,10,67.41,0.2564409030544489,19.426464266694545,19.596199618580744,14.279555108733222,1.4995043801936134,1.3723256410555762,18,55.55555555555556,11.42747529930035,11.99183979208247,-21.27055138438334,2.6718528130011028,15.415000000000001,8,10,37.14,0.32320000000000004,15.942391424893664,15.942391424893664,9.475492966838006,1.3218779713787436,1.682486756170711,22,45.45454545454545,7.338759530482876,-3.319396657408502,-18.707609055554187,2.391963438759276,12.17,7,10,37.73,0.24920634920634926,58.8828196759422,9.742691774221534,28.23387179842829,0.7949705903765157,0.3450710495456697,100,42.0,5.9148509198291785,-5.926924334542555,-26.410284070679257,1.785081688081836,26.285000000000004,8,10,76.7,0.2844621513944223,0.3275168683203131
all-confirm3-ma20,Scond,0.2,,,all-confirm3-ma20|exit=Scond|trail=20%|hold=none,3.0180472153193527,1.0000495633359252,12.594017402346635,0.16456327785839864,0.0794067160133975,28,42.857142857142854,2.410064331002901,-3.1033285314099435,-26.97428325254111,1.2816004530792997,0.01,5,10,55.32,0.12390438247011952,6.674170384614064,6.729321413824674,5.874689377602604,0.8485263993785191,1.1454769744048723,10,60.0,7.156815942132745,2.8970093159150667,-23.72333142580999,2.1642189885283654,2.0,5,10,36.45,0.1544,8.602341373562282,8.602341373562282,6.292930408260511,0.9606408530293529,1.3669849840179846,12,50.0,9.78194549317802,-1.2818290089348539,-27.047831583052417,2.4980261983693075,1.405,5,10,34.39,0.19325396825396823,30.34164312406309,5.464995403023742,13.24186809253536,0.6474033736713242,0.41270577269263414,48,47.91666666666667,8.069222640045565,-3.959167598292068,-27.047831583052417,1.9457078707295252,4.415,6,10,58.56,0.16350597609561754,0.3205833935328032
all-confirm3-ma20,Scond,0.2,120.0,,all-confirm3-ma20|exit=Scond|trail=20%|hold=120,3.0180472153193527,1.0000495633359252,12.594017402346635,0.16456327785839864,0.0794067160133975,28,42.857142857142854,2.410064331002901,-3.1033285314099435,-26.97428325254111,1.2816004530792997,0.01,5,10,55.32,0.12390438247011952,6.674170384614064,6.729321413824674,5.874689377602604,0.8485263993785191,1.1454769744048723,10,60.0,7.156815942132745,2.8970093159150667,-23.72333142580999,2.1642189885283654,2.0,5,10,36.45,0.1544,8.602341373562282,8.602341373562282,6.292930408260511,0.9606408530293529,1.3669849840179846,12,50.0,9.78194549317802,-1.2818290089348539,-27.047831583052417,2.4980261983693075,1.405,5,10,34.39,0.19325396825396823,35.10552123036788,6.227935558198139,12.594017402346635,0.7294988693838614,0.4945154003866702,49,48.97959183673469,8.625020760133854,-1.834764814401102,-27.047831583052417,2.070887709921902,10.07,7,10,58.56,0.1649402390438247,0.3205833935328032
v4-b-only,S-or-MA60,,60.0,,v4-b-only|exit=S-or-MA60|trail=none|hold=60,3.8615005415269854,1.276041090756297,26.691337851953346,0.16057543107546166,0.04780731103978412,53,54.71698113207547,0.875871860476218,1.3288523274623376,-55.02564835758108,1.1336612642130792,1.04,5,10,81.21,0.21593625498007968,29.3353695226092,29.601803981462062,13.818052917993274,1.6695479863115423,2.1422557980593537,17,52.94117647058824,17.357221064105378,4.006286260086345,-31.43641088894943,6.907170444584627,24.549999999999997,8,10,54.95,0.21800000000000003,42.4137979077734,42.4137979077734,9.763749014874023,2.2408803476358217,4.344007393385525,19,63.1578947368421,24.367417683161463,1.7423192746435667,-33.52561101802986,7.385674414756356,18.740000000000002,8,10,41.62,0.2686507936507937,103.26160380664375,15.307228068114465,26.691337851953346,1.0073087768221014,0.5734904766863996,88,56.81818181818182,11.059767499596921,1.7071362031649384,-55.02564835758108,2.9001564826171298,40.91,6,10,81.21,0.23737051792828687,0.3014521889010018
v4-b-only,S-confirm5-ma20,0.15,,,v4-b-only|exit=S-confirm5-ma20|trail=15%|hold=none,3.3882619634625577,1.121374220971938,28.23387179842829,0.15169727927562676,0.03971733770620727,59,35.59322033898305,1.9004240689212546,-8.676863216425945,-26.410284070679257,1.2224042409612037,8.280000000000001,6,10,67.41,0.2690571049136786,19.426464266694545,19.596199618580744,14.279555108733222,1.4995043801936134,1.3723256410555762,18,55.55555555555556,11.42747529930035,11.99183979208247,-21.27055138438334,2.6718528130011028,15.415000000000001,8,10,37.14,0.32320000000000004,15.942391424893664,15.942391424893664,9.475492966838006,1.3218779713787436,1.682486756170711,22,45.45454545454545,7.338759530482876,-3.319396657408502,-18.707609055554187,2.391963438759276,12.17,7,10,37.73,0.24920634920634926,55.18628836443935,9.225173590088476,28.23387179842829,0.7453451380147977,0.3267413571879298,98,40.816326530612244,5.930750367706183,-6.849651218138725,-26.410284070679257,1.7629209043315655,26.285000000000004,8,10,76.7,0.31123505976095617,0.29628732712854455
all-confirm3-ma20,S-or-MA60,,60.0,,all-confirm3-ma20|exit=S-or-MA60|trail=none|hold=60,2.1774385071803737,0.7234889165703251,10.503880318454083,0.13452031673903306,0.06887825209691699,28,42.857142857142854,0.4868938561454582,-1.4151361953392338,-48.33569116375486,1.0997423273927833,2.11,5,10,63.93,0.08406374501992031,12.132588212398865,12.235359322947525,3.938983976322863,1.7258814823479935,3.1062221619823727,10,60.0,12.51051414451571,1.6819146209495428,-15.22567356832203,6.638970410617424,1.175,5,10,26.23,0.1004,8.098681221108507,8.098681221108507,11.23220879009741,0.8186049079164497,0.7210230305056742,13,46.15384615384615,6.620310174944572,-0.061988349906882956,-35.27920865384615,2.1741360852625577,1.405,5,10,41.8,0.1734126984126984,40.713390499520585,7.098966779541005,11.23220879009732,0.8341468872481798,0.6320187696118759,50,48.0,8.975596712452734,-0.0965581836693874,-48.33569116375486,2.9488340375782918,28.544999999999998,7,10,74.68,0.11171314741035857,0.29492757946374215
v4-b-only,S-confirm3-ma20,0.15,120.0,,v4-b-only|exit=S-confirm3-ma20|trail=15%|hold=120,2.8392224884604467,0.9413422279992645,29.007515356989376,0.13763463782435933,0.03245166697024423,61,37.704918032786885,1.6634625005497388,-8.676863216425945,-26.410284070679257,1.1973387240246256,8.280000000000001,6,10,70.83,0.25670650730411687,19.65706764240711,19.828979986023644,14.114035480559616,1.4802928383177365,1.404912153815659,18,55.55555555555556,11.490250355993261,12.55681530231868,-21.27055138438334,2.6810368761795,15.415000000000001,8,10,37.14,0.3388,15.942391424893664,15.942391424893664,9.475492966838006,1.3218779713787436,1.682486756170711,22,45.45454545454545,7.338759530482876,-3.319396657408502,-18.707609055554187,2.391963438759276,12.17,7,10,37.73,0.24920634920634926,57.17005248216134,9.504112473451665,29.007515356989376,0.7776606577032686,0.32764310753563536,100,42.0,5.814365622371409,-6.694709725619358,-26.410284070679257,1.7615865739658798,26.285000000000004,8,10,79.15,0.2846215139442231,0.26514300803321406
v4-b-only,S,0.15,120.0,,v4-b-only|exit=S|trail=15%|hold=120,2.5995467817391926,0.8625511772255567,27.106946161830315,0.13294889859442655,0.03182030067408064,61,40.98360655737705,1.632172010172104,-8.127948496475701,-26.410284070679246,1.200335960437906,7.180000000000001,5,10,65.93,0.23120849933598936,23.529217700213255,23.73821552544819,12.253181182156936,1.8134185753850525,1.9373104153569316,18,55.55555555555556,14.300879147488413,13.733678580047249,-21.27055138438334,3.0922351092354714,25.035,8,10,37.14,0.3116,16.912996909582656,16.912996909582656,9.475492966838006,1.4031619835699936,1.7849200003392078,22,45.45454545454545,7.772050220877566,-2.499112016865296,-18.707609055554187,2.499953731787858,15.455,7,10,37.73,0.24642857142857139,63.051498286949005,10.314891426288298,27.106946161830315,0.88134264460687,0.3805257650458924,100,44.0,6.372978292042439,-5.346981263381167,-26.410284070679246,1.8563089690965688,46.785,8,10,70.21,0.2667729083665339,0.26418003619351066
all-confirm5-ma20,S-confirm5-ma20,0.15,,,all-confirm5-ma20|exit=S-confirm5-ma20|trail=15%|hold=none,2.227622056025691,0.7400417269320059,11.39629044733198,0.12486288075838552,0.06493707144022985,34,44.11764705882353,0.8392479041989839,-3.450222241419371,-26.97428325254111,1.114719625226183,1.415,5,10,63.92,0.19575033200531206,7.595667651965932,7.658702910065784,9.027682028561335,0.8966055828143188,0.8483576277759405,12,58.333333333333336,6.4127572567314965,10.535885636659549,-20.98894089426674,1.9315114224872427,10.54,6,10,38.68,0.2024,15.866664306803724,15.866664306803724,6.055018878682494,1.5736971790658116,2.6204153322567567,16,56.25,9.667117770016038,7.282181745035299,-19.64966797933626,3.7248719576649933,7.245,6,10,24.41,0.1869047619047619,39.873397254677776,6.970283854173287,11.39629044733198,0.7142521421394263,0.6116274314336312,61,50.81967213114754,6.034287427462273,2.0498805949297205,-26.97428325254111,1.9366221536937411,16.525,7,10,66.9,0.2243027888446215,0.25997290014717656
all-confirm5-ma20,S,0.15,60.0,,all-confirm5-ma20|exit=S|trail=15%|hold=60,1.785662845485425,0.5940772125052618,9.897030773883731,0.11498371988095618,0.06002580229142177,36,47.22222222222222,0.7305067615194626,-1.900085816134628,-26.9742832525411,1.109916232582828,0.665,6,10,63.43,0.12629482071713147,10.79961206138973,10.890552099117844,5.890411613273594,1.3573753023757338,1.8488609649242194,13,53.84615384615385,9.281955124615267,11.776111500711895,-20.98894089426674,2.458684260596716,16.759999999999998,6,10,38.68,0.14279999999999998,18.612607141668704,18.612607141668704,6.055018878682583,1.8266046376290417,3.073913973612305,16,62.5,11.383792613848984,7.2957802264332905,-19.64966797933626,4.287215349775804,12.075,7,10,24.41,0.18452380952380953,46.84709709556134,8.020462791442906,9.897030773883731,0.9106542285631256,0.810390810606277,64,54.6875,6.620518868654882,2.4948200167936974,-26.9742832525411,2.1042705613778514,32.035,7,10,66.09,0.15386454183266932,0.24968806225616116
all-confirm3-ma20,S-or-cond,,60.0,,all-confirm3-ma20|exit=S-or-cond|trail=none|hold=60,2.2980338685802515,0.7632576240959033,15.599553282068811,0.12694918036671396,0.04892817187100117,25,56.00000000000001,1.595432783919061,2.4236434185116007,-48.33569116375486,1.1923097005720233,0.01,5,10,63.93,0.13306772908366535,10.574008337521889,10.662958752224272,9.049872490177169,1.0478991094590575,1.1782440872838778,10,70.0,11.573649967403417,15.624940123539687,-36.71846697349773,2.6003730989212817,3.115,5,10,51.56,0.1752,10.99307230585529,10.99307230585529,6.908608059846322,1.2691494057321537,1.591213774269288,12,58.333333333333336,10.162359825741033,4.12635665807154,-35.27920865384615,3.3850034237546227,6.45,6,10,41.8,0.1595238095238095,42.147155265269774,7.317201297319165,15.599553282068811,0.7547852930670726,0.469064797241986,46,63.04347826086957,9.55627430016851,7.896897716230422,-48.33569116375486,2.287072023823167,33.785,7,10,75.21,0.16223107569721112,0.24425694167152912
v4-b-only,S-confirm3-ma20,0.15,,,v4-b-only|exit=S-confirm3-ma20|trail=15%|hold=none,2.2737297335196027,0.7552453651735513,29.007515356989376,0.12260204193721831,0.02603619634011758,59,35.59322033898305,1.730110005433504,-9.117936138798644,-26.410284070679257,1.1985158534113076,8.280000000000001,6,10,70.83,0.2693227091633466,19.65706764240711,19.828979986023644,14.114035480559616,1.4802928383177365,1.404912153815659,18,55.55555555555556,11.490250355993261,12.55681530231868,-21.27055138438334,2.6810368761795,15.415000000000001,8,10,37.14,0.3388,15.942391424893664,15.942391424893664,9.475492966838006,1.3218779713787436,1.682486756170711,22,45.45454545454545,7.338759530482876,-3.319396657408502,-18.707609055554187,2.391963438759276,12.17,7,10,37.73,0.24920634920634926,53.794931499069264,9.027828507068602,29.007515356989376,0.7276962803713352,0.3112237775612637,98,40.816326530612244,5.849981227483034,-6.980534465715682,-26.410284070679257,1.742734210960372,26.285000000000004,8,10,79.15,0.3145019920318725,0.233958467191337
v4-b-only,S,0.15,,,v4-b-only|exit=S|trail=15%|hold=none,2.041056588278778,0.6784766324227087,27.106946161830315,0.11628728430900587,0.025029622605665613,59,38.983050847457626,1.6977588204667973,-8.676863216425945,-26.410284070679246,1.20155387798504,7.180000000000001,5,10,65.93,0.24382470119521912,23.529217700213255,23.73821552544819,12.253181182156936,1.8134185753850525,1.9373104153569316,18,55.55555555555556,14.300879147488413,13.733678580047249,-21.27055138438334,3.0922351092354714,25.035,8,10,37.14,0.3116,16.912996909582656,16.912996909582656,9.475492966838006,1.4031619835699936,1.7849200003392078,22,45.45454545454545,7.772050220877566,-2.499112016865296,-18.707609055554187,2.499953731787858,15.455,7,10,37.73,0.24642857142857139,59.75851723844807,9.863878546637217,27.106946161830315,0.8318928763318951,0.36388748801687915,98,42.857142857142854,6.4653353049251185,-6.849651218138714,-26.410284070679246,1.8418191545355391,46.785,8,10,70.21,0.29322709163346616,0.2288639290329785
v4-b+jf,Scond,0.2,60.0,,v4-b+jf|exit=Scond|trail=20%|hold=60,1.6416284059979303,0.5464163089934804,28.00405319408078,0.11401041195314508,0.01951204367476978,67,40.298507462686565,1.0229006371906928,-3.5342621849555056,-37.841895501244046,1.115904405152121,8.88,6,10,82.61,0.27224435590969454,27.73168389874272,27.982039478632935,13.611924605179858,1.3477809648378076,2.0557004457683155,21,61.904761904761905,12.127781687429778,6.282632186290504,-22.662610115948347,3.4503445680884526,14.125,7,10,43.6,0.2868,39.45703386708232,39.45703386708232,6.054047398556817,2.396047293876434,6.517463651917925,22,59.09090909090909,18.649213561577138,9.947524373858519,-29.509529277369484,4.527057557178797,19.835,8,10,49.0,0.2785714285714286,99.13812462305923,14.833672073338677,28.00405319408078,0.9043957244425972,0.5296973252598332,109,47.706422018348626,8.233844941450089,-1.0295884556564605,-37.841895501244046,2.0738559377267958,49.225,7,10,82.61,0.2915537848605577,0.21363465720567684
v4-b+jf,S-confirm5-ma20,,60.0,,v4-b+jf|exit=S-confirm5-ma20|trail=none|hold=60,0.8904010096596693,0.2971044928130828,34.63904173760138,0.11354382533106402,0.008577156812354016,49,42.857142857142854,3.774759612479788,-1.6222256505327715,-53.537060713923026,1.3434530544418974,7.749999999999999,5,10,91.87,0.33306772908366533,42.352860072097684,42.75559113760088,15.91038353839953,1.5625991739407723,2.687275956259052,16,87.5,23.098895449733178,19.09165910571513,-30.471372763347638,10.151895090064828,19.09,10,10,54.89,0.34880000000000005,45.0993958234652,45.0993958234652,9.127958327743524,2.1830350643453653,4.940797734186632,18,66.66666666666666,26.760204041716822,11.764244712285931,-33.52561101802986,7.326465537565576,24.475,8,10,47.64,0.33928571428571425,134.9379055271987,18.70969760640029,34.63904173760138,0.9150653212282762,0.5401332331341756,82,56.09756097560976,15.486111962562951,4.066171790714124,-53.537060713923026,2.783093404264769,58.92,7,10,91.87,0.3612749003984064,0.1956220881201459
v4-b+jf,S-confirm3-ma20,,60.0,,v4-b+jf|exit=S-confirm3-ma20|trail=none|hold=60,0.6798041898344209,0.2269916231038449,34.7754750336637,0.11038579895179233,0.006527347876171647,49,42.857142857142854,3.7439972988519843,-1.6222256505327715,-53.537060713923026,1.3397032752221814,7.749999999999999,5,10,91.87,0.33386454183266934,35.418247275327985,35.747114220461775,20.868365228975406,1.2876495231140372,1.7129810518567814,15,86.66666666666667,20.28549162934779,16.003109639197643,-30.471372763347638,8.534885095189845,16.765,10,10,57.28,0.34080000000000005,45.30088613534073,45.30088613534073,9.127958327743524,2.190259758376254,4.96287170786628,18,66.66666666666666,26.84356450274491,12.421644680039057,-33.52561101802986,7.34617305112069,24.475,8,10,47.64,0.34047619047619043,122.99054964525764,17.47212114350427,34.7754750336637,0.8514231952799127,0.5024265269299911,81,55.55555555555556,14.805621332833766,3.708865299311759,-53.537060713923026,2.6803945296199334,58.92,7,10,91.87,0.360796812749004,0.18400644428091617
all-confirm5-ma20,S-confirm3-ma20,0.15,,,all-confirm5-ma20|exit=S-confirm3-ma20|trail=15%|hold=none,1.1261154952209473,0.37546426125703025,11.726643767934931,0.08692150821431685,0.03201804955341879,34,44.11764705882353,0.5484777481534662,-3.450222241419371,-26.97428325254111,1.072107271327481,1.415,5,10,63.92,0.19601593625498007,7.816937297637461,7.8818752160143335,8.840598170979197,0.8909585750683873,0.8915545151557687,12,58.333333333333336,6.506980128824116,10.535885636659549,-20.98894089426674,1.945198153186693,10.54,6,10,38.68,0.21800000000000003,15.866664306803724,15.866664306803724,6.055018878682494,1.5736971790658116,2.6204153322567567,16,56.25,9.667117770016038,7.282181745035299,-19.64966797933626,3.7248719576649933,7.245,6,10,24.41,0.1869047619047619,38.63744653135761,6.7798145824158995,11.726643767934931,0.6922088555018167,0.5781547317873228,61,50.81967213114754,5.906315191621556,2.0498805949297205,-26.97428325254111,1.8942628691099428,16.525,7,10,70.38,0.2275697211155378,0.17355655196065556
v4-b-only,S,0.15,60.0,,v4-b-only|exit=S|trail=15%|hold=60,0.9417140914796063,0.31417312595087843,27.021976700973795,0.08299507940160714,0.011626578226586826,63,41.269841269841265,1.234764510837962,-7.107689473078271,-26.410284070679246,1.156726509522693,7.180000000000001,5,10,65.93,0.20371845949535192,21.657526843960074,21.84847423128207,11.324043296580088,1.7823171777276434,1.9293880868400073,19,57.89473684210527,12.510243864867721,16.003109639197643,-21.27055138438334,2.9319443861356533,20.509999999999998,8,10,37.14,0.23159999999999997,16.912996909582656,16.912996909582656,9.475492966838006,1.4031619835699936,1.7849200003392078,22,45.45454545454545,7.772050220877566,-2.499112016865296,-18.707609055554187,2.499953731787858,15.455,7,10,37.73,0.24642857142857139,55.444332500752644,9.261618075990752,27.021976700973795,0.8183260073361259,0.3427439146469618,103,44.66019417475729,5.586668682344477,-3.9031500397009533,-26.410284070679246,1.7643976967242037,46.785,8,10,70.21,0.2303585657370518,0.15545693657355242
v4-b-only,S-or-MA60,,120.0,,v4-b-only|exit=S-or-MA60|trail=none|hold=120,0.32258683758048523,0.10784170089999101,30.683293944791757,0.0820345801283781,0.0035146715699438873,51,54.90196078431373,0.8281362283860373,1.3288523274623598,-71.82800585457328,1.1217600863716979,1.04,5,10,81.21,0.2455511288180611,31.966030719177674,32.25918780288932,13.818052917993274,1.7726899792697761,2.334568263295822,17,52.94117647058824,19.100993714924368,4.006286260086345,-31.43641088894943,7.500627324977472,35.3,8,10,54.95,0.26880000000000004,43.670966227780106,43.670966227780106,9.763749014874023,2.099361102880454,4.472766164026961,18,66.66666666666666,23.491547971040173,2.1385952682844045,-9.796768955652368,11.848525833644585,18.740000000000002,8,10,48.36,0.2845238095238095,111.24373918166684,16.202523952180847,30.683293944791757,0.9959713873084256,0.5280568631690568,84,58.333333333333336,12.851693175084018,1.7577871087057773,-71.82800585457328,3.2582841809724243,40.91,6,10,81.21,0.2748207171314741,0.11918353618944076
v4-b-only,S-confirm5-ma20,0.15,60.0,,v4-b-only|exit=S-confirm5-ma20|trail=15%|hold=60,-0.03347413508266728,-0.011203747111998563,28.151649820842582,0.05753222392435619,-0.0003979783488107921,63,38.095238095238095,0.9314511068174953,-7.107689473078271,-26.410284070679257,1.1165434499618219,10.584999999999999,6,10,67.41,0.2192563081009296,18.849960323463975,19.01426898508818,13.370473580608477,1.5555662640725234,1.4221088632690644,19,57.89473684210527,10.579952980839298,12.916331614434595,-21.27055138438334,2.6338515050304165,20.065,8,10,37.14,0.23840000000000003,15.942391424893664,15.942391424893664,9.475492966838006,1.3218779713787436,1.682486756170711,22,45.45454545454545,7.338759530482876,-3.319396657408502,-18.707609055554187,2.391963438759276,12.17,7,10,37.73,0.24920634920634926,49.5996195346722,8.424014811748414,28.151649820842582,0.7235670802335112,0.2992369848786462,103,42.71844660194174,4.986348402125224,-4.261696290757689,-26.410284070679257,1.6740499260513224,31.61,8,10,74.3,0.24127490039840635,0.10319323521151069
all-confirm5-ma20,Scond,0.15,,,all-confirm5-ma20|exit=Scond|trail=15%|hold=none,0.3310053925133838,0.11065295672010311,12.500342435596668,0.054915721273248154,0.008851994038579425,36,50.0,0.23603912502029806,-0.24629211150051789,-26.97428325254112,1.0333219853741968,2.09,5,10,60.81,0.12443559096945551,8.388828528347613,8.458700997980939,7.176140055033531,1.0393664930657491,1.1787257401766826,13,53.84615384615385,7.19022849063767,6.350679029987116,-20.98894089426674,2.129963783338371,10.54,6,10,38.68,0.154,18.52267593133856,18.52267593133856,5.356145173417415,2.028007763754116,3.4582102111919464,16,62.5,11.390892319562745,8.31742747345764,-19.64966797933626,4.532106341246817,8.185,7,10,24.41,0.1658730158730159,45.36003886959414,7.799921440506186,12.500342435596668,0.8812575760958573,0.6239766214959598,64,54.6875,6.976041542177269,2.4278106015403256,-26.97428325254112,2.0930409448365803,34.07,6,10,70.38,0.16047808764940238,0.10186479663128088
all-confirm5-ma20,Scond,0.15,120.0,,all-confirm5-ma20|exit=Scond|trail=15%|hold=120,0.3310053925133838,0.11065295672010311,12.500342435596668,0.054915721273248154,0.008851994038579425,36,50.0,0.23603912502029806,-0.24629211150051789,-26.97428325254112,1.0333219853741968,2.09,5,10,60.81,0.12443559096945551,8.388828528347613,8.458700997980939,7.176140055033531,1.0393664930657491,1.1787257401766826,13,53.84615384615385,7.19022849063767,6.350679029987116,-20.98894089426674,2.129963783338371,10.54,6,10,38.68,0.154,18.52267593133856,18.52267593133856,5.356145173417415,2.028007763754116,3.4582102111919464,16,62.5,11.390892319562745,8.31742747345764,-19.64966797933626,4.532106341246817,8.185,7,10,24.41,0.1658730158730159,46.613315799239686,7.985909954913217,12.500342435596668,0.9011671838415108,0.6388552950495259,64,54.6875,7.104729003837225,2.4278106015403256,-26.97428325254112,2.136112214131233,34.07,7,10,70.38,0.15888446215139443,0.10186479663128088
all-confirm5-ma20,S-confirm5-ma20,0.15,60.0,,all-confirm5-ma20|exit=S-confirm5-ma20|trail=15%|hold=60,-0.1485181843723149,-0.04972787415649105,11.637765110998522,0.038600599288175795,-0.004272974551573879,36,47.22222222222222,-0.12794513731463467,-2.5892049775295076,-26.97428325254111,0.9811530880904206,1.315,6,10,63.92,0.13917662682602921,8.241670099790777,8.310270484378158,8.063044356697269,1.0275957792900956,1.030661635573856,13,53.84615384615385,6.547559559998451,11.776111500711895,-20.98894089426674,2.028966629041441,12.855,6,10,38.68,0.1496,15.866664306803724,15.866664306803724,6.055018878682494,1.5736971790658116,2.6204153322567567,16,56.25,9.667117770016038,7.282181745035299,-19.64966797933626,3.7248719576649933,7.245,6,10,24.41,0.1869047619047619,37.89546269787169,6.664816480940661,11.637765110998522,0.7237006105046057,0.5726886921477674,64,53.125,5.207514177734241,2.85246337094035,-26.97428325254111,1.8541427932868912,21.134999999999998,7,10,66.9,0.16310756972111554,0.06108087622086107
all-confirm5-ma20,Scond,0.15,60.0,,all-confirm5-ma20|exit=Scond|trail=15%|hold=60,-0.08155157500038257,-0.02729956819491619,12.625687496663772,0.03824673142414009,-0.0021622242909251368,36,47.22222222222222,0.06497366295712396,-0.967896443652666,-26.97428325254112,1.0093294318733586,0.895,5,10,60.81,0.1207171314741036,8.939986759679709,9.014637928342362,6.195448425913142,1.1576666910067863,1.4550420419347938,13,53.84615384615385,7.656733721917616,6.350679029987116,-20.98894089426674,2.2032763375597857,16.09,6,10,38.68,0.1312,19.27974142608231,19.27974142608231,5.356145173417415,2.112237145519916,3.5995554268707646,16,62.5,11.865586946808197,8.681872570363625,-19.64966797933626,4.679300420166333,11.615,7,10,24.41,0.16031746031746033,47.725708977166505,8.149929671439482,12.625687496663772,0.9350402938366235,0.6455038328481542,64,54.6875,7.215455728073235,2.4278106015403256,-26.97428325254112,2.179975028112576,40.724999999999994,7,10,70.38,0.1447011952191235,0.058414637536506386
all-confirm3-ma20,S,,60.0,,all-confirm3-ma20|exit=S|trail=none|hold=60,-0.2737957475272501,-0.09171244154415614,15.599553282068811,0.04083441045790252,-0.005879171017645528,25,52.0,0.26147689548928055,2.4236434185116007,-48.33569116375486,1.0294175164918784,0.36,5,10,65.74,0.1548472775564409,11.774978020384497,11.874562480029693,9.049872490177158,1.1397005178351882,1.3121248385453483,10,70.0,12.763888449832866,19.10621284631796,-36.71846697349773,2.764956065742105,8.175,5,10,51.56,0.18880000000000002,16.558682562912352,16.558682562912352,8.72134314482974,1.3886790217203226,1.8986390384981937,12,58.333333333333336,13.10940116047646,4.1263566580715505,-35.27920865384615,4.435643050140236,7.404999999999999,7,10,47.64,0.21587301587301586,43.24356605467392,7.482902936534108,15.599553282068811,0.7070536322194583,0.47968700136660103,46,60.86956521739131,8.525516702330755,6.379452024520916,-48.33569116375486,2.117283304042098,32.31,7,10,75.21,0.18812749003984058,0.05458771454460637
v4-b-only,S-confirm3-ma20,0.15,60.0,,v4-b-only|exit=S-confirm3-ma20|trail=15%|hold=60,-1.111119825956397,-0.3732318924645539,28.926179737702718,0.026614919496452543,-0.012902909953853296,63,38.095238095238095,0.7719506346623007,-8.127948496475689,-26.410284070679257,1.0946968602534268,10.584999999999999,6,10,70.83,0.2195219123505976,18.771519325798703,18.935091357217114,13.427649085430804,1.5452593570375501,1.410156851489511,19,57.89473684210527,10.534612280537928,12.054858308708539,-21.27055138438334,2.6268495862543415,20.065,8,10,37.14,0.2404,15.942391424893664,15.942391424893664,9.475492966838006,1.3218779713787436,1.682486756170711,22,45.45454545454545,7.338759530482876,-3.319396657408502,-18.707609055554187,2.391963438759276,12.17,7,10,37.73,0.24920634920634926,47.98692584592954,8.188302298940187,28.926179737702718,0.7055603893424116,0.2830758286503855,103,42.71844660194174,4.888789860904086,-5.191238345268578,-26.410284070679257,1.6522601299458146,31.61,8,10,77.0,0.24143426294820713,0.0374923523259063
v4-b-only,S-or-cond,0.15,,,v4-b-only|exit=S-or-cond|trail=15%|hold=none,-0.9076394210017491,-0.3046736470950995,27.106946161830315,0.021473458465911973,-0.011239689092093852,62,41.935483870967744,0.6371120326057645,-7.617818984776986,-26.410284070679246,1.0794823407003105,7.83,6,10,64.45,0.1798140770252324,19.536672526159936,19.70744784165226,11.995644063043498,1.592785197925835,1.6428836782818101,19,57.89473684210527,11.290723968191822,6.282632186290504,-21.27055138438334,2.7436151542187472,15.505,8,10,37.14,0.24240000000000003,18.159645077970985,18.159645077970985,8.810417729376196,1.6191038477411945,2.0611559673750843,22,50.0,8.434632711385689,0.14747495781866626,-18.707609055554187,2.6875059107737385,15.19,8,10,37.73,0.22460317460317464,55.99188565197824,9.338791075527286,27.106946161830315,0.8562219511347788,0.3445165316584933,102,45.09803921568628,5.935398229675973,-6.694709725619353,-26.410284070679246,1.7942899350773724,52.685,8,10,70.21,0.22342629482071716,0.022470959259446595
v4-b-only,S-or-cond,0.15,120.0,,v4-b-only|exit=S-or-cond|trail=15%|hold=120,-0.9076394210017491,-0.3046736470950995,27.106946161830315,0.021473458465911973,-0.011239689092093852,62,41.935483870967744,0.6371120326057645,-7.617818984776986,-26.410284070679246,1.0794823407003105,7.83,6,10,64.45,0.1798140770252324,19.536672526159936,19.70744784165226,11.995644063043498,1.592785197925835,1.6428836782818101,19,57.89473684210527,11.290723968191822,6.282632186290504,-21.27055138438334,2.7436151542187472,15.505,8,10,37.14,0.24240000000000003,18.159645077970985,18.159645077970985,8.810417729376196,1.6191038477411945,2.0611559673750843,22,50.0,8.434632711385689,0.14747495781866626,-18.707609055554187,2.6875059107737385,15.19,8,10,37.73,0.22460317460317464,57.35217416380662,9.529579491454122,27.106946161830315,0.872831131155908,0.3515548905642813,102,45.09803921568628,6.017956410391333,-5.282880181758742,-26.410284070679246,1.8143349683572474,52.685,8,10,70.21,0.22167330677290842,0.022470959259446595
all-confirm3-ma20,Scond,0.15,,,all-confirm3-ma20|exit=Scond|trail=15%|hold=none,-0.359174673593865,-0.12034579474335949,10.695799499128633,0.015324339050120882,-0.011251687613736948,29,51.724137931034484,-0.05201911136769829,1.394382549335571,-26.97428325254111,0.9924967763357083,0.01,5,10,54.21,0.09694555112881807,5.028903285200248,5.070137654967488,5.575509123119005,0.7771137953541909,0.9093586868944435,10,50.0,6.187185665757268,3.119790848197562,-20.98894089426674,1.8810761827324027,3.115,5,10,35.34,0.11639999999999999,12.323880158652823,12.323880158652823,4.821111327367522,1.5697539495781683,2.556232229837772,13,61.53846153846154,9.850041077270335,5.446972707992148,-19.64966797933626,3.503863511092421,2.7350000000000003,6,10,24.41,0.1488095238095238,32.573614096361744,5.8251748055619945,10.695799499128633,0.7830010044567477,0.5446226629469411,51,54.90196078431373,6.875604689014598,2.8057406081509306,-26.97428325254111,2.0266579948005625,13.08,7,10,61.14,0.13306772908366532,0.009260588591358341
all-confirm3-ma20,Scond,0.15,120.0,,all-confirm3-ma20|exit=Scond|trail=15%|hold=120,-0.359174673593865,-0.12034579474335949,10.695799499128633,0.015324339050120882,-0.011251687613736948,29,51.724137931034484,-0.05201911136769829,1.394382549335571,-26.97428325254111,0.9924967763357083,0.01,5,10,54.21,0.09694555112881807,5.028903285200248,5.070137654967488,5.575509123119005,0.7771137953541909,0.9093586868944435,10,50.0,6.187185665757268,3.119790848197562,-20.98894089426674,1.8810761827324027,3.115,5,10,35.34,0.11639999999999999,12.323880158652823,12.323880158652823,4.821111327367522,1.5697539495781683,2.556232229837772,13,61.53846153846154,9.850041077270335,5.446972707992148,-19.64966797933626,3.503863511092421,2.7350000000000003,6,10,24.41,0.1488095238095238,33.71664799562919,6.007756265603437,10.695799499128633,0.8065629086671684,0.5616930521269473,51,54.90196078431373,7.037094836980037,2.8057406081509306,-26.97428325254111,2.0767354325262897,18.04,7,10,61.14,0.13147410358565736,0.009260588591358341
all-confirm3-ma20,S-or-cond,0.15,,,all-confirm3-ma20|exit=S-or-cond|trail=15%|hold=none,-0.35231376270502546,-0.1180442622573663,8.299216980567403,0.008979843818927748,-0.01422354211653541,29,48.275862068965516,0.1634324049991707,-1.8869667723366068,-26.97428325254111,1.023351242028416,0.01,5,10,54.21,0.08751660026560426,5.677302093965708,5.723996365406769,4.99257694456805,0.8862175935664643,1.1465013817432512,10,50.0,7.109735006834766,3.119790848197562,-20.98894089426674,2.012450331776849,3.115,5,10,35.34,0.11439999999999999,13.278466843228465,13.278466843228465,4.821111327367522,1.7040150746634337,2.754233607477993,13,61.53846153846154,10.606896215813478,5.446972707992148,-19.64966797933626,3.7937874813345425,6.45,6,10,24.41,0.14087301587301587,34.53687186536871,6.1380067811210415,10.011212046433759,0.8716996149449996,0.6131132526862769,51,52.94117647058824,7.371932222082737,2.8057406081509306,-26.97428325254111,2.1003572476424313,12.73,8,10,58.48,0.12541832669322708,-0.0006039813358062144
all-confirm3-ma20,S-or-cond,0.15,120.0,,all-confirm3-ma20|exit=S-or-cond|trail=15%|hold=120,-0.35231376270502546,-0.1180442622573663,8.299216980567403,0.008979843818927748,-0.01422354211653541,29,48.275862068965516,0.1634324049991707,-1.8869667723366068,-26.97428325254111,1.023351242028416,0.01,5,10,54.21,0.08751660026560426,5.677302093965708,5.723996365406769,4.99257694456805,0.8862175935664643,1.1465013817432512,10,50.0,7.109735006834766,3.119790848197562,-20.98894089426674,2.012450331776849,3.115,5,10,35.34,0.11439999999999999,13.278466843228465,13.278466843228465,4.821111327367522,1.7040150746634337,2.754233607477993,13,61.53846153846154,10.606896215813478,5.446972707992148,-19.64966797933626,3.7937874813345425,6.45,6,10,24.41,0.14087301587301587,35.69490329947753,6.320824416906978,9.236630002695845,0.8965206696969545,0.6843214911782927,51,52.94117647058824,7.533422370048173,2.8057406081509306,-26.97428325254111,2.152235850116762,17.78,8,10,58.48,0.12382470119521911,-0.0006039813358062144
v4-b-only,S-or-cond,0.15,60.0,,v4-b-only|exit=S-or-cond|trail=15%|hold=60,-1.4394965034957075,-0.4840694202408624,27.021976700973795,0.004365952487903694,-0.017913915980225754,63,41.269841269841265,0.5033506255790111,-7.107689473078271,-26.410284070679246,1.0638894185252583,5.41,5,10,64.45,0.18300132802124836,18.5365749656369,18.69794316616169,11.065614511653266,1.5774698898158634,1.689733827838551,19,57.89473684210527,10.763873361706192,6.282632186290504,-21.27055138438334,2.662254144591231,17.97,8,10,37.14,0.21080000000000002,18.159645077970985,18.159645077970985,8.810417729376196,1.6191038477411945,2.0611559673750843,22,50.0,8.434632711385689,0.14747495781866626,-18.707609055554187,2.6875059107737385,15.19,8,10,37.73,0.22460317460317464,54.910540428724474,9.18617516484439,27.021976700973795,0.8539906989086661,0.33995200523259084,103,45.63106796116505,5.7532877413248285,-3.5342621849555056,-26.410284070679246,1.7914337294280593,52.685,8,10,70.21,0.21075697211155378,-0.01941011782812306
v4-b+jf,S,,60.0,,v4-b+jf|exit=S|trail=none|hold=60,-4.289838402598578,-1.4566334504207523,32.70201369913393,0.0181038074907151,-0.04454262247646632,49,44.89795918367347,0.16005900818333194,-1.2063920029851904,-53.53706071392303,1.014833967687047,3.62,5,10,91.09,0.31938911022576366,44.710098209430924,45.13856637553,15.910383538399575,1.637680279857805,2.8370508018608382,16,87.5,24.79784487156956,19.09165910571513,-30.471372763347638,10.825027141153985,19.09,10,10,54.89,0.3364000000000001,48.552521610391786,48.552521610391786,8.867430529944887,2.3507990547199653,5.4753765982639795,18,66.66666666666666,28.574097225967996,14.304891462378478,-33.52561101802986,7.755293834281879,26.42,8,10,47.64,0.32857142857142857,133.0764528054434,18.520235948616293,32.70201369913393,0.9249577894300764,0.5663331964510424,82,57.3170731707317,14.219736882481218,6.368174246964653,-53.53706071392303,2.6601929336695864,54.15,7,10,91.09,0.3483665338645418,-0.01948508125347886
all-confirm5-ma20,S-confirm3-ma20,0.15,60.0,,all-confirm5-ma20|exit=S-confirm3-ma20|trail=15%|hold=60,-1.2244217426657933,-0.4114471694882105,11.637765110998421,-0.0022390230799656614,-0.03535448306130246,36,47.22222222222222,-0.402561395802068,-2.5892049775295076,-26.97428325254111,0.9430063608593081,1.315,6,10,63.92,0.1394422310756972,8.217051682675635,8.285439415270467,8.083954439849506,1.0184945170148123,1.0249240612277268,13,53.84615384615385,6.51876843009528,11.776111500711895,-20.98894089426674,2.0244420253915942,12.855,6,10,38.68,0.152,15.866664306803724,15.866664306803724,6.055018878682494,1.5736971790658116,2.6204153322567567,16,56.25,9.667117770016038,7.282181745035299,-19.64966797933626,3.7248719576649933,7.245,6,10,24.41,0.1869047619047619,36.40963378185125,6.433037048130985,11.637765110998421,0.7006752336997141,0.5527725458259473,64,53.125,5.05304253233506,2.85246337094035,-26.97428325254111,1.808325914659985,21.134999999999998,7,10,70.38,0.16326693227091632,-0.02890125303090805
all-confirm3-ma20,Scond,0.15,60.0,,all-confirm3-ma20|exit=Scond|trail=15%|hold=60,-1.2139770521451987,-0.40792308992517734,10.823855829673,-0.028144526471493708,-0.03768740976823423,29,48.275862068965516,-0.4140449544906512,-0.04882611496872524,-26.97428325254111,0.9402927588520175,0.01,5,10,54.21,0.09428950863213811,6.0963170254142,6.1465567352106065,4.5964388001961005,0.9939004407817826,1.3372432446937772,10,50.0,7.431408895113018,3.119790848197562,-20.98894089426674,2.0582577823496453,3.115,5,10,35.34,0.0968,13.041350745910862,13.041350745910862,4.821111327367522,1.6631251771902666,2.705050736306446,13,61.53846153846154,10.434280618495508,5.446972707992148,-19.64966797933626,3.6523761982513316,6.24,6,10,24.41,0.14325396825396824,34.79989139796593,6.179639560352879,10.823855829673,0.8464157246396898,0.5709277412409485,51,54.90196078431373,7.215992519759082,2.8057406081509306,-26.97428325254111,2.119325693953682,19.3,7,10,61.14,0.11856573705179282,-0.060425241848109844
all-confirm3-ma20,S-or-cond,0.15,60.0,,all-confirm3-ma20|exit=S-or-cond|trail=15%|hold=60,-1.0653091817248828,-0.35778882282963,8.299216980567403,-0.03251981149703601,-0.04311115418085726,29,48.275862068965516,-0.14882762211328865,-1.8869667723366068,-26.97428325254111,0.9787354911377665,0.01,5,10,54.21,0.08499335989375831,6.751449562537837,6.807259324277326,4.441151133749788,1.1179900983439166,1.532769122074386,10,50.0,8.353958236190516,3.119790848197562,-20.98894089426674,2.1896319313940915,3.115,5,10,35.34,0.0948,13.278466843228465,13.278466843228465,4.821111327367522,1.7040150746634337,2.754233607477993,13,61.53846153846154,10.606896215813478,5.446972707992148,-19.64966797933626,3.7937874813345425,6.45,6,10,24.41,0.14087301587301587,36.12131583922697,6.387827828043302,8.299216980567403,0.9276781456583979,0.7696904229640442,51,54.90196078431373,7.591694457305201,2.8057406081509306,-26.97428325254111,2.1773206588107428,19.065,8,10,58.48,0.11211155378486055,-0.06305773069730408
all-confirm5-ma20,S,,60.0,,all-confirm5-ma20|exit=S|trail=none|hold=60,-2.6137507995728226,-0.8824395288133835,19.164199550296313,-0.023519442704860494,-0.04604625027502072,30,46.666666666666664,-0.6458405346896304,-1.0090473948842549,-48.335691163754866,0.9299579449192883,0.36,5,10,68.9,0.1841965471447543,23.269772654896983,23.476254658025898,9.339450913637803,1.736601468909145,2.5136654044345392,12,75.0,19.82426000350835,21.955717051211387,-35.488884279708834,4.496062997893343,21.955,6,10,46.17,0.23600000000000004,13.329369489819886,13.329369489819886,12.029405382964208,1.0778663609732944,1.1080655332055447,13,53.84615384615385,9.979915973830163,2.8057406081509306,-35.27920865384615,2.7684667132148686,7.404999999999999,7,10,47.64,0.23968253968253966,49.99884542903794,8.48205220260969,19.164199550296313,0.7231852013666608,0.44259882497824143,54,57.407407407407405,8.313702947354447,4.690571770570784,-48.335691163754866,2.047168063727889,26.61,6,10,78.63,0.21992031872509962,-0.0711193797255105
v4-b-only,Scond,0.15,,,v4-b-only|exit=Scond|trail=15%|hold=none,-4.318776986198136,-1.466605762690365,29.007515356989376,-0.07817698009098041,-0.05055950999736299,62,38.70967741935484,-0.08804771023759263,-8.402405856450818,-26.410284070679257,0.9893835523772643,7.83,7,10,70.83,0.19296148738379815,18.804340898422133,18.968221102494255,12.534795537393052,1.5319267152480143,1.5132453533772763,19,57.89473684210527,10.811343948499653,6.282632186290504,-21.27055138438334,2.6695849795975524,15.505,8,10,37.14,0.24440000000000003,16.58459547925211,16.58459547925211,8.810417729376196,1.474674398633637,1.8823846937421371,22,50.0,7.7472050892072835,-1.2729146598319474,-18.707609055554187,2.479718889322646,14.405,8,10,37.73,0.2373015873015873,47.70169319644033,8.146399043952336,29.007515356989376,0.7302640365100861,0.28083753274612866,102,43.13725490196079,5.257049875574362,-6.971288534619957,-26.410284070679257,1.6833907721458607,43.019999999999996,8,10,77.0,0.23426294820717133,-0.1195652546262003
v4-b-only,Scond,0.15,120.0,,v4-b-only|exit=Scond|trail=15%|hold=120,-4.318776986198136,-1.466605762690365,29.007515356989376,-0.07817698009098041,-0.05055950999736299,62,38.70967741935484,-0.08804771023759263,-8.402405856450818,-26.410284070679257,0.9893835523772643,7.83,7,10,70.83,0.19296148738379815,18.804340898422133,18.968221102494255,12.534795537393052,1.5319267152480143,1.5132453533772763,19,57.89473684210527,10.811343948499653,6.282632186290504,-21.27055138438334,2.6695849795975524,15.505,8,10,37.14,0.24440000000000003,16.58459547925211,16.58459547925211,8.810417729376196,1.474674398633637,1.8823846937421371,22,50.0,7.7472050892072835,-1.2729146598319474,-18.707609055554187,2.479718889322646,14.405,8,10,37.73,0.2373015873015873,48.99182189123032,8.335418212174428,29.007515356989376,0.7461199435708447,0.2873537464202705,102,43.13725490196079,5.339608056289722,-6.848446443903411,-26.410284070679257,1.7016531859073785,43.019999999999996,8,10,77.0,0.2325099601593626,-0.1195652546262003
all-confirm3-ma20,S,0.15,60.0,,all-confirm3-ma20|exit=S|trail=15%|hold=60,-1.9844369052098632,-0.6685475126259055,8.217841038961337,-0.0795587201607086,-0.08135318138380589,29,44.827586206896555,-0.5461508222881406,-1.913204859932649,-26.97428325254111,0.9233292017985709,0.895,5,10,60.44,0.10053120849933599,7.910730042306757,7.976475574831943,4.7168515842906045,1.2478616039161317,1.6910592653365355,10,50.0,9.544196718619965,8.181718146439604,-20.98894089426674,2.359125920307998,8.175,5,10,35.34,0.10840000000000001,13.843568057709765,13.843568057709765,6.149956876440477,1.5464236605843735,2.251002459991599,13,61.53846153846154,11.00549856933334,5.44697270799217,-19.64966797933626,3.6036349130974807,6.45,6,10,24.41,0.1654761904761905,32.1797898259921,5.761976223006493,8.217841038961337,0.775513495182654,0.7011544997875446,51,52.94117647058824,6.221253734878561,2.8057406081509306,-26.97428325254111,1.938526092217096,28.98,8,10,63.32,0.12772908366533864,-0.12206470243681766
v4-b-only,Scond,0.15,60.0,,v4-b-only|exit=Scond|trail=15%|hold=60,-4.653000510659478,-1.5819257700234068,28.926179737702718,-0.08804025569926906,-0.0546883751801316,63,38.095238095238095,-0.17851087685328307,-8.127948496475689,-26.410284070679257,0.9781016831905489,6.565,6,10,70.83,0.19588313413014607,17.810211413419385,17.964789976806127,11.610582983842699,1.5137558843502243,1.547277169613787,19,57.89473684210527,10.284493342014024,6.282632186290504,-21.27055138438334,2.588223969970036,17.97,8,10,37.14,0.21280000000000002,17.120862937026793,17.120862937026793,8.810417729376196,1.5252755591047034,1.9432521207185713,22,50.0,8.000122862643208,-1.2729146598319474,-18.707609055554187,2.528026272758245,14.405,8,10,37.73,0.23095238095238096,47.63207807048242,8.136162135285275,28.926179737702718,0.7381730554437008,0.28127330359772695,103,43.689320388349515,5.154989569482884,-6.66261032381652,-26.410284070679257,1.6884953287295115,43.019999999999996,8,10,77.0,0.22015936254980079,-0.1332179025602198
v4-b-only,S-or-MA60,0.2,,,v4-b-only|exit=S-or-MA60|trail=20%|hold=none,2.885400677596972,0.9565088160297552,20.818460535415163,0.14273044227361212,0.04594522320238798,62,48.38709677419355,1.5221797186354198,-0.2603085193283672,-37.841895501244046,1.2160144833782829,-5.904999999999999,5,10,71.36,0.17410358565737052,32.27959377358627,32.575964510006884,9.814101871400593,2.259476063844755,3.3193016474525234,18,55.55555555555556,18.75498481845351,10.203147725225248,-21.27055138438334,6.805332783165493,33.004999999999995,8,10,26.48,0.25360000000000005,35.118222865992976,35.118222865992976,7.73559491926985,2.1593136426383874,4.539821853715645,20,65.0,18.030738254093286,2.1385952682844045,-29.509529277369484,5.345374976899163,17.52,8,10,53.14,0.2547619047619048,113.11664572121742,16.40866828492047,20.818460535415163,1.2697711054960996,0.7881787539960984,99,53.535353535353536,11.211436280797324,1.5773679962744813,-37.841895501244046,2.8727986258885,46.375,7,10,71.36,0.21896414342629483,-1000.0
v4-b-only,S-or-MA60,0.2,120.0,,v4-b-only|exit=S-or-MA60|trail=20%|hold=120,2.885400677596972,0.9565088160297552,20.818460535415163,0.14273044227361212,0.04594522320238798,62,48.38709677419355,1.5221797186354198,-0.2603085193283672,-37.841895501244046,1.2160144833782829,-5.904999999999999,5,10,71.36,0.17410358565737052,32.27959377358627,32.575964510006884,9.814101871400593,2.259476063844755,3.3193016474525234,18,55.55555555555556,18.75498481845351,10.203147725225248,-21.27055138438334,6.805332783165493,33.004999999999995,8,10,26.48,0.25360000000000005,35.118222865992976,35.118222865992976,7.73559491926985,2.1593136426383874,4.539821853715645,20,65.0,18.030738254093286,2.1385952682844045,-29.509529277369484,5.345374976899163,17.52,8,10,53.14,0.2547619047619048,113.11664572121742,16.40866828492047,20.818460535415163,1.2697711054960996,0.7881787539960984,99,53.535353535353536,11.211436280797324,1.5773679962744813,-37.841895501244046,2.8727986258885,46.375,7,10,71.36,0.21896414342629483,-1000.0
v4-b-only,S-or-MA60,0.2,60.0,,v4-b-only|exit=S-or-MA60|trail=20%|hold=60,4.461928234785373,1.4716033516565474,20.709031301881076,0.19105922224605926,0.07106094583588159,62,48.38709677419355,1.829019197069796,-0.2603085193283561,-37.841895501244046,1.259558468758329,-1.0699999999999998,5,10,71.36,0.16401062416998674,29.642681891478475,29.91221593380933,9.814101871400593,2.145313828964909,3.0478811332677234,18,55.55555555555556,17.10808842601335,10.203147725225248,-21.27055138438334,6.295559956897846,24.549999999999997,8,10,26.48,0.2028,32.075997177776784,32.075997177776784,7.73559491926985,2.0375189901333384,4.146545613172359,20,65.0,15.832478396555292,2.1385952682844045,-29.509529277369484,4.81559836747503,15.56,7,10,53.14,0.2416666666666667,98.48143716984758,14.757533730663951,20.709031301881076,1.1807038404601322,0.7126134252993027,99,53.535353535353536,9.440322728626697,1.5773679962744813,-37.841895501244046,2.5769454502807654,43.25,7,10,71.36,0.1944223107569721,-1000.0
v4-b-only,S,0.2,60.0,,v4-b-only|exit=S|trail=20%|hold=60,2.6297746445329118,0.8724950361114647,24.828498066152548,0.1318275237175107,0.03514087053460933,61,44.26229508196721,1.6880655484382512,-3.5342621849555056,-37.841895501244046,1.192633401140963,-1.9949999999999997,5,10,71.69,0.24130146082337314,33.41602096384264,33.72408897921546,11.463474655003091,2.09553416725302,2.941873209838432,18,72.22222222222221,19.110121998638736,20.86072371130312,-22.662610115948347,4.39000230943753,20.509999999999998,9,10,34.92,0.28680000000000005,28.456568885290736,28.456568885290736,7.735594919269861,1.7430047473870587,3.6786529261509804,19,57.89473684210527,15.121681415733935,3.3736303741352724,-29.509529277369484,3.5623915423312544,7.265000000000001,6,10,53.14,0.2853174603174603,106.62533857348015,15.687878750335994,24.828498066152548,1.0905239042282653,0.6318496877474233,97,51.546391752577314,10.213077328954626,2.5348712619252423,-37.841895501244046,2.282675443542234,54.385000000000005,7,10,71.69,0.27458167330677286,-1000.0
v4-b-only,S,0.2,,,v4-b-only|exit=S|trail=20%|hold=none,6.69695785176696,2.1930588851058586,24.408040417836197,0.23057673810671298,0.08984985470211197,55,43.63636363636363,2.855016098739897,-8.38118507133595,-37.841895501244046,1.2925300208251715,-0.20500000000000007,5,10,71.69,0.2938911022576361,35.00636560432524,35.330934296468875,12.820960314326157,2.0395540403946124,2.75571668816337,17,70.58823529411765,21.50694227934846,21.072867411527607,-22.662610115948347,4.60322697637268,31.215,8,10,34.92,0.394,30.83574096576447,30.83574096576447,7.735594919269861,1.8129272342667946,3.98621454297596,19,57.89473684210527,17.188324545313304,3.3736303741352724,-29.509529277369484,3.7954366255848853,14.235,7,10,53.14,0.30634920634920637,120.95827233145377,17.256358838032426,24.408040417836197,1.1230906313270095,0.7069948485263211,89,50.56179775280899,13.275886389220618,2.5348712619252423,-37.841895501244046,2.5340416048792114,55.075,9,10,71.69,0.3517131474103586,-1000.0
v4-b-only,S-or-MA60,0.15,,,v4-b-only|exit=S-or-MA60|trail=15%|hold=none,-4.143555282043099,-1.4062545783211977,25.144820300577685,-0.10882844187349637,-0.05592621309323455,64,45.3125,0.2418662114517642,-1.496825602440116,-26.410284070679257,1.0349083298387112,-5.545,5,10,65.93,0.150597609561753,21.64475469001974,21.835579698638274,9.84405834913753,1.9899447073295993,2.2181481381153496,19,52.63157894736842,12.578566334752631,1.1362829010898912,-21.27055138438334,3.727116710652685,20.869999999999997,8,10,25.92,0.2024,19.763794441258398,19.763794441258398,8.830643978185194,1.7093863863613452,2.238092090461573,22,54.54545454545454,8.99283861108706,0.9153160031149521,-18.707609055554187,3.2653137390319777,19.695,8,10,37.73,0.20476190476190476,43.97352631616243,7.592661324544636,25.144820300577685,0.7856190300118837,0.3019572712703061,104,49.03846153846153,4.701668005568678,-0.18393516008136657,-26.410284070679257,1.7783190151251123,22.23,7,10,65.93,0.18031872509960162,-1000.0
v4-b-only,S-or-MA60,0.15,120.0,,v4-b-only|exit=S-or-MA60|trail=15%|hold=120,-4.143555282043099,-1.4062545783211977,25.144820300577685,-0.10882844187349637,-0.05592621309323455,64,45.3125,0.2418662114517642,-1.496825602440116,-26.410284070679257,1.0349083298387112,-5.545,5,10,65.93,0.150597609561753,21.64475469001974,21.835579698638274,9.84405834913753,1.9899447073295993,2.2181481381153496,19,52.63157894736842,12.578566334752631,1.1362829010898912,-21.27055138438334,3.727116710652685,20.869999999999997,8,10,25.92,0.2024,19.763794441258398,19.763794441258398,8.830643978185194,1.7093863863613452,2.238092090461573,22,54.54545454545454,8.99283861108706,0.9153160031149521,-18.707609055554187,3.2653137390319777,19.695,8,10,37.73,0.20476190476190476,43.97352631616243,7.592661324544636,25.144820300577685,0.7856190300118837,0.3019572712703061,104,49.03846153846153,4.701668005568678,-0.18393516008136657,-26.410284070679257,1.7783190151251123,22.23,7,10,65.93,0.18031872509960162,-1000.0
v4-b-only,S-or-cond,0.2,60.0,,v4-b-only|exit=S-or-cond|trail=20%|hold=60,-0.325602912601608,-0.10908495625939763,24.828498066152548,0.05245771931344935,-0.004393538262715444,61,44.26229508196721,0.8294891941450291,-3.5342621849555056,-37.841895501244046,1.094657061644119,-8.155000000000001,4,10,71.69,0.22045152722443556,30.002271670139823,30.2754400440191,11.463474655003159,1.9373396063250494,2.64103519702079,18,72.22222222222221,17.26673091196823,20.50862060548345,-22.662610115948347,4.062997592175405,17.97,9,10,34.92,0.266,28.164036985948893,28.164036985948893,5.653132409457362,1.9541101320812548,4.982023229958686,19,57.89473684210527,16.095212604784113,2.5348712619252423,-29.509529277369484,3.727357859001721,15.19,7,10,53.14,0.24722222222222218,85.426500099682,13.200421237741677,24.828498066152548,1.0045032930191509,0.5316641064059027,97,51.546391752577314,8.589944372747143,2.0442330091956507,-37.841895501244046,2.0788237818467907,52.615,8,10,71.69,0.24940239043824705,-1000.0
v4-b-only,S-confirm5-ma20,0.2,60.0,,v4-b-only|exit=S-confirm5-ma20|trail=20%|hold=60,-1.0900578654678195,-0.3661311759823427,25.99954179915348,0.042459088179698456,-0.01408221647945594,60,38.333333333333336,0.6552716524639246,-4.726467318013144,-37.841895501244046,1.0720884082692852,-10.9,4,10,73.83,0.26547144754316065,30.062939714911607,30.33672204660145,13.525160188702955,1.899066698956003,2.24298430653269,18,72.22222222222221,16.88590811006204,20.86072371130312,-22.662610115948347,3.9954422841538006,18.98,9,10,37.93,0.29400000000000004,26.161156229493976,26.161156229493976,7.735594919269861,1.6172881847552416,3.3819191028636806,19,57.89473684210527,13.907370678022653,3.3736303741352724,-29.509529277369484,3.3566247708639043,6.574999999999999,6,10,53.14,0.2876984126984127,91.24833172125552,13.905294615920782,25.99954179915348,0.9452355914753436,0.5348284490295719,96,47.91666666666667,9.035299220486829,-1.7751321168259337,-37.841895501244046,2.1075124772777403,36.785,7,10,73.83,0.2906772908366534,-1000.0
v4-b-only,S-or-cond,0.2,,,v4-b-only|exit=S-or-cond|trail=20%|hold=none,2.2541797959210186,0.7487994864515457,24.408040417836197,0.12207164065941706,0.030678394235383183,59,45.76271186440678,1.3588700201268218,-3.9031500397009533,-37.841895501244046,1.1492150346406198,-4.17,4,10,71.69,0.22695883134130143,30.620794871340973,30.90023337700729,12.820960314326147,1.8965683660915553,2.4101340788395826,18,72.22222222222221,17.942923353647057,13.1135029928649,-22.662610115948347,4.182949413470879,16.095,8,10,34.92,0.3176,30.569313660782548,30.569313660782548,5.653132409457362,2.0426305775229574,5.407500027708862,19,57.89473684210527,18.16185573436348,2.5348712619252423,-29.509529277369484,3.953767633057171,18.265,8,10,53.14,0.26825396825396824,90.14923192845148,13.773547882768945,24.408040417836197,1.0327770325148482,0.5643037149636934,94,51.06382978723404,9.56919308035312,2.2895521355604465,-37.841895501244046,2.1192015619150064,54.385000000000005,9,10,71.69,0.27505976095617535,-1000.0
v4-b-only,S-confirm3-ma20,0.2,60.0,,v4-b-only|exit=S-confirm3-ma20|trail=20%|hold=60,-3.0476927436574486,-1.0304645215522878,27.46416582834317,-0.004574612141550225,-0.03752032841604979,60,38.333333333333336,0.3504015037277212,-6.78041189154468,-37.841895501244046,1.0372977695096521,-10.9,4,10,73.83,0.2665338645418326,30.75984779315688,31.04069917738592,13.061807487606403,1.8914559393785804,2.376447456206858,18,72.22222222222221,17.082018461281233,20.86072371130312,-22.662610115948347,4.030230892179697,18.98,9,10,37.93,0.30360000000000004,26.161156229493976,26.161156229493976,7.735594919269861,1.6172881847552416,3.3819191028636806,19,57.89473684210527,13.907370678022653,3.3736303741352724,-29.509529277369484,3.3566247708639043,6.574999999999999,6,10,53.14,0.2876984126984127,88.59206944879354,13.585848288368974,27.46416582834317,0.9191467872286725,0.49467543901691363,96,47.91666666666667,8.89049974864828,-1.7751321168259337,-37.841895501244046,2.06489175358744,36.785,7,10,73.83,0.2928286852589641,-1000.0
v4-b-only,S-or-cond,0.2,120.0,,v4-b-only|exit=S-or-cond|trail=20%|hold=120,3.087668802934873,1.0228876725992153,23.791879127841842,0.1442182703524157,0.04299314346306539,59,45.76271186440678,1.4755476960694525,-3.9031500397009533,-37.841895501244046,1.1641300580671567,-4.17,4,10,71.69,0.22669322709163345,30.48780814781169,30.765896530994,12.909718424086725,1.8897733027112318,2.3831578288796393,18,72.22222222222221,17.88406364039609,13.1135029928649,-22.662610115948347,4.17250811100992,16.095,8,10,34.92,0.31720000000000004,30.569313660782548,30.569313660782548,5.653132409457362,2.0426305775229574,5.407500027708862,19,57.89473684210527,18.16185573436348,2.5348712619252423,-29.509529277369484,3.953767633057171,18.265,8,10,53.14,0.26825396825396824,98.2569048933361,14.731454587622439,23.791879127841842,1.0865359562292412,0.6191799524730827,95,51.578947368421055,9.899574568152358,2.5348712619252645,-37.841895501244046,2.2032013034709927,58.42,9,10,71.69,0.27617529880478087,-1000.0
v4-b-only,Scond,0.2,60.0,,v4-b-only|exit=Scond|trail=20%|hold=60,-5.078792489024197,-1.7292306671099378,27.40146510555055,-0.06084947295421561,-0.06310723388143424,60,38.333333333333336,0.0974296886318408,-8.37538525457836,-37.841895501244046,1.0103050056509066,-11.254999999999999,4,10,73.67,0.24409030544488708,29.983752907669768,30.256733918100444,12.094086879908861,1.8862676408479344,2.5017791106134712,18,72.22222222222221,17.004688648274925,20.50862060548345,-22.662610115948347,4.016513122889765,17.97,9,10,34.92,0.2756,25.707538710671574,25.707538710671574,5.653132409457362,1.7994380720419307,4.547485685575727,19,52.63157894736842,14.877704267213968,2.0442330091956507,-29.509529277369484,3.4300704614452897,14.024999999999999,7,10,53.14,0.2515873015873015,73.17480737243211,11.65726102285156,27.40146510555055,0.8555723605509696,0.4254247346974969,96,46.875,7.923147140325253,-2.40253273400175,-37.841895501244046,1.9398865397123013,48.010000000000005,8,10,73.67,0.2663745019920319,-1000.0
v4-b-only,S-or-MA60,0.15,60.0,,v4-b-only|exit=S-or-MA60|trail=15%|hold=60,-3.738704986246788,-1.267093150572618,25.144820300577685,-0.0940851653394041,-0.05039181570701093,64,45.3125,0.32525154875362694,-1.496825602440116,-26.410284070679257,1.0469432595660746,-5.545,5,10,65.93,0.14169986719787517,20.074434770794735,20.250296354882135,9.84405834913753,1.8833810857933613,2.05710852543416,19,52.63157894736842,11.629699040986663,1.1362829010898912,-21.27055138438334,3.5213959803122465,17.835,8,10,25.92,0.1648,19.763794441258398,19.763794441258398,8.830643978185194,1.7093863863613452,2.238092090461573,22,54.54545454545454,8.99283861108706,0.9153160031149521,-18.707609055554187,3.2653137390319777,19.695,8,10,37.73,0.20476190476190476,41.579352854498985,7.230986950579954,25.144820300577685,0.7578115590094078,0.2875736181106781,104,49.03846153846153,4.507452335449388,-0.18393516008136657,-26.410284070679257,1.746168350954424,22.23,7,10,65.93,0.16318725099601594,-1000.0
v4-b-only,Scond,0.2,,,v4-b-only|exit=Scond|trail=20%|hold=none,-1.603662765931979,-0.5395728693549873,26.79342215301651,0.03268564703703754,-0.020138258796263544,57,38.59649122807017,0.7414558540489206,-8.676863216425934,-37.841895501244046,1.074142010151248,-8.45,4,10,73.67,0.27038512616201854,30.594185354269165,30.8733536242624,12.838720060368768,1.8456961638617848,2.40470650338143,18,72.22222222222221,17.680881089953747,13.1135029928649,-22.662610115948347,4.136464944185239,16.095,8,10,34.92,0.32720000000000005,24.29178065508615,24.29178065508615,7.451911012677304,1.6108024230805806,3.2598055201894662,19,52.63157894736842,15.321863452647266,2.0442330091956507,-29.509529277369484,3.099558230717438,18.265,7,10,53.14,0.29880952380952375,74.12483964908756,11.779990095522109,26.79342215301651,0.83285044644672,0.4396597802343763,92,45.65217391304348,8.727360738558822,-3.9334303378490363,-37.841895501244046,1.935518940487919,39.555,8,10,73.67,0.30916334661354583,-1000.0
v4-b-only,Scond,0.2,120.0,,v4-b-only|exit=Scond|trail=20%|hold=120,-1.9708680676539636,-0.6639457951132188,26.196704463839005,0.022477909042640576,-0.025344630506089264,58,37.93103448275862,0.6132965404232606,-8.529024143880942,-37.841895501244046,1.0625362135699743,-8.45,4,10,73.67,0.2677290836653386,30.460912741635383,30.73872820742625,12.927668978473827,1.838890237401024,2.3777471606528633,18,72.22222222222221,17.62202137670278,13.1135029928649,-22.662610115948347,4.12602364172428,16.095,8,10,34.92,0.32680000000000003,24.29178065508615,24.29178065508615,7.451911012677304,1.6108024230805806,3.2598055201894662,19,52.63157894736842,15.321863452647266,2.0442330091956507,-29.509529277369484,3.099558230717438,18.265,7,10,53.14,0.29880952380952375,79.427301333879,12.455320241511902,26.196704463839005,0.8732535509773917,0.47545370673264575,94,45.744680851063826,8.832945267572741,-3.4589634482987517,-37.841895501244046,1.986271577412084,46.105000000000004,8,10,73.67,0.3088446215139442,-1000.0
v4-b-only,S-confirm3-ma20,0.2,,,v4-b-only|exit=S-confirm3-ma20|trail=20%|hold=none,2.5390169664237794,0.8426332255190516,26.856219672917337,0.13169740451943976,0.03137571988096261,52,36.53846153846153,1.6380361535150152,-8.730050687102436,-37.841895501244046,1.1550141073647036,-9.055,3,10,73.83,0.34980079681274906,32.55115454806023,32.85031331787245,13.526542949388709,1.8061408982568161,2.4285815999539646,16,68.75,20.94887166169956,23.89460749205523,-22.662610115948347,4.303274373808841,22.155,8,10,37.93,0.4372,28.250053457154433,28.250053457154433,7.735594919269861,1.6717038352365052,3.6519561523033923,19,57.89473684210527,15.87521096784105,3.3736303741352724,-29.509529277369484,3.541045620267227,12.17,7,10,53.14,0.30992063492063493,109.01086685485394,15.954841856596481,26.856219672917337,0.9502886780649179,0.5940836815795727,85,45.88235294117647,12.929212392267653,-3.6689859564252414,-37.841895501244046,2.400336513050409,20.825,7,10,73.83,0.4051792828685259,-1000.0
v4-b-only,S-confirm5-ma20,0.2,,,v4-b-only|exit=S-confirm5-ma20|trail=20%|hold=none,1.2061828842176991,0.40205381922504557,26.402089993177245,0.10198801456753889,0.015228105779843307,53,37.735849056603776,1.0966173007220352,-8.38118507133595,-37.841895501244046,1.1094155473303,-9.055,3,10,73.83,0.33944223107569715,30.532180911308338,30.81071965885258,14.843676931806682,1.7808175329353781,2.0756797524225346,17,70.58823529411765,18.475712386083956,21.072867411527607,-22.662610115948347,4.095381222144487,22.155,8,10,37.93,0.4116000000000001,28.250053457154433,28.250053457154433,7.735594919269861,1.6717038352365052,3.6519561523033923,19,57.89473684210527,15.87521096784105,3.3736303741352724,-29.509529277369484,3.541045620267227,12.17,7,10,53.14,0.30992063492063493,103.1931140337913,15.2994254166247,26.402089993177245,0.9356786492255386,0.5794778148464131,87,47.12643678160919,11.88113789668461,-3.2489409401722624,-37.841895501244046,2.348531629545401,20.825,7,10,73.83,0.3938645418326693,-1000.0
v4-b-only,S-confirm5-ma20,0.2,120.0,,v4-b-only|exit=S-confirm5-ma20|trail=20%|hold=120,4.608043793295802,1.5190807088114155,25.80218249744156,0.17581823102894725,0.058874116907050064,56,39.285714285714285,1.6516286202828006,-6.78041189154468,-37.841895501244046,1.1762329373792464,-6.755,4,10,73.83,0.3243027888446215,30.39928440680002,30.67647467662202,14.93037568757355,1.7744363823723626,2.0546351490775847,17,70.58823529411765,18.413390336759406,21.072867411527607,-22.662610115948347,4.08493991968353,22.155,8,10,37.93,0.4112,28.250053457154433,28.250053457154433,7.735594919269861,1.6717038352365052,3.6519561523033923,19,57.89473684210527,15.87521096784105,3.3736303741352724,-29.509529277369484,3.541045620267227,12.17,7,10,53.14,0.30992063492063493,127.59198233782473,17.954897875366747,25.80218249744156,1.108756056311612,0.6958674087801325,91,48.35164835164835,12.947270428921279,-1.6222256505327826,-37.841895501244046,2.5502337816716905,55.42,9,10,73.83,0.36589641434262943,-1000.0
all-confirm3-ma20,S-or-MA60,0.2,,,all-confirm3-ma20|exit=S-or-MA60|trail=20%|hold=none,-7.513108296075832,-2.57994993810029,9.796652378733594,-0.4770531779872947,-0.263350156600514,29,37.93103448275862,-2.371771345225411,-2.5028754001365394,-26.97428325254111,0.6613015420057697,-3.8099999999999996,3,10,53.93,0.059229747675962806,9.953241579676831,10.036736583318184,3.938983976322863,1.7110781312014594,2.548052148383635,10,60.0,11.1697057496504,1.6819146209495428,-20.667641611374755,3.750293121766642,1.175,5,10,26.23,0.1116,14.066094872860745,14.066094872860745,8.607006680646878,1.4079022017959548,1.6342609451539984,13,53.84615384615385,12.177076828478906,2.8057406081509306,-27.047831583052417,4.288747163703747,5.865,6,10,34.39,0.16746031746031748,37.800106545792914,6.650001646999648,9.796652378733594,0.8844145613608856,0.6788034718303732,51,47.05882352941176,10.602527378801458,-1.4309049752994518,-27.047831583052417,2.864995367214302,11.245000000000001,6,10,58.64,0.10270916334661355,-1000.0
all-confirm3-ma20,S-or-MA60,0.2,120.0,,all-confirm3-ma20|exit=S-or-MA60|trail=20%|hold=120,-7.513108296075832,-2.57994993810029,9.796652378733594,-0.4770531779872947,-0.263350156600514,29,37.93103448275862,-2.371771345225411,-2.5028754001365394,-26.97428325254111,0.6613015420057697,-3.8099999999999996,3,10,53.93,0.059229747675962806,9.953241579676831,10.036736583318184,3.938983976322863,1.7110781312014594,2.548052148383635,10,60.0,11.1697057496504,1.6819146209495428,-20.667641611374755,3.750293121766642,1.175,5,10,26.23,0.1116,14.066094872860745,14.066094872860745,8.607006680646878,1.4079022017959548,1.6342609451539984,13,53.84615384615385,12.177076828478906,2.8057406081509306,-27.047831583052417,4.288747163703747,5.865,6,10,34.39,0.16746031746031748,37.800106545792914,6.650001646999648,9.796652378733594,0.8844145613608856,0.6788034718303732,51,47.05882352941176,10.602527378801458,-1.4309049752994518,-27.047831583052417,2.864995367214302,11.245000000000001,6,10,58.64,0.10270916334661355,-1000.0
all-confirm5-ma20,S-or-cond,,60.0,,all-confirm5-ma20|exit=S-or-cond|trail=none|hold=60,-0.03333418022231083,-0.011156899216291372,19.164199550296313,0.051989810786107656,-0.0005821740264710856,30,50.0,0.5218903429822268,0.9079546932355076,-48.335691163754866,1.0598007075365024,-2.47,4,10,68.9,0.1597609561752988,21.9524756169297,22.14625211974015,9.339450913637881,1.6711645636972452,2.3712584738146876,12,75.0,18.832394601483813,21.066451937306184,-35.488884279708834,4.321144795130925,21.07,6,10,46.17,0.22240000000000001,13.689834675721023,13.689834675721023,10.141797547570741,1.332250922071816,1.3498430245238076,15,60.0,9.935752841094393,5.446972707992148,-35.27920865384615,2.893601526033229,10.99,7,10,41.8,0.1900793650793651,56.924019238670894,9.469670892788361,19.164199550296313,0.8533268844349918,0.49413339012335344,56,60.71428571428571,9.869637834831014,7.896897716230422,-48.335691163754866,2.3182958336766473,34.2,7,10,78.63,0.19378486055776895,-1000.0
v4-b-only,S-confirm3-ma20,0.2,120.0,,v4-b-only|exit=S-confirm3-ma20|trail=20%|hold=120,4.736428507006996,1.560760376423631,26.26001385565172,0.17795740027738066,0.05943486492440376,56,39.285714285714285,1.7450260359626417,-8.37538525457836,-37.841895501244046,1.1799274820325796,-6.755,4,10,73.83,0.3322709163346613,29.074275351352185,29.33808102367945,13.969308134925761,1.6660677310829592,2.1001813934026567,17,70.58823529411765,17.584313199867115,21.072867411527607,-22.662610115948347,3.9460381145667385,21.189999999999998,8,10,37.93,0.4048,28.250053457154433,28.250053457154433,7.735594919269861,1.6717038352365052,3.6519561523033923,19,57.89473684210527,15.87521096784105,3.3736303741352724,-29.509529277369484,3.541045620267227,12.17,7,10,53.14,0.30992063492063493,129.2296445035102,18.12483762341486,26.26001385565172,1.1026668655802154,0.690206704499282,91,48.35164835164835,13.053003559753614,-1.6222256505327826,-37.841895501244046,2.5261616999622682,49.48,8,10,73.83,0.372191235059761,-1000.0
all-confirm3-ma20,S-or-MA60,0.2,60.0,,all-confirm3-ma20|exit=S-or-MA60|trail=20%|hold=60,-7.094196188213376,-2.4325004066952483,9.38808340434053,-0.4486605070257761,-0.25910511250577456,29,37.93103448275862,-2.1969910534979102,-2.5028754001365394,-26.97428325254111,0.6862608684665846,-3.8099999999999996,3,10,53.93,0.05843293492695882,9.48662027767957,9.56603314047868,3.938983976322863,1.6491529010395596,2.4285534538804607,10,60.0,10.667817125067963,1.6819146209495428,-20.667641611374755,3.6267141427836727,1.175,5,10,26.23,0.09280000000000001,11.441944373923118,11.441944373923118,8.607006680646878,1.1777911299222827,1.3293755655669102,13,53.84615384615385,8.809557860140245,2.8057406081509306,-27.047831583052417,3.3792580792675637,5.865,6,10,34.39,0.15555555555555556,28.78958683085251,5.211619189009409,9.38808340434053,0.7293467020258575,0.5551313260169637,51,47.05882352941176,7.479751310042958,-1.4309049752994518,-27.047831583052417,2.3156958754038266,6.3149999999999995,5,10,58.64,0.09123505976095617,-1000.0
v4-b+jf,S,,120.0,,v4-b+jf|exit=S|trail=none|hold=120,-1.0575232745468566,-0.35516461532929533,37.96895752960071,0.10558575249251081,-0.009354078658925728,40,47.5,0.7331128434889681,-1.0309962210217127,-71.82800585457328,1.0570606585196514,-2.16,5,10,87.93,0.43598937583001324,49.20138897692108,49.67974999676421,18.49267360532867,1.6351111848617186,2.6864557855197844,13,92.3076923076923,34.15270108123443,26.716347572582855,-37.648995364017445,12.792747980743751,39.120000000000005,9,10,54.89,0.4544,49.10373731630828,49.10373731630828,11.661505247748682,2.0429650234797396,4.2107546387108155,16,75.0,25.767695820359513,18.00809901756618,-35.24386075298729,8.772870129958363,20.1,8,10,55.07,0.38809523809523805,150.61952453102325,20.25992274097168,37.96895752960071,0.8689255929786842,0.5335917565073254,68,64.70588235294117,15.660293478508292,10.840978896648801,-71.82800585457328,2.7461159425853396,55.91,8,10,91.56,0.46892430278884467,-1000.0
all-confirm3-ma20,S-or-MA60,0.15,,,all-confirm3-ma20|exit=S-or-MA60|trail=15%|hold=none,-11.34580890522715,-3.950088870203583,13.324023587319967,-0.8376035297776155,-0.2964636653722793,29,34.48275862068966,-4.175440735764031,-3.5091489371807394,-26.97428325254111,0.4111721299385189,-6.88,3,10,60.44,0.05431606905710491,8.76730452645531,8.84045606501791,3.8592558324325843,1.6303510361489035,2.2907152178728594,10,60.0,10.307271026149955,1.6819146209495428,-20.98894089426674,3.0933939479294206,1.175,5,10,25.67,0.1004,11.629750924621085,11.629750924621085,6.996192331251905,1.3522174034048067,1.6622972002457868,14,50.0,8.896505572364164,1.3718761291220238,-19.64966797933626,3.0949840364777867,1.405,5,10,24.41,0.14722222222222223,13.19120228368378,2.5192483113513964,13.324023587319967,0.44086881367575764,0.1890756418165517,52,44.230769230769226,3.1709123583097165,-2.0661553314899828,-26.97428325254111,1.527733924151363,9.785,6,10,60.44,0.08980079681274901,-1000.0
all-confirm3-ma20,S-or-MA60,0.15,120.0,,all-confirm3-ma20|exit=S-or-MA60|trail=15%|hold=120,-11.34580890522715,-3.950088870203583,13.324023587319967,-0.8376035297776155,-0.2964636653722793,29,34.48275862068966,-4.175440735764031,-3.5091489371807394,-26.97428325254111,0.4111721299385189,-6.88,3,10,60.44,0.05431606905710491,8.76730452645531,8.84045606501791,3.8592558324325843,1.6303510361489035,2.2907152178728594,10,60.0,10.307271026149955,1.6819146209495428,-20.98894089426674,3.0933939479294206,1.175,5,10,25.67,0.1004,11.629750924621085,11.629750924621085,6.996192331251905,1.3522174034048067,1.6622972002457868,14,50.0,8.896505572364164,1.3718761291220238,-19.64966797933626,3.0949840364777867,1.405,5,10,24.41,0.14722222222222223,13.19120228368378,2.5192483113513964,13.324023587319967,0.44086881367575764,0.1890756418165517,52,44.230769230769226,3.1709123583097165,-2.0661553314899828,-26.97428325254111,1.527733924151363,9.785,6,10,60.44,0.08980079681274901,-1000.0
all-confirm5-ma60,S-or-MA60,,,,all-confirm5-ma60|exit=S-or-MA60|trail=none|hold=none,-2.957138869127962,-0.9995387109236642,4.165870054996401,-0.4454207823772981,-0.23993516305791918,14,28.57142857142857,-2.423735828180328,-3.2151515969435387,-11.12022610890916,0.3703538657856451,-2.715,1,10,32.05,0.027622841965471445,7.310359212967676,7.3709465723783785,3.4547936905113374,1.6170898616135312,2.1335417488525685,7,42.857142857142854,12.565604418540202,-2.1498055816996042,-15.22567356832203,3.602779039812198,0.0,3,10,15.23,0.046,9.087444009078194,9.087444009078194,4.897176496485301,1.212586044292355,1.8556496821383188,10,50.0,8.434100064973663,-0.22470387946130765,-16.93406262294853,3.442732326178362,0.885,5,10,33.65,0.11547619047619047,14.93468882956197,2.8343939943143326,4.897176496485322,0.6746710416285623,0.5787812622944184,30,36.666666666666664,5.081731517580076,-2.360990601591928,-16.93406262294851,2.247430895271527,9.12,7,10,33.65,0.05203187250996015,-1000.0
all-confirm5-ma60,S-or-MA60,,60.0,,all-confirm5-ma60|exit=S-or-MA60|trail=none|hold=60,-2.5175908557783955,-0.8496971576019252,4.165870054996401,-0.37996924168024954,-0.20396631349142244,14,28.57142857142857,-2.061690938173359,-3.2151515969435387,-11.12022610890916,0.46440708839947076,-2.715,1,10,32.05,0.026826029216467463,7.310359212967676,7.3709465723783785,3.4547936905113374,1.6170898616135312,2.1335417488525685,7,42.857142857142854,12.565604418540202,-2.1498055816996042,-15.22567356832203,3.602779039812198,0.0,3,10,15.23,0.046,9.087444009078194,9.087444009078194,4.897176496485301,1.212586044292355,1.8556496821383188,10,50.0,8.434100064973663,-0.22470387946130765,-16.93406262294853,3.442732326178362,0.885,5,10,33.65,0.11547619047619047,14.117074874432944,2.687084595834044,4.897176496485301,0.6509199002972835,0.5487007866190983,30,36.666666666666664,4.774096312397022,-2.360990601591928,-16.93406262294851,2.1719145760620315,5.35,7,10,33.65,0.04860557768924303,-1000.0
all-confirm5-ma60,S-or-MA60,,120.0,,all-confirm5-ma60|exit=S-or-MA60|trail=none|hold=120,-2.957138869127962,-0.9995387109236642,4.165870054996401,-0.4454207823772981,-0.23993516305791918,14,28.57142857142857,-2.423735828180328,-3.2151515969435387,-11.12022610890916,0.3703538657856451,-2.715,1,10,32.05,0.027622841965471445,7.310359212967676,7.3709465723783785,3.4547936905113374,1.6170898616135312,2.1335417488525685,7,42.857142857142854,12.565604418540202,-2.1498055816996042,-15.22567356832203,3.602779039812198,0.0,3,10,15.23,0.046,9.087444009078194,9.087444009078194,4.897176496485301,1.212586044292355,1.8556496821383188,10,50.0,8.434100064973663,-0.22470387946130765,-16.93406262294853,3.442732326178362,0.885,5,10,33.65,0.11547619047619047,14.93468882956197,2.8343939943143326,4.897176496485322,0.6746710416285623,0.5787812622944184,30,36.666666666666664,5.081731517580076,-2.360990601591928,-16.93406262294851,2.247430895271527,9.12,7,10,33.65,0.05203187250996015,-1000.0
all-confirm5-ma60,S-or-MA60,0.15,,,all-confirm5-ma60|exit=S-or-MA60|trail=15%|hold=none,-2.4958757481115645,-0.8423061582821467,3.710352262515937,-0.3947086818867241,-0.22701514537894332,14,28.57142857142857,-2.0616294054218036,-3.0559383501264357,-11.12022610890916,0.40881032963311986,-2.715,1,10,28.28,0.026560424966799466,7.310359212967676,7.3709465723783785,3.4547936905113374,1.6170898616135312,2.1335417488525685,7,42.857142857142854,12.565604418540202,-2.1498055816996042,-15.22567356832203,3.602779039812198,0.0,3,10,15.23,0.046,7.796290017267271,7.796290017267271,3.3351479302855758,1.4471117561880245,2.3376144567595554,10,50.0,8.461118499119987,-0.22470387946130765,-11.62483210661065,3.895849336708348,0.0,4,10,16.32,0.0869047619047619,14.114167429495495,2.6865592589085496,3.710352262515937,0.7637214492722957,0.724071211795624,30,36.666666666666664,5.259720659582827,-2.360990601591928,-15.22567356832203,2.41094474495915,9.12,6,10,28.28,0.045657370517928286,-1000.0
all-confirm5-ma60,S-or-MA60,0.15,60.0,,all-confirm5-ma60|exit=S-or-MA60|trail=15%|hold=60,-2.0542384797038515,-0.6922266265751098,3.710352262515937,-0.32540283453823154,-0.18656628201272749,14,28.57142857142857,-1.6995845154148346,-3.0559383501264357,-11.12022610890916,0.5126297642115872,-2.715,1,10,28.28,0.025763612217795485,7.310359212967676,7.3709465723783785,3.4547936905113374,1.6170898616135312,2.1335417488525685,7,42.857142857142854,12.565604418540202,-2.1498055816996042,-15.22567356832203,3.602779039812198,0.0,3,10,15.23,0.046,7.796290017267271,7.796290017267271,3.3351479302855758,1.4471117561880245,2.3376144567595554,10,50.0,8.461118499119987,-0.22470387946130765,-11.62483210661065,3.895849336708348,0.0,4,10,16.32,0.0869047619047619,13.302390439289402,2.5394616324346364,3.710352262515937,0.7398262228297406,0.6844260201624801,30,36.666666666666664,4.952085454399775,-2.360990601591928,-15.22567356832203,2.3284201577785297,5.35,6,10,28.28,0.04223107569721116,-1000.0
all-confirm5-ma60,S-or-MA60,0.15,120.0,,all-confirm5-ma60|exit=S-or-MA60|trail=15%|hold=120,-2.4958757481115645,-0.8423061582821467,3.710352262515937,-0.3947086818867241,-0.22701514537894332,14,28.57142857142857,-2.0616294054218036,-3.0559383501264357,-11.12022610890916,0.40881032963311986,-2.715,1,10,28.28,0.026560424966799466,7.310359212967676,7.3709465723783785,3.4547936905113374,1.6170898616135312,2.1335417488525685,7,42.857142857142854,12.565604418540202,-2.1498055816996042,-15.22567356832203,3.602779039812198,0.0,3,10,15.23,0.046,7.796290017267271,7.796290017267271,3.3351479302855758,1.4471117561880245,2.3376144567595554,10,50.0,8.461118499119987,-0.22470387946130765,-11.62483210661065,3.895849336708348,0.0,4,10,16.32,0.0869047619047619,14.114167429495495,2.6865592589085496,3.710352262515937,0.7637214492722957,0.724071211795624,30,36.666666666666664,5.259720659582827,-2.360990601591928,-15.22567356832203,2.41094474495915,9.12,6,10,28.28,0.045657370517928286,-1000.0
all-confirm5-ma60,S-or-MA60,0.2,,,all-confirm5-ma60|exit=S-or-MA60|trail=20%|hold=none,-1.9869702798545275,-0.6694067248857682,3.2077855388401244,-0.31461782873263466,-0.20868188249511632,14,35.714285714285715,-1.6843822922597895,-2.208040130034589,-11.12022610890916,0.4784337759048523,-2.1149999999999998,1,10,24.35,0.026693227091633465,7.310359212967676,7.3709465723783785,3.4547936905113374,1.6170898616135312,2.1335417488525685,7,42.857142857142854,12.565604418540202,-2.1498055816996042,-15.22567356832203,3.602779039812198,0.0,3,10,15.23,0.046,8.993448671296122,8.993448671296122,3.6985880789619063,1.3060911842641592,2.4315896983641228,10,60.0,8.32307608620153,2.532239128963143,-6.602246909401299,5.730832908095575,0.885,5,10,21.21,0.1,15.983704060707883,3.0221732772047094,3.6985880789618952,0.7605767312328605,0.817115399899564,30,43.333333333333336,5.389755174752282,-2.0315052208161264,-15.22567356832203,2.6738338149262173,9.12,7,10,24.35,0.04836653386454183,-1000.0
all-confirm5-ma60,S-or-MA60,0.2,60.0,,all-confirm5-ma60|exit=S-or-MA60|trail=20%|hold=60,-1.5430279641208022,-0.5190655022802027,3.2077855388401244,-0.24389599517092458,-0.16181427841584667,14,35.714285714285715,-1.3223374022528203,-2.208040130034589,-11.12022610890916,0.5905403844233619,-2.1149999999999998,1,10,24.35,0.02589641434262948,7.310359212967676,7.3709465723783785,3.4547936905113374,1.6170898616135312,2.1335417488525685,7,42.857142857142854,12.565604418540202,-2.1498055816996042,-15.22567356832203,3.602779039812198,0.0,3,10,15.23,0.046,8.993448671296122,8.993448671296122,3.6985880789619063,1.3060911842641592,2.4315896983641228,10,60.0,8.32307608620153,2.532239128963143,-6.602246909401299,5.730832908095575,0.885,5,10,21.21,0.1,15.158627698007422,2.874594886491999,3.698588078961884,0.7375997635574323,0.7772141220167554,30,43.333333333333336,5.082119969569229,-2.031505220816121,-15.22567356832203,2.5782951137419237,5.35,7,10,24.35,0.0449402390438247,-1000.0
all-confirm5-ma60,S-or-MA60,0.2,120.0,,all-confirm5-ma60|exit=S-or-MA60|trail=20%|hold=120,-1.9869702798545275,-0.6694067248857682,3.2077855388401244,-0.31461782873263466,-0.20868188249511632,14,35.714285714285715,-1.6843822922597895,-2.208040130034589,-11.12022610890916,0.4784337759048523,-2.1149999999999998,1,10,24.35,0.026693227091633465,7.310359212967676,7.3709465723783785,3.4547936905113374,1.6170898616135312,2.1335417488525685,7,42.857142857142854,12.565604418540202,-2.1498055816996042,-15.22567356832203,3.602779039812198,0.0,3,10,15.23,0.046,8.993448671296122,8.993448671296122,3.6985880789619063,1.3060911842641592,2.4315896983641228,10,60.0,8.32307608620153,2.532239128963143,-6.602246909401299,5.730832908095575,0.885,5,10,21.21,0.1,15.983704060707883,3.0221732772047094,3.6985880789618952,0.7605767312328605,0.817115399899564,30,43.333333333333336,5.389755174752282,-2.0315052208161264,-15.22567356832203,2.6738338149262173,9.12,7,10,24.35,0.04836653386454183,-1000.0
v4-b+jf,S-or-cond,,,,v4-b+jf|exit=S-or-cond|trail=none|hold=none,7.182001129929483,2.3482975096674963,39.31910940846054,0.2179115580505956,0.05972407679107295,40,50.0,0.6528376365388703,2.1006700099261644,-60.95102468073881,1.0623620501853899,-11.96,4,10,85.43,0.4240371845949535,51.49969881279384,52.004016451543954,19.855033372560904,1.6130367962552339,2.6191855473490184,14,85.71428571428571,32.680937118815756,25.68189263222811,-28.116732030304547,15.378554361745321,36.295,8,10,54.89,0.4528,47.8115429558716,47.8115429558716,7.096427971342978,2.632980003220411,6.73740974317582,18,77.77777777777779,24.09920302125585,17.872143860858635,-26.836042745826106,10.71883973955655,28.68,8,10,57.45,0.32341269841269843,165.75408312705108,21.684208120309066,39.31910940846054,0.91182181590076,0.5514928605082581,68,66.17647058823529,16.551368750673724,11.154622940336479,-68.66988113497078,3.1742843939870244,91.17,9,10,87.14,0.4567330677290837,-1000.0
b-confirm5-ma20+jf,S,,120.0,,b-confirm5-ma20+jf|exit=S|trail=none|hold=120,8.320108785698398,2.7107239293422847,32.4433707722777,0.23108939377157547,0.08355247512254649,34,50.0,2.2633917777203405,0.26833832308747474,-57.51582531608928,1.1888448506232308,-12.535,3,10,89.96,0.35976095617529885,44.02793817304123,44.448926135926015,16.84682350743546,1.6125318790448002,2.6384158483234645,12,83.33333333333334,33.45600601241378,26.73698088068828,-37.648995364017445,11.602607492064434,36.445,7,10,54.89,0.41080000000000005,25.818648832545744,25.818648832545744,8.416285403116852,1.6356367879938447,3.067701200221201,14,71.42857142857143,16.738678339000483,15.291588354892626,-43.514691895796034,4.949957584887906,23.75,8,10,52.32,0.3146825396825396,137.2541612707267,18.94378183705061,32.4433707722777,0.892011533019234,0.5839030096477442,59,64.40677966101694,15.648814901522606,10.88050523228099,-57.51582531608928,2.9537559563384193,39.345,7,10,89.96,0.39195219123505975,-1000.0
stage5-ma60+jf,S,,120.0,,stage5-ma60+jf|exit=S|trail=none|hold=120,0.4525556226316674,0.1512254344023134,35.94528065789887,0.12297078455816123,0.004207101228157529,35,45.714285714285715,-0.1821100321933361,-8.676863216425945,-57.51582531608928,0.9858048808807894,-2.635,5,10,87.93,0.38339973439575037,47.21133478004389,47.66745176729565,18.49267360532869,1.5992754884657538,2.577639814805373,12,83.33333333333334,35.90289984071997,26.498940525938465,-37.648995364017445,12.378057341836078,36.165,7,10,54.89,0.404,49.115340597998845,49.115340597998845,12.686877629834093,2.165858873481737,3.8713497545290925,13,84.61538461538461,34.119005198501526,22.898257827225187,-52.955088779498595,8.315951252432896,28.68,7,10,57.45,0.3261904761904762,150.18478178580062,20.218005138995544,35.94528065789887,0.8886162444890854,0.5624661921940702,59,64.40677966101694,17.668930817439445,12.114518828026831,-65.36520503742028,2.885480540813391,105.34,7,10,87.93,0.4066932270916335,-1000.0
all-confirm3-ma20,S,0.2,60.0,,all-confirm3-ma20|exit=S|trail=20%|hold=60,-0.4481535242050416,-0.1502038234783898,8.441210842851154,0.012300531007650488,-0.01779410872145163,29,48.275862068965516,0.40571694353668425,-1.8869667723366512,-26.97428325254112,1.0509355443318031,-6.405,3,10,59.29,0.11460823373173971,11.522093730926098,11.619430320498658,4.7168515842906045,1.5983271208884824,2.463386882724268,10,60.0,12.762935681495824,19.10621284631796,-23.72333142580999,3.076181948775349,9.420000000000002,6,10,36.45,0.13240000000000002,18.715340663023273,18.715340663023273,7.15881254769688,1.700060333876359,2.614307964949346,12,66.66666666666666,15.265901369111855,4.370876460896866,-27.047831583052417,5.968567710885306,9.504999999999999,7,10,34.39,0.1888888888888889,58.367173728656695,9.671082205770087,8.441210842851154,1.0670342750828614,1.1456984531976842,50,57.99999999999999,11.980384381476801,3.614475523475491,-27.047831583052407,2.784638887090915,28.2,8,10,62.24,0.14804780876494023,-1000.0
b-confirm5-ma20+jf,S-or-cond,,,,b-confirm5-ma20+jf|exit=S-or-cond|trail=none|hold=none,14.590516496282335,4.663384965839779,32.4433707722777,0.3140197414899609,0.143739224834941,36,55.55555555555556,2.0858372219321213,4.1687969685958,-52.99088510555606,1.2225775531633227,-8.86,3,10,85.43,0.33147410358565743,46.32932132543568,46.775648943548596,18.22877326220421,1.592825648976645,2.566033834022933,13,76.92307692307693,31.887136475096145,26.281533479294094,-28.116732030304547,12.937398766055177,31.79,7,10,54.89,0.4136,30.52876250942638,30.52876250942638,9.03123724602466,2.2281784130072952,3.380352179637893,16,68.75,17.110614391123846,16.574816725675724,-24.615822196118874,6.892756551091559,34.67,8,10,57.45,0.28095238095238095,159.99118496089193,21.14970724166969,32.4433707722777,0.9670984142489307,0.6518961112308882,62,66.12903225806451,16.147185771171266,12.736221128125614,-52.99088510555606,3.469881989411743,58.375,9,10,85.43,0.3803187250996016,-1000.0
stage5-ma60+jf,S-or-cond,,,,stage5-ma60+jf|exit=S-or-cond|trail=none|hold=none,5.991567848863744,1.9664578720231862,37.32209814720212,0.20180507306736747,0.05268883502388526,36,50.0,-0.2238264401134684,0.768929125097978,-52.99088510555606,0.978367665319312,-5.94,4,10,85.43,0.36719787516600266,47.127098637599076,47.58227884696158,18.49267360532868,1.5895596335034186,2.573034049184251,13,76.92307692307693,32.65308298772786,26.281533479294072,-28.116732030304547,12.972954447045032,32.269999999999996,7,10,54.89,0.364,47.98034673547302,47.98034673547302,6.4014796865480506,2.945690467296083,7.495196280369057,15,86.66666666666667,30.00876789251236,19.22286934813553,-30.546568827391486,12.777728043908812,28.68,7,10,57.45,0.24841269841269842,156.6769741035745,20.838016212328924,37.32209814720212,0.915345909266451,0.5583291735138171,61,67.21311475409836,17.68740082136346,10.88050523228099,-68.66988113497077,3.2976885163994396,89.565,8,10,85.43,0.37856573705179286,-1000.0
v4-b-only,S,,,,v4-b-only|exit=S|trail=none|hold=none,9.152048576545656,2.9740524070740904,35.69656067814162,0.2422028771114829,0.08331481662588344,30,50.0,2.4268843900871855,-0.559971627641731,-60.95102468073881,1.2008414405313192,-6.585,4,10,84.96,0.5446215139442231,45.473524679599485,45.91039500787832,20.535265917347033,1.5865192903602556,2.2356854395099806,13,92.3076923076923,30.959598446040765,26.716347572582855,-34.979075800305736,12.506158198582597,29.064999999999998,9,10,54.95,0.5312,50.78958458842138,50.78958458842138,11.95826317200287,2.0638719705317645,4.2472375676872405,14,71.42857142857143,32.116621415634214,19.624462821943865,-26.836042745826106,11.073888122057395,26.64,8,10,65.7,0.4083333333333333,186.05319986949556,23.496049348138783,35.69656067814162,0.9725824664465514,0.6582160550421408,51,66.66666666666666,24.024956306158955,10.80145256101661,-68.66988113497078,3.793132841266287,75.36,8,10,84.96,0.5921912350597609,-1000.0
v4-b+jf,S-or-cond,,120.0,,v4-b+jf|exit=S-or-cond|trail=none|hold=120,-3.22538751672512,-1.0912064515496644,37.96895752960071,0.06921229228908844,-0.028739436701651782,42,50.0,-0.3745783762890798,2.1006700099261533,-71.82800585457328,0.9681017922223684,-7.265000000000001,5,10,85.43,0.36772908366533863,46.607281226192974,47.056689261874766,18.49267360532868,1.5846533250829378,2.5446125458200557,14,85.71428571428571,30.54452806323357,25.68189263222811,-37.648995364017445,11.340860456521565,36.295,8,10,54.89,0.394,41.6780344373157,41.6780344373157,5.701693072374258,2.431270408037902,7.309764645040851,18,77.77777777777779,21.682078821912764,13.538015804453252,-35.24386075298729,8.357991261842841,19.835,8,10,48.36,0.29325396825396827,127.0089216202249,17.894157891364927,37.96895752960071,0.8236659115495737,0.47128388703889457,73,64.38356164383562,14.045521725386262,10.80145256101661,-71.82800585457328,2.64264872811284,67.435,8,10,91.56,0.40501992031872514,-1000.0
all-confirm3-ma20,S-or-MA60,0.15,60.0,,all-confirm3-ma20|exit=S-or-MA60|trail=15%|hold=60,-10.944256713579847,-3.80471310434648,12.931431563616613,-0.8067550580893676,-0.29422211188522057,29,34.48275862068966,-4.000660444036532,-3.5091489371807394,-26.97428325254111,0.4358199487963281,-6.88,3,10,60.44,0.05351925630810093,8.305716122841922,8.37486994368426,3.8592558324325843,1.5641361693192488,2.170073793321282,10,60.0,9.805382401567517,1.6819146209495428,-20.98894089426674,2.9914609914203742,1.175,5,10,25.67,0.0816,11.629750924621085,11.629750924621085,6.996192331251905,1.3522174034048067,1.6622972002457868,14,50.0,8.896505572364164,1.3718761291220238,-19.64966797933626,3.0949840364777867,1.405,5,10,24.41,0.14722222222222223,11.764469232487107,2.258458359906923,12.931431563616613,0.4023114488767576,0.17464875012455977,52,44.230769230769226,2.8603652760287575,-2.0661553314899828,-26.97428325254111,1.47604967310721,9.785,6,10,60.44,0.08199203187250995,-1000.0
b-confirm5-ma20+jf,S-or-cond,,120.0,,b-confirm5-ma20+jf|exit=S-or-cond|trail=none|hold=120,5.45127633485829,1.7922139413968585,32.4433707722777,0.18989605286817599,0.05524129887663443,36,52.77777777777778,0.5099069012511195,2.1853404112072483,-57.51582531608928,1.0485219366728182,-10.465,3,10,85.43,0.29521912350597607,41.64201853873144,42.03705011512064,16.84682350743545,1.5619952601600287,2.4952508166638854,13,76.92307692307693,29.665657463683647,26.281533479294094,-37.648995364017445,9.713795178015078,30.485,7,10,54.89,0.35559999999999997,23.52900105678262,23.52900105678262,9.03123724602466,1.8551690173092346,2.605290993450486,16,68.75,14.048853881919381,15.03857687640524,-43.514691895796034,4.4392596084625495,23.5,8,10,52.32,0.2527777777777777,121.00524890885218,17.261364107139187,32.4433707722777,0.8565190936812255,0.5320459525706474,64,64.0625,13.799223456643627,11.749290059381345,-57.51582531608928,2.8071544685595504,30.409999999999997,9,10,85.43,0.3373705179282869,-1000.0
v4-b+jf,S-or-cond,,60.0,,v4-b+jf|exit=S-or-cond|trail=none|hold=60,-4.496857500098905,-1.5280169908154062,32.70201369913393,0.010727501664986335,-0.04672547094113272,49,46.93877551020408,-0.191070833458081,-0.5986877879068486,-53.53706071392303,0.9822157998199722,-8.175,4,10,88.9,0.2969455511288181,41.85281792911528,42.25012977929794,15.910383538399564,1.56048834554113,2.655506680736366,16,87.5,23.22916025850677,18.73955599989546,-30.471372763347638,10.203506642938326,18.735,9,10,54.89,0.31800000000000006,46.12165046700283,46.12165046700283,5.701693072374258,2.7807441249716707,8.089114914036784,19,73.68421052631578,24.192902899914294,16.521418373581742,-33.52561101802986,7.361928142778777,26.42,8,10,36.47,0.26150793650793647,113.06263297125878,16.402743602976866,32.70201369913393,0.872203058458453,0.501582066287596,83,60.24096385542169,11.887424325325089,6.437643816955418,-53.53706071392303,2.4172208376969095,46.55,7,10,88.9,0.3168924302788845,-1000.0
b-confirm5-ma20+jf,S-or-cond,,60.0,,b-confirm5-ma20+jf|exit=S-or-cond|trail=none|hold=60,6.081692720162946,1.9954655810662913,25.26888094221279,0.20059403295693282,0.07896928976117724,41,53.65853658536586,2.3227480159753755,2.4236434185116007,-53.53706071392303,1.2245533260489492,-2.47,4,10,88.9,0.22390438247011954,37.89686394187741,38.2518096291492,14.620898036704643,1.5523598076933982,2.6162421441638513,15,80.0,22.705653602863833,21.737892066164697,-35.488884279708834,8.483446764095653,21.07,8,10,54.89,0.292,28.685063707391834,28.685063707391834,8.93288296012188,2.370701029516988,3.211176485290081,17,64.70588235294117,17.66545463184782,16.521418373581742,-35.27920865384615,4.815665509712933,31.165,8,10,38.86,0.2214285714285714,115.86875286891805,16.708971857586864,25.26888094221279,0.9659781272048502,0.6612470055875637,72,62.5,13.142632788677375,11.749290059381368,-53.53706071392303,2.682872172951722,38.985,7,10,88.9,0.25601593625498004,-1000.0
stage5-ma60+jf,S-or-cond,,120.0,,stage5-ma60+jf|exit=S-or-cond|trail=none|hold=120,-1.468624360326376,-0.49391285105973015,35.94528065789887,0.09149391984472692,-0.013740687011472652,37,48.64864864864865,-1.2713365547697386,-1.5469094835215969,-57.51582531608928,0.8901721926223549,-14.74,4,10,85.43,0.3152722443559096,44.72065884179375,45.14924301490486,18.49267360532868,1.5497333779130835,2.441466495244639,13,76.92307692307693,31.91983196205764,26.281533479294072,-37.648995364017445,10.224084229769408,32.269999999999996,7,10,54.89,0.3424,41.59309911565943,41.59309911565943,6.4014796865480506,2.657131041093627,6.4974195267794705,15,86.66666666666667,28.102756883279827,19.22286934813553,-52.955088779498595,7.952984737512372,28.68,7,10,57.45,0.23134920634920636,127.00863615697867,17.89412812288955,35.94528065789887,0.8419498414537809,0.4978157854209818,64,65.625,15.765968525341348,10.840978896648812,-65.36520503742028,2.7585954807326525,48.315,9,10,85.43,0.34215139442231074,-1000.0
v4-b-only,S,,60.0,,v4-b-only|exit=S|trail=none|hold=60,-14.7273848947865,-5.1920751277167,35.71031456156978,-0.23192123260044395,-0.14539427029590588,45,44.44444444444444,-2.8374553293433897,-1.2063920029851904,-55.02564835758108,0.751289905461673,-5.335,4,10,85.22,0.30026560424966803,34.18338158338692,34.49939235732153,16.986010820426966,1.5406330864014695,2.031047355499939,16,81.25,20.31328085252891,19.09165910571513,-30.471372763347638,5.265781083296864,19.09,8,10,54.95,0.3348000000000001,43.99739526301478,43.99739526301478,8.693717707349668,2.243067108876614,5.060826305162794,17,64.70588235294117,27.719715289807507,12.088364551175212,-33.52561101802986,7.189234072103094,18.33,8,10,47.64,0.31269841269841264,84.3004187131061,13.062045697317437,35.71031456156978,0.7628595899027293,0.36577795120781054,77,55.84415584415584,11.585173776631667,3.3736303741352724,-55.02564835758108,2.23412637203271,67.005,7,10,87.99,0.32980079681274904,-1000.0
v4-b-only,S,,120.0,,v4-b-only|exit=S|trail=none|hold=120,-6.503594789780031,-2.225368886896162,35.92007909250218,-0.0021638557641567627,-0.06195334039118742,38,50.0,-0.8309384394298572,-0.04405836514185246,-71.82800585457328,0.934113530648381,-12.33,4,10,84.96,0.41035856573705176,39.858142476869475,40.23397933294568,19.565435403298004,1.5349844940469355,2.0563804742195377,13,92.3076923076923,27.561546981025746,24.444103090687562,-35.24598251327249,11.165700746699585,25.58,9,10,54.95,0.4484,46.3161025706903,46.3161025706903,11.895936203196944,1.9859018675842202,3.8934390517530844,15,73.33333333333333,26.164703195549333,19.49477966155062,-35.24386075298729,8.399338837342615,15.455,8,10,55.07,0.3722222222222221,120.05099845361755,17.159523221235062,35.92007909250218,0.8391250319179215,0.4777139598452854,65,67.6923076923077,13.788810757759745,10.487435981891746,-71.82800585457328,2.5993740107786834,44.05,7,10,87.69,0.4397609561752988,-1000.0
b-confirm5-ma20+jf,S-confirm5-ma20,,60.0,,b-confirm5-ma20+jf|exit=S-confirm5-ma20|trail=none|hold=60,16.334969266424395,5.193932582321614,27.419966908866613,0.3671741417299649,0.18942154815810835,40,50.0,8.455777042960392,0.5008052860597856,-53.537060713923026,1.7777632381147426,-1.065,4,10,89.74,0.2657370517928287,37.828197300048785,38.1824156309321,14.620898036704677,1.5328576641980218,2.6114959241954896,15,80.0,22.19697809015983,22.173542036258077,-35.488884279708834,8.31579485738994,21.955,8,10,54.89,0.32360000000000005,22.21868539575327,22.21868539575327,10.845885880051942,1.583789359934857,2.048581890080413,15,60.0,14.226146778986054,11.440124873396652,-35.27920865384615,3.8759100801064235,19.78,8,10,47.64,0.28015873015873016,136.1815360352852,18.83560886866318,27.419966908866613,0.9955438554758195,0.6869304011658903,69,59.42028985507246,17.004304464606466,9.117390782078449,-53.537060713923026,3.0636019913169537,43.33,7,10,89.74,0.30031872509960156,-1000.0
stage5-ma60+jf,S,,60.0,,stage5-ma60+jf|exit=S|trail=none|hold=60,-11.279678939173742,-3.9261174468546156,35.08166834163045,-0.12050221943793346,-0.11191364699710135,44,40.909090909090914,-1.3104695876830057,-2.4414858438258022,-55.84417345778824,0.8907051338093551,-8.95,4,10,91.09,0.28632138114209826,40.98242162254246,41.37033456690429,16.296110972839905,1.5298382032038225,2.538663036589197,15,80.0,24.800876135126078,20.648580011078632,-35.488884279708834,9.045217749296489,19.09,8,10,54.89,0.31120000000000003,41.2372819640741,41.2372819640741,7.451589531401492,2.2579139196632085,5.534024893654899,15,73.33333333333333,29.34379307372633,16.521418373581742,-30.78449843420483,8.03747994364031,20.1,7,10,47.64,0.26785714285714285,100.65662306881053,15.008965925214968,35.08166834163045,0.7935391004246838,0.42782930900136934,73,54.794520547945204,13.764434350883553,3.708865299311781,-55.84417345778824,2.4456796719906215,44.695,6,10,91.09,0.30764940239043825,-1000.0
b-confirm3-ma20+jf,S-or-cond,,120.0,,b-confirm3-ma20+jf|exit=S-or-cond|trail=none|hold=120,8.539974223689416,2.7804469524083775,29.747826294639523,0.23579054649080242,0.09346723101275492,33,57.57575757575758,1.1963672692983236,5.913950518680022,-57.51582531608928,1.1183372049184859,-2.25,4,10,85.43,0.2703851261620186,37.803545838139144,38.157503114084676,15.701377825626583,1.4979005668769803,2.430200937640449,12,75.0,29.444125045020474,23.338272643870884,-37.648995364017445,8.983437263278779,13.315,7,10,54.89,0.32839999999999997,23.86833472129368,23.86833472129368,9.393552943351157,1.9373672683693228,2.5409272577941775,15,66.66666666666666,14.529377972499717,13.55573537922874,-26.0765539858968,5.548064216765319,12.74,8,10,50.57,0.24722222222222218,121.89592400003436,17.35610341247289,29.747826294639523,0.8884321619218247,0.5834410635778255,59,66.10169491525424,14.662859892476957,11.581807686027567,-57.51582531608928,3.028077518208108,71.815,9,10,85.43,0.31593625498007966,-1000.0
all-confirm5-ma60,S,0.15,60.0,,all-confirm5-ma60|exit=S|trail=15%|hold=60,8.24636360434341,2.6873170076586073,4.658877282124207,0.7118458315048914,0.5768164398683903,14,57.14285714285714,5.65223542610757,5.630170190013894,-18.422495617290522,2.8364300889320395,0.34,5,10,28.28,0.06998671978751661,8.27651610391904,8.345417562840618,5.906886609187245,1.4898955215344125,1.4128284686996728,7,57.14285714285714,14.285272292195502,16.47453362647122,-26.303071854297144,3.096236762582266,0.0,3,10,26.3,0.0768,9.974965241692635,9.974965241692635,3.335147930285587,1.6886944105829693,2.9908614101079722,9,66.66666666666666,11.476212464549745,9.144587744874432,-11.62483210661065,5.205042644008668,0.885,5,10,16.32,0.10555555555555556,36.4349438430253,6.437002103203193,5.634613953447232,1.1806687254335213,1.1424033938057219,29,62.06896551724138,11.612134343526366,9.15322698869565,-26.303071854297144,3.703777097102967,8.92,6,10,37.06,0.0850199203187251,-1000.0
all-confirm3-ma20,S-or-cond,0.2,60.0,,all-confirm3-ma20|exit=S-or-cond|trail=20%|hold=60,-0.0367899673338834,-0.012313687485432379,8.441210842851154,0.031170163338691458,-0.0014587584310680757,29,48.275862068965516,0.6209208477022897,-1.8869667723366068,-26.97428325254112,1.0779532180465143,-6.405,3,10,55.32,0.09893758300132802,10.323841171075276,10.410589679034988,4.441151133749788,1.4885435091036876,2.3441196585095803,10,60.0,11.572697199066376,13.372845419217395,-23.72333142580999,2.882562572040532,4.36,6,10,36.45,0.11880000000000002,12.076773352427894,12.076773352427894,6.123157592615014,1.4672577662522197,1.97231137199431,12,58.333333333333336,10.848307914973837,4.12635665807154,-27.047831583052417,4.034497402955759,6.45,6,10,34.39,0.14325396825396824,40.6311673475612,7.086397736285122,8.441210842851154,0.9405004590402184,0.8395001461533896,50,56.00000000000001,8.679531135001726,4.1263566580715505,-27.047831583052407,2.270115032287451,21.42,7,10,58.56,0.12573705179282868,-1000.0
all-confirm5-ma20,S-or-cond,0.2,60.0,,all-confirm5-ma20|exit=S-or-cond|trail=20%|hold=60,3.401904571194825,1.1258395721688297,10.502369384678744,0.1795438518053706,0.1071986264176965,36,50.0,1.6113048104459313,0.03003531578315566,-26.97428325254112,1.2168534472914496,-2.6,4,10,58.7,0.12217795484727756,13.172236078279154,13.284323628746876,5.330788652153107,1.48491444352855,2.4919996825200212,12,66.66666666666666,11.550006791112573,13.372845419217395,-23.72333142580999,3.1409008949349766,10.295,6,10,36.45,0.1592,17.037638597821392,17.037638597821392,7.617258639565305,1.7715723727993182,2.2367152546619686,15,60.0,11.591053324633467,5.446972707992148,-27.047831583052417,4.227165742800377,11.825,7,10,34.39,0.1662698412698413,55.829752177105775,9.315962321018013,10.502369384678744,1.0444229978634383,0.8870343424226244,62,58.06451612903226,8.718323221536718,2.4948200167936863,-27.047831583052428,2.377425619573284,38.615,8,10,62.72,0.15235059760956174,-1000.0
b-confirm3-ma20+jf,S-confirm5-ma20,,60.0,,b-confirm3-ma20+jf|exit=S-confirm5-ma20|trail=none|hold=60,20.01302689873068,6.295451289755216,24.62337083223144,0.43467795978183915,0.2556697591344647,37,51.35135135135135,9.89493663494593,2.6238362226523426,-53.537060713923026,1.932506678782349,-1.065,4,10,89.74,0.2456839309428951,34.73262293551511,35.05434056178834,13.445778176992496,1.480970340165199,2.6070890133953677,14,78.57142857142857,21.92916351083385,21.955717051211387,-35.488884279708834,7.745692000142375,17.299999999999997,8,10,54.89,0.29960000000000003,22.63451484806087,22.63451484806087,10.545815875257325,1.5991879360126755,2.1463028670134614,15,60.0,14.41805778423648,11.440124873396652,-35.27920865384615,4.032349450677208,19.78,8,10,47.64,0.28015873015873016,138.9867650565471,19.117690138385402,24.62337083223144,1.0359110405438725,0.7764042652259768,65,60.0,18.12478253400712,9.117390782078449,-53.537060713923026,3.250779639102874,43.33,7,10,89.74,0.2835059760956175,-1000.0
v4-b-only,S-or-cond,,120.0,,v4-b-only|exit=S-or-cond|trail=none|hold=120,-8.563057823579323,-2.9514762653272464,35.92007909250218,-0.04876633245742412,-0.08216786654969606,40,52.5,-1.695445741934987,0.8779092778502418,-71.82800585457328,0.8520967186727136,-20.1,3,10,81.84,0.34209827357237715,37.42988167152576,37.779886274897365,19.565435403298025,1.4801619586144554,1.930950448898727,14,85.71428571428571,24.422893584019416,21.57193544450722,-35.24598251327249,9.778498041681985,24.14,8,10,54.95,0.38799999999999996,32.1105812147493,32.1105812147493,5.701693072374248,2.0798418710033912,5.631762497060913,16,75.0,19.308943123911018,9.958202418936201,-35.24386075298729,6.8245761784539285,15.19,8,10,48.36,0.2718253968253968,86.71850840790252,13.35836137096229,35.92007909250218,0.7288492468522001,0.3718912014798616,69,66.66666666666666,11.326574387663019,9.361791602547665,-71.82800585457328,2.3598730336095173,53.445,8,10,87.69,0.3733864541832669,-1000.0
all-confirm5-ma20,S-confirm5-ma20,,60.0,,all-confirm5-ma20|exit=S-confirm5-ma20|trail=none|hold=60,-1.7281283565635075,-0.5816948806995792,20.058122888783448,0.010820580462486636,-0.02900046449634948,29,51.724137931034484,-0.5389772394122612,0.012664477123380813,-48.335691163754866,0.9422893699972814,-0.76,3,10,71.33,0.19402390438247014,19.938155808853097,20.112726594454156,9.961215861297157,1.47624075663512,2.0191035787708613,12,75.0,16.030691253377405,21.955717051211387,-35.488884279708834,3.827056672565175,21.955,6,10,46.17,0.25039999999999996,10.40368098945812,10.40368098945812,12.029405382964208,0.8422452950708685,0.8648541352003645,13,38.46153846153847,7.616456400418384,-0.6871410711489889,-35.27920865384615,2.1257036794114104,4.1000000000000005,5,10,47.64,0.25039682539682534,42.809989786890746,7.417497701412268,20.058122888783448,0.6192537820053756,0.36980019229816125,53,56.60377358490566,6.908743761485338,3.9341708331494196,-48.335691163754866,1.8368867664549913,25.285,6,10,80.27,0.23091633466135453,-1000.0
all-confirm5-ma60,S,0.15,,,all-confirm5-ma60|exit=S|trail=15%|hold=none,13.016492718126171,4.180038915723627,5.577423033794293,0.8848401356025295,0.7494570324675494,12,58.333333333333336,11.079649524905584,8.817545540053418,-18.422495617290522,4.28532431039292,0.0,4,10,28.28,0.12324037184594953,8.35013297244478,8.419670788862788,5.906886609187245,1.475623352173173,1.4253990885430738,6,66.66666666666666,16.663931890348092,20.78398867106702,-26.303071854297144,3.1335096497540382,0.0,3,10,26.3,0.09159999999999999,9.974965241692635,9.974965241692635,3.335147930285587,1.6886944105829693,2.9908614101079722,9,66.66666666666666,11.476212464549745,9.144587744874432,-11.62483210661065,5.205042644008668,0.885,5,10,16.32,0.10555555555555556,44.62617373684026,7.690418844332436,5.9068866091872,1.2870689384157006,1.301941166835883,26,65.38461538461539,16.304682503804287,10.370122672380955,-26.303071854297144,4.838027412637718,18.025,6,10,37.06,0.12207171314741036,-1000.0
all-confirm5-ma60,S,0.15,120.0,,all-confirm5-ma60|exit=S|trail=15%|hold=120,10.91735088081296,3.5284208800171024,4.658877282124207,0.8373395612085055,0.7573543294551697,13,61.53846153846154,8.197619681364756,9.037865665753175,-18.422495617290522,3.633310656307694,0.0,4,10,28.28,0.0949535192563081,8.35013297244478,8.419670788862788,5.906886609187245,1.475623352173173,1.4253990885430738,6,66.66666666666666,16.663931890348092,20.78398867106702,-26.303071854297144,3.1335096497540382,0.0,3,10,26.3,0.09159999999999999,9.974965241692635,9.974965241692635,3.335147930285587,1.6886944105829693,2.9908614101079722,9,66.66666666666666,11.476212464549745,9.144587744874432,-11.62483210661065,5.205042644008668,0.885,5,10,16.32,0.10555555555555556,40.30405391102623,7.036335300748764,5.634613953447232,1.2511030636974148,1.2487697220931995,27,66.66666666666666,13.58756078468437,9.15322698869565,-26.303071854297144,4.321449411043936,7.475,6,10,37.06,0.09936254980079681,-1000.0
all-confirm5-ma60,S-or-cond,0.15,,,all-confirm5-ma60|exit=S-or-cond|trail=15%|hold=none,10.783741166932126,3.486668828855133,4.658877282124207,0.981251118647115,0.7483925026815456,14,71.42857142857143,7.6288204892779,8.817545540053418,-18.422495617290522,3.8974965408831896,5.01,6,10,19.26,0.05644090305444886,7.814342071121305,7.879257652333704,5.634613953447232,1.4742230153738887,1.3983669009858626,7,57.14285714285714,13.750102247971812,6.350679029987116,-26.303071854297144,3.0177053143894748,0.0,3,10,26.3,0.06760000000000001,10.793979188769164,10.793979188769164,2.350663055130686,2.4240846138239927,4.591887027453652,9,66.66666666666666,12.571219906074093,11.916772432735101,-7.672306384325067,6.964980174930746,0.885,5,10,14.45,0.07896825396825397,44.90082377977169,7.731452228696334,5.6346139534472535,1.5628420207580003,1.3721352150427688,29,68.96551724137932,15.288474760262194,11.712153851869145,-26.303071854297144,4.814719903328622,7.075,6,10,36.95,0.07330677290836654,-1000.0
all-confirm5-ma60,S-or-cond,0.15,120.0,,all-confirm5-ma60|exit=S-or-cond|trail=15%|hold=120,10.783741166932126,3.486668828855133,4.658877282124207,0.981251118647115,0.7483925026815456,14,71.42857142857143,7.6288204892779,8.817545540053418,-18.422495617290522,3.8974965408831896,5.01,6,10,19.26,0.05644090305444886,7.814342071121305,7.879257652333704,5.634613953447232,1.4742230153738887,1.3983669009858626,7,57.14285714285714,13.750102247971812,6.350679029987116,-26.303071854297144,3.0177053143894748,0.0,3,10,26.3,0.06760000000000001,10.793979188769164,10.793979188769164,2.350663055130686,2.4240846138239927,4.591887027453652,9,66.66666666666666,12.571219906074093,11.916772432735101,-7.672306384325067,6.964980174930746,0.885,5,10,14.45,0.07896825396825397,44.90082377977169,7.731452228696334,5.6346139534472535,1.5628420207580003,1.3721352150427688,29,68.96551724137932,15.288474760262194,11.712153851869145,-26.303071854297144,4.814719903328622,7.075,6,10,36.95,0.07330677290836654,-1000.0
v4-b-only,S-or-cond,,,,v4-b-only|exit=S-or-cond|trail=none|hold=none,0.5376751130858004,0.17961818541436525,35.69656067814162,0.1176908826340804,0.005031806482251731,38,52.63157894736842,-0.8325924481368202,0.8779092778502418,-60.95102468073881,0.9188198302936643,-13.125,3,10,81.84,0.39282868525896414,40.086500108408174,40.464783900444786,20.53526591734701,1.4654217356185317,1.970502065242918,14,85.71428571428571,25.897491452405447,24.0993159160525,-34.979075800305736,10.37275105699675,25.04,8,10,54.95,0.4452,37.83127103293944,37.83127103293944,7.096427971343012,2.3015479973462556,5.331030088054259,16,75.0,22.028207848171988,14.292330475341586,-26.836042745826106,8.89656807367617,26.375,8,10,57.45,0.3019841269841269,116.5548582093456,16.78336128058533,35.69656067814162,0.817657119354989,0.47016746044283275,65,67.6923076923077,13.429350738920668,10.80145256101661,-68.6698811349708,2.78424590635272,74.60499999999999,9,10,85.02,0.4283665338645418,-1000.0
v4-b-only,S-confirm5-ma20,,60.0,,v4-b-only|exit=S-confirm5-ma20|trail=none|hold=60,-4.098960940510532,-1.3909067770558337,36.982474787029076,0.013520493138930697,-0.03760988914521396,45,42.22222222222222,5.764608981941225,-2.0566552604894706,-55.02564835758108,1.4883381189865033,-0.5800000000000001,5,10,87.06,0.31381142098273573,32.149353123390114,32.44438831604286,17.501522834874507,1.4559631960737296,1.8538037302326842,16,81.25,18.687791401017652,19.09165910571513,-30.471372763347638,4.924428930304205,19.09,8,10,54.95,0.3484,41.104934901138954,41.104934901138954,8.954611683473967,2.0880999178697714,4.590364870539219,17,64.70588235294117,26.02068095146384,11.440124873396652,-33.52561101802986,6.809875153491964,15.735,8,10,47.64,0.32301587301587303,99.08104510669405,14.827062069849495,36.982474787029076,0.8186370477672067,0.40092130543545496,77,54.54545454545454,15.747812978118377,3.3736303741352947,-55.02564835758108,2.637209073765606,72.13,7,10,87.99,0.34278884462151393,-1000.0
stage5-ma60+jf,S-confirm5-ma20,,60.0,,stage5-ma60+jf|exit=S-confirm5-ma20|trail=none|hold=60,-5.410261598176436,-1.8442087152829911,36.95028611092779,0.0008506923119931102,-0.049910539521846334,44,38.63636363636363,3.0434478300065013,-2.4414858438258022,-55.84417345778824,1.2491852883938068,-8.24,4,10,91.87,0.29960159362549804,38.68453793536166,39.04784685573674,16.296110972839838,1.4552066664915762,2.39614512449114,15,80.0,22.980845216059024,20.648580011078632,-35.488884279708834,8.454813403314207,19.09,8,10,54.89,0.3236,38.12799813988883,38.12799813988883,7.451589531401492,2.082755845230835,5.116760387728674,15,73.33333333333333,27.266213955456376,12.088364551175212,-30.78449843420483,7.539217113766351,15.559999999999999,7,10,47.64,0.2781746031746032,104.81921925342705,15.484113639945662,36.95028611092779,0.7995222159198401,0.4190526047203284,73,53.42465753424658,15.40366600623097,3.3736303741352724,-55.84417345778824,2.5952896588827894,47.315,6,10,91.87,0.3202390438247012,-1000.0
stage5-ma60+jf,S-or-cond,,60.0,,stage5-ma60+jf|exit=S-or-cond|trail=none|hold=60,-12.498897612130232,-4.369997401791837,35.08166834163045,-0.1516012949050674,-0.12456640771003702,44,45.45454545454545,-2.0776641092384116,-1.376650743253388,-55.84417345778824,0.8251013226284856,-11.915,4,10,88.9,0.2575033200531208,38.198936808681225,38.557085505830166,16.296110972839895,1.4523639097654322,2.3660298809999385,15,80.0,23.127612547859115,19.944373799439298,-35.488884279708834,8.502423622258952,18.735,8,10,54.89,0.2928,38.86244182958709,38.86244182958709,3.6016932777609867,2.7397989204475253,10.790047578328533,16,81.25,24.093018821052667,17.872143860858635,-30.78449843420483,7.5716500628265795,19.835,7,10,40.29,0.2007936507936508,81.23239892525613,12.681581422413446,35.08166834163045,0.7188848714109637,0.36148740986085215,74,59.45945945945946,10.930950074932607,6.368174246964653,-55.84417345778824,2.178675432954143,44.185,6,10,88.9,0.27235059760956176,-1000.0
v4-b-only,S-or-cond,,60.0,,v4-b-only|exit=S-or-cond|trail=none|hold=60,-14.900053049250017,-5.2563654571367575,35.71031456156978,-0.24734597797165667,-0.14719459970239185,45,46.666666666666664,-3.0239158999165947,-0.5986877879068375,-55.02564835758108,0.7337727339929706,-3.66,5,10,83.6,0.2778220451527224,31.289343627548337,31.575586001702362,16.986010820426877,1.441542423008343,1.8589171015792882,16,81.25,18.61771353905424,18.73955599989546,-30.471372763347638,4.909712606531021,18.735,7,10,54.95,0.31560000000000005,34.57991078152993,34.57991078152993,5.701693072374248,2.3628509471029706,6.0648495705733385,17,70.58823529411765,20.884989490490234,9.361791602547642,-33.52561101802986,5.913945761968442,18.064999999999998,8,10,41.62,0.24007936507936506,59.79288406354746,9.868623695093138,35.71031456156978,0.6384686182195395,0.2763521916917924,77,58.44155844155844,8.441057757775743,3.708865299311759,-55.02564835758108,1.9069091539646423,49.5,7,10,87.99,0.29705179282868527,-1000.0
all-confirm5-ma20,S,,120.0,,all-confirm5-ma20|exit=S|trail=none|hold=120,13.779574003707573,4.414918954899849,17.59450938917948,0.38653779582781006,0.25092594838791005,28,53.57142857142857,3.692042633735183,1.4656347302740569,-36.74616428221981,1.4611738656384945,-5.31,4,10,77.87,0.2715803452855246,23.454633299444616,23.66290743329138,11.743003795802897,1.4402538273272085,2.015064275270763,10,80.0,22.801532826396414,20.78398867106702,-40.35366892733887,6.620282539978081,15.425,6,10,50.24,0.31720000000000004,15.299146307469957,15.299146307469957,9.47638735591979,1.0719723273977635,1.6144492339596856,12,66.66666666666666,11.706524619886311,7.860908602601658,-43.514691895796034,3.3678405928309787,10.18,7,10,52.32,0.2849206349206349,110.08837840096581,16.074627821218268,17.59450938917948,1.0642635056391483,0.9136161438581555,49,65.3061224489796,17.609581097053205,9.037865665753152,-43.514691895796034,3.793408617220345,15.420000000000002,6,10,77.87,0.30876494023904383,-1000.0
all-confirm5-ma20,Scond,0.2,60.0,,all-confirm5-ma20|exit=Scond|trail=20%|hold=60,-0.5010383157439846,-0.167958427480408,13.806691055493491,0.030385365911417227,-0.012165002230102025,35,42.857142857142854,0.8353420164432819,-2.915213880097467,-26.97428325254112,1.0982371996605182,-5.02,3,10,65.2,0.1443559096945551,13.166301774553757,13.278335927401063,6.777909106390756,1.4001782660292361,1.9590607839342644,12,66.66666666666666,11.151882501557413,13.372845419217395,-23.72333142580999,3.0671048649222628,10.295,6,10,36.45,0.1688,14.996823598715391,14.996823598715391,7.617258639565305,1.5581658871682482,1.9687953774891405,15,53.333333333333336,10.401904316560213,2.8057406081509306,-27.047831583052417,3.370990916944436,11.615,7,10,34.39,0.17142857142857143,47.325495752086425,8.091033226543631,13.806691055493491,0.8334490371845333,0.5860226171515818,61,52.459016393442624,8.018873943261925,0.25567414087324103,-27.047831583052407,2.1258350555217063,33.34,8,10,76.42,0.16860557768924306,-1000.0
b-confirm5-ma20+jf,S-confirm5-ma20,,,,b-confirm5-ma20+jf|exit=S-confirm5-ma20|trail=none|hold=none,40.25758869157112,11.987765034452845,34.96234124185913,0.5197369785236183,0.3428764953561043,19,47.368421052631575,10.97116235966817,-6.74981682387048,-45.30037595689663,1.6848119021900148,7.880000000000001,6,10,90.47,0.6675962815405047,40.90649398733397,41.29358908986749,20.930493499062585,1.3998922181282065,1.9728913267963273,11,90.9090909090909,32.04750377795145,27.19242828208246,-32.90210705195257,11.71428468094251,28.255000000000003,8,10,54.89,0.5240000000000001,52.34421979605144,52.34421979605144,12.43469560108732,1.9450744355958083,4.209529647953291,13,69.23076923076923,37.760893069909386,16.62821507776968,-32.24579956160145,10.67021276900212,31.91,8,10,65.7,0.43849206349206343,270.2821237659633,30.06473587069829,34.96234124185913,1.0183963908957343,0.8599176943763389,33,63.63636363636363,54.400457003337785,27.064193173199858,-75.35625553044463,6.426884911591466,55.94,7,10,90.47,0.696414342629482,-1000.0
v4-b+jf,S-confirm5-ma20,,,,v4-b+jf|exit=S-confirm5-ma20|trail=none|hold=none,29.51991119065609,9.042223315856756,40.968801016498816,0.42570356892887573,0.2207099815348588,21,42.857142857142854,9.152128331712078,-11.432341348409503,-63.33431087212866,1.4733677431029821,-0.9300000000000006,5,10,90.38,0.7555112881806109,44.315111926393016,44.73924570590051,22.51593772137006,1.3933449366023487,1.9870034399428156,12,91.66666666666666,31.684323964655004,27.050674795041363,-32.90210705195257,12.555852243003883,29.064999999999998,9,10,54.89,0.5784,53.79297213312819,53.79297213312819,13.457642985776308,1.9563081547669443,3.997206062754319,13,76.92307692307693,40.195022920160724,14.563023887570248,-34.24130143645999,11.31311797692407,26.159999999999997,8,10,65.7,0.4630952380952381,255.7342809031907,29.022153897425508,40.968801016498816,0.9477603747060901,0.7083964670027274,35,62.857142857142854,53.38623045051434,27.385002017499872,-84.92941846437407,5.715984419239475,47.650000000000006,8,10,91.79,0.7710756972111553,-1000.0
all-confirm5-ma60,S-or-cond,0.15,60.0,,all-confirm5-ma60|exit=S-or-cond|trail=15%|hold=60,9.990910362578331,3.238223232123816,4.658877282124207,0.9243883193342896,0.6950651489681121,14,71.42857142857143,6.981996147402089,8.817545540053418,-18.422495617290522,3.6518266767438634,1.315,6,10,19.26,0.05391766268260292,7.26956034383055,7.329798155578571,5.634613953447232,1.3828450961738168,1.3008518802063154,7,57.14285714285714,12.839007349840639,6.350679029987116,-26.303071854297144,2.8840102345479006,0.0,3,10,26.3,0.0644,10.793979188769164,10.793979188769164,2.350663055130686,2.4240846138239927,4.591887027453652,9,66.66666666666666,12.571219906074093,11.916772432735101,-7.672306384325067,6.964980174930746,0.885,5,10,14.45,0.07896825396825397,43.34851735829035,7.498711113919465,5.634613953447232,1.5336281631335464,1.3308296142155023,29,68.96551724137932,14.783609970743663,11.712153851869145,-26.303071854297144,4.803289635243578,7.075,6,10,36.95,0.06980079681274899,-1000.0
all-confirm5-ma60,S,0.2,60.0,,all-confirm5-ma60|exit=S|trail=20%|hold=60,8.088553733405956,2.6371920557757056,5.292402495113258,0.696279944422169,0.49829771227920744,14,64.28571428571429,5.61957579850637,5.630170190013894,-20.26225293766669,2.739828542270376,0.105,5,10,24.35,0.0706507304116866,7.894959875621188,7.960569571138021,5.896386038527169,1.3680950932055589,1.3500760498249968,7,57.14285714285714,13.842404955413997,16.47453362647122,-26.24017518896776,2.9073004740365738,0.0,3,10,27.68,0.07919999999999999,14.680590077113354,14.680590077113354,3.6985880789619174,1.8805120035587164,3.9692417116192495,8,75.0,17.730760701528297,8.737062930912442,-7.672306384325067,11.963896603450369,2.5300000000000002,6,10,21.21,0.12182539682539681,41.54547149073578,7.2258337195505895,5.624082997797686,1.2104506990277724,1.2848021130520526,28,67.85714285714286,13.276955830344855,10.6204036542888,-26.24017518896776,4.14636788448128,11.315000000000001,8,10,37.06,0.08916334661354583,-1000.0
v4-b+jf,Scond,,,,v4-b+jf|exit=Scond|trail=none|hold=none,4.673492957064562,1.5403328107805425,44.092989246133584,0.20354226576308368,0.0349337352063426,27,44.44444444444444,-3.3702896055661022,-1.2406180384206267,-69.42593488086712,0.7427232958405148,-12.94,3,10,92.28,0.5645418326693228,45.559258836048876,45.997074769146494,24.597425480327338,1.3665711346516252,1.8699954922491495,13,84.61538461538461,30.346743552358852,25.082251785162146,-36.54566401161975,10.801565423423495,36.295,8,10,57.28,0.5016,42.09756333486023,42.09756333486023,9.208924897156656,2.2064285185461814,4.571387410039391,16,81.25,24.16194390293279,14.731015772741952,-34.24130143645999,8.061193410656175,25.195,8,10,57.45,0.376984126984127,138.40245431805914,19.059153494491454,44.092989246133584,0.7344951407247104,0.4322490677168754,48,64.58333333333334,18.42974496936753,13.637623442149716,-69.42593488086712,2.917705557898887,51.715,8,10,92.28,0.574422310756972,-1000.0
all-confirm3-ma20,Scond,0.2,60.0,,all-confirm3-ma20|exit=Scond|trail=20%|hold=60,-0.14779146165574408,-0.049484428115842416,11.908409895897998,0.0328994874763871,-0.004155418611588769,28,42.857142857142854,1.0051281819259505,-2.401090326217037,-26.97428325254111,1.1212852759840928,-2.6,4,10,55.32,0.11341301460823372,10.321464981195682,10.40819259647867,5.692602422802229,1.364355883953231,1.8283715993914706,10,60.0,11.094948051600184,13.372845419217395,-23.72333142580999,2.804845800541777,4.36,6,10,36.45,0.12840000000000001,10.122462219280148,10.122462219280148,6.123157592615014,1.2268324296415607,1.6531441607004522,12,50.0,9.361871654882268,0.3589611438337137,-27.047831583052417,3.048865415652104,6.24,6,10,34.39,0.1484126984126984,38.02253601991976,6.684546274761027,11.908409895897998,0.8122886884489315,0.5613298780606808,49,51.02040816326531,8.602014584997676,0.2556741408732188,-27.047831583052396,2.188440678012099,17.38,7,10,64.12,0.13737051792828686,-1000.0
all-confirm5-ma20,S-or-cond,,120.0,,all-confirm5-ma20|exit=S-or-cond|trail=none|hold=120,14.143945791442869,4.526704708448803,17.59450938917948,0.4179248528937045,0.257279393719992,30,56.666666666666664,3.4575465666828222,2.1853404112072594,-35.03335327559439,1.532006758753013,-2.25,4,10,63.92,0.20756972111553784,21.449130204867075,21.638082156152393,11.743003795802897,1.3598997138522826,1.8426360522753238,11,72.72727272727273,19.266568441884637,10.854868438631705,-40.35366892733887,5.51279847133615,12.03,6,10,50.24,0.2692,10.697299088923007,10.697299088923007,10.238846181830763,0.9768209748828833,1.0447758369400828,14,64.28571428571429,7.127104837452373,7.860908602601658,-43.514691895796034,2.5266703247757554,10.18,7,10,52.32,0.22142857142857145,77.77706644077101,12.246873026654836,17.59450938917948,0.9341237198188583,0.6960622064396176,54,64.81481481481481,11.162338038779788,9.378354294311176,-43.514691895796034,2.854524332559344,31.52,8,10,63.92,0.2529880478087649,-1000.0
all-confirm5-ma60,S,0.2,,,all-confirm5-ma60|exit=S|trail=20%|hold=none,13.716448962727945,4.395528604243815,5.577423033794338,0.9183152382158083,0.7880930991984525,12,66.66666666666666,11.809203541219194,8.817545540053418,-20.26225293766669,4.326590613863195,0.105,5,10,24.35,0.12788844621513945,7.968317325246965,8.034559046227653,5.896386038527169,1.3575455320108578,1.3626243250916061,6,66.66666666666666,16.147253330769665,20.78398867106702,-26.24017518896776,2.9390856757032076,0.0,3,10,27.68,0.094,14.680590077113354,14.680590077113354,3.6985880789619174,1.8805120035587164,3.9692417116192495,8,75.0,17.730760701528297,8.737062930912442,-7.672306384325067,11.963896603450369,2.5300000000000002,6,10,21.21,0.12182539682539681,47.22360674071475,8.076018550180365,6.737194714330341,1.2208168597360745,1.1987212619819758,25,72.0,17.3863859605827,8.481864091411184,-26.24017518896776,5.1770918074369305,14.670000000000002,8,10,37.06,0.14294820717131473,-1000.0
all-confirm5-ma60,S,0.2,120.0,,all-confirm5-ma60|exit=S|trail=20%|hold=120,11.231072109282469,3.6263250930596236,5.292402495113258,0.8526933941406524,0.6851945021959295,13,69.23076923076923,8.530401818301353,9.037865665753175,-20.26225293766669,3.6032168383789704,0.105,5,10,24.35,0.09760956175298804,7.968317325246965,8.034559046227653,5.896386038527169,1.3575455320108578,1.3626243250916061,6,66.66666666666666,16.147253330769665,20.78398867106702,-26.24017518896776,2.9390856757032076,0.0,3,10,27.68,0.094,14.680590077113354,14.680590077113354,3.6985880789619174,1.8805120035587164,3.9692417116192495,8,75.0,17.730760701528297,8.737062930912442,-7.672306384325067,11.963896603450369,2.5300000000000002,6,10,21.21,0.12182539682539681,45.4117183612889,7.807616053315258,5.624082997797664,1.277676199763065,1.3882469473463754,26,73.07692307692307,15.401742139366442,9.659266247210052,-26.24017518896776,4.848290881078857,11.315000000000001,8,10,37.06,0.10525896414342628,-1000.0
b-confirm3-ma20+jf,S-confirm5-ma20,,,,b-confirm3-ma20+jf|exit=S-confirm5-ma20|trail=none|hold=none,45.19229098175004,13.291219185505687,30.67170705404134,0.5687217100478682,0.4333380976183528,19,47.368421052631575,12.442710323632815,-1.7262471681799507,-45.30037595689663,1.8466476200751478,7.880000000000001,6,10,90.47,0.6221779548472777,37.82346846113687,38.17763671162852,19.975861837616605,1.3571789836283326,1.9111884644564425,11,81.81818181818183,29.75618186438283,27.19242828208246,-32.90210705195257,10.914760066476106,22.875,8,10,54.89,0.4856000000000001,51.72917233809014,51.72917233809014,12.434695601087341,1.955986118301428,4.160067443353155,13,69.23076923076923,37.659901958721335,16.62821507776968,-33.55868400704616,10.401207562058712,31.91,8,10,65.7,0.4238095238095238,274.9232331269645,30.390453340275727,30.67170705404134,1.051563321801116,0.9908301904008776,33,63.63636363636363,54.65840401500682,29.025149641652725,-75.35625553044463,6.550562511043703,57.725,8,10,90.47,0.6615139442231075,-1000.0
v4-b+jf,Scond,,120.0,,v4-b+jf|exit=Scond|trail=none|hold=120,-7.316783734156607,-2.5107920162403707,44.20201450041026,0.029421811681915794,-0.05680266034519913,39,53.84615384615385,-0.3927853724559254,8.884919606867324,-71.82800585457328,0.9724198743681453,-20.41,5,10,91.62,0.43745019920318723,41.658943739934905,42.05415830716668,23.366022973717826,1.3498580960684083,1.7997995788358732,13,84.61538461538461,28.03628128516673,25.082251785162146,-37.648995364017445,9.813714602786591,36.295,8,10,57.28,0.42519999999999997,36.33042049172324,36.33042049172324,8.12801595767041,2.060756336266812,4.469777210198291,16,81.25,21.447999607484608,11.989955743057145,-35.24386075298729,6.4409460705654435,19.835,8,10,48.36,0.3333333333333333,96.47603587883768,14.523768459851883,44.20201450041026,0.6596354769621062,0.32857707106804107,67,67.16417910447761,13.041873810227427,12.94061317190216,-71.82800585457328,2.2446123970861898,34.295,7,10,92.12,0.4623904382470119,-1000.0
all-confirm5-ma60,S-or-cond,0.2,,,all-confirm5-ma60|exit=S-or-cond|trail=20%|hold=none,10.04760243458076,3.256028034915137,5.292402495113258,0.9104954935764198,0.6152268346788802,14,71.42857142857143,7.218913748514684,8.817545540053418,-20.26225293766669,3.3724517695024203,3.79,6,10,21.64,0.05697211155378486,7.434414500514941,7.496065482440595,5.624082997797652,1.345134289627708,1.332851148422951,7,57.14285714285714,13.307234911190305,6.350679029987116,-26.24017518896776,2.833561114270279,0.0,3,10,27.68,0.06999999999999999,10.793979188769164,10.793979188769164,2.350663055130686,2.4240846138239927,4.591887027453652,9,66.66666666666666,12.571219906074093,11.916772432735101,-7.672306384325067,6.964980174930746,0.885,5,10,14.45,0.07896825396825397,42.73981387717589,7.406896707016886,5.624082997797664,1.4836645340126646,1.3169963369881552,29,68.96551724137932,14.836998858472402,11.712153851869145,-26.24017518896776,4.327252776055073,4.5600000000000005,6,10,36.9,0.0749003984063745,-1000.0
all-confirm5-ma60,S-or-cond,0.2,120.0,,all-confirm5-ma60|exit=S-or-cond|trail=20%|hold=120,10.04760243458076,3.256028034915137,5.292402495113258,0.9104954935764198,0.6152268346788802,14,71.42857142857143,7.218913748514684,8.817545540053418,-20.26225293766669,3.3724517695024203,3.79,6,10,21.64,0.05697211155378486,7.434414500514941,7.496065482440595,5.624082997797652,1.345134289627708,1.332851148422951,7,57.14285714285714,13.307234911190305,6.350679029987116,-26.24017518896776,2.833561114270279,0.0,3,10,27.68,0.06999999999999999,10.793979188769164,10.793979188769164,2.350663055130686,2.4240846138239927,4.591887027453652,9,66.66666666666666,12.571219906074093,11.916772432735101,-7.672306384325067,6.964980174930746,0.885,5,10,14.45,0.07896825396825397,42.73981387717589,7.406896707016886,5.624082997797664,1.4836645340126646,1.3169963369881552,29,68.96551724137932,14.836998858472402,11.712153851869145,-26.24017518896776,4.327252776055073,4.5600000000000005,6,10,36.9,0.0749003984063745,-1000.0
b-confirm3-ma20+jf,S-confirm3-ma20,0.2,,,b-confirm3-ma20+jf|exit=S-confirm3-ma20|trail=20%|hold=none,15.594909097207022,4.9695059620189275,15.255992011652442,0.40866667933866,0.32574125354963784,44,40.909090909090914,3.765282490130079,-2.2687197653151134,-34.38185233852088,1.4460367829784841,-5.305,4,10,69.08,0.2804780876494024,25.78432976237861,26.015379686574637,11.89329350093299,1.33480031901598,2.1873991156893435,15,60.0,16.446286731967138,3.7543327154057726,-23.72333142580999,4.3077481362228625,15.595,6,10,44.92,0.3656,28.039125464265858,28.039125464265858,9.704373497585284,2.0359344156632533,2.8893287620517456,17,64.70588235294117,17.823994792125955,12.754924808902901,-27.047831583052417,4.167283662911982,30.89,8,10,46.32,0.2658730158730158,118.68748886594176,17.013390564768983,15.255992011652442,1.063033572031788,1.115193987501714,74,48.64864864864865,14.30952647394953,-0.4967422602022431,-34.38185233852088,2.954849657301998,27.53,7,10,69.08,0.32964143426294823,-1000.0
stage5-ma60+jf,Scond,,,,stage5-ma60+jf|exit=Scond|trail=none|hold=none,-3.3015344547412506,-1.1172586986310629,42.24622402741123,0.11444485497630587,-0.026446356434272938,23,39.130434782608695,-8.0976056318432,-2.0484333628897677,-69.42593488086712,0.42458660364434037,-22.115,3,10,92.28,0.5209827357237716,41.39777626768277,41.79016898243888,23.423636521566337,1.328558182972201,1.7841025215688573,12,75.0,30.14355217518232,28.703149136401997,-36.54566401161975,9.242885204880691,32.269999999999996,7,10,57.28,0.4128,43.34512996493769,43.34512996493769,7.509631369124536,2.646892381643707,5.771938439368538,14,85.71428571428571,29.605568481964102,17.872143860858635,-37.576268205167565,10.160022442867074,25.195,7,10,57.45,0.2626984126984127,117.02609003948608,16.834344488799367,42.24622402741123,0.6864421961206956,0.39848163655706836,42,61.904761904761905,18.78725870329413,12.46280567707726,-69.42593488086712,2.8506462296966637,46.56,7,10,92.28,0.49633466135458165,-1000.0
b-confirm5-ma20+jf,Scond,,,,b-confirm5-ma20+jf|exit=Scond|trail=none|hold=none,7.475342726284762,2.441955101385185,40.10519291099415,0.22580879253592606,0.06088875091075213,24,50.0,-1.9486574214454242,0.030035315783139005,-69.42593488086712,0.8581025416097964,-8.86,3,10,92.28,0.48021248339973444,40.65861380058489,41.04304120714599,23.053275584180856,1.3284798976160996,1.7803561605496836,12,75.0,29.313776786497957,27.66463023148914,-36.54566401161975,9.15130388303552,31.79,7,10,57.28,0.4624,25.588726694760865,25.588726694760865,9.208924897156646,1.7255198946496437,2.7786877383115223,14,78.57142857142857,16.173353188001855,15.03857687640524,-32.24579956160145,5.044481041867667,31.275,8,10,57.45,0.33492063492063495,131.18740043999443,18.326724770682624,40.10519291099415,0.7449097357689519,0.4569663786770782,44,68.18181818181817,17.88534316396407,15.09197522849921,-69.42593488086712,2.97824156620855,45.68,8,10,92.28,0.512988047808765,-1000.0
stage5-ma60+jf,Scond,,120.0,,stage5-ma60+jf|exit=Scond|trail=none|hold=120,-7.693282042258609,-2.643504525792484,42.37502801978466,0.01777079059036202,-0.06238354637920822,34,52.94117647058824,-2.2261578225394003,3.74744963349537,-67.39270917232179,0.8456961625772439,-17.830000000000002,4,10,91.62,0.38140770252324036,40.09469979270743,40.473071503383906,23.423636521566337,1.3217840086057606,1.7278731022879394,12,75.0,29.55189361702911,28.703149136401997,-37.648995364017445,8.88289736506658,32.269999999999996,7,10,57.28,0.374,38.561838333226376,38.561838333226376,7.509631369124536,2.4593574632623447,5.134984187342589,14,85.71428571428571,28.065535213341814,17.872143860858635,-52.955088779498595,7.480857241599572,25.195,7,10,57.45,0.23888888888888887,95.84836532868198,14.450210490185311,42.37502801978466,0.6707689553971974,0.34100769168668377,59,67.79661016949152,14.402425052942954,15.340790662038263,-67.39270917232179,2.324376882863963,22.845,7,10,91.62,0.39091633466135456,-1000.0
b-confirm5-ma20+jf,Scond,,120.0,,b-confirm5-ma20+jf|exit=Scond|trail=none|hold=120,1.4677429092532002,0.4888178005413524,38.35858694914157,0.12986635652276957,0.01274337350302972,31,58.06451612903226,0.9453335801887688,5.913950518680022,-65.7955393585205,1.0721954647222065,-10.465,3,10,89.96,0.34143426294820717,37.17235617623842,37.51964141810797,21.871466120077198,1.3168782460902362,1.715460738302602,12,75.0,27.10987124379063,26.359529148044757,-37.648995364017445,8.350531080799422,30.485,7,10,57.28,0.3872,18.714588694360156,18.714588694360156,9.03123724602466,1.3992716905717946,2.0722065188352663,14,78.57142857142857,12.593644288742196,13.24817427556545,-43.514691895796034,3.31955211027386,20.105,8,10,52.32,0.2936507936507936,93.69306647656485,14.196183848607324,38.35858694914157,0.7139224111723826,0.37009141831604986,56,69.64285714285714,13.37955182602487,13.36217857695411,-65.7955393585205,2.421870890523069,18.59,7,10,89.96,0.3804780876494024,-1000.0
all-confirm5-ma60,Scond,0.15,,,all-confirm5-ma60|exit=Scond|trail=15%|hold=none,11.49658107593563,3.7090400760251496,4.9833611322051325,0.8612120942118194,0.7442848265712388,14,78.57142857142857,7.701539362326612,7.618426916489296,-18.422495617290522,4.085252079876997,5.865,7,10,20.47,0.0644090305444887,7.1526865737130185,7.211923753042471,5.634613953447232,1.316714850133299,1.2799321857055084,7,57.14285714285714,12.432174617861099,6.350679029987116,-26.303071854297144,2.824311146455389,0.0,3,10,26.3,0.0696,10.596306712752135,10.596306712752135,2.350663055130686,2.3788954967054874,4.50779480692652,9,66.66666666666666,12.383174089350529,11.916772432735101,-7.672306384325067,6.394426077349297,0.885,5,10,15.24,0.07976190476190476,44.67962314707044,7.69840919380913,5.634613953447221,1.4412535970793816,1.3662709206722659,29,72.41379310344827,14.947100914103393,11.712153851869168,-26.303071854297144,4.736640140246269,7.075,6,10,36.95,0.07864541832669322,-1000.0
all-confirm5-ma60,Scond,0.15,120.0,,all-confirm5-ma60|exit=Scond|trail=15%|hold=120,11.49658107593563,3.7090400760251496,4.9833611322051325,0.8612120942118194,0.7442848265712388,14,78.57142857142857,7.701539362326612,7.618426916489296,-18.422495617290522,4.085252079876997,5.865,7,10,20.47,0.0644090305444887,7.1526865737130185,7.211923753042471,5.634613953447232,1.316714850133299,1.2799321857055084,7,57.14285714285714,12.432174617861099,6.350679029987116,-26.303071854297144,2.824311146455389,0.0,3,10,26.3,0.0696,10.596306712752135,10.596306712752135,2.350663055130686,2.3788954967054874,4.50779480692652,9,66.66666666666666,12.383174089350529,11.916772432735101,-7.672306384325067,6.394426077349297,0.885,5,10,15.24,0.07976190476190476,44.67962314707044,7.69840919380913,5.634613953447221,1.4412535970793816,1.3662709206722659,29,72.41379310344827,14.947100914103393,11.712153851869168,-26.303071854297144,4.736640140246269,7.075,6,10,36.95,0.07864541832669322,-1000.0
b-confirm5-ma20+jf,S-confirm3-ma20,0.2,,,b-confirm5-ma20+jf|exit=S-confirm3-ma20|trail=20%|hold=none,13.559887439883145,4.347406099131423,18.000349094447,0.3485463465930141,0.2415178770323167,49,40.816326530612244,3.050351754228209,-2.915213880097467,-34.38185233852088,1.3538025027415477,-1.57,4,10,69.08,0.3118193891102258,26.26598116270302,26.50178354933348,11.89329350093299,1.3123974766521078,2.2282964384301542,16,62.5,15.430441241046191,2.776487767745006,-23.72333142580999,4.3103327026857805,15.595,6,10,44.92,0.3736,30.388876733928804,30.388876733928804,8.854547671476421,2.1315393458794945,3.43200780677052,17,64.70588235294117,18.602583409902344,12.754924808902901,-27.047831583052417,4.836418852563957,30.89,8,10,46.32,0.2785714285714286,119.59723848116658,17.11097253123772,18.000349094447,1.0161620436841907,0.9505911491747877,80,48.75,13.20160663553943,-0.4967422602022542,-34.38185233852088,2.8225694122472107,28.82,7,10,69.08,0.35258964143426297,-1000.0
all-confirm5-ma20,Scond,,120.0,,all-confirm5-ma20|exit=Scond|trail=none|hold=120,23.262825917459363,7.250172743980743,21.778005409409374,0.5112101377905192,0.3329126156267848,27,66.66666666666666,8.752139088648924,5.913950518680022,-65.7955393585205,1.9328226083188202,-2.25,4,10,76.02,0.27463479415670644,25.23474216095176,25.460387499045577,16.40987503642406,1.2901609704188752,1.5515284206937965,11,72.72727272727273,20.324970325967204,20.39501180844767,-40.35366892733887,5.760707403274622,12.03,6,10,57.28,0.3388,9.6809416066302,9.6809416066302,10.238846181830763,0.816739033834233,0.9455109916398015,13,69.23076923076923,6.908893929274653,10.804063112950058,-43.514691895796034,2.0196737552254853,10.535,8,10,52.32,0.27936507936507937,103.4383273300541,15.327351475835682,21.778005409409374,0.9423860151809578,0.7037995990768452,49,73.46938775510205,16.012792773833542,13.55573537922874,-65.7955393585205,2.9612071122666705,41.23,8,10,76.02,0.3208764940239044,-1000.0
all-confirm5-ma20,Scond,,,,all-confirm5-ma20|exit=Scond|trail=none|hold=none,21.088976451314203,6.613426296674763,31.239277030475076,0.4189928102588891,0.2117022839620494,23,60.86956521739131,5.5054488354560815,5.913950518680022,-72.49401300958912,1.5589497506790067,-1.925,4,10,92.28,0.35604249667994686,27.530728350145004,27.779080537346303,17.54984443782075,1.2762603231796101,1.582867622318125,11,72.72727272727273,22.308143439301613,23.005213975336435,-43.882299840750704,5.860054077460199,21.705,6,10,57.28,0.41039999999999993,16.051759008123835,16.051759008123835,10.238846181830763,1.2057651878870865,1.5677312387608981,13,69.23076923076923,10.763965051554282,11.916772432735101,-32.24579956160145,3.056121231746019,12.18,8,10,57.45,0.3206349206349206,129.8434807049466,18.188285271961213,31.239277030475076,0.9331207066474332,0.5822249104618479,42,71.42857142857143,19.380678385279225,24.8703969953065,-72.49401300958912,3.4481987168308392,45.68,8,10,92.28,0.4131474103585657,-1000.0
v4-b-only,Scond,,120.0,,v4-b-only|exit=Scond|trail=none|hold=120,-11.471292920824293,-3.995608243877735,43.779527886648125,-0.05207667517973533,-0.09126659049917062,37,54.054054054054056,-0.004833333961132205,4.716422978374135,-71.82800585457328,0.9996779726071635,-24.855,4,10,90.41,0.4138114209827357,34.55855811718156,34.878465173148584,23.76138570763183,1.2752610843594625,1.467863263628859,13,84.61538461538461,23.08651590530007,19.944373799439298,-35.24598251327249,8.705428812307654,22.509999999999998,8,10,57.28,0.4204,27.453555949599327,27.453555949599327,8.128015957670453,1.7180579559408993,3.377645429410268,14,78.57142857142857,18.93748798048791,10.796955774768447,-35.24386075298729,5.203567750468764,15.129999999999999,8,10,48.36,0.3134920634920635,71.11747428398073,11.389630726199051,43.779527886648125,0.5845301827678718,0.26015882938912777,63,68.25396825396825,12.109875689826138,11.03929831421211,-71.82800585457328,2.1193953658239564,34.295,7,10,90.41,0.4328286852589642,-1000.0
b-confirm3-ma20+jf,Scond,,,,b-confirm3-ma20+jf|exit=Scond|trail=none|hold=none,10.208065687984025,3.3063903217442903,37.708580361516816,0.2547515059245744,0.08768270483920418,22,50.0,-1.540216913153919,0.03003531578315566,-69.42593488086712,0.8817384315554304,-6.23,3,10,92.28,0.4431606905710491,36.90578045581452,37.25025488674867,22.105203605915356,1.267542350918277,1.6851351179945926,11,72.72727272727273,29.040115904575796,23.005213975336435,-36.54566401161975,8.402272896771597,21.705,7,10,57.28,0.43520000000000003,22.159132497353706,22.159132497353706,9.393552943351157,1.5743102792049304,2.3589724389681694,13,76.92307692307693,15.448840750266738,13.55573537922874,-33.55868400704616,4.505152321209796,20.105,8,10,50.57,0.31746031746031744,124.53969723467924,17.63553755100411,37.708580361516816,0.7399138118578846,0.4676797000027589,40,67.5,18.548051096838076,13.5328473854344,-69.42593488086712,3.0837366961878496,68.56,8,10,92.28,0.48183266932270924,-1000.0
b-confirm5-ma20+jf,Scond,0.2,60.0,,b-confirm5-ma20+jf|exit=Scond|trail=20%|hold=60,13.283402606404128,4.2623146983646665,17.94331151388334,0.36293379426119327,0.23754337069089898,52,42.30769230769231,3.1562409168184495,-1.4582776139965337,-34.38185233852087,1.397009066590148,-2.6,4,10,68.89,0.21128818061088978,23.651753399541732,23.861940976566665,11.959500017314095,1.2649579605442103,1.9952289762967583,18,61.111111111111114,11.63467159603516,5.052505872696445,-23.72333142580999,3.8038417387889316,12.764999999999999,6,10,44.92,0.24160000000000004,26.53574136441341,26.53574136441341,7.6939002893190995,2.3092340681812202,3.448932318664321,18,61.111111111111114,15.463173927337815,15.03857687640524,-27.047831583052417,4.224147411915717,19.12,8,10,46.32,0.21468253968253967,98.67383551348985,14.77986180623323,17.94331151388334,1.0012190565533798,0.8236975540884722,87,50.57471264367817,9.572324824134228,0.19275887723204654,-34.38185233852087,2.4259390004972348,43.82,9,10,68.89,0.23258964143426292,-1000.0
b-confirm5-ma20+jf,S-confirm5-ma20,0.2,,,b-confirm5-ma20+jf|exit=S-confirm5-ma20|trail=20%|hold=none,15.888316883252273,5.058597260683717,16.31903004932591,0.39435471099135755,0.309981490651932,49,40.816326530612244,3.4335485647246,-1.7262471681799396,-34.38185233852088,1.4167723948584265,-1.57,4,10,69.08,0.3107569721115538,23.902268524766757,24.114891512339366,11.285776584592899,1.2638219458604225,2.136750743875304,17,64.70588235294117,12.977926129273332,3.7543327154057726,-23.72333142580999,3.9582000213496364,15.595,6,10,44.92,0.346,30.388876733928804,30.388876733928804,8.854547671476421,2.1315393458794945,3.43200780677052,17,64.70588235294117,18.602583409902344,12.754924808902901,-27.047831583052417,4.836418852563957,30.89,8,10,46.32,0.2785714285714286,119.94964661261744,17.14868588231193,16.31903004932591,1.034929433758327,1.0508397760454085,81,49.382716049382715,12.757546991859888,-0.1998999999999862,-34.38185233852088,2.8429985191985017,28.82,8,10,69.08,0.3464541832669322,-1000.0
b-confirm5-ma20+jf,S-confirm5-ma20,0.2,120.0,,b-confirm5-ma20+jf|exit=S-confirm5-ma20|trail=20%|hold=120,15.55779971760356,4.9582272348605905,16.31903004932591,0.3931727857067411,0.30383100097700966,51,41.17647058823529,3.224253809279383,-1.7262471681799396,-34.38185233852088,1.4054466734754754,-2.17,3,10,69.08,0.2803452855245684,23.902268524766757,24.114891512339366,11.285776584592899,1.2638219458604225,2.136750743875304,17,64.70588235294117,12.977926129273332,3.7543327154057726,-23.72333142580999,3.9582000213496364,15.595,6,10,44.92,0.346,30.388876733928804,30.388876733928804,8.854547671476421,2.1315393458794945,3.43200780677052,17,64.70588235294117,18.602583409902344,12.754924808902901,-27.047831583052417,4.836418852563957,30.89,8,10,46.32,0.2785714285714286,134.000910178218,18.614479266429363,16.31903004932591,1.127369423541792,1.140660885491676,84,50.0,13.25228723816308,-0.003570561383969828,-34.38185233852088,2.9789011243876957,42.16,8,10,69.08,0.31633466135458166,-1000.0
all-confirm5-ma20,Scond,,60.0,,all-confirm5-ma20|exit=Scond|trail=none|hold=60,-2.3652627925920267,-0.7978735489308275,22.671328597157114,-0.009384132961056574,-0.03519306535175346,29,48.275862068965516,0.289439002299268,-0.04882611496872524,-48.48157,1.027893124458558,-2.99,3,10,79.8,0.18220451527224438,19.167124943716217,19.33441632079189,14.102893793722416,1.2609777283566965,1.3709538342689762,12,75.0,14.828740977590105,18.020553352174385,-35.488884279708834,3.6150894221485648,13.41,6,10,57.28,0.24160000000000004,11.508747663107766,11.508747663107766,10.141797547570741,1.1067382146928806,1.1347838101801242,15,53.333333333333336,8.556709621212395,2.8057406081509306,-35.27920865384615,2.3729508509909127,8.7,7,10,41.8,0.20277777777777778,46.88982771424606,8.02677361692259,22.671328597157114,0.6756462915486958,0.35404954687697976,55,58.18181818181818,8.667404504414446,2.8057406081509306,-48.48157,2.0075328039234464,20.335,7,10,86.1,0.21362549800796815,-1000.0
v4-b+jf,Scond,,60.0,,v4-b+jf|exit=Scond|trail=none|hold=60,-7.61485804765446,-2.6158310672008023,35.34082097339425,-0.03337894519954074,-0.07401726941120262,49,44.89795918367347,-1.5138782776766133,-1.2063920029851904,-53.53706071392303,0.8640559210062518,-10.605,4,10,89.76,0.31925630810092964,34.19644619795208,34.51259250812304,20.868365228975417,1.2597064037435362,1.6538234849466222,15,86.66666666666667,19.87465762081128,16.003109639197643,-30.471372763347638,8.382284058740705,16.765,9,10,57.28,0.31000000000000005,38.7864758160724,38.7864758160724,5.701693072374258,2.401492515443521,6.802624294878294,18,66.66666666666666,22.131510027909155,11.1512023872249,-33.52561101802986,6.49598798926851,19.835,7,10,36.47,0.25595238095238093,85.19420134813535,13.171930909353557,35.34082097339425,0.6987849008399624,0.3727115145194229,81,56.79012345679012,9.715975059448496,4.423478282116489,-53.53706071392303,2.099708580785552,33.685,7,10,89.76,0.32756972111553784,-1000.0
all-confirm5-ma20,S-confirm3-ma20,0.2,60.0,,all-confirm5-ma20|exit=S-confirm3-ma20|trail=20%|hold=60,-2.1376794988252845,-0.720547450467568,12.946077827392555,-0.01984600158362329,-0.0556575868054002,35,45.714285714285715,-0.29052283585590494,-2.915213880097467,-26.97428325254111,0.9653597657484304,-2.6,4,10,65.2,0.16334661354581673,12.178440738697383,12.281621105802198,7.246910503493931,1.2573938516418048,1.6947388959586156,12,66.66666666666666,9.653569369152713,17.17611651172126,-23.72333142580999,2.7893786276938726,6.0249999999999995,6,10,37.73,0.19,17.090036051651182,17.090036051651182,8.778869705925828,1.4510240148054392,1.9467239660836095,14,50.0,11.72221294820008,1.3886896636515877,-27.047831583052417,4.007345936764606,8.92,6,10,34.39,0.2126984126984127,54.966982585361144,9.194162168366237,12.946077827392555,0.834654485449709,0.7101890078949121,60,53.333333333333336,9.167982693097434,0.8845395004029588,-27.047831583052407,2.3123194645032976,25.115000000000002,8,10,76.42,0.19274900398406372,-1000.0
all-confirm5-ma60,S-or-cond,0.2,60.0,,all-confirm5-ma60|exit=S-or-cond|trail=20%|hold=60,9.260039853317604,3.008136149017604,5.292402495113258,0.8532203111167725,0.5683876371449768,14,71.42857142857143,6.572089406638875,8.817545540053418,-20.26225293766669,3.159876912965834,0.975,5,10,21.64,0.054448871181938904,6.891552532638245,6.948557691522295,5.624082997797652,1.2571103075166177,1.2355005596900501,7,57.14285714285714,12.39614001305913,6.350679029987116,-26.24017518896776,2.7080242775215297,0.0,3,10,27.68,0.0668,10.793979188769164,10.793979188769164,2.350663055130686,2.4240846138239927,4.591887027453652,9,66.66666666666666,12.571219906074093,11.916772432735101,-7.672306384325067,6.964980174930746,0.885,5,10,14.45,0.07896825396825397,41.894201299801836,7.278827169368851,5.624082997797675,1.4702048893554853,1.2942247068934003,29,68.96551724137932,14.47882494563485,11.712153851869145,-26.24017518896776,4.454046949502287,4.5600000000000005,6,10,36.9,0.07059760956175298,-1000.0
all-confirm5-ma20,S-confirm5-ma20,0.2,60.0,,all-confirm5-ma20|exit=S-confirm5-ma20|trail=20%|hold=60,-0.18063683453939383,-0.06048853132297749,12.712275350495927,0.04439426622364968,-0.004758277307187004,35,45.714285714285715,0.22366800072083312,-2.915213880097456,-26.97428325254111,1.0284106905292356,-2.6,4,10,64.8,0.16228419654714474,11.521213528137885,11.618542301728407,7.790329130808871,1.2543044491605546,1.4914058323646273,12,66.66666666666666,9.314092931871725,17.3632588560919,-23.72333142580999,2.726453521109221,6.0249999999999995,6,10,37.73,0.18,17.090036051651182,17.090036051651182,8.778869705925828,1.4510240148054392,1.9467239660836095,14,50.0,11.72221294820008,1.3886896636515877,-27.047831583052417,4.007345936764606,8.92,6,10,34.39,0.2126984126984127,57.10418812508451,9.494896512162377,12.712275350495927,0.8682294950828986,0.7469077132436377,60,53.333333333333336,9.393793982165315,0.8845395004029588,-27.047831583052417,2.40496394182454,25.115000000000002,8,10,70.84,0.19059760956175298,-1000.0
b-confirm3-ma20+jf,Scond,,120.0,,b-confirm3-ma20+jf|exit=Scond|trail=none|hold=120,1.6855430865157173,0.5609524076788608,34.94416211936242,0.13036080036736505,0.01605282180647964,28,57.14285714285714,-0.36013937885632913,5.664957633094958,-59.34428455833465,0.9718789586891163,-2.25,4,10,89.96,0.3083665338645419,33.49489477870193,33.80377755580659,20.922028055032204,1.2516312804924006,1.6157027161463942,11,72.72727272727273,26.635855312531426,20.39501180844767,-37.648995364017445,7.620173166063121,13.315,7,10,57.28,0.36,17.406605444875247,17.406605444875247,9.393552943351157,1.3295214003406879,1.8530374555663518,13,76.92307692307693,12.29059916277748,12.94061317190216,-35.768792388965906,3.3405553862391044,12.74,8,10,50.57,0.29087301587301584,86.80177288504369,13.368509953501718,34.94416211936242,0.696038259478604,0.38256776361778266,51,68.62745098039215,12.960948651953693,12.940613171902138,-59.34428455833465,2.4008073843994633,36.31,8,10,89.96,0.35466135458167336,-1000.0
v4-b-only,Scond,,,,v4-b-only|exit=Scond|trail=none|hold=none,5.62393110039876,1.8479595234256685,41.59527588637174,0.20578334603203438,0.04442714909437909,26,46.15384615384615,-3.351111995825584,-0.8778504984712276,-70.677338910416,0.7316946946458593,-6.949999999999999,3,10,92.28,0.5272244355909693,36.3763994151834,36.7153044285736,24.78139611424214,1.2483265956193332,1.4815672312938382,13,84.61538461538461,24.746156038740413,23.754237488551855,-42.603338899647916,7.947094960647723,25.04,8,10,57.28,0.4952,32.845183587626956,32.845183587626956,9.208924897156656,1.8848474678641773,3.5666686344426832,14,78.57142857142857,22.039138603857264,11.989955743057145,-34.24130143645999,6.635713471456439,24.58,8,10,57.45,0.35714285714285715,124.48303077559859,17.629575823786013,41.59527588637174,0.7391819169034463,0.42383601137652654,47,65.95744680851064,16.85359333758451,13.543628658015528,-70.677338910416,2.8296397630420165,51.715,8,10,92.28,0.5377689243027889,-1000.0
all-confirm5-ma20,S-or-MA60,0.15,,,all-confirm5-ma20|exit=S-or-MA60|trail=15%|hold=none,-7.057207144346089,-2.4195021985314646,10.811539024065953,-0.3763897846683189,-0.22378887900656624,36,38.88888888888889,-1.9606852478736982,-3.006012168658639,-26.97428325254109,0.6930518959321322,-2.26,4,10,63.43,0.0752988047808765,8.333341907940483,8.40273454382714,4.45659646704204,1.245626090557925,1.8854600379388298,13,53.84615384615385,7.405235473292182,1.0165968186237384,-20.98894089426674,2.4195083344553794,5.09,6,10,25.67,0.11240000000000001,16.75247409778502,16.75247409778502,5.377647280996434,1.7608761075403199,3.1152050743426454,17,58.82352941176471,9.925778423413924,4.6598168997287415,-19.64966797933626,3.838224369733493,9.36,7,10,24.41,0.15873015873015875,23.61723670263971,4.3492125273145055,10.811539024065953,0.632801069259953,0.40227506163862264,65,47.69230769230769,3.888816324954558,-1.4309049752994407,-26.97428325254109,1.7113568425387664,15.225,7,10,63.43,0.10709163346613544,-1000.0
all-confirm5-ma20,S-or-MA60,0.15,120.0,,all-confirm5-ma20|exit=S-or-MA60|trail=15%|hold=120,-7.057207144346089,-2.4195021985314646,10.811539024065953,-0.3763897846683189,-0.22378887900656624,36,38.88888888888889,-1.9606852478736982,-3.006012168658639,-26.97428325254109,0.6930518959321322,-2.26,4,10,63.43,0.0752988047808765,8.333341907940483,8.40273454382714,4.45659646704204,1.245626090557925,1.8854600379388298,13,53.84615384615385,7.405235473292182,1.0165968186237384,-20.98894089426674,2.4195083344553794,5.09,6,10,25.67,0.11240000000000001,16.75247409778502,16.75247409778502,5.377647280996434,1.7608761075403199,3.1152050743426454,17,58.82352941176471,9.925778423413924,4.6598168997287415,-19.64966797933626,3.838224369733493,9.36,7,10,24.41,0.15873015873015875,23.61723670263971,4.3492125273145055,10.811539024065953,0.632801069259953,0.40227506163862264,65,47.69230769230769,3.888816324954558,-1.4309049752994407,-26.97428325254109,1.7113568425387664,15.225,7,10,63.43,0.10709163346613544,-1000.0
all-confirm5-ma20,S-or-MA60,0.2,,,all-confirm5-ma20|exit=S-or-MA60|trail=20%|hold=none,-3.03963635662875,-1.027712338829978,8.80298257294604,-0.12839231621578515,-0.11674592449931888,36,41.66666666666667,-0.5077293499398083,-2.5017444897857954,-26.97428325254111,0.9196170857166934,-2.55,3,10,57.41,0.08021248339973439,9.406282334372262,9.484993994636536,4.530062668235679,1.2400505631429872,2.0937886932876917,12,50.0,8.486208828505621,-0.6190730490337082,-20.667641611374755,3.050985631265315,1.27,6,10,26.23,0.12960000000000002,18.678434958001098,18.678434958001098,7.158812547696813,1.7203851954479692,2.6091526818942152,16,62.5,12.299187974049175,3.368610794149274,-27.047831583052417,5.088278847240561,9.36,7,10,34.39,0.18055555555555558,49.56818837217749,8.419440258158616,8.80298257294604,0.9862459127966174,0.9564304130322657,63,49.2063492063492,9.838959777661946,-0.061988349906882956,-27.047831583052417,2.917339801570005,23.45,7,10,60.01,0.12151394422310757,-1000.0
all-confirm5-ma20,S-or-MA60,0.2,120.0,,all-confirm5-ma20|exit=S-or-MA60|trail=20%|hold=120,-3.03963635662875,-1.027712338829978,8.80298257294604,-0.12839231621578515,-0.11674592449931888,36,41.66666666666667,-0.5077293499398083,-2.5017444897857954,-26.97428325254111,0.9196170857166934,-2.55,3,10,57.41,0.08021248339973439,9.406282334372262,9.484993994636536,4.530062668235679,1.2400505631429872,2.0937886932876917,12,50.0,8.486208828505621,-0.6190730490337082,-20.667641611374755,3.050985631265315,1.27,6,10,26.23,0.12960000000000002,18.678434958001098,18.678434958001098,7.158812547696813,1.7203851954479692,2.6091526818942152,16,62.5,12.299187974049175,3.368610794149274,-27.047831583052417,5.088278847240561,9.36,7,10,34.39,0.18055555555555558,49.56818837217749,8.419440258158616,8.80298257294604,0.9862459127966174,0.9564304130322657,63,49.2063492063492,9.838959777661946,-0.061988349906882956,-27.047831583052417,2.917339801570005,23.45,7,10,60.01,0.12151394422310757,-1000.0
b-confirm5-ma20+jf,S-confirm3-ma20,,60.0,,b-confirm5-ma20+jf|exit=S-confirm3-ma20|trail=none|hold=60,12.4253649791076,3.997360678310824,29.859123512732356,0.30305704779327713,0.1338740126315594,40,50.0,7.9159124644234025,0.5008052860597856,-53.537060713923026,1.6936614324423316,-1.065,4,10,89.74,0.26706507304116867,30.988343866599077,31.27151953131897,19.70101943306438,1.2359192083706756,1.5873046386034078,14,78.57142857142857,19.00002965889101,18.376774956662835,-35.488884279708834,6.844652852769729,16.47,8,10,57.28,0.31640000000000007,22.388475598925627,22.388475598925627,10.845885880051942,1.5934914216237763,2.0642366927447706,15,60.0,14.326179332219754,12.754924808902901,-35.27920865384615,3.8961323252900963,20.525,8,10,47.64,0.28134920634920635,116.79841850389523,16.809723456061754,29.859123512732356,0.8856755865044486,0.5629677458179189,68,58.82352941176471,15.889153431236885,6.889223499881092,-53.537060713923026,2.8307893363450893,43.33,7,10,89.74,0.3002390438247012,-1000.0
b-confirm3-ma20+jf,S-confirm3-ma20,,,,b-confirm3-ma20+jf|exit=S-confirm3-ma20|trail=none|hold=none,40.58284536974721,12.074609322168017,32.87268476123643,0.5284486531262901,0.3673143647946405,18,50.0,12.251511211459672,-0.14165058257896712,-57.218686126313976,1.747254094984351,7.880000000000001,6,10,90.47,0.6244355909694554,37.89620908357845,38.25114783291033,23.733602123457366,1.2309974999903288,1.6116874140695392,9,88.88888888888889,36.09083119776344,29.316855837345845,-36.54566401161975,9.887989575906863,28.255000000000003,8,10,57.28,0.5595999999999999,51.94038783664696,51.94038783664696,12.434695601087341,1.9619568196182668,4.177053423978073,13,69.23076923076923,38.04891742759598,16.62821507776968,-33.55868400704616,10.498319210722874,31.91,8,10,65.7,0.425,266.98192490975214,29.83113415426095,32.87268476123643,1.0105031722851483,0.9074748342258288,28,60.71428571428571,61.33648895508862,30.66959151612827,-53.80358000760418,6.566269130500582,57.725,7,10,90.47,0.6877290836653386,-1000.0
b-confirm5-ma20+jf,S-confirm3-ma20,,,,b-confirm5-ma20+jf|exit=S-confirm3-ma20|trail=none|hold=none,35.773627586656566,10.776640155099404,37.04156087586754,0.4818555021909669,0.29093374847819525,18,50.0,11.487519794866689,-0.14165058257896712,-68.17186,1.67558207614683,7.880000000000001,6,10,90.47,0.6698539176626827,37.89620908357845,38.25114783291033,23.733602123457366,1.2309974999903288,1.6116874140695392,9,88.88888888888889,36.09083119776344,29.316855837345845,-36.54566401161975,9.887989575906863,28.255000000000003,8,10,57.28,0.5595999999999999,52.556291475087406,52.556291475087406,12.43469560108732,1.9509523522405154,4.226584482734885,13,69.23076923076923,38.14990853878403,16.62821507776968,-32.24579956160145,10.76983600480553,31.91,8,10,65.7,0.4396825396825396,254.4277900527782,28.92686549063528,37.04156087586754,0.969720019262085,0.7809299826099132,28,60.71428571428571,60.72591734137234,29.332119007579728,-58.09474703536988,6.26478623456915,55.94,7,10,90.47,0.7149800796812749,-1000.0
all-confirm5-ma60,Scond,0.15,60.0,,all-confirm5-ma60|exit=Scond|trail=15%|hold=60,10.5399142303654,3.4103882672706476,5.119608722417479,0.8009879724050937,0.6661423659853956,14,71.42857142857143,6.951628687286207,7.618426916489296,-18.422495617290522,3.780951008902198,2.805,7,10,21.29,0.06175298804780875,6.61124816622396,6.665863176121012,5.634613953447232,1.22726556728139,1.1830203863465867,7,57.14285714285714,11.521079719729926,6.350679029987116,-26.303071854297144,2.690616066613815,0.0,3,10,26.3,0.06639999999999999,10.596306712752135,10.596306712752135,2.350663055130686,2.3788954967054874,4.50779480692652,9,66.66666666666666,12.383174089350529,11.916772432735101,-7.672306384325067,6.394426077349297,0.885,5,10,15.24,0.07976190476190476,42.92444789784378,7.434779175537587,5.634613953447243,1.406591546208844,1.3194833287538728,29,68.96551724137932,14.392470308574373,11.712153851869168,-26.303071854297144,4.708320710856723,7.075,6,10,36.95,0.0750597609561753,-1000.0
b-confirm5-ma20+jf,S-confirm5-ma20,,120.0,,b-confirm5-ma20+jf|exit=S-confirm5-ma20|trail=none|hold=120,19.07738563214203,6.017396093912164,34.273053616061674,0.36392511796200366,0.17557221954369948,33,51.515151515151516,5.788293606282997,5.415964747509894,-57.51582531608928,1.5043074988121135,-4.38,4,10,88.02,0.4047808764940239,31.13464897053222,31.419314554477886,19.809333793812336,1.2248286390702086,1.5860863813750292,11,72.72727272727273,25.477719874016664,25.09344371566278,-37.648995364017445,7.4188099820986535,15.425,6,10,54.89,0.4232,42.149853074247275,42.149853074247275,8.801064104430145,1.945108614326811,4.789176919303489,14,71.42857142857143,33.004687311000104,12.097524841149776,-43.514691895796034,8.448807426475797,20.884999999999998,8,10,52.32,0.36428571428571427,171.20674513107846,22.18147301615303,34.273053616061674,0.9584610136689447,0.6471986203691502,57,63.1578947368421,20.326474043440076,10.274844497211166,-57.51582531608928,3.5614457693550934,31.805,7,10,88.02,0.4364143426294821,-1000.0
v4-b+jf,S-confirm3-ma20,,,,v4-b+jf|exit=S-confirm3-ma20|trail=none|hold=none,29.229788479700435,8.96042029178461,42.873845948940506,0.4210168472881112,0.20899502000487175,19,42.10526315789473,10.388254893685856,-11.432341348409503,-67.1224441784178,1.5033961948452879,13.809999999999999,6,10,90.38,0.7670650730411687,40.580058328468446,40.96364105484393,25.762215604318683,1.2240387593541908,1.5900666962812369,10,90.0,34.70206156902748,29.064718106168066,-36.54566401161975,10.495534561362437,29.064999999999998,9,10,57.28,0.612,54.00706055648858,54.00706055648858,13.457642985776308,1.9620900845860758,4.0131143777234906,13,76.92307692307693,40.617463854757574,14.563023887570248,-34.24130143645999,11.421506600197977,26.159999999999997,8,10,65.7,0.4642857142857143,249.78477780781404,28.5859413578599,42.873845948940506,0.917146533745465,0.6667454417759393,29,58.620689655172406,61.215522982376235,33.52328016515871,-71.74914246455086,5.624389911980496,71.42500000000001,7,10,91.59,0.791792828685259,-1000.0
b-confirm5-ma20+jf,Scond,,60.0,,b-confirm5-ma20+jf|exit=Scond|trail=none|hold=60,3.984202175081397,1.3160666516962571,29.870226951251887,0.16161104852875252,0.044059479489194156,39,48.717948717948715,2.2342577001273103,-0.04882611496872524,-53.53706071392303,1.1919014710627356,-2.47,4,10,87.76,0.24887118193891097,30.272098571341587,30.547999333576612,19.70101943306437,1.222671201145448,1.5505796254536797,14,78.57142857142857,18.912809942357164,17.70533482780432,-35.488884279708834,6.817822949121724,15.799999999999999,8,10,57.28,0.28440000000000004,22.443947528098086,22.443947528098086,8.93288296012188,1.902670881242725,2.5125088538932183,16,62.5,15.070017813664144,13.24817427556545,-35.27920865384615,3.961680173158344,21.225,7,10,38.86,0.21706349206349204,90.20542775549782,13.780298699612835,29.870226951251887,0.7863424007452345,0.46133893532520653,68,58.82352941176471,11.81139755679415,8.762445842787647,-53.53706071392303,2.3499400405700084,18.310000000000002,7,10,87.76,0.268605577689243,-1000.0
all-confirm5-ma20,S-confirm3-ma20,,60.0,,all-confirm5-ma20|exit=S-confirm3-ma20|trail=none|hold=60,-4.940519974462331,-1.6813464726166405,22.671328597157114,-0.07979599161628356,-0.0741617971532323,29,51.724137931034484,-1.2836180373943116,0.012664477123380813,-48.48157,0.8727067834576626,-0.76,3,10,79.8,0.1953519256308101,18.82376839584876,18.98783104564936,14.177475015935837,1.2170644811803744,1.3392956802467693,12,75.0,14.115961943808944,17.17611651172126,-35.488884279708834,3.4893888711451235,14.079999999999998,6,10,57.28,0.2672,10.557638375666212,10.557638375666212,12.029405382964208,0.8529985140865571,0.8776525555134851,13,38.46153846153847,7.706316482056365,-0.6871410711489889,-35.27920865384615,2.1543156166493818,4.1000000000000005,5,10,47.64,0.2515873015873016,35.69950696598192,6.321548702058921,22.671328597157114,0.5206942043498279,0.27883450566067025,53,56.60377358490566,5.714851720544141,3.9341708331494196,-48.48157,1.6613879864716532,25.285,6,10,86.1,0.23633466135458164,-1000.0
b-confirm3-ma20+jf,Scond,0.2,60.0,,b-confirm3-ma20+jf|exit=Scond|trail=20%|hold=60,11.511333394406464,3.713632075111528,15.197045502374118,0.3424977742889134,0.24436539816449032,47,42.5531914893617,3.0058702006729674,-1.0295884556564605,-34.38185233852087,1.3801458156773532,-2.6,4,10,68.89,0.18764940239043826,20.351174069613975,20.52966069773976,10.929207116977036,1.205501321320611,1.8784217810137138,16,56.25,11.455309228167327,5.052505872696445,-23.72333142580999,3.4538819265467415,5.68,6,10,44.92,0.2096,21.39308382970324,21.39308382970324,9.32184791191315,2.0056942825961337,2.294940234152852,17,58.82352941176471,14.165999632751086,13.55573537922874,-27.047831583052417,3.4187434993238948,12.74,8,10,46.32,0.19920634920634922,82.60984275702785,12.853029565212903,15.197045502374118,0.9479617477676983,0.8457584445085048,79,49.36708860759494,9.446700676499747,-0.04882611496872524,-34.38185233852087,2.3434542366514894,38.945,8,10,68.89,0.20892430278884463,-1000.0
v4-b+jf,S-confirm5-ma20,,120.0,,v4-b+jf|exit=S-confirm5-ma20|trail=none|hold=120,10.912076111216983,3.526773188025234,39.66956312343935,0.263178593951914,0.08890375669253053,39,46.15384615384615,4.300991656989575,-5.191238345268568,-71.82800585457328,1.3381819931131838,-0.5349999999999999,5,10,88.02,0.49030544488711814,33.15613056996016,33.46151660136849,21.458817849298896,1.2039183886302778,1.559336438584931,12,83.33333333333334,24.750175581713577,19.816339593508726,-37.648995364017445,7.237690973802296,19.29,8,10,54.89,0.47440000000000004,44.419115158423985,44.419115158423985,8.433262360259164,2.0203946143854017,5.267133080994166,14,78.57142857142857,33.034246002540435,12.097524841149765,-35.24386075298729,9.950704695561853,15.559999999999999,8,10,48.36,0.3817460317460317,145.26499052599902,19.73953816646592,39.66956312343935,0.8322673436706595,0.497599081316893,64,62.5,17.567385052974217,10.997369054360695,-71.82800585457328,2.8547630126712487,49.745,7,10,92.12,0.5078884462151394,-1000.0
b-confirm3-ma20+jf,S-confirm5-ma20,0.2,60.0,,b-confirm3-ma20+jf|exit=S-confirm5-ma20|trail=20%|hold=60,14.68999472953012,4.693783619336012,13.525086803764019,0.41252416234846556,0.34704277225265096,47,44.680851063829785,3.2692190435206165,-1.6222256505327604,-34.38185233852088,1.434781790257604,-1.98,4,10,69.08,0.20265604249667996,19.860910340251415,20.034750032283345,10.08439424923261,1.2031993916566148,1.986708327454366,16,56.25,10.969302712983788,8.371479180712438,-23.72333142580999,3.3497727680737097,14.44,6,10,44.92,0.22600000000000003,26.51857835068143,26.51857835068143,9.704373497585284,2.026472250846621,2.732641973980081,17,64.70588235294117,15.825998292612653,12.754924808902901,-27.047831583052417,4.063902354261628,20.31,8,10,46.32,0.24325396825396828,106.51182327208839,15.675114042945083,13.525086803764019,1.0792018481405323,1.1589658735929673,79,51.89873417721519,11.071117703072307,1.5134048599326766,-34.38185233852088,2.6643137493043776,26.355,9,10,69.08,0.2307569721115538,-1000.0
all-confirm5-ma20,S,0.15,120.0,,all-confirm5-ma20|exit=S|trail=15%|hold=120,2.7834554614453166,0.9230202772997131,10.300972838029931,0.15359839654075805,0.08960515592197614,35,45.714285714285715,1.1149047126520948,-1.913204859932649,-26.9742832525411,1.1601890813065927,-3.275,4,10,63.43,0.15272244355909695,10.140124077972178,10.225258470501508,6.876339840696977,1.2009423466883025,1.487020523619887,12,58.333333333333336,9.375019118399717,10.535885636659549,-20.98894089426674,2.3618069490559024,10.54,6,10,38.68,0.1956,18.612607141668704,18.612607141668704,6.055018878682583,1.8266046376290417,3.073913973612305,16,62.5,11.383792613848984,7.2957802264332905,-19.64966797933626,4.287215349775804,12.075,7,10,24.41,0.18452380952380953,48.61306515907386,8.28006194051114,10.300972838029931,0.9094725987526242,0.8038135883576127,62,53.2258064516129,7.045290874701084,2.4948200167937196,-26.9742832525411,2.154740718597097,25.0,7,10,66.09,0.18254980079681277,-1000.0
b-confirm3-ma20+jf,S-confirm3-ma20,0.2,60.0,,b-confirm3-ma20+jf|exit=S-confirm3-ma20|trail=20%|hold=60,12.394328832536639,3.987751831743691,15.255992011652442,0.3581129234812091,0.26138921865571696,47,44.680851063829785,2.8697159857690595,-1.6222256505327604,-34.38185233852088,1.3623963997962336,-1.98,4,10,69.08,0.20371845949535192,20.510805485500505,20.690808654608816,10.929207116977013,1.2000352685376763,1.89316648803082,16,56.25,11.223910040944524,8.1843368363418,-23.72333142580999,3.4043130958819665,14.254999999999999,6,10,44.92,0.23600000000000004,26.51857835068143,26.51857835068143,9.704373497585284,2.026472250846621,2.732641973980081,17,64.70588235294117,15.825998292612653,12.754924808902901,-27.047831583052417,4.063902354261628,20.31,8,10,46.32,0.24325396825396828,103.52182617246508,15.336854582283266,15.255992011652442,1.0445098244494555,1.005300381028586,79,51.89873417721519,10.889742490689901,1.5134048599326766,-34.38185233852088,2.5805736316832957,28.53,9,10,69.08,0.23290836653386454,-1000.0
v4-b-only,S-confirm3-ma20,,60.0,,v4-b-only|exit=S-confirm3-ma20|trail=none|hold=60,-4.286874169775778,-1.4556120812438067,37.10595443625101,0.010549924643866938,-0.03922853092876471,45,42.22222222222222,5.731112240435392,-2.0566552604894706,-55.02564835758108,1.4841267400200058,-0.5800000000000001,5,10,87.06,0.31460823373173974,27.112454684203378,27.356645171469186,20.137108032557904,1.19958545192858,1.3585190647653402,15,80.0,16.44280213569963,16.003109639197643,-30.471372763347638,4.237170678634883,16.765,8,10,57.28,0.3404,41.300878358925615,41.300878358925615,8.954611683473967,2.0955625224686147,4.6122467192125995,17,64.70588235294117,26.10894496902299,12.088364551175212,-33.52561101802986,6.829582667047078,15.735,8,10,47.64,0.3242063492063492,93.99913065308692,14.232394203215271,37.10595443625101,0.7793211705579418,0.383560924909421,76,53.94736842105263,15.51403137264675,2.5246107414900965,-55.02564835758108,2.588723965038969,72.13,7,10,87.99,0.34278884462151393,-1000.0
all-confirm5-ma20,S-confirm3-ma20,,,,all-confirm5-ma20|exit=S-confirm3-ma20|trail=none|hold=none,55.62770406022182,15.953554335690123,23.802054151520647,0.7371119008047435,0.670259559705728,14,64.28571428571429,35.647691793766434,11.719274930562806,-68.17186,4.005050371245712,4.82,5,10,78.17,0.5746347941567065,26.659747742337903,26.89944646101685,19.607730234817332,1.193839767454988,1.3718796688283512,8,87.5,29.25754381148571,28.25464205971415,-43.882299840750704,6.333821411851543,22.875,7,10,57.28,0.5031999999999999,43.878750107582,43.878750107582,13.413922333056249,1.7353411664012885,3.271134946073942,11,54.54545454545454,39.32045364235117,9.117390782078449,-32.24579956160145,9.434464544183824,8.92,6,10,65.7,0.4107142857142857,251.55030024150528,28.716002763157668,23.802054151520647,1.1403867612394296,1.2064506105378758,21,66.66666666666666,107.24366889172346,31.600044841959594,-58.09474703536988,13.43138791969817,31.285,7,10,86.58,0.6298007968127489,-1000.0
b-confirm5-ma20+jf,S-confirm3-ma20,0.2,120.0,,b-confirm5-ma20+jf|exit=S-confirm3-ma20|trail=20%|hold=120,13.236011029063999,4.247715525319928,18.000349094447,0.34633284476126674,0.23597961923029168,51,41.17647058823529,2.8560843246848098,-1.886966772336629,-34.38185233852088,1.3432579381221927,-6.875,3,10,69.08,0.2814077025232404,23.28626615575835,23.492907964125887,11.89329350093299,1.1919747869347503,1.9753071730957406,17,58.82352941176471,12.59987249377365,1.7986428200842397,-23.72333142580999,3.8677542610824194,15.59,6,10,44.92,0.3416,30.388876733928804,30.388876733928804,8.854547671476421,2.1315393458794945,3.43200780677052,17,64.70588235294117,18.602583409902344,12.754924808902901,-27.047831583052417,4.836418852563957,30.89,8,10,46.32,0.2785714285714286,130.57466587732546,18.263685914668095,18.000349094447,1.0962922748930952,1.0146295396183362,84,50.0,13.081708169374865,-0.003570561383969828,-34.38185233852088,2.890332166206075,42.16,8,10,69.08,0.31848605577689243,-1000.0
all-confirm5-ma60,Scond,0.2,,,all-confirm5-ma60|exit=Scond|trail=20%|hold=none,8.57207393982906,2.790618448150539,6.856685346479829,0.6223113624087611,0.40699234500868875,14,71.42857142857143,5.789660962236507,2.3627568462597615,-20.26225293766669,2.6772231979579866,1.895,7,10,27.27,0.06772908366533863,7.435137695674254,7.496794881504676,5.624082997797652,1.1911733727485876,1.3329808405104198,7,57.14285714285714,12.624736129095748,6.350679029987116,-26.24017518896776,2.7395218013899543,0.0,3,10,27.68,0.0796,10.062817234331579,10.062817234331579,2.350663055130686,2.2431733609561535,4.280842042575145,9,66.66666666666666,11.88004586325732,11.916772432735101,-11.485821412138353,5.244877563069014,0.885,5,10,20.23,0.08214285714285713,39.8975351798406,6.973990275874176,6.856685346479829,1.2439655078367329,1.0171081103283484,29,68.96551724137932,13.767771380268702,11.712153851869168,-26.24017518896776,3.8263352770584897,4.5600000000000005,6,10,36.9,0.08390438247011953,-1000.0
all-confirm5-ma60,Scond,0.2,120.0,,all-confirm5-ma60|exit=Scond|trail=20%|hold=120,8.57207393982906,2.790618448150539,6.856685346479829,0.6223113624087611,0.40699234500868875,14,71.42857142857143,5.789660962236507,2.3627568462597615,-20.26225293766669,2.6772231979579866,1.895,7,10,27.27,0.06772908366533863,7.435137695674254,7.496794881504676,5.624082997797652,1.1911733727485876,1.3329808405104198,7,57.14285714285714,12.624736129095748,6.350679029987116,-26.24017518896776,2.7395218013899543,0.0,3,10,27.68,0.0796,10.062817234331579,10.062817234331579,2.350663055130686,2.2431733609561535,4.280842042575145,9,66.66666666666666,11.88004586325732,11.916772432735101,-11.485821412138353,5.244877563069014,0.885,5,10,20.23,0.08214285714285713,39.8975351798406,6.973990275874176,6.856685346479829,1.2439655078367329,1.0171081103283484,29,68.96551724137932,13.767771380268702,11.712153851869168,-26.24017518896776,3.8263352770584897,4.5600000000000005,6,10,36.9,0.08390438247011953,-1000.0
all-confirm5-ma20,S-or-MA60,0.2,60.0,,all-confirm5-ma20|exit=S-or-MA60|trail=20%|hold=60,-2.6004620091657715,-0.8779134275334832,8.389912849255532,-0.10505232230683534,-0.10463915934614074,36,41.66666666666667,-0.3669341149370983,-2.5017444897857954,-26.97428325254111,0.9419075664778757,-2.55,3,10,57.41,0.07941567065073041,8.941982226652922,9.016650737532505,4.530062668235679,1.1885263196231564,1.990403091055739,12,50.0,8.067968308020255,-0.6190730490337082,-20.667641611374755,2.9499033558625465,1.27,6,10,26.23,0.11080000000000001,15.948175149814482,15.948175149814482,7.158812547696813,1.5049586754524626,2.227768228816865,16,62.5,9.563078812274012,3.368610794149274,-27.047831583052417,4.178789762804377,9.36,7,10,34.39,0.16865079365079366,39.78446180799231,6.9566232438369235,8.389912849255532,0.8485481268462834,0.8291651378064328,63,49.2063492063492,7.310998198190778,-0.06198834990690516,-27.047831583052417,2.424710350622942,17.005,7,10,60.01,0.1100398406374502,-1000.0
all-confirm5-ma20,S-or-MA60,0.15,60.0,,all-confirm5-ma20|exit=S-or-MA60|trail=15%|hold=60,-6.636230068044002,-2.2718098224142724,10.407566898977771,-0.35172680102825843,-0.2182844313628586,36,38.88888888888889,-1.819890012870988,-3.006012168658639,-26.97428325254109,0.7150935930850736,-2.26,4,10,63.43,0.07450199203187251,7.873595161736824,7.939020861039348,4.45659646704204,1.1881916251353692,1.781408956308015,13,53.84615384615385,7.019167300536461,1.0165968186237384,-20.98894089426674,2.345502991766247,5.09,6,10,25.67,0.09360000000000002,16.75247409778502,16.75247409778502,5.377647280996434,1.7608761075403199,3.1152050743426454,17,58.82352941176471,9.925778423413924,4.6598168997287415,-19.64966797933626,3.838224369733493,9.36,7,10,24.41,0.15873015873015875,22.062689300162795,4.084384224666171,10.407566898977771,0.6016497340013328,0.39244371564571334,65,47.69230769230769,3.640378659129791,-1.4309049752994407,-26.97428325254109,1.6659116945139691,13.25,7,10,63.43,0.0992828685258964,-1000.0
all-confirm5-ma60,S,,,,all-confirm5-ma60|exit=S|trail=none|hold=none,13.15144184296142,4.221653531811298,7.633433605832707,0.6262697908191427,0.5530477829250434,11,63.63636363636363,10.994943222975982,9.15322698869565,-36.74616428221981,3.0453018600931947,4.575,5,10,58.26,0.20624169986719787,12.140773066520506,12.243617219860536,8.31883894424208,1.1879137157871942,1.4717939969657676,6,83.33333333333334,20.691123442416597,21.827883189868626,-41.262608608970595,4.008698306764584,0.0,4,10,50.36,0.20519999999999997,18.919123108760584,18.919123108760584,7.385621923066587,1.980355034213682,2.561615434127877,8,75.0,23.0244591062902,13.67666461040351,-7.672306384325067,15.237279112902261,7.47,6,10,47.64,0.1464285714285714,67.75778565455293,10.947000916657101,12.945713428523021,1.0959096289415036,0.8456081603457869,21,71.42857142857143,26.440514056698984,25.85765548340815,-41.262608608970595,6.164310928362298,40.375,10,10,58.26,0.27705179282868525,-1000.0
all-confirm3-ma20,S-confirm5-ma20,0.2,60.0,,all-confirm3-ma20|exit=S-confirm5-ma20|trail=20%|hold=60,-1.025958905568447,-0.3445273839036478,11.962824086803947,-0.0005970128558128601,-0.028799837012038986,28,46.42857142857143,0.01817874115343936,-2.401090326217059,-26.97428325254111,1.0021940262996745,-9.175,3,10,61.4,0.1296148738379814,8.716952594349149,8.789667276370139,7.092102048658155,1.186599391439354,1.239359955069057,10,60.0,8.889600567977366,17.3632588560919,-23.72333142580999,2.446095842809622,7.175,6,10,37.73,0.1396,16.210029445508912,16.210029445508912,7.15881254769688,1.478534820817193,2.264346124096233,12,50.0,13.349074492946597,1.3886896636515877,-27.047831583052417,4.674540818419762,4.36,5,10,34.39,0.19166666666666668,50.710506841655814,8.585204378565292,11.962824086803947,0.8918971026403135,0.7176569943911096,49,53.06122448979592,10.806389118262388,1.5134048599326544,-27.047831583052396,2.542064940529356,27.41,7,10,64.21,0.1587250996015936,-1000.0
stage5-ma60+jf,S-confirm3-ma20,,,,stage5-ma60+jf|exit=S-confirm3-ma20|trail=none|hold=none,31.497145731177522,9.59650347254659,40.993901869524585,0.44092008699956814,0.23409587853067387,18,38.88888888888889,9.397405152980022,-15.544451844940172,-67.1224441784178,1.498280630355112,27.130000000000003,6,10,90.38,0.7203187250996017,36.70486524219256,37.04722396830433,23.711409418020622,1.185886352670029,1.5624218415354305,9,88.88888888888889,34.897799870953214,26.716347572582855,-36.54566401161975,9.594185037620788,25.21,8,10,57.28,0.5164000000000001,54.41846221361768,54.41846221361768,12.68072505024177,2.103334220654447,4.291431444023001,11,81.81818181818183,49.533014271594936,14.563023887570248,-37.576268205167565,13.041554058457995,26.159999999999997,7,10,65.7,0.3944444444444445,257.9871555314939,29.18581147476358,40.993901869524585,0.9443646409423883,0.7119549529014387,27,59.25925925925925,64.4406913794058,31.81090317314217,-56.713075487221374,6.201994242369485,103.685,7,10,90.38,0.7569721115537849,-1000.0
all-confirm3-ma20,S-confirm3-ma20,0.2,60.0,,all-confirm3-ma20|exit=S-confirm3-ma20|trail=20%|hold=60,-1.025958905568447,-0.3445273839036478,11.962824086803947,-0.0005970128558128601,-0.028799837012038986,28,46.42857142857143,0.01817874115343936,-2.401090326217059,-26.97428325254111,1.0021940262996745,-9.175,3,10,61.4,0.1296148738379814,9.361032552473802,9.439349474898773,6.5612239982826726,1.1837931678926907,1.4386567929047107,10,60.0,9.296972292714543,17.17611651172126,-23.72333142580999,2.512364124845003,7.175,6,10,37.73,0.1496,16.210029445508912,16.210029445508912,7.15881254769688,1.478534820817193,2.264346124096233,12,50.0,13.349074492946597,1.3886896636515877,-27.047831583052417,4.674540818419762,4.36,5,10,34.39,0.19166666666666668,51.63786076740915,8.719037686651543,11.962824086803947,0.898223047818144,0.7288444286553886,49,53.06122448979592,10.89716466797898,1.5134048599326544,-27.047831583052396,2.5550185544649007,27.41,7,10,64.21,0.16023904382470117,-1000.0
b-confirm3-ma20+jf,S-confirm3-ma20,,60.0,,b-confirm3-ma20+jf|exit=S-confirm3-ma20|trail=none|hold=60,24.43042300187319,7.589095647280852,23.999634948508366,0.4903397165652763,0.31621712845063643,37,54.054054054054056,10.737149074580229,3.9341708331494196,-53.537060713923026,2.04276105393663,-1.065,4,10,89.74,0.251128818061089,28.084665211678562,28.338545961438832,18.734501454541096,1.1806265538862195,1.5126394492109525,13,76.92307692307693,18.465694847980803,15.015657847160968,-35.488884279708834,6.274549995522153,11.844999999999999,8,10,57.28,0.29240000000000005,22.80488273513621,22.80488273513621,10.545815875257325,1.6088219855035664,2.162457888975779,15,60.0,14.518090337470177,12.754924808902901,-35.27920865384615,4.053387905536203,20.525,8,10,47.64,0.28134920634920635,135.4279259535047,18.759373128039634,23.999634948508366,0.98539470104404,0.7816524363094771,64,60.9375,17.78176145913552,8.214661061564044,-53.537060713923026,3.2236086135939743,43.33,8,10,89.74,0.28589641434262947,-1000.0
stage5-ma60+jf,S-confirm3-ma20,,60.0,,stage5-ma60+jf|exit=S-confirm3-ma20|trail=none|hold=60,-5.6077065274874,-1.9128246961764295,37.081894956794606,-0.0018794611866040922,-0.05158379037546834,44,38.63636363636363,3.0091897989209904,-2.4414858438258022,-55.84417345778824,1.245691236545357,-8.24,4,10,91.87,0.30039840637450205,31.688308379496544,31.978624163648895,21.282263023569257,1.1803839171528638,1.502595101293215,14,78.57142857142857,19.805088106855507,16.2751980237563,-35.488884279708834,6.996313562841598,15.56,8,10,57.28,0.316,38.32057149652901,38.32057149652901,7.451589531401492,2.091107939208022,5.142603646516435,15,73.33333333333333,27.36624650869007,12.754924808902901,-30.78449843420483,7.5632077780040845,15.559999999999999,7,10,47.64,0.2793650793650794,94.05070296807104,14.238491211808402,37.081894956794606,0.7347342120996249,0.3839742070462731,72,52.77777777777778,14.607226020761665,2.5901783016292423,-55.84417345778824,2.4888985208178283,47.315,6,10,91.87,0.31984063745019925,-1000.0
v4-b-only,Scond,,60.0,,v4-b-only|exit=Scond|trail=none|hold=60,-15.243586816971256,-5.3845335413414634,37.10595443625101,-0.2383123610342946,-0.1451123848759161,45,44.44444444444444,-3.1191826810148457,-1.2063920029851904,-55.02564835758108,0.7365872467405398,-0.5800000000000001,5,10,85.45,0.2922974767596282,26.150774168966073,26.38543845352992,20.137108032557894,1.1750612742861946,1.3102893628454324,15,80.0,16.14624446982259,16.003109639197643,-30.471372763347638,4.178785996232287,16.765,7,10,57.28,0.30920000000000003,28.155496314782113,28.155496314782113,5.701693072374248,1.9751556961473966,4.938093993729805,16,62.5,18.564875847578605,6.367710988341457,-33.52561101802986,5.0980217116032165,12.870000000000001,7,10,41.62,0.23611111111111108,45.61903851554925,7.838462211719999,37.10595443625101,0.5133608762205183,0.21124540065898803,75,54.666666666666664,7.0930384645960745,3.3736303741352724,-55.02564835758108,1.7202082736427007,30.335,7,10,87.99,0.30366533864541834,-1000.0
all-confirm5-ma20,S,0.2,120.0,,all-confirm5-ma20|exit=S|trail=20%|hold=120,4.196997101512134,1.385406416895596,11.815524593216843,0.20019698072798114,0.11725306023999493,35,48.57142857142857,1.9382709518480898,-1.886966772336629,-26.97428325254111,1.2416091517554484,-5.305,4,10,62.36,0.1755644090305445,11.08687280537115,11.180351590493354,6.848874257028736,1.1710279524560647,1.632436393326887,11,72.72727272727273,10.490744574302413,3.995375811745916,-23.72333142580999,2.7855745991283123,2.095,6,10,36.45,0.23199999999999998,23.25397040905921,23.25397040905921,8.77886970592574,1.8840391497972413,2.648856992758734,14,64.28571428571429,17.170338868821876,4.370876460896877,-27.047831583052417,5.465087468685235,12.075,7,10,34.39,0.22857142857142856,77.47733217326788,12.208846686928476,11.815524593216843,1.1302305710599518,1.0332885849128897,59,57.6271186440678,13.588517521929862,2.183899425436464,-27.047831583052417,3.0250487140828826,27.869999999999997,7,10,65.1,0.21657370517928287,-1000.0
stage5-ma60+jf,S-confirm5-ma20,,120.0,,stage5-ma60+jf|exit=S-confirm5-ma20|trail=none|hold=120,9.93294228168069,3.2200113692848475,37.68417045175193,0.251591150121039,0.08544731994054415,34,44.11764705882353,2.828234216839688,-5.771563757265668,-57.51582531608928,1.2230571872795892,-3.4250000000000003,4,10,88.02,0.4329349269588313,31.414008844834363,31.701522993492006,20.565662797220053,1.1677111722232116,1.5414783032316,11,72.72727272727273,25.794047088775557,25.0934437156628,-37.648995364017445,6.932080438625372,19.29,6,10,54.89,0.42400000000000004,44.45883121402263,44.45883121402263,8.9079369984153,2.163699380276469,4.99092340032622,12,83.33333333333334,41.154840170674305,13.658974348236574,-52.955088779498595,9.145790870836828,26.159999999999997,7,10,57.45,0.325,139.15869038801114,19.134891953951016,37.68417045175193,0.8340315866711474,0.5077700192034197,56,60.71428571428571,19.035655164609437,11.64768312462906,-65.36520503742028,2.936163419242626,86.05,6,10,88.02,0.44382470119521916,-1000.0
all-confirm5-ma20,S-confirm5-ma20,,,,all-confirm5-ma20|exit=S-confirm5-ma20|trail=none|hold=none,58.189454659550876,16.588850819533473,22.54777789894892,0.7643757164582778,0.7357199850858375,15,60.0,32.906408362610726,9.638247811430634,-46.756432815048676,3.877308349152219,4.82,5,10,78.17,0.5718459495351926,21.585351383167527,21.775607350607284,16.720053931218438,1.1671981897676864,1.3023646598381777,9,88.88888888888889,20.660748790908926,25.09344371566278,-40.660013549500384,5.573208980656259,22.875,7,10,53.77,0.42960000000000004,43.67798684909967,43.67798684909967,13.413922333056249,1.7291172694001824,3.2561681635402766,11,54.54545454545454,38.86070808822657,9.117390782078449,-32.24579956160145,9.335846465896106,8.92,6,10,65.7,0.4095238095238095,242.3110736428407,28.029492255908785,22.54777789894892,1.1562288014445468,1.2431155026241145,26,65.38461538461539,88.51610967809468,28.04467140742628,-76.80202153840638,11.032559961571554,31.285,7,10,86.59,0.5965737051792829,-1000.0
v4-b+jf,S-or-MA20,0.2,,,v4-b+jf|exit=S-or-MA20|trail=20%|hold=none,18.803612338054055,5.935760989152317,15.270079539441284,0.6517820403874343,0.38871840672609226,71,49.29577464788733,3.2135469519539592,-0.27459758968430004,-34.38185233852088,1.7269294079658877,14.33,7,10,67.78,0.12642762284196546,16.7189557011006,16.86340186444928,7.2251571985080805,1.1619342391334648,2.333984078288483,22,54.54545454545454,7.102777320466994,0.40231824997352117,-16.87266341559851,2.8434348449870086,-1.1900000000000002,5,10,32.76,0.13200000000000003,15.225964141134995,15.225964141134995,7.236397753267221,1.5976624185675659,2.104080602017834,27,59.25925925925925,5.841782239138596,0.9165889808896877,-24.211782585831564,2.7653831061701784,9.325,8,10,38.77,0.15079365079365079,54.741973137594144,9.162307730697394,15.270079539441284,0.8768439187842001,0.6000170272218919,120,51.66666666666667,4.241684094068485,0.4549048885869378,-34.38185233852088,2.009176800156122,18.535,8,10,67.78,0.1349003984063745,-1000.0
v4-b+jf,S-or-MA20,0.2,60.0,,v4-b+jf|exit=S-or-MA20|trail=20%|hold=60,18.803612338054055,5.935760989152317,15.270079539441284,0.6517820403874343,0.38871840672609226,71,49.29577464788733,3.2135469519539592,-0.27459758968430004,-34.38185233852088,1.7269294079658877,14.33,7,10,67.78,0.12642762284196546,16.7189557011006,16.86340186444928,7.2251571985080805,1.1619342391334648,2.333984078288483,22,54.54545454545454,7.102777320466994,0.40231824997352117,-16.87266341559851,2.8434348449870086,-1.1900000000000002,5,10,32.76,0.13200000000000003,15.225964141134995,15.225964141134995,7.236397753267221,1.5976624185675659,2.104080602017834,27,59.25925925925925,5.841782239138596,0.9165889808896877,-24.211782585831564,2.7653831061701784,9.325,8,10,38.77,0.15079365079365079,54.741973137594144,9.162307730697394,15.270079539441284,0.8768439187842001,0.6000170272218919,120,51.66666666666667,4.241684094068485,0.4549048885869378,-34.38185233852088,2.009176800156122,18.535,8,10,67.78,0.1349003984063745,-1000.0
v4-b+jf,S-or-MA20,0.2,120.0,,v4-b+jf|exit=S-or-MA20|trail=20%|hold=120,18.803612338054055,5.935760989152317,15.270079539441284,0.6517820403874343,0.38871840672609226,71,49.29577464788733,3.2135469519539592,-0.27459758968430004,-34.38185233852088,1.7269294079658877,14.33,7,10,67.78,0.12642762284196546,16.7189557011006,16.86340186444928,7.2251571985080805,1.1619342391334648,2.333984078288483,22,54.54545454545454,7.102777320466994,0.40231824997352117,-16.87266341559851,2.8434348449870086,-1.1900000000000002,5,10,32.76,0.13200000000000003,15.225964141134995,15.225964141134995,7.236397753267221,1.5976624185675659,2.104080602017834,27,59.25925925925925,5.841782239138596,0.9165889808896877,-24.211782585831564,2.7653831061701784,9.325,8,10,38.77,0.15079365079365079,54.741973137594144,9.162307730697394,15.270079539441284,0.8768439187842001,0.6000170272218919,120,51.66666666666667,4.241684094068485,0.4549048885869378,-34.38185233852088,2.009176800156122,18.535,8,10,67.78,0.1349003984063745,-1000.0
v4-b+jf,S-or-MA20,0.15,,,v4-b+jf|exit=S-or-MA20|trail=15%|hold=none,17.113317657212733,5.428947744328827,16.554378194214248,0.6437396220646316,0.32794634027548336,72,47.22222222222222,3.02629678601667,-0.491665425021226,-34.38185233852087,1.6701238553830333,14.33,7,10,64.6,0.11859229747675962,16.005193373788074,16.14305670805136,6.924387614196226,1.1571117061367222,2.331333484993709,22,50.0,6.976556777833055,-0.5852441994946556,-16.87266341559851,2.674790325098285,-1.1900000000000002,5,10,39.56,0.11880000000000002,15.276743390105585,15.276743390105585,6.281416829378738,1.6549733427521596,2.432053755556376,27,59.25925925925925,5.948487139512604,0.9165889808896877,-21.011725753607323,2.7264138079691356,10.399999999999999,8,10,35.51,0.14007936507936508,52.457577850803496,8.836793575008773,16.554378194214248,0.8939749977750899,0.5338040167583721,121,49.586776859504134,4.162184079996827,-0.16621273788148816,-34.38185233852087,1.9658458477996716,18.535,7,10,64.6,0.12478087649402392,-1000.0
v4-b+jf,S-or-MA20,0.15,60.0,,v4-b+jf|exit=S-or-MA20|trail=15%|hold=60,17.113317657212733,5.428947744328827,16.554378194214248,0.6437396220646316,0.32794634027548336,72,47.22222222222222,3.02629678601667,-0.491665425021226,-34.38185233852087,1.6701238553830333,14.33,7,10,64.6,0.11859229747675962,16.005193373788074,16.14305670805136,6.924387614196226,1.1571117061367222,2.331333484993709,22,50.0,6.976556777833055,-0.5852441994946556,-16.87266341559851,2.674790325098285,-1.1900000000000002,5,10,39.56,0.11880000000000002,15.276743390105585,15.276743390105585,6.281416829378738,1.6549733427521596,2.432053755556376,27,59.25925925925925,5.948487139512604,0.9165889808896877,-21.011725753607323,2.7264138079691356,10.399999999999999,8,10,35.51,0.14007936507936508,52.457577850803496,8.836793575008773,16.554378194214248,0.8939749977750899,0.5338040167583721,121,49.586776859504134,4.162184079996827,-0.16621273788148816,-34.38185233852087,1.9658458477996716,18.535,7,10,64.6,0.12478087649402392,-1000.0
v4-b+jf,S-or-MA20,0.15,120.0,,v4-b+jf|exit=S-or-MA20|trail=15%|hold=120,17.113317657212733,5.428947744328827,16.554378194214248,0.6437396220646316,0.32794634027548336,72,47.22222222222222,3.02629678601667,-0.491665425021226,-34.38185233852087,1.6701238553830333,14.33,7,10,64.6,0.11859229747675962,16.005193373788074,16.14305670805136,6.924387614196226,1.1571117061367222,2.331333484993709,22,50.0,6.976556777833055,-0.5852441994946556,-16.87266341559851,2.674790325098285,-1.1900000000000002,5,10,39.56,0.11880000000000002,15.276743390105585,15.276743390105585,6.281416829378738,1.6549733427521596,2.432053755556376,27,59.25925925925925,5.948487139512604,0.9165889808896877,-21.011725753607323,2.7264138079691356,10.399999999999999,8,10,35.51,0.14007936507936508,52.457577850803496,8.836793575008773,16.554378194214248,0.8939749977750899,0.5338040167583721,121,49.586776859504134,4.162184079996827,-0.16621273788148816,-34.38185233852087,1.9658458477996716,18.535,7,10,64.6,0.12478087649402392,-1000.0
stage5-ma60+jf,Scond,,60.0,,stage5-ma60+jf|exit=Scond|trail=none|hold=60,-15.281399912737193,-5.398662229255901,37.5903898236013,-0.18727857761311933,-0.14361814960126662,44,43.18181818181818,-3.55079058120905,-2.795458722722488,-55.84417345778824,0.7116927422081021,-12.719999999999999,4,10,89.76,0.27981407702523237,30.501631822324548,30.779860496750832,21.282263023569246,1.1519246989762966,1.446268212297883,14,78.57142857142857,19.364908811994965,16.2751980237563,-35.488884279708834,6.863042099386673,15.56,8,10,57.28,0.2852,32.19781061069591,32.19781061069591,3.6016932777609867,2.3629374607486495,8.939631480977154,15,73.33333333333333,21.77979886032849,12.94061317190216,-30.78449843420483,6.547573815010496,11.83,6,10,40.29,0.19444444444444445,57.74361541430779,9.58423711978622,37.5903898236013,0.5527645794473126,0.25496508987434635,72,55.55555555555556,8.464943856894894,4.066171790714124,-55.84417345778824,1.8636248719205504,26.090000000000003,6,10,89.76,0.28294820717131475,-1000.0
all-confirm5-ma60,S-or-MA20,,,,all-confirm5-ma60|exit=S-or-MA20|trail=none|hold=none,4.4198719615498705,1.4579298102546323,2.099009949175512,0.584548381254287,0.6945797521480567,14,57.14285714285714,3.0282949170575337,1.502681621377222,-8.726770370520088,2.325825979646019,2.5850000000000004,6,10,19.17,0.034794156706507304,5.690727379423688,5.737535039542774,5.044089881464675,1.1518061634088252,1.1374767647631092,7,42.857142857142854,10.75231265959069,-0.839623781780785,-26.303071854297144,2.5534789622899794,0.0,3,10,26.3,0.046799999999999994,4.9767041931076506,4.9767041931076506,2.6451555004039173,1.1357272173300137,1.8814410692859849,10,40.0,5.72958366687801,-3.2782763163664406,-11.62483210661065,2.624950648538939,-1.525,3,10,21.21,0.06349206349206349,14.980797787223876,2.8426764625249623,5.044089881464709,0.7990850519607852,0.5635657827928123,31,48.38709677419355,5.3895870045614025,-1.913204859932649,-26.303071854297144,2.3761124480208053,5.73,7,10,34.27,0.044223107569721115,-1000.0
all-confirm5-ma60,S-or-MA20,,60.0,,all-confirm5-ma60|exit=S-or-MA20|trail=none|hold=60,4.4198719615498705,1.4579298102546323,2.099009949175512,0.584548381254287,0.6945797521480567,14,57.14285714285714,3.0282949170575337,1.502681621377222,-8.726770370520088,2.325825979646019,2.5850000000000004,6,10,19.17,0.034794156706507304,5.690727379423688,5.737535039542774,5.044089881464675,1.1518061634088252,1.1374767647631092,7,42.857142857142854,10.75231265959069,-0.839623781780785,-26.303071854297144,2.5534789622899794,0.0,3,10,26.3,0.046799999999999994,4.9767041931076506,4.9767041931076506,2.6451555004039173,1.1357272173300137,1.8814410692859849,10,40.0,5.72958366687801,-3.2782763163664406,-11.62483210661065,2.624950648538939,-1.525,3,10,21.21,0.06349206349206349,14.980797787223876,2.8426764625249623,5.044089881464709,0.7990850519607852,0.5635657827928123,31,48.38709677419355,5.3895870045614025,-1.913204859932649,-26.303071854297144,2.3761124480208053,5.73,7,10,34.27,0.044223107569721115,-1000.0
all-confirm5-ma60,S-or-MA20,,120.0,,all-confirm5-ma60|exit=S-or-MA20|trail=none|hold=120,4.4198719615498705,1.4579298102546323,2.099009949175512,0.584548381254287,0.6945797521480567,14,57.14285714285714,3.0282949170575337,1.502681621377222,-8.726770370520088,2.325825979646019,2.5850000000000004,6,10,19.17,0.034794156706507304,5.690727379423688,5.737535039542774,5.044089881464675,1.1518061634088252,1.1374767647631092,7,42.857142857142854,10.75231265959069,-0.839623781780785,-26.303071854297144,2.5534789622899794,0.0,3,10,26.3,0.046799999999999994,4.9767041931076506,4.9767041931076506,2.6451555004039173,1.1357272173300137,1.8814410692859849,10,40.0,5.72958366687801,-3.2782763163664406,-11.62483210661065,2.624950648538939,-1.525,3,10,21.21,0.06349206349206349,14.980797787223876,2.8426764625249623,5.044089881464709,0.7990850519607852,0.5635657827928123,31,48.38709677419355,5.3895870045614025,-1.913204859932649,-26.303071854297144,2.3761124480208053,5.73,7,10,34.27,0.044223107569721115,-1000.0
all-confirm5-ma60,S-or-MA20,0.15,,,all-confirm5-ma60|exit=S-or-MA20|trail=15%|hold=none,4.4198719615498705,1.4579298102546323,2.099009949175512,0.584548381254287,0.6945797521480567,14,57.14285714285714,3.0282949170575337,1.502681621377222,-8.726770370520088,2.325825979646019,2.5850000000000004,6,10,19.17,0.034794156706507304,5.690727379423688,5.737535039542774,5.044089881464675,1.1518061634088252,1.1374767647631092,7,42.857142857142854,10.75231265959069,-0.839623781780785,-26.303071854297144,2.5534789622899794,0.0,3,10,26.3,0.046799999999999994,5.525722351017759,5.525722351017759,2.5479263591395185,1.266568330880753,2.168713523134906,10,40.0,6.299798303915755,-3.2782763163664406,-11.62483210661065,2.7866675721641694,-0.82,3,10,16.32,0.06190476190476191,15.582136401170743,2.950451511812835,5.044089881464709,0.8303560397730121,0.5849323824808768,31,48.38709677419355,5.57352721005745,-1.913204859932649,-26.303071854297144,2.4230775320356637,5.73,7,10,34.27,0.043904382470119525,-1000.0
all-confirm5-ma60,S-or-MA20,0.15,60.0,,all-confirm5-ma60|exit=S-or-MA20|trail=15%|hold=60,4.4198719615498705,1.4579298102546323,2.099009949175512,0.584548381254287,0.6945797521480567,14,57.14285714285714,3.0282949170575337,1.502681621377222,-8.726770370520088,2.325825979646019,2.5850000000000004,6,10,19.17,0.034794156706507304,5.690727379423688,5.737535039542774,5.044089881464675,1.1518061634088252,1.1374767647631092,7,42.857142857142854,10.75231265959069,-0.839623781780785,-26.303071854297144,2.5534789622899794,0.0,3,10,26.3,0.046799999999999994,5.525722351017759,5.525722351017759,2.5479263591395185,1.266568330880753,2.168713523134906,10,40.0,6.299798303915755,-3.2782763163664406,-11.62483210661065,2.7866675721641694,-0.82,3,10,16.32,0.06190476190476191,15.582136401170743,2.950451511812835,5.044089881464709,0.8303560397730121,0.5849323824808768,31,48.38709677419355,5.57352721005745,-1.913204859932649,-26.303071854297144,2.4230775320356637,5.73,7,10,34.27,0.043904382470119525,-1000.0
all-confirm5-ma60,S-or-MA20,0.15,120.0,,all-confirm5-ma60|exit=S-or-MA20|trail=15%|hold=120,4.4198719615498705,1.4579298102546323,2.099009949175512,0.584548381254287,0.6945797521480567,14,57.14285714285714,3.0282949170575337,1.502681621377222,-8.726770370520088,2.325825979646019,2.5850000000000004,6,10,19.17,0.034794156706507304,5.690727379423688,5.737535039542774,5.044089881464675,1.1518061634088252,1.1374767647631092,7,42.857142857142854,10.75231265959069,-0.839623781780785,-26.303071854297144,2.5534789622899794,0.0,3,10,26.3,0.046799999999999994,5.525722351017759,5.525722351017759,2.5479263591395185,1.266568330880753,2.168713523134906,10,40.0,6.299798303915755,-3.2782763163664406,-11.62483210661065,2.7866675721641694,-0.82,3,10,16.32,0.06190476190476191,15.582136401170743,2.950451511812835,5.044089881464709,0.8303560397730121,0.5849323824808768,31,48.38709677419355,5.57352721005745,-1.913204859932649,-26.303071854297144,2.4230775320356637,5.73,7,10,34.27,0.043904382470119525,-1000.0
all-confirm5-ma60,S-or-MA20,0.2,,,all-confirm5-ma60|exit=S-or-MA20|trail=20%|hold=none,4.4198719615498705,1.4579298102546323,2.099009949175512,0.584548381254287,0.6945797521480567,14,57.14285714285714,3.0282949170575337,1.502681621377222,-8.726770370520088,2.325825979646019,2.5850000000000004,6,10,19.17,0.034794156706507304,5.690727379423688,5.737535039542774,5.044089881464675,1.1518061634088252,1.1374767647631092,7,42.857142857142854,10.75231265959069,-0.839623781780785,-26.303071854297144,2.5534789622899794,0.0,3,10,26.3,0.046799999999999994,4.9767041931076506,4.9767041931076506,2.6451555004039173,1.1357272173300137,1.8814410692859849,10,40.0,5.72958366687801,-3.2782763163664406,-11.62483210661065,2.624950648538939,-1.525,3,10,21.21,0.06349206349206349,14.980797787223876,2.8426764625249623,5.044089881464709,0.7990850519607852,0.5635657827928123,31,48.38709677419355,5.3895870045614025,-1.913204859932649,-26.303071854297144,2.3761124480208053,5.73,7,10,34.27,0.044223107569721115,-1000.0
all-confirm5-ma60,S-or-MA20,0.2,60.0,,all-confirm5-ma60|exit=S-or-MA20|trail=20%|hold=60,4.4198719615498705,1.4579298102546323,2.099009949175512,0.584548381254287,0.6945797521480567,14,57.14285714285714,3.0282949170575337,1.502681621377222,-8.726770370520088,2.325825979646019,2.5850000000000004,6,10,19.17,0.034794156706507304,5.690727379423688,5.737535039542774,5.044089881464675,1.1518061634088252,1.1374767647631092,7,42.857142857142854,10.75231265959069,-0.839623781780785,-26.303071854297144,2.5534789622899794,0.0,3,10,26.3,0.046799999999999994,4.9767041931076506,4.9767041931076506,2.6451555004039173,1.1357272173300137,1.8814410692859849,10,40.0,5.72958366687801,-3.2782763163664406,-11.62483210661065,2.624950648538939,-1.525,3,10,21.21,0.06349206349206349,14.980797787223876,2.8426764625249623,5.044089881464709,0.7990850519607852,0.5635657827928123,31,48.38709677419355,5.3895870045614025,-1.913204859932649,-26.303071854297144,2.3761124480208053,5.73,7,10,34.27,0.044223107569721115,-1000.0
all-confirm5-ma60,S-or-MA20,0.2,120.0,,all-confirm5-ma60|exit=S-or-MA20|trail=20%|hold=120,4.4198719615498705,1.4579298102546323,2.099009949175512,0.584548381254287,0.6945797521480567,14,57.14285714285714,3.0282949170575337,1.502681621377222,-8.726770370520088,2.325825979646019,2.5850000000000004,6,10,19.17,0.034794156706507304,5.690727379423688,5.737535039542774,5.044089881464675,1.1518061634088252,1.1374767647631092,7,42.857142857142854,10.75231265959069,-0.839623781780785,-26.303071854297144,2.5534789622899794,0.0,3,10,26.3,0.046799999999999994,4.9767041931076506,4.9767041931076506,2.6451555004039173,1.1357272173300137,1.8814410692859849,10,40.0,5.72958366687801,-3.2782763163664406,-11.62483210661065,2.624950648538939,-1.525,3,10,21.21,0.06349206349206349,14.980797787223876,2.8426764625249623,5.044089881464709,0.7990850519607852,0.5635657827928123,31,48.38709677419355,5.3895870045614025,-1.913204859932649,-26.303071854297144,2.3761124480208053,5.73,7,10,34.27,0.044223107569721115,-1000.0
b-confirm3-ma20+jf,S-or-MA60,0.15,,,b-confirm3-ma20+jf|exit=S-or-MA60|trail=15%|hold=none,4.2885620715094275,1.4152141018584308,10.867906218360602,0.19885722948500553,0.13021957251227667,48,45.83333333333333,1.724981069801505,-2.2069092196838613,-34.38185233852087,1.2590428849495006,-3.695,3,10,69.33,0.10265604249667995,16.697293808741875,16.841539670930096,8.535313260129218,1.1492771389961756,1.9731601123067775,19,52.63157894736842,8.096529936250795,1.0165968186237384,-15.22567356832203,3.434881472895956,1.175,5,10,30.16,0.1504,25.021311086357723,25.021311086357723,7.640212662984314,2.2172815067052816,3.274949558352247,19,57.89473684210527,13.863986295125471,13.107754800560922,-21.011725753607337,3.8742741712706397,24.195,7,10,28.67,0.19404761904761905,59.99875123275085,9.89703143529319,10.867906218360602,0.9255392656853437,0.9106658850784725,85,50.588235294117645,6.569415711073949,0.2699103801992564,-34.38185233852087,2.1816170769323966,26.43,7,10,69.33,0.13816733067729084,-1000.0
b-confirm3-ma20+jf,S-or-MA60,0.15,120.0,,b-confirm3-ma20+jf|exit=S-or-MA60|trail=15%|hold=120,4.2885620715094275,1.4152141018584308,10.867906218360602,0.19885722948500553,0.13021957251227667,48,45.83333333333333,1.724981069801505,-2.2069092196838613,-34.38185233852087,1.2590428849495006,-3.695,3,10,69.33,0.10265604249667995,16.697293808741875,16.841539670930096,8.535313260129218,1.1492771389961756,1.9731601123067775,19,52.63157894736842,8.096529936250795,1.0165968186237384,-15.22567356832203,3.434881472895956,1.175,5,10,30.16,0.1504,25.021311086357723,25.021311086357723,7.640212662984314,2.2172815067052816,3.274949558352247,19,57.89473684210527,13.863986295125471,13.107754800560922,-21.011725753607337,3.8742741712706397,24.195,7,10,28.67,0.19404761904761905,59.99875123275085,9.89703143529319,10.867906218360602,0.9255392656853437,0.9106658850784725,85,50.588235294117645,6.569415711073949,0.2699103801992564,-34.38185233852087,2.1816170769323966,26.43,7,10,69.33,0.13816733067729084,-1000.0
v4-b-only,S-confirm3-ma20,,,,v4-b-only|exit=S-confirm3-ma20|trail=none|hold=none,32.28700586659274,9.816375676480193,38.8605762954944,0.4562745516893765,0.2526049948883113,18,44.44444444444444,12.584859160146655,-7.492060938224531,-67.1224441784178,1.6539943001452342,13.98,7,10,88.02,0.7284196547144755,33.59766238100808,33.90760730629576,27.036904212312574,1.1361835855797686,1.254123143686483,10,90.0,29.11018907791935,25.206477132591843,-42.603338899647916,7.832842173823124,25.21,9,10,57.28,0.6088000000000001,51.618970700679625,51.618970700679625,13.689631957335212,1.9206249121434738,3.7706616848103804,12,75.0,42.66507820700126,16.285706503324594,-34.24130143645999,11.10480983986087,23.485,8,10,65.7,0.44801587301587303,237.0068510865284,27.62864992604024,38.8605762954944,0.9451971253595541,0.710968610345688,28,60.71428571428571,60.75829080538452,28.931807384132824,-71.74914246455087,6.030651160813675,69.2,7,10,90.2,0.7608764940239044,-1000.0
b-confirm3-ma20+jf,S-or-MA60,0.15,60.0,,b-confirm3-ma20+jf|exit=S-or-MA60|trail=15%|hold=60,5.203843295536004,1.7122184913334948,10.867906218360602,0.2307991627727628,0.1575481474472807,48,45.83333333333333,1.9500537404811502,-2.2069092196838613,-34.38185233852087,1.2928423711913135,-3.695,3,10,69.33,0.10159362549800796,16.20205199145408,16.341727365535675,8.535313260129218,1.1207726142051446,1.9146019445908742,19,52.63157894736842,7.832378028575826,1.0165968186237384,-15.22567356832203,3.3554426773758923,1.175,5,10,30.16,0.1316,25.021311086357723,25.021311086357723,7.640212662984314,2.2172815067052816,3.274949558352247,19,57.89473684210527,13.863986295125471,13.107754800560922,-21.011725753607337,3.8742741712706397,24.195,7,10,28.67,0.19404761904761905,58.650030076825786,9.710386496563196,10.867906218360602,0.9124166752398376,0.8934919294903507,85,50.588235294117645,6.446902904649425,0.2699103801992342,-34.38185233852087,2.159581140925165,26.43,7,10,69.33,0.130199203187251,-1000.0
stage5-ma60+jf,S-or-MA20,0.2,,,stage5-ma60+jf|exit=S-or-MA20|trail=20%|hold=none,17.170511856845195,5.446175971721834,15.785516653868125,0.6213460298761364,0.34501094206424265,63,53.96825396825397,3.322950476460574,1.9044469405472109,-34.38185233852088,1.7310862699778975,11.905000000000001,7,10,67.78,0.11181938911022575,15.888164425233263,16.02495181202861,7.225157198508104,1.120328239254173,2.2179381530048294,20,50.0,7.497147439575021,-0.41407389233225067,-16.87266341559851,2.666216730857676,-2.22,4,10,32.76,0.12080000000000002,15.876057783008534,15.876057783008534,6.927576175827321,1.783210276891401,2.29171897645897,22,59.09090909090909,7.419008583373185,2.028546989255653,-24.211782585831575,3.061170495565162,10.445,7,10,45.12,0.13134920634920635,52.32974100674643,8.818462617704537,15.785516653868125,0.8704614223347619,0.5586426349589031,105,54.285714285714285,4.658819097509553,1.4210281525302904,-34.38185233852088,2.0341524277817666,14.935,8,10,67.78,0.1198406374501992,-1000.0
stage5-ma60+jf,S-or-MA20,0.2,60.0,,stage5-ma60+jf|exit=S-or-MA20|trail=20%|hold=60,17.170511856845195,5.446175971721834,15.785516653868125,0.6213460298761364,0.34501094206424265,63,53.96825396825397,3.322950476460574,1.9044469405472109,-34.38185233852088,1.7310862699778975,11.905000000000001,7,10,67.78,0.11181938911022575,15.888164425233263,16.02495181202861,7.225157198508104,1.120328239254173,2.2179381530048294,20,50.0,7.497147439575021,-0.41407389233225067,-16.87266341559851,2.666216730857676,-2.22,4,10,32.76,0.12080000000000002,15.876057783008534,15.876057783008534,6.927576175827321,1.783210276891401,2.29171897645897,22,59.09090909090909,7.419008583373185,2.028546989255653,-24.211782585831575,3.061170495565162,10.445,7,10,45.12,0.13134920634920635,52.32974100674643,8.818462617704537,15.785516653868125,0.8704614223347619,0.5586426349589031,105,54.285714285714285,4.658819097509553,1.4210281525302904,-34.38185233852088,2.0341524277817666,14.935,8,10,67.78,0.1198406374501992,-1000.0
stage5-ma60+jf,S-or-MA20,0.2,120.0,,stage5-ma60+jf|exit=S-or-MA20|trail=20%|hold=120,17.170511856845195,5.446175971721834,15.785516653868125,0.6213460298761364,0.34501094206424265,63,53.96825396825397,3.322950476460574,1.9044469405472109,-34.38185233852088,1.7310862699778975,11.905000000000001,7,10,67.78,0.11181938911022575,15.888164425233263,16.02495181202861,7.225157198508104,1.120328239254173,2.2179381530048294,20,50.0,7.497147439575021,-0.41407389233225067,-16.87266341559851,2.666216730857676,-2.22,4,10,32.76,0.12080000000000002,15.876057783008534,15.876057783008534,6.927576175827321,1.783210276891401,2.29171897645897,22,59.09090909090909,7.419008583373185,2.028546989255653,-24.211782585831575,3.061170495565162,10.445,7,10,45.12,0.13134920634920635,52.32974100674643,8.818462617704537,15.785516653868125,0.8704614223347619,0.5586426349589031,105,54.285714285714285,4.658819097509553,1.4210281525302904,-34.38185233852088,2.0341524277817666,14.935,8,10,67.78,0.1198406374501992,-1000.0
stage5-ma60+jf,S-or-MA20,0.15,,,stage5-ma60+jf|exit=S-or-MA20|trail=15%|hold=none,15.410821785856843,4.913532252568675,17.062002540859822,0.6062054372252167,0.2879809823496289,64,51.5625,3.101489721572651,1.4199645807393635,-34.38185233852087,1.6656130046983266,11.905000000000001,6,10,64.6,0.10411686586985391,15.178818829150465,15.309105047008664,6.92438761419627,1.113894399907909,2.2108966019785172,20,45.0,7.358304842677689,-2.5670490768388623,-16.87266341559851,2.5192491746577863,-2.22,4,10,39.56,0.1076,15.924620598536986,15.924620598536986,5.96941600158416,1.851973742208989,2.6677015966571807,22,59.09090909090909,7.549964597468556,2.028546989255653,-21.011725753607323,3.004270359225006,11.52,7,10,42.19,0.12063492063492062,49.956512784679276,8.475903957508436,17.062002540859822,0.8853533687686103,0.4967707593062696,106,51.886792452830186,4.5586425923496705,1.1274015245494096,-34.38185233852087,1.9848226314654591,19.025,7,10,64.6,0.10980079681274901,-1000.0
stage5-ma60+jf,S-or-MA20,0.15,60.0,,stage5-ma60+jf|exit=S-or-MA20|trail=15%|hold=60,15.410821785856843,4.913532252568675,17.062002540859822,0.6062054372252167,0.2879809823496289,64,51.5625,3.101489721572651,1.4199645807393635,-34.38185233852087,1.6656130046983266,11.905000000000001,6,10,64.6,0.10411686586985391,15.178818829150465,15.309105047008664,6.92438761419627,1.113894399907909,2.2108966019785172,20,45.0,7.358304842677689,-2.5670490768388623,-16.87266341559851,2.5192491746577863,-2.22,4,10,39.56,0.1076,15.924620598536986,15.924620598536986,5.96941600158416,1.851973742208989,2.6677015966571807,22,59.09090909090909,7.549964597468556,2.028546989255653,-21.011725753607323,3.004270359225006,11.52,7,10,42.19,0.12063492063492062,49.956512784679276,8.475903957508436,17.062002540859822,0.8853533687686103,0.4967707593062696,106,51.886792452830186,4.5586425923496705,1.1274015245494096,-34.38185233852087,1.9848226314654591,19.025,7,10,64.6,0.10980079681274901,-1000.0
stage5-ma60+jf,S-or-MA20,0.15,120.0,,stage5-ma60+jf|exit=S-or-MA20|trail=15%|hold=120,15.410821785856843,4.913532252568675,17.062002540859822,0.6062054372252167,0.2879809823496289,64,51.5625,3.101489721572651,1.4199645807393635,-34.38185233852087,1.6656130046983266,11.905000000000001,6,10,64.6,0.10411686586985391,15.178818829150465,15.309105047008664,6.92438761419627,1.113894399907909,2.2108966019785172,20,45.0,7.358304842677689,-2.5670490768388623,-16.87266341559851,2.5192491746577863,-2.22,4,10,39.56,0.1076,15.924620598536986,15.924620598536986,5.96941600158416,1.851973742208989,2.6677015966571807,22,59.09090909090909,7.549964597468556,2.028546989255653,-21.011725753607323,3.004270359225006,11.52,7,10,42.19,0.12063492063492062,49.956512784679276,8.475903957508436,17.062002540859822,0.8853533687686103,0.4967707593062696,106,51.886792452830186,4.5586425923496705,1.1274015245494096,-34.38185233852087,1.9848226314654591,19.025,7,10,64.6,0.10980079681274901,-1000.0
all-confirm5-ma60,Scond,0.2,60.0,,all-confirm5-ma60|exit=Scond|trail=20%|hold=60,8.64113864589462,2.812496326152192,6.125617241338832,0.6385608163736699,0.45913680456101835,14,71.42857142857143,5.685131470999829,2.3627568462597615,-20.26225293766669,2.953896845896039,1.675,6,10,24.01,0.0642762284196547,6.892272073520256,6.949283375551163,5.624082997797652,1.1126515273603874,1.2356295912191282,7,57.14285714285714,11.713641230964575,6.350679029987116,-26.24017518896776,2.613984964641205,0.0,3,10,27.68,0.0764,10.062817234331579,10.062817234331579,2.350663055130686,2.2431733609561535,4.280842042575145,9,66.66666666666666,11.88004586325732,11.916772432735101,-11.485821412138353,5.244877563069014,0.885,5,10,20.23,0.08214285714285713,40.16029083884804,7.014303851424364,6.125617241338832,1.2642188049231715,1.1450770714317922,29,68.96551724137932,13.671394981532798,11.712153851869168,-26.24017518896776,4.14859864116867,4.5600000000000005,6,10,36.9,0.07904382470119523,-1000.0
all-confirm5-ma60,S,,120.0,,all-confirm5-ma60|exit=S|trail=none|hold=120,7.3488366580372055,2.401585349578794,7.4933317262056764,0.4492003705791844,0.3204963342514213,13,61.53846153846154,5.358187956933417,9.037865665753175,-36.74616428221981,1.8477565072278153,0.0,4,10,58.26,0.12151394422310757,10.968381804863947,11.060812665211351,8.31883894424208,1.1103166694190012,1.329610146241278,6,66.66666666666666,18.44367089175165,20.78398867106702,-35.968587330380196,4.058229142769957,0.0,3,10,50.36,0.18119999999999997,18.919123108760584,18.919123108760584,7.385621923066587,1.980355034213682,2.561615434127877,8,75.0,23.0244591062902,13.67666461040351,-7.672306384325067,15.237279112902261,7.47,6,10,47.64,0.1464285714285714,49.566842356217535,8.419244339177467,8.12744925066584,1.0650580747195202,1.0359024190139017,26,69.23076923076923,15.974408001143525,11.669644539254097,-36.74616428221981,4.198676318343752,17.755,9,10,58.26,0.14191235059760957,-1000.0
v4-b-only,S-confirm5-ma20,,120.0,,v4-b-only|exit=S-confirm5-ma20|trail=none|hold=120,5.16400585306398,1.6993272941315585,37.05158425964016,0.1881897037377956,0.04586382277808874,37,45.94594594594595,3.4788058560303843,-5.191238345268578,-71.82800585457328,1.2696462202838403,-10.065,4,10,85.08,0.46640106241699864,26.595443601603506,26.83450535239229,22.95524806259548,1.1023322889994653,1.1689921746529885,12,83.33333333333334,19.14708034926843,13.646738004262115,-35.24598251327249,6.082047912816318,13.120000000000001,8,10,54.95,0.47160000000000013,42.1926537645904,42.1926537645904,8.673378478545303,1.9844538694326415,4.8646157744596605,13,76.92307692307693,34.34102710828713,11.440124873396629,-35.24386075298729,9.640152887193006,12.555,8,10,48.36,0.3654761904761904,121.0468565541016,17.265796616246188,37.05158425964016,0.8177693166687258,0.46599347804551533,61,62.295081967213115,16.533443518669547,10.480598235269568,-71.82800585457328,2.7700411455759215,35.115,7,10,88.51,0.480398406374502,-1000.0
all-confirm3-ma20,S,0.2,,,all-confirm3-ma20|exit=S|trail=20%|hold=none,4.683321103963101,1.5435233604100151,9.159784167959284,0.2384850881288576,0.16851088760466917,26,46.15384615384615,2.8649162660073193,-2.602324021327529,-26.97428325254112,1.325122759122436,-9.11,3,10,59.29,0.17463479415670652,8.301329938339276,8.370445847413489,6.140459704548318,1.0932198307837493,1.3631627353915197,10,60.0,9.326692196610823,2.8970093159150667,-23.72333142580999,2.51719874358231,2.0,5,10,36.45,0.1772,20.814000512948393,20.814000512948393,7.15881254769688,1.8217718946983938,2.907465501334385,12,66.66666666666666,18.414814142233656,4.370876460896866,-27.047831583052417,6.155715470210671,9.504999999999999,7,10,34.39,0.20833333333333331,62.868863453745135,10.2900689987941,9.159784167959284,1.0478721916741718,1.1233964480067693,46,54.347826086956516,16.02561507940047,2.302191714117563,-27.047831583052417,3.114230547364465,16.505000000000003,8,10,62.24,0.20286852589641433,-1000.0
all-confirm3-ma20,S,0.2,120.0,,all-confirm3-ma20|exit=S|trail=20%|hold=120,2.3093536271066917,0.7669889368585148,9.062346594886305,0.1414143469410737,0.08463469464865873,28,46.42857142857143,1.5289384521264993,-1.900085816134639,-26.97428325254112,1.1853309035877448,-9.11,3,10,59.29,0.14541832669322707,8.301329938339276,8.370445847413489,6.140459704548318,1.0932198307837493,1.3631627353915197,10,60.0,9.326692196610823,2.8970093159150667,-23.72333142580999,2.51719874358231,2.0,5,10,36.45,0.1772,20.814000512948393,20.814000512948393,7.15881254769688,1.8217718946983938,2.907465501334385,12,66.66666666666666,18.414814142233656,4.370876460896866,-27.047831583052417,6.155715470210671,9.504999999999999,7,10,34.39,0.20833333333333331,63.605207449463094,10.390012074783872,9.062346594886305,1.0809903404807242,1.146503498403685,49,55.10204081632652,14.667677126925962,2.8057406081509306,-27.047831583052417,3.0504912056366895,17.04,8,10,62.24,0.18812749003984064,-1000.0
all-confirm3-ma20,S-confirm3-ma20,0.2,,,all-confirm3-ma20|exit=S-confirm3-ma20|trail=20%|hold=none,2.7559145298238885,0.9139694155102074,12.570533584325771,0.14426480750690995,0.07270728878604152,25,40.0,1.9496564894265238,-3.29144318272242,-26.97428325254112,1.210775438550879,-9.5,3,10,59.29,0.20092961487383798,10.303145068780161,10.389711619892083,7.757471047910059,1.0914906914992337,1.3393168412392822,9,66.66666666666666,11.77782528214121,3.995375811745916,-23.72333142580999,2.727460144788123,2.0,5,10,37.73,0.2504,18.03637010068966,18.03637010068966,7.2765344783570445,1.5737224275673412,2.4787033105300504,12,50.0,16.342400154454765,1.3886896636515877,-27.047831583052417,4.811482926334156,4.36,5,10,34.39,0.2123015873015873,59.835726628328764,9.87453797672515,12.570533584325771,0.911691739135431,0.785530535397299,44,47.72727272727273,16.18962958101078,-0.7084533726261444,-27.047831583052417,3.090389913649455,6.3149999999999995,7,10,62.24,0.23322709163346614,-1000.0
all-confirm3-ma20,S,0.15,,,all-confirm3-ma20|exit=S|trail=15%|hold=none,1.2133661021016096,0.40443860790695396,8.554920206024619,0.09306197246724442,0.04727555584003423,27,40.74074074074074,0.9847236876585985,-3.2914431827223978,-26.97428325254111,1.1287056297933178,-3.98,4,10,60.44,0.15405046480743692,7.2773221465419535,7.337626448529844,5.268628076282211,1.0695844799837249,1.392701542468265,10,50.0,8.801862113846653,4.592281219507594,-20.98894089426674,2.253414959749037,4.65,5,10,35.34,0.14679999999999999,13.843568057709765,13.843568057709765,6.149956876440477,1.5464236605843735,2.251002459991599,13,61.53846153846154,11.00549856933334,5.44697270799217,-19.64966797933626,3.6036349130974807,6.45,6,10,24.41,0.1654761904761905,34.77157684796768,6.175160832855697,10.70724722666785,0.7700614254199812,0.5767272112178023,49,48.97959183673469,7.437023301128468,-0.06198834990690516,-26.97428325254111,2.038564666745301,16.135,8,10,63.32,0.1855776892430279,-1000.0
all-confirm3-ma20,S,0.15,120.0,,all-confirm3-ma20|exit=S|trail=15%|hold=120,-0.5705538509604868,-0.19130589640461437,9.468428202117696,0.0028998264830938734,-0.020204609711443677,28,42.857142857142854,0.04376573207350016,-2.602324021327523,-26.97428325254111,1.0059321431635535,-3.98,4,10,60.44,0.1258964143426295,7.2773221465419535,7.337626448529844,5.268628076282211,1.0695844799837249,1.392701542468265,10,50.0,8.801862113846653,4.592281219507594,-20.98894089426674,2.253414959749037,4.65,5,10,35.34,0.14679999999999999,13.843568057709765,13.843568057709765,6.149956876440477,1.5464236605843735,2.251002459991599,13,61.53846153846154,11.00549856933334,5.44697270799217,-19.64966797933626,3.6036349130974807,6.45,6,10,24.41,0.1654761904761905,32.702582410604734,5.845838262393821,9.468428202117696,0.7557051940759231,0.6174032413411921,50,50.0,6.4661477117447514,1.3718761291220183,-26.97428325254111,1.9435596333712848,16.135,8,10,63.32,0.15673306772908366,-1000.0
b-confirm5-ma20+jf,S,0.15,120.0,,b-confirm5-ma20+jf|exit=S|trail=15%|hold=120,23.011564483001123,7.176959101011882,12.895300094872052,0.6489011307743633,0.5565561908765405,52,50.0,5.264915574267002,-0.22200007579751269,-34.38185233852088,1.762202149155124,-3.275,4,10,71.77,0.19800796812749005,16.966625146383652,17.11336374207002,9.753803241800806,1.0349502217129616,1.7545323929366496,19,47.368421052631575,8.302550700603412,-1.0594691409384294,-20.56036340301006,2.6303301023443413,10.145,6,10,44.88,0.26,28.803977127888626,28.803977127888626,8.327640122080403,2.3341403980764905,3.458840284358114,20,60.0,14.45292371915497,14.040394790356892,-21.011725753607337,4.1780350022251564,28.945,8,10,33.93,0.22936507936507936,102.06193670461516,15.170251761937493,12.895300094872052,1.130740981182169,1.1764171171146376,90,51.11111111111111,9.11358924744857,2.5986496680736826,-34.38185233852088,2.499900074963601,41.010000000000005,7,10,71.77,0.23219123505976097,-1000.0
all-confirm5-ma20,Scond,0.2,,,all-confirm5-ma20|exit=Scond|trail=20%|hold=none,0.08874219457679633,0.029689819804135098,15.372588412576649,0.051704084202850435,0.0019313481248119028,35,42.857142857142854,1.1797727539154141,-3.291443182722409,-26.97428325254112,1.1296468865495006,-2.42,4,10,65.2,0.1597609561752988,9.977799403979827,10.061509689966218,6.7892132748631155,1.0329758565737097,1.4819846251138842,12,66.66666666666666,8.401577767577724,2.8970093159150667,-23.72333142580999,2.557310371047871,2.095,6,10,36.45,0.198,13.40941749444886,13.40941749444886,7.617258639565305,1.3046590306408,1.760399394186003,15,53.333333333333336,10.737963387196817,2.8057406081509306,-27.047831583052417,2.8029937094070054,8.185,6,10,34.39,0.21626984126984125,36.35846482179008,6.4250191612269525,15.372588412576649,0.6563968027778757,0.41795298155322397,60,50.0,7.234496842009448,-1.3612275014327102,-27.047831583052417,1.863545820108243,6.56,6,10,68.09,0.19832669322709165,-1000.0
all-confirm5-ma20,Scond,0.2,120.0,,all-confirm5-ma20|exit=Scond|trail=20%|hold=120,0.08874219457679633,0.029689819804135098,15.372588412576649,0.051704084202850435,0.0019313481248119028,35,42.857142857142854,1.1797727539154141,-3.291443182722409,-26.97428325254112,1.1296468865495006,-2.42,4,10,65.2,0.1597609561752988,9.977799403979827,10.061509689966218,6.7892132748631155,1.0329758565737097,1.4819846251138842,12,66.66666666666666,8.401577767577724,2.8970093159150667,-23.72333142580999,2.557310371047871,2.095,6,10,36.45,0.198,13.40941749444886,13.40941749444886,7.617258639565305,1.3046590306408,1.760399394186003,15,53.333333333333336,10.737963387196817,2.8057406081509306,-27.047831583052417,2.8029937094070054,8.185,6,10,34.39,0.21626984126984125,41.3136530977918,7.190548520623863,15.372588412576649,0.7238800584326834,0.4677513199235282,61,50.81967213114754,7.694641656474399,0.19275887723204654,-27.047831583052417,1.962320183614426,6.56,6,10,68.09,0.19976095617529882,-1000.0
all-confirm5-ma60,S-confirm3-ma20,0.2,,,all-confirm5-ma60|exit=S-confirm3-ma20|trail=20%|hold=none,10.43402339597137,3.377225754353641,7.653915766134056,0.5851593376610082,0.44124156282156946,12,66.66666666666666,8.269362942173677,1.7561773302077532,-20.26225293766669,3.372538613727068,0.105,5,10,29.71,0.1444887118193891,7.359184007352271,7.420189841703473,7.453243799871522,1.0207179628148284,0.9955651580633094,5,60.0,16.88249690170516,33.473151577765805,-26.24017518896776,2.6894827890954924,0.0,3,10,27.68,0.1288,13.601449584905856,13.601449584905856,4.4873851529732445,1.7305805654766537,3.0310412681857337,8,62.5,16.399597725300197,6.262330556941443,-7.672306384325067,9.602262408525363,1.645,5,10,21.21,0.12380952380952379,40.79077633012302,7.110791004842576,8.273503327192822,0.9592339654622334,0.8594655400054392,24,66.66666666666666,15.892347723211945,4.880647936257054,-26.24017518896776,4.611968589942644,14.195,8,10,37.06,0.1602390438247012,-1000.0
all-confirm5-ma60,S-or-cond,,120.0,,all-confirm5-ma60|exit=S-or-cond|trail=none|hold=120,10.093012571923365,3.2702852139223193,5.253322270601846,0.8243802762826709,0.6225175318527831,14,71.42857142857143,7.0174739176995775,8.817545540053418,-23.03284983949553,3.1630515388399005,1.955,6,10,34.08,0.06865869853917662,9.683957903582296,9.765095179713668,8.127449250665864,1.0118060621886416,1.201495681921808,7,57.14285714285714,14.378262853246127,6.350679029987116,-35.968587330380196,3.324111935985382,0.0,3,10,50.36,0.1528,10.793979188769164,10.793979188769164,2.350663055130686,2.4240846138239927,4.591887027453652,9,66.66666666666666,12.571219906074093,11.916772432735101,-7.672306384325067,6.964980174930746,0.885,5,10,14.45,0.07896825396825397,42.659420687596985,7.394747137728475,8.127449250665887,1.1831717937452673,0.9098484542518207,29,68.96551724137932,14.443861886991815,11.712153851869145,-35.968587330380196,3.9766606541629894,6.375,6,10,50.36,0.10151394422310758,-1000.0
v4-b+jf,MA20-down,0.2,,,v4-b+jf|exit=MA20-down|trail=20%|hold=none,18.42131727334355,5.821556627546309,15.838524138166022,0.6165039666403336,0.36755676076649907,71,47.88732394366197,2.725195822246521,-0.4682478915206345,-34.38185233852087,1.613290805762432,14.33,7,10,70.22,0.13386454183266933,14.368285409044512,14.491186255709842,7.22515719850807,1.0089691560930165,2.0056568815834406,22,54.54545454545454,5.59405690134834,0.40231824997352117,-16.87266341559851,2.4518657915784936,-1.1900000000000002,5,10,32.76,0.13720000000000004,12.593797441146414,12.593797441146414,7.236397753267221,1.3357542921296324,1.7403406875278984,27,59.25925925925925,4.616731837744562,0.9165889808896877,-24.211782585831564,2.3951736060045357,9.325,8,10,38.77,0.15198412698412697,47.68510807660598,8.14396055099289,15.838524138166022,0.770739399977578,0.5141868320526422,120,50.83333333333333,3.400507925172838,0.04269186706991057,-34.38185233852087,1.8064512904060446,18.535,8,10,70.22,0.1406374501992032,-1000.0
v4-b+jf,MA20-down,0.2,60.0,,v4-b+jf|exit=MA20-down|trail=20%|hold=60,18.42131727334355,5.821556627546309,15.838524138166022,0.6165039666403336,0.36755676076649907,71,47.88732394366197,2.725195822246521,-0.4682478915206345,-34.38185233852087,1.613290805762432,14.33,7,10,70.22,0.13386454183266933,14.368285409044512,14.491186255709842,7.22515719850807,1.0089691560930165,2.0056568815834406,22,54.54545454545454,5.59405690134834,0.40231824997352117,-16.87266341559851,2.4518657915784936,-1.1900000000000002,5,10,32.76,0.13720000000000004,12.593797441146414,12.593797441146414,7.236397753267221,1.3357542921296324,1.7403406875278984,27,59.25925925925925,4.616731837744562,0.9165889808896877,-24.211782585831564,2.3951736060045357,9.325,8,10,38.77,0.15198412698412697,47.68510807660598,8.14396055099289,15.838524138166022,0.770739399977578,0.5141868320526422,120,50.83333333333333,3.400507925172838,0.04269186706991057,-34.38185233852087,1.8064512904060446,18.535,8,10,70.22,0.1406374501992032,-1000.0
v4-b+jf,MA20-down,0.2,120.0,,v4-b+jf|exit=MA20-down|trail=20%|hold=120,18.42131727334355,5.821556627546309,15.838524138166022,0.6165039666403336,0.36755676076649907,71,47.88732394366197,2.725195822246521,-0.4682478915206345,-34.38185233852087,1.613290805762432,14.33,7,10,70.22,0.13386454183266933,14.368285409044512,14.491186255709842,7.22515719850807,1.0089691560930165,2.0056568815834406,22,54.54545454545454,5.59405690134834,0.40231824997352117,-16.87266341559851,2.4518657915784936,-1.1900000000000002,5,10,32.76,0.13720000000000004,12.593797441146414,12.593797441146414,7.236397753267221,1.3357542921296324,1.7403406875278984,27,59.25925925925925,4.616731837744562,0.9165889808896877,-24.211782585831564,2.3951736060045357,9.325,8,10,38.77,0.15198412698412697,47.68510807660598,8.14396055099289,15.838524138166022,0.770739399977578,0.5141868320526422,120,50.83333333333333,3.400507925172838,0.04269186706991057,-34.38185233852087,1.8064512904060446,18.535,8,10,70.22,0.1406374501992032,-1000.0
all-confirm5-ma20,S-confirm3-ma20,0.2,,,all-confirm5-ma20|exit=S-confirm3-ma20|trail=20%|hold=none,-0.9645850773789766,-0.3238507870616414,14.223377690402083,0.027168210249209346,-0.02276890863132851,32,40.625,0.33690537080562943,-4.14728224960455,-26.97428325254111,1.0352226681183099,-10.71,3,10,65.2,0.23957503320053117,10.441922073488751,10.529709329195924,7.389693214358239,1.0017593896767096,1.4249183320271817,10,70.0,10.292715484123436,2.8970093159150667,-23.72333142580999,2.592608278688582,2.095,6,10,37.73,0.26680000000000004,18.9302067682241,18.9302067682241,8.778869705925828,1.5441800340882927,2.1563375926910058,14,50.0,14.287920658064227,1.3886896636515877,-27.047831583052417,4.204191793317184,8.92,6,10,34.39,0.2333333333333333,55.42606636055321,9.259039875235974,14.223377690402083,0.7807708358212656,0.6509733536418683,54,48.148148148148145,12.504297701036979,-0.7084533726261555,-27.047831583052417,2.570873488874781,-2.325,5,10,73.47,0.2639043824701195,-1000.0
all-confirm5-ma60,S-confirm5-ma20,0.15,60.0,,all-confirm5-ma60|exit=S-confirm5-ma20|trail=15%|hold=60,8.648794271072724,2.814920856594738,5.958203088877401,0.6123995328686243,0.4724445969036453,14,64.28571428571429,5.3628779523596135,5.0607809028317625,-18.422495617290522,2.8233756234910676,2.17,6,10,28.28,0.07835325365205843,5.776335909744645,5.823866934833011,7.511964036977692,1.000326973697639,0.7752788626469705,7,57.14285714285714,9.207109100764274,12.988625646019102,-26.303071854297144,2.351061441416988,0.0,3,10,26.3,0.0836,9.047304508810704,9.047304508810704,3.5337709191594735,1.528960431887459,2.560240806713825,9,55.55555555555556,10.472542584460363,9.144587744874432,-11.62483210661065,4.506919656975218,0.0,4,10,16.32,0.10714285714285714,33.0597595834647,5.902981957290043,6.958947488222067,1.0059551639331352,0.8482578676273629,29,62.06896551724138,10.055400967221454,9.2298809000813,-26.303071854297144,3.333798652701897,8.475,6,10,37.06,0.09139442231075698,-1000.0
v4-b+jf,MA20-down,0.15,,,v4-b+jf|exit=MA20-down|trail=15%|hold=none,19.349358266413795,6.098370714751433,16.55437819421427,0.6822564805023521,0.3683841605650162,72,45.83333333333333,3.2691092943328224,-0.608880720124122,-34.38185233852087,1.720297073184195,14.33,7,10,67.28,0.1258964143426295,13.669310447695594,13.78587964062088,6.924387614196215,0.998049148624999,1.9909168014161134,22,50.0,5.467836358714401,-0.5852441994946556,-16.87266341559851,2.312607311086754,-1.1900000000000002,5,10,39.56,0.12400000000000003,13.704141392668067,13.704141392668067,6.281416829378738,1.495625450491894,2.1816959079315663,27,59.25925925925925,5.174057986719127,0.9165889808896877,-21.011725753607323,2.5016532677982366,10.399999999999999,8,10,35.51,0.14047619047619048,50.163090162096765,8.505893412932286,16.55437819421427,0.8409023676533074,0.5138153371357121,121,48.760330578512395,3.8595482473747484,-0.27459758968430004,-34.38185233852087,1.8928406938815732,18.535,7,10,67.28,0.13027888446215138,-1000.0
v4-b+jf,MA20-down,0.15,60.0,,v4-b+jf|exit=MA20-down|trail=15%|hold=60,19.349358266413795,6.098370714751433,16.55437819421427,0.6822564805023521,0.3683841605650162,72,45.83333333333333,3.2691092943328224,-0.608880720124122,-34.38185233852087,1.720297073184195,14.33,7,10,67.28,0.1258964143426295,13.669310447695594,13.78587964062088,6.924387614196215,0.998049148624999,1.9909168014161134,22,50.0,5.467836358714401,-0.5852441994946556,-16.87266341559851,2.312607311086754,-1.1900000000000002,5,10,39.56,0.12400000000000003,13.704141392668067,13.704141392668067,6.281416829378738,1.495625450491894,2.1816959079315663,27,59.25925925925925,5.174057986719127,0.9165889808896877,-21.011725753607323,2.5016532677982366,10.399999999999999,8,10,35.51,0.14047619047619048,50.163090162096765,8.505893412932286,16.55437819421427,0.8409023676533074,0.5138153371357121,121,48.760330578512395,3.8595482473747484,-0.27459758968430004,-34.38185233852087,1.8928406938815732,18.535,7,10,67.28,0.13027888446215138,-1000.0
v4-b+jf,MA20-down,0.15,120.0,,v4-b+jf|exit=MA20-down|trail=15%|hold=120,19.349358266413795,6.098370714751433,16.55437819421427,0.6822564805023521,0.3683841605650162,72,45.83333333333333,3.2691092943328224,-0.608880720124122,-34.38185233852087,1.720297073184195,14.33,7,10,67.28,0.1258964143426295,13.669310447695594,13.78587964062088,6.924387614196215,0.998049148624999,1.9909168014161134,22,50.0,5.467836358714401,-0.5852441994946556,-16.87266341559851,2.312607311086754,-1.1900000000000002,5,10,39.56,0.12400000000000003,13.704141392668067,13.704141392668067,6.281416829378738,1.495625450491894,2.1816959079315663,27,59.25925925925925,5.174057986719127,0.9165889808896877,-21.011725753607323,2.5016532677982366,10.399999999999999,8,10,35.51,0.14047619047619048,50.163090162096765,8.505893412932286,16.55437819421427,0.8409023676533074,0.5138153371357121,121,48.760330578512395,3.8595482473747484,-0.27459758968430004,-34.38185233852087,1.8928406938815732,18.535,7,10,67.28,0.13027888446215138,-1000.0
all-confirm5-ma60,S-confirm5-ma20,0.15,,,all-confirm5-ma60|exit=S-confirm5-ma20|trail=15%|hold=none,12.995315716542134,4.1735055074616945,6.284619664274748,0.7579906745289093,0.6640824314613987,12,66.66666666666666,10.34538162848267,9.026767007389402,-18.422495617290522,4.219817261793069,1.83,5,10,28.28,0.13359893758300131,5.848252913486496,5.896392046524901,7.511964036977692,0.9964151804659116,0.7849334764516807,6,66.66666666666666,10.739408167011648,19.04103468084094,-26.303071854297144,2.3749834737525477,0.0,3,10,26.3,0.0984,9.047304508810704,9.047304508810704,3.5337709191594735,1.528960431887459,2.560240806713825,9,55.55555555555556,10.472542584460363,9.144587744874432,-11.62483210661065,4.506919656975218,0.0,4,10,16.32,0.10714285714285714,40.068622612664264,7.00024641864454,7.511964036977703,1.0906728683346605,0.9318796501401991,26,65.38461538461539,14.13861266693314,10.408449628073779,-26.303071854297144,4.3161181677518705,17.505,6,10,37.06,0.12996015936254982,-1000.0
all-confirm5-ma60,S-confirm5-ma20,0.15,120.0,,all-confirm5-ma60|exit=S-confirm5-ma20|trail=15%|hold=120,10.90267031798151,3.523834949236182,5.958203088877401,0.699094313902563,0.5914257867131744,13,69.23076923076923,7.519833930820533,9.037865665753175,-18.422495617290522,3.535450080972642,1.83,5,10,28.28,0.10531208499335991,5.848252913486496,5.896392046524901,7.511964036977692,0.9964151804659116,0.7849334764516807,6,66.66666666666666,10.739408167011648,19.04103468084094,-26.303071854297144,2.3749834737525477,0.0,3,10,26.3,0.0984,9.047304508810704,9.047304508810704,3.5337709191594735,1.528960431887459,2.560240806713825,9,55.55555555555556,10.472542584460363,9.144587744874432,-11.62483210661065,4.506919656975218,0.0,4,10,16.32,0.10714285714285714,36.30828603424256,6.417154093174204,6.958947488222067,1.0577174703614998,0.9221443478392615,27,66.66666666666666,11.739209746260448,9.2298809000813,-26.303071854297144,3.8592523022841707,7.04,6,10,37.06,0.10693227091633466,-1000.0
all-confirm5-ma60,S-confirm3-ma20,0.15,60.0,,all-confirm5-ma60|exit=S-confirm3-ma20|trail=15%|hold=60,8.648794271072724,2.814920856594738,5.958203088877401,0.6123995328686243,0.4724445969036453,14,64.28571428571429,5.3628779523596135,5.0607809028317625,-18.422495617290522,2.8233756234910676,2.17,6,10,28.28,0.07835325365205843,5.7522782066812495,5.7996058953087015,7.532999457490009,0.9845237865371933,0.7698933111620225,7,57.14285714285714,9.153639859515526,12.614340957277825,-26.303071854297144,2.3432153054189895,0.0,3,10,26.3,0.086,9.047304508810704,9.047304508810704,3.5337709191594735,1.528960431887459,2.560240806713825,9,55.55555555555556,10.472542584460363,9.144587744874432,-11.62483210661065,4.506919656975218,0.0,4,10,16.32,0.10714285714285714,33.0597595834647,5.902981957290043,6.958947488222067,1.0059551639331352,0.8482578676273629,29,62.06896551724138,10.055400967221454,9.2298809000813,-26.303071854297144,3.333798652701897,8.475,6,10,37.06,0.09139442231075698,-1000.0
all-confirm3-ma20,S-confirm3-ma20,,,,all-confirm3-ma20|exit=S-confirm3-ma20|trail=none|hold=none,68.55892932871537,19.092675609476608,19.18185588214364,0.9107201578369621,0.9953508006099634,14,71.42857142857143,40.72782842381565,18.563979232632267,-46.756432815048676,5.368202061341284,22.69,6,10,78.17,0.49853917662682595,19.561636870165078,19.73264787193363,19.926561636183727,0.9810284521319736,0.9902685788049866,7,85.71428571428571,24.173936370080394,27.19242828208246,-41.58446325881325,5.069249458322621,17.924999999999997,6,10,57.28,0.47119999999999995,48.42737848902694,48.42737848902694,13.492868074018283,2.034801488059589,3.5891093148889643,10,60.0,46.477078962746425,13.437890389223014,-9.945656970788075,25.416809107541088,8.92,6,10,65.7,0.34444444444444444,258.34163051449195,29.211486921227614,21.661641879670956,1.2140625473078628,1.348535216466765,20,70.0,113.13774712986309,32.189423312524326,-56.513769353912345,17.29769159379361,67.055,7,10,86.58,0.5794422310756973,-1000.0
b-confirm5-ma20+jf,S-confirm3-ma20,,120.0,,b-confirm5-ma20+jf|exit=S-confirm3-ma20|trail=none|hold=120,11.062143632474864,3.5736297843692144,36.33487852030864,0.26593289089247507,0.09835260030859347,32,53.125,5.074606375699576,5.94124020311122,-65.7955393585205,1.3986036995868456,-5.31,4,10,88.02,0.398140770252324,25.38751453626269,25.61466026999981,22.642348142842515,0.9746990964930038,1.13127225623447,10,60.0,21.75076159882278,15.425339221384682,-37.648995364017445,5.969035268131607,15.42,6,10,57.28,0.41159999999999997,42.347247543510534,42.347247543510534,8.801064104430145,1.951959849711212,4.811605396919496,14,71.42857142857143,33.11186504660763,12.84776899040252,-43.514691895796034,8.472996303207866,20.884999999999998,8,10,52.32,0.3654761904761905,147.5588096023244,19.9635654789428,36.33487852030864,0.8785315573231539,0.5494325643000174,55,63.63636363636363,19.888853292108973,10.274844497211166,-65.7955393585205,3.2744178996458495,13.585,6,10,88.02,0.43633466135458165,-1000.0
all-confirm5-ma60,Scond,,120.0,,all-confirm5-ma60|exit=Scond|trail=none|hold=120,11.877497451334529,3.827479786607979,11.835278297078744,0.559859026826432,0.32339584169750374,13,76.92307692307693,10.819505092597401,11.712153851869168,-64.38090616054697,2.582935312579986,5.965,7,10,65.84,0.10358565737051792,12.331082044811792,12.435625901002044,13.3741347835873,0.9677501096369077,0.929826572128091,7,57.14285714285714,16.42105130835477,6.350679029987116,-35.968587330380196,3.6543096156125334,0.0,3,10,57.28,0.19319999999999998,13.6503781510938,13.6503781510938,2.5848320843828487,2.571212544696651,5.280953541844072,9,77.77777777777779,15.384250174488656,13.672801027345493,-7.672306384325067,11.104758970289161,7.72,6,10,23.38,0.1007936507936508,52.29827944653864,8.813949353067807,13.374134783587321,1.0134278324786146,0.6590294995295132,28,75.0,17.889204202865233,14.870180936679168,-64.38090616054697,3.800028649359628,34.045,7,10,65.84,0.13490039840637452,-1000.0
all-confirm5-ma60,S-confirm3-ma20,0.15,,,all-confirm5-ma60|exit=S-confirm3-ma20|trail=15%|hold=none,12.995315716542134,4.1735055074616945,6.284619664274748,0.7579906745289093,0.6640824314613987,12,66.66666666666666,10.34538162848267,9.026767007389402,-18.422495617290522,4.219817261793069,1.83,5,10,28.28,0.13359893758300131,6.068416977273583,6.1184201991027365,7.083573726718207,0.9677335765714441,0.863747655512492,6,66.66666666666666,10.927853911196888,19.606371913396657,-26.303071854297144,2.399110481491169,0.0,3,10,27.82,0.11400000000000002,9.047304508810704,9.047304508810704,3.5337709191594735,1.528960431887459,2.560240806713825,9,55.55555555555556,10.472542584460363,9.144587744874432,-11.62483210661065,4.506919656975218,0.0,4,10,16.32,0.10714285714285714,40.359964947701975,7.044898700641,7.0835737267182175,1.0845502596532977,0.9945401816132243,26,65.38461538461539,14.21860800998175,10.408449628073779,-26.303071854297144,4.334880546824567,17.505,6,10,37.06,0.13306772908366535,-1000.0
all-confirm5-ma60,S-confirm3-ma20,0.15,120.0,,all-confirm5-ma60|exit=S-confirm3-ma20|trail=15%|hold=120,10.90267031798151,3.523834949236182,5.958203088877401,0.699094313902563,0.5914257867131744,13,69.23076923076923,7.519833930820533,9.037865665753175,-18.422495617290522,3.535450080972642,1.83,5,10,28.28,0.10531208499335991,6.068416977273583,6.1184201991027365,7.083573726718207,0.9677335765714441,0.863747655512492,6,66.66666666666666,10.927853911196888,19.606371913396657,-26.303071854297144,2.399110481491169,0.0,3,10,27.82,0.11400000000000002,9.047304508810704,9.047304508810704,3.5337709191594735,1.528960431887459,2.560240806713825,9,55.55555555555556,10.472542584460363,9.144587744874432,-11.62483210661065,4.506919656975218,0.0,4,10,16.32,0.10714285714285714,36.30828603424256,6.417154093174204,6.958947488222067,1.0577174703614998,0.9221443478392615,27,66.66666666666666,11.739209746260448,9.2298809000813,-26.303071854297144,3.8592523022841707,7.04,6,10,37.06,0.10693227091633466,-1000.0
stage5-ma60+jf,MA20-down,0.2,,,stage5-ma60+jf|exit=MA20-down|trail=20%|hold=none,16.80955229804737,5.337352586310629,16.1816109857164,0.5881979573786552,0.32984061914613694,63,52.38095238095239,2.7725865048855245,1.4210281525302904,-34.38185233852087,1.606563734084976,11.905000000000001,7,10,70.22,0.11925630810092962,13.55422591731077,13.669755939748818,7.225157198508104,0.9663503798771004,1.8919665779135486,20,50.0,5.831691326713311,-0.41407389233225067,-16.87266341559851,2.296074505147803,-2.22,4,10,32.76,0.12600000000000003,13.229880316952958,13.229880316952958,6.927576175827155,1.4999574352066831,1.909741586547521,22,59.09090909090909,5.915537636207777,2.028546989255653,-24.211782585831575,2.6434718337545067,10.445,7,10,45.12,0.13253968253968254,45.40397846906292,7.806463791946205,16.1816109857164,0.7626036395835425,0.4824280968586512,105,53.333333333333336,3.696358018422873,1.418901008948481,-34.38185233852087,1.8177035317619645,14.935,8,10,70.22,0.12557768924302787,-1000.0
stage5-ma60+jf,MA20-down,0.2,60.0,,stage5-ma60+jf|exit=MA20-down|trail=20%|hold=60,16.80955229804737,5.337352586310629,16.1816109857164,0.5881979573786552,0.32984061914613694,63,52.38095238095239,2.7725865048855245,1.4210281525302904,-34.38185233852087,1.606563734084976,11.905000000000001,7,10,70.22,0.11925630810092962,13.55422591731077,13.669755939748818,7.225157198508104,0.9663503798771004,1.8919665779135486,20,50.0,5.831691326713311,-0.41407389233225067,-16.87266341559851,2.296074505147803,-2.22,4,10,32.76,0.12600000000000003,13.229880316952958,13.229880316952958,6.927576175827155,1.4999574352066831,1.909741586547521,22,59.09090909090909,5.915537636207777,2.028546989255653,-24.211782585831575,2.6434718337545067,10.445,7,10,45.12,0.13253968253968254,45.40397846906292,7.806463791946205,16.1816109857164,0.7626036395835425,0.4824280968586512,105,53.333333333333336,3.696358018422873,1.418901008948481,-34.38185233852087,1.8177035317619645,14.935,8,10,70.22,0.12557768924302787,-1000.0
stage5-ma60+jf,MA20-down,0.2,120.0,,stage5-ma60+jf|exit=MA20-down|trail=20%|hold=120,16.80955229804737,5.337352586310629,16.1816109857164,0.5881979573786552,0.32984061914613694,63,52.38095238095239,2.7725865048855245,1.4210281525302904,-34.38185233852087,1.606563734084976,11.905000000000001,7,10,70.22,0.11925630810092962,13.55422591731077,13.669755939748818,7.225157198508104,0.9663503798771004,1.8919665779135486,20,50.0,5.831691326713311,-0.41407389233225067,-16.87266341559851,2.296074505147803,-2.22,4,10,32.76,0.12600000000000003,13.229880316952958,13.229880316952958,6.927576175827155,1.4999574352066831,1.909741586547521,22,59.09090909090909,5.915537636207777,2.028546989255653,-24.211782585831575,2.6434718337545067,10.445,7,10,45.12,0.13253968253968254,45.40397846906292,7.806463791946205,16.1816109857164,0.7626036395835425,0.4824280968586512,105,53.333333333333336,3.696358018422873,1.418901008948481,-34.38185233852087,1.8177035317619645,14.935,8,10,70.22,0.12557768924302787,-1000.0
stage5-ma60+jf,MA20-down,0.15,,,stage5-ma60+jf|exit=MA20-down|trail=15%|hold=none,17.6289153441054,5.584056078407595,17.062002540859865,0.6501257089753706,0.32728022780649396,64,50.0,3.3746537934283225,0.5721517096320905,-34.38185233852087,1.7203185611472254,11.905000000000001,6,10,67.28,0.11142098273572379,12.859575797645517,12.968853414351834,7.2734763479390345,0.953732132531986,1.7830336958511737,20,45.0,5.692848729815978,-2.5670490768388623,-16.87266341559851,2.175386983706051,-2.22,4,10,39.56,0.11280000000000001,14.343180278970081,14.343180278970081,5.9694160015842375,1.6786430049974157,2.40277780525993,22,59.09090909090909,6.599528819040199,2.028546989255653,-21.011725753607323,2.751960532541897,11.52,7,10,42.19,0.12103174603174602,47.71794883561136,8.148788881366297,17.062002540859865,0.8321114054726244,0.47759862078625775,106,50.943396226415096,4.212074584954435,0.7293019045104265,-34.38185233852087,1.9069535337044954,19.025,7,10,67.28,0.11529880478087651,-1000.0
stage5-ma60+jf,MA20-down,0.15,60.0,,stage5-ma60+jf|exit=MA20-down|trail=15%|hold=60,17.6289153441054,5.584056078407595,17.062002540859865,0.6501257089753706,0.32728022780649396,64,50.0,3.3746537934283225,0.5721517096320905,-34.38185233852087,1.7203185611472254,11.905000000000001,6,10,67.28,0.11142098273572379,12.859575797645517,12.968853414351834,7.2734763479390345,0.953732132531986,1.7830336958511737,20,45.0,5.692848729815978,-2.5670490768388623,-16.87266341559851,2.175386983706051,-2.22,4,10,39.56,0.11280000000000001,14.343180278970081,14.343180278970081,5.9694160015842375,1.6786430049974157,2.40277780525993,22,59.09090909090909,6.599528819040199,2.028546989255653,-21.011725753607323,2.751960532541897,11.52,7,10,42.19,0.12103174603174602,47.71794883561136,8.148788881366297,17.062002540859865,0.8321114054726244,0.47759862078625775,106,50.943396226415096,4.212074584954435,0.7293019045104265,-34.38185233852087,1.9069535337044954,19.025,7,10,67.28,0.11529880478087651,-1000.0
stage5-ma60+jf,MA20-down,0.15,120.0,,stage5-ma60+jf|exit=MA20-down|trail=15%|hold=120,17.6289153441054,5.584056078407595,17.062002540859865,0.6501257089753706,0.32728022780649396,64,50.0,3.3746537934283225,0.5721517096320905,-34.38185233852087,1.7203185611472254,11.905000000000001,6,10,67.28,0.11142098273572379,12.859575797645517,12.968853414351834,7.2734763479390345,0.953732132531986,1.7830336958511737,20,45.0,5.692848729815978,-2.5670490768388623,-16.87266341559851,2.175386983706051,-2.22,4,10,39.56,0.11280000000000001,14.343180278970081,14.343180278970081,5.9694160015842375,1.6786430049974157,2.40277780525993,22,59.09090909090909,6.599528819040199,2.028546989255653,-21.011725753607323,2.751960532541897,11.52,7,10,42.19,0.12103174603174602,47.71794883561136,8.148788881366297,17.062002540859865,0.8321114054726244,0.47759862078625775,106,50.943396226415096,4.212074584954435,0.7293019045104265,-34.38185233852087,1.9069535337044954,19.025,7,10,67.28,0.11529880478087651,-1000.0
v4-b+jf,S-confirm3-ma20,,120.0,,v4-b+jf|exit=S-confirm3-ma20|trail=none|hold=120,5.7885949312836305,1.9010685923922965,42.091932215066066,0.20317477363611672,0.04516467865335587,39,48.717948717948715,4.012858804446628,-0.5150829585218286,-71.82800585457328,1.2960481392431231,-3.4250000000000003,4,10,88.02,0.4990703851261619,26.280918153922062,26.516868161689167,24.740624600845884,0.9472060994031388,1.0717946126866398,11,81.81818181818183,20.337275457004367,11.855241375861514,-37.648995364017445,5.698397763016817,18.325,8,10,57.28,0.46040000000000003,44.619660807762585,44.619660807762585,8.433262360259164,2.027203332670037,5.290913397646432,14,78.57142857142857,33.14142373814797,12.84776899040253,-35.24386075298729,9.979744748762654,15.559999999999999,8,10,48.36,0.3829365079365079,129.2060089868626,18.122391883602027,42.091932215066066,0.7676067822540384,0.43054312144680873,63,63.49206349206349,17.120949291114112,12.114518828026831,-71.82800585457328,2.6884829951195286,14.934999999999999,7,10,92.12,0.5169721115537849,-1000.0
stage5-ma60+jf,S-confirm3-ma20,,120.0,,stage5-ma60+jf|exit=S-confirm3-ma20|trail=none|hold=120,4.859211659872731,1.6005897279441461,40.18625641750758,0.18953166976500452,0.03982928171549793,34,47.05882352941176,2.4977288859816014,-5.364266902010656,-67.39270917232179,1.1831281682075083,-3.4250000000000003,4,10,88.02,0.44169986719787513,25.161322349673696,25.386247158602714,23.711409418020622,0.9245580288049342,1.0706342550565222,10,60.0,21.68244979716106,17.833504684583534,-37.648995364017445,5.454979206173634,17.314999999999998,6,10,57.28,0.4116000000000001,44.65943201452423,44.65943201452423,8.9079369984153,2.170947270762295,5.013442733426272,12,83.33333333333334,41.27988086221644,13.751818529736203,-52.955088779498595,9.170540215492839,26.159999999999997,7,10,57.45,0.3261904761904762,123.2351882401936,17.497987772394353,40.18625641750758,0.7655181831800395,0.43542218988009945,55,61.81818181818181,18.521158246251186,12.754924808902901,-67.39270917232179,2.746662691116884,47.87,6,10,88.02,0.4529880478087649,-1000.0
all-confirm5-ma60,S-or-cond,,,,all-confirm5-ma60|exit=S-or-cond|trail=none|hold=none,9.414094898227177,3.056719567050137,7.499613938557969,0.6849040527320548,0.40758358924778,14,71.42857142857143,6.529695937876441,8.817545540053418,-29.86174155701943,2.7496387638317095,0.975,5,10,42.8,0.08618857901726426,8.90631167043936,8.980670219917219,8.127449250665864,0.9224572691263813,1.1049801657243759,7,57.14285714285714,13.621974099161784,6.350679029987116,-41.262608608970595,2.9620145033811096,0.0,3,10,50.36,0.16119999999999998,10.793979188769164,10.793979188769164,2.350663055130686,2.4240846138239927,4.591887027453652,9,66.66666666666666,12.571219906074093,11.916772432735101,-7.672306384325067,6.964980174930746,0.885,5,10,14.45,0.07896825396825397,43.46211954215568,7.5158118993641665,8.127449250665853,1.145548685367684,0.9247442423277418,28,67.85714285714286,14.958910567417854,11.814463142302124,-41.262608608970595,4.013922380911178,6.375,6,10,50.36,0.11505976095617529,-1000.0
all-confirm3-ma20,S-or-cond,0.2,,,all-confirm3-ma20|exit=S-or-cond|trail=20%|hold=none,1.5707726202808026,0.5229536835056114,8.441210842851154,0.11147601568927086,0.06195244891300161,29,48.275862068965516,1.2503280605379048,-1.8869667723366068,-26.97428325254112,1.1569718528431807,-3.805,4,10,55.32,0.10491367861885789,6.682942572343409,6.738168353508689,5.8669491262194455,0.921047227404996,1.1484961278078512,10,60.0,7.634565089598936,2.8970093159150667,-23.72333142580999,2.24193576002712,2.0,5,10,36.45,0.14479999999999998,14.083826428063318,14.083826428063318,6.123157592615014,1.6691442157104541,2.3000921036312154,12,58.333333333333336,13.997220688095638,4.12635665807154,-27.047831583052417,4.4355532542183225,6.45,6,10,34.39,0.1626984126984127,35.02152140313852,6.214670511670661,13.225990658122422,0.8128003336128611,0.4698831771708588,49,53.06122448979592,8.397167204558743,1.9470374039029181,-27.047831583052417,2.10772348827837,15.925,7,10,58.56,0.14406374501992034,-1000.0
all-confirm3-ma20,S-or-cond,0.2,120.0,,all-confirm3-ma20|exit=S-or-cond|trail=20%|hold=120,1.5707726202808026,0.5229536835056114,8.441210842851154,0.11147601568927086,0.06195244891300161,29,48.275862068965516,1.2503280605379048,-1.8869667723366068,-26.97428325254112,1.1569718528431807,-3.805,4,10,55.32,0.10491367861885789,6.682942572343409,6.738168353508689,5.8669491262194455,0.921047227404996,1.1484961278078512,10,60.0,7.634565089598936,2.8970093159150667,-23.72333142580999,2.24193576002712,2.0,5,10,36.45,0.14479999999999998,14.083826428063318,14.083826428063318,6.123157592615014,1.6691442157104541,2.3000921036312154,12,58.333333333333336,13.997220688095638,4.12635665807154,-27.047831583052417,4.4355532542183225,6.45,6,10,34.39,0.1626984126984127,39.94234368157561,6.980869346879137,10.063535710781736,0.902904523555805,0.6936795920940657,50,54.0,8.935290470955001,2.3763890060269244,-27.047831583052417,2.253058471164219,18.455,8,10,58.56,0.14549800796812748,-1000.0
all-confirm3-ma20,S-confirm5-ma20,,60.0,,all-confirm3-ma20|exit=S-confirm5-ma20|trail=none|hold=60,2.731936404094526,0.9060880952630246,15.872253931475132,0.1374980701693644,0.057086290275776524,24,58.333333333333336,1.326644617869683,2.652929416604344,-48.33569116375486,1.1523519721977824,-0.52,4,10,63.93,0.16347941567065077,9.537693704621164,9.617552591899713,10.034086652300555,0.90740630077866,0.95848809415002,10,70.0,9.50082646425088,17.3632588560919,-36.71846697349773,2.31374865610505,6.43,5,10,51.56,0.20279999999999995,13.549626757459631,13.549626757459631,8.72134314482974,1.1241978003397644,1.5536169753270441,12,41.66666666666667,10.548986622613699,-0.602270978823688,-35.27920865384615,3.096399163950059,4.36,5,10,47.64,0.2265873015873016,40.226153011306366,7.02439935932464,15.872253931475132,0.6416581593105152,0.442558403466256,45,60.0,7.641046799965691,6.466515658712546,-48.33569116375486,1.9757962460659686,29.955,7,10,75.18,0.19832669322709165,-1000.0
v4-b-only,S-or-MA20,0.15,,,v4-b-only|exit=S-or-MA20|trail=15%|hold=none,10.194239261137517,3.3020527421386836,16.846948836262243,0.48044684513860114,0.1960030136158053,64,35.9375,2.4055494335544574,-1.7222091735836775,-21.55665176067505,1.5711461340224413,14.33,7,10,54.32,0.099867197875166,6.879888657566435,6.936794240488875,8.002370246516676,0.9071537619659843,0.8668424512735295,19,36.84210526315789,4.562621872364969,-1.9636489018200698,-21.250825897295854,1.8421867133349645,-1.9549999999999998,5,10,32.77,0.09759999999999999,8.746941053581248,8.746941053581248,5.06246838298644,1.0962619830536793,1.7278016161004193,22,45.45454545454545,4.130000450740403,-1.790199978901269,-16.828711344636638,2.179617937853576,3.12,8,10,24.41,0.11706349206349206,26.064019238327795,4.760697713141271,16.846948836262243,0.6545699426726435,0.28258515885642743,105,37.142857142857146,3.017360239766819,-1.946885169052237,-21.55665176067505,1.6870737971634358,12.59,7,10,60.43,0.10430278884462152,-1000.0
v4-b-only,S-or-MA20,0.15,60.0,,v4-b-only|exit=S-or-MA20|trail=15%|hold=60,10.194239261137517,3.3020527421386836,16.846948836262243,0.48044684513860114,0.1960030136158053,64,35.9375,2.4055494335544574,-1.7222091735836775,-21.55665176067505,1.5711461340224413,14.33,7,10,54.32,0.099867197875166,6.879888657566435,6.936794240488875,8.002370246516676,0.9071537619659843,0.8668424512735295,19,36.84210526315789,4.562621872364969,-1.9636489018200698,-21.250825897295854,1.8421867133349645,-1.9549999999999998,5,10,32.77,0.09759999999999999,8.746941053581248,8.746941053581248,5.06246838298644,1.0962619830536793,1.7278016161004193,22,45.45454545454545,4.130000450740403,-1.790199978901269,-16.828711344636638,2.179617937853576,3.12,8,10,24.41,0.11706349206349206,26.064019238327795,4.760697713141271,16.846948836262243,0.6545699426726435,0.28258515885642743,105,37.142857142857146,3.017360239766819,-1.946885169052237,-21.55665176067505,1.6870737971634358,12.59,7,10,60.43,0.10430278884462152,-1000.0
v4-b-only,S-or-MA20,0.15,120.0,,v4-b-only|exit=S-or-MA20|trail=15%|hold=120,10.194239261137517,3.3020527421386836,16.846948836262243,0.48044684513860114,0.1960030136158053,64,35.9375,2.4055494335544574,-1.7222091735836775,-21.55665176067505,1.5711461340224413,14.33,7,10,54.32,0.099867197875166,6.879888657566435,6.936794240488875,8.002370246516676,0.9071537619659843,0.8668424512735295,19,36.84210526315789,4.562621872364969,-1.9636489018200698,-21.250825897295854,1.8421867133349645,-1.9549999999999998,5,10,32.77,0.09759999999999999,8.746941053581248,8.746941053581248,5.06246838298644,1.0962619830536793,1.7278016161004193,22,45.45454545454545,4.130000450740403,-1.790199978901269,-16.828711344636638,2.179617937853576,3.12,8,10,24.41,0.11706349206349206,26.064019238327795,4.760697713141271,16.846948836262243,0.6545699426726435,0.28258515885642743,105,37.142857142857146,3.017360239766819,-1.946885169052237,-21.55665176067505,1.6870737971634358,12.59,7,10,60.43,0.10430278884462152,-1000.0
all-confirm5-ma20,S-confirm5-ma20,0.15,120.0,,all-confirm5-ma20|exit=S-confirm5-ma20|trail=15%|hold=120,0.44346763476617035,0.14819306816966638,12.281414035634663,0.062082148106344756,0.012066449982036473,35,45.714285714285715,0.09063799068689356,-3.291443182722409,-26.97428325254111,1.012754012865675,-3.275,4,10,63.92,0.16759628154050463,7.595667651965932,7.658702910065784,9.027682028561335,0.8966055828143188,0.8483576277759405,12,58.333333333333336,6.4127572567314965,10.535885636659549,-20.98894089426674,1.9315114224872427,10.54,6,10,38.68,0.2024,15.866664306803724,15.866664306803724,6.055018878682494,1.5736971790658116,2.6204153322567567,16,56.25,9.667117770016038,7.282181745035299,-19.64966797933626,3.7248719576649933,7.245,6,10,24.41,0.1869047619047619,39.01265036689663,6.83777927375222,12.281414035634663,0.7198046941164611,0.5567583059989937,62,51.61290322580645,5.506946243577282,2.85246337094035,-26.97428325254111,1.8873792430637386,16.525,7,10,66.9,0.19298804780876494,-1000.0
all-confirm5-ma20,S-confirm3-ma20,0.15,120.0,,all-confirm5-ma20|exit=S-confirm3-ma20|trail=15%|hold=120,-0.6388145935049439,-0.2142425015880356,12.28141403563463,0.02282262000890229,-0.017444449064774555,35,45.714285714285715,-0.1918244466144665,-3.291443182722409,-26.97428325254111,0.9740394953924525,-3.275,4,10,63.92,0.16786188579017264,7.816937297637461,7.8818752160143335,8.840598170979197,0.8909585750683873,0.8915545151557687,12,58.333333333333336,6.506980128824116,10.535885636659549,-20.98894089426674,1.945198153186693,10.54,6,10,38.68,0.21800000000000003,15.866664306803724,15.866664306803724,6.055018878682494,1.5736971790658116,2.6204153322567567,16,56.25,9.667117770016038,7.282181745035299,-19.64966797933626,3.7248719576649933,7.245,6,10,24.41,0.1869047619047619,37.51478371075905,6.60562399800444,12.28141403563463,0.6975350090944635,0.5378553299187019,62,51.61290322580645,5.347491641874901,2.85246337094035,-26.97428325254111,1.8400993211221417,16.525,7,10,70.38,0.19314741035856572,-1000.0
all-confirm5-ma20,S-confirm5-ma20,,120.0,,all-confirm5-ma20|exit=S-confirm5-ma20|trail=none|hold=120,36.76437146192557,11.046506332817053,18.86864914835854,0.7197662240080288,0.5854423518059867,28,60.71428571428571,11.956877050306062,5.9153217568336025,-37.93077430557127,2.666119319271549,-5.31,4,10,78.68,0.3345285524568393,13.835630535513864,13.953703198573407,15.570439347443976,0.8895275728802061,0.8961663115089961,9,66.66666666666666,13.192483234347122,12.988625646019102,-40.35366892733887,3.5607532690571277,1.83,5,10,53.77,0.3324,30.387162560835577,30.387162560835577,9.550532485542107,1.5547590326309981,3.1817244333587276,12,50.0,31.163466301105807,4.29999494779003,-43.514691895796034,5.93420447939716,8.92,6,10,52.32,0.3345238095238095,160.79356615726167,21.22469085621359,18.86864914835854,1.1771637092712155,1.1248654150771578,48,62.5,24.46716491255446,9.0776282239158,-43.514691895796034,4.813888136386291,12.465,7,10,78.68,0.3628685258964144,-1000.0
b-confirm5-ma20+jf,S-confirm3-ma20,0.15,120.0,,b-confirm5-ma20+jf|exit=S-confirm3-ma20|trail=15%|hold=120,16.423998971945686,5.220867172999233,15.440075548639143,0.46751922041200833,0.33813741108665685,52,48.07692307692308,3.812273996200984,-1.7545962114347002,-34.38185233852088,1.5326417695084233,-3.275,4,10,74.26,0.21394422310756972,14.47553741178571,14.599412855991222,11.632463411349569,0.8855748250128775,1.2550577070155973,19,47.368421052631575,6.491157654555662,-1.0594691409384294,-20.56036340301006,2.274635964886774,10.145,6,10,44.88,0.2824,25.82349520612526,25.82349520612526,8.327640122080314,2.114949263827093,3.100937940108095,20,60.0,12.855863349256941,10.949756276888667,-21.011725753607337,3.8010671118077197,27.975,8,10,33.93,0.23174603174603173,83.0347978377054,12.905714372584898,15.440075548639143,0.950042931898543,0.8358582399373287,90,50.0,7.5631469828156845,0.49241437789114273,-34.38185233852088,2.214035208136466,26.139999999999997,7,10,74.26,0.24326693227091636,-1000.0
b-confirm5-ma20+jf,S-confirm5-ma20,0.15,120.0,,b-confirm5-ma20+jf|exit=S-confirm5-ma20|trail=15%|hold=120,17.690227911257807,5.6024707519058525,14.520400701598945,0.4962739503929374,0.3858344454150583,52,48.07692307692308,4.010632576570632,-1.6742364093563555,-34.38185233852088,1.5763284264976969,-3.275,4,10,74.26,0.2136786188579017,14.251022800379886,14.372859012436878,11.805773828462785,0.8831625739544117,1.2174431952766243,19,47.368421052631575,6.431648472181377,-1.0594691409384294,-20.56036340301006,2.2629504461962773,10.145,6,10,44.88,0.26680000000000004,25.82349520612526,25.82349520612526,8.327640122080314,2.114949263827093,3.100937940108095,20,60.0,12.855863349256941,10.949756276888667,-21.011725753607337,3.8010671118077197,27.975,8,10,33.93,0.23174603174603173,85.02548669884963,13.151220956538424,14.520400701598945,0.9658127378827127,0.905706476481069,90,50.0,7.6777541625848125,0.49241437789114273,-34.38185233852088,2.2555295701902,26.139999999999997,7,10,74.26,0.24310756972111552,-1000.0
all-confirm5-ma60,S-confirm3-ma20,0.2,60.0,,all-confirm5-ma60|exit=S-confirm3-ma20|trail=20%|hold=60,7.55886941235977,2.4685922409620975,6.468215110863273,0.5242352855540218,0.38164968212268213,14,71.42857142857143,4.640995783199873,2.3091863324401274,-20.26225293766669,2.500337085677353,0.86,6,10,24.35,0.08114209827357237,5.806050017276898,5.853832247864954,7.718908522076684,0.8818540636895749,0.7583756474276816,7,57.14285714285714,8.891028685726456,12.614340957277825,-26.24017518896776,2.2250662570253983,0.0,3,10,27.68,0.0964,13.601449584905856,13.601449584905856,4.4873851529732445,1.7305805654766537,3.0310412681857337,8,62.5,16.399597725300197,6.262330556941443,-7.672306384325067,9.602262408525363,1.645,5,10,21.21,0.12380952380952379,37.27846363007894,6.568812235562582,7.145230818918602,1.0066250007515491,0.9193282067487838,28,67.85714285714286,11.307353500247164,7.848198279396923,-26.24017518896776,3.670556372647523,11.315000000000001,8,10,37.06,0.09848605577689244,-1000.0
all-confirm5-ma20,S-confirm5-ma20,0.2,,,all-confirm5-ma20|exit=S-confirm5-ma20|trail=20%|hold=none,1.0159170329966605,0.3388455677673097,14.220724757210835,0.08600585219604964,0.02382758780247771,32,40.625,0.8993015983114351,-4.14728224960455,-26.97428325254111,1.099893326474059,-10.71,3,10,62.87,0.2385126162018592,8.291670782031236,8.36070320772122,9.192771502289542,0.8793961218332866,0.9094866771831446,11,72.72727272727273,6.96953083474017,3.995375811745916,-23.72333142580999,2.18624728094489,2.095,6,10,37.73,0.2392,18.9302067682241,18.9302067682241,8.778869705925828,1.5441800340882927,2.1563375926910058,14,50.0,14.287920658064227,1.3886896636515877,-27.047831583052417,4.204191793317184,8.92,6,10,34.39,0.2333333333333333,55.48006455089875,9.266660827826012,14.220724757210835,0.7945224698296561,0.6516306999843459,55,49.09090909090909,11.84881612580647,-0.517400886498387,-27.047831583052428,2.582342074466283,-2.325,5,10,67.2,0.25776892430278886,-1000.0
all-confirm5-ma20,S-confirm5-ma20,0.2,120.0,,all-confirm5-ma20|exit=S-confirm5-ma20|trail=20%|hold=120,0.7133551412246364,0.23816809157679586,13.851724271933874,0.07569963401543597,0.017194111498405145,34,41.17647058823529,0.7344328161090904,-3.1033285314099435,-26.97428325254111,1.0861145909610759,-13.465,2,10,62.87,0.20810092961487384,8.291670782031236,8.36070320772122,9.192771502289542,0.8793961218332866,0.9094866771831446,11,72.72727272727273,6.96953083474017,3.995375811745916,-23.72333142580999,2.18624728094489,2.095,6,10,37.73,0.2392,18.9302067682241,18.9302067682241,8.778869705925828,1.5441800340882927,2.1563375926910058,14,50.0,14.287920658064227,1.3886896636515877,-27.047831583052417,4.204191793317184,8.92,6,10,34.39,0.2333333333333333,61.85247128908371,10.15152038189453,13.851724271933874,0.880728907094722,0.732870520853737,58,50.0,11.780214967612904,-0.16232100463318133,-27.047831583052417,2.6516326941722435,5.69,6,10,65.56,0.23816733067729082,-1000.0
v4-b-only,S-confirm3-ma20,,120.0,,v4-b-only|exit=S-confirm3-ma20|trail=none|hold=120,0.8718064405041082,0.2909178240920296,40.39509296780482,0.12944706603968306,0.007201810980454809,37,48.64864864864865,3.2305722023915324,-0.5150829585218286,-71.82800585457328,1.2364643642662727,-11.14,4,10,85.08,0.4751660026560424,21.67857214231659,21.869721202595606,26.04006298128281,0.8790048015654582,0.8398490133574262,11,81.81818181818183,16.022908441339997,11.855241375861514,-35.24598251327249,4.89842322379354,13.120000000000001,8,10,57.28,0.4588000000000001,42.39010766845293,42.39010766845293,8.673378478545303,1.9914291842486533,4.887381286693555,13,76.92307692307693,34.45644928509525,12.94061317190216,-35.24386075298729,9.669192940393808,12.555,8,10,48.36,0.3666666666666666,108.02956439040918,15.845321197224527,40.39509296780482,0.7524356767834813,0.392258564916619,60,65.0,16.03067519527139,10.517605735297165,-71.82800585457328,2.6159058392059036,8.225,6,10,87.63,0.49163346613545816,-1000.0
all-confirm5-ma60,S-confirm5-ma20,0.2,60.0,,all-confirm5-ma60|exit=S-confirm5-ma20|trail=20%|hold=60,7.55886941235977,2.4685922409620975,6.468215110863273,0.5242352855540218,0.38164968212268213,14,71.42857142857143,4.640995783199873,2.3091863324401274,-20.26225293766669,2.500337085677353,0.86,6,10,24.35,0.08114209827357237,5.180707998395762,5.223217765816246,7.697235798908286,0.868408279431386,0.6785835723724437,7,57.14285714285714,8.309069078959052,12.988625646019102,-26.24017518896776,2.1448799138695085,0.0,3,10,27.68,0.0864,13.601449584905856,13.601449584905856,4.4873851529732445,1.7305805654766537,3.0310412681857337,8,62.5,16.399597725300197,6.262330556941443,-7.672306384325067,9.602262408525363,1.645,5,10,21.21,0.12380952380952379,36.43506871154054,6.437021663553177,7.145230818918602,1.0031508360611094,0.9008836560618473,28,67.85714285714286,11.148496288243127,7.848198279396923,-26.24017518896776,3.633037678299715,11.315000000000001,8,10,37.06,0.09697211155378486,-1000.0
all-confirm5-ma60,S-confirm5-ma20,0.2,,,all-confirm5-ma60|exit=S-confirm5-ma20|trail=20%|hold=none,10.43402339597137,3.377225754353641,7.653915766134056,0.5851593376610082,0.44124156282156946,12,66.66666666666666,8.269362942173677,1.7561773302077532,-20.26225293766669,3.372538613727068,0.105,5,10,29.71,0.1444887118193891,5.252220036562316,5.295331229839917,7.697235798908286,0.8672770950585782,0.6879523205708423,6,66.66666666666666,9.69169480823889,19.04103468084094,-26.24017518896776,2.1638528355860878,0.0,3,10,27.68,0.1012,13.601449584905856,13.601449584905856,4.4873851529732445,1.7305805654766537,3.0310412681857337,8,62.5,16.399597725300197,6.262330556941443,-7.672306384325067,9.602262408525363,1.645,5,10,21.21,0.12380952380952379,38.05993694960221,6.690350492588326,8.524502975595038,0.9372159182665728,0.7848376042265758,25,68.0,13.594899085610395,6.466515658712546,-26.24017518896776,4.218552972257431,14.195,8,10,37.06,0.1547410358565737,-1000.0
all-confirm5-ma60,S-confirm5-ma20,0.2,120.0,,all-confirm5-ma60|exit=S-confirm5-ma20|trail=20%|hold=120,8.13133166761415,2.650784365394765,6.468215110863273,0.5025139813102599,0.40981697732080846,13,69.23076923076923,5.344077437204373,1.83989637626365,-20.26225293766669,2.6610246774883177,0.105,5,10,29.71,0.11394422310756971,5.252220036562316,5.295331229839917,7.697235798908286,0.8672770950585782,0.6879523205708423,6,66.66666666666666,9.69169480823889,19.04103468084094,-26.24017518896776,2.1638528355860878,0.0,3,10,27.68,0.1012,13.601449584905856,13.601449584905856,4.4873851529732445,1.7305805654766537,3.0310412681857337,8,62.5,16.399597725300197,6.262330556941443,-7.672306384325067,9.602262408525363,1.645,5,10,21.21,0.12380952380952379,36.92676467901317,6.513933932904692,7.145230818918624,0.979623970040866,0.9116477966894463,26,69.23076923076923,12.04332045018113,7.752190662232861,-26.24017518896776,3.965270074470754,11.315000000000001,8,10,37.06,0.11657370517928287,-1000.0
all-confirm5-ma20,S-confirm3-ma20,,120.0,,all-confirm5-ma20|exit=S-confirm3-ma20|trail=none|hold=120,28.44422392245267,8.738307326128524,19.355273177957354,0.5962671448225878,0.45146907748530757,27,62.96296296296296,11.523907878026021,6.414678766157311,-65.7955393585205,2.385402260908796,-5.31,4,10,78.68,0.32788844621513946,15.87650124086155,16.013181450270196,18.48780162850917,0.8587852327319004,0.8661484892599141,9,55.55555555555556,14.598049774005778,3.6582501606869045,-40.35366892733887,3.8268102863338385,1.83,5,10,57.28,0.3588,30.568906455760914,30.568906455760914,9.550532485542107,1.5622629043196663,3.2007541466443965,12,50.0,31.260814722880287,4.29999494779003,-43.514691895796034,6.027103025117454,8.92,6,10,52.32,0.3357142857142857,142.35243875678654,19.452656227417098,19.355273177957354,1.0960834352152902,1.0050313446141719,46,63.04347826086957,24.548556420934684,9.0776282239158,-65.7955393585205,4.417649354503233,7.405,6,10,78.68,0.3635059760956175,-1000.0
all-confirm3-ma20,S-confirm3-ma20,0.2,120.0,,all-confirm3-ma20|exit=S-confirm3-ma20|trail=20%|hold=120,2.4315057978268495,0.8072362855783277,12.194434399020547,0.1349437835000322,0.06619710756270619,27,40.74074074074074,1.6642398828668963,-2.915213880097467,-26.97428325254112,1.1927401324795384,-9.5,3,10,59.29,0.17051792828685258,7.692109056195373,7.7559731466720905,7.757471047910059,0.8451462505693638,0.9998069085622471,10,60.0,7.331120007668392,2.8970093159150667,-23.72333142580999,2.1925735116172764,2.0,5,10,37.73,0.21839999999999998,18.03637010068966,18.03637010068966,7.2765344783570445,1.5737224275673412,2.4787033105300504,12,50.0,16.342400154454765,1.3886896636515877,-27.047831583052417,4.811482926334156,4.36,5,10,34.39,0.2123015873015873,57.435129879203075,9.54117181054639,12.194434399020547,0.9189600798318229,0.7824202007526263,48,47.91666666666667,13.857749381776463,-0.7084533726261499,-27.047831583052417,2.841347596988723,16.86,7,10,62.24,0.20661354581673308,-1000.0
all-confirm3-ma20,S-confirm5-ma20,0.15,60.0,,all-confirm3-ma20|exit=S-confirm5-ma20|trail=15%|hold=60,-2.273390248385432,-0.7666435457957643,10.616502124784189,-0.07316186742449604,-0.07221244217584977,29,48.275862068965516,-0.9363978164189197,-1.8869667723366512,-26.97428325254111,0.8673159434375035,-3.06,4,10,60.44,0.11035856573705179,5.419328330936657,5.463846455155452,6.478002278405315,0.837974873646863,0.8434462076942157,10,50.0,5.9894824846181045,6.43876415621355,-20.98894089426674,1.852922580503169,6.43,5,10,35.83,0.1152,12.744075501479312,12.744075501479312,6.149956876440477,1.42492995045049,2.0722219289536605,13,53.84615384615385,10.191016399909717,5.44697270799217,-19.64966797933626,3.352931890740436,4.36,5,10,24.41,0.16746031746031748,27.895864699120555,5.064608154359096,10.616502124784189,0.6473044006269403,0.47705054780103,51,52.94117647058824,5.163083825234126,3.65504614695098,-26.97428325254111,1.7801810627437349,26.905,6,10,63.32,0.1350597609561753,-1000.0
all-confirm5-ma60,Scond,,,,all-confirm5-ma60|exit=Scond|trail=none|hold=none,18.91407101495368,5.968713162714923,12.507670922103298,0.6371183229074091,0.47720420531428726,13,76.92307692307693,13.000891580480673,11.712153851869168,-51.39822179749414,3.04361228617961,5.96,6,10,69.48,0.15551128818061088,10.781668687579282,10.872450344998153,13.3741347835873,0.8376510542682718,0.8129460724697342,7,57.14285714285714,15.537492062859357,6.350679029987116,-48.15007339428888,2.9601279486844914,0.0,3,10,57.28,0.21879999999999997,13.6503781510938,13.6503781510938,2.5848320843828487,2.571212544696651,5.280953541844072,9,77.77777777777779,15.384250174488656,13.672801027345493,-7.672306384325067,11.104758970289161,7.72,6,10,23.38,0.1007936507936508,66.4728906010585,10.775845494109305,13.374134783587321,1.0353962094813738,0.8057228126138951,26,73.07692307692307,21.32592725517622,20.899758327673357,-51.39822179749414,4.4331045654735055,34.045,7,10,69.48,0.17816733067729085,-1000.0
all-confirm3-ma20,S-confirm3-ma20,0.15,60.0,,all-confirm3-ma20|exit=S-confirm3-ma20|trail=15%|hold=60,-2.273390248385432,-0.7666435457957643,10.616502124784189,-0.07316186742449604,-0.07221244217584977,29,48.275862068965516,-0.9363978164189197,-1.8869667723366512,-26.97428325254111,0.8673159434375035,-3.06,4,10,60.44,0.11035856573705179,5.395351825451455,5.439667953449168,6.499272862527294,0.8269104877488198,0.8369656219255748,10,50.0,5.952054015743975,6.251621811842894,-20.98894089426674,1.8475926398382796,6.245,5,10,35.83,0.1176,12.744075501479312,12.744075501479312,6.149956876440477,1.42492995045049,2.0722219289536605,13,53.84615384615385,10.191016399909717,5.44697270799217,-19.64966797933626,3.352931890740436,4.36,5,10,24.41,0.16746031746031748,27.895864699120555,5.064608154359096,10.616502124784189,0.6473044006269403,0.47705054780103,51,52.94117647058824,5.163083825234126,3.65504614695098,-26.97428325254111,1.7801810627437349,26.905,6,10,63.32,0.1350597609561753,-1000.0
all-confirm3-ma20,S-confirm5-ma20,,,,all-confirm3-ma20|exit=S-confirm5-ma20|trail=none|hold=none,68.55892932871537,19.092675609476608,19.18185588214364,0.9107201578369621,0.9953508006099634,14,71.42857142857143,40.72782842381565,18.563979232632267,-46.756432815048676,5.368202061341284,22.69,6,10,78.17,0.49853917662682595,12.114260610717388,12.216868180655016,16.067131701046755,0.8102415721774623,0.7603639783359155,8,75.0,12.003918033698309,17.924808530828717,-38.23023486557909,3.504642868712386,15.075,6,10,53.77,0.3592,48.22004803848105,48.22004803848105,13.492868074018283,2.027900838908078,3.573743386058376,10,60.0,45.97135885320938,13.437890389223014,-9.945656970788075,25.15112822457707,8.92,6,10,65.7,0.34325396825396826,246.0988894829283,28.31271155490491,19.18185588214364,1.2493057525036058,1.476015236943844,23,73.91304347826086,101.02914483794831,31.600044841959594,-76.80202153840638,14.243561028012081,67.055,8,10,86.59,0.5269322709163347,-1000.0
all-confirm5-ma20,S-confirm3-ma20,0.2,120.0,,all-confirm5-ma20|exit=S-confirm3-ma20|trail=20%|hold=120,-1.2612149885011026,-0.4238633303828787,14.223377690402083,0.01470817130032112,-0.029800469312496785,34,41.17647058823529,0.20511871963303702,-3.1033285314099492,-26.97428325254111,1.0226453675210443,-13.465,2,10,65.2,0.2091633466135458,7.8220192074857975,7.8870008674182035,7.389693214358239,0.7752789614419229,1.0672974694123554,11,63.63636363636363,6.38526612533158,1.7986428200842175,-23.72333142580999,2.0849376130456165,2.095,6,10,37.73,0.23479999999999998,18.9302067682241,18.9302067682241,8.778869705925828,1.5441800340882927,2.1563375926910058,14,50.0,14.287920658064227,1.3886896636515877,-27.047831583052417,4.204191793317184,8.92,6,10,34.39,0.2333333333333333,59.64141919998536,9.84770428063577,14.223377690402083,0.8484950528125926,0.6923604571986435,58,50.0,11.546617082370268,-0.16232100463318133,-27.047831583052417,2.551390368162076,5.69,6,10,68.18,0.2403187250996016,-1000.0
all-confirm3-ma20,Scond,,60.0,,all-confirm3-ma20|exit=Scond|trail=none|hold=60,4.507956913395761,1.4865642236580268,15.872253931475132,0.19377848420233215,0.0936580418934785,24,54.166666666666664,2.9209071510513858,0.9798509405131606,-48.33569116375486,1.3353588558904148,-0.52,4,10,63.93,0.14608233731739712,9.372491021562679,9.450907888005666,14.443630966351384,0.761856706633323,0.6543304734123283,10,70.0,8.869976569444834,11.03438875573678,-36.71846697349773,2.2265164342953025,3.115,5,10,57.28,0.19360000000000002,8.863721434804784,8.863721434804784,6.908608059846322,1.0015672669819315,1.2829967133787514,12,50.0,8.438555800888535,0.3589611438337137,-35.27920865384615,2.536346768189595,6.24,6,10,41.8,0.1722222222222222,40.88429960378805,7.125074032856893,15.872253931475132,0.6740954606721808,0.44890121236831193,45,60.0,9.379604167937615,2.8057406081509306,-48.33569116375486,2.1791565571611216,23.28,7,10,75.18,0.17625498007968127,-1000.0
all-confirm5-ma60,S-confirm3-ma20,,,,all-confirm5-ma60|exit=S-confirm3-ma20|trail=none|hold=none,44.614776368103094,13.14021228508171,13.466313481376735,0.8197895947909207,0.9757839295256264,10,70.0,47.21624198191664,13.805293144373431,-67.50886631706521,5.431564928693983,13.805,6,10,70.38,0.3746347941567065,12.25309628592064,12.356943314472035,17.640031215060638,0.7502219266568171,0.7005057510284887,5,80.0,21.228532067131763,18.562322664074426,-48.15007339428888,3.2044132615641763,0.0,4,10,57.28,0.3332,43.72451406939098,43.72451406939098,12.109497910378387,2.069607512162271,3.610761931914377,8,62.5,55.47455462141792,20.357952955687107,-7.672306384325067,30.098681799572926,4.615,5,10,65.7,0.24007936507936506,220.15510540890057,26.320769912072393,22.359189591349082,1.256268449445415,1.177179065660594,16,81.25,137.6798386033057,31.543034926626245,-57.22184280667998,22.493967316978658,50.480000000000004,8,10,70.76,0.48167330677290837,-1000.0
all-confirm3-ma20,S-confirm5-ma20,0.2,,,all-confirm3-ma20|exit=S-confirm5-ma20|trail=20%|hold=none,2.7559145298238885,0.9139694155102074,12.570533584325771,0.14426480750690995,0.07270728878604152,25,40.0,1.9496564894265238,-3.29144318272242,-26.97428325254112,1.210775438550879,-9.5,3,10,59.29,0.20092961487383798,5.575018954859257,5.620849804559058,8.503221969403052,0.7306159049379416,0.661025882281379,10,60.0,5.453357083092363,2.8970093159150667,-23.72333142580999,1.8871126376165825,2.0,5,10,37.73,0.18439999999999998,18.03637010068966,18.03637010068966,7.2765344783570445,1.5737224275673412,2.4787033105300504,12,50.0,16.342400154454765,1.3886896636515877,-27.047831583052417,4.811482926334156,4.36,5,10,34.39,0.2123015873015873,52.256215338198,8.807913953659252,12.570533584325771,0.8403766978078688,0.7006794019182974,45,46.666666666666664,14.331180760946912,-0.8995058587539018,-27.047831583052417,2.7943524403349436,6.3149999999999995,7,10,62.24,0.22087649402390439,-1000.0
all-confirm3-ma20,S-confirm5-ma20,0.2,120.0,,all-confirm3-ma20|exit=S-confirm5-ma20|trail=20%|hold=120,2.4315057978268495,0.8072362855783277,12.194434399020547,0.1349437835000322,0.06619710756270619,27,40.74074074074074,1.6642398828668963,-2.915213880097467,-26.97428325254112,1.1927401324795384,-9.5,3,10,59.29,0.17051792828685258,5.575018954859257,5.620849804559058,8.503221969403052,0.7306159049379416,0.661025882281379,10,60.0,5.453357083092363,2.8970093159150667,-23.72333142580999,1.8871126376165825,2.0,5,10,37.73,0.18439999999999998,18.03637010068966,18.03637010068966,7.2765344783570445,1.5737224275673412,2.4787033105300504,12,50.0,16.342400154454765,1.3886896636515877,-27.047831583052417,4.811482926334156,4.36,5,10,34.39,0.2123015873015873,56.48139071531486,9.407599618085571,12.194434399020547,0.9137311148721606,0.7714666634182874,48,47.91666666666667,13.765082674774106,-0.7084533726261499,-27.047831583052417,2.8290345139938733,16.86,7,10,62.24,0.2050996015936255,-1000.0
all-confirm3-ma20,S-or-MA20,,,,all-confirm3-ma20|exit=S-or-MA20|trail=none|hold=none,0.7469288731126289,0.24934966920093782,5.208298850422921,0.08619800041874298,0.04787545345649478,29,34.48275862068966,0.05806127725346004,-2.358295955173584,-12.0726476032049,1.0177357104605784,-0.83,4,10,25.22,0.049800796812749,3.7575276011740266,3.7881501568436837,4.553726636615729,0.7201938246155817,0.8318791309043065,10,40.0,5.462310703006172,-2.863823393354492,-20.98894089426674,1.7856748945959493,0.0,4,10,34.35,0.06040000000000001,3.950076382803336,3.950076382803336,4.0256158723131374,0.8194422010310992,0.981235296186768,14,35.714285714285715,3.278582655039185,-3.358312470692143,-11.62483210661065,1.9371953524402303,-1.68,4,10,16.97,0.06706349206349206,11.9690432970738,2.2960148887132936,8.190938134237536,0.5134829168220318,0.2803115895987684,53,35.84905660377358,2.581591127702547,-2.4810476291080352,-20.988940894266726,1.6254193800111385,8.26,6,10,40.48,0.058804780876494024,-1000.0
all-confirm3-ma20,S-or-MA20,,60.0,,all-confirm3-ma20|exit=S-or-MA20|trail=none|hold=60,0.7469288731126289,0.24934966920093782,5.208298850422921,0.08619800041874298,0.04787545345649478,29,34.48275862068966,0.05806127725346004,-2.358295955173584,-12.0726476032049,1.0177357104605784,-0.83,4,10,25.22,0.049800796812749,3.7575276011740266,3.7881501568436837,4.553726636615729,0.7201938246155817,0.8318791309043065,10,40.0,5.462310703006172,-2.863823393354492,-20.98894089426674,1.7856748945959493,0.0,4,10,34.35,0.06040000000000001,3.950076382803336,3.950076382803336,4.0256158723131374,0.8194422010310992,0.981235296186768,14,35.714285714285715,3.278582655039185,-3.358312470692143,-11.62483210661065,1.9371953524402303,-1.68,4,10,16.97,0.06706349206349206,11.9690432970738,2.2960148887132936,8.190938134237536,0.5134829168220318,0.2803115895987684,53,35.84905660377358,2.581591127702547,-2.4810476291080352,-20.988940894266726,1.6254193800111385,8.26,6,10,40.48,0.058804780876494024,-1000.0
all-confirm3-ma20,S-or-MA20,,120.0,,all-confirm3-ma20|exit=S-or-MA20|trail=none|hold=120,0.7469288731126289,0.24934966920093782,5.208298850422921,0.08619800041874298,0.04787545345649478,29,34.48275862068966,0.05806127725346004,-2.358295955173584,-12.0726476032049,1.0177357104605784,-0.83,4,10,25.22,0.049800796812749,3.7575276011740266,3.7881501568436837,4.553726636615729,0.7201938246155817,0.8318791309043065,10,40.0,5.462310703006172,-2.863823393354492,-20.98894089426674,1.7856748945959493,0.0,4,10,34.35,0.06040000000000001,3.950076382803336,3.950076382803336,4.0256158723131374,0.8194422010310992,0.981235296186768,14,35.714285714285715,3.278582655039185,-3.358312470692143,-11.62483210661065,1.9371953524402303,-1.68,4,10,16.97,0.06706349206349206,11.9690432970738,2.2960148887132936,8.190938134237536,0.5134829168220318,0.2803115895987684,53,35.84905660377358,2.581591127702547,-2.4810476291080352,-20.988940894266726,1.6254193800111385,8.26,6,10,40.48,0.058804780876494024,-1000.0
all-confirm3-ma20,S-or-MA20,0.15,,,all-confirm3-ma20|exit=S-or-MA20|trail=15%|hold=none,1.7224541348869415,0.5731670196225114,5.208298850422921,0.17560325169964022,0.11004879636965713,29,37.93103448275862,0.40404004720208986,-2.241758491745971,-12.0726476032049,1.1302862459597145,-0.83,4,10,25.08,0.049402390438247006,3.7575276011740266,3.7881501568436837,4.553726636615729,0.7201938246155817,0.8318791309043065,10,40.0,5.462310703006172,-2.863823393354492,-20.98894089426674,1.7856748945959493,0.0,4,10,34.35,0.06040000000000001,3.950076382803336,3.950076382803336,4.0256158723131374,0.8194422010310992,0.981235296186768,14,35.714285714285715,3.278582655039185,-3.358312470692143,-11.62483210661065,1.9371953524402303,-1.68,4,10,16.97,0.06706349206349206,13.053231485187977,2.4941439965008527,8.19093813423748,0.5573448820879292,0.30450040711155246,53,37.735849056603776,2.7709002659763255,-2.3814548672356106,-20.988940894266726,1.6869925400086483,8.26,6,10,40.48,0.05856573705179282,-1000.0
all-confirm3-ma20,S-or-MA20,0.15,60.0,,all-confirm3-ma20|exit=S-or-MA20|trail=15%|hold=60,1.7224541348869415,0.5731670196225114,5.208298850422921,0.17560325169964022,0.11004879636965713,29,37.93103448275862,0.40404004720208986,-2.241758491745971,-12.0726476032049,1.1302862459597145,-0.83,4,10,25.08,0.049402390438247006,3.7575276011740266,3.7881501568436837,4.553726636615729,0.7201938246155817,0.8318791309043065,10,40.0,5.462310703006172,-2.863823393354492,-20.98894089426674,1.7856748945959493,0.0,4,10,34.35,0.06040000000000001,3.950076382803336,3.950076382803336,4.0256158723131374,0.8194422010310992,0.981235296186768,14,35.714285714285715,3.278582655039185,-3.358312470692143,-11.62483210661065,1.9371953524402303,-1.68,4,10,16.97,0.06706349206349206,13.053231485187977,2.4941439965008527,8.19093813423748,0.5573448820879292,0.30450040711155246,53,37.735849056603776,2.7709002659763255,-2.3814548672356106,-20.988940894266726,1.6869925400086483,8.26,6,10,40.48,0.05856573705179282,-1000.0
all-confirm3-ma20,S-or-MA20,0.15,120.0,,all-confirm3-ma20|exit=S-or-MA20|trail=15%|hold=120,1.7224541348869415,0.5731670196225114,5.208298850422921,0.17560325169964022,0.11004879636965713,29,37.93103448275862,0.40404004720208986,-2.241758491745971,-12.0726476032049,1.1302862459597145,-0.83,4,10,25.08,0.049402390438247006,3.7575276011740266,3.7881501568436837,4.553726636615729,0.7201938246155817,0.8318791309043065,10,40.0,5.462310703006172,-2.863823393354492,-20.98894089426674,1.7856748945959493,0.0,4,10,34.35,0.06040000000000001,3.950076382803336,3.950076382803336,4.0256158723131374,0.8194422010310992,0.981235296186768,14,35.714285714285715,3.278582655039185,-3.358312470692143,-11.62483210661065,1.9371953524402303,-1.68,4,10,16.97,0.06706349206349206,13.053231485187977,2.4941439965008527,8.19093813423748,0.5573448820879292,0.30450040711155246,53,37.735849056603776,2.7709002659763255,-2.3814548672356106,-20.988940894266726,1.6869925400086483,8.26,6,10,40.48,0.05856573705179282,-1000.0
all-confirm3-ma20,S-or-MA20,0.2,,,all-confirm3-ma20|exit=S-or-MA20|trail=20%|hold=none,0.7469288731126289,0.24934966920093782,5.208298850422921,0.08619800041874298,0.04787545345649478,29,34.48275862068966,0.05806127725346004,-2.358295955173584,-12.0726476032049,1.0177357104605784,-0.83,4,10,25.22,0.049800796812749,3.7575276011740266,3.7881501568436837,4.553726636615729,0.7201938246155817,0.8318791309043065,10,40.0,5.462310703006172,-2.863823393354492,-20.98894089426674,1.7856748945959493,0.0,4,10,34.35,0.06040000000000001,3.950076382803336,3.950076382803336,4.0256158723131374,0.8194422010310992,0.981235296186768,14,35.714285714285715,3.278582655039185,-3.358312470692143,-11.62483210661065,1.9371953524402303,-1.68,4,10,16.97,0.06706349206349206,11.9690432970738,2.2960148887132936,8.190938134237536,0.5134829168220318,0.2803115895987684,53,35.84905660377358,2.581591127702547,-2.4810476291080352,-20.988940894266726,1.6254193800111385,8.26,6,10,40.48,0.058804780876494024,-1000.0
all-confirm3-ma20,S-or-MA20,0.2,60.0,,all-confirm3-ma20|exit=S-or-MA20|trail=20%|hold=60,0.7469288731126289,0.24934966920093782,5.208298850422921,0.08619800041874298,0.04787545345649478,29,34.48275862068966,0.05806127725346004,-2.358295955173584,-12.0726476032049,1.0177357104605784,-0.83,4,10,25.22,0.049800796812749,3.7575276011740266,3.7881501568436837,4.553726636615729,0.7201938246155817,0.8318791309043065,10,40.0,5.462310703006172,-2.863823393354492,-20.98894089426674,1.7856748945959493,0.0,4,10,34.35,0.06040000000000001,3.950076382803336,3.950076382803336,4.0256158723131374,0.8194422010310992,0.981235296186768,14,35.714285714285715,3.278582655039185,-3.358312470692143,-11.62483210661065,1.9371953524402303,-1.68,4,10,16.97,0.06706349206349206,11.9690432970738,2.2960148887132936,8.190938134237536,0.5134829168220318,0.2803115895987684,53,35.84905660377358,2.581591127702547,-2.4810476291080352,-20.988940894266726,1.6254193800111385,8.26,6,10,40.48,0.058804780876494024,-1000.0
all-confirm3-ma20,S-or-MA20,0.2,120.0,,all-confirm3-ma20|exit=S-or-MA20|trail=20%|hold=120,0.7469288731126289,0.24934966920093782,5.208298850422921,0.08619800041874298,0.04787545345649478,29,34.48275862068966,0.05806127725346004,-2.358295955173584,-12.0726476032049,1.0177357104605784,-0.83,4,10,25.22,0.049800796812749,3.7575276011740266,3.7881501568436837,4.553726636615729,0.7201938246155817,0.8318791309043065,10,40.0,5.462310703006172,-2.863823393354492,-20.98894089426674,1.7856748945959493,0.0,4,10,34.35,0.06040000000000001,3.950076382803336,3.950076382803336,4.0256158723131374,0.8194422010310992,0.981235296186768,14,35.714285714285715,3.278582655039185,-3.358312470692143,-11.62483210661065,1.9371953524402303,-1.68,4,10,16.97,0.06706349206349206,11.9690432970738,2.2960148887132936,8.190938134237536,0.5134829168220318,0.2803115895987684,53,35.84905660377358,2.581591127702547,-2.4810476291080352,-20.988940894266726,1.6254193800111385,8.26,6,10,40.48,0.058804780876494024,-1000.0
all-confirm5-ma60,MA20-down,,,,all-confirm5-ma60|exit=MA20-down|trail=none|hold=none,7.160229568936316,2.341339528577069,2.275931582950841,0.7020618131035439,1.028738977092371,14,64.28571428571429,4.694903734374563,5.449023104900075,-8.726770370520088,3.1862953832226175,6.9399999999999995,7,10,19.17,0.0399734395750332,3.5686454696682635,3.597702164075378,6.376066638326739,0.7012705205020978,0.5642510293806335,7,42.857142857142854,6.172136322509763,-0.839623781780785,-26.303071854297144,1.8917415474197856,0.0,3,10,26.3,0.052000000000000005,4.9767041931076506,4.9767041931076506,2.6451555004039173,1.1357272173300137,1.8814410692859849,10,40.0,5.72958366687801,-3.2782763163664406,-11.62483210661065,2.624950648538939,-1.525,3,10,21.21,0.06349206349206349,15.629116198587889,2.9588525888028183,6.701538259428707,0.7393555153419487,0.4415184207356975,31,51.61290322580645,5.108015684654042,0.22688695413781712,-26.303071854297144,2.325100197762065,5.73,8,10,34.27,0.04836653386454184,-1000.0
all-confirm5-ma60,MA20-down,,60.0,,all-confirm5-ma60|exit=MA20-down|trail=none|hold=60,7.160229568936316,2.341339528577069,2.275931582950841,0.7020618131035439,1.028738977092371,14,64.28571428571429,4.694903734374563,5.449023104900075,-8.726770370520088,3.1862953832226175,6.9399999999999995,7,10,19.17,0.0399734395750332,3.5686454696682635,3.597702164075378,6.376066638326739,0.7012705205020978,0.5642510293806335,7,42.857142857142854,6.172136322509763,-0.839623781780785,-26.303071854297144,1.8917415474197856,0.0,3,10,26.3,0.052000000000000005,4.9767041931076506,4.9767041931076506,2.6451555004039173,1.1357272173300137,1.8814410692859849,10,40.0,5.72958366687801,-3.2782763163664406,-11.62483210661065,2.624950648538939,-1.525,3,10,21.21,0.06349206349206349,15.629116198587889,2.9588525888028183,6.701538259428707,0.7393555153419487,0.4415184207356975,31,51.61290322580645,5.108015684654042,0.22688695413781712,-26.303071854297144,2.325100197762065,5.73,8,10,34.27,0.04836653386454184,-1000.0
all-confirm5-ma60,MA20-down,,120.0,,all-confirm5-ma60|exit=MA20-down|trail=none|hold=120,7.160229568936316,2.341339528577069,2.275931582950841,0.7020618131035439,1.028738977092371,14,64.28571428571429,4.694903734374563,5.449023104900075,-8.726770370520088,3.1862953832226175,6.9399999999999995,7,10,19.17,0.0399734395750332,3.5686454696682635,3.597702164075378,6.376066638326739,0.7012705205020978,0.5642510293806335,7,42.857142857142854,6.172136322509763,-0.839623781780785,-26.303071854297144,1.8917415474197856,0.0,3,10,26.3,0.052000000000000005,4.9767041931076506,4.9767041931076506,2.6451555004039173,1.1357272173300137,1.8814410692859849,10,40.0,5.72958366687801,-3.2782763163664406,-11.62483210661065,2.624950648538939,-1.525,3,10,21.21,0.06349206349206349,15.629116198587889,2.9588525888028183,6.701538259428707,0.7393555153419487,0.4415184207356975,31,51.61290322580645,5.108015684654042,0.22688695413781712,-26.303071854297144,2.325100197762065,5.73,8,10,34.27,0.04836653386454184,-1000.0
all-confirm5-ma60,MA20-down,0.15,,,all-confirm5-ma60|exit=MA20-down|trail=15%|hold=none,7.160229568936316,2.341339528577069,2.275931582950841,0.7020618131035439,1.028738977092371,14,64.28571428571429,4.694903734374563,5.449023104900075,-8.726770370520088,3.1862953832226175,6.9399999999999995,7,10,19.17,0.0399734395750332,3.5686454696682635,3.597702164075378,6.376066638326739,0.7012705205020978,0.5642510293806335,7,42.857142857142854,6.172136322509763,-0.839623781780785,-26.303071854297144,1.8917415474197856,0.0,3,10,26.3,0.052000000000000005,5.525722351017759,5.525722351017759,2.5479263591395185,1.266568330880753,2.168713523134906,10,40.0,6.299798303915755,-3.2782763163664406,-11.62483210661065,2.7866675721641694,-0.82,3,10,16.32,0.06190476190476191,16.233845456036878,3.0667493860669914,6.701538259428707,0.7666781278629268,0.4576187238433263,31,51.61290322580645,5.291955890150089,0.22688695413781712,-26.303071854297144,2.3728172013357756,5.73,8,10,34.27,0.04804780876494025,-1000.0
all-confirm5-ma60,MA20-down,0.15,60.0,,all-confirm5-ma60|exit=MA20-down|trail=15%|hold=60,7.160229568936316,2.341339528577069,2.275931582950841,0.7020618131035439,1.028738977092371,14,64.28571428571429,4.694903734374563,5.449023104900075,-8.726770370520088,3.1862953832226175,6.9399999999999995,7,10,19.17,0.0399734395750332,3.5686454696682635,3.597702164075378,6.376066638326739,0.7012705205020978,0.5642510293806335,7,42.857142857142854,6.172136322509763,-0.839623781780785,-26.303071854297144,1.8917415474197856,0.0,3,10,26.3,0.052000000000000005,5.525722351017759,5.525722351017759,2.5479263591395185,1.266568330880753,2.168713523134906,10,40.0,6.299798303915755,-3.2782763163664406,-11.62483210661065,2.7866675721641694,-0.82,3,10,16.32,0.06190476190476191,16.233845456036878,3.0667493860669914,6.701538259428707,0.7666781278629268,0.4576187238433263,31,51.61290322580645,5.291955890150089,0.22688695413781712,-26.303071854297144,2.3728172013357756,5.73,8,10,34.27,0.04804780876494025,-1000.0
all-confirm5-ma60,MA20-down,0.15,120.0,,all-confirm5-ma60|exit=MA20-down|trail=15%|hold=120,7.160229568936316,2.341339528577069,2.275931582950841,0.7020618131035439,1.028738977092371,14,64.28571428571429,4.694903734374563,5.449023104900075,-8.726770370520088,3.1862953832226175,6.9399999999999995,7,10,19.17,0.0399734395750332,3.5686454696682635,3.597702164075378,6.376066638326739,0.7012705205020978,0.5642510293806335,7,42.857142857142854,6.172136322509763,-0.839623781780785,-26.303071854297144,1.8917415474197856,0.0,3,10,26.3,0.052000000000000005,5.525722351017759,5.525722351017759,2.5479263591395185,1.266568330880753,2.168713523134906,10,40.0,6.299798303915755,-3.2782763163664406,-11.62483210661065,2.7866675721641694,-0.82,3,10,16.32,0.06190476190476191,16.233845456036878,3.0667493860669914,6.701538259428707,0.7666781278629268,0.4576187238433263,31,51.61290322580645,5.291955890150089,0.22688695413781712,-26.303071854297144,2.3728172013357756,5.73,8,10,34.27,0.04804780876494025,-1000.0
all-confirm5-ma60,MA20-down,0.2,,,all-confirm5-ma60|exit=MA20-down|trail=20%|hold=none,7.160229568936316,2.341339528577069,2.275931582950841,0.7020618131035439,1.028738977092371,14,64.28571428571429,4.694903734374563,5.449023104900075,-8.726770370520088,3.1862953832226175,6.9399999999999995,7,10,19.17,0.0399734395750332,3.5686454696682635,3.597702164075378,6.376066638326739,0.7012705205020978,0.5642510293806335,7,42.857142857142854,6.172136322509763,-0.839623781780785,-26.303071854297144,1.8917415474197856,0.0,3,10,26.3,0.052000000000000005,4.9767041931076506,4.9767041931076506,2.6451555004039173,1.1357272173300137,1.8814410692859849,10,40.0,5.72958366687801,-3.2782763163664406,-11.62483210661065,2.624950648538939,-1.525,3,10,21.21,0.06349206349206349,15.629116198587889,2.9588525888028183,6.701538259428707,0.7393555153419487,0.4415184207356975,31,51.61290322580645,5.108015684654042,0.22688695413781712,-26.303071854297144,2.325100197762065,5.73,8,10,34.27,0.04836653386454184,-1000.0
all-confirm5-ma60,MA20-down,0.2,60.0,,all-confirm5-ma60|exit=MA20-down|trail=20%|hold=60,7.160229568936316,2.341339528577069,2.275931582950841,0.7020618131035439,1.028738977092371,14,64.28571428571429,4.694903734374563,5.449023104900075,-8.726770370520088,3.1862953832226175,6.9399999999999995,7,10,19.17,0.0399734395750332,3.5686454696682635,3.597702164075378,6.376066638326739,0.7012705205020978,0.5642510293806335,7,42.857142857142854,6.172136322509763,-0.839623781780785,-26.303071854297144,1.8917415474197856,0.0,3,10,26.3,0.052000000000000005,4.9767041931076506,4.9767041931076506,2.6451555004039173,1.1357272173300137,1.8814410692859849,10,40.0,5.72958366687801,-3.2782763163664406,-11.62483210661065,2.624950648538939,-1.525,3,10,21.21,0.06349206349206349,15.629116198587889,2.9588525888028183,6.701538259428707,0.7393555153419487,0.4415184207356975,31,51.61290322580645,5.108015684654042,0.22688695413781712,-26.303071854297144,2.325100197762065,5.73,8,10,34.27,0.04836653386454184,-1000.0
all-confirm5-ma60,MA20-down,0.2,120.0,,all-confirm5-ma60|exit=MA20-down|trail=20%|hold=120,7.160229568936316,2.341339528577069,2.275931582950841,0.7020618131035439,1.028738977092371,14,64.28571428571429,4.694903734374563,5.449023104900075,-8.726770370520088,3.1862953832226175,6.9399999999999995,7,10,19.17,0.0399734395750332,3.5686454696682635,3.597702164075378,6.376066638326739,0.7012705205020978,0.5642510293806335,7,42.857142857142854,6.172136322509763,-0.839623781780785,-26.303071854297144,1.8917415474197856,0.0,3,10,26.3,0.052000000000000005,4.9767041931076506,4.9767041931076506,2.6451555004039173,1.1357272173300137,1.8814410692859849,10,40.0,5.72958366687801,-3.2782763163664406,-11.62483210661065,2.624950648538939,-1.525,3,10,21.21,0.06349206349206349,15.629116198587889,2.9588525888028183,6.701538259428707,0.7393555153419487,0.4415184207356975,31,51.61290322580645,5.108015684654042,0.22688695413781712,-26.303071854297144,2.325100197762065,5.73,8,10,34.27,0.04836653386454184,-1000.0
all-confirm3-ma20,S-confirm5-ma20,0.15,,,all-confirm3-ma20|exit=S-confirm5-ma20|trail=15%|hold=none,0.5222215387922002,0.17446462642332072,10.372235751772575,0.06139242943410623,0.01682034911263036,27,44.44444444444444,0.3824188824531501,-3.2914431827223978,-26.97428325254111,1.0504502639497741,-7.04,3,10,60.44,0.16586985391766268,4.798850013880163,4.838154949975126,7.457245956592629,0.6975653153476074,0.648785755242245,10,50.0,5.2471478798447935,4.5922812195075995,-20.98894089426674,1.7472116199442078,4.65,5,10,35.83,0.15360000000000001,12.744075501479312,12.744075501479312,6.149956876440477,1.42492995045049,2.0722219289536605,13,53.84615384615385,10.191016399909717,5.44697270799217,-19.64966797933626,3.352931890740436,4.36,5,10,24.41,0.16746031746031748,29.490849081257807,5.326402124278773,12.773681972071904,0.6341809554153979,0.4169825220264839,49,48.97959183673469,6.103879014927963,-0.517400886498387,-26.97428325254111,1.8537522690819799,16.865,6,10,63.32,0.1944223107569721,-1000.0
all-confirm3-ma20,S-confirm5-ma20,0.15,120.0,,all-confirm3-ma20|exit=S-confirm5-ma20|trail=15%|hold=120,-1.2440202170930226,-0.4180604408005495,11.267589328992555,-0.018587274974830856,-0.03710291781089688,28,46.42857142857143,-0.5370281872317544,-2.5892049775295134,-26.97428325254111,0.9265290825159372,-7.04,3,10,60.44,0.13771580345285522,4.798850013880163,4.838154949975126,7.457245956592629,0.6975653153476074,0.648785755242245,10,50.0,5.2471478798447935,4.5922812195075995,-20.98894089426674,1.7472116199442078,4.65,5,10,35.83,0.15360000000000001,12.744075501479312,12.744075501479312,6.149956876440477,1.42492995045049,2.0722219289536605,13,53.84615384615385,10.191016399909717,5.44697270799217,-19.64966797933626,3.352931890740436,4.36,5,10,24.41,0.16746031746031748,27.903830457316925,5.065922086898511,11.267589328992555,0.6238394884677347,0.4496012358085702,50,50.0,5.2879130656923365,1.5688226302262909,-26.97428325254111,1.7728874000181822,16.865,6,10,63.32,0.16525896414342628,-1000.0
all-confirm3-ma20,S-confirm3-ma20,0.15,,,all-confirm3-ma20|exit=S-confirm3-ma20|trail=15%|hold=none,0.5222215387922002,0.17446462642332072,10.372235751772575,0.06139242943410623,0.01682034911263036,27,44.44444444444444,0.3824188824531501,-3.2914431827223978,-26.97428325254111,1.0504502639497741,-7.04,3,10,60.44,0.16586985391766268,5.014368026040006,5.055480369650001,7.266932509559831,0.6932779171041459,0.6956828569687953,10,50.0,5.3602153263559345,4.5922812195075835,-20.98894089426674,1.7633128070662756,4.65,5,10,35.83,0.1692,12.744075501479312,12.744075501479312,6.149956876440477,1.42492995045049,2.0722219289536605,13,53.84615384615385,10.191016399909717,5.44697270799217,-19.64966797933626,3.352931890740436,4.36,5,10,24.41,0.16746031746031748,29.74464426865431,5.367821018095986,12.602723021019557,0.6333682670186491,0.4259254931766112,49,48.97959183673469,6.14632552348437,-0.5174008864983648,-26.97428325254111,1.8596892810879542,16.865,6,10,63.32,0.19752988047808767,-1000.0
all-confirm3-ma20,S-confirm3-ma20,0.15,120.0,,all-confirm3-ma20|exit=S-confirm3-ma20|trail=15%|hold=120,-1.2440202170930226,-0.4180604408005495,11.267589328992555,-0.018587274974830856,-0.03710291781089688,28,46.42857142857143,-0.5370281872317544,-2.5892049775295134,-26.97428325254111,0.9265290825159372,-7.04,3,10,60.44,0.13771580345285522,5.014368026040006,5.055480369650001,7.266932509559831,0.6932779171041459,0.6956828569687953,10,50.0,5.3602153263559345,4.5922812195075835,-20.98894089426674,1.7633128070662756,4.65,5,10,35.83,0.1692,12.744075501479312,12.744075501479312,6.149956876440477,1.42492995045049,2.0722219289536605,13,53.84615384615385,10.191016399909717,5.44697270799217,-19.64966797933626,3.352931890740436,4.36,5,10,24.41,0.16746031746031748,27.903830457316925,5.065922086898511,11.267589328992555,0.6238394884677347,0.4496012358085702,50,50.0,5.2879130656923365,1.5688226302262909,-26.97428325254111,1.7728874000181822,16.865,6,10,63.32,0.16525896414342628,-1000.0
all-confirm5-ma60,S-confirm3-ma20,0.2,120.0,,all-confirm5-ma60|exit=S-confirm3-ma20|trail=20%|hold=120,8.13133166761415,2.650784365394765,6.468215110863273,0.5025139813102599,0.40981697732080846,13,69.23076923076923,5.344077437204373,1.83989637626365,-20.26225293766669,2.6610246774883177,0.105,5,10,29.71,0.11394422310756971,4.74333334847914,4.782173281730362,7.453243799871522,0.6918744908360924,0.6416230852146277,6,50.0,8.49912176629168,13.239314586942774,-26.24017518896776,2.0037714251010903,0.0,3,10,27.68,0.0964,13.601449584905856,13.601449584905856,4.4873851529732445,1.7305805654766537,3.0310412681857337,8,62.5,16.399597725300197,6.262330556941443,-7.672306384325067,9.602262408525363,1.645,5,10,21.21,0.12380952380952379,37.773199093806696,6.645819737867953,7.145230818918624,0.9839118613612392,0.9301056755607717,26,69.23076923076923,12.21439744772394,7.752190662232861,-26.24017518896776,4.007392137347223,11.315000000000001,8,10,37.06,0.11808764940239044,-1000.0
all-confirm3-ma20,S-confirm3-ma20,,60.0,,all-confirm3-ma20|exit=S-confirm3-ma20|trail=none|hold=60,2.731936404094526,0.9060880952630246,15.872253931475132,0.1374980701693644,0.057086290275776524,24,58.333333333333336,1.326644617869683,2.652929416604344,-48.33569116375486,1.1523519721977824,-0.52,4,10,63.93,0.16347941567065077,8.528524678749827,8.599606218751287,14.443630966351396,0.6854601064176931,0.5953908846594987,10,70.0,7.20315129276872,12.324238824117838,-36.71846697349773,1.9960323311033559,3.21,5,10,57.28,0.21959999999999996,13.707971149456387,13.707971149456387,8.72134314482974,1.135542547333296,1.5717729393072741,12,41.66666666666667,10.646335044388177,-0.602270978823688,-35.27920865384615,3.1574839852636623,4.36,5,10,47.64,0.22777777777777777,37.75800549829804,6.643458087468224,15.872253931475132,0.5870378481663082,0.4185579512619853,45,60.0,6.714786910445603,6.4226826155724615,-48.33569116375486,1.8603608979159623,28.259999999999998,6,10,75.18,0.20294820717131476,-1000.0
v4-b-only,MA20-down,0.15,,,v4-b-only|exit=MA20-down|trail=15%|hold=none,12.303037428671914,3.959477612065432,17.31925131211828,0.5314715726836228,0.22861713481199883,64,34.375,2.6787135054101276,-1.7845554097924987,-21.55665176067505,1.6321984100902236,14.33,7,10,54.32,0.10717131474103585,4.734692232132609,4.773459809477654,9.515114112229671,0.6296612384396368,0.5016713150441756,19,36.84210526315789,2.8156824397012636,-1.9636489018200698,-21.250825897295854,1.5197297532039047,-1.9549999999999998,5,10,36.05,0.1028,8.746941053581248,8.746941053581248,5.06246838298644,1.0962619830536793,1.7278016161004193,22,45.45454545454545,4.130000450740403,-1.790199978901269,-16.828711344636638,2.179617937853576,3.12,8,10,24.41,0.11706349206349206,25.8978545215111,4.732956098850338,17.31925131211828,0.623971446616701,0.27327717656817474,105,36.19047619047619,2.8677473957492237,-1.946885169052237,-21.55665176067505,1.6507166840369734,12.59,7,10,60.43,0.1097211155378486,-1000.0
v4-b-only,MA20-down,0.15,60.0,,v4-b-only|exit=MA20-down|trail=15%|hold=60,12.303037428671914,3.959477612065432,17.31925131211828,0.5314715726836228,0.22861713481199883,64,34.375,2.6787135054101276,-1.7845554097924987,-21.55665176067505,1.6321984100902236,14.33,7,10,54.32,0.10717131474103585,4.734692232132609,4.773459809477654,9.515114112229671,0.6296612384396368,0.5016713150441756,19,36.84210526315789,2.8156824397012636,-1.9636489018200698,-21.250825897295854,1.5197297532039047,-1.9549999999999998,5,10,36.05,0.1028,8.746941053581248,8.746941053581248,5.06246838298644,1.0962619830536793,1.7278016161004193,22,45.45454545454545,4.130000450740403,-1.790199978901269,-16.828711344636638,2.179617937853576,3.12,8,10,24.41,0.11706349206349206,25.8978545215111,4.732956098850338,17.31925131211828,0.623971446616701,0.27327717656817474,105,36.19047619047619,2.8677473957492237,-1.946885169052237,-21.55665176067505,1.6507166840369734,12.59,7,10,60.43,0.1097211155378486,-1000.0
v4-b-only,MA20-down,0.15,120.0,,v4-b-only|exit=MA20-down|trail=15%|hold=120,12.303037428671914,3.959477612065432,17.31925131211828,0.5314715726836228,0.22861713481199883,64,34.375,2.6787135054101276,-1.7845554097924987,-21.55665176067505,1.6321984100902236,14.33,7,10,54.32,0.10717131474103585,4.734692232132609,4.773459809477654,9.515114112229671,0.6296612384396368,0.5016713150441756,19,36.84210526315789,2.8156824397012636,-1.9636489018200698,-21.250825897295854,1.5197297532039047,-1.9549999999999998,5,10,36.05,0.1028,8.746941053581248,8.746941053581248,5.06246838298644,1.0962619830536793,1.7278016161004193,22,45.45454545454545,4.130000450740403,-1.790199978901269,-16.828711344636638,2.179617937853576,3.12,8,10,24.41,0.11706349206349206,25.8978545215111,4.732956098850338,17.31925131211828,0.623971446616701,0.27327717656817474,105,36.19047619047619,2.8677473957492237,-1.946885169052237,-21.55665176067505,1.6507166840369734,12.59,7,10,60.43,0.1097211155378486,-1000.0
all-confirm3-ma20,S-confirm3-ma20,,120.0,,all-confirm3-ma20|exit=S-confirm3-ma20|trail=none|hold=120,40.93408548231024,12.168241248580891,12.309792401458697,0.8475933677357498,0.9885009309449417,23,65.21739130434783,16.137534195954313,6.466515658712546,-37.930774305571276,3.4942756400146715,11.045,6,10,76.63,0.28804780876494024,10.09193225928069,10.176643653794981,18.8110746062612,0.6216616547613328,0.5409921478067883,8,50.0,8.861091941204194,1.7735764135474452,-33.70674888049696,2.7797664620342033,0.0,4,10,57.28,0.3352,37.30687065833101,37.30687065833101,7.553978938150275,2.0022056755596056,4.93870461696922,11,54.54545454545454,38.058588051850855,9.117390782078449,-12.071899867711677,14.458307275232611,8.92,6,10,48.3,0.28809523809523807,150.2916630762904,20.228315954234265,15.800936784431407,1.2255914770690366,1.2801972585679309,40,62.5,27.906442213979677,9.077628223915813,-37.930774305571276,5.70050984871422,23.895,7,10,76.63,0.32533864541832674,-1000.0
all-confirm5-ma60,S-confirm5-ma20,,,,all-confirm5-ma60|exit=S-confirm5-ma20|trail=none|hold=none,51.35463225900976,14.878196945722099,10.607007730503359,1.0778836067118847,1.4026761669019778,10,70.0,51.43072744139625,13.805293144373431,-37.59402273027538,8.986082427348034,13.805,6,10,70.38,0.2908366533864542,7.616029137929514,7.679239327732312,14.71230204209386,0.606781201530963,0.5219604182785932,6,83.33333333333334,9.630665466675444,17.924808530828717,-45.172843264939374,2.279175465249082,0.0,4,10,53.77,0.2596,43.52375280445564,43.52375280445564,12.109497910378387,2.0619214180650114,3.5941831054080136,8,62.5,54.84240448449662,20.357952955687107,-7.672306384325067,29.767093095357758,4.615,5,10,65.7,0.23888888888888887,220.42083144733664,26.341815509911548,19.24276042697768,1.4609373597564832,1.368920826607665,19,73.68421052631578,120.74184880503995,31.600044841959594,-45.172843264939374,20.13365131751919,50.480000000000004,9,10,70.38,0.3796812749003984,-1000.0
all-confirm3-ma20,S-confirm5-ma20,,120.0,,all-confirm3-ma20|exit=S-confirm5-ma20|trail=none|hold=120,40.93408548231024,12.168241248580891,12.309792401458697,0.8475933677357498,0.9885009309449417,23,65.21739130434783,16.137534195954313,6.466515658712546,-37.930774305571276,3.4942756400146715,11.045,6,10,76.63,0.28804780876494024,5.641859638673163,5.688254632639778,14.91407992286453,0.4692631732277608,0.3814016460994826,8,50.0,4.129261952931357,1.7735764135474508,-33.70674888049696,1.8293697871035028,0.0,4,10,53.77,0.27040000000000003,37.1157479312527,37.1157479312527,7.553978938150275,1.994049621571324,4.913403682369962,11,54.54545454545454,37.952389773551424,9.117390782078449,-13.240080929005426,13.934993677578436,8.92,6,10,48.3,0.2869047619047619,152.89168206972005,20.47806186412442,15.222144662771486,1.2399261764704927,1.3452809914628674,41,63.41463414634146,27.751243031632644,9.117390782078449,-37.930774305571276,5.7677741645708895,25.604999999999997,8,10,76.63,0.3207171314741036,-1000.0
all-confirm5-ma60,S-confirm3-ma20,,120.0,,all-confirm5-ma60|exit=S-confirm3-ma20|trail=none|hold=120,20.70268552266732,6.499482984476446,11.949577727690686,0.7069062940476663,0.5439090093882759,13,69.23076923076923,23.960094855998783,13.359213825802652,-64.38090616054697,3.463272147850792,4.52,5,10,65.84,0.17091633466135459,6.495982894465113,6.549616764404531,17.640031215060638,0.4639437669811422,0.37129281034449785,6,33.33333333333333,6.1746153647987,-0.5280188501432026,-35.968587330380196,1.8651813792217464,0.0,2,10,57.28,0.244,37.493062585414314,37.493062585414314,7.385621923066587,2.423947953477983,5.076493621791949,8,62.5,54.97891427869307,20.357952955687107,-7.672306384325067,29.83869808778998,4.615,5,10,47.64,0.19285714285714284,81.72456124421832,12.742959247461805,14.437851152001702,1.0770034500668788,0.8826077449686885,25,64.0,32.138800788566556,10.165305505724476,-64.38090616054697,5.408849170542261,9.530000000000001,8,10,65.84,0.1957768924302789,-1000.0
all-confirm5-ma60,S-confirm5-ma20,,120.0,,all-confirm5-ma60|exit=S-confirm5-ma20|trail=none|hold=120,28.698679581140652,8.810351633577795,9.035887994852587,0.9944016192674454,0.9750399339386154,13,69.23076923076923,26.961394428174007,13.359213825802652,-37.59402273027538,5.008748864405539,4.52,5,10,58.26,0.16175298804780877,4.632342796957278,4.670253794624091,14.71230204209386,0.41503732629348733,0.31743868371257405,6,50.0,4.187686630008839,6.386105863756736,-35.968587330380196,1.5985102878420767,0.0,2,10,53.77,0.21799999999999997,37.493062585414314,37.493062585414314,7.385621923066587,2.423947953477983,5.076493621791949,8,62.5,54.97891427869307,20.357952955687107,-7.672306384325067,29.83869808778998,4.615,5,10,47.64,0.19285714285714284,95.4227662851862,14.4002264263964,14.202566889354607,1.2489338108736883,1.013917169944114,26,65.38461538461539,33.02985964943772,11.762259665763564,-37.59402273027538,6.996061290249312,15.02,8,10,58.26,0.1858167330677291,-1000.0
all-confirm5-ma60,S,,60.0,,all-confirm5-ma60|exit=S|trail=none|hold=60,6.6239214973001115,2.1696428727978168,6.912233222561081,0.49910572833116706,0.3138845005571055,14,57.14285714285714,4.291610732299699,5.630170190013894,-22.323935599766088,1.96691364596123,0.0,4,10,47.32,0.07928286852589642,2.9599797275700945,2.9840094207270074,8.17731119084617,0.4026573578199474,0.3649132766363791,7,57.14285714285714,8.826455112042655,16.47453362647122,-49.58627123866831,1.7191450212360029,0.0,3,10,49.59,0.11839999999999999,13.702727022314587,13.702727022314587,7.385621923066587,1.57975273819305,1.8553247329813318,8,62.5,15.524932522424415,7.974521846074023,-7.672306384325067,10.115755763554887,0.885,5,10,47.64,0.13253968253968254,32.10433653988554,5.7498507535334475,10.00413235848745,0.8437895255173691,0.5747475690538327,28,60.71428571428571,10.728749213797576,10.6204036542888,-49.58627123866831,2.7580757430192,6.325,6,10,56.87,0.10430278884462152,-1000.0
all-confirm3-ma20,MA20-down,,,,all-confirm3-ma20|exit=MA20-down|trail=none|hold=none,3.3911659560705854,1.1223247573479256,5.208298850422921,0.28129465166445583,0.21548778009479838,29,37.93103448275862,0.8681363128306939,-2.358295955173584,-12.0726476032049,1.2706396153435506,0.535,5,10,25.22,0.0549800796812749,1.67426090614069,1.6877673958259454,6.27119022899808,0.3256637766629626,0.26913031405452875,10,40.0,2.2561872670495235,-2.863823393354492,-20.98894089426674,1.324520114216918,0.0,4,10,35.83,0.06560000000000002,2.081636948979071,2.081636948979071,4.0256158723131374,0.4224584797828725,0.5170977596983074,14,28.57142857142857,1.943793109539357,-3.63639037123501,-13.240080929005416,1.4373960383817361,-1.68,4,10,30.51,0.06865079365079366,10.576746270003024,2.0393193983139657,9.842953615291506,0.423999245098724,0.20718571660703392,53,35.84905660377358,2.0673248642152964,-3.3523258156012536,-20.98894089426674,1.4761785797422091,1.585,5,10,40.48,0.06326693227091633,-1000.0
all-confirm3-ma20,MA20-down,,60.0,,all-confirm3-ma20|exit=MA20-down|trail=none|hold=60,3.3911659560705854,1.1223247573479256,5.208298850422921,0.28129465166445583,0.21548778009479838,29,37.93103448275862,0.8681363128306939,-2.358295955173584,-12.0726476032049,1.2706396153435506,0.535,5,10,25.22,0.0549800796812749,1.67426090614069,1.6877673958259454,6.27119022899808,0.3256637766629626,0.26913031405452875,10,40.0,2.2561872670495235,-2.863823393354492,-20.98894089426674,1.324520114216918,0.0,4,10,35.83,0.06560000000000002,2.081636948979071,2.081636948979071,4.0256158723131374,0.4224584797828725,0.5170977596983074,14,28.57142857142857,1.943793109539357,-3.63639037123501,-13.240080929005416,1.4373960383817361,-1.68,4,10,30.51,0.06865079365079366,10.576746270003024,2.0393193983139657,9.842953615291506,0.423999245098724,0.20718571660703392,53,35.84905660377358,2.0673248642152964,-3.3523258156012536,-20.98894089426674,1.4761785797422091,1.585,5,10,40.48,0.06326693227091633,-1000.0
all-confirm3-ma20,MA20-down,,120.0,,all-confirm3-ma20|exit=MA20-down|trail=none|hold=120,3.3911659560705854,1.1223247573479256,5.208298850422921,0.28129465166445583,0.21548778009479838,29,37.93103448275862,0.8681363128306939,-2.358295955173584,-12.0726476032049,1.2706396153435506,0.535,5,10,25.22,0.0549800796812749,1.67426090614069,1.6877673958259454,6.27119022899808,0.3256637766629626,0.26913031405452875,10,40.0,2.2561872670495235,-2.863823393354492,-20.98894089426674,1.324520114216918,0.0,4,10,35.83,0.06560000000000002,2.081636948979071,2.081636948979071,4.0256158723131374,0.4224584797828725,0.5170977596983074,14,28.57142857142857,1.943793109539357,-3.63639037123501,-13.240080929005416,1.4373960383817361,-1.68,4,10,30.51,0.06865079365079366,10.576746270003024,2.0393193983139657,9.842953615291506,0.423999245098724,0.20718571660703392,53,35.84905660377358,2.0673248642152964,-3.3523258156012536,-20.98894089426674,1.4761785797422091,1.585,5,10,40.48,0.06326693227091633,-1000.0
all-confirm3-ma20,MA20-down,0.15,,,all-confirm3-ma20|exit=MA20-down|trail=15%|hold=none,4.39229517522004,1.4489619213738703,5.208298850422921,0.35884232163670554,0.27820253080450874,29,41.37931034482759,1.2141150827793246,-2.241758491745971,-12.0726476032049,1.4000116461360708,0.535,5,10,25.08,0.0545816733067729,1.67426090614069,1.6877673958259454,6.27119022899808,0.3256637766629626,0.26913031405452875,10,40.0,2.2561872670495235,-2.863823393354492,-20.98894089426674,1.324520114216918,0.0,4,10,35.83,0.06560000000000002,3.950076382803336,3.950076382803336,4.0256158723131374,0.8194422010310992,0.981235296186768,14,35.714285714285715,3.278582655039185,-3.358312470692143,-11.62483210661065,1.9371953524402303,-1.68,4,10,16.97,0.06706349206349206,13.690979186628628,2.60998038326381,9.842953615291506,0.5420981326265248,0.26516231664538975,53,39.62264150943396,2.609219920168275,-2.3814548672356106,-20.98894089426674,1.6527489614128228,1.585,5,10,40.48,0.06270916334661354,-1000.0
all-confirm3-ma20,MA20-down,0.15,60.0,,all-confirm3-ma20|exit=MA20-down|trail=15%|hold=60,4.39229517522004,1.4489619213738703,5.208298850422921,0.35884232163670554,0.27820253080450874,29,41.37931034482759,1.2141150827793246,-2.241758491745971,-12.0726476032049,1.4000116461360708,0.535,5,10,25.08,0.0545816733067729,1.67426090614069,1.6877673958259454,6.27119022899808,0.3256637766629626,0.26913031405452875,10,40.0,2.2561872670495235,-2.863823393354492,-20.98894089426674,1.324520114216918,0.0,4,10,35.83,0.06560000000000002,3.950076382803336,3.950076382803336,4.0256158723131374,0.8194422010310992,0.981235296186768,14,35.714285714285715,3.278582655039185,-3.358312470692143,-11.62483210661065,1.9371953524402303,-1.68,4,10,16.97,0.06706349206349206,13.690979186628628,2.60998038326381,9.842953615291506,0.5420981326265248,0.26516231664538975,53,39.62264150943396,2.609219920168275,-2.3814548672356106,-20.98894089426674,1.6527489614128228,1.585,5,10,40.48,0.06270916334661354,-1000.0
all-confirm3-ma20,MA20-down,0.15,120.0,,all-confirm3-ma20|exit=MA20-down|trail=15%|hold=120,4.39229517522004,1.4489619213738703,5.208298850422921,0.35884232163670554,0.27820253080450874,29,41.37931034482759,1.2141150827793246,-2.241758491745971,-12.0726476032049,1.4000116461360708,0.535,5,10,25.08,0.0545816733067729,1.67426090614069,1.6877673958259454,6.27119022899808,0.3256637766629626,0.26913031405452875,10,40.0,2.2561872670495235,-2.863823393354492,-20.98894089426674,1.324520114216918,0.0,4,10,35.83,0.06560000000000002,3.950076382803336,3.950076382803336,4.0256158723131374,0.8194422010310992,0.981235296186768,14,35.714285714285715,3.278582655039185,-3.358312470692143,-11.62483210661065,1.9371953524402303,-1.68,4,10,16.97,0.06706349206349206,13.690979186628628,2.60998038326381,9.842953615291506,0.5420981326265248,0.26516231664538975,53,39.62264150943396,2.609219920168275,-2.3814548672356106,-20.98894089426674,1.6527489614128228,1.585,5,10,40.48,0.06270916334661354,-1000.0
all-confirm3-ma20,MA20-down,0.2,,,all-confirm3-ma20|exit=MA20-down|trail=20%|hold=none,3.3911659560705854,1.1223247573479256,5.208298850422921,0.28129465166445583,0.21548778009479838,29,37.93103448275862,0.8681363128306939,-2.358295955173584,-12.0726476032049,1.2706396153435506,0.535,5,10,25.22,0.0549800796812749,1.67426090614069,1.6877673958259454,6.27119022899808,0.3256637766629626,0.26913031405452875,10,40.0,2.2561872670495235,-2.863823393354492,-20.98894089426674,1.324520114216918,0.0,4,10,35.83,0.06560000000000002,2.8501962720774765,2.8501962720774765,4.0256158723131374,0.5959976376263295,0.7080149627986588,14,28.57142857142857,2.505984702609699,-3.63639037123501,-11.62483210661065,1.6455695105289785,-1.68,4,10,21.37,0.06746031746031747,11.409264162581255,2.1931176713313016,9.842953615291506,0.45823923811622036,0.2228109322718119,53,35.84905660377358,2.2158283038942543,-3.3523258156012536,-20.98894089426674,1.5284605410981418,1.585,5,10,40.48,0.06302788844621514,-1000.0
all-confirm3-ma20,MA20-down,0.2,60.0,,all-confirm3-ma20|exit=MA20-down|trail=20%|hold=60,3.3911659560705854,1.1223247573479256,5.208298850422921,0.28129465166445583,0.21548778009479838,29,37.93103448275862,0.8681363128306939,-2.358295955173584,-12.0726476032049,1.2706396153435506,0.535,5,10,25.22,0.0549800796812749,1.67426090614069,1.6877673958259454,6.27119022899808,0.3256637766629626,0.26913031405452875,10,40.0,2.2561872670495235,-2.863823393354492,-20.98894089426674,1.324520114216918,0.0,4,10,35.83,0.06560000000000002,2.8501962720774765,2.8501962720774765,4.0256158723131374,0.5959976376263295,0.7080149627986588,14,28.57142857142857,2.505984702609699,-3.63639037123501,-11.62483210661065,1.6455695105289785,-1.68,4,10,21.37,0.06746031746031747,11.409264162581255,2.1931176713313016,9.842953615291506,0.45823923811622036,0.2228109322718119,53,35.84905660377358,2.2158283038942543,-3.3523258156012536,-20.98894089426674,1.5284605410981418,1.585,5,10,40.48,0.06302788844621514,-1000.0
all-confirm3-ma20,MA20-down,0.2,120.0,,all-confirm3-ma20|exit=MA20-down|trail=20%|hold=120,3.3911659560705854,1.1223247573479256,5.208298850422921,0.28129465166445583,0.21548778009479838,29,37.93103448275862,0.8681363128306939,-2.358295955173584,-12.0726476032049,1.2706396153435506,0.535,5,10,25.22,0.0549800796812749,1.67426090614069,1.6877673958259454,6.27119022899808,0.3256637766629626,0.26913031405452875,10,40.0,2.2561872670495235,-2.863823393354492,-20.98894089426674,1.324520114216918,0.0,4,10,35.83,0.06560000000000002,2.8501962720774765,2.8501962720774765,4.0256158723131374,0.5959976376263295,0.7080149627986588,14,28.57142857142857,2.505984702609699,-3.63639037123501,-11.62483210661065,1.6455695105289785,-1.68,4,10,21.37,0.06746031746031747,11.409264162581255,2.1931176713313016,9.842953615291506,0.45823923811622036,0.2228109322718119,53,35.84905660377358,2.2158283038942543,-3.3523258156012536,-20.98894089426674,1.5284605410981418,1.585,5,10,40.48,0.06302788844621514,-1000.0
all-confirm5-ma60,S-or-cond,,60.0,,all-confirm5-ma60|exit=S-or-cond|trail=none|hold=60,9.183054363377963,2.983840615289246,5.359134218849537,0.7996091269211392,0.5567766160426183,14,71.42857142857143,6.421286307233013,8.817545540053418,-22.323935599766088,3.0106667210632203,0.975,5,10,34.08,0.05816733067729083,2.002466978030193,2.0186473319734333,7.985626049949679,0.2913416088947103,0.2527851065585714,7,57.14285714285714,7.380190169687791,6.350679029987116,-49.58627123866831,1.6013090135205597,0.0,3,10,49.59,0.10600000000000001,10.793979188769164,10.793979188769164,2.350663055130686,2.4240846138239927,4.591887027453652,9,66.66666666666666,12.571219906074093,11.916772432735101,-7.672306384325067,6.964980174930746,0.885,5,10,14.45,0.07896825396825397,35.308731660195015,6.25999881135777,7.985626049949657,1.1153868828028517,0.7839083338240255,29,68.96551724137932,13.195276935452732,11.712153851869145,-49.58627123866831,3.40992382523335,1.52,5,10,56.87,0.08063745019920318,-1000.0
all-confirm5-ma60,S-confirm5-ma20,,60.0,,all-confirm5-ma60|exit=S-confirm5-ma20|trail=none|hold=60,8.235496739398274,2.6838669382690306,8.945308348419923,0.4464129693387693,0.3000306790702304,14,57.14285714285714,4.7019944809073735,4.622495973664575,-25.364011722269098,1.9379226644676244,0.0,4,10,47.32,0.09548472775564408,0.778420938574631,0.7846726749066502,10.12288843679009,0.1330936486134499,0.07751470144182142,7,57.14285714285714,3.9964710965932175,12.988625646019102,-49.58627123866831,1.325616825231152,0.0,3,10,49.59,0.13119999999999998,13.559147424493068,13.559147424493068,7.385621923066587,1.4932110205144158,1.8358843122128254,8,50.0,15.250574657555022,4.271369914466168,-7.672306384325067,8.65467716945706,0.0,4,10,47.64,0.14166666666666666,30.488446900982026,5.488836367198702,11.56912912930964,0.7079253339316396,0.47443816261788363,28,57.14285714285714,9.27174664596781,10.658730609981637,-49.58627123866831,2.432469995237592,1.7199999999999998,5,10,56.87,0.11848605577689245,-1000.0
all-confirm5-ma60,Scond,,60.0,,all-confirm5-ma60|exit=Scond|trail=none|hold=60,8.490538725269104,2.7647783202761067,8.077856808696692,0.5221787039671609,0.3422663196133313,14,64.28571428571429,5.82583126464686,7.180141987322108,-40.728463914326994,2.1964421491539667,0.975,5,10,43.53,0.0749003984063745,0.5279570326702787,0.532191908104207,13.404887000404653,0.10295703104596098,0.03970133490033462,7,57.14285714285714,2.8333386787084684,6.350679029987116,-49.58627123866831,1.230849347603723,0.0,3,10,57.28,0.1224,10.40403985031151,10.40403985031151,2.5848320843828487,2.2617304822631374,4.025035093448078,9,66.66666666666666,12.155776218879497,11.916772432735101,-9.004248211538734,5.8180848204092985,0.885,5,10,23.38,0.08769841269841269,32.04058368843852,5.739601248670967,13.404887000404674,0.8171376451450809,0.42817229630489956,29,65.51724137931035,11.681369203804017,11.712153851869168,-49.58627123866831,2.8214360918388985,-8.335,4,10,57.28,0.09569721115537848,-1000.0
all-confirm5-ma60,S-confirm3-ma20,,60.0,,all-confirm5-ma60|exit=S-confirm3-ma20|trail=none|hold=60,5.955411559523904,1.9548159489488848,8.945308348419879,0.3299509341119911,0.2185297446224074,14,57.14285714285714,3.604533610046095,4.622495973664575,-40.728463914326994,1.589876172451411,0.0,4,10,47.32,0.09667994687915006,-0.07899832435015464,-0.07963005925275546,14.305855863038108,0.0481628864855352,-0.005566256225081564,7,57.14285714285714,0.7140779944758591,6.4226826155724615,-49.58627123866831,1.0581802805297065,0.0,3,10,57.28,0.148,13.559147424493068,13.559147424493068,7.385621923066587,1.4932110205144158,1.8358843122128254,8,50.0,15.250574657555022,4.271369914466168,-7.672306384325067,8.65467716945706,0.0,4,10,47.64,0.14166666666666666,25.358450929811326,4.642699180079579,13.77052409939773,0.5634729436848583,0.33714760212232103,28,57.14285714285714,7.150310636533365,7.848198279396934,-49.58627123866831,2.018375704506307,0.5049999999999999,5,10,63.64,0.12366533864541833,-1000.0
